doc_id,block_type,para_id,sent_id,is_para_final,page_n,textstring_orig,textstring_rich,textstring_simple
oa_jubilaeum_1640,body,0,0,True,7,"JUBILÆUM TYPOGRAPHORUM LIPSIENSIUM: Oder Zweyhundert-Jaͤhriges Buchdrucker Jubel Feſt/ Wie ſolches deroſelben Kunſt-Verwandte zu Leipzig/ am Tage Johannis des Taͤuffers/ Anno Chriſti 1640. vnd alſo gleich 200. Jahr nach Erfindung dieſer edlen Kunſt/ mit Chriſtlichen Ceremonien celebriret vnd begangen. Mit beygefuͤgten vnterſchiedenen Commendationibus, Gratulationibus vnd Ehren-Schrifften/ ſo von Hoch- vnd Wolgradirten, dieſer Loͤbl. Kunſt gewogenen/ hoch- vnd geneigten Herren/ Patronen vnd Befoͤrderern/ zu Ehren vnd freundlichen Gefallen eingeſchicket worden. GOtt dem allein weiſen Geber vnd Erhalter alles Guten/ zu Lob/ Ehr/ Preis vnd Danck; Teutſcher Nation, als deren Erfinderin/ zu vnſterblichem Ruhm/ der lieben Poſteritet aber zu Chriſt-eyferiger Nachfolge/ vnd ſonſten zu maͤnnigliches Wiſſenſchafft/ Wenn/ Wo/ Wie/ vnd durch Wen ſolche erfunden/ vnd was fuͤr hoher vnd wichtiger Nutz der Kirche Gottes vnd allen glaͤubigen Chriſten in allen Staͤnden daraus entſproſſen. Jn oͤffentlichen Druck gegeben/ vnd bey den geſampten Buchdruckern daſelbſten zu finden/ Jm Jahr Chriſti M. DC. XL.",jubilæum typographorum lipsiensium oder zweyhundertjaͤhriges buchdrucker jubel feſt wie ſolches deroſelben kunſtverwandte zu leipzig am tage johannis des taͤuffers anno chriſti vnd alſo gleich jahr nach erfindung dieſer edlen kunſt mit chriſtlichen ceremonien celebriret vnd begangen mit beygefuͤgten vnterſchiedenen commendationibus gratulationibus vnd ehrenschrifften ſo von hoch vnd wolgradirten dieſer loͤbl kunſt gewogenen hoch vnd geneigten herren patronen vnd befoͤrderern zu ehren vnd freundlichen gefallen eingeſchicket worden gott dem allein weiſen geber vnd erhalter alles guten zu lob ehr preis vnd danck teutſcher nation als deren erfinderin zu vnſterblichem ruhm der lieben poſteritet aber zu chriſteyferiger nachfolge vnd ſonſten zu maͤnnigliches wiſſenſchafft wenn wo wie vnd durch wen ſolche erfunden vnd was fuͤr hoher vnd wichtiger nutz der kirche gottes vnd allen glaͤubigen chriſten in allen staͤnden daraus entſproſſen jn oͤffentlichen druck gegeben vnd bey den geſampten buchdruckern daſelbſten zu finden jm jahr chriſti m dc xl,iubilaeum typographorum lipsiensium oder zweyhundertiahriges buchdrucker iubel fest wie solches deroselben kunstuerwandte zu leipzig am tage iohannis des tauffers anno christi und also gleich iahr nach erfindung dieser edlen kunst mit christlichen ceremonien celebriret und begangen mit beygefugten unterschiedenen commendationibus gratulationibus und ehrenschrifften so uon hoch und wolgradirten dieser lobl kunst gewogenen hoch und geneigten herren patronen und beforderern zu ehren und freundlichen gefallen eingeschicket worden gott dem allein weisen geber und erhalter alles guten zu lob ehr preis und danck teutscher nation als deren erfinderin zu unsterblichem ruhm der lieben posteritet aber zu christeyferiger nachfolge und sonsten zu mannigliches wissenschafft wenn wo wie und durch wen solche erfunden und was fur hoher und wichtiger nutz der kirche gottes und allen glaubigen christen in allen standen daraus entsprossen in offentlichen druck gegeben und bey den gesampten buchdruckern daselbsten zu finden im iahr christi m dc xl
oa_jubilaeum_1640,body,1,0,False,9,Dem Durchlauchtigſten/ Hochgebornen Fuͤrſten vnd Herren/ Herꝛn Johann Georgen/ Hertzogen zu Sachſen/ Juͤlich/ Cleve vnd Bergk/ des heiligen Roͤmiſchen Reichs Ertz Marſchallen vnd Chur Fuͤrſten/ Landgrafen in Thuͤringen/ Marggrafen zu Meiſſen/ auch Ober: vnd Nieder Laußnitz/ Burggrafen zu Magdeburg/ Grafen zu der Marck vnd Ravensburgk/ Herren zum Ravenſtein/ ꝛc. Vnſerm gnaͤdigſten Herꝛn.,dem durchlauchtigſten hochgebornen fuͤrſten vnd herren herꝛn johann georgen hertzogen zu sachſen juͤlich cleve vnd bergk des heiligen roͤmiſchen reichs ertz marſchallen vnd chur fuͤrſten landgrafen in thuͤringen marggrafen zu meiſſen auch ober vnd nieder laußnitz burggrafen zu magdeburg grafen zu der marck vnd ravensburgk herren zum ravenſtein ꝛc vnſerm gnaͤdigſten herꝛn,dem durchlauchtigsten hochgebornen fursten und herren hern iohann georgen hertzogen zu sachsen iulich cleue und bergk des heiligen romischen reichs ertz marschallen und chur fursten landgrafen in thuringen marggrafen zu meissen auch ober und nieder laussnitz burggrafen zu magdeburg grafen zu der marck und rauensburgk herren zum rauenstein c unserm gnadigsten hern
oa_jubilaeum_1640,body,1,1,True,9,GOttes Gnade/ Friede vnd Segen durch Chriſtum/ in Krafft des heiligen Geiſtes.,gottes gnade friede vnd segen durch chriſtum in krafft des heiligen geiſtes,gottes gnade friede und segen durch christum in krafft des heiligen geistes
oa_jubilaeum_1640,body,2,0,False,9,DVrchlauchtigſter/ Hochgeborner Chur Fuͤrſt/ Gnaͤdigſter Herr/ Wann wir ein wenig in die Zeiten zuruͤck gehen vnd vns darinnen uͤmbſehen/ was etwa bey Andencken vnſer Vaͤter vnd Vor-Eltern geſchehen/ ſo befinden wir/ daß nach vnſers Erloͤſers vnd Seligmachers JEſu Chriſti Menſchwerdung vnd Geburt faſt kein Seculum vnd hundertjaͤhrige Zeit verbracht/ ſo der Allgewaltige vnd Alleinweiſe GOtt nicht mit etwas ſonderliches/ wunderliches vnd merckwuͤrdiges gezieret vnd beruͤhmt gemacht.,dvrchlauchtigſter hochgeborner chur fuͤrſt gnaͤdigſter herr wann wir ein wenig in die zeiten zuruͤck gehen vnd vns darinnen uͤmbſehen was etwa bey andencken vnſer vaͤter vnd voreltern geſchehen ſo befinden wir daß nach vnſers erloͤſers vnd seligmachers jeſu chriſti menſchwerdung vnd geburt faſt kein seculum vnd hundertjaͤhrige zeit verbracht ſo der allgewaltige vnd alleinweiſe gott nicht mit etwas ſonderliches wunderliches vnd merckwuͤrdiges gezieret vnd beruͤhmt gemacht,durchlauchtigster hochgeborner chur furst gnadigster herr wann wir ein wenig in die zeiten zuruck gehen und uns darinnen umbsehen was etwa bey andencken unser uater und uoreltern geschehen so befinden wir dass nach unsers erlosers und seligmachers iesu christi menschwerdung und geburt fast kein seculum und hundertiahrige zeit uerbracht so der allgewaltige und alleinweise gott nicht mit etwas sonderliches wunderliches und merckwurdiges gezieret und beruhmt gemacht
oa_jubilaeum_1640,body,2,1,False,9,"Vnd damit wir ſolches nur von Zeiten des Großmaͤchtigen Kaͤyſers Caroli Magni, welche theils in das 700. theils 800. Seculum einfallen/ mit Exempeln beſtaͤrcken/ ſo befinden wir in den Hiſtorien/ daß ſolche ſonderlich beruͤhmt worden/ eines Theils/ weil gleich dazumal Witekind/ Fuͤrſt zu Engern/ nach gefuͤhrten drey vnd dreyſſig jaͤhrigen Krieg durch ſonderbare Schickung Gottes/ vnd jetztbemeldtes Kaͤyſers Caroli Magni Fleis/ vom Heydenthumb bekehret/ vnd zum Chriſtlichen Glauben gebracht worden/ ſo geſchehen im Jahr Chriſti 785. (David Chytræus in Chronico Saxoniæ pag. 53.) Anders Theils/ weil auch gleich uͤmb ſelbe Zeit in vnſerm Ort Teutſches Landes (welches die Alten genennet Germaniam interiorem, zwiſchen den Rhein vnd Donaw) nach langer grober Barbarey die freyen Kuͤnſte vnd Hauptſprachen erſt recht zu floriren vnd uͤberal Schulen auffzurichten angefangen/ wie denn Ludovicus Pius, Caroli M. Sohn/ im Jahr Chriſti 820. aus dem alten Cloſter Corbeia in Franckreich eine herꝛliche beruͤhmte Cloſter Schule in Sachſen an der Weſer geſtifft/ ſo noch heut zu Tage genennet wird Corbeia nova. (Martin.",vnd damit wir ſolches nur von zeiten des großmaͤchtigen kaͤyſers caroli magni welche theils in das theils seculum einfallen mit exempeln beſtaͤrcken ſo befinden wir in den hiſtorien daß ſolche ſonderlich beruͤhmt worden eines theils weil gleich dazumal witekind fuͤrſt zu engern nach gefuͤhrten drey vnd dreyſſig jaͤhrigen krieg durch ſonderbare schickung gottes vnd jetztbemeldtes kaͤyſers caroli magni fleis vom heydenthumb bekehret vnd zum chriſtlichen glauben gebracht worden ſo geſchehen im jahr chriſti david chytræus in chronico saxoniæ pag anders theils weil auch gleich uͤmb ſelbe zeit in vnſerm ort teutſches landes welches die alten genennet germaniam interiorem zwiſchen den rhein vnd donaw nach langer grober barbarey die freyen kuͤnſte vnd hauptſprachen erſt recht zu floriren vnd uͤberal schulen auffzurichten angefangen wie denn ludovicus pius caroli m sohn im jahr chriſti aus dem alten cloſter corbeia in franckreich eine herꝛliche beruͤhmte cloſter schule in sachſen an der weſer geſtifft ſo noch heut zu tage genennet wird corbeia nova martin,und damit wir solches nur uon zeiten des grossmachtigen kaysers caroli magni welche theils in das theils seculum einfallen mit exempeln bestarcken so befinden wir in den historien dass solche sonderlich beruhmt worden eines theils weil gleich dazumal witekind furst zu engern nach gefuhrten drey und dreyssig iahrigen krieg durch sonderbare schickung gottes und ietztbemeldtes kaysers caroli magni fleis uom heydenthumb bekehret und zum christlichen glauben gebracht worden so geschehen im iahr christi dauid chytraeus in chronico saxoniae pag anders theils weil auch gleich umb selbe zeit in unserm ort teutsches landes welches die alten genennet germaniam interiorem zwischen den rhein und donaw nach langer grober barbarey die freyen kunste und hauptsprachen erst recht zu floriren und uberal schulen auffzurichten angefangen wie denn ludouicus pius caroli m sohn im iahr christi aus dem alten closter corbeia in franckreich eine herliche beruhmte closter schule in sachsen an der weser gestifft so noch heut zu tage genennet wird corbeia noua martin
oa_jubilaeum_1640,body,2,2,False,10,Chemnitius Concione inaugurali Academiæ Juliæ Helmſtad.,chemnitius concione inaugurali academiæ juliæ helmſtad,chemnitius concione inaugurali academiae iuliae helmstad
oa_jubilaeum_1640,body,2,3,False,10,An. 1579. excuſa) Zugeſchweigen/ daß Hochbemeldter Kaͤyſer Carolus M. ebenes falles bey ſolcher Zeit Anno 808. zu Jhrer Churfuͤrſtl. Durchl.,an excuſa zugeſchweigen daß hochbemeldter kaͤyſer carolus m ebenes falles bey ſolcher zeit anno zu jhrer churfuͤrſtl durchl,an excusa zugeschweigen dass hochbemeldter kayser carolus m ebenes falles bey solcher zeit anno zu ihrer churfurstl durchl
oa_jubilaeum_1640,body,2,4,False,10,Reſidents-Stadt Dreßden die erſte Hand anlegen/ vnd allda wider die vnruhigen Boͤhmen ein Caſtrum auffrichten laſſen.,reſidentsstadt dreßden die erſte hand anlegen vnd allda wider die vnruhigen boͤhmen ein caſtrum auffrichten laſſen,residentsstadt dressden die erste hand anlegen und allda wider die unruhigen bohmen ein castrum auffrichten lassen
oa_jubilaeum_1640,body,2,5,True,10,(Regino Abbas Prunienſis in Chronico. ),regino abbas prunienſis in chronico,regino abbas pruniensis in chronico
oa_jubilaeum_1640,body,3,0,False,10,"Das bald darauff erfolgte 900. Seculum wird dahero bey vns fuͤr beruͤhmt gehalten/ weil in demſelben der Kaͤyſer Heinricus Auceps, ein Hertzog aus Sachſen/ die Stadt Meiſſen an der Elben gebawet/ vnd allda eine Marggrafſchafft geordnet/ ſo geſchehen im Jahr Chriſti 928. (Calviſius ex Trithemio Part.",das bald darauff erfolgte seculum wird dahero bey vns fuͤr beruͤhmt gehalten weil in demſelben der kaͤyſer heinricus auceps ein hertzog aus sachſen die stadt meiſſen an der elben gebawet vnd allda eine marggrafſchafft geordnet ſo geſchehen im jahr chriſti calviſius ex trithemio part,das bald darauff erfolgte seculum wird dahero bey uns fur beruhmt gehalten weil in demselben der kayser heinricus auceps ein hertzog aus sachsen die stadt meissen an der elben gebawet und allda eine marggrafschafft geordnet so geschehen im iahr christi caluisius ex trithemio part
oa_jubilaeum_1640,body,3,1,False,10,II. Chronol. p. 581.) Jngleichen daß nach ſeinem ſeligen Abſterben ſein Sohn Kaͤyſer Otto das Saͤchſiſche Recht im Jahr Chriſti 939. conſtituiret vnd beſtaͤtiget/ (Alb.,ii chronol p jngleichen daß nach ſeinem ſeligen abſterben ſein sohn kaͤyſer otto das saͤchſiſche recht im jahr chriſti conſtituiret vnd beſtaͤtiget alb,ii chronol p ingleichen dass nach seinem seligen absterben sein sohn kayser otto das sachsische recht im iahr christi constituiret und bestatiget alb
oa_jubilaeum_1640,body,3,2,False,10,"Crantzius) darzu koͤmpt/ daß Kaͤyſer Otto, mit dem Zunamen das Kind/ im Jahr 998. ſanciret, daß allein die Teutſchen Fuͤrſten/ ſo wol Geiſt-als Weltliche/ einen Kaͤyſer wehlen ſollen. (Seth.",crantzius darzu koͤmpt daß kaͤyſer otto mit dem zunamen das kind im jahr ſanciret daß allein die teutſchen fuͤrſten ſo wol geiſtals weltliche einen kaͤyſer wehlen ſollen seth,crantzius darzu kompt dass kayser otto mit dem zunamen das kind im iahr sanciret dass allein die teutschen fursten so wol geistals weltliche einen kayser wehlen sollen seth
oa_jubilaeum_1640,body,3,3,True,11,Calviſius d. l. p. 605.),calviſius d l p,caluisius d l p
oa_jubilaeum_1640,body,4,0,False,11,Das 1000. Seculum belangende/ iſt darinnen wenig notabels fuͤrkommen/ auſſer daß in deſſelben 99. Jahr den 18. Julij Godefridus die Stadt Jeruſalem eingenom̃en/ vnd ſelbe dadurch an die Chriſtenheit gebracht.,das seculum belangende iſt darinnen wenig notabels fuͤrkommen auſſer daß in deſſelben jahr den julij godefridus die stadt jeruſalem eingenom̃en vnd ſelbe dadurch an die chriſtenheit gebracht,das seculum belangende ist darinnen wenig notabels furkommen ausser dass in desselben iahr den iulii godefridus die stadt ierusalem eingenommen und selbe dadurch an die christenheit gebracht
oa_jubilaeum_1640,body,4,1,True,11,(Calv. d. l. p. 645.),calv d l p,calu d l p
oa_jubilaeum_1640,body,5,0,False,11,Das 1100. Seculum hat ſich hochpreißlich gemacht durch den Edlen Rauten Crantz/ ſo Kaͤyſer Friedrich Barbaroſſa Fuͤrſt Bernhardten von Anhalt/ der in Welſchland ein Fendrich geweſen/ vnd in ſelben Kriegen ſich Ritterlich gehalten/ nachdem er jhn zu einem Hertzog zu Sachſen inveſtiret vnd beſtetiget/ zum Wapen ertheilet/ daß er daſſelbe wegen ſeiner Fahnlehn vnd des Hertzogthumbs Sachſen fuͤhren/ vnd ſein Heerſchild daran erkennen vnd beweiſen ſoll. (Georg.,das seculum hat ſich hochpreißlich gemacht durch den edlen rauten crantz ſo kaͤyſer friedrich barbaroſſa fuͤrſt bernhardten von anhalt der in welſchland ein fendrich geweſen vnd in ſelben kriegen ſich ritterlich gehalten nachdem er jhn zu einem hertzog zu sachſen inveſtiret vnd beſtetiget zum wapen ertheilet daß er daſſelbe wegen ſeiner fahnlehn vnd des hertzogthumbs sachſen fuͤhren vnd ſein heerſchild daran erkennen vnd beweiſen ſoll georg,das seculum hat sich hochpreisslich gemacht durch den edlen rauten crantz so kayser friedrich barbarossa furst bernhardten uon anhalt der in welschland ein fendrich gewesen und in selben kriegen sich ritterlich gehalten nachdem er ihn zu einem hertzog zu sachsen inuestiret und bestetiget zum wapen ertheilet dass er dasselbe wegen seiner fahnlehn und des hertzogthumbs sachsen fuhren und sein heerschild daran erkennen und beweisen soll georg
oa_jubilaeum_1640,body,5,1,True,11,Fabricius Chronic. Miſn. ),fabricius chronic miſn,fabricius chronic misn
oa_jubilaeum_1640,body,6,0,False,11,"Das 1200. Seculum wird celebre durch die hoͤchſtloͤbliche Ordnung der ſieben Chur Fuͤrſten/ ſo im Jahr Chriſti 1208. vom Kaͤyſer Ottone V. auff dem Reichs Tage zu Franckfurt auffgerichtet/ da er denn mit conſens der Fuͤrſten/ vnd in Gegenwart der Paͤbſtiſchen Legaten Hugolini Oſtienſis, vnd Leonis Sabinenſis Cardinalis, nachfolgendes Geſetz von Erwehlung eines Roͤmiſchen Kaͤyſers gemacht: daß ſich kuͤnfftiger Zeit ſolcher Kaͤyſerl. dignitet keiner durch Erbſchafft anmaſſẽ/ ſondern durch 6. Reichs Fuͤrſten darzu eligiret werden ſoll/ deren drey Geiſtlichesals die Ertzbiſchoffe zu Meintz/ Trier vnd Coͤlln/ drey aber Weltliches Ordens/ als der Pfaltzgraf am Rhein/ Hertzog zu Sachſen/ vnd Marggraf zu Brandeburg/ welche denn/ wenn ſie ſich der Wahl halben nicht vergleichen koͤnten/ ſolte der Koͤnig in Boͤhmen darzu genom̃en werden.",das seculum wird celebre durch die hoͤchſtloͤbliche ordnung der ſieben chur fuͤrſten ſo im jahr chriſti vom kaͤyſer ottone v auff dem reichs tage zu franckfurt auffgerichtet da er denn mit conſens der fuͤrſten vnd in gegenwart der paͤbſtiſchen legaten hugolini oſtienſis vnd leonis sabinenſis cardinalis nachfolgendes geſetz von erwehlung eines roͤmiſchen kaͤyſers gemacht daß ſich kuͤnfftiger zeit ſolcher kaͤyſerl dignitet keiner durch erbſchafft anmaſſẽ ſondern durch reichs fuͤrſten darzu eligiret werden ſoll deren drey geiſtlichesals die ertzbiſchoffe zu meintz trier vnd coͤlln drey aber weltliches ordens als der pfaltzgraf am rhein hertzog zu sachſen vnd marggraf zu brandeburg welche denn wenn ſie ſich der wahl halben nicht vergleichen koͤnten ſolte der koͤnig in boͤhmen darzu genom̃en werden,das seculum wird celebre durch die hochstlobliche ordnung der sieben chur fursten so im iahr christi uom kayser ottone u auff dem reichs tage zu franckfurt auffgerichtet da er denn mit consens der fursten und in gegenwart der pabstischen legaten hugolini ostiensis und leonis sabinensis cardinalis nachfolgendes gesetz uon erwehlung eines romischen kaysers gemacht dass sich kunfftiger zeit solcher kayserl dignitet keiner durch erbschafft anmassen sondern durch reichs fursten darzu eligiret werden soll deren drey geistlichesals die ertzbischoffe zu meintz trier und colln drey aber weltliches ordens als der pfaltzgraf am rhein hertzog zu sachsen und marggraf zu brandeburg welche denn wenn sie sich der wahl halben nicht uergleichen konten solte der konig in bohmen darzu genommen werden
oa_jubilaeum_1640,body,6,1,False,11,(Conſtitutiones Imp. à Goldaſto collectæ; Albert.,conſtitutiones imp à goldaſto collectæ albert,constitutiones imp a goldasto collectae albert
oa_jubilaeum_1640,body,6,2,True,11,Abbas Stadenſis in ſuo Chronico. ),abbas stadenſis in ſuo chronico,abbas stadensis in suo chronico
oa_jubilaeum_1640,body,7,0,False,12,"Das 1300. Seculum uͤberkoͤmpt dahero ſeinen Ruhm/ daß in deſſelben 56. Jahre den 10. Januarij vom Kaͤyſer Carolo IV., Koͤnig in Boͤhmen/ zu Nuͤrnberg die Guͤldene Bulla ſanciret, (Jo.",das seculum uͤberkoͤmpt dahero ſeinen ruhm daß in deſſelben jahre den januarij vom kaͤyſer carolo iv koͤnig in boͤhmen zu nuͤrnberg die guͤldene bulla ſanciret jo,das seculum uberkompt dahero seinen ruhm dass in desselben iahre den ianuarii uom kayser carolo iu konig in bohmen zu nurnberg die guldene bulla sanciret io
oa_jubilaeum_1640,body,7,1,False,12,Scala Dubravius Hiſtor. Bohem.,scala dubravius hiſtor bohem,scala dubrauius histor bohem
oa_jubilaeum_1640,body,7,2,False,12,) vnd uͤmb das 78. Jahr die Buͤchſen von einem Teutſchen Freiburgiſchen Moͤnch erfunden worden.,vnd uͤmb das jahr die buͤchſen von einem teutſchen freiburgiſchen moͤnch erfunden worden,und umb das iahr die buchsen uon einem teutschen freiburgischen monch erfunden worden
oa_jubilaeum_1640,body,7,3,True,12,(Gvido Pancirollus Nov. Repert. p. 679.),gvido pancirollus nov repert p,guido pancirollus nou repert p
oa_jubilaeum_1640,body,8,0,False,12,Ob nun wol dieſes alles/ was in jetztberuͤhrten Seculis geſchehen/ an ſich ſelbſten ruhmwuͤrdig/ vnd dahero einem jeglichen ſein Lob billich gegoͤnnet vnd gegeben wird.,ob nun wol dieſes alles was in jetztberuͤhrten seculis geſchehen an ſich ſelbſten ruhmwuͤrdig vnd dahero einem jeglichen ſein lob billich gegoͤnnet vnd gegeben wird,ob nun wol dieses alles was in ietztberuhrten seculis geschehen an sich selbsten ruhmwurdig und dahero einem ieglichen sein lob billich gegonnet und gegeben wird
oa_jubilaeum_1640,body,8,1,False,12,"So wird doch auſſer ſtreit geſetzet/ daß vnter dieſen allen ſonderlich den Preiß behelt das folgende 1400. Seculum, vnd ſolches dahero/ weil daſſelbe Gott der Allerhoͤchſte mit ſolchen Gaben vnd Regalien geſchmuͤcket/ daß ſeiner Goͤttlichen Majeſtaͤt darfuͤr nicht kan gnungſam gedancket werden.",so wird doch auſſer ſtreit geſetzet daß vnter dieſen allen ſonderlich den preiß behelt das folgende seculum vnd ſolches dahero weil daſſelbe gott der allerhoͤchſte mit ſolchen gaben vnd regalien geſchmuͤcket daß ſeiner goͤttlichen majeſtaͤt darfuͤr nicht kan gnungſam gedancket werden,so wird doch ausser streit gesetzet dass unter diesen allen sonderlich den preiss behelt das folgende seculum und solches dahero weil dasselbe gott der allerhochste mit solchen gaben und regalien geschmucket dass seiner gottlichen maiestat darfur nicht kan gnungsam gedancket werden
oa_jubilaeum_1640,body,8,2,False,12,"Denn eben dieſes Seculum iſt es/ darinnen ſo viel herꝛliche Univerſiteten, als zu Roſtock im 19. zu Gripswalda im 56. zu Baſel vnd Freiburg in Brißgaw im 60. zu Tuͤbingen im 77. vnd welche billich zu erſt/ nicht nur allein der Zeit/ ſondern auch anderer prærogativen wegen hette genennet werden ſollen/ allhier zu Leipzig im 9. Jahr fundiret vnd geſtifftet.",denn eben dieſes seculum iſt es darinnen ſo viel herꝛliche univerſiteten als zu roſtock im zu gripswalda im zu baſel vnd freiburg in brißgaw im zu tuͤbingen im vnd welche billich zu erſt nicht nur allein der zeit ſondern auch anderer prærogativen wegen hette genennet werden ſollen allhier zu leipzig im jahr fundiret vnd geſtifftet,denn eben dieses seculum ist es darinnen so uiel herliche uniuersiteten als zu rostock im zu gripswalda im zu basel und freiburg in brissgaw im zu tubingen im und welche billich zu erst nicht nur allein der zeit sondern auch anderer praerogatiuen wegen hette genennet werden sollen allhier zu leipzig im iahr fundiret und gestifftet
oa_jubilaeum_1640,body,8,3,False,12,"Dieſes Seculum iſt es/ in deſſen 15. Jahre d. 6. Julii, war der Tag vor den VI. Sontag nach dem Feſt der heiligen Dreyfaltigkeit/ der trewe Bekenner Johannes Huß auff dem vntrewen Concilio zu Coſtnitz mit allen ſeinen Kleidern zu Aſch vnd Pulver verbrand/ nachmals ſelbe in den Rhein geſtrewet worden/ der denn kurtz vor ſeinem Ende noch in dieſe Wort ſoll heraus gebrochen ſeyn: Hodiè Anſerem uritis, ſed poſt centum annos ex meis cineribus naſcetur Cygnus, qvem non poteritis asſare: Heut verbrennet jhr eine Gans/ aber vber 100. Jahr wird aus dieſer meiner Aſchen herfuͤr wachſen ein Schwan/ den werdet jhr wol ſollen vnd muͤſſen vngebraten lan/ Mit dem Namen Gans auff ſich ſelbſt deutende/ ſintemal Huß in Boͤhmiſcher Sprach ſo viel bedeutet/ als eine Gans/ mit dem Schwan aber auff D. Lutherum/ (Theobaldus in Bello Husſitico) der auch gleicher geſtalt bald darauff noch in dieſem Seculo, als nemlich im 83. Jahr d. 10. Novembr. horâ noctis 10. zu Eißleben in der Grafſchafft Manßfeld an dieſe Welt geboren worden/ (Mattheſius Conc. de Luthero) doch aber ſeine Schwanen Stimme nicht ehe hoͤren laſſen/ als biß gleich 100. Jahr verfloſſen/ vnd iſt allzuwahr worden/ was dazumal Johann Huß von jhm propheceyet/ daß jhn die wuͤtende Roͤmiſche Babylon wol wuͤrde zu frieden laſſen muͤſſen/ ſintemal ſie jhm das geringſte Haͤrlein/ auch bey jhrem groſſen Gifft vnd Zorn/ nicht hat verletzen koͤnnen/ alſo gar hat die Hand des HErren uͤber jhn gehalten.",dieſes seculum iſt es in deſſen jahre d julii war der tag vor den vi sontag nach dem feſt der heiligen dreyfaltigkeit der trewe bekenner johannes huß auff dem vntrewen concilio zu coſtnitz mit allen ſeinen kleidern zu aſch vnd pulver verbrand nachmals ſelbe in den rhein geſtrewet worden der denn kurtz vor ſeinem ende noch in dieſe wort ſoll heraus gebrochen ſeyn hodiè anſerem uritis ſed poſt centum annos ex meis cineribus naſcetur cygnus qvem non poteritis asſare heut verbrennet jhr eine gans aber vber jahr wird aus dieſer meiner aſchen herfuͤr wachſen ein schwan den werdet jhr wol ſollen vnd muͤſſen vngebraten lan mit dem namen gans auff ſich ſelbſt deutende ſintemal huß in boͤhmiſcher sprach ſo viel bedeutet als eine gans mit dem schwan aber auff d lutherum theobaldus in bello husſitico der auch gleicher geſtalt bald darauff noch in dieſem seculo als nemlich im jahr d novembr horâ noctis zu eißleben in der grafſchafft manßfeld an dieſe welt geboren worden mattheſius conc de luthero doch aber ſeine schwanen stimme nicht ehe hoͤren laſſen als biß gleich jahr verfloſſen vnd iſt allzuwahr worden was dazumal johann huß von jhm propheceyet daß jhn die wuͤtende roͤmiſche babylon wol wuͤrde zu frieden laſſen muͤſſen ſintemal ſie jhm das geringſte haͤrlein auch bey jhrem groſſen gifft vnd zorn nicht hat verletzen koͤnnen alſo gar hat die hand des herren uͤber jhn gehalten,dieses seculum ist es in dessen iahre d iulii war der tag uor den ui sontag nach dem fest der heiligen dreyfaltigkeit der trewe bekenner iohannes huss auff dem untrewen concilio zu costnitz mit allen seinen kleidern zu asch und puluer uerbrand nachmals selbe in den rhein gestrewet worden der denn kurtz uor seinem ende noch in diese wort soll heraus gebrochen seyn hodie anserem uritis sed post centum annos ex meis cineribus nascetur cygnus quem non poteritis assare heut uerbrennet ihr eine gans aber uber iahr wird aus dieser meiner aschen herfur wachsen ein schwan den werdet ihr wol sollen und mussen ungebraten lan mit dem namen gans auff sich selbst deutende sintemal huss in bohmischer sprach so uiel bedeutet als eine gans mit dem schwan aber auff d lutherum theobaldus in bello hussitico der auch gleicher gestalt bald darauff noch in diesem seculo als nemlich im iahr d nouembr hora noctis zu eissleben in der grafschafft manssfeld an diese welt geboren worden matthesius conc de luthero doch aber seine schwanen stimme nicht ehe horen lassen als biss gleich iahr uerflossen und ist allzuwahr worden was dazumal iohann huss uon ihm propheceyet dass ihn die wutende romische babylon wol wurde zu frieden lassen mussen sintemal sie ihm das geringste harlein auch bey ihrem grossen gifft und zorn nicht hat uerletzen konnen also gar hat die hand des herren uber ihn gehalten
oa_jubilaeum_1640,body,8,4,False,13,"Vnd damit wir endlich auff das/ waruͤmb dieſe gantze Rede angeſtellet/ kommen/ So iſt es auch eben dieſes Seculum, in deſſen 40. Jahre GOTT der Grundguͤtige die Edle Buchdrucker-Kunſt durch den Dienſt etzlicher ſcharffſinniger Leute/ als da geweſen Johann Fauſt/ Johann Guttenberg vnd anderer mehr/ zu erſt an das Tageliecht kommen vnd herfuͤr brechen laſſen/ welches denn ein ſolches hohes Wunder/ wenn man demſelben in etwas nachſinnet/ daß wañ gleich ſonſt in dieſem Seculo nichts mehr fuͤrgangen/ es doch durch dieſe Kunſt gnungſam beruͤhmt worden were/ vnd koͤmpt vns dieſelbe fuͤr gleichſam als die ſchoͤne Morgenroͤthe/ ſo fuͤr der Sonnen des bald darauff erfolgten hellen Evangelij hergegangen/ vnd jhr die Bahne gebrochen/ Vnd wird billich auſſer allem Zweiffel von jedermaͤnniglichen geſetzet/ daß aller Preiß/ aller Ruhm/ ſo dem 1500. vnd dieſem jetzigen 1600. Seculo fuͤr allen andern gehoͤret/ nechſt dem vielguͤtigen GOtt einig dieſer Kunſt zuzuſchreiben: Zuzuſchreiben iſt jhr der Anfang der beſchehenen Reformation, denn wenn Lutherus zu Erfurt in dem Auguſtiner Kloſter die gedruckte Bibel/ die er zuvor wenig/ oder wie etliche wollen/ gar niemals geſehen/ nicht were in die Haͤnde kommen/ vnd er ſie mit ſolchem Fleis/ als geſchehen/ nicht durchleſen/ Lutherus hette dergleichen Werck fuͤrzunehmen ſich nicht vnterſtehen koͤnnen: Zuzuſchreiben iſt dieſer Kunſt die in alle Welt ergangene divulgation vnd Außbreitung vnſer Augſpurgiſchen Confesſion, denn wenn dieſe Kunſt dazumal noch verborgen/ wuͤrde es ſchwer hergangen ſeyn/ daß ſie ſo vielmal vnd in ſo vielen Sprachen vnd in ſolcher Geſchwindigkeit hette koͤnnen außgeſchrieben werden: Zuzuſchreiben iſt dieſer Kunſt/ daß das Wort Gottes ſo reichlich vnter vns wohnet/ vnd daß die Teutſche Bibel vnter vns in der Chriſtenheit/ die zuvor/ ehe dieſe Kunſt auffkommen/ gar vnter der Vanck geſtecket/ ſo bekand worden/ ſonderlich aber wie vns dieſelbe der thewre Ruͤſtzeug Gottes Lutherus in vnſere Mutter-Sprache verſetzet/ die denn ſo hell/ ſo deutlich/ ſo eigentlich/ ſo reich/ ſo maͤchtig vnd nachdruͤcklich/ daß dieſe bloſſe Verdolmetſchung beſſer iſt/ als vor dieſem viel Commentaria, Nunmehro koͤnnen wir recht vnd wohl ſagen/ daß auch vnſere Soͤhne vnd Toͤchter weiſſagen/ das iſt/ die heilige Schrifft leſen/ verſtehen/ vnd andere daraus vnterweiſen koͤnnen/ welches denn der Buchdrucker-Kunſt in Warheit nicht zu wenigem Ruhm gereichet: Zuzuſchreiben iſt dieſer Kunſt/ daß wir Lutheraner noch biß auff dieſe Stunde mit Recht aus dem Religions-Frieden/ ſo Anno 1555. auff dem Reichstage zu Augſpurg/ krafft des im 1552. Jahr zu Paſſaw getroffenen Vertrags/ geſchloſſen/ nicht moͤgen geſetzet werden/ denn der Buchſtabe deſſelben durch den offenen Druck/ vnd alſo durch dieſe Kunſt aller Welt klar vnd ſo bekand gemacht worden/ daß nun vnd in alle Ewigkeit davon nichts mag außgekratzet werden/ wie hoch ſich auch die Jeſuiten zu Duͤllingen darinnen bemuͤhen/ vnd dadurch ſolche Vnruhe in dem H. Roͤmiſchen Reich wider jhr Wiſſen vnd Gewiſſen ſtifften: Zuzuſchreiben iſt dieſer Kunſt/ daß nunmehro durch ſo vielfaͤltigen Abdruck des Augapffels der gantzen Chriſtenheit offenbar worden/ wie noch biß auff dieſe Stunde wir der reinen/ wahren/ vnverfaͤlſchten vnd vnverenderten Augſpurgiſchen Confesſion zugethan/ vnd dahero aller Aufflagen/ die vns eine Zeit hero auffgebuͤrdet werden wollen/ vnſchuldig/ Vnd ob gleich nach edirung deſſelben etliche Widerwertige mit allerhand Schmehſchrifften nicht ruhen moͤgen/ ſo iſt jhnen doch durch die Hauptvertheidigung hinwiederuͤmb das Maul geſtopffet.",vnd damit wir endlich auff das waruͤmb dieſe gantze rede angeſtellet kommen so iſt es auch eben dieſes seculum in deſſen jahre gott der grundguͤtige die edle buchdruckerkunſt durch den dienſt etzlicher ſcharffſinniger leute als da geweſen johann fauſt johann guttenberg vnd anderer mehr zu erſt an das tageliecht kommen vnd herfuͤr brechen laſſen welches denn ein ſolches hohes wunder wenn man demſelben in etwas nachſinnet daß wañ gleich ſonſt in dieſem seculo nichts mehr fuͤrgangen es doch durch dieſe kunſt gnungſam beruͤhmt worden were vnd koͤmpt vns dieſelbe fuͤr gleichſam als die ſchoͤne morgenroͤthe ſo fuͤr der sonnen des bald darauff erfolgten hellen evangelij hergegangen vnd jhr die bahne gebrochen vnd wird billich auſſer allem zweiffel von jedermaͤnniglichen geſetzet daß aller preiß aller ruhm ſo dem vnd dieſem jetzigen seculo fuͤr allen andern gehoͤret nechſt dem vielguͤtigen gott einig dieſer kunſt zuzuſchreiben zuzuſchreiben iſt jhr der anfang der beſchehenen reformation denn wenn lutherus zu erfurt in dem auguſtiner kloſter die gedruckte bibel die er zuvor wenig oder wie etliche wollen gar niemals geſehen nicht were in die haͤnde kommen vnd er ſie mit ſolchem fleis als geſchehen nicht durchleſen lutherus hette dergleichen werck fuͤrzunehmen ſich nicht vnterſtehen koͤnnen zuzuſchreiben iſt dieſer kunſt die in alle welt ergangene divulgation vnd außbreitung vnſer augſpurgiſchen confesſion denn wenn dieſe kunſt dazumal noch verborgen wuͤrde es ſchwer hergangen ſeyn daß ſie ſo vielmal vnd in ſo vielen sprachen vnd in ſolcher geſchwindigkeit hette koͤnnen außgeſchrieben werden zuzuſchreiben iſt dieſer kunſt daß das wort gottes ſo reichlich vnter vns wohnet vnd daß die teutſche bibel vnter vns in der chriſtenheit die zuvor ehe dieſe kunſt auffkommen gar vnter der vanck geſtecket ſo bekand worden ſonderlich aber wie vns dieſelbe der thewre ruͤſtzeug gottes lutherus in vnſere muttersprache verſetzet die denn ſo hell ſo deutlich ſo eigentlich ſo reich ſo maͤchtig vnd nachdruͤcklich daß dieſe bloſſe verdolmetſchung beſſer iſt als vor dieſem viel commentaria nunmehro koͤnnen wir recht vnd wohl ſagen daß auch vnſere soͤhne vnd toͤchter weiſſagen das iſt die heilige schrifft leſen verſtehen vnd andere daraus vnterweiſen koͤnnen welches denn der buchdruckerkunſt in warheit nicht zu wenigem ruhm gereichet zuzuſchreiben iſt dieſer kunſt daß wir lutheraner noch biß auff dieſe stunde mit recht aus dem religionsfrieden ſo anno auff dem reichstage zu augſpurg krafft des im jahr zu paſſaw getroffenen vertrags geſchloſſen nicht moͤgen geſetzet werden denn der buchſtabe deſſelben durch den offenen druck vnd alſo durch dieſe kunſt aller welt klar vnd ſo bekand gemacht worden daß nun vnd in alle ewigkeit davon nichts mag außgekratzet werden wie hoch ſich auch die jeſuiten zu duͤllingen darinnen bemuͤhen vnd dadurch ſolche vnruhe in dem h roͤmiſchen reich wider jhr wiſſen vnd gewiſſen ſtifften zuzuſchreiben iſt dieſer kunſt daß nunmehro durch ſo vielfaͤltigen abdruck des augapffels der gantzen chriſtenheit offenbar worden wie noch biß auff dieſe stunde wir der reinen wahren vnverfaͤlſchten vnd vnverenderten augſpurgiſchen confesſion zugethan vnd dahero aller aufflagen die vns eine zeit hero auffgebuͤrdet werden wollen vnſchuldig vnd ob gleich nach edirung deſſelben etliche widerwertige mit allerhand schmehſchrifften nicht ruhen moͤgen ſo iſt jhnen doch durch die hauptvertheidigung hinwiederuͤmb das maul geſtopffet,und damit wir endlich auff das warumb diese gantze rede angestellet kommen so ist es auch eben dieses seculum in dessen iahre gott der grundgutige die edle buchdruckerkunst durch den dienst etzlicher scharffsinniger leute als da gewesen iohann faust iohann guttenberg und anderer mehr zu erst an das tageliecht kommen und herfur brechen lassen welches denn ein solches hohes wunder wenn man demselben in etwas nachsinnet dass wann gleich sonst in diesem seculo nichts mehr furgangen es doch durch diese kunst gnungsam beruhmt worden were und kompt uns dieselbe fur gleichsam als die schone morgenrothe so fur der sonnen des bald darauff erfolgten hellen euangelii hergegangen und ihr die bahne gebrochen und wird billich ausser allem zweiffel uon iedermanniglichen gesetzet dass aller preiss aller ruhm so dem und diesem ietzigen seculo fur allen andern gehoret nechst dem uielgutigen gott einig dieser kunst zuzuschreiben zuzuschreiben ist ihr der anfang der beschehenen reformation denn wenn lutherus zu erfurt in dem augustiner kloster die gedruckte bibel die er zuuor wenig oder wie etliche wollen gar niemals gesehen nicht were in die hande kommen und er sie mit solchem fleis als geschehen nicht durchlesen lutherus hette dergleichen werck furzunehmen sich nicht unterstehen konnen zuzuschreiben ist dieser kunst die in alle welt ergangene diuulgation und aussbreitung unser augspurgischen confession denn wenn diese kunst dazumal noch uerborgen wurde es schwer hergangen seyn dass sie so uielmal und in so uielen sprachen und in solcher geschwindigkeit hette konnen aussgeschrieben werden zuzuschreiben ist dieser kunst dass das wort gottes so reichlich unter uns wohnet und dass die teutsche bibel unter uns in der christenheit die zuuor ehe diese kunst auffkommen gar unter der uanck gestecket so bekand worden sonderlich aber wie uns dieselbe der thewre rustzeug gottes lutherus in unsere muttersprache uersetzet die denn so hell so deutlich so eigentlich so reich so machtig und nachdrucklich dass diese blosse uerdolmetschung besser ist als uor diesem uiel commentaria nunmehro konnen wir recht und wohl sagen dass auch unsere sohne und tochter weissagen das ist die heilige schrifft lesen uerstehen und andere daraus unterweisen konnen welches denn der buchdruckerkunst in warheit nicht zu wenigem ruhm gereichet zuzuschreiben ist dieser kunst dass wir lutheraner noch biss auff diese stunde mit recht aus dem religionsfrieden so anno auff dem reichstage zu augspurg krafft des im iahr zu passaw getroffenen uertrags geschlossen nicht mogen gesetzet werden denn der buchstabe desselben durch den offenen druck und also durch diese kunst aller welt klar und so bekand gemacht worden dass nun und in alle ewigkeit dauon nichts mag aussgekratzet werden wie hoch sich auch die iesuiten zu dullingen darinnen bemuhen und dadurch solche unruhe in dem h romischen reich wider ihr wissen und gewissen stifften zuzuschreiben ist dieser kunst dass nunmehro durch so uielfaltigen abdruck des augapffels der gantzen christenheit offenbar worden wie noch biss auff diese stunde wir der reinen wahren unuerfalschten und unuerenderten augspurgischen confession zugethan und dahero aller aufflagen die uns eine zeit hero auffgeburdet werden wollen unschuldig und ob gleich nach edirung desselben etliche widerwertige mit allerhand schmehschrifften nicht ruhen mogen so ist ihnen doch durch die hauptuertheidigung hinwiederumb das maul gestopffet
oa_jubilaeum_1640,body,8,5,True,15,Jn Summa/ der Wolthaten/ ſo aller Welt/ vnd namentlich vns Lutheranern durch dieſe Edle Kunſt der Buchdruckerey zukommen/ vnd noch taͤglichen zuwachſen/ ſind ſo viel vnd herꝛlich/ daß ſie nicht koͤnnen noch moͤgen gnungſam mit Worten außgeſprochen werden.,jn summa der wolthaten ſo aller welt vnd namentlich vns lutheranern durch dieſe edle kunſt der buchdruckerey zukommen vnd noch taͤglichen zuwachſen ſind ſo viel vnd herꝛlich daß ſie nicht koͤnnen noch moͤgen gnungſam mit worten außgeſprochen werden,in summa der wolthaten so aller welt und namentlich uns lutheranern durch diese edle kunst der buchdruckerey zukommen und noch taglichen zuwachsen sind so uiel und herlich dass sie nicht konnen noch mogen gnungsam mit worten aussgesprochen werden
oa_jubilaeum_1640,body,9,0,False,15,"Dahero vnd in fleiſſiger Erwegung derſelben/ wir denn/ dieſer Kunſt Zugethane/ bewogen worden/ weil gleich jetzo zweyhundert Jahr verfloſſen/ da ſie jhren Vhrſprung genom̃en/ vnd zu exerciren angefangen worden/ GOtt dem Allerhoͤchſten zufoͤrderſt zu Lob/ Ehr vñ Preiß/ denen Erfindern derſelben zu vnſterblichem Ruhm/ vns aber zu Erweckung ſchuldigſter Danckbarkeit eine zweyhundert Jaͤhrige Jubel-Frewde anzuſtellen/ welche denn auch verwichenen Johannes-Tag juͤngſthin gluͤcklichen vnd mit Chriſtlichen Ceremonien fuͤrgenommen vnd vollbracht worden/ vnd hat vns ſonderlich auch darzu bewogen/ daß eine loͤbliche Univerſitet allhier gleicher geſtalt aus Chriſtlichem Eifer vmb dieſe Zeit ein Jubilæum der beſchehenen hundert-Jaͤhrigen Reformation wegen gehalten/ darbey vns denn ſonderlich merckwuͤrdig vorkommen/ daß in allen Faculteten, vnd ſonderlich in Facultate Theologicâ ſo ſtarcke Promotiones vorgangen/ daß dergleichen binnen 200. vnd mehr Jahren nicht geſchehen/ vnd muß jedermaͤnniglichen bekennen/ daß vnſere Drucker-Kunſt nicht wenig darzu geholffen/ ſintemal durch Behuff der in offenen Druck befindlichen Buͤcher/ anjetzo ſo viel gelehrter Maͤnner entſtehen/ dergleichen bey vorigen Seculis groſſer Mangel vorgefallen.",dahero vnd in fleiſſiger erwegung derſelben wir denn dieſer kunſt zugethane bewogen worden weil gleich jetzo zweyhundert jahr verfloſſen da ſie jhren vhrſprung genom̃en vnd zu exerciren angefangen worden gott dem allerhoͤchſten zufoͤrderſt zu lob ehr vñ preiß denen erfindern derſelben zu vnſterblichem ruhm vns aber zu erweckung ſchuldigſter danckbarkeit eine zweyhundert jaͤhrige jubelfrewde anzuſtellen welche denn auch verwichenen johannestag juͤngſthin gluͤcklichen vnd mit chriſtlichen ceremonien fuͤrgenommen vnd vollbracht worden vnd hat vns ſonderlich auch darzu bewogen daß eine loͤbliche univerſitet allhier gleicher geſtalt aus chriſtlichem eifer vmb dieſe zeit ein jubilæum der beſchehenen hundertjaͤhrigen reformation wegen gehalten darbey vns denn ſonderlich merckwuͤrdig vorkommen daß in allen faculteten vnd ſonderlich in facultate theologicâ ſo ſtarcke promotiones vorgangen daß dergleichen binnen vnd mehr jahren nicht geſchehen vnd muß jedermaͤnniglichen bekennen daß vnſere druckerkunſt nicht wenig darzu geholffen ſintemal durch behuff der in offenen druck befindlichen buͤcher anjetzo ſo viel gelehrter maͤnner entſtehen dergleichen bey vorigen seculis groſſer mangel vorgefallen,dahero und in fleissiger erwegung derselben wir denn dieser kunst zugethane bewogen worden weil gleich ietzo zweyhundert iahr uerflossen da sie ihren uhrsprung genommen und zu exerciren angefangen worden gott dem allerhochsten zuforderst zu lob ehr und preiss denen erfindern derselben zu unsterblichem ruhm uns aber zu erweckung schuldigster danckbarkeit eine zweyhundert iahrige iubelfrewde anzustellen welche denn auch uerwichenen iohannestag iungsthin glucklichen und mit christlichen ceremonien furgenommen und uollbracht worden und hat uns sonderlich auch darzu bewogen dass eine lobliche uniuersitet allhier gleicher gestalt aus christlichem eifer umb diese zeit ein iubilaeum der beschehenen hundertiahrigen reformation wegen gehalten darbey uns denn sonderlich merckwurdig uorkommen dass in allen faculteten und sonderlich in facultate theologica so starcke promotiones uorgangen dass dergleichen binnen und mehr iahren nicht geschehen und muss iedermanniglichen bekennen dass unsere druckerkunst nicht wenig darzu geholffen sintemal durch behuff der in offenen druck befindlichen bucher anietzo so uiel gelehrter manner entstehen dergleichen bey uorigen seculis grosser mangel uorgefallen
oa_jubilaeum_1640,body,9,1,True,16,"Vnd weil vns denn dazumal von vielen vnterſchiedenen Orthen/ vnd vielen vornehmen Leuten allerhand Carmina congratulatoria zugeſchicket/ dadurch ſie theils vnſer vorgenommenes Feſt approbiren, theils jhr danckbares Gemuͤth gegen Gott/ wegen Offenbahrung dieſer Kunſt/ entdecken wollen/ Als haben wir fuͤr gut erachtet/ ſolche nebenſt andern/ was etwa auff vielgenandten vnſern Jubel-Feſt vorgangen/ in gegenwertige wenig Bogen zuſammen zu bringen/ vnd durch offenen Druck allen deroſelben Liebhabern communiciren zu laſſen.",vnd weil vns denn dazumal von vielen vnterſchiedenen orthen vnd vielen vornehmen leuten allerhand carmina congratulatoria zugeſchicket dadurch ſie theils vnſer vorgenommenes feſt approbiren theils jhr danckbares gemuͤth gegen gott wegen offenbahrung dieſer kunſt entdecken wollen als haben wir fuͤr gut erachtet ſolche nebenſt andern was etwa auff vielgenandten vnſern jubelfeſt vorgangen in gegenwertige wenig bogen zuſammen zu bringen vnd durch offenen druck allen deroſelben liebhabern communiciren zu laſſen,und weil uns denn dazumal uon uielen unterschiedenen orthen und uielen uornehmen leuten allerhand carmina congratulatoria zugeschicket dadurch sie theils unser uorgenommenes fest approbiren theils ihr danckbares gemuth gegen gott wegen offenbahrung dieser kunst entdecken wollen als haben wir fur gut erachtet solche nebenst andern was etwa auff uielgenandten unsern iubelfest uorgangen in gegenwertige wenig bogen zusammen zu bringen und durch offenen druck allen deroselben liebhabern communiciren zu lassen
oa_jubilaeum_1640,body,10,0,False,16,"Nachdem wir aber/ Gnaͤdigſter Chur-Fuͤrſt vnd Herꝛ/ alſo im Werck begriffen/ vnd darauff zu Rath gangen/ wem doch ſolches geringſchaͤtzige Wercklein zu dediciren, haben wir nach reifflicher deliberation die Billigkeit zu ſeyn erfunden/ bey Ew. Chur-Fuͤrſtl. Durchl. als vnſerm Gnaͤdigſten Herꝛn vnd ſorgfaͤltigſten Landes-Vater/ damit vns in Vnterthaͤnigkeit anzugeben/ vnd daſſelbe demuͤtigſt zuzuſchreiben/ darzu vns denn anreitzet/ Sonderlich weil Ew. Churfuͤrſtl.",nachdem wir aber gnaͤdigſter churfuͤrſt vnd herꝛ alſo im werck begriffen vnd darauff zu rath gangen wem doch ſolches geringſchaͤtzige wercklein zu dediciren haben wir nach reifflicher deliberation die billigkeit zu ſeyn erfunden bey ew churfuͤrſtl durchl als vnſerm gnaͤdigſten herꝛn vnd ſorgfaͤltigſten landesvater damit vns in vnterthaͤnigkeit anzugeben vnd daſſelbe demuͤtigſt zuzuſchreiben darzu vns denn anreitzet sonderlich weil ew churfuͤrſtl,nachdem wir aber gnadigster churfurst und her also im werck begriffen und darauff zu rath gangen wem doch solches geringschatzige wercklein zu dediciren haben wir nach reifflicher deliberation die billigkeit zu seyn erfunden bey ew churfurstl durchl als unserm gnadigsten hern und sorgfaltigsten landesuater damit uns in unterthanigkeit anzugeben und dasselbe demutigst zuzuschreiben darzu uns denn anreitzet sonderlich weil ew churfurstl
oa_jubilaeum_1640,body,10,1,False,17,Durchlaͤucht. vnd dero Hochloͤblichſte Herren Vorfahren am Hauſe Sachſen/ Chriſtmilden Andenckens/ zu allen Zeiten (wie der gantzen weiten Welt bekant) nicht allein als rechte ſtandhaffte/ eifferige Chriſtliche Bekenner/ vnd Heroiſche Beſchuͤtzer der heiligen Evangeliſchen Lehre/ ſich in der That erwieſen/ auch zu Fortpflantzung vnd Erhaltung ſolches ſeligmachenden Liechts/ einige Gefahr Leibes vnd Lebens/ Landes vnd Leute/ niemals geſchewet: wie denn Ew. Chur-Fuͤrſtl. Durchl. nunmehr neun vnd zwantzig Jaͤhrige/ wiewol Glorwuͤrdigſte/ jedoch hoͤchſt beſchwervnd gefaͤhrliche Regierung/ es mehr als zuviel darthut vnd bezeuget: Sondern auch ſich/ als rechte Liebhaber vnd gnaͤdigſte Befoͤrderer der Druckerey-Kunſt/ (welche nechſt GOtt/ das einige vnd beſte Mittel/ ſolchen ſchnellen Lauff des heiligen Evangelij zu befoͤrdern/ vnd annoch zu erhalten) mit Auffwendung groſſer Vnkoſten/ allewege Gnaͤdigſt erwieſen/ wie denn von vndencklichen Jahren hero/ als hiebevor in Torgaw/ vnd annoch dieſe Stunde in Ew. Chur-Fuͤrſtl. Durchl.,durchlaͤucht vnd dero hochloͤblichſte herren vorfahren am hauſe sachſen chriſtmilden andenckens zu allen zeiten wie der gantzen weiten welt bekant nicht allein als rechte ſtandhaffte eifferige chriſtliche bekenner vnd heroiſche beſchuͤtzer der heiligen evangeliſchen lehre ſich in der that erwieſen auch zu fortpflantzung vnd erhaltung ſolches ſeligmachenden liechts einige gefahr leibes vnd lebens landes vnd leute niemals geſchewet wie denn ew churfuͤrſtl durchl nunmehr neun vnd zwantzig jaͤhrige wiewol glorwuͤrdigſte jedoch hoͤchſt beſchwervnd gefaͤhrliche regierung es mehr als zuviel darthut vnd bezeuget sondern auch ſich als rechte liebhaber vnd gnaͤdigſte befoͤrderer der druckereykunſt welche nechſt gott das einige vnd beſte mittel ſolchen ſchnellen lauff des heiligen evangelij zu befoͤrdern vnd annoch zu erhalten mit auffwendung groſſer vnkoſten allewege gnaͤdigſt erwieſen wie denn von vndencklichen jahren hero als hiebevor in torgaw vnd annoch dieſe stunde in ew churfuͤrſtl durchl,durchlaucht und dero hochloblichste herren uorfahren am hause sachsen christmilden andenckens zu allen zeiten wie der gantzen weiten welt bekant nicht allein als rechte standhaffte eifferige christliche bekenner und heroische beschutzer der heiligen euangelischen lehre sich in der that erwiesen auch zu fortpflantzung und erhaltung solches seligmachenden liechts einige gefahr leibes und lebens landes und leute niemals geschewet wie denn ew churfurstl durchl nunmehr neun und zwantzig iahrige wiewol glorwurdigste iedoch hochst beschwerund gefahrliche regierung es mehr als zuuiel darthut und bezeuget sondern auch sich als rechte liebhaber und gnadigste beforderer der druckereykunst welche nechst gott das einige und beste mittel solchen schnellen lauff des heiligen euangelii zu befordern und annoch zu erhalten mit auffwendung grosser unkosten allewege gnadigst erwiesen wie denn uon undencklichen iahren hero als hiebeuor in torgaw und annoch diese stunde in ew churfurstl durchl
oa_jubilaeum_1640,body,10,2,True,17,Reſidentz- vnd Haͤupt-Veſtung Dreßden/ wolbeſtellte/ mit vielen ſchoͤnen Schrifften gezierte Hoff-Buchdruckereyen befunden/ die Hoff Buchdrucker auch jederzeit mit anſehnlicher Beſtallung gnaͤdigſt erhalten worden.,reſidentz vnd haͤuptveſtung dreßden wolbeſtellte mit vielen ſchoͤnen schrifften gezierte hoffbuchdruckereyen befunden die hoff buchdrucker auch jederzeit mit anſehnlicher beſtallung gnaͤdigſt erhalten worden,residentz und hauptuestung dressden wolbestellte mit uielen schonen schrifften gezierte hoffbuchdruckereyen befunden die hoff buchdrucker auch iederzeit mit ansehnlicher bestallung gnadigst erhalten worden
oa_jubilaeum_1640,body,11,0,False,17,Allermaſſen wir nun der vnterthaͤnigſten Zuverſicht leben/ Ew. Chur-Fuͤrſtl. Durchl. werde dieſe vnſere Dedication-Schrifft in allen Gnaden vermercken vnd auffnehmen/ vns auch ferner mit Chur- vnd Landes-Fuͤrſtlicher Guͤte zugethan verbleiben/ vnd was durch dieſe offentliche Begruͤſſung von vns geſuchet/ jhr Gnaͤdigſt belieben laſſen.,allermaſſen wir nun der vnterthaͤnigſten zuverſicht leben ew churfuͤrſtl durchl werde dieſe vnſere dedicationschrifft in allen gnaden vermercken vnd auffnehmen vns auch ferner mit chur vnd landesfuͤrſtlicher guͤte zugethan verbleiben vnd was durch dieſe offentliche begruͤſſung von vns geſuchet jhr gnaͤdigſt belieben laſſen,allermassen wir nun der unterthanigsten zuuersicht leben ew churfurstl durchl werde diese unsere dedicationschrifft in allen gnaden uermercken und auffnehmen uns auch ferner mit chur und landesfurstlicher gute zugethan uerbleiben und was durch diese offentliche begrussung uon uns gesuchet ihr gnadigst belieben lassen
oa_jubilaeum_1640,body,11,1,True,17,Gleicher geſtalt Ew. Chur-Fuͤrſtl. Durchl. vnterthaͤnigſte/ getreweſte vnd gehorſambſte Dienſte zu leiſten/ ſind wir jederzeit wie pflichtſchuldig/ alſo auch hoͤchſtwillig.,gleicher geſtalt ew churfuͤrſtl durchl vnterthaͤnigſte getreweſte vnd gehorſambſte dienſte zu leiſten ſind wir jederzeit wie pflichtſchuldig alſo auch hoͤchſtwillig,gleicher gestalt ew churfurstl durchl unterthanigste getreweste und gehorsambste dienste zu leisten sind wir iederzeit wie pflichtschuldig also auch hochstwillig
oa_jubilaeum_1640,body,12,0,True,18,Der GOTT aller Gnaden vnd Troſtes wolle Ew. Chur-Fuͤrſtl. Durchl. in ſeinem Allmaͤchtigen Gnaden Schutz haben vnd behalten/ vnd ſeiner bedrengten Chriſtenheit/ ſonderlich aber dieſen Landen zu Troſt vnd Frewde langes Leben/ beſtaͤndige Geſundheit/ gluͤckſelige Regirung/ auch alle zeitliche vnd ewige Wohlfarth geben vnd verleihen/ vnd dagegen fuͤr allen verderblichen Schaden vnd Vnfall Leibes vnd der Seelen gnaͤdig behuͤten vnd bewahren vmb JEſu Chriſti willen/ Amen.,der gott aller gnaden vnd troſtes wolle ew churfuͤrſtl durchl in ſeinem allmaͤchtigen gnaden schutz haben vnd behalten vnd ſeiner bedrengten chriſtenheit ſonderlich aber dieſen landen zu troſt vnd frewde langes leben beſtaͤndige geſundheit gluͤckſelige regirung auch alle zeitliche vnd ewige wohlfarth geben vnd verleihen vnd dagegen fuͤr allen verderblichen schaden vnd vnfall leibes vnd der seelen gnaͤdig behuͤten vnd bewahren vmb jeſu chriſti willen amen,der gott aller gnaden und trostes wolle ew churfurstl durchl in seinem allmachtigen gnaden schutz haben und behalten und seiner bedrengten christenheit sonderlich aber diesen landen zu trost und frewde langes leben bestandige gesundheit gluckselige regirung auch alle zeitliche und ewige wohlfarth geben und uerleihen und dagegen fur allen uerderblichen schaden und unfall leibes und der seelen gnadig behuten und bewahren umb iesu christi willen amen
oa_jubilaeum_1640,body,13,0,True,18,Leipzig/ Am Tage Michaelis des Ertz-Engels/ war der 29. Septembr. dieſes lauffenden 1640. Jahres.,leipzig am tage michaelis des ertzengels war der septembr dieſes lauffenden jahres,leipzig am tage michaelis des ertzengels war der septembr dieses lauffenden iahres
oa_jubilaeum_1640,body,14,0,False,18,Ew. Chur-Fuͤrſtl. Durchl.,ew churfuͤrſtl durchl,ew churfurstl durchl
oa_jubilaeum_1640,body,14,1,True,18,Vnterthaͤnigſte/ gehorſamſte vnd getreweſte: Diener vnd geſampte Buchdrucker daſelbſt.,vnterthaͤnigſte gehorſamſte vnd getreweſte diener vnd geſampte buchdrucker daſelbſt,unterthanigste gehorsamste und getreweste diener und gesampte buchdrucker daselbst
oa_jubilaeum_1640,body,15,0,True,19,Kurtzer Hiſtoriſcher Bericht/ Wie/ vnd mit was fuͤr Ceremonien die Buchdrucker zu Leipzig/ am Tage Johannis des Taͤuffers/ Anno Chriſti 1640. jhr zweyhundert jaͤhriges Jubelfeſt/ von Erfindung ſolcher Edlen Kunſt/ celebriret vnd begangen.,kurtzer hiſtoriſcher bericht wie vnd mit was fuͤr ceremonien die buchdrucker zu leipzig am tage johannis des taͤuffers anno chriſti jhr zweyhundert jaͤhriges jubelfeſt von erfindung ſolcher edlen kunſt celebriret vnd begangen,kurtzer historischer bericht wie und mit was fur ceremonien die buchdrucker zu leipzig am tage iohannis des tauffers anno christi ihr zweyhundert iahriges iubelfest uon erfindung solcher edlen kunst celebriret und begangen
oa_jubilaeum_1640,body,16,0,True,19,DEr Koͤnige vnd Fuͤrſten Rath ſoll man heimlich halten/ aber GOTTES Werck ſoll man herrlich preiſen/ Tob. cap. 12. Solches hat gethan die Kirche vnd Gemeine GOttes Alten Teſtaments; Denn als GOtt der Herr die Kinder Jſrael mit maͤchtiger Hand vnd ſtarckem Arm/ aus dem Egyptiſchen Dienſthauſe/ mitten durchs rothe Meer truckenes Fuſſes gefuͤhret/ daß er ſie ins verheiſſene gelobte Land brechte: Jhre Feinde aber/ ſo jhnen nachjagten/ ſaͤmptlich ins Meer geſtuͤrtzet/ vnd ſie alſo von der blutgierigen Hand vnd Tyranney Pharaonis gewaltiglich errettet: Da verſamlet der groſſe Heerfuͤhrer vnd Wundermann GOttes Moſes die gantze Gemeine/ ſtellet dem Herrn ein Lob- vnd Danckfeſt an/ ermuntert ſie zur Erkentnuͤß dieſes groſſen Wunder- vnd vnd Gnaden-Wercks GOttes/ ermahnet ſie zu ſchuldiger Danckbarkeit/ leſſet die Weiber mit Paucken vnd Reihen einher treten/ vnd ſinget ſelbſten mit dem gantzen Volck dem Herrn dieſen Lobgeſang: Jch will dem HErrn ſingen/ denn er hat eine herrliche That gethan/ Roß vnd Wagen hat er ins Meer geſtuͤrtzt: Der HErr iſt meine Staͤrcke vnd mein Lobgeſang/ vnd iſt mein Heyl/ ꝛc. wie Exod. 15. hiervon weiter zu leſen.,der koͤnige vnd fuͤrſten rath ſoll man heimlich halten aber gottes werck ſoll man herrlich preiſen tob cap solches hat gethan die kirche vnd gemeine gottes alten teſtaments denn als gott der herr die kinder jſrael mit maͤchtiger hand vnd ſtarckem arm aus dem egyptiſchen dienſthauſe mitten durchs rothe meer truckenes fuſſes gefuͤhret daß er ſie ins verheiſſene gelobte land brechte jhre feinde aber ſo jhnen nachjagten ſaͤmptlich ins meer geſtuͤrtzet vnd ſie alſo von der blutgierigen hand vnd tyranney pharaonis gewaltiglich errettet da verſamlet der groſſe heerfuͤhrer vnd wundermann gottes moſes die gantze gemeine ſtellet dem herrn ein lob vnd danckfeſt an ermuntert ſie zur erkentnuͤß dieſes groſſen wunder vnd vnd gnadenwercks gottes ermahnet ſie zu ſchuldiger danckbarkeit leſſet die weiber mit paucken vnd reihen einher treten vnd ſinget ſelbſten mit dem gantzen volck dem herrn dieſen lobgeſang jch will dem herrn ſingen denn er hat eine herrliche that gethan roß vnd wagen hat er ins meer geſtuͤrtzt der herr iſt meine staͤrcke vnd mein lobgeſang vnd iſt mein heyl ꝛc wie exod hiervon weiter zu leſen,der konige und fursten rath soll man heimlich halten aber gottes werck soll man herrlich preisen tob cap solches hat gethan die kirche und gemeine gottes alten testaments denn als gott der herr die kinder israel mit machtiger hand und starckem arm aus dem egyptischen diensthause mitten durchs rothe meer truckenes fusses gefuhret dass er sie ins uerheissene gelobte land brechte ihre feinde aber so ihnen nachiagten samptlich ins meer gesturtzet und sie also uon der blutgierigen hand und tyranney pharaonis gewaltiglich errettet da uersamlet der grosse heerfuhrer und wundermann gottes moses die gantze gemeine stellet dem herrn ein lob und danckfest an ermuntert sie zur erkentnuss dieses grossen wunder und und gnadenwercks gottes ermahnet sie zu schuldiger danckbarkeit lesset die weiber mit paucken und reihen einher treten und singet selbsten mit dem gantzen uolck dem herrn diesen lobgesang ich will dem herrn singen denn er hat eine herrliche that gethan ross und wagen hat er ins meer gesturtzt der herr ist meine starcke und mein lobgesang und ist mein heyl c wie exod hieruon weiter zu lesen
oa_jubilaeum_1640,body,17,0,False,20,Eben ſolches hat auch gethan zu vnſern Zeiten die rechtglaͤubig Evangeliſche Kirche vnd Gemeine GOttes/ Newen Teſtaments: Deñ als dieſelbe eine lange Zeit vnter des Roͤmiſchen Pharaonis Joch/ vnd Anti-Chriſtiſchen Egyptiſchen Dienſtbarkeit vnd Greweln geſtecket/ vnd aber aus lauter Guͤte vnd Gnade Gottes durch ſeinen thewren Werckzeug/ vnd groſſen Wunder-Mann Herꝛn Doct.,eben ſolches hat auch gethan zu vnſern zeiten die rechtglaͤubig evangeliſche kirche vnd gemeine gottes newen teſtaments deñ als dieſelbe eine lange zeit vnter des roͤmiſchen pharaonis joch vnd antichriſtiſchen egyptiſchen dienſtbarkeit vnd greweln geſtecket vnd aber aus lauter guͤte vnd gnade gottes durch ſeinen thewren werckzeug vnd groſſen wundermann herꝛn doct,eben solches hat auch gethan zu unsern zeiten die rechtglaubig euangelische kirche und gemeine gottes newen testaments denn als dieselbe eine lange zeit unter des romischen pharaonis ioch und antichristischen egyptischen dienstbarkeit und greweln gestecket und aber aus lauter gute und gnade gottes durch seinen thewren werckzeug und grossen wundermann hern doct
oa_jubilaeum_1640,body,17,1,False,20,"Martinum Lutherum, wunderbarlich ausgefuͤhret/ vnd ins gelobte Land/ da Milch vnd Honig/ des lautern reinen Evangelii/ vnd vnverfaͤlſchten Worts Gottes fleuſſet/ eingebracht/ vnd nunmehr uͤber hundert Jahr gnaͤdig erhalten worden: Da hat der Großmuͤtigſte vnd Hertzfrewdigſte Chriſt-Bekenner/ der Durchlauchtigſte/ Hochgeborne Fuͤrſt vnd Herr/ Herr Johann Georg/ Hertzog zu Sachſen/ Juͤlich/ Cleve vnd Berg/ des heiligen Roͤmiſchen Reichs Ertz-Marſchall vnd Churfuͤrſt/ Landgraf in Thuͤringen/ Marggraf zu Meiſſen/ auch Ober- vnd Nieder-Laußnitz/ Burggraf zu Magdeburg/ Graf zu der Marck vnd Ravensburg/ Herr zum Ravenſtein/ ꝛc. vnſer gnaͤdigſter Herr/ ꝛc. Die Gemeine GOttes/ aus vielen Landen/ Koͤnigreichen vnd Provincien/ ſo dieſer heilſamen Lehre von gantzem Hertzen zugethan/ durch freundliche/ Chriſtliche vnd bewegliche Ausſchreiben/ in ein Hertz vnd Willen verſamlet/ Jhre Churfuͤrſtl.",martinum lutherum wunderbarlich ausgefuͤhret vnd ins gelobte land da milch vnd honig des lautern reinen evangelii vnd vnverfaͤlſchten worts gottes fleuſſet eingebracht vnd nunmehr uͤber hundert jahr gnaͤdig erhalten worden da hat der großmuͤtigſte vnd hertzfrewdigſte chriſtbekenner der durchlauchtigſte hochgeborne fuͤrſt vnd herr herr johann georg hertzog zu sachſen juͤlich cleve vnd berg des heiligen roͤmiſchen reichs ertzmarſchall vnd churfuͤrſt landgraf in thuͤringen marggraf zu meiſſen auch ober vnd niederlaußnitz burggraf zu magdeburg graf zu der marck vnd ravensburg herr zum ravenſtein ꝛc vnſer gnaͤdigſter herr ꝛc die gemeine gottes aus vielen landen koͤnigreichen vnd provincien ſo dieſer heilſamen lehre von gantzem hertzen zugethan durch freundliche chriſtliche vnd bewegliche ausſchreiben in ein hertz vnd willen verſamlet jhre churfuͤrſtl,martinum lutherum wunderbarlich ausgefuhret und ins gelobte land da milch und honig des lautern reinen euangelii und unuerfalschten worts gottes fleusset eingebracht und nunmehr uber hundert iahr gnadig erhalten worden da hat der grossmutigste und hertzfrewdigste christbekenner der durchlauchtigste hochgeborne furst und herr herr iohann georg hertzog zu sachsen iulich cleue und berg des heiligen romischen reichs ertzmarschall und churfurst landgraf in thuringen marggraf zu meissen auch ober und niederlaussnitz burggraf zu magdeburg graf zu der marck und rauensburg herr zum rauenstein c unser gnadigster herr c die gemeine gottes aus uielen landen konigreichen und prouincien so dieser heilsamen lehre uon gantzem hertzen zugethan durch freundliche christliche und bewegliche ausschreiben in ein hertz und willen uersamlet ihre churfurstl
oa_jubilaeum_1640,body,17,2,False,20,"Stimme ſelbſten mit jhnen erhoben/ ein froͤliches Te Deum laudamus intoniret, vnd dem allerhoͤchſten GOtt fuͤr ſolche hohe vnausſprechliche Wolthat des hellſcheinenden vnd ſchnell lauffenden Gnadenliechts des troſtreichen Evangelii/ vnd rechten Gebrauch der hochwuͤrdigen Sacramenten/ mit innerlicher Hertzens-Frewde/ vnd recht Chriſt-eifferiger Begierde/ gedancket; Wie denn nicht allein in S. Churfuͤrſtl. Durchlaͤucht.",stimme ſelbſten mit jhnen erhoben ein froͤliches te deum laudamus intoniret vnd dem allerhoͤchſten gott fuͤr ſolche hohe vnausſprechliche wolthat des hellſcheinenden vnd ſchnell lauffenden gnadenliechts des troſtreichen evangelii vnd rechten gebrauch der hochwuͤrdigen sacramenten mit innerlicher hertzensfrewde vnd recht chriſteifferiger begierde gedancket wie denn nicht allein in s churfuͤrſtl durchlaͤucht,stimme selbsten mit ihnen erhoben ein froliches te deum laudamus intoniret und dem allerhochsten gott fur solche hohe unaussprechliche wolthat des hellscheinenden und schnell lauffenden gnadenliechts des trostreichen euangelii und rechten gebrauch der hochwurdigen sacramenten mit innerlicher hertzensfrewde und recht christeifferiger begierde gedancket wie denn nicht allein in s churfurstl durchlaucht
oa_jubilaeum_1640,body,17,3,True,20,Landen/ ſondern auch faſt aller Orten vnd Enden/ wo ſolch ſeligmachend Liecht nur in etwas geſchimmert/ Anno 1617. das Erſte/ vnd Anno 1630. das Andere vnd groſſe Evangeliſche Jubelfeſt/ mit ſolchem Eiffer vnd fewriger Andacht celebriret vnd begangen worden/ daß nicht allein die Menſchen daruͤber ſich ſelbſt verwundert/ ſondern die Himmel ſolches mit Luſt angeſehen/ auch die Engel GOttes ſich hoͤchlich erfrewet/ vnd zweiffels ohne GOtt der Herr vmb deſſen willen vielem Vngluͤck bey dieſem blutigen vnd Land-verderblichem Kriege geſtewret/ ja wol den offtmals vor Augen ſchwebenden gaͤntzlichen Vntergang gnaͤdig wird abgewendet haben.,landen ſondern auch faſt aller orten vnd enden wo ſolch ſeligmachend liecht nur in etwas geſchimmert anno das erſte vnd anno das andere vnd groſſe evangeliſche jubelfeſt mit ſolchem eiffer vnd fewriger andacht celebriret vnd begangen worden daß nicht allein die menſchen daruͤber ſich ſelbſt verwundert ſondern die himmel ſolches mit luſt angeſehen auch die engel gottes ſich hoͤchlich erfrewet vnd zweiffels ohne gott der herr vmb deſſen willen vielem vngluͤck bey dieſem blutigen vnd landverderblichem kriege geſtewret ja wol den offtmals vor augen ſchwebenden gaͤntzlichen vntergang gnaͤdig wird abgewendet haben,landen sondern auch fast aller orten und enden wo solch seligmachend liecht nur in etwas geschimmert anno das erste und anno das andere und grosse euangelische iubelfest mit solchem eiffer und fewriger andacht celebriret und begangen worden dass nicht allein die menschen daruber sich selbst uerwundert sondern die himmel solches mit lust angesehen auch die engel gottes sich hochlich erfrewet und zweiffels ohne gott der herr umb dessen willen uielem ungluck bey diesem blutigen und landuerderblichem kriege gestewret ia wol den offtmals uor augen schwebenden gantzlichen untergang gnadig wird abgewendet haben
oa_jubilaeum_1640,body,18,0,True,21,Solchen ruhmwuͤrdigſten vnd lobreicheſten Exempeln in etwas nachzuleben/ haben die Buchdrucker in Leipzig ſich hoͤchſt verpflichtet befunden: Denn nach dem der allerhoͤchſte grundguͤtigſte GOtt ſeine liebe Gemeine nicht allein von allem Vbel errettet/ aus der Finſternuͤß des Pabſthumbs geriſſen/ vnd zur ſeligen Erkentnuͤß ſeines heiligen Willens gebracht; Sondern auch noch Anno 1440. vnd alſo anjetzo vor 200. Jahren/ die hochloͤbliche/ nuͤtzliche vnd werthe Kunſt der Buchdruckerey/ in der vhralten Ertz-Biſchofflichen Chur-Stadt Maͤyntz/ (in welcher vnwiderſprechlich die erſte gluͤcklichſte Proba gethan worden/) an das Tageliecht gegeben/ welche denn kurtz vor dem Herrn Luthero hergegangen/ vnd gleichſam als ein Herold proclamiret vnd ausgeruffen/ daß etwas ſonderliches vnd wichtiges vorhanden/ nemlich daß der HErr Him̃els vnd der Erden/ mit ſeinem heiligen Wort vnd liebreichen Evangelio einziehen/ vñ Wohnung bey vns machen werde: Wie ſie deñ nechſt Gott/ nachmals das einige Mittel geweſen/ ſolch ſeligmachend Wort der Gnaden/ ſo ſchnell/ vnverhindert/ faſt in alle Welt auszubreiten/ vnd bißhero zuerhalten/ deme ſonſten der Teuffel vnd alle Ketzer ſich hefftig widerſetzet/ vnd wo jhnen nur muͤglich geweſen/ daſſelbe mit Strumpff vnd Stiel ausgerottet hetten/ wie der Herr Lutherus in ſeinen Tiſchreden ſelbſt bezeuget/ vnd alſo dieſe loͤbliche Kunſt gleichſam die letzte Poſaune der Welt ſeyn muͤſſen/ durch welche die ſuͤſſe/ liebliche/ vnd in Hertzen vnd Ohren wolklingende Stimme des heiligen vnd gnadenreichen Evangelii zu guter letzte in aller Welt/ vnd in allen Sprachen erſchallen/ erklingen/ vnd die Menſchen zur himmliſchen Hochzeit geruffen werden ſolten:,solchen ruhmwuͤrdigſten vnd lobreicheſten exempeln in etwas nachzuleben haben die buchdrucker in leipzig ſich hoͤchſt verpflichtet befunden denn nach dem der allerhoͤchſte grundguͤtigſte gott ſeine liebe gemeine nicht allein von allem vbel errettet aus der finſternuͤß des pabſthumbs geriſſen vnd zur ſeligen erkentnuͤß ſeines heiligen willens gebracht sondern auch noch anno vnd alſo anjetzo vor jahren die hochloͤbliche nuͤtzliche vnd werthe kunſt der buchdruckerey in der vhralten ertzbiſchofflichen churstadt maͤyntz in welcher vnwiderſprechlich die erſte gluͤcklichſte proba gethan worden an das tageliecht gegeben welche denn kurtz vor dem herrn luthero hergegangen vnd gleichſam als ein herold proclamiret vnd ausgeruffen daß etwas ſonderliches vnd wichtiges vorhanden nemlich daß der herr him̃els vnd der erden mit ſeinem heiligen wort vnd liebreichen evangelio einziehen vñ wohnung bey vns machen werde wie ſie deñ nechſt gott nachmals das einige mittel geweſen ſolch ſeligmachend wort der gnaden ſo ſchnell vnverhindert faſt in alle welt auszubreiten vnd bißhero zuerhalten deme ſonſten der teuffel vnd alle ketzer ſich hefftig widerſetzet vnd wo jhnen nur muͤglich geweſen daſſelbe mit strumpff vnd stiel ausgerottet hetten wie der herr lutherus in ſeinen tiſchreden ſelbſt bezeuget vnd alſo dieſe loͤbliche kunſt gleichſam die letzte poſaune der welt ſeyn muͤſſen durch welche die ſuͤſſe liebliche vnd in hertzen vnd ohren wolklingende stimme des heiligen vnd gnadenreichen evangelii zu guter letzte in aller welt vnd in allen sprachen erſchallen erklingen vnd die menſchen zur himmliſchen hochzeit geruffen werden ſolten,solchen ruhmwurdigsten und lobreichesten exempeln in etwas nachzuleben haben die buchdrucker in leipzig sich hochst uerpflichtet befunden denn nach dem der allerhochste grundgutigste gott seine liebe gemeine nicht allein uon allem ubel errettet aus der finsternuss des pabsthumbs gerissen und zur seligen erkentnuss seines heiligen willens gebracht sondern auch noch anno und also anietzo uor iahren die hochlobliche nutzliche und werthe kunst der buchdruckerey in der uhralten ertzbischofflichen churstadt mayntz in welcher unwidersprechlich die erste glucklichste proba gethan worden an das tageliecht gegeben welche denn kurtz uor dem herrn luthero hergegangen und gleichsam als ein herold proclamiret und ausgeruffen dass etwas sonderliches und wichtiges uorhanden nemlich dass der herr himmels und der erden mit seinem heiligen wort und liebreichen euangelio einziehen und wohnung bey uns machen werde wie sie denn nechst gott nachmals das einige mittel gewesen solch seligmachend wort der gnaden so schnell unuerhindert fast in alle welt auszubreiten und bisshero zuerhalten deme sonsten der teuffel und alle ketzer sich hefftig widersetzet und wo ihnen nur muglich gewesen dasselbe mit strumpff und stiel ausgerottet hetten wie der herr lutherus in seinen tischreden selbst bezeuget und also diese lobliche kunst gleichsam die letzte posaune der welt seyn mussen durch welche die susse liebliche und in hertzen und ohren wolklingende stimme des heiligen und gnadenreichen euangelii zu guter letzte in aller welt und in allen sprachen erschallen erklingen und die menschen zur himmlischen hochzeit geruffen werden solten
oa_jubilaeum_1640,body,19,0,True,22,Als haben obgedachte Kunſt-Verwandten eine vnvermeidliche Schuldigkeit/ vnd ſchuldige Billigkeit zu ſeyn erachtet/ GOtt dem Herrn fuͤr ſolche hohe vnd groſſe Gaben vnd Wolthaten/ ſonderlich aber/ daß er dieſelbe in dieſen elenden vnd betruͤbten Zeiten/ da faſt weder der Buͤcher noch des Worts GOttes ſelbſten (leider) mehr geachtet wird/ vnd dahero dieſe loͤbliche Kunſt in merckliches Abnehmen vnd muͤhſeligkeit gerathen/ dennoch wiewol kuͤmmerlich/ doch gnaͤdig noch erhalten/ alſo/ daß ſein werther Name durch ſie ferner ausgebreitet/ der Chriſtenheit damit gedienet/ vnd viel des Weges zum Leben koͤnnen gewieſen werden/ hertzlich zu dancken/ vnd darneben demuͤtiglich zu bitten/ daß ſeine Goͤttliche Majeſtaͤt ſolche nuͤtz bare vnd werthe Kunſt/ benebens dem hellen Gnadenliecht des H. Evangelii/ vnd vielbeliebten offtgewuͤndſchten Landfrieden/ ferner gnaͤdiglich geben vnd erhalten/ vnd auff die liebe Poſteritet propagiren vnd fortpflantzen wolle.,als haben obgedachte kunſtverwandten eine vnvermeidliche schuldigkeit vnd ſchuldige billigkeit zu ſeyn erachtet gott dem herrn fuͤr ſolche hohe vnd groſſe gaben vnd wolthaten ſonderlich aber daß er dieſelbe in dieſen elenden vnd betruͤbten zeiten da faſt weder der buͤcher noch des worts gottes ſelbſten leider mehr geachtet wird vnd dahero dieſe loͤbliche kunſt in merckliches abnehmen vnd muͤhſeligkeit gerathen dennoch wiewol kuͤmmerlich doch gnaͤdig noch erhalten alſo daß ſein werther name durch ſie ferner ausgebreitet der chriſtenheit damit gedienet vnd viel des weges zum leben koͤnnen gewieſen werden hertzlich zu dancken vnd darneben demuͤtiglich zu bitten daß ſeine goͤttliche majeſtaͤt ſolche nuͤtz bare vnd werthe kunſt benebens dem hellen gnadenliecht des h evangelii vnd vielbeliebten offtgewuͤndſchten landfrieden ferner gnaͤdiglich geben vnd erhalten vnd auff die liebe poſteritet propagiren vnd fortpflantzen wolle,als haben obgedachte kunstuerwandten eine unuermeidliche schuldigkeit und schuldige billigkeit zu seyn erachtet gott dem herrn fur solche hohe und grosse gaben und wolthaten sonderlich aber dass er dieselbe in diesen elenden und betrubten zeiten da fast weder der bucher noch des worts gottes selbsten leider mehr geachtet wird und dahero diese lobliche kunst in merckliches abnehmen und muhseligkeit gerathen dennoch wiewol kummerlich doch gnadig noch erhalten also dass sein werther name durch sie ferner ausgebreitet der christenheit damit gedienet und uiel des weges zum leben konnen gewiesen werden hertzlich zu dancken und darneben demutiglich zu bitten dass seine gottliche maiestat solche nutz bare und werthe kunst benebens dem hellen gnadenliecht des h euangelii und uielbeliebten offtgewundschten landfrieden ferner gnadiglich geben und erhalten und auff die liebe posteritet propagiren und fortpflantzen wolle
oa_jubilaeum_1640,body,20,0,True,22,"Zu welchem Ende ſie deñ in einhelliger Verſamlung einmuͤtig beſchloſſen/ zu bezeigung jhres danckbaren Gemuͤths/ Gott dem Herrn zu Lob/ Ehr vnd Preiß/ ein Chriſtliches Danck Lob- vnd Jubel-Feſt vnter ſich anzuſtellen/ daſſelbe auch mit ſolcher Pietet, Gottesfurcht vnd Andacht zu begehen/ daß/ ob wol nach verrichtem Gottesdienſt eine Ehren-Mahlzeit dabey angeſtellet/ dennoch alle Vppigkeit/ Tantzen/ vnhoͤffliche Geſpraͤche/ vnd was der Gottesfurcht vnd Erbarkeit entgegen/ (welches alles zwar bey dieſen ehrlichen Verſamlungen ohne das nicht verſtattet noch veruͤbet wird) bey hoher vnablaͤßlicher Straffe vermieden: Hingegen aber lauter Frewdigkeit im Herrn/ heilige Andacht/ fleiſſiges Gebet vnd geiſtliches Lieder ſingen getrieben werden ſolte.",zu welchem ende ſie deñ in einhelliger verſamlung einmuͤtig beſchloſſen zu bezeigung jhres danckbaren gemuͤths gott dem herrn zu lob ehr vnd preiß ein chriſtliches danck lob vnd jubelfeſt vnter ſich anzuſtellen daſſelbe auch mit ſolcher pietet gottesfurcht vnd andacht zu begehen daß ob wol nach verrichtem gottesdienſt eine ehrenmahlzeit dabey angeſtellet dennoch alle vppigkeit tantzen vnhoͤffliche geſpraͤche vnd was der gottesfurcht vnd erbarkeit entgegen welches alles zwar bey dieſen ehrlichen verſamlungen ohne das nicht verſtattet noch veruͤbet wird bey hoher vnablaͤßlicher straffe vermieden hingegen aber lauter frewdigkeit im herrn heilige andacht fleiſſiges gebet vnd geiſtliches lieder ſingen getrieben werden ſolte,zu welchem ende sie denn in einhelliger uersamlung einmutig beschlossen zu bezeigung ihres danckbaren gemuths gott dem herrn zu lob ehr und preiss ein christliches danck lob und iubelfest unter sich anzustellen dasselbe auch mit solcher pietet gottesfurcht und andacht zu begehen dass ob wol nach uerrichtem gottesdienst eine ehrenmahlzeit dabey angestellet dennoch alle uppigkeit tantzen unhoffliche gesprache und was der gottesfurcht und erbarkeit entgegen welches alles zwar bey diesen ehrlichen uersamlungen ohne das nicht uerstattet noch uerubet wird bey hoher unablasslicher straffe uermieden hingegen aber lauter frewdigkeit im herrn heilige andacht fleissiges gebet und geistliches lieder singen getrieben werden solte
oa_jubilaeum_1640,body,21,0,False,23,Damit auch ſolch Lob GOttes deſto weiter erſchallen/ vnd die liebe Poſteritet aller Orten zu heiliger Nachfolge auffgemuntert werden moͤchte.,damit auch ſolch lob gottes deſto weiter erſchallen vnd die liebe poſteritet aller orten zu heiliger nachfolge auffgemuntert werden moͤchte,damit auch solch lob gottes desto weiter erschallen und die liebe posteritet aller orten zu heiliger nachfolge auffgemuntert werden mochte
oa_jubilaeum_1640,body,21,1,True,23,Haben ſie fuͤr gut vnd rathſam erachtet/ ſolche jhre intention jhren Kunſt-Verwandten anderer Orten zu entdecken/ ob vielleicht denenſelben belieben moͤchte/ ſolch Jubilæum mit jhnen zu celebriren vnd zu begehen/ geſtalt ſie denn noch im Aprilis lauffenden Jahrs/ an dieſelben in etlichen vornehmen Reichs-See- vnd Handels-Staͤdten/ vornemlich aber in der hoch- vnd weitberuͤhmten Stadt Straßburg/ welche als eine Mutter vnd Geburts-Stadt der Erfinder vñ Anfaͤnger dieſer loͤblichẽ Kunſt geruͤhmet wird/ wie auch bey den vornehmen Vniverſiteten/ Wittenberg vnd Jehna/ freundvnd bruͤderliche Schreiben abgehen laſſen/ jhnen jhr Chriſtlich Vorhaben zur Gnuͤge verſtaͤndiget/ vnd ſie zu gleicher Danckbarkeit gegen GOtt/ mit beweglichen Vmbſtaͤnden vermahnet/ welche es jhnen denn auch faſt allerſeits gantz wolgefallen laſſen/ vnd ſich zu gleicher Mit-Frewde im Herrn/ vnd Begehung ſolches Feſtes/ jedes Orts Gelegenheit nach/ gantz willig erboten.,haben ſie fuͤr gut vnd rathſam erachtet ſolche jhre intention jhren kunſtverwandten anderer orten zu entdecken ob vielleicht denenſelben belieben moͤchte ſolch jubilæum mit jhnen zu celebriren vnd zu begehen geſtalt ſie denn noch im aprilis lauffenden jahrs an dieſelben in etlichen vornehmen reichssee vnd handelsstaͤdten vornemlich aber in der hoch vnd weitberuͤhmten stadt straßburg welche als eine mutter vnd geburtsstadt der erfinder vñ anfaͤnger dieſer loͤblichẽ kunſt geruͤhmet wird wie auch bey den vornehmen vniverſiteten wittenberg vnd jehna freundvnd bruͤderliche schreiben abgehen laſſen jhnen jhr chriſtlich vorhaben zur gnuͤge verſtaͤndiget vnd ſie zu gleicher danckbarkeit gegen gott mit beweglichen vmbſtaͤnden vermahnet welche es jhnen denn auch faſt allerſeits gantz wolgefallen laſſen vnd ſich zu gleicher mitfrewde im herrn vnd begehung ſolches feſtes jedes orts gelegenheit nach gantz willig erboten,haben sie fur gut und rathsam erachtet solche ihre intention ihren kunstuerwandten anderer orten zu entdecken ob uielleicht denenselben belieben mochte solch iubilaeum mit ihnen zu celebriren und zu begehen gestalt sie denn noch im aprilis lauffenden iahrs an dieselben in etlichen uornehmen reichssee und handelsstadten uornemlich aber in der hoch und weitberuhmten stadt strassburg welche als eine mutter und geburtsstadt der erfinder und anfanger dieser loblichen kunst geruhmet wird wie auch bey den uornehmen uniuersiteten wittenberg und iehna freundund bruderliche schreiben abgehen lassen ihnen ihr christlich uorhaben zur gnuge uerstandiget und sie zu gleicher danckbarkeit gegen gott mit beweglichen umbstanden uermahnet welche es ihnen denn auch fast allerseits gantz wolgefallen lassen und sich zu gleicher mitfrewde im herrn und begehung solches festes iedes orts gelegenheit nach gantz willig erboten
oa_jubilaeum_1640,body,22,0,True,23,Es haben aber vielerwehnte Buchdrucker vñ Kunſt-Verwandte jhnen belieben laſſen/ ſolch Feſt auff den Tag Johannis des Taͤuffers zu legen/ vmb folgender Vrſach willen: Weil erſtlich die beyden lobwuͤrdigen Erfinder vnd Anfaͤnger beyderſeits mit dieſem Namen begabet geweſen/ vnd der eine Johannes Guttenberg/ der ander aber Johannes Fauſt geheiſſen/ wie in nachfolgender Teutſchen Oration mit mehrerm berichtet wird/ dahero jhnen zum ruͤhmlichen Ehren-Gedaͤchtnuͤß dieſer jhr Namens-Tag hierzu iſt erwehlet worden.,es haben aber vielerwehnte buchdrucker vñ kunſtverwandte jhnen belieben laſſen ſolch feſt auff den tag johannis des taͤuffers zu legen vmb folgender vrſach willen weil erſtlich die beyden lobwuͤrdigen erfinder vnd anfaͤnger beyderſeits mit dieſem namen begabet geweſen vnd der eine johannes guttenberg der ander aber johannes fauſt geheiſſen wie in nachfolgender teutſchen oration mit mehrerm berichtet wird dahero jhnen zum ruͤhmlichen ehrengedaͤchtnuͤß dieſer jhr namenstag hierzu iſt erwehlet worden,es haben aber uielerwehnte buchdrucker und kunstuerwandte ihnen belieben lassen solch fest auff den tag iohannis des tauffers zu legen umb folgender ursach willen weil erstlich die beyden lobwurdigen erfinder und anfanger beyderseits mit diesem namen begabet gewesen und der eine iohannes guttenberg der ander aber iohannes faust geheissen wie in nachfolgender teutschen oration mit mehrerm berichtet wird dahero ihnen zum ruhmlichen ehrengedachtnuss dieser ihr namenstag hierzu ist erwehlet worden
oa_jubilaeum_1640,body,23,0,True,24,Weil fuͤrs Andere/ auch dieſer Jahres-Zeit Liebligkeit vnd Beqvemigkeit Anlaß gegeben/ haben ſie ſolches mit Fleiß in Acht nehmen wollen.,weil fuͤrs andere auch dieſer jahreszeit liebligkeit vnd beqvemigkeit anlaß gegeben haben ſie ſolches mit fleiß in acht nehmen wollen,weil furs andere auch dieser iahreszeit liebligkeit und bequemigkeit anlass gegeben haben sie solches mit fleiss in acht nehmen wollen
oa_jubilaeum_1640,body,24,0,False,24,"Damit aber ſolch jhr Chriſtlich Vornehmen jhnen nicht fuͤr einen ſelbſt erwehlten Gottesdienſt vñ vnziemliches Beginnen auffgerucket werden moͤchte/ haben ſie ſolches in gebuͤhrender Zeit zuvorhero einem Hoch- vnd Wol-Ehrwuͤrdigen Miniſterio, ſonderlich aber dem Herrn Superintendenten freundlich angemeldet vñ zu verſtehen gegeben/ welche deñ nicht allein ſolche Anordnung ſich wol gefallẽ laſſen/ ſondern auch hochgedachter Herr Superint. auff beniembten Johannistag in ſeiner Fruͤhepredigt ſolche Kunſt vnd derſelben groſſe vnd vielfaͤltige Nutzbarkeit/ wie auch derer Erfinder vnd Befoͤrderer/ herrlich com̃endiret vñ geruͤhmet/ die Zuhoͤrer auch ernſtlich vermahnet/ Gott dem HErrn fur ſolche hohe vñ groſſe Wolthat hertzlich zu dancken/ vnd es ja nicht fuͤr ein gering Werck Gottes zu achten; Dergleichen deñ Herr M. Lucas Pollio, der Kirchen zu S. Nicol.",damit aber ſolch jhr chriſtlich vornehmen jhnen nicht fuͤr einen ſelbſt erwehlten gottesdienſt vñ vnziemliches beginnen auffgerucket werden moͤchte haben ſie ſolches in gebuͤhrender zeit zuvorhero einem hoch vnd wolehrwuͤrdigen miniſterio ſonderlich aber dem herrn superintendenten freundlich angemeldet vñ zu verſtehen gegeben welche deñ nicht allein ſolche anordnung ſich wol gefallẽ laſſen ſondern auch hochgedachter herr superint auff beniembten johannistag in ſeiner fruͤhepredigt ſolche kunſt vnd derſelben groſſe vnd vielfaͤltige nutzbarkeit wie auch derer erfinder vnd befoͤrderer herrlich com̃endiret vñ geruͤhmet die zuhoͤrer auch ernſtlich vermahnet gott dem herrn fur ſolche hohe vñ groſſe wolthat hertzlich zu dancken vnd es ja nicht fuͤr ein gering werck gottes zu achten dergleichen deñ herr m lucas pollio der kirchen zu s nicol,damit aber solch ihr christlich uornehmen ihnen nicht fur einen selbst erwehlten gottesdienst und unziemliches beginnen auffgerucket werden mochte haben sie solches in gebuhrender zeit zuuorhero einem hoch und wolehrwurdigen ministerio sonderlich aber dem herrn superintendenten freundlich angemeldet und zu uerstehen gegeben welche denn nicht allein solche anordnung sich wol gefallen lassen sondern auch hochgedachter herr superint auff beniembten iohannistag in seiner fruhepredigt solche kunst und derselben grosse und uielfaltige nutzbarkeit wie auch derer erfinder und beforderer herrlich commendiret und geruhmet die zuhorer auch ernstlich uermahnet gott dem herrn fur solche hohe und grosse wolthat hertzlich zu dancken und es ia nicht fur ein gering werck gottes zu achten dergleichen denn herr m lucas pollio der kirchen zu s nicol
oa_jubilaeum_1640,body,24,1,True,24,"Diaconus, zur Veſper: wie nicht weniger Herr L. Chriſtophorus Bulæus, Superint. zu Wurtzen/ auch gethan/ deren Extract ſolcher Predigten/ welche Hoch- vnd Wolgedachte Herren auff freundliches Begehren vnweigerlich ausgeantwortet/ vnd in dieſem Tractat dem Druck einzuverleiben/ großguͤnſtig verwilliget/ mit mehrerm anzeigen.",diaconus zur veſper wie nicht weniger herr l chriſtophorus bulæus superint zu wurtzen auch gethan deren extract ſolcher predigten welche hoch vnd wolgedachte herren auff freundliches begehren vnweigerlich ausgeantwortet vnd in dieſem tractat dem druck einzuverleiben großguͤnſtig verwilliget mit mehrerm anzeigen,diaconus zur uesper wie nicht weniger herr l christophorus bulaeus superint zu wurtzen auch gethan deren extract solcher predigten welche hoch und wolgedachte herren auff freundliches begehren unweigerlich ausgeantwortet und in diesem tractat dem druck einzuuerleiben grossgunstig uerwilliget mit mehrerm anzeigen
oa_jubilaeum_1640,body,25,0,False,24,Als nun gemeldter maſſen/ ſolcher Feſt- vnd Trucker-Jubel-Tag erſchienen/ haben die geſampten Kunſt-Verwandte vorbeſchloſſener Ordnung nach/ fruͤer Tageszeit/ ſich ſaͤmptlich in das Haus des Herren verfuͤget/ dem Gottesdienſt mit beten/ loben vnd dancken eyfferig beygewohnet/ die Predigt mit begierlicher Andacht angehoͤret/ vnd biß zu Ende verwartet.,als nun gemeldter maſſen ſolcher feſt vnd truckerjubeltag erſchienen haben die geſampten kunſtverwandte vorbeſchloſſener ordnung nach fruͤer tageszeit ſich ſaͤmptlich in das haus des herren verfuͤget dem gottesdienſt mit beten loben vnd dancken eyfferig beygewohnet die predigt mit begierlicher andacht angehoͤret vnd biß zu ende verwartet,als nun gemeldter massen solcher fest und truckeriubeltag erschienen haben die gesampten kunstuerwandte uorbeschlossener ordnung nach fruer tageszeit sich samptlich in das haus des herren uerfuget dem gottesdienst mit beten loben und dancken eyfferig beygewohnet die predigt mit begierlicher andacht angehoret und biss zu ende uerwartet
oa_jubilaeum_1640,body,25,1,False,25,Hernach ſich in ein von jhnen allerſeits darzu erwehltes Haus begeben/ in welchem ſie allerley Chriſtliche Vnterredungen von den groſſen Thaten GOttes/ ſonderlich aber von der wunderbahren Erfindung dieſer nutzbaren vñ fuͤrtrefflichen Kunſt/ Fortpflantzung vnd gnaͤdiger Erhaltung derſelben/ vnter ſich angeſtellet.,hernach ſich in ein von jhnen allerſeits darzu erwehltes haus begeben in welchem ſie allerley chriſtliche vnterredungen von den groſſen thaten gottes ſonderlich aber von der wunderbahren erfindung dieſer nutzbaren vñ fuͤrtrefflichen kunſt fortpflantzung vnd gnaͤdiger erhaltung derſelben vnter ſich angeſtellet,hernach sich in ein uon ihnen allerseits darzu erwehltes haus begeben in welchem sie allerley christliche unterredungen uon den grossen thaten gottes sonderlich aber uon der wunderbahren erfindung dieser nutzbaren und furtrefflichen kunst fortpflantzung und gnadiger erhaltung derselben unter sich angestellet
oa_jubilaeum_1640,body,25,2,True,25,"Auch dreyen Poſtulirern, ſo zuvorhero dieſe Kunſt rechtmaͤſſig erlernet/ auff jhr damahliges Anſuchen/ Confirmationem wiederfahren laſſen/ vnd ſie mit gewoͤhnlichen Ceremonien zu vollſtaͤndigen Kunſt-Verwandten erklaͤret.",auch dreyen poſtulirern ſo zuvorhero dieſe kunſt rechtmaͤſſig erlernet auff jhr damahliges anſuchen confirmationem wiederfahren laſſen vnd ſie mit gewoͤhnlichen ceremonien zu vollſtaͤndigen kunſtverwandten erklaͤret,auch dreyen postulirern so zuuorhero diese kunst rechtmassig erlernet auff ihr damahliges ansuchen confirmationem wiederfahren lassen und sie mit gewohnlichen ceremonien zu uollstandigen kunstuerwandten erklaret
oa_jubilaeum_1640,body,26,0,False,25,"Biß endlich gegen 1. Vhr die hierzu erbetene Herren vnd Gaͤſte/ ſich in einer ſonderbaren Stuben/ welche ziemlicher Groͤſſe/ mit Gemaͤlde/ friſchen Meyen/ ſchoͤnen Blumen vnd wolriechenden Graß/ auffs beſte geſchmuͤcket/ vnd gegen einem luſtigen Garten zu gelegen/ verſamlet/ vnd als ſolche in guter Ordnung geſetzet/ alſo/ daß an einem Theil der Stuben/ gegen Mittagwerts/ die Herren vnd Manns-Perſonen/ am andern die Cantorey ſampt dem Organiſten: Gegen Mitternachtwerts aber wieder an einem Theil/ das Frawenzimmer in ſchoͤner Ordnung/ am andern theil aber des Herrn Oratoris Tiſch/ hinder welchem er hernach mit anſehnlichen Qvaliteten vnd zierlichen Geſtibus eine anmuthige vnd ſinnreiche Teutſche Oration abgeredet/ lociret worden: Jſt darauff alſobalden/ vnd zwar mit gleichangehender Veſper ein Introitus, darauff ein Laudate, nach dieſem aber der 111. Pſal. figuraliter, vnd denn letzlich von der gantzen anweſenden Gemeine/ mit erhobener Stim̃e vnd fewriger Andacht/ der 103. Pſal: Nun lob mein Seel den HErren/ ꝛc. choraliter geſungen worden/ nach welches Beendung Herr M. Sebaſtianus Gottfried Starck/ SS. Theol. Bace. vnd der Schulen zu S. Nicol.",biß endlich gegen vhr die hierzu erbetene herren vnd gaͤſte ſich in einer ſonderbaren stuben welche ziemlicher groͤſſe mit gemaͤlde friſchen meyen ſchoͤnen blumen vnd wolriechenden graß auffs beſte geſchmuͤcket vnd gegen einem luſtigen garten zu gelegen verſamlet vnd als ſolche in guter ordnung geſetzet alſo daß an einem theil der stuben gegen mittagwerts die herren vnd mannsperſonen am andern die cantorey ſampt dem organiſten gegen mitternachtwerts aber wieder an einem theil das frawenzimmer in ſchoͤner ordnung am andern theil aber des herrn oratoris tiſch hinder welchem er hernach mit anſehnlichen qvaliteten vnd zierlichen geſtibus eine anmuthige vnd ſinnreiche teutſche oration abgeredet lociret worden jſt darauff alſobalden vnd zwar mit gleichangehender veſper ein introitus darauff ein laudate nach dieſem aber der pſal figuraliter vnd denn letzlich von der gantzen anweſenden gemeine mit erhobener stim̃e vnd fewriger andacht der pſal nun lob mein seel den herren ꝛc choraliter geſungen worden nach welches beendung herr m sebaſtianus gottfried starck ss theol bace vnd der schulen zu s nicol,biss endlich gegen uhr die hierzu erbetene herren und gaste sich in einer sonderbaren stuben welche ziemlicher grosse mit gemalde frischen meyen schonen blumen und wolriechenden grass auffs beste geschmucket und gegen einem lustigen garten zu gelegen uersamlet und als solche in guter ordnung gesetzet also dass an einem theil der stuben gegen mittagwerts die herren und mannspersonen am andern die cantorey sampt dem organisten gegen mitternachtwerts aber wieder an einem theil das frawenzimmer in schoner ordnung am andern theil aber des herrn oratoris tisch hinder welchem er hernach mit ansehnlichen qualiteten und zierlichen gestibus eine anmuthige und sinnreiche teutsche oration abgeredet lociret worden ist darauff alsobalden und zwar mit gleichangehender uesper ein introitus darauff ein laudate nach diesem aber der psal figuraliter und denn letzlich uon der gantzen anwesenden gemeine mit erhobener stimme und fewriger andacht der psal nun lob mein seel den herren c choraliter gesungen worden nach welches beendung herr m sebastianus gottfried starck ss theol bace und der schulen zu s nicol
oa_jubilaeum_1640,body,26,1,False,25,"Con-Rector, von ſeinem Ort auffgeſtanden/ hinder den jhme hierzubereiten/ vnd von der Wand etwas abgeruckten Tiſch getreten/ vnd mit ſonderbahrer Reverentz gegen die anweſenden Herren vnd Frawenzimmer/ oberwehnte Deutſche Oration auffs zierlichſte memoriter abgeleget/ wie ſolche von Wort zu Wort hernach geſetzt zubefinden.",conrector von ſeinem ort auffgeſtanden hinder den jhme hierzubereiten vnd von der wand etwas abgeruckten tiſch getreten vnd mit ſonderbahrer reverentz gegen die anweſenden herren vnd frawenzimmer oberwehnte deutſche oration auffs zierlichſte memoriter abgeleget wie ſolche von wort zu wort hernach geſetzt zubefinden,conrector uon seinem ort auffgestanden hinder den ihme hierzubereiten und uon der wand etwas abgeruckten tisch getreten und mit sonderbahrer reuerentz gegen die anwesenden herren und frawenzimmer oberwehnte deutsche oration auffs zierlichste memoriter abgeleget wie solche uon wort zu wort hernach gesetzt zubefinden
oa_jubilaeum_1640,body,26,2,True,26,"Als ſolche geendet/ iſt darauff alſobalden durch die Cantorey das Te Deum laudamus, oder Herr Gott dich loben wir/ ꝛc. angefangen/ von dem Organiſten auff dem Real darein geſchlagen/ vnd von allen anweſenden/ mit voͤlliger Stimme vnd mercklicher Devotion vnd Andacht zu ende gebracht/ nach ſolchem noch vnterſchiedene geiſtreiche Stuͤcke muſiciret, biß letzlich nochmals von der geſampten anweſenden Gemeine mit ſonderbahrer Begierde das ſchoͤne Geſaͤnglein: Erhalt vns Herr bey deinem Wort/ ꝛc. Jtem: Verleih vns Frieden gnaͤdiglich/ ꝛc. geſungen/ vnd dieſer Actus mit dem Benedicamus Domino, &c. beſchloſſen worden.",als ſolche geendet iſt darauff alſobalden durch die cantorey das te deum laudamus oder herr gott dich loben wir ꝛc angefangen von dem organiſten auff dem real darein geſchlagen vnd von allen anweſenden mit voͤlliger stimme vnd mercklicher devotion vnd andacht zu ende gebracht nach ſolchem noch vnterſchiedene geiſtreiche stuͤcke muſiciret biß letzlich nochmals von der geſampten anweſenden gemeine mit ſonderbahrer begierde das ſchoͤne geſaͤnglein erhalt vns herr bey deinem wort ꝛc jtem verleih vns frieden gnaͤdiglich ꝛc geſungen vnd dieſer actus mit dem benedicamus domino &c beſchloſſen worden,als solche geendet ist darauff alsobalden durch die cantorey das te deum laudamus oder herr gott dich loben wir c angefangen uon dem organisten auff dem real darein geschlagen und uon allen anwesenden mit uolliger stimme und mercklicher deuotion und andacht zu ende gebracht nach solchem noch unterschiedene geistreiche stucke musiciret biss letzlich nochmals uon der gesampten anwesenden gemeine mit sonderbahrer begierde das schone gesanglein erhalt uns herr bey deinem wort c item uerleih uns frieden gnadiglich c gesungen und dieser actus mit dem benedicamus domino etc beschlossen worden
oa_jubilaeum_1640,body,27,0,True,26,"Nach verrichtetem Gottesdienſt ſeynd die Anweſenden Herren vnd Frawenzimmer bey angeſtellter Ehren-Mahlzeit zuverwarten/ freundlich gebeten/ die Cantorey ſampt dem Organiſten auch/ ſolch Lob GOttes ferner biß zu Ende des Tages zu continuiren, erſuchet worden/ worauff man ſich zu Tiſche geſetzet/ vnd nach geſprochenem Benedicite der Gaben GOttes in Froͤligkeit genoſſen/ doch hat ſich dabey jederman ſtill/ erbar/ vnd in Chriſtlicher Andacht/ zur Ehre GOttes verhalten.",nach verrichtetem gottesdienſt ſeynd die anweſenden herren vnd frawenzimmer bey angeſtellter ehrenmahlzeit zuverwarten freundlich gebeten die cantorey ſampt dem organiſten auch ſolch lob gottes ferner biß zu ende des tages zu continuiren erſuchet worden worauff man ſich zu tiſche geſetzet vnd nach geſprochenem benedicite der gaben gottes in froͤligkeit genoſſen doch hat ſich dabey jederman ſtill erbar vnd in chriſtlicher andacht zur ehre gottes verhalten,nach uerrichtetem gottesdienst seynd die anwesenden herren und frawenzimmer bey angestellter ehrenmahlzeit zuuerwarten freundlich gebeten die cantorey sampt dem organisten auch solch lob gottes ferner biss zu ende des tages zu continuiren ersuchet worden worauff man sich zu tische gesetzet und nach gesprochenem benedicite der gaben gottes in froligkeit genossen doch hat sich dabey iederman still erbar und in christlicher andacht zur ehre gottes uerhalten
oa_jubilaeum_1640,body,28,0,True,26,Vnter waͤrender Mahlzeit iſt das Lob GOttes alſobalden wieder erſchollen/ vnd viel lobreiche Pſalmen/ wie auch andere geiſtliche Lieder figuraliter geſungen/ vnd ſolches biß zum Auffbruch continuiret worden.,vnter waͤrender mahlzeit iſt das lob gottes alſobalden wieder erſchollen vnd viel lobreiche pſalmen wie auch andere geiſtliche lieder figuraliter geſungen vnd ſolches biß zum auffbruch continuiret worden,unter warender mahlzeit ist das lob gottes alsobalden wieder erschollen und uiel lobreiche psalmen wie auch andere geistliche lieder figuraliter gesungen und solches biss zum auffbruch continuiret worden
oa_jubilaeum_1640,body,29,0,True,27,Als die Mahlzeit vollbracht/ das Gratias geſprochen/ vnd der 147. Pſalm/ Lobet den HErren/ Lobet den HErren/ ꝛc. geſungen/ ſind darauff etliche gedruckte Carmina vnd Ehren Schrifften/ ſo Vornehme/ Hoch- vnd Wohlgelarte Herren dieſer loͤblichen Kunſt zu Ehren/ (als Liebhaber vnd Befoͤrderer derſelben) eingeſchicket/ außgetheilet/ vnd hieruͤber allerley Chriſtliche gottſelige Geſpraͤche getrieben worden.,als die mahlzeit vollbracht das gratias geſprochen vnd der pſalm lobet den herren lobet den herren ꝛc geſungen ſind darauff etliche gedruckte carmina vnd ehren schrifften ſo vornehme hoch vnd wohlgelarte herren dieſer loͤblichen kunſt zu ehren als liebhaber vnd befoͤrderer derſelben eingeſchicket außgetheilet vnd hieruͤber allerley chriſtliche gottſelige geſpraͤche getrieben worden,als die mahlzeit uollbracht das gratias gesprochen und der psalm lobet den herren lobet den herren c gesungen sind darauff etliche gedruckte carmina und ehren schrifften so uornehme hoch und wohlgelarte herren dieser loblichen kunst zu ehren als liebhaber und beforderer derselben eingeschicket aussgetheilet und hieruber allerley christliche gottselige gesprache getrieben worden
oa_jubilaeum_1640,body,30,0,True,27,"Als dieſer Tag ſolcher geſtalt ſeine Endſchafft erlanget/ hat man zum Beſchluß deſſelben mit einmuͤtigem Hertzen/ vnd froͤlich erhobener Stimme/ vocal- vnd inſtrumentaliter, geſungen: Ein feſte Burgk iſt vnſer GOtt/ ꝛc. vnd darauff mit dem ſchoͤnen geiſtreichen Gloria:",als dieſer tag ſolcher geſtalt ſeine endſchafft erlanget hat man zum beſchluß deſſelben mit einmuͤtigem hertzen vnd froͤlich erhobener stimme vocal vnd inſtrumentaliter geſungen ein feſte burgk iſt vnſer gott ꝛc vnd darauff mit dem ſchoͤnen geiſtreichen gloria,als dieser tag solcher gestalt seine endschafft erlanget hat man zum beschluss desselben mit einmutigem hertzen und frolich erhobener stimme uocal und instrumentaliter gesungen ein feste burgk ist unser gott c und darauff mit dem schonen geistreichen gloria
oa_jubilaeum_1640,body,31,0,True,27,Ehre ſey GOtt dem Vater vnd dem Sohn/ vnd dem heiligen Geiſte/,ehre ſey gott dem vater vnd dem sohn vnd dem heiligen geiſte,ehre sey gott dem uater und dem sohn und dem heiligen geiste
oa_jubilaeum_1640,body,32,0,True,27,Wie es war im Anfang/ jetzt vnd immerdar/ vnd von Ewigkeit zu Ewigkeit/ Amen/,wie es war im anfang jetzt vnd immerdar vnd von ewigkeit zu ewigkeit amen,wie es war im anfang ietzt und immerdar und uon ewigkeit zu ewigkeit amen
oa_jubilaeum_1640,body,33,0,True,27,gluͤcklich vnd wol/ auch ohne jemands einigen Widerwillen oder Verdruß/ beſchloſſen.,gluͤcklich vnd wol auch ohne jemands einigen widerwillen oder verdruß beſchloſſen,glucklich und wol auch ohne iemands einigen widerwillen oder uerdruss beschlossen
oa_jubilaeum_1640,body,34,0,True,27,Wie es aber nicht gnug iſt/ ein Ding nur wol anfahen/ ſondern daß man daſſelbe ruͤhmlich hinaus fuͤhre: Alſo haben es auch vielerwehnte Kunſtverwandte nicht nur allein bey dieſes Tages verfuͤhrter Danckbarkeit vnd heiliger Andacht bewenden laſſen; Sondern ſie haben auch folgends des Lobes Gottes nicht vergeſſen/ wie ſie dann des andern vnd dritten Tages ſich wieder zuſammen verfuͤget/ nach jhrem Vermoͤgen dem Armuth etwas außgetheilet/ vnd zu ſtetwaͤrender Danckbarkeit gegen GOtt/ fuͤr ſolche hohe Gnade/ fleiſſig vnd embſig einander ermahnet/ dabey auch nochmals mit hertzlicher Andacht folgende Lieder geſungen/ als:,wie es aber nicht gnug iſt ein ding nur wol anfahen ſondern daß man daſſelbe ruͤhmlich hinaus fuͤhre alſo haben es auch vielerwehnte kunſtverwandte nicht nur allein bey dieſes tages verfuͤhrter danckbarkeit vnd heiliger andacht bewenden laſſen sondern ſie haben auch folgends des lobes gottes nicht vergeſſen wie ſie dann des andern vnd dritten tages ſich wieder zuſammen verfuͤget nach jhrem vermoͤgen dem armuth etwas außgetheilet vnd zu ſtetwaͤrender danckbarkeit gegen gott fuͤr ſolche hohe gnade fleiſſig vnd embſig einander ermahnet dabey auch nochmals mit hertzlicher andacht folgende lieder geſungen als,wie es aber nicht gnug ist ein ding nur wol anfahen sondern dass man dasselbe ruhmlich hinaus fuhre also haben es auch uielerwehnte kunstuerwandte nicht nur allein bey dieses tages uerfuhrter danckbarkeit und heiliger andacht bewenden lassen sondern sie haben auch folgends des lobes gottes nicht uergessen wie sie dann des andern und dritten tages sich wieder zusammen uerfuget nach ihrem uermogen dem armuth etwas aussgetheilet und zu stetwarender danckbarkeit gegen gott fur solche hohe gnade fleissig und embsig einander ermahnet dabey auch nochmals mit hertzlicher andacht folgende lieder gesungen als
oa_jubilaeum_1640,body,35,0,True,27,Wie ſchoͤn leuchtet der Morgenſtern/ ꝛc.,wie ſchoͤn leuchtet der morgenſtern ꝛc,wie schon leuchtet der morgenstern c
oa_jubilaeum_1640,body,36,0,True,27,Ein feſte Burgk iſt vnſer GOtt/ ꝛc.,ein feſte burgk iſt vnſer gott ꝛc,ein feste burgk ist unser gott c
oa_jubilaeum_1640,body,37,0,True,28,O HErre GOtt dein Goͤttlich Wort/ ꝛc.,o herre gott dein goͤttlich wort ꝛc,o herre gott dein gottlich wort c
oa_jubilaeum_1640,body,38,0,True,28,Nun lob mein Seel den HErren/ ꝛc.,nun lob mein seel den herren ꝛc,nun lob mein seel den herren c
oa_jubilaeum_1640,body,39,0,True,28,Erhalt vns HErꝛ bey deinem Wort/ ꝛc.,erhalt vns herꝛ bey deinem wort ꝛc,erhalt uns her bey deinem wort c
oa_jubilaeum_1640,body,40,0,True,28,Vnd letzlich mit dem troſtreichen Valet-Segen:,vnd letzlich mit dem troſtreichen valetsegen,und letzlich mit dem trostreichen ualetsegen
oa_jubilaeum_1640,body,41,0,True,28,GOtt ſey vns gnaͤdig vnd barmhertzig/,gott ſey vns gnaͤdig vnd barmhertzig,gott sey uns gnadig und barmhertzig
oa_jubilaeum_1640,body,42,0,True,28,Vnd gebe vns ſeinen Goͤttlichen Segen:,vnd gebe vns ſeinen goͤttlichen segen,und gebe uns seinen gottlichen segen
oa_jubilaeum_1640,body,43,0,True,28,Er laſſe vns ſein Antlitz leuchten/,er laſſe vns ſein antlitz leuchten,er lasse uns sein antlitz leuchten
oa_jubilaeum_1640,body,44,0,True,28,Daß wir auff Erden erkennen ſeine Wege:,daß wir auff erden erkennen ſeine wege,dass wir auff erden erkennen seine wege
oa_jubilaeum_1640,body,45,0,True,28,Es ſegne vns GOtt vnſer GOtt/,es ſegne vns gott vnſer gott,es segne uns gott unser gott
oa_jubilaeum_1640,body,46,0,True,28,Es ſegne vns GOtt/ vnd gebe vns ſeinen Friede/ Amen/,es ſegne vns gott vnd gebe vns ſeinen friede amen,es segne uns gott und gebe uns seinen friede amen
oa_jubilaeum_1640,body,48,0,True,28,dieſes jhr angeſtelltes Jubel-Feſt in der Furcht des Herren gaͤntzlichen beſchloſſen.,dieſes jhr angeſtelltes jubelfeſt in der furcht des herren gaͤntzlichen beſchloſſen,dieses ihr angestelltes iubelfest in der furcht des herren gantzlichen beschlossen
oa_jubilaeum_1640,body,49,0,False,28,"DEm grundguͤtigen/ allein weiſen vnd barmhertzigen GOTT ſey fuͤr die Erfindung vnd Erhaltung dieſer Edlen nutzbaren Kunſt/ wie auch fuͤr alle andere geiſtliche vnd leibliche Wolthaten/ nochmals Lob/ Preiß vnd Danck geſagt; vnd bitten ſeine Barmhertzigkeit/ Er wolle ſolch ſein Werck Jhme ferner ſelbſten laſſen befohlen ſeyn/ mit ſeiner Gnaden-Hand daruͤber vaͤterlich halten/ trewe vnd gutthaͤtige Patronen vnd Schutz-Herren erwecken/ welche ſich dieſer Kunſt vnd derer Anverwandten/ vaͤterlich annehmen/ den durch Landverderblichen Krieg/ Brand/ Pluͤnderung vnd allerley Drangſal gemachten Riß wiederumb erſetzen/ vnd zu wieder Auffnahm- vnd Befoͤrderung derſelben allen Vorſchub thun wollen/ damit ſolche werthe Kunſt noch ferner zu ſeines heiligen Namens Lob/ Ehr vnd Preiß/ zu Außbreitung ſeines allein ſeligmachenden Worts/ zu Erhaltung der loͤblichen nothwendigen Studia, vnd freyen Kuͤnſte/ wie auch zu vieler tauſend Menſchen ewigem Heyl vnd Seligkeit/ koͤnne vnverhindert getrieben/ vnd auff die liebe poſteritet propagiret vnd fortgepflantzet werden.",dem grundguͤtigen allein weiſen vnd barmhertzigen gott ſey fuͤr die erfindung vnd erhaltung dieſer edlen nutzbaren kunſt wie auch fuͤr alle andere geiſtliche vnd leibliche wolthaten nochmals lob preiß vnd danck geſagt vnd bitten ſeine barmhertzigkeit er wolle ſolch ſein werck jhme ferner ſelbſten laſſen befohlen ſeyn mit ſeiner gnadenhand daruͤber vaͤterlich halten trewe vnd gutthaͤtige patronen vnd schutzherren erwecken welche ſich dieſer kunſt vnd derer anverwandten vaͤterlich annehmen den durch landverderblichen krieg brand pluͤnderung vnd allerley drangſal gemachten riß wiederumb erſetzen vnd zu wieder auffnahm vnd befoͤrderung derſelben allen vorſchub thun wollen damit ſolche werthe kunſt noch ferner zu ſeines heiligen namens lob ehr vnd preiß zu außbreitung ſeines allein ſeligmachenden worts zu erhaltung der loͤblichen nothwendigen studia vnd freyen kuͤnſte wie auch zu vieler tauſend menſchen ewigem heyl vnd seligkeit koͤnne vnverhindert getrieben vnd auff die liebe poſteritet propagiret vnd fortgepflantzet werden,dem grundgutigen allein weisen und barmhertzigen gott sey fur die erfindung und erhaltung dieser edlen nutzbaren kunst wie auch fur alle andere geistliche und leibliche wolthaten nochmals lob preiss und danck gesagt und bitten seine barmhertzigkeit er wolle solch sein werck ihme ferner selbsten lassen befohlen seyn mit seiner gnadenhand daruber uaterlich halten trewe und gutthatige patronen und schutzherren erwecken welche sich dieser kunst und derer anuerwandten uaterlich annehmen den durch landuerderblichen krieg brand plunderung und allerley drangsal gemachten riss wiederumb ersetzen und zu wieder auffnahm und beforderung derselben allen uorschub thun wollen damit solche werthe kunst noch ferner zu seines heiligen namens lob ehr und preiss zu aussbreitung seines allein seligmachenden worts zu erhaltung der loblichen nothwendigen studia und freyen kunste wie auch zu uieler tausend menschen ewigem heyl und seligkeit konne unuerhindert getrieben und auff die liebe posteritet propagiret und fortgepflantzet werden
oa_jubilaeum_1640,body,49,1,True,29,Er wolle auch den lieben edlen langgewuͤndſchten Landfrieden beſcheren/ vnd vnſere liebe hohe Lands-Fuͤrſtliche Obrigkeit bey langwieriger guter Geſundheit/ gluͤcklicher vnd friedlicher Regierung/ auch allem anderm zeitlichem vnd ewigem Wolergehn gnaͤdiglich erhalten/ damit wir vnter dero Schutz vnd Schirm/ als vnter einem Feigenbaum vnd Weinſtock/ vnſer Leben vnd Wandel in aller Gottſeligkeit vnd Erbarkeit fuͤhren/ vnd dermaleins ſelig beſchlieſſen moͤgen/ vmb ſeines lieben Sohns JEſu Chriſti vnſers Herrn vnd Heylandes willen/ Amen!,er wolle auch den lieben edlen langgewuͤndſchten landfrieden beſcheren vnd vnſere liebe hohe landsfuͤrſtliche obrigkeit bey langwieriger guter geſundheit gluͤcklicher vnd friedlicher regierung auch allem anderm zeitlichem vnd ewigem wolergehn gnaͤdiglich erhalten damit wir vnter dero schutz vnd schirm als vnter einem feigenbaum vnd weinſtock vnſer leben vnd wandel in aller gottſeligkeit vnd erbarkeit fuͤhren vnd dermaleins ſelig beſchlieſſen moͤgen vmb ſeines lieben sohns jeſu chriſti vnſers herrn vnd heylandes willen amen,er wolle auch den lieben edlen langgewundschten landfrieden bescheren und unsere liebe hohe landsfurstliche obrigkeit bey langwieriger guter gesundheit glucklicher und friedlicher regierung auch allem anderm zeitlichem und ewigem wolergehn gnadiglich erhalten damit wir unter dero schutz und schirm als unter einem feigenbaum und weinstock unser leben und wandel in aller gottseligkeit und erbarkeit fuhren und dermaleins selig beschliessen mogen umb seines lieben sohns iesu christi unsers herrn und heylandes willen amen
oa_jubilaeum_1640,body,50,0,True,30,Bey Begehung dieſes Jubel-Feſtes/ haben ſich damals nachbeſchriebene Buchdrucker-Herꝛn in Leipzig befunden/ als:,bey begehung dieſes jubelfeſtes haben ſich damals nachbeſchriebene buchdruckerherꝛn in leipzig befunden als,bey begehung dieses iubelfestes haben sich damals nachbeschriebene buchdruckerhern in leipzig befunden als
oa_jubilaeum_1640,body,51,0,True,30,"Gregorius Ritzſch/ in deſſen Behauſung ſolcher Actus Jubilæi celebrirt worden/ Johannes Albertus Mintzelius,p. t. Præpoſ. Typogr. Lipſ.",gregorius ritzſch in deſſen behauſung ſolcher actus jubilæi celebrirt worden johannes albertus mintzeliusp t præpoſ typogr lipſ,gregorius ritzsch in dessen behausung solcher actus iubilaei celebrirt worden iohannes albertus mintzeliusp t praepos typogr lips
oa_jubilaeum_1640,item,52,0,True,30,Henningus Koͤler.,henningus koͤler,henningus koler
oa_jubilaeum_1640,item,53,0,True,30,Timotheus Ritzſch.,timotheus ritzſch,timotheus ritzsch
oa_jubilaeum_1640,item,54,0,True,30,Friderici Langkiſchen Sel. Erben.,friderici langkiſchen sel erben,friderici langkischen sel erben
oa_jubilaeum_1640,body,55,0,True,30,Wie auch nachfolgende Kunſtverwandte Geſellen/ als:,wie auch nachfolgende kunſtverwandte geſellen als,wie auch nachfolgende kunstuerwandte gesellen als
oa_jubilaeum_1640,item,56,0,True,30,Georg Schneidenbach/ von Reichenbach.,georg schneidenbach von reichenbach,georg schneidenbach uon reichenbach
oa_jubilaeum_1640,item,57,0,True,30,Caſpar Ermerſt/ von Leipzig.,caſpar ermerſt von leipzig,caspar ermerst uon leipzig
oa_jubilaeum_1640,item,58,0,True,30,Hans Tauber/ von Leipzig.,hans tauber von leipzig,hans tauber uon leipzig
oa_jubilaeum_1640,item,59,0,True,30,Martin Torgaw/ aus dem Ampt Weiſſenfelß.,martin torgaw aus dem ampt weiſſenfelß,martin torgaw aus dem ampt weissenfelss
oa_jubilaeum_1640,item,60,0,True,30,Timotheus Hoͤn/ von Orlamuͤnd.,timotheus hoͤn von orlamuͤnd,timotheus hon uon orlamund
oa_jubilaeum_1640,item,61,0,True,30,Georg Fuchs/ von Leipzig.,georg fuchs von leipzig,georg fuchs uon leipzig
oa_jubilaeum_1640,item,62,0,True,30,Joachim Gotter/ von Jlmenaw.,joachim gotter von jlmenaw,ioachim gotter uon ilmenaw
oa_jubilaeum_1640,item,63,0,True,30,Johann Muͤller/ von Augſpurg.,johann muͤller von augſpurg,iohann muller uon augspurg
oa_jubilaeum_1640,item,64,0,True,30,Nicolaus Schmidt/ von Hilperhauſen.,nicolaus schmidt von hilperhauſen,nicolaus schmidt uon hilperhausen
oa_jubilaeum_1640,item,65,0,True,30,Philippus Lang/ von Helmſtedt.,philippus lang von helmſtedt,philippus lang uon helmstedt
oa_jubilaeum_1640,item,66,0,True,30,Martin Herman/ von Leipzig.,martin herman von leipzig,martin herman uon leipzig
oa_jubilaeum_1640,body,67,0,True,30,Vnd denn die jenigen/ ſo an dieſem Drucker-Jubel-Feſt confirmationem erlanget/ als:,vnd denn die jenigen ſo an dieſem druckerjubelfeſt confirmationem erlanget als,und denn die ienigen so an diesem druckeriubelfest confirmationem erlanget als
oa_jubilaeum_1640,item,68,0,True,30,Gimel Bergen/ von Dreßden.,gimel bergen von dreßden,gimel bergen uon dressden
oa_jubilaeum_1640,item,69,0,True,30,"Chriſtian Nobis, von Zwickaw.",chriſtian nobis von zwickaw,christian nobis uon zwickaw
oa_jubilaeum_1640,item,70,0,True,30,Greger Kaͤrner/ von Waldſachſen.,greger kaͤrner von waldſachſen,greger karner uon waldsachsen
oa_jubilaeum_1640,body,71,0,True,30,"Soli Deo Gloria, per Seculorum Secula.",soli deo gloria per seculorum secula,soli deo gloria per seculorum secula
oa_jubilaeum_1640,body,72,0,True,31,Kurtze Hiſtoriſche Rede Von Der edlen/ weltberuͤhmten/ hochnuͤtzlichen Buch-Trucker-Kunſt,kurtze hiſtoriſche rede von der edlen weltberuͤhmten hochnuͤtzlichen buchtruckerkunſt,kurtze historische rede uon der edlen weltberuhmten hochnutzlichen buchtruckerkunst
oa_jubilaeum_1640,body,73,0,True,31,"Vff begehren gehalten von M. Sebastiano Gottfried Starcken Mittweidenſi Miſnico, der heiligen Schrifft Baccal. vnd der Schulen zu S. Niclas in Leipzig Con-Rectore.",vff begehren gehalten von m sebastiano gottfried starcken mittweidenſi miſnico der heiligen schrifft baccal vnd der schulen zu s niclas in leipzig conrectore,uff begehren gehalten uon m sebastiano gottfried starcken mittweidensi misnico der heiligen schrifft baccal und der schulen zu s niclas in leipzig conrectore
oa_jubilaeum_1640,body,74,0,False,31,BRoß ſind die Wercke des Herrn/ wer jhr achtet/ der hat eitel Luſt daran.,broß ſind die wercke des herrn wer jhr achtet der hat eitel luſt daran,bross sind die wercke des herrn wer ihr achtet der hat eitel lust daran
oa_jubilaeum_1640,body,74,1,False,31,Billich/ Großguͤnſtige Herren/ wiederhole ich dieſe Wort/ ſo nur jetzo ex Pſalm. 111. des Koͤnigl.,billich großguͤnſtige herren wiederhole ich dieſe wort ſo nur jetzo ex pſalm des koͤnigl,billich grossgunstige herren wiederhole ich diese wort so nur ietzo ex psalm des konigl
oa_jubilaeum_1640,body,74,2,False,31,"Propheten Davids lieblichen muſiciret, vnd brauche ſie zum Anfang vnd Eingang dieſer meiner Rede: Denn es iſt jhnen allerſeits be wuſt/ uͤmb welcher willen dieſe loͤbliche Zuſammenkunfft angeſtellet/ nemlichen/ es ſind nunmehro gleich Zweyhundert Jahr/ durch Gottes Gnade/ zu ruͤck geleget vnd verfloſſen/ da die vberaus ſchoͤne/ edle vnd hochpreißliche Wunder Kunſt der Buchdruckerey erfunden vnd ans Tageliecht kommen/ die denn in Warheit ein ſolches hohes vñ groſſes Gnadenwerck GOttes/ daß dergleichen bey dieſem Ende der Welt faſt nicht wird erfahren ſeyn.",propheten davids lieblichen muſiciret vnd brauche ſie zum anfang vnd eingang dieſer meiner rede denn es iſt jhnen allerſeits be wuſt uͤmb welcher willen dieſe loͤbliche zuſammenkunfft angeſtellet nemlichen es ſind nunmehro gleich zweyhundert jahr durch gottes gnade zu ruͤck geleget vnd verfloſſen da die vberaus ſchoͤne edle vnd hochpreißliche wunder kunſt der buchdruckerey erfunden vnd ans tageliecht kommen die denn in warheit ein ſolches hohes vñ groſſes gnadenwerck gottes daß dergleichen bey dieſem ende der welt faſt nicht wird erfahren ſeyn,propheten dauids lieblichen musiciret und brauche sie zum anfang und eingang dieser meiner rede denn es ist ihnen allerseits be wust umb welcher willen diese lobliche zusammenkunfft angestellet nemlichen es sind nunmehro gleich zweyhundert iahr durch gottes gnade zu ruck geleget und uerflossen da die uberaus schone edle und hochpreissliche wunder kunst der buchdruckerey erfunden und ans tageliecht kommen die denn in warheit ein solches hohes und grosses gnadenwerck gottes dass dergleichen bey diesem ende der welt fast nicht wird erfahren seyn
oa_jubilaeum_1640,body,74,3,False,31,Ein groß Wunderwerck iſt zwar auch die Archeley vnd Kunſt Geſchuͤtz/ Carthaunen vnd Buͤchſen zu gieſſen vñ zu bereiten/ welche auch nur vor weniger Zeit/ als nemlich im Jahr nach Chriſti Geburt 1378. durch Erfindung eines Teutſchen Moͤnchẽ/ Namens Conſtantin Anklitz/ oder wie andere wollen/ Berthold Schwartz a) jhren Anfang genommen: Aber bey weiten iſt ſie dieſer loͤblichen Drucker-Kunſt nicht zu vergleichen.,ein groß wunderwerck iſt zwar auch die archeley vnd kunſt geſchuͤtz carthaunen vnd buͤchſen zu gieſſen vñ zu bereiten welche auch nur vor weniger zeit als nemlich im jahr nach chriſti geburt durch erfindung eines teutſchen moͤnchẽ namens conſtantin anklitz oder wie andere wollen berthold schwartz a jhren anfang genommen aber bey weiten iſt ſie dieſer loͤblichen druckerkunſt nicht zu vergleichen,ein gross wunderwerck ist zwar auch die archeley und kunst geschutz carthaunen und buchsen zu giessen und zu bereiten welche auch nur uor weniger zeit als nemlich im iahr nach christi geburt durch erfindung eines teutschen monchen namens constantin anklitz oder wie andere wollen berthold schwartz a ihren anfang genommen aber bey weiten ist sie dieser loblichen druckerkunst nicht zu uergleichen
oa_jubilaeum_1640,body,74,4,False,32,Denn/ wie jhnen mehr als bekand/ ſo iſt ſelbe nur zum ſchaden vnd verderb: Dieſe aber zu Nutz vnd Auffnehmen der Menſchen angeſehen.,denn wie jhnen mehr als bekand ſo iſt ſelbe nur zum ſchaden vnd verderb dieſe aber zu nutz vnd auffnehmen der menſchen angeſehen,denn wie ihnen mehr als bekand so ist selbe nur zum schaden und uerderb diese aber zu nutz und auffnehmen der menschen angesehen
oa_jubilaeum_1640,body,74,5,False,32,Durch jene wird alles zernichtet/ verheeret vnd zerſtoͤret; Durch dieſe aber erhalten vnd vermehret.,durch jene wird alles zernichtet verheeret vnd zerſtoͤret durch dieſe aber erhalten vnd vermehret,durch iene wird alles zernichtet uerheeret und zerstoret durch diese aber erhalten und uermehret
oa_jubilaeum_1640,body,74,6,False,32,"Wer an jene nur gedencket/ der erſchricket dafuͤr/ wer aber dieſe achtet/ der hat eitel Luſt daran: Luſt empfindet man/ wenn man hoͤret wie ſelbe ſo wunderlich aus Anſchawung eines Wapenrings/ wie zwar Julius Cæſar Scaliger b) dafuͤr helt/ erfunden: Luſt/ wenn man ſihet/ wie bey derſelben alles ſo zierlich daher gehet/ daß man offt nicht weiß/ ob ſich mehr uͤber dem Schmucke/ oder uͤber der Geſchwindigkeit zu verwundern: Luſt/ wenn man erfaͤhret/ wie durch dieſelbe ſo groſſer Nutz der gantzen werthen Chriſtenheit zugewachſen vnd noch taͤglich zuwaͤchſet: Dahero auch die Herren Buchtruͤcker allhier bewogen vnter andern Ceremonien, ſo ſie wohlloͤblichen bey dieſer jhrer zweyhundert-jaͤhrigen Jubel-Frewde/ wie Sie ſie neñen/ adhibiren, auch eine kurtze Rede einzumiſchen/ ſo da ſonderlich von Erfindung dieſer hoch-edlen Drucker-Kunſt handeln moͤchte/ die ſie denn von meiner wenigen Perſon zu halten gebeten.",wer an jene nur gedencket der erſchricket dafuͤr wer aber dieſe achtet der hat eitel luſt daran luſt empfindet man wenn man hoͤret wie ſelbe ſo wunderlich aus anſchawung eines wapenrings wie zwar julius cæſar scaliger b dafuͤr helt erfunden luſt wenn man ſihet wie bey derſelben alles ſo zierlich daher gehet daß man offt nicht weiß ob ſich mehr uͤber dem schmucke oder uͤber der geſchwindigkeit zu verwundern luſt wenn man erfaͤhret wie durch dieſelbe ſo groſſer nutz der gantzen werthen chriſtenheit zugewachſen vnd noch taͤglich zuwaͤchſet dahero auch die herren buchtruͤcker allhier bewogen vnter andern ceremonien ſo ſie wohlloͤblichen bey dieſer jhrer zweyhundertjaͤhrigen jubelfrewde wie sie ſie neñen adhibiren auch eine kurtze rede einzumiſchen ſo da ſonderlich von erfindung dieſer hochedlen druckerkunſt handeln moͤchte die ſie denn von meiner wenigen perſon zu halten gebeten,wer an iene nur gedencket der erschricket dafur wer aber diese achtet der hat eitel lust daran lust empfindet man wenn man horet wie selbe so wunderlich aus anschawung eines wapenrings wie zwar iulius caesar scaliger b dafur helt erfunden lust wenn man sihet wie bey derselben alles so zierlich daher gehet dass man offt nicht weiss ob sich mehr uber dem schmucke oder uber der geschwindigkeit zu uerwundern lust wenn man erfahret wie durch dieselbe so grosser nutz der gantzen werthen christenheit zugewachsen und noch taglich zuwachset dahero auch die herren buchtrucker allhier bewogen unter andern ceremonien so sie wohlloblichen bey dieser ihrer zweyhundertiahrigen iubelfrewde wie sie sie nennen adhibiren auch eine kurtze rede einzumischen so da sonderlich uon erfindung dieser hochedlen druckerkunst handeln mochte die sie denn uon meiner wenigen person zu halten gebeten
oa_jubilaeum_1640,body,74,7,True,32,"Ob ich nun wol lieber wolte/ dieſe Provintz hette einem andern auffgetragen werden koͤnnen/ dem nicht nur allein dieſes Werck beſſer als mir kuͤndig/ ſondern der auch beredter/ vnd in dergleichen geuͤbter; Doch aber weil ſie ie alle alſo einhellig auff mich geſchloſſen/ vnd das Vertrawen zu mir geſchoͤpffet/ habe ich ihnen in dieſem von abhanden nicht gehen wollen/ ſondern es im Namen Gottes auff mich genom̃en: Vnd muß bekennen/ mit Frewden ſtehe ich jetzo allhier/ vnd halte dieſe Rede zu jhnen/ ſonderlich dahero/ weil ich ſehe/ daß alles einig vnd allein zum Lobe Gottes/ als dieſer Kunſt einigen vnd hoͤchſten Geber vnd Erhalter angeſehen: Frewde erwecket in meinen Augen die anweſende ſchoͤne Freqventz, vnd das wolzugerichtete vnd ſchoͤn-gezierte Loſament: Frewde in meinen Ohren die liebliche vnd wolklingende Muſic, die jetzo erſchollen: Frewde im Gemuͤth/ das groſſe Stillſchweigen vnd die geneigte attention/ ſo ſieallerſeits ſpuͤren laſſen/ vnd wuͤnſche von Hertzen/ daß ich jhnen mit dergleichen Liebligkeit begegnẽ moͤchte/ als ſie wol von mir hoffen moͤgen; Doch will ich thun was mein Vermoͤgen geben wird/ vnd demnach ohne fernere weitſchweiffende Wort das Werck angreiffen/ zu dieſem mal aber kuͤrtzlich/ wie es denn begehret worden/ von nichts mehr reden/ als",ob ich nun wol lieber wolte dieſe provintz hette einem andern auffgetragen werden koͤnnen dem nicht nur allein dieſes werck beſſer als mir kuͤndig ſondern der auch beredter vnd in dergleichen geuͤbter doch aber weil ſie ie alle alſo einhellig auff mich geſchloſſen vnd das vertrawen zu mir geſchoͤpffet habe ich ihnen in dieſem von abhanden nicht gehen wollen ſondern es im namen gottes auff mich genom̃en vnd muß bekennen mit frewden ſtehe ich jetzo allhier vnd halte dieſe rede zu jhnen ſonderlich dahero weil ich ſehe daß alles einig vnd allein zum lobe gottes als dieſer kunſt einigen vnd hoͤchſten geber vnd erhalter angeſehen frewde erwecket in meinen augen die anweſende ſchoͤne freqventz vnd das wolzugerichtete vnd ſchoͤngezierte loſament frewde in meinen ohren die liebliche vnd wolklingende muſic die jetzo erſchollen frewde im gemuͤth das groſſe stillſchweigen vnd die geneigte attention ſo ſieallerſeits ſpuͤren laſſen vnd wuͤnſche von hertzen daß ich jhnen mit dergleichen liebligkeit begegnẽ moͤchte als ſie wol von mir hoffen moͤgen doch will ich thun was mein vermoͤgen geben wird vnd demnach ohne fernere weitſchweiffende wort das werck angreiffen zu dieſem mal aber kuͤrtzlich wie es denn begehret worden von nichts mehr reden als,ob ich nun wol lieber wolte diese prouintz hette einem andern auffgetragen werden konnen dem nicht nur allein dieses werck besser als mir kundig sondern der auch beredter und in dergleichen geubter doch aber weil sie ie alle also einhellig auff mich geschlossen und das uertrawen zu mir geschopffet habe ich ihnen in diesem uon abhanden nicht gehen wollen sondern es im namen gottes auff mich genommen und muss bekennen mit frewden stehe ich ietzo allhier und halte diese rede zu ihnen sonderlich dahero weil ich sehe dass alles einig und allein zum lobe gottes als dieser kunst einigen und hochsten geber und erhalter angesehen frewde erwecket in meinen augen die anwesende schone frequentz und das wolzugerichtete und schongezierte losament frewde in meinen ohren die liebliche und wolklingende music die ietzo erschollen frewde im gemuth das grosse stillschweigen und die geneigte attention so sieallerseits spuren lassen und wunsche uon hertzen dass ich ihnen mit dergleichen liebligkeit begegnen mochte als sie wol uon mir hoffen mogen doch will ich thun was mein uermogen geben wird und demnach ohne fernere weitschweiffende wort das werck angreiffen zu diesem mal aber kurtzlich wie es denn begehret worden uon nichts mehr reden als
oa_jubilaeum_1640,body,75,0,True,33,Von der Edlen/ Vielberuͤhmten vnd hoͤchſtnuͤtzlichen Buchdrucker-Kunſt in gemein/ wo/ wer/ vnd zu welcher Zeit ſie erfunden.,von der edlen vielberuͤhmten vnd hoͤchſtnuͤtzlichen buchdruckerkunſt in gemein wo wer vnd zu welcher zeit ſie erfunden,uon der edlen uielberuhmten und hochstnutzlichen buchdruckerkunst in gemein wo wer und zu welcher zeit sie erfunden
oa_jubilaeum_1640,body,76,0,True,33,Die Herren wollen allerſeits in der willfaͤhrigen audientz beharren/ vnd wo je ein Fehler erfolgen moͤchte/ mir großguͤnſtig verzeihen.,die herren wollen allerſeits in der willfaͤhrigen audientz beharren vnd wo je ein fehler erfolgen moͤchte mir großguͤnſtig verzeihen,die herren wollen allerseits in der willfahrigen audientz beharren und wo ie ein fehler erfolgen mochte mir grossgunstig uerzeihen
oa_jubilaeum_1640,body,77,0,False,33,"SO iſt demnach/ nechſt GOtt dem Allerhoͤchſten/ dem Vater des Liechts/ von welchem vrſpruͤnglich alle gute Gaben herruͤhren/ vnſere werthe Mutter Germania, vnſer geliebtes Vaterland Teutſcher Nation, eine Erfinderin dieſer hochloͤblichen Buchtrucker-Kunſt/ vnd hat ſich ſonſten ſolches Ruhmes keine andere vnd außwertige Landſchafft anzumaſſen.",so iſt demnach nechſt gott dem allerhoͤchſten dem vater des liechts von welchem vrſpruͤnglich alle gute gaben herruͤhren vnſere werthe mutter germania vnſer geliebtes vaterland teutſcher nation eine erfinderin dieſer hochloͤblichen buchtruckerkunſt vnd hat ſich ſonſten ſolches ruhmes keine andere vnd außwertige landſchafft anzumaſſen,so ist demnach nechst gott dem allerhochsten dem uater des liechts uon welchem ursprunglich alle gute gaben herruhren unsere werthe mutter germania unser geliebtes uaterland teutscher nation eine erfinderin dieser hochloblichen buchtruckerkunst und hat sich sonsten solches ruhmes keine andere und ausswertige landschafft anzumassen
oa_jubilaeum_1640,body,77,1,False,33,"Zwar es haben ſich wol etliche auslaͤndiſche Neider vnterſtanden/ ſolche werthe Kunſt vnd Gabe GOttes von vns Teutſchen abzuwenden/ vnd ſolche hinden in Jndien zu verſtecken/ vnd Barbariſchen Voͤlckern zu zuſchreiben/ vnter welchen einer mit Namen Paulus Jovius ein Hiſtoricus, welcher c) vngeſchewt vorgeben darff/ wie er aus erfahrner Seefahrenden Leute relation, ſo die Jndianiſchen vnd Chiniſchen Fahrten erfunden vnd gehalten/ ſo viel verſtanden/ daß dieſe Drucker Kunſt ſchon lange zuvor/ ehe wir ſie allhier erlanget/ bey den Voͤlckern in dem Reich China uͤblichen vnd wol bekand geweſen.",zwar es haben ſich wol etliche auslaͤndiſche neider vnterſtanden ſolche werthe kunſt vnd gabe gottes von vns teutſchen abzuwenden vnd ſolche hinden in jndien zu verſtecken vnd barbariſchen voͤlckern zu zuſchreiben vnter welchen einer mit namen paulus jovius ein hiſtoricus welcher c vngeſchewt vorgeben darff wie er aus erfahrner seefahrenden leute relation ſo die jndianiſchen vnd chiniſchen fahrten erfunden vnd gehalten ſo viel verſtanden daß dieſe drucker kunſt ſchon lange zuvor ehe wir ſie allhier erlanget bey den voͤlckern in dem reich china uͤblichen vnd wol bekand geweſen,zwar es haben sich wol etliche auslandische neider unterstanden solche werthe kunst und gabe gottes uon uns teutschen abzuwenden und solche hinden in indien zu uerstecken und barbarischen uolckern zu zuschreiben unter welchen einer mit namen paulus iouius ein historicus welcher c ungeschewt uorgeben darff wie er aus erfahrner seefahrenden leute relation so die indianischen und chinischen fahrten erfunden und gehalten so uiel uerstanden dass diese drucker kunst schon lange zuuor ehe wir sie allhier erlanget bey den uolckern in dem reich china ublichen und wol bekand gewesen
oa_jubilaeum_1640,body,77,2,True,34,"Mit welchem andere vbereinſtimmen/ ſo da melden/ daß man Buͤcher finde/ welche vor 500. oder 600. Jahren in China getruckt/ d) ja dieſe Kunſt ſey uͤber aller Menſchen gedencken/ e) vnd habe ſie jhren Vrſprung alſobald mit dem Reich China, were von einem ausgeſonnen/ der hernach von den Einwohnern als ein Gott gehalten vnd geehret worden. f)",mit welchem andere vbereinſtimmen ſo da melden daß man buͤcher finde welche vor oder jahren in china getruckt d ja dieſe kunſt ſey uͤber aller menſchen gedencken e vnd habe ſie jhren vrſprung alſobald mit dem reich china were von einem ausgeſonnen der hernach von den einwohnern als ein gott gehalten vnd geehret worden f,mit welchem andere ubereinstimmen so da melden dass man bucher finde welche uor oder iahren in china getruckt d ia diese kunst sey uber aller menschen gedencken e und habe sie ihren ursprung alsobald mit dem reich china were uon einem ausgesonnen der hernach uon den einwohnern als ein gott gehalten und geehret worden f
oa_jubilaeum_1640,body,78,0,False,34,Ob nun wol dieſes mit der Warheit nicht allerdings uͤbereinkommet/ in dem die Autores jhnen theils ſelbſt wie derſprechen/ theils ſonſten jhren Glauben verdaͤchtig machen/ wie ſolches gnungſam von andern g) ausgefuͤhret/ vnd dahero vnnoͤthig/ daß man in Widerlegung derſelben viel Zeit zubringe.,ob nun wol dieſes mit der warheit nicht allerdings uͤbereinkommet in dem die autores jhnen theils ſelbſt wie derſprechen theils ſonſten jhren glauben verdaͤchtig machen wie ſolches gnungſam von andern g ausgefuͤhret vnd dahero vnnoͤthig daß man in widerlegung derſelben viel zeit zubringe,ob nun wol dieses mit der warheit nicht allerdings ubereinkommet in dem die autores ihnen theils selbst wie dersprechen theils sonsten ihren glauben uerdachtig machen wie solches gnungsam uon andern g ausgefuhret und dahero unnothig dass man in widerlegung derselben uiel zeit zubringe
oa_jubilaeum_1640,body,78,1,False,34,So mag es doch wol ſeyn/ maſſen wir gerne zugeben/ daß ſonderliche Art zu truͤcken in China im Schwange gehe/ ſie auch ziemlich nahe auff die Spur moͤgen kommen ſeyn.,so mag es doch wol ſeyn maſſen wir gerne zugeben daß ſonderliche art zu truͤcken in china im schwange gehe ſie auch ziemlich nahe auff die spur moͤgen kommen ſeyn,so mag es doch wol seyn massen wir gerne zugeben dass sonderliche art zu trucken in china im schwange gehe sie auch ziemlich nahe auff die spur mogen kommen seyn
oa_jubilaeum_1640,body,78,2,True,34,"Allein wir verneinen gantz/ daß ſie mit gleicher Beqvemligkeit jhre Schrifften verfertigen/ denn ſie haben nicht gewiſſe Buchſtaben wie wir/ ſondern vnzehliche Characteres, oder wie andere wollen/ uͤber 5000. Noten vnd Figuren/ deren jede ein gantz Wort bedeutet/ daß einer ein gut Gedaͤchtnuͤß bedarff/ biß er in dem leſen perfect, ſo auch die Vrſach/ warumb die Gelehrten bey jhnen in ſo groſſem Anſehen ſchweben. h) Vber diß ſo iſt auch jhre Art zu truͤcken gantz anders/ kein einiges Wort ſetzen ſie zuſammen/ ſondern druͤcken jetztgenandte jhre Notas vntereinander her/ von oben herab niederwarts/ nach der Art ſo ſie im ſchreiben gebrauchen/ vnd was dergleichen mehr/ i) ſo zu vnſerm Behuff koͤnte angezogen werdẽ/ aus welchẽ allen augenſcheinlich erhellet/ daß die Chiniſche Drucker-Art mit vnſer Buchdrucker Kunſt bey weiten/ ja faſt gar nicht uͤbereinſtimmet/ vnd alſo die Erfindung derſelben keines weges ſolchem Koͤnigreiche zuzuſchreiben; Beharret alſo der Ruhm nochmahls bey vnſerm geliebten Teutſch-Land: Weil aber daſſelbe in zwey Landſchafften pfleget ein- vnd abgetheilet zu werden/ deren eine das Oberdie andere das Nieder-Land genennet wird: Als erhebet ſich auch vnter dieſen beyden Streit/ welcher eigentlich der Preis dieſes wunder-Schatzes gehoͤre/ Niederland vñ in demſelben die Stadt Harlem/ will jhm ſolchen durchaus attribuiret vnd zugeeignet haben/ wie denn noch heut zu Tage allda auffm Marckte auswerts an den Koſteriſchen Hauſe dieſe Wort mit guͤldenen Buchſtaben geſchrieben ſtehen:",allein wir verneinen gantz daß ſie mit gleicher beqvemligkeit jhre schrifften verfertigen denn ſie haben nicht gewiſſe buchſtaben wie wir ſondern vnzehliche characteres oder wie andere wollen uͤber noten vnd figuren deren jede ein gantz wort bedeutet daß einer ein gut gedaͤchtnuͤß bedarff biß er in dem leſen perfect ſo auch die vrſach warumb die gelehrten bey jhnen in ſo groſſem anſehen ſchweben h vber diß ſo iſt auch jhre art zu truͤcken gantz anders kein einiges wort ſetzen ſie zuſammen ſondern druͤcken jetztgenandte jhre notas vntereinander her von oben herab niederwarts nach der art ſo ſie im ſchreiben gebrauchen vnd was dergleichen mehr i ſo zu vnſerm behuff koͤnte angezogen werdẽ aus welchẽ allen augenſcheinlich erhellet daß die chiniſche druckerart mit vnſer buchdrucker kunſt bey weiten ja faſt gar nicht uͤbereinſtimmet vnd alſo die erfindung derſelben keines weges ſolchem koͤnigreiche zuzuſchreiben beharret alſo der ruhm nochmahls bey vnſerm geliebten teutſchland weil aber daſſelbe in zwey landſchafften pfleget ein vnd abgetheilet zu werden deren eine das oberdie andere das niederland genennet wird als erhebet ſich auch vnter dieſen beyden streit welcher eigentlich der preis dieſes wunderschatzes gehoͤre niederland vñ in demſelben die stadt harlem will jhm ſolchen durchaus attribuiret vnd zugeeignet haben wie denn noch heut zu tage allda auffm marckte auswerts an den koſteriſchen hauſe dieſe wort mit guͤldenen buchſtaben geſchrieben ſtehen,allein wir uerneinen gantz dass sie mit gleicher bequemligkeit ihre schrifften uerfertigen denn sie haben nicht gewisse buchstaben wie wir sondern unzehliche characteres oder wie andere wollen uber noten und figuren deren iede ein gantz wort bedeutet dass einer ein gut gedachtnuss bedarff biss er in dem lesen perfect so auch die ursach warumb die gelehrten bey ihnen in so grossem ansehen schweben h uber diss so ist auch ihre art zu trucken gantz anders kein einiges wort setzen sie zusammen sondern drucken ietztgenandte ihre notas untereinander her uon oben herab niederwarts nach der art so sie im schreiben gebrauchen und was dergleichen mehr i so zu unserm behuff konte angezogen werden aus welchen allen augenscheinlich erhellet dass die chinische druckerart mit unser buchdrucker kunst bey weiten ia fast gar nicht ubereinstimmet und also die erfindung derselben keines weges solchem konigreiche zuzuschreiben beharret also der ruhm nochmahls bey unserm geliebten teutschland weil aber dasselbe in zwey landschafften pfleget ein und abgetheilet zu werden deren eine das oberdie andere das niederland genennet wird als erhebet sich auch unter diesen beyden streit welcher eigentlich der preis dieses wunderschatzes gehore niederland und in demselben die stadt harlem will ihm solchen durchaus attribuiret und zugeeignet haben wie denn noch heut zu tage allda auffm marckte auswerts an den kosterischen hause diese wort mit guldenen buchstaben geschrieben stehen
oa_jubilaeum_1640,body,79,0,True,35,Vnd iſt ſonderlich Hadrianus Junius embſig den erſten Anfang ſolcher Kunſt auff genante Stadt Harlem/ darinnen er Stadt-Phyſicus geweſen/ zu bringen/ wann er alſo ſchreibet:,vnd iſt ſonderlich hadrianus junius embſig den erſten anfang ſolcher kunſt auff genante stadt harlem darinnen er stadtphyſicus geweſen zu bringen wann er alſo ſchreibet,und ist sonderlich hadrianus iunius embsig den ersten anfang solcher kunst auff genante stadt harlem darinnen er stadtphysicus gewesen zu bringen wann er also schreibet
oa_jubilaeum_1640,body,80,0,False,36,Biß hieher Junius.,biß hieher junius,biss hieher iunius
oa_jubilaeum_1640,body,80,1,True,36,"Welche Narration vnd Erzehlung ob ſie wol ſpeciosè vorbracht/ ſo helt doch das Fundament, darauff ſie gegruͤndet/ den Stich nicht/ vnd zwar dahero/ weil ſie meiſt auff hoͤren ſagen Nicolai Gali vnd Qvirini Taleſi, vnd endlich auffm Zeugnuͤß eines achtzigjaͤhrigen Buchbinders Cornelii beruhet/ der ſich geruͤhmet/ daß er dazumal in ſolcher Kuͤſteriſchen Officin, als dieſer Diebſtal begangen/ ſubminiſter Junge geweſen were/ gleichwol aber den Namen des vermeynten Diebes/ mit dem er doch etliche Monat durch in einer Kammer geſchlaffen/ nicht zu nennen wiſſen: Welches deñ trefflich vnſcheinbar/ vnd dahero dieſen wichtigẽ Werck die Folge nicht wol gibet/ zu geſchweigen anderer Vmbſtaͤnde vnd inconvenientien, ſo gantz vnd gar mitdieſem Zeugnuͤß nicht koͤnnen conciliiret werden/ deren eineziemliche Anzahl anfuͤhret Herr D. Daniel Kramer/ Superintendens zu Stetin/ in Jobs bleyernem Schreibetaͤfelein/ l) dahin ich den guͤnſtigen Leſer geliebter Kuͤrtze halben hiermit verwieſen haben will.",welche narration vnd erzehlung ob ſie wol ſpeciosè vorbracht ſo helt doch das fundament darauff ſie gegruͤndet den stich nicht vnd zwar dahero weil ſie meiſt auff hoͤren ſagen nicolai gali vnd qvirini taleſi vnd endlich auffm zeugnuͤß eines achtzigjaͤhrigen buchbinders cornelii beruhet der ſich geruͤhmet daß er dazumal in ſolcher kuͤſteriſchen officin als dieſer diebſtal begangen ſubminiſter junge geweſen were gleichwol aber den namen des vermeynten diebes mit dem er doch etliche monat durch in einer kammer geſchlaffen nicht zu nennen wiſſen welches deñ trefflich vnſcheinbar vnd dahero dieſen wichtigẽ werck die folge nicht wol gibet zu geſchweigen anderer vmbſtaͤnde vnd inconvenientien ſo gantz vnd gar mitdieſem zeugnuͤß nicht koͤnnen conciliiret werden deren eineziemliche anzahl anfuͤhret herr d daniel kramer superintendens zu stetin in jobs bleyernem schreibetaͤfelein l dahin ich den guͤnſtigen leſer geliebter kuͤrtze halben hiermit verwieſen haben will,welche narration und erzehlung ob sie wol speciose uorbracht so helt doch das fundament darauff sie gegrundet den stich nicht und zwar dahero weil sie meist auff horen sagen nicolai gali und quirini talesi und endlich auffm zeugnuss eines achtzigiahrigen buchbinders cornelii beruhet der sich geruhmet dass er dazumal in solcher kusterischen officin als dieser diebstal begangen subminister iunge gewesen were gleichwol aber den namen des uermeynten diebes mit dem er doch etliche monat durch in einer kammer geschlaffen nicht zu nennen wissen welches denn trefflich unscheinbar und dahero diesen wichtigen werck die folge nicht wol gibet zu geschweigen anderer umbstande und inconuenientien so gantz und gar mitdiesem zeugnuss nicht konnen conciliiret werden deren eineziemliche anzahl anfuhret herr d daniel kramer superintendens zu stetin in iobs bleyernem schreibetafelein l dahin ich den gunstigen leser geliebter kurtze halben hiermit uerwiesen haben will
oa_jubilaeum_1640,body,81,0,False,36,"Ein beſſer vnd ſtaͤrcker Fundament haben wir Oberlaͤnder vnd Hochteutſchen/ wir fuſſen auff glaubwuͤrdiger Scribenten vnd vnſer Adverſarien eigenen Ausſage vnd hiſtoriſcher relation, die denn in dieſem einhellig uͤberein kommen/ daß die hoch-loͤbliche Ertzbiſchhoffliche Chur-Stadt Meyntz die Mutter ſey/ in welcher dieſe werthe Buchdruͤcker Kunſt in rechter perfection außgeſonnen/ vnd zum erſten mahl darinnen nicht ohne aller Welt Verwunderung zu uͤben angefangen.",ein beſſer vnd ſtaͤrcker fundament haben wir oberlaͤnder vnd hochteutſchen wir fuſſen auff glaubwuͤrdiger scribenten vnd vnſer adverſarien eigenen ausſage vnd hiſtoriſcher relation die denn in dieſem einhellig uͤberein kommen daß die hochloͤbliche ertzbiſchhoffliche churstadt meyntz die mutter ſey in welcher dieſe werthe buchdruͤcker kunſt in rechter perfection außgeſonnen vnd zum erſten mahl darinnen nicht ohne aller welt verwunderung zu uͤben angefangen,ein besser und starcker fundament haben wir oberlander und hochteutschen wir fussen auff glaubwurdiger scribenten und unser aduersarien eigenen aussage und historischer relation die denn in diesem einhellig uberein kommen dass die hochlobliche ertzbischhoffliche churstadt meyntz die mutter sey in welcher diese werthe buchdrucker kunst in rechter perfection aussgesonnen und zum ersten mahl darinnen nicht ohne aller welt uerwunderung zu uben angefangen
oa_jubilaeum_1640,body,81,1,False,37,"Zwar daß den Hollaͤndern hierinnen gantz nichts beyzumeſſen/ ſagen wir nicht/ denn ſelbe die Kupfferſtiche erfunden/ davon denn die Oberlaͤnder nachmals Anlaß vnd Gelegenheit genommen/ dem Wercke weiter nachzuſinnen/ biß ſie es endlichen zu einer ſolchen Vollkommenheit gebracht/ wie es jetzo am Tage iſt: Es iſt aber ein groſſer Vnterſcheid vnter einem ſchlechten geringen Anfang/ vnd vnter der perfection eines Wercks; vnd ſtimmet ſonderlich in dieſem mit vns ein das Chronicon Colonienſe, ſo Anno 1499. ausgangen/ wiewol es den Anfang auff einen alten Hollaͤndiſchen Donat verleget/ darinnen nachfolgende Wort zu leſen ſeyn ſollen: Wie wail die Kunſt is von den zo Mentz ob die Wyſe/ als dann nun„ gemeynlich gebruycht wirt/ ſo is doch die eyrſte Vurbyl-„ dung von den in Holland/ uyß den Donaten/ die daſelbſt„ vur der Zyt gedruckt ſyn.",zwar daß den hollaͤndern hierinnen gantz nichts beyzumeſſen ſagen wir nicht denn ſelbe die kupfferſtiche erfunden davon denn die oberlaͤnder nachmals anlaß vnd gelegenheit genommen dem wercke weiter nachzuſinnen biß ſie es endlichen zu einer ſolchen vollkommenheit gebracht wie es jetzo am tage iſt es iſt aber ein groſſer vnterſcheid vnter einem ſchlechten geringen anfang vnd vnter der perfection eines wercks vnd ſtimmet ſonderlich in dieſem mit vns ein das chronicon colonienſe ſo anno ausgangen wiewol es den anfang auff einen alten hollaͤndiſchen donat verleget darinnen nachfolgende wort zu leſen ſeyn ſollen wie wail die kunſt is von den zo mentz ob die wyſe als dann nun gemeynlich gebruycht wirt ſo is doch die eyrſte vurbyl dung von den in holland uyß den donaten die daſelbſt vur der zyt gedruckt ſyn,zwar dass den hollandern hierinnen gantz nichts beyzumessen sagen wir nicht denn selbe die kupfferstiche erfunden dauon denn die oberlander nachmals anlass und gelegenheit genommen dem wercke weiter nachzusinnen biss sie es endlichen zu einer solchen uollkommenheit gebracht wie es ietzo am tage ist es ist aber ein grosser unterscheid unter einem schlechten geringen anfang und unter der perfection eines wercks und stimmet sonderlich in diesem mit uns ein das chronicon coloniense so anno ausgangen wiewol es den anfang auff einen alten hollandischen donat uerleget darinnen nachfolgende wort zu lesen seyn sollen wie wail die kunst is uon den zo mentz ob die wyse als dann nun gemeynlich gebruycht wirt so is doch die eyrste uurbyl dung uon den in holland uyss den donaten die daselbst uur der zyt gedruckt syn
oa_jubilaeum_1640,body,81,2,True,37,Biſt vnd bleibeſtu demnach/ O du„ glorwuͤrdiges Teutſchland/ vnd in demſelben du hochberuͤhmte Stadt Meyntz/ eine Anfaͤngerin vnd Erfinderin dieſer edlen Kunſt/ ſolch Lob kan vnd mag von dir nun vnd nimmermehr genommen werden/ vnd dein Gedaͤchtnuͤß/ O du ſeliger Fauſt/ der du dich dieſer Kunſt erſtenmahls vnterſtanden/ muͤſſe nimmermehr verleſchen noch vntergehen!,biſt vnd bleibeſtu demnach o du glorwuͤrdiges teutſchland vnd in demſelben du hochberuͤhmte stadt meyntz eine anfaͤngerin vnd erfinderin dieſer edlen kunſt ſolch lob kan vnd mag von dir nun vnd nimmermehr genommen werden vnd dein gedaͤchtnuͤß o du ſeliger fauſt der du dich dieſer kunſt erſtenmahls vnterſtanden muͤſſe nimmermehr verleſchen noch vntergehen,bist und bleibestu demnach o du glorwurdiges teutschland und in demselben du hochberuhmte stadt meyntz eine anfangerin und erfinderin dieser edlen kunst solch lob kan und mag uon dir nun und nimmermehr genommen werden und dein gedachtnuss o du seliger faust der du dich dieser kunst erstenmahls unterstanden musse nimmermehr uerleschen noch untergehen
oa_jubilaeum_1640,item,82,0,False,37,Aber!,aber,aber
oa_jubilaeum_1640,body,82,1,False,37,was ſage ich?,was ſage ich,was sage ich
oa_jubilaeum_1640,body,82,2,False,37,Jſt denn Johannes Fauſt der Erſinner vnd Erfinder dieſes Wercks?,jſt denn johannes fauſt der erſinner vnd erfinder dieſes wercks,ist denn iohannes faust der ersinner und erfinder dieses wercks
oa_jubilaeum_1640,body,82,3,False,37,Alſo helt man gewiß dafuͤr: Etliche zwar/ als Polydorus Virgilius ein Welſcher aus dem Hertzogthumb Urbin buͤrtig/ m) Alexander Sardus von Ferrar/ n) vnd Gilb.,alſo helt man gewiß dafuͤr etliche zwar als polydorus virgilius ein welſcher aus dem hertzogthumb urbin buͤrtig m alexander sardus von ferrar n vnd gilb,also helt man gewiss dafur etliche zwar als polydorus uirgilius ein welscher aus dem hertzogthumb urbin burtig m alexander sardus uon ferrar n und gilb
oa_jubilaeum_1640,body,82,4,False,37,Geenebrardus von Pariß/ o) vnd andere mehr geben dafuͤr an Johann Guttenbergen Adeliches Geſchlechts von Straßburg.,geenebrardus von pariß o vnd andere mehr geben dafuͤr an johann guttenbergen adeliches geſchlechts von straßburg,geenebrardus uon pariss o und andere mehr geben dafur an iohann guttenbergen adeliches geschlechts uon strassburg
oa_jubilaeum_1640,body,82,5,False,38,"Allein wir fallen bey der erſten Meynung/ vnd beſtercket vns darinnen neben andern ſonderlich Aventinus, ein Vaͤyeriſcher Hiſtoricus, welcher nicht lange nach Erfindung dieſer Kunſt gelebet/ vnd als ein Teutſcher (weil die der andern Meynung zugethan ſeyn/ meiſt Auslaͤnder) den beſten Bericht hiervon thun koͤnnen/ der ſchreibet vnter andern alſo: p) Jm Jahr Chriſti 1450. hat Johannes „Fauſt ein Teutſcher/ ein Buͤrger zu Maͤyntz/ dem Menſchli „chen Geſchlecht eine groſſe vnd recht Goͤttliche Wolthat zuge „wand/ in dem/ daß er eine newe Art zu ſchreiben/ zweifels ohne „vom Himmel herab offenbahret/ (welches man Druckerey zu „nennen pfleget) erfunden.",allein wir fallen bey der erſten meynung vnd beſtercket vns darinnen neben andern ſonderlich aventinus ein vaͤyeriſcher hiſtoricus welcher nicht lange nach erfindung dieſer kunſt gelebet vnd als ein teutſcher weil die der andern meynung zugethan ſeyn meiſt auslaͤnder den beſten bericht hiervon thun koͤnnen der ſchreibet vnter andern alſo p jm jahr chriſti hat johannes fauſt ein teutſcher ein buͤrger zu maͤyntz dem menſchli chen geſchlecht eine groſſe vnd recht goͤttliche wolthat zuge wand in dem daß er eine newe art zu ſchreiben zweifels ohne vom himmel herab offenbahret welches man druckerey zu nennen pfleget erfunden,allein wir fallen bey der ersten meynung und bestercket uns darinnen neben andern sonderlich auentinus ein uayerischer historicus welcher nicht lange nach erfindung dieser kunst gelebet und als ein teutscher weil die der andern meynung zugethan seyn meist auslander den besten bericht hieruon thun konnen der schreibet unter andern also p im iahr christi hat iohannes faust ein teutscher ein burger zu mayntz dem menschli chen geschlecht eine grosse und recht gottliche wolthat zuge wand in dem dass er eine newe art zu schreiben zweifels ohne uom himmel herab offenbahret welches man druckerey zu nennen pfleget erfunden
oa_jubilaeum_1640,body,82,6,True,38,Diß himmliſche Werck/ welches „gedachter Fauſt vnd Petrus Schaͤffer von Gerensheim ſein „Eidam alſo in geheim gehalten/ daß ſich alle Geſellen mit Eyde „zum Stillſchweigen verpflichten muͤſſen/ das haben zehen Jahr „hernach des Fauſts Diener/ als Johannes Guttenberg/ ein „Straßburger/ in Teutſchland offenbahret: ſeine Kunſtver „wandten als Hulricus Hann vnd Xyſtus Reiſius habens gen „Rom vnd in Welſchland bracht.,diß himmliſche werck welches gedachter fauſt vnd petrus schaͤffer von gerensheim ſein eidam alſo in geheim gehalten daß ſich alle geſellen mit eyde zum stillſchweigen verpflichten muͤſſen das haben zehen jahr hernach des fauſts diener als johannes guttenberg ein straßburger in teutſchland offenbahret ſeine kunſtver wandten als hulricus hann vnd xyſtus reiſius habens gen rom vnd in welſchland bracht,diss himmlische werck welches gedachter faust und petrus schaffer uon gerensheim sein eidam also in geheim gehalten dass sich alle gesellen mit eyde zum stillschweigen uerpflichten mussen das haben zehen iahr hernach des fausts diener als iohannes guttenberg ein strassburger in teutschland offenbahret seine kunstuer wandten als hulricus hann und xystus reisius habens gen rom und in welschland bracht
oa_jubilaeum_1640,body,83,0,False,38,Dieſe relation des Aventini ſo ſie wahr/ wie wir denn nicht zweifeln/ halten wir nochmals fuͤr gewiß/ vnd bleiben dabey/ daß Johannes Fauſt dieſer Kunſt erſter Anfaͤnger vnd Außſinner geweſen.,dieſe relation des aventini ſo ſie wahr wie wir denn nicht zweifeln halten wir nochmals fuͤr gewiß vnd bleiben dabey daß johannes fauſt dieſer kunſt erſter anfaͤnger vnd außſinner geweſen,diese relation des auentini so sie wahr wie wir denn nicht zweifeln halten wir nochmals fur gewiss und bleiben dabey dass iohannes faust dieser kunst erster anfanger und ausssinner gewesen
oa_jubilaeum_1640,body,83,1,False,38,Es kan aber wol ſeyn/ daß Johannes Guttenberg/ weil er ein vornehmer/ ſcharffſinniger Kuͤnſtler/ vnd wie etliche wollen/ ein Goldſchmied geweſen ſeyn ſoll/ nachmals derſelben weiter nachgeſonnen vnd verbeſſert/ vnd alſo fuͤr Fauſten beruͤhmter worden/ denn wie leicht zu erachten/ da dieſe Kunſt erſtlich ausgebrochen/ iſt ſie mehlich fortgangen/ vnd hat fort einer hierinnen/ der andere darinnen/ wie es gehet/ einen Zuſatz gethan/ vnd das Ding mit mehrern Fuͤndlein geſchmuͤcket/ vnd auffgeholffen/ daß alſo durchs gemeine Geſchrey vnd oͤffentliches Verwundern dem einen ſo wol als dem andern die Erfindung zugeſchrieben worden.,es kan aber wol ſeyn daß johannes guttenberg weil er ein vornehmer ſcharffſinniger kuͤnſtler vnd wie etliche wollen ein goldſchmied geweſen ſeyn ſoll nachmals derſelben weiter nachgeſonnen vnd verbeſſert vnd alſo fuͤr fauſten beruͤhmter worden denn wie leicht zu erachten da dieſe kunſt erſtlich ausgebrochen iſt ſie mehlich fortgangen vnd hat fort einer hierinnen der andere darinnen wie es gehet einen zuſatz gethan vnd das ding mit mehrern fuͤndlein geſchmuͤcket vnd auffgeholffen daß alſo durchs gemeine geſchrey vnd oͤffentliches verwundern dem einen ſo wol als dem andern die erfindung zugeſchrieben worden,es kan aber wol seyn dass iohannes guttenberg weil er ein uornehmer scharffsinniger kunstler und wie etliche wollen ein goldschmied gewesen seyn soll nachmals derselben weiter nachgesonnen und uerbessert und also fur fausten beruhmter worden denn wie leicht zu erachten da diese kunst erstlich ausgebrochen ist sie mehlich fortgangen und hat fort einer hierinnen der andere darinnen wie es gehet einen zusatz gethan und das ding mit mehrern fundlein geschmucket und auffgeholffen dass also durchs gemeine geschrey und offentliches uerwundern dem einen so wol als dem andern die erfindung zugeschrieben worden
oa_jubilaeum_1640,body,83,2,True,39,Jſt aber/ wie mehr gedacht/ der Warheit wol am ehnlichſten/ daß der erſte Autor geweſen Johannes Fauſt/ welchem denn huͤlffliche Hand geleiſtet Johannes Guttenberg/ vnd Peter Schoͤffer von Gernsheim/ dem auch darauff Johannes Fauſt ſeine einige Tochter Chriſtina vermaͤhlet/ wie aus dem Aventino q) zu erſehen.,jſt aber wie mehr gedacht der warheit wol am ehnlichſten daß der erſte autor geweſen johannes fauſt welchem denn huͤlffliche hand geleiſtet johannes guttenberg vnd peter schoͤffer von gernsheim dem auch darauff johannes fauſt ſeine einige tochter chriſtina vermaͤhlet wie aus dem aventino q zu erſehen,ist aber wie mehr gedacht der warheit wol am ehnlichsten dass der erste autor gewesen iohannes faust welchem denn hulffliche hand geleistet iohannes guttenberg und peter schoffer uon gernsheim dem auch darauff iohannes faust seine einige tochter christina uermahlet wie aus dem auentino q zu ersehen
oa_jubilaeum_1640,body,84,0,True,39,Nun jhr ſeligen Leute/ O du gluͤckſeliger Fauſt/ O du guter Guttenberg/ O du trewer Schoͤffer/ eine edle hochloͤbliche Kunſt habt jhr erfunden/ dadurch ewer Lob nimmermehr ſtirbet/ ewer Gedaͤchtnuͤß wird bleiben/ ſo lange die Welt ſtehet/ euch muͤſſe dafuͤr ewig wohl ſeyn/ GOtt verleihe euch in der Erden eine ſanffte Ruhe/ vnd dermaleins am Tage der Herꝛligkeit eine froͤliche Aufferſtehung zum ewigen Leben/ Amen.,nun jhr ſeligen leute o du gluͤckſeliger fauſt o du guter guttenberg o du trewer schoͤffer eine edle hochloͤbliche kunſt habt jhr erfunden dadurch ewer lob nimmermehr ſtirbet ewer gedaͤchtnuͤß wird bleiben ſo lange die welt ſtehet euch muͤſſe dafuͤr ewig wohl ſeyn gott verleihe euch in der erden eine ſanffte ruhe vnd dermaleins am tage der herꝛligkeit eine froͤliche aufferſtehung zum ewigen leben amen,nun ihr seligen leute o du gluckseliger faust o du guter guttenberg o du trewer schoffer eine edle hochlobliche kunst habt ihr erfunden dadurch ewer lob nimmermehr stirbet ewer gedachtnuss wird bleiben so lange die welt stehet euch musse dafur ewig wohl seyn gott uerleihe euch in der erden eine sanffte ruhe und dermaleins am tage der herligkeit eine froliche aufferstehung zum ewigen leben amen
oa_jubilaeum_1640,body,85,0,False,39,"Hierauff folget nun die Zeit/ wann dieſe werthe Kunſt erfunden/ davon aber groß fragens zu treiben vnd weitlaͤufftig zu deduciren, achte ich fuͤr vnnoͤtig/ jhr nennet dieſe ewere Zuſammenkunfft ein zweyhundertjaͤhriges Jubel-Feſt/ dahero/ weil nunmehro gleich fuͤr 200. Jahren dieſe Wunder-Kunſt erſtesmal ans Tageliecht kommen/ iſt alſo hieraus gar leicht zuſchlieſſen/ dz das Jahr ſolcher Erfindung muß geweſen ſeyn das Jahr nach Chriſti Geburt 1440. Es ſcheinet zwar als wenn dieſes mit des Aventini wie auch des Sabellici Zeitrechnung nicht uͤberein komme/ in dem ſie dieſelbe allererſt auff das 1450. Jahr verleget.",hierauff folget nun die zeit wann dieſe werthe kunſt erfunden davon aber groß fragens zu treiben vnd weitlaͤufftig zu deduciren achte ich fuͤr vnnoͤtig jhr nennet dieſe ewere zuſammenkunfft ein zweyhundertjaͤhriges jubelfeſt dahero weil nunmehro gleich fuͤr jahren dieſe wunderkunſt erſtesmal ans tageliecht kommen iſt alſo hieraus gar leicht zuſchlieſſen dz das jahr ſolcher erfindung muß geweſen ſeyn das jahr nach chriſti geburt es ſcheinet zwar als wenn dieſes mit des aventini wie auch des sabellici zeitrechnung nicht uͤberein komme in dem ſie dieſelbe allererſt auff das jahr verleget,hierauff folget nun die zeit wann diese werthe kunst erfunden dauon aber gross fragens zu treiben und weitlaufftig zu deduciren achte ich fur unnotig ihr nennet diese ewere zusammenkunfft ein zweyhundertiahriges iubelfest dahero weil nunmehro gleich fur iahren diese wunderkunst erstesmal ans tageliecht kommen ist also hieraus gar leicht zuschliessen dz das iahr solcher erfindung muss gewesen seyn das iahr nach christi geburt es scheinet zwar als wenn dieses mit des auentini wie auch des sabellici zeitrechnung nicht uberein komme in dem sie dieselbe allererst auff das iahr uerleget
oa_jubilaeum_1640,body,85,1,True,39,"Allein Sabellici Wort r) gehen auff die Zeit/ wann dieſe Kunſt bey den Welſchen zu floriren angefangen/ wie ſolches der Context klar beſaget/ vnd alſo zugleich mit bezeuget/ daß Aventinus reden muͤſſe von dem Wercke/ wie es ſchon zu einem ziemlichẽ Stand gebracht: Wir aber haben anietzo ſonderlich vnſer abſehen auff den erſten Anfang/ der deñ/ als auch vnter andern Wimpfelingius s) bezeuget (wiewol er in Benennung der gewiſſen Perſon irret/ im Jahr Chriſti wie jetzo gedacht. 1440. vnter dem Kaͤyſer Friderico III. gemacht worden/ welche Zahl dann wann ich ſie nenne/ erinnere ich mich gleich was 100 Jahr hernach/ vnd alſo jetzo fuͤr 100. Jahren/ als nemblich Anno 1540. GOtt gleicher geſtalt vns/ der Lutheriſchen kleinen Herden/ vor eine hohe Wolthat erwieſen/ denn da melden die Hiſtorici, daß gleich zu derſelben Zeit D. Luther ſeine teutſche Bibel zum erſtenmal in ein Corpus zuſam̃en bringen/ vnd bey Johann Lufften zu Wittenberg druͤcken laſſen/ vnd ſetze ich auſſer Zweifel/ jetzt gedachter Johann Lufft werde uͤber ſolchem goͤttlichen Werck dazumal auch ſeine Jubel-Frewde gehalten/ vnd GOtt fuͤr dieſe hochnuͤtzliche Kunſt/ wie wir jetzo thun/ gelobet vnd gedancket haben/ wiewol er ſich hierdurch uͤmb den Pabſt ſchlecht verdient gemacht/ denn eben uͤmb dieſer Vrſachen willen iſt er jaͤhrlichen am Gruͤnen Donnerſtage auff ein Papier gemahlet/ mit groſſen vermaledeyen von dem heiligen Vater ins Fewer geworffen worden/ das aber der liebe Mann wenig geachtet/ vielmehr darzu gelachet/ vnd ſich gemeiniglich ſelben Tag mit einem Trunck luſtiger gemachet vñ Schertzweiſe geſaget: Heute werde ich zu Rom im Fewer gewaltig ſchwitzen/ derowegen muß ich mich im Truncke erholen/ vnd die Hitze dempffen vnd leſchen.",allein sabellici wort r gehen auff die zeit wann dieſe kunſt bey den welſchen zu floriren angefangen wie ſolches der context klar beſaget vnd alſo zugleich mit bezeuget daß aventinus reden muͤſſe von dem wercke wie es ſchon zu einem ziemlichẽ stand gebracht wir aber haben anietzo ſonderlich vnſer abſehen auff den erſten anfang der deñ als auch vnter andern wimpfelingius s bezeuget wiewol er in benennung der gewiſſen perſon irret im jahr chriſti wie jetzo gedacht vnter dem kaͤyſer friderico iii gemacht worden welche zahl dann wann ich ſie nenne erinnere ich mich gleich was jahr hernach vnd alſo jetzo fuͤr jahren als nemblich anno gott gleicher geſtalt vns der lutheriſchen kleinen herden vor eine hohe wolthat erwieſen denn da melden die hiſtorici daß gleich zu derſelben zeit d luther ſeine teutſche bibel zum erſtenmal in ein corpus zuſam̃en bringen vnd bey johann lufften zu wittenberg druͤcken laſſen vnd ſetze ich auſſer zweifel jetzt gedachter johann lufft werde uͤber ſolchem goͤttlichen werck dazumal auch ſeine jubelfrewde gehalten vnd gott fuͤr dieſe hochnuͤtzliche kunſt wie wir jetzo thun gelobet vnd gedancket haben wiewol er ſich hierdurch uͤmb den pabſt ſchlecht verdient gemacht denn eben uͤmb dieſer vrſachen willen iſt er jaͤhrlichen am gruͤnen donnerſtage auff ein papier gemahlet mit groſſen vermaledeyen von dem heiligen vater ins fewer geworffen worden das aber der liebe mann wenig geachtet vielmehr darzu gelachet vnd ſich gemeiniglich ſelben tag mit einem trunck luſtiger gemachet vñ schertzweiſe geſaget heute werde ich zu rom im fewer gewaltig ſchwitzen derowegen muß ich mich im truncke erholen vnd die hitze dempffen vnd leſchen,allein sabellici wort r gehen auff die zeit wann diese kunst bey den welschen zu floriren angefangen wie solches der context klar besaget und also zugleich mit bezeuget dass auentinus reden musse uon dem wercke wie es schon zu einem ziemlichen stand gebracht wir aber haben anietzo sonderlich unser absehen auff den ersten anfang der denn als auch unter andern wimpfelingius s bezeuget wiewol er in benennung der gewissen person irret im iahr christi wie ietzo gedacht unter dem kayser friderico iii gemacht worden welche zahl dann wann ich sie nenne erinnere ich mich gleich was iahr hernach und also ietzo fur iahren als nemblich anno gott gleicher gestalt uns der lutherischen kleinen herden uor eine hohe wolthat erwiesen denn da melden die historici dass gleich zu derselben zeit d luther seine teutsche bibel zum erstenmal in ein corpus zusammen bringen und bey iohann lufften zu wittenberg drucken lassen und setze ich ausser zweifel ietzt gedachter iohann lufft werde uber solchem gottlichen werck dazumal auch seine iubelfrewde gehalten und gott fur diese hochnutzliche kunst wie wir ietzo thun gelobet und gedancket haben wiewol er sich hierdurch umb den pabst schlecht uerdient gemacht denn eben umb dieser ursachen willen ist er iahrlichen am grunen donnerstage auff ein papier gemahlet mit grossen uermaledeyen uon dem heiligen uater ins fewer geworffen worden das aber der liebe mann wenig geachtet uielmehr darzu gelachet und sich gemeiniglich selben tag mit einem trunck lustiger gemachet und schertzweise gesaget heute werde ich zu rom im fewer gewaltig schwitzen derowegen muss ich mich im truncke erholen und die hitze dempffen und leschen
oa_jubilaeum_1640,body,86,0,False,40,Aber wir kommen wieder auff vnſere Drucker-Kunſt/ da ſolten wir nun auch handeln von deroſelben uͤberaus groſſen vñ herrlichen Nutzbarkeit/ allein wo der Anfang/ wo das Ende zu ſuchen/ ſehe ich nicht.,aber wir kommen wieder auff vnſere druckerkunſt da ſolten wir nun auch handeln von deroſelben uͤberaus groſſen vñ herrlichen nutzbarkeit allein wo der anfang wo das ende zu ſuchen ſehe ich nicht,aber wir kommen wieder auff unsere druckerkunst da solten wir nun auch handeln uon deroselben uberaus grossen und herrlichen nutzbarkeit allein wo der anfang wo das ende zu suchen sehe ich nicht
oa_jubilaeum_1640,body,86,1,False,40,Vnlaͤugbar iſt/ daß durch dieſe hochloͤbliche Kunſt alle andere Kuͤnſte verwaret/ erweitert/ vnd aus einem Lande ins andere gebracht/ alle denckwuͤrdige Geſchicht werden dadurch erhalten vnd ausgebreitet/ durch dieſe Kunſt werden viel tauſend Menſchen bekand vnd beruͤmbt gemacht/ die da ſonſten in einer geringen Zeit mit ewiger Vergeſſenheit begraben wuͤrden/ hierdurch haben wir alles/ was ein Menſch zur Tugend vnd Geſchickligkeit begehren moͤchte/ vnd mag man wol ſagen/ daß dieſe Kunſt ſey eine rechte Mutter ſo vieler gelehrter Leute/ denn man je bekennen muß/ daß ehe ſie erſunden/ gar wenig derſelben gegen dieſe vnſere ſeligen Zeit gegeben/ welches denn entſtanden von den vnertraͤglichen Koſten/ ſo man dazumal auff Buͤcher vmb- vnd aus-ſchreiben wenden muͤſſen.,vnlaͤugbar iſt daß durch dieſe hochloͤbliche kunſt alle andere kuͤnſte verwaret erweitert vnd aus einem lande ins andere gebracht alle denckwuͤrdige geſchicht werden dadurch erhalten vnd ausgebreitet durch dieſe kunſt werden viel tauſend menſchen bekand vnd beruͤmbt gemacht die da ſonſten in einer geringen zeit mit ewiger vergeſſenheit begraben wuͤrden hierdurch haben wir alles was ein menſch zur tugend vnd geſchickligkeit begehren moͤchte vnd mag man wol ſagen daß dieſe kunſt ſey eine rechte mutter ſo vieler gelehrter leute denn man je bekennen muß daß ehe ſie erſunden gar wenig derſelben gegen dieſe vnſere ſeligen zeit gegeben welches denn entſtanden von den vnertraͤglichen koſten ſo man dazumal auff buͤcher vmb vnd ausſchreiben wenden muͤſſen,unlaugbar ist dass durch diese hochlobliche kunst alle andere kunste uerwaret erweitert und aus einem lande ins andere gebracht alle denckwurdige geschicht werden dadurch erhalten und ausgebreitet durch diese kunst werden uiel tausend menschen bekand und berumbt gemacht die da sonsten in einer geringen zeit mit ewiger uergessenheit begraben wurden hierdurch haben wir alles was ein mensch zur tugend und geschickligkeit begehren mochte und mag man wol sagen dass diese kunst sey eine rechte mutter so uieler gelehrter leute denn man ie bekennen muss dass ehe sie ersunden gar wenig derselben gegen diese unsere seligen zeit gegeben welches denn entstanden uon den unertraglichen kosten so man dazumal auff bucher umb und ausschreiben wenden mussen
oa_jubilaeum_1640,body,86,2,False,41,Jetzo kan ein armer Mañ vmb ein ſchlechtes Geld jhm eine ſolche Bibliothec zulegen/ dergleichẽ wol zuvor kein Koͤnig vnd Fuͤrſt haben moͤgen/ Ja wenn dieſe Kunſt zu nichts anders zugebrauchen/ ſo were genung/ daß dardurch die H. Schrifft vnter den gemeinen Mann alſo bekand worden.,jetzo kan ein armer mañ vmb ein ſchlechtes geld jhm eine ſolche bibliothec zulegen dergleichẽ wol zuvor kein koͤnig vnd fuͤrſt haben moͤgen ja wenn dieſe kunſt zu nichts anders zugebrauchen ſo were genung daß dardurch die h schrifft vnter den gemeinen mann alſo bekand worden,ietzo kan ein armer mann umb ein schlechtes geld ihm eine solche bibliothec zulegen dergleichen wol zuuor kein konig und furst haben mogen ia wenn diese kunst zu nichts anders zugebrauchen so were genung dass dardurch die h schrifft unter den gemeinen mann also bekand worden
oa_jubilaeum_1640,body,86,3,False,41,"Jſt das nicht Wolthat/ daß man die gantze Bibel in einem ſchlechten Preiß haben mag/ alſo ſchoͤn daß man nur Luſt darein zu ſehen vnd darinnen zu leſen hat/ vnd wie leicht man die heiligen Geſchicht den kleinen Kindern anjetzo beybringen kan/ wenn man mit jhnen ſitzet/ vnd in der Bibel blettert/ iſt jhnen allerſeits wol wiſſend/ vnd hat dahero vnſer lieber Vater Lutherus S. dieſe Kunſt gar recht vnd wol genennet/u) Ultimum & poſtremum DEI donum, Die hoͤchſte vnd letzte Wolthat vnd Verehrung Gottes/ durch welche er die Sache des Evangelii forttreibet/ es iſt die letzte Flamme fuͤr dem Ausleſchen der Welt.",jſt das nicht wolthat daß man die gantze bibel in einem ſchlechten preiß haben mag alſo ſchoͤn daß man nur luſt darein zu ſehen vnd darinnen zu leſen hat vnd wie leicht man die heiligen geſchicht den kleinen kindern anjetzo beybringen kan wenn man mit jhnen ſitzet vnd in der bibel blettert iſt jhnen allerſeits wol wiſſend vnd hat dahero vnſer lieber vater lutherus s dieſe kunſt gar recht vnd wol genennet u ultimum & poſtremum dei donum die hoͤchſte vnd letzte wolthat vnd verehrung gottes durch welche er die sache des evangelii forttreibet es iſt die letzte flamme fuͤr dem ausleſchen der welt,ist das nicht wolthat dass man die gantze bibel in einem schlechten preiss haben mag also schon dass man nur lust darein zu sehen und darinnen zu lesen hat und wie leicht man die heiligen geschicht den kleinen kindern anietzo beybringen kan wenn man mit ihnen sitzet und in der bibel blettert ist ihnen allerseits wol wissend und hat dahero unser lieber uater lutherus s diese kunst gar recht und wol genennet u ultimum et postremum dei donum die hochste und letzte wolthat und uerehrung gottes durch welche er die sache des euangelii forttreibet es ist die letzte flamme fur dem ausleschen der welt
oa_jubilaeum_1640,body,86,4,True,41,Jn Summa/ was von Anbegin dieſer Kunſt in der Chriſtenheit fuͤr uͤberaus groſſer Nutz geſchehen vnd noch geſchicht/ iſt mit Zungen nicht auszuſprechen.,jn summa was von anbegin dieſer kunſt in der chriſtenheit fuͤr uͤberaus groſſer nutz geſchehen vnd noch geſchicht iſt mit zungen nicht auszuſprechen,in summa was uon anbegin dieser kunst in der christenheit fur uberaus grosser nutz geschehen und noch geschicht ist mit zungen nicht auszusprechen
oa_jubilaeum_1640,body,87,0,False,41,Denen Herren gebe ich noch zum Beſchluß nur dieſes zu bedencken anheim/ was dieſe loͤbliche Arbeit in nechſt vergangenen 100. Jahren zu Erhaltung vnd Fortpflantzung Goͤttliches Worts vnd Liechts des H. Evangelii geholffen/ vngeſchewt ſage ich/ wann es auſſer dieſer Kunſt geweſen/ Lutheri Lehre were in der Welt ſo weit nicht erſchollen/ als/ GOtt ſey ewig Lob/ geſchehen.,denen herren gebe ich noch zum beſchluß nur dieſes zu bedencken anheim was dieſe loͤbliche arbeit in nechſt vergangenen jahren zu erhaltung vnd fortpflantzung goͤttliches worts vnd liechts des h evangelii geholffen vngeſchewt ſage ich wann es auſſer dieſer kunſt geweſen lutheri lehre were in der welt ſo weit nicht erſchollen als gott ſey ewig lob geſchehen,denen herren gebe ich noch zum beschluss nur dieses zu bedencken anheim was diese lobliche arbeit in nechst uergangenen iahren zu erhaltung und fortpflantzung gottliches worts und liechts des h euangelii geholffen ungeschewt sage ich wann es ausser dieser kunst gewesen lutheri lehre were in der welt so weit nicht erschollen als gott sey ewig lob geschehen
oa_jubilaeum_1640,body,87,1,False,42,"Die einige Augſpurgiſche Confeſſion, (denn dieſer muß anietzo bey vns auch nicht vergeſſen werden/ weil ſie gleich Morgen vor 110. Jahren/ vnd iſt mir recht/ auch wol gleich dieſe Stunde/ auff dem demahligen groſſen Reichs Tag zu Augſpurg/ dem Keyſer Carolo V. von Johanne/ Chur fuͤrſten zu Sachſen/ neben ſeinen Glaubensgenoſſen allerſeits Chriſtmildeſter vnd Glorwuͤrdigſter Gedaͤchtnuͤß/ uͤbergeben/) wie offt vnd in wie vielen Sprachen ſie gedruckt vnd wiedergedruckt ſeyn mag/ wird wol kein Menſch ſagen koͤnnen.",die einige augſpurgiſche confeſſion denn dieſer muß anietzo bey vns auch nicht vergeſſen werden weil ſie gleich morgen vor jahren vnd iſt mir recht auch wol gleich dieſe stunde auff dem demahligen groſſen reichs tag zu augſpurg dem keyſer carolo v von johanne chur fuͤrſten zu sachſen neben ſeinen glaubensgenoſſen allerſeits chriſtmildeſter vnd glorwuͤrdigſter gedaͤchtnuͤß uͤbergeben wie offt vnd in wie vielen sprachen ſie gedruckt vnd wiedergedruckt ſeyn mag wird wol kein menſch ſagen koͤnnen,die einige augspurgische confession denn dieser muss anietzo bey uns auch nicht uergessen werden weil sie gleich morgen uor iahren und ist mir recht auch wol gleich diese stunde auff dem demahligen grossen reichs tag zu augspurg dem keyser carolo u uon iohanne chur fursten zu sachsen neben seinen glaubensgenossen allerseits christmildester und glorwurdigster gedachtnuss ubergeben wie offt und in wie uielen sprachen sie gedruckt und wiedergedruckt seyn mag wird wol kein mensch sagen konnen
oa_jubilaeum_1640,body,87,2,True,42,Solcher offt wiederholete Druck aber koͤmpt mir anders nicht vor/ als der Saame/ durch welchen ſolche Lehre in die gantze Welt ausgeſtrewet worden.,solcher offt wiederholete druck aber koͤmpt mir anders nicht vor als der saame durch welchen ſolche lehre in die gantze welt ausgeſtrewet worden,solcher offt wiederholete druck aber kompt mir anders nicht uor als der saame durch welchen solche lehre in die gantze welt ausgestrewet worden
oa_jubilaeum_1640,body,88,0,False,42,"Jch erinnere mich jetzo der Feder/ welche Hertzog Friederichen Churfuͤrſten zu Sachſen/ ꝛc. im Traum iſt vorkommen/ die mit Lutheri ſchrifften alſo geknarret/ daß mans zu Rom gehoͤret hat/ vnd deucht mich ſolcher Feder faſt ehnlich ſeyn vnſere Buchdruckerey/ ich meine dieſe hat dem Pabſt in die Augen geſtochen vnd in die Ohren geknarret/ daß er mit Buͤcher verbrennen/ darauff er ſo fertig/ noch nicht ruhen kan/ aber er wird jhm dennoch wohl die Aſchen in die Augen muͤſſen ſteuben laſſen/ vnd gebe ich vornemblich auch in dieſem Herꝛn D. Cramero w) Beyfall/ daß diß Werck der Truckerey ein ſonderlicher Vhrſprung vnd Wegbereitung/ ein anteambulo Lutheraniſmi, ein Vorlaͤuffer ſey der nicht lang hernach darauff erfolgenden Erleuterung des heiligen Evangelii wider die Finſternůß des Pabſthumbs gleicher geſtalt im Teutzſchland durch GOttes Verleihung erſtlich in dieſen letzten Zeiten auffgangen. Aber!",jch erinnere mich jetzo der feder welche hertzog friederichen churfuͤrſten zu sachſen ꝛc im traum iſt vorkommen die mit lutheri ſchrifften alſo geknarret daß mans zu rom gehoͤret hat vnd deucht mich ſolcher feder faſt ehnlich ſeyn vnſere buchdruckerey ich meine dieſe hat dem pabſt in die augen geſtochen vnd in die ohren geknarret daß er mit buͤcher verbrennen darauff er ſo fertig noch nicht ruhen kan aber er wird jhm dennoch wohl die aſchen in die augen muͤſſen ſteuben laſſen vnd gebe ich vornemblich auch in dieſem herꝛn d cramero w beyfall daß diß werck der truckerey ein ſonderlicher vhrſprung vnd wegbereitung ein anteambulo lutheraniſmi ein vorlaͤuffer ſey der nicht lang hernach darauff erfolgenden erleuterung des heiligen evangelii wider die finſternůß des pabſthumbs gleicher geſtalt im teutzſchland durch gottes verleihung erſtlich in dieſen letzten zeiten auffgangen aber,ich erinnere mich ietzo der feder welche hertzog friederichen churfursten zu sachsen c im traum ist uorkommen die mit lutheri schrifften also geknarret dass mans zu rom gehoret hat und deucht mich solcher feder fast ehnlich seyn unsere buchdruckerey ich meine diese hat dem pabst in die augen gestochen und in die ohren geknarret dass er mit bucher uerbrennen darauff er so fertig noch nicht ruhen kan aber er wird ihm dennoch wohl die aschen in die augen mussen steuben lassen und gebe ich uornemblich auch in diesem hern d cramero w beyfall dass diss werck der truckerey ein sonderlicher uhrsprung und wegbereitung ein anteambulo lutheranismi ein uorlauffer sey der nicht lang hernach darauff erfolgenden erleuterung des heiligen euangelii wider die finsternuss des pabsthumbs gleicher gestalt im teutzschland durch gottes uerleihung erstlich in diesen letzten zeiten auffgangen aber
oa_jubilaeum_1640,body,88,1,True,42,bey ſo hellen klaren Liecht weiter viel Wort zu machen/ vnd die Herꝛen laͤnger mit meiner uͤbel formirten Rede auffzuhalten/ achte ich vor vnnoͤtig.,bey ſo hellen klaren liecht weiter viel wort zu machen vnd die herꝛen laͤnger mit meiner uͤbel formirten rede auffzuhalten achte ich vor vnnoͤtig,bey so hellen klaren liecht weiter uiel wort zu machen und die heren langer mit meiner ubel formirten rede auffzuhalten achte ich uor unnotig
oa_jubilaeum_1640,body,89,0,False,42,Zum Beſchluß wende ich mich zu euch/ jhr Herren Buchtrucker/ vnd alle derſelben Kunſt Verwandten/ die jhr anjetzo nicht ohne ſonderbare Koſten dieſe Feſtivitet angeſtellet.,zum beſchluß wende ich mich zu euch jhr herren buchtrucker vnd alle derſelben kunſt verwandten die jhr anjetzo nicht ohne ſonderbare koſten dieſe feſtivitet angeſtellet,zum beschluss wende ich mich zu euch ihr herren buchtrucker und alle derselben kunst uerwandten die ihr anietzo nicht ohne sonderbare kosten diese festiuitet angestellet
oa_jubilaeum_1640,body,89,1,False,43,So viel ich ſpuͤre vnd hoͤre/ iſt ewer vornembſter Zweck/ darnach jhr hierdurch zielet/ das Lob Gottes: Nun loͤblich iſt dieſes/ halt euch deſſen verſichert/ deſſen Lob jhr ſuchet/ der wird euch dieſes nicht vnbelohnet laſſen/ muͤſſet jhr gleich jetzo in einen ſawern Apffel beiſſen/ weil wegen des leidigen Kriegsweſens vnd dahero entſpringenden ſchweren Zeiten ewre Kunſt faſt ligen wil/ Nun GOtt wird ſchon Mittel verſchaffen/ dadurch ſie wiederumb in Schwang gebracht/ vnd euch gerathen vnd geholffen werden wird.,so viel ich ſpuͤre vnd hoͤre iſt ewer vornembſter zweck darnach jhr hierdurch zielet das lob gottes nun loͤblich iſt dieſes halt euch deſſen verſichert deſſen lob jhr ſuchet der wird euch dieſes nicht vnbelohnet laſſen muͤſſet jhr gleich jetzo in einen ſawern apffel beiſſen weil wegen des leidigen kriegsweſens vnd dahero entſpringenden ſchweren zeiten ewre kunſt faſt ligen wil nun gott wird ſchon mittel verſchaffen dadurch ſie wiederumb in schwang gebracht vnd euch gerathen vnd geholffen werden wird,so uiel ich spure und hore ist ewer uornembster zweck darnach ihr hierdurch zielet das lob gottes nun loblich ist dieses halt euch dessen uersichert dessen lob ihr suchet der wird euch dieses nicht unbelohnet lassen musset ihr gleich ietzo in einen sawern apffel beissen weil wegen des leidigen kriegswesens und dahero entspringenden schweren zeiten ewre kunst fast ligen wil nun gott wird schon mittel uerschaffen dadurch sie wiederumb in schwang gebracht und euch gerathen und geholffen werden wird
oa_jubilaeum_1640,body,89,2,False,43,Werdet jhr gleich anietzo getrucket/ nimmermehr muͤſſet noch ſollet jhr gantz vntergetruͤcket werden.,werdet jhr gleich anietzo getrucket nimmermehr muͤſſet noch ſollet jhr gantz vntergetruͤcket werden,werdet ihr gleich anietzo getrucket nimmermehr musset noch sollet ihr gantz untergetrucket werden
oa_jubilaeum_1640,body,89,3,False,43,Jhr lebet in einem goͤttlichen Stande/ des troͤſtet euch; Jhr lebet in einem beruͤhmten Stande/ des frewet euch; Jhr lebet in einem hochnuͤtzlichen Stande/ des erinnert euch/ vnd ringet darnach/ wie jhr noch weiter in ſolchen ewrem Stande Gottes Lob vnd Ehre befoͤrdern moͤget.,jhr lebet in einem goͤttlichen stande des troͤſtet euch jhr lebet in einem beruͤhmten stande des frewet euch jhr lebet in einem hochnuͤtzlichen stande des erinnert euch vnd ringet darnach wie jhr noch weiter in ſolchen ewrem stande gottes lob vnd ehre befoͤrdern moͤget,ihr lebet in einem gottlichen stande des trostet euch ihr lebet in einem beruhmten stande des frewet euch ihr lebet in einem hochnutzlichen stande des erinnert euch und ringet darnach wie ihr noch weiter in solchen ewrem stande gottes lob und ehre befordern moget
oa_jubilaeum_1640,body,89,4,True,43,GOtt leſſet jhm nicht vmbſonſt dienen/ das glaͤubet gewißlich.,gott leſſet jhm nicht vmbſonſt dienen das glaͤubet gewißlich,gott lesset ihm nicht umbsonst dienen das glaubet gewisslich
oa_jubilaeum_1640,body,90,0,False,43,Dieſem groſſen/ alleinweiſen vnd grundguͤtigen Gott ſey Lob/ Ehr/ Preis vnd Danck/ wie fuͤr alle andere/ alſo auch fuͤr dieſe hohe Wolthat der edlen Buchdruckerkunſt/ der wolle noch ferner biß ans Ende der Welt ſelbe in guten Flor erhalten/ vnd dadurch ſein Reich erweitern/ auch euch allen dieſer Kunſt zugethanen reichlichen geben vnd beſcheren/ was euch nuͤtzlich vnd erſprießlich ſeyn mag/ an Leib vñ Seele/ hier zeitlich vnd dort ewig.,dieſem groſſen alleinweiſen vnd grundguͤtigen gott ſey lob ehr preis vnd danck wie fuͤr alle andere alſo auch fuͤr dieſe hohe wolthat der edlen buchdruckerkunſt der wolle noch ferner biß ans ende der welt ſelbe in guten flor erhalten vnd dadurch ſein reich erweitern auch euch allen dieſer kunſt zugethanen reichlichen geben vnd beſcheren was euch nuͤtzlich vnd erſprießlich ſeyn mag an leib vñ seele hier zeitlich vnd dort ewig,diesem grossen alleinweisen und grundgutigen gott sey lob ehr preis und danck wie fur alle andere also auch fur diese hohe wolthat der edlen buchdruckerkunst der wolle noch ferner biss ans ende der welt selbe in guten flor erhalten und dadurch sein reich erweitern auch euch allen dieser kunst zugethanen reichlichen geben und bescheren was euch nutzlich und erspriesslich seyn mag an leib und seele hier zeitlich und dort ewig
oa_jubilaeum_1640,body,90,1,True,43,Der HErr ſegne euch vnd behuͤte euch/ der HErr laſſe ſein Antlitz leuchten uͤber euch vnd ſey euch gnaͤdig/ der HErr erhebe ſein Angeſicht uͤber euch vnd gebe euch Friede.,der herr ſegne euch vnd behuͤte euch der herr laſſe ſein antlitz leuchten uͤber euch vnd ſey euch gnaͤdig der herr erhebe ſein angeſicht uͤber euch vnd gebe euch friede,der herr segne euch und behute euch der herr lasse sein antlitz leuchten uber euch und sey euch gnadig der herr erhebe sein angesicht uber euch und gebe euch friede
oa_jubilaeum_1640,body,91,0,True,43,Der Friede Gottes/ welcher hoͤher iſt denn alle Vernunfft/ der bewahre vnſere Hertzen vnd Sinne in Chriſto Jeſu zum ewigen Leben/ Amen.,der friede gottes welcher hoͤher iſt denn alle vernunfft der bewahre vnſere hertzen vnd sinne in chriſto jeſu zum ewigen leben amen,der friede gottes welcher hoher ist denn alle uernunfft der bewahre unsere hertzen und sinne in christo iesu zum ewigen leben amen
oa_jubilaeum_1640,body,92,0,True,44,Folget nun auff einander/ was in etlichen Predigten/ am Tage Johannis des Teuffers Anno 1640. von Erfindung der Buchdruckerey vnd dero Nutzbarkeit iſt gedacht worden.,folget nun auff einander was in etlichen predigten am tage johannis des teuffers anno von erfindung der buchdruckerey vnd dero nutzbarkeit iſt gedacht worden,folget nun auff einander was in etlichen predigten am tage iohannis des teuffers anno uon erfindung der buchdruckerey und dero nutzbarkeit ist gedacht worden
oa_jubilaeum_1640,body,93,0,False,44,"Extract aus einer Predigt am Tage Johannis des Teuffers/ von dem Wol-Ehrwuͤrdigen/ Großachtbaren vnd Hochgelahrten Herrn Johann Hoͤpnern/ der H. Schrifft Doctore vnd Profeſſore, des Churfuͤrſtl. Saͤchſ.",extract aus einer predigt am tage johannis des teuffers von dem wolehrwuͤrdigen großachtbaren vnd hochgelahrten herrn johann hoͤpnern der h schrifft doctore vnd profeſſore des churfuͤrſtl saͤchſ,extract aus einer predigt am tage iohannis des teuffers uon dem wolehrwurdigen grossachtbaren und hochgelahrten herrn iohann hopnern der h schrifft doctore und professore des churfurstl sachs
oa_jubilaeum_1640,body,93,1,False,44,"Conſiſtorii Aſſeſſore, Canonico zu Meiſſen/ des kleinen Fuͤrſten.",conſiſtorii aſſeſſore canonico zu meiſſen des kleinen fuͤrſten,consistorii assessore canonico zu meissen des kleinen fursten
oa_jubilaeum_1640,body,93,2,True,44,"Collegii Collegiato, der Univerſitet Decemviro, Pfarrern zu S. Nicolai vnd Superintendenten.",collegii collegiato der univerſitet decemviro pfarrern zu s nicolai vnd superintendenten,collegii collegiato der uniuersitet decemuiro pfarrern zu s nicolai und superintendenten
oa_jubilaeum_1640,head,94,0,True,44,De Chalcographiâ.,de chalcographiâ,de chalcographia
oa_jubilaeum_1640,body,95,0,False,44,ALs die Zeit erfuͤllet war/ daß GOtt der Herr das Liecht aus der Paͤbſtiſchen Finſternuͤß wolte laſſen herfuͤr leuchten/ hat er zuvor der Welt in dieſen Teutſchen Landen eine ſonderliche hohe Wolthat vñ Gabe beſcheret/ welche er hernach zur Ausbreitung ſeines ſeligmachenden Worts gebraucht hat.,als die zeit erfuͤllet war daß gott der herr das liecht aus der paͤbſtiſchen finſternuͤß wolte laſſen herfuͤr leuchten hat er zuvor der welt in dieſen teutſchen landen eine ſonderliche hohe wolthat vñ gabe beſcheret welche er hernach zur ausbreitung ſeines ſeligmachenden worts gebraucht hat,als die zeit erfullet war dass gott der herr das liecht aus der pabstischen finsternuss wolte lassen herfur leuchten hat er zuuor der welt in diesen teutschen landen eine sonderliche hohe wolthat und gabe bescheret welche er hernach zur ausbreitung seines seligmachenden worts gebraucht hat
oa_jubilaeum_1640,body,95,1,False,44,Dieſe Gabe vnd Wolthat iſt geweſen die edle freye Kunſt der Druckerey: Welche jhren Vrſprung zu Meyntz in Deutſchland genom̃en hat/ vnd hat GOtt ſolche Kunſt herfuͤr gebracht/ durch Johann Fauſten/ Johann Guttenbergen/ vnd Petrum Schoͤffer/ welche einander geholſſen haben/ vnd wie es in Erfindung newer Kuͤnſte pfleget zu geſchehen/ hat einer bald dieſes/ der ander ein anders durch Eingebung GOttes/ vnd durch ſcharffes Nachſinnen erfunden/ biß mit der Zeit ſolche Kunſt zur Vollkommenheit gebracht/ vnd in hohen æſtimio vnd Werth gehalten worden.,dieſe gabe vnd wolthat iſt geweſen die edle freye kunſt der druckerey welche jhren vrſprung zu meyntz in deutſchland genom̃en hat vnd hat gott ſolche kunſt herfuͤr gebracht durch johann fauſten johann guttenbergen vnd petrum schoͤffer welche einander geholſſen haben vnd wie es in erfindung newer kuͤnſte pfleget zu geſchehen hat einer bald dieſes der ander ein anders durch eingebung gottes vnd durch ſcharffes nachſinnen erfunden biß mit der zeit ſolche kunſt zur vollkommenheit gebracht vnd in hohen æſtimio vnd werth gehalten worden,diese gabe und wolthat ist gewesen die edle freye kunst der druckerey welche ihren ursprung zu meyntz in deutschland genommen hat und hat gott solche kunst herfur gebracht durch iohann fausten iohann guttenbergen und petrum schoffer welche einander geholssen haben und wie es in erfindung newer kunste pfleget zu geschehen hat einer bald dieses der ander ein anders durch eingebung gottes und durch scharffes nachsinnen erfunden biss mit der zeit solche kunst zur uollkommenheit gebracht und in hohen aestimio und werth gehalten worden
oa_jubilaeum_1640,body,95,2,False,45,Solches iſt geſchehen im Jahr Chriſti 1440. gleich vor 200. Jahren.,solches iſt geſchehen im jahr chriſti gleich vor jahren,solches ist geschehen im iahr christi gleich uor iahren
oa_jubilaeum_1640,body,95,3,False,45,Darauff hat GOtt das Liecht ſeines Worts Anno 1517. durch ſeinen trewen hierzu erwehlten Ruͤſtzeug den Herrn D. Martinum Lutherum angezuͤndet.,darauff hat gott das liecht ſeines worts anno durch ſeinen trewen hierzu erwehlten ruͤſtzeug den herrn d martinum lutherum angezuͤndet,darauff hat gott das liecht seines worts anno durch seinen trewen hierzu erwehlten rustzeug den herrn d martinum lutherum angezundet
oa_jubilaeum_1640,body,95,4,False,45,Was nu GOTT der Herr durch die edle Druckerkunſt ſeinem heiligen Wort fuͤr einen ſchnellen Lauff verliehen/ das iſt ruͤhmens vnd lobens werth.,was nu gott der herr durch die edle druckerkunſt ſeinem heiligen wort fuͤr einen ſchnellen lauff verliehen das iſt ruͤhmens vnd lobens werth,was nu gott der herr durch die edle druckerkunst seinem heiligen wort fur einen schnellen lauff uerliehen das ist ruhmens und lobens werth
oa_jubilaeum_1640,body,95,5,False,45,Wenn wir alleine die in Druck verfertigte deutſche Bibel des Herrn Lutheri betrachten/ ſo iſt mit Worten nicht auszuſprechen/ was ſolche Deutſche Bibel fur eine groſſe Huͤlffe zu Wiederbringung der reinen vnverfaͤlſchten Religion gethan hat.,wenn wir alleine die in druck verfertigte deutſche bibel des herrn lutheri betrachten ſo iſt mit worten nicht auszuſprechen was ſolche deutſche bibel fur eine groſſe huͤlffe zu wiederbringung der reinen vnverfaͤlſchten religion gethan hat,wenn wir alleine die in druck uerfertigte deutsche bibel des herrn lutheri betrachten so ist mit worten nicht auszusprechen was solche deutsche bibel fur eine grosse hulffe zu wiederbringung der reinen unuerfalschten religion gethan hat
oa_jubilaeum_1640,body,95,6,False,45,Zuvorher hatte der Herr Lutherus das Newe Teſtament Deutſch laſſen in Druck gehen.,zuvorher hatte der herr lutherus das newe teſtament deutſch laſſen in druck gehen,zuuorher hatte der herr lutherus das newe testament deutsch lassen in druck gehen
oa_jubilaeum_1640,body,95,7,False,45,Denn zuvor hat man im Pabſtumb nichts mehr als die Sontags- vnd Feſt-Evangelia vnd dit Epiſteltexte ſampt der Paſſions Hiſtorien gehabt.,denn zuvor hat man im pabſtumb nichts mehr als die sontags vnd feſtevangelia vnd dit epiſteltexte ſampt der paſſions hiſtorien gehabt,denn zuuor hat man im pabstumb nichts mehr als die sontags und festeuangelia und dit episteltexte sampt der passions historien gehabt
oa_jubilaeum_1640,body,95,8,False,45,Wie hertzlich wol hat ſolch New Teſtament den Leuten gefallen.,wie hertzlich wol hat ſolch new teſtament den leuten gefallen,wie hertzlich wol hat solch new testament den leuten gefallen
oa_jubilaeum_1640,body,95,9,False,45,Aber Hertzog George hat ſolch Newes Teſtament bey hoher Straffe allhier zu Leipzig feil zu haben verboten/ vnd als ein Buchfuͤhrer mit Namen Hans Herrgott/ Anno 1524. ſolch Newes Teſtament vnd andere Lutheriſche Buͤcher in die Stadt gebracht/ hat Hertzog George jhm deßwegen auff dem Marckt den Kopff abſchlagen laſſen.,aber hertzog george hat ſolch newes teſtament bey hoher straffe allhier zu leipzig feil zu haben verboten vnd als ein buchfuͤhrer mit namen hans herrgott anno ſolch newes teſtament vnd andere lutheriſche buͤcher in die stadt gebracht hat hertzog george jhm deßwegen auff dem marckt den kopff abſchlagen laſſen,aber hertzog george hat solch newes testament bey hoher straffe allhier zu leipzig feil zu haben uerboten und als ein buchfuhrer mit namen hans herrgott anno solch newes testament und andere lutherische bucher in die stadt gebracht hat hertzog george ihm desswegen auff dem marckt den kopff abschlagen lassen
oa_jubilaeum_1640,body,95,10,False,45,Dieſer Buchfuͤhrer iſt als ein rechter Johannit/ vnd frewdiger Bekenner der Evangeliſchen Warheit geſtorben: Alſo wird noch heut bey Tage/ durch die edle Kunſt der Buchdruckerey das Reich GOttes gewaltiglich geſtaͤrcket vnd ausgebreitet.,dieſer buchfuͤhrer iſt als ein rechter johannit vnd frewdiger bekenner der evangeliſchen warheit geſtorben alſo wird noch heut bey tage durch die edle kunſt der buchdruckerey das reich gottes gewaltiglich geſtaͤrcket vnd ausgebreitet,dieser buchfuhrer ist als ein rechter iohannit und frewdiger bekenner der euangelischen warheit gestorben also wird noch heut bey tage durch die edle kunst der buchdruckerey das reich gottes gewaltiglich gestarcket und ausgebreitet
oa_jubilaeum_1640,body,95,11,True,45,Derowegen auch ſolche edle Kunſt zur Ehre GOttes/ zu Ausbreitung ſeines heiligen Worts/ vnd zu Erhaltung vnd fortpflantzung der freyen Kuͤnſte/ Sprachen vnd Diſciplinen ſoll gebraucht vnd keines weges aus Geitz vnd eigen Nutz gemißbraucht werden/ wie ſolcher Mißbrauch hoͤchlichen zu beklagen vnd hefftig zu ſtraffen iſt.,derowegen auch ſolche edle kunſt zur ehre gottes zu ausbreitung ſeines heiligen worts vnd zu erhaltung vnd fortpflantzung der freyen kuͤnſte sprachen vnd diſciplinen ſoll gebraucht vnd keines weges aus geitz vnd eigen nutz gemißbraucht werden wie ſolcher mißbrauch hoͤchlichen zu beklagen vnd hefftig zu ſtraffen iſt,derowegen auch solche edle kunst zur ehre gottes zu ausbreitung seines heiligen worts und zu erhaltung und fortpflantzung der freyen kunste sprachen und disciplinen soll gebraucht und keines weges aus geitz und eigen nutz gemissbraucht werden wie solcher missbrauch hochlichen zu beklagen und hefftig zu straffen ist
oa_jubilaeum_1640,body,96,0,False,46,Was durch ſolche Buchdruckerey fuͤr ein rauher ſchwerer Weg zu dem Studieren geweſt/ vnd was es fuͤr groſſe Muͤhe vnd Vnkoſten hat verurſacht/ ſo viel vnd mancherley Buͤcher auszuſchreiben/ das iſt leichtlichen zu erachten.,was durch ſolche buchdruckerey fuͤr ein rauher ſchwerer weg zu dem studieren geweſt vnd was es fuͤr groſſe muͤhe vnd vnkoſten hat verurſacht ſo viel vnd mancherley buͤcher auszuſchreiben das iſt leichtlichen zu erachten,was durch solche buchdruckerey fur ein rauher schwerer weg zu dem studieren gewest und was es fur grosse muhe und unkosten hat uerursacht so uiel und mancherley bucher auszuschreiben das ist leichtlichen zu erachten
oa_jubilaeum_1640,body,96,1,False,46,Jetzt kan ein einiger Buchdrucker mehr ausrichten/ als etliche 100. Schreiber.,jetzt kan ein einiger buchdrucker mehr ausrichten als etliche schreiber,ietzt kan ein einiger buchdrucker mehr ausrichten als etliche schreiber
oa_jubilaeum_1640,body,96,2,False,46,Was gibt das fuͤr Foͤrderung in allen Kuͤnſten/ Sprachen vnd Facultaͤten?,was gibt das fuͤr foͤrderung in allen kuͤnſten sprachen vnd facultaͤten,was gibt das fur forderung in allen kunsten sprachen und facultaten
oa_jubilaeum_1640,body,96,3,False,46,Ja in allen Staͤnden der Chriſtenheit?,ja in allen staͤnden der chriſtenheit,ia in allen standen der christenheit
oa_jubilaeum_1640,body,96,4,False,46,Junge vnd Alte haben ſich dieſer hochnuͤtzlichen Kunſt zu erfrewen/ vnd dem allweiſn guͤtigen GOTT zu dancken/ daß er dem Menſchlichen Geſchlecht zur Wolfahrt ſolche Kunſt durch ſeinen Geiſt dem erſten Buchdrucker eingegeben/ vnd ſolch edles koͤſtliches Werck numehr in die 200. Jahr vnter vns erhalten/ vnd dadurch „alle Staͤte vnd Laͤnder mit ſehr nuͤtzlichen vnd vnzehlichen „Buͤchern erfuͤllet hat.,junge vnd alte haben ſich dieſer hochnuͤtzlichen kunſt zu erfrewen vnd dem allweiſn guͤtigen gott zu dancken daß er dem menſchlichen geſchlecht zur wolfahrt ſolche kunſt durch ſeinen geiſt dem erſten buchdrucker eingegeben vnd ſolch edles koͤſtliches werck numehr in die jahr vnter vns erhalten vnd dadurch alle staͤte vnd laͤnder mit ſehr nuͤtzlichen vnd vnzehlichen buͤchern erfuͤllet hat,iunge und alte haben sich dieser hochnutzlichen kunst zu erfrewen und dem allweisn gutigen gott zu dancken dass er dem menschlichen geschlecht zur wolfahrt solche kunst durch seinen geist dem ersten buchdrucker eingegeben und solch edles kostliches werck numehr in die iahr unter uns erhalten und dadurch alle state und lander mit sehr nutzlichen und unzehlichen buchern erfullet hat
oa_jubilaeum_1640,body,96,5,False,46,Darumb ſollen billich alle Leute/ ſonder „lich die Gelehrten dem grundguͤtigen GOtt fuͤr ſolche Wol „that hertzlich dancken/ vnd ein jeder gebuͤhrlichen Fleiß anlegen/ „damit ſolche Kuͤnſt vnter vns erhalten/ vnd auff die Nachkom „men gebracht werde.,darumb ſollen billich alle leute ſonder lich die gelehrten dem grundguͤtigen gott fuͤr ſolche wol that hertzlich dancken vnd ein jeder gebuͤhrlichen fleiß anlegen damit ſolche kuͤnſt vnter vns erhalten vnd auff die nachkom men gebracht werde,darumb sollen billich alle leute sonder lich die gelehrten dem grundgutigen gott fur solche wol that hertzlich dancken und ein ieder gebuhrlichen fleiss anlegen damit solche kunst unter uns erhalten und auff die nachkom men gebracht werde
oa_jubilaeum_1640,body,96,6,False,46,Wie aber in dem jetzigen Kriegsweſen der Stand der Gelehrten/ die Kirchen/ Schulen vnd Vniverſi „taͤten gedruckt vnd ruinirt werden/ welches doch nicht ſeyn ſol „te/ wenn wir anders gluͤckſeliglich kriegen wollen: Alſo wird „auch dieſe Druckerkunſt vnd alles/ was mit Pappier vnd Buͤchern handelt/ gedruckt vnd mercklich gehindert/ vnd geſchicht dadurch der werthen poſteritet ein vnuͤberwindlicher Schade/ welchen man jetzt nicht mercket/ aber man wird es wol gewahr werden.,wie aber in dem jetzigen kriegsweſen der stand der gelehrten die kirchen schulen vnd vniverſi taͤten gedruckt vnd ruinirt werden welches doch nicht ſeyn ſol te wenn wir anders gluͤckſeliglich kriegen wollen alſo wird auch dieſe druckerkunſt vnd alles was mit pappier vnd buͤchern handelt gedruckt vnd mercklich gehindert vnd geſchicht dadurch der werthen poſteritet ein vnuͤberwindlicher schade welchen man jetzt nicht mercket aber man wird es wol gewahr werden,wie aber in dem ietzigen kriegswesen der stand der gelehrten die kirchen schulen und uniuersi taten gedruckt und ruinirt werden welches doch nicht seyn sol te wenn wir anders gluckseliglich kriegen wollen also wird auch diese druckerkunst und alles was mit pappier und buchern handelt gedruckt und mercklich gehindert und geschicht dadurch der werthen posteritet ein unuberwindlicher schade welchen man ietzt nicht mercket aber man wird es wol gewahr werden
oa_jubilaeum_1640,body,96,7,False,46,Wie viel Pappier-Muͤhlen ſind verwuͤſtet worden?,wie viel pappiermuͤhlen ſind verwuͤſtet worden,wie uiel pappiermuhlen sind uerwustet worden
oa_jubilaeum_1640,body,96,8,False,47,vnd weil der Buͤcher Verlag nicht mehr erfolget/ ſo bleiben ſehr viel nuͤtzliche vnd noͤthige Werck liegen/ damit den Kirchen vnd allen Staͤnden der Chriſtenheit mercklich koͤnte gerathen vnd geholffen werden.,vnd weil der buͤcher verlag nicht mehr erfolget ſo bleiben ſehr viel nuͤtzliche vnd noͤthige werck liegen damit den kirchen vnd allen staͤnden der chriſtenheit mercklich koͤnte gerathen vnd geholffen werden,und weil der bucher uerlag nicht mehr erfolget so bleiben sehr uiel nutzliche und nothige werck liegen damit den kirchen und allen standen der christenheit mercklich konte gerathen und geholffen werden
oa_jubilaeum_1640,body,96,9,False,47,Jn Summa/ der Schade iſt nicht auszuſprechen/ welchen der verderbliche Krieg verurſachet/ dadurch Kirchen/ Schulen vnd Vniverſiteten verwuͤſtet werden/ alle Geſetze vnd gute Ordnungen werden zerruͤttet/ vnd wird das oberſte zu vnterſt gekehret/ auch alle Nahrung vnd Handlung zu Boden geworffen.,jn summa der schade iſt nicht auszuſprechen welchen der verderbliche krieg verurſachet dadurch kirchen schulen vnd vniverſiteten verwuͤſtet werden alle geſetze vnd gute ordnungen werden zerruͤttet vnd wird das oberſte zu vnterſt gekehret auch alle nahrung vnd handlung zu boden geworffen,in summa der schade ist nicht auszusprechen welchen der uerderbliche krieg uerursachet dadurch kirchen schulen und uniuersiteten uerwustet werden alle gesetze und gute ordnungen werden zerruttet und wird das oberste zu unterst gekehret auch alle nahrung und handlung zu boden geworffen
oa_jubilaeum_1640,body,96,10,True,47,Darumb ſollen wir Gott deſto ernſtlicher vmb den lieben Frieden anruffen/ ꝛc. Daß der getrewe/ allmaͤchtige Gott vns vnd vnſere Nachkommen bey der erkandten Goͤttlichen Warheit vnd Lauterkeit des heiligen Evangelii erhalten wolle/ auff daß beydes Lehrer vnd Zuhoͤrer bey dem Finger Johannis des Teuffers bleiben/ vnd ſich an niemand anders halten/ auch auff niemand anders weiſen laſſen/ als auff Chriſtum den Sohn Gottes/ welcher iſt das Lamb GOttes/ das der Welt Suͤnde traͤgt/ ꝛc.,darumb ſollen wir gott deſto ernſtlicher vmb den lieben frieden anruffen ꝛc daß der getrewe allmaͤchtige gott vns vnd vnſere nachkommen bey der erkandten goͤttlichen warheit vnd lauterkeit des heiligen evangelii erhalten wolle auff daß beydes lehrer vnd zuhoͤrer bey dem finger johannis des teuffers bleiben vnd ſich an niemand anders halten auch auff niemand anders weiſen laſſen als auff chriſtum den sohn gottes welcher iſt das lamb gottes das der welt suͤnde traͤgt ꝛc,darumb sollen wir gott desto ernstlicher umb den lieben frieden anruffen c dass der getrewe allmachtige gott uns und unsere nachkommen bey der erkandten gottlichen warheit und lauterkeit des heiligen euangelii erhalten wolle auff dass beydes lehrer und zuhorer bey dem finger iohannis des teuffers bleiben und sich an niemand anders halten auch auff niemand anders weisen lassen als auff christum den sohn gottes welcher ist das lamb gottes das der welt sunde tragt c
oa_jubilaeum_1640,body,97,0,False,47,"Extract aus einer Predigt an S. Johannis Tage Annô 1640. in der Stiffts-Kirchen zu Wurtzen gehalten von Christophoro Bulæo, SS. Theol.",extract aus einer predigt an s johannis tage annô in der stifftskirchen zu wurtzen gehalten von christophoro bulæo ss theol,extract aus einer predigt an s iohannis tage anno in der stifftskirchen zu wurtzen gehalten uon christophoro bulaeo ss theol
oa_jubilaeum_1640,body,97,1,True,47,"Licentiato, des hohen freyen Stiffts Meiſſen General-Superintendenten, auch deſſelben Conſiſtorii Aſſeſſore vnd Pfarrern zu Wurtzen.",licentiato des hohen freyen stiffts meiſſen generalsuperintendenten auch deſſelben conſiſtorii aſſeſſore vnd pfarrern zu wurtzen,licentiato des hohen freyen stiffts meissen generalsuperintendenten auch desselben consistorii assessore und pfarrern zu wurtzen
oa_jubilaeum_1640,body,98,0,False,47,FErner zeiget vns Zacharias mit ſeinem Schreibe-Taͤfelin/ was fuͤr eine herrliche nuͤtzliche Wiſſenſchafft die Schreibe-Kunſt ſey/ in welcher Gottfuͤrchtige/ verſtaͤndige Eltern jhre Kinder/ neben dem Leſen billich vnterrichten laſſen ſolten.,ferner zeiget vns zacharias mit ſeinem schreibetaͤfelin was fuͤr eine herrliche nuͤtzliche wiſſenſchafft die schreibekunſt ſey in welcher gottfuͤrchtige verſtaͤndige eltern jhre kinder neben dem leſen billich vnterrichten laſſen ſolten,ferner zeiget uns zacharias mit seinem schreibetafelin was fur eine herrliche nutzliche wissenschafft die schreibekunst sey in welcher gottfurchtige uerstandige eltern ihre kinder neben dem lesen billich unterrichten lassen solten
oa_jubilaeum_1640,body,98,1,False,47,"Denn zugeſchweigen/ daß GOTT ſelber mit ſeinem Finger die Schreiberey geheiliget/ da er Moſe gab die zwo Tafeln des Zeugnuͤß/ die waren ſteinern/ vnd geſchrieben mit dem Finger GOttes/ Exod. 31, 18. Denn GOtt hatte ſie ſelbs gemacht/ vnd ſelber die Schrifft drein gegraben/ Exod. 32, 16. Welches allein commendations vnd Herrligkeit gar gnugſam were: So dienet ſie hier dem ſtummen Vater an ſtatt der Rede vnd Sprache/ daß er den geoffenbahrten Willen GOttes/ von dem Namen ſeines newgebohrnen Soͤhnleins den Nachbarn vnd Gefreunden zu leſen vnd zuverſtehen geben kan.",denn zugeſchweigen daß gott ſelber mit ſeinem finger die schreiberey geheiliget da er moſe gab die zwo tafeln des zeugnuͤß die waren ſteinern vnd geſchrieben mit dem finger gottes exod denn gott hatte ſie ſelbs gemacht vnd ſelber die schrifft drein gegraben exod welches allein commendations vnd herrligkeit gar gnugſam were so dienet ſie hier dem ſtummen vater an ſtatt der rede vnd sprache daß er den geoffenbahrten willen gottes von dem namen ſeines newgebohrnen soͤhnleins den nachbarn vnd gefreunden zu leſen vnd zuverſtehen geben kan,denn zugeschweigen dass gott selber mit seinem finger die schreiberey geheiliget da er mose gab die zwo tafeln des zeugnuss die waren steinern und geschrieben mit dem finger gottes exod denn gott hatte sie selbs gemacht und selber die schrifft drein gegraben exod welches allein commendations und herrligkeit gar gnugsam were so dienet sie hier dem stummen uater an statt der rede und sprache dass er den geoffenbahrten willen gottes uon dem namen seines newgebohrnen sohnleins den nachbarn und gefreunden zu lesen und zuuerstehen geben kan
oa_jubilaeum_1640,body,98,2,False,48,Vnd dieſes ſoll auch des Schreibens fuͤrnehmſter Nutz vnd Brauch ſeyn/ daß man neben der Fortpflantzung guter Kuͤnſt vnd Sprachen/ zu foͤrderſt das Wort Gottes von ſeinem Weſen/ Willen vnd Wercken durch die Feder ausbreite/ vnd wohin man mit der Sprach vnd Stimm nicht reichen kan/ daſelbſt hin mit Zacharia die Taͤfelin ſchicke/ das iſt/ heilſame Schrifften vnd Lehrreiche Buͤcher/ dadurch auch die Nachbarn vnd die weitentlegenen koͤnnen vnterrichtet vnd erbawet werden.,vnd dieſes ſoll auch des schreibens fuͤrnehmſter nutz vnd brauch ſeyn daß man neben der fortpflantzung guter kuͤnſt vnd sprachen zu foͤrderſt das wort gottes von ſeinem weſen willen vnd wercken durch die feder ausbreite vnd wohin man mit der sprach vnd stimm nicht reichen kan daſelbſt hin mit zacharia die taͤfelin ſchicke das iſt heilſame schrifften vnd lehrreiche buͤcher dadurch auch die nachbarn vnd die weitentlegenen koͤnnen vnterrichtet vnd erbawet werden,und dieses soll auch des schreibens furnehmster nutz und brauch seyn dass man neben der fortpflantzung guter kunst und sprachen zu forderst das wort gottes uon seinem wesen willen und wercken durch die feder ausbreite und wohin man mit der sprach und stimm nicht reichen kan daselbst hin mit zacharia die tafelin schicke das ist heilsame schrifften und lehrreiche bucher dadurch auch die nachbarn und die weitentlegenen konnen unterrichtet und erbawet werden
oa_jubilaeum_1640,body,98,3,True,48,"Deſſen haben wir ſtattliche Exempel im Alten Teſtament an den heiligen Menſchen GOttes/ den Propheten/ welche jhre Weiſſagungen nicht allein Patentsweiſe auff Tafeln ſchrieben vnd maleten/ vnd wie man heutiges Tages mit oͤffentlichen Mandaten vnd Citationen pfleget/ dieſelben an die Kirchthuͤren/ Rathhaͤuſer/ oder offene Statthore anſchlugen/ daß ſie leſen kundte/ wer fuͤruͤber lieff/ Habac. 2, 2. Sondern auch in Brieffsgeſtalt vnd Buͤcher-weiſe dieſelbigen an andere frembde Ort zu Freunden vnd Feinden ſchickten/ 2. Chronic. 21, 12. Jerem. 29, 1. cap. 36, 2.",deſſen haben wir ſtattliche exempel im alten teſtament an den heiligen menſchen gottes den propheten welche jhre weiſſagungen nicht allein patentsweiſe auff tafeln ſchrieben vnd maleten vnd wie man heutiges tages mit oͤffentlichen mandaten vnd citationen pfleget dieſelben an die kirchthuͤren rathhaͤuſer oder offene statthore anſchlugen daß ſie leſen kundte wer fuͤruͤber lieff habac sondern auch in brieffsgeſtalt vnd buͤcherweiſe dieſelbigen an andere frembde ort zu freunden vnd feinden ſchickten chronic jerem cap,dessen haben wir stattliche exempel im alten testament an den heiligen menschen gottes den propheten welche ihre weissagungen nicht allein patentsweise auff tafeln schrieben und maleten und wie man heutiges tages mit offentlichen mandaten und citationen pfleget dieselben an die kirchthuren rathhauser oder offene statthore anschlugen dass sie lesen kundte wer furuber lieff habac sondern auch in brieffsgestalt und bucherweise dieselbigen an andere frembde ort zu freunden und feinden schickten chronic ierem cap
oa_jubilaeum_1640,body,99,0,False,48,"Eben dergleichen findet ſich im Newen Teſtament/ an den Evangeliſten vnd Apoſteln/ die ebener Geſtalt jhr Evangelium nicht nur muͤndlich/ ſondern auch ſchrifftlich in alle Welt verkuͤndigten/ Luc. 1, 3. Apoc. 1, 11. Welches jhnen jhre trewe Nachfolger/ die lieben Vaͤter vnd Kirchenlehrer in vnzehlicher Anzahl/ mit groſſer Muͤhe vnd Vnkoſt nachgethan haben/ biß auff jetzo vor zweyhundert Jahren/ nemlich biß auffs Jahr nach Chriſti vnd Sanct Johannis Geburt/ tauſend vierhundert vnd viertzig: Da zu der Feder vnd dem Schreiben auch die gegoſſene bleierne Buchſtaben vnd das Buchdrucken/ aus GOttes ſonder- vnd wunderbarer Guͤte erfunden worden: Denn aͤlter iſt kein gedrucktes Buch/ als auffs hoͤchſte/ von jetzo an zu rechnen/ zweyhundert Jahr.",eben dergleichen findet ſich im newen teſtament an den evangeliſten vnd apoſteln die ebener geſtalt jhr evangelium nicht nur muͤndlich ſondern auch ſchrifftlich in alle welt verkuͤndigten luc apoc welches jhnen jhre trewe nachfolger die lieben vaͤter vnd kirchenlehrer in vnzehlicher anzahl mit groſſer muͤhe vnd vnkoſt nachgethan haben biß auff jetzo vor zweyhundert jahren nemlich biß auffs jahr nach chriſti vnd sanct johannis geburt tauſend vierhundert vnd viertzig da zu der feder vnd dem schreiben auch die gegoſſene bleierne buchſtaben vnd das buchdrucken aus gottes ſonder vnd wunderbarer guͤte erfunden worden denn aͤlter iſt kein gedrucktes buch als auffs hoͤchſte von jetzo an zu rechnen zweyhundert jahr,eben dergleichen findet sich im newen testament an den euangelisten und aposteln die ebener gestalt ihr euangelium nicht nur mundlich sondern auch schrifftlich in alle welt uerkundigten luc apoc welches ihnen ihre trewe nachfolger die lieben uater und kirchenlehrer in unzehlicher anzahl mit grosser muhe und unkost nachgethan haben biss auff ietzo uor zweyhundert iahren nemlich biss auffs iahr nach christi und sanct iohannis geburt tausend uierhundert und uiertzig da zu der feder und dem schreiben auch die gegossene bleierne buchstaben und das buchdrucken aus gottes sonder und wunderbarer gute erfunden worden denn alter ist kein gedrucktes buch als auffs hochste uon ietzo an zu rechnen zweyhundert iahr
oa_jubilaeum_1640,body,99,1,True,49,Vnd iſt merckwuͤrdig/ daß bey Entſtehung dieſer Edlen/ hochpreißlichen Kunſt/ in den fuͤrnehmſten Vmbſtaͤnden an derſelben/ allermeiſt Johanniten/ das iſt/ ſolche Perſonen geſchaͤfftig geweſen/ die den Vornamen Johannes gefuͤhret haben. Denn,vnd iſt merckwuͤrdig daß bey entſtehung dieſer edlen hochpreißlichen kunſt in den fuͤrnehmſten vmbſtaͤnden an derſelben allermeiſt johanniten das iſt ſolche perſonen geſchaͤfftig geweſen die den vornamen johannes gefuͤhret haben denn,und ist merckwurdig dass bey entstehung dieser edlen hochpreisslichen kunst in den furnehmsten umbstanden an derselben allermeist iohanniten das ist solche personen geschafftig gewesen die den uornamen iohannes gefuhret haben denn
oa_jubilaeum_1640,body,100,0,True,49,"I. Was die Zeit anreicht/ ſo iſt die liebe/ werthe Buchtrucker-Kunſt auffkommen in dem jenigen Seculô, oder in der jenigen vierzehenhundertjaͤhrigen Zahl/ da der groͤſte Mann ſelbiger Zeit/ der Standhaffte Nachfolger vnd Bekenner der Lehr Johannis des Taͤuffers/ der Vorfechter vnd Prophet dero im nachfolgenden Seculô ergangenen Reformation, Johannes Huß/ auff dem vntrewen Conciliô zu Coſtnitz verbrandt/ alle Welt mit ſeines holdſeligen Namens Gedaͤchtnuͤß erfuͤllete/ vnd wie der Phœnix aus ſeiner Aſche gleichſam als newgebohren/ nicht minder denn Johannes der Taͤuffer bey ſeiner Geburt vnd Tode/ in jedermans Munde ſchwebete.",i was die zeit anreicht ſo iſt die liebe werthe buchtruckerkunſt auffkommen in dem jenigen seculô oder in der jenigen vierzehenhundertjaͤhrigen zahl da der groͤſte mann ſelbiger zeit der standhaffte nachfolger vnd bekenner der lehr johannis des taͤuffers der vorfechter vnd prophet dero im nachfolgenden seculô ergangenen reformation johannes huß auff dem vntrewen conciliô zu coſtnitz verbrandt alle welt mit ſeines holdſeligen namens gedaͤchtnuͤß erfuͤllete vnd wie der phœnix aus ſeiner aſche gleichſam als newgebohren nicht minder denn johannes der taͤuffer bey ſeiner geburt vnd tode in jedermans munde ſchwebete,i was die zeit anreicht so ist die liebe werthe buchtruckerkunst auffkommen in dem ienigen seculo oder in der ienigen uierzehenhundertiahrigen zahl da der groste mann selbiger zeit der standhaffte nachfolger und bekenner der lehr iohannis des tauffers der uorfechter und prophet dero im nachfolgenden seculo ergangenen reformation iohannes huss auff dem untrewen concilio zu costnitz uerbrandt alle welt mit seines holdseligen namens gedachtnuss erfullete und wie der phoenix aus seiner asche gleichsam als newgebohren nicht minder denn iohannes der tauffer bey seiner geburt und tode in iedermans munde schwebete
oa_jubilaeum_1640,body,101,0,True,50,II. Was die erſten Werckmeiſter belanget/ ſo haben dieſe von GOtt eingegebene Kunſt Buͤcher zu truͤcken in vnſerm geliebten Vaterlande deutſcher Nation Anno 1440. zum erſten herfuͤr bracht drey kunſtreiche Johanniten: Sintemahl vor andern Mitgehuͤlffin ſonderlich geruͤhmet werden/ Johann Guttenberg/ ein Mann Adeliches Geſchlechts/ von Straßburg buͤrtig/ welcher/ wie man beſtaͤndig dafuͤr helt/ der erſte Erfinder vnd Ausſinner dieſes Wercks: Johann Fauſt/ ſo der erſte Verleger: vnd Johann Maͤntel/ der der erſte Buchdrucker geweſen ſeyn ſoll: Vnd ſollen dieſe drey Johanniten jhrer Kunſt erſte Probe in der Ertzbiſchofflichen Chur Stadt Meyntz im vorgedachten 1440. Jahr zum allererſten mit jedermans groſſer Verwunderung der Welt gezeiget vnd vorgeleget haben: Alſo daß dieſe Geſchicht bald Land-ja Welt-ruchtbar worden iſt/ an allen Enden der Erden.,ii was die erſten werckmeiſter belanget ſo haben dieſe von gott eingegebene kunſt buͤcher zu truͤcken in vnſerm geliebten vaterlande deutſcher nation anno zum erſten herfuͤr bracht drey kunſtreiche johanniten sintemahl vor andern mitgehuͤlffin ſonderlich geruͤhmet werden johann guttenberg ein mann adeliches geſchlechts von straßburg buͤrtig welcher wie man beſtaͤndig dafuͤr helt der erſte erfinder vnd ausſinner dieſes wercks johann fauſt ſo der erſte verleger vnd johann maͤntel der der erſte buchdrucker geweſen ſeyn ſoll vnd ſollen dieſe drey johanniten jhrer kunſt erſte probe in der ertzbiſchofflichen chur stadt meyntz im vorgedachten jahr zum allererſten mit jedermans groſſer verwunderung der welt gezeiget vnd vorgeleget haben alſo daß dieſe geſchicht bald landja weltruchtbar worden iſt an allen enden der erden,ii was die ersten werckmeister belanget so haben diese uon gott eingegebene kunst bucher zu trucken in unserm geliebten uaterlande deutscher nation anno zum ersten herfur bracht drey kunstreiche iohanniten sintemahl uor andern mitgehulffin sonderlich geruhmet werden iohann guttenberg ein mann adeliches geschlechts uon strassburg burtig welcher wie man bestandig dafur helt der erste erfinder und aussinner dieses wercks iohann faust so der erste uerleger und iohann mantel der der erste buchdrucker gewesen seyn soll und sollen diese drey iohanniten ihrer kunst erste probe in der ertzbischofflichen chur stadt meyntz im uorgedachten iahr zum allerersten mit iedermans grosser uerwunderung der welt gezeiget und uorgeleget haben also dass diese geschicht bald landia weltruchtbar worden ist an allen enden der erden
oa_jubilaeum_1640,body,102,0,True,50,III. Was die Nutzbarkeit vnd Fuͤrtreffligkeit dieſer hochherrlichen Kunſt betrifft/ ereignet ſich darbey/ auff gewiſſe Maſſe/ eine ziemliche Gleichheit faſt alle des jenigen/ was bey der Geburt vnd Beſchneidung Johannis Baptiſtæ wichtiges/ nachdenckliches vnd fruchtbarliches vorgegangen iſt?,iii was die nutzbarkeit vnd fuͤrtreffligkeit dieſer hochherrlichen kunſt betrifft ereignet ſich darbey auff gewiſſe maſſe eine ziemliche gleichheit faſt alle des jenigen was bey der geburt vnd beſchneidung johannis baptiſtæ wichtiges nachdenckliches vnd fruchtbarliches vorgegangen iſt,iii was die nutzbarkeit und furtreffligkeit dieser hochherrlichen kunst betrifft ereignet sich darbey auff gewisse masse eine ziemliche gleichheit fast alle des ienigen was bey der geburt und beschneidung iohannis baptistae wichtiges nachdenckliches und fruchtbarliches uorgegangen ist
oa_jubilaeum_1640,body,103,0,True,50,"1. Vngewoͤhnlich vnd ſeltzam war es/ daß Zacharias vnd Eliſabeth in jhrem hohen Alter/ vnd auff der letzten Neige jhres Lebens/ mit einem jungen Sohn/ dem Johanne/ beſchencket worden; Alſo wer hette ſich uͤmb die letzten Zeiten/ vnd bey den Hefen der ablauffenden Welt/ dieſer vnerhoͤrten newen Wunderkunſt verſehen koͤnnen? Von welcher Herr D. Luther in ſeinen Tiſchreden nicht vnbillich ſaget: Sie ſey ſummum & poſtremum Dei donum, die hoͤchſte vnd letzte Wolthat GOttes/ durch welche er die Sache des Evangelii forttreibet: Sie ſey die letzte Flamme fuͤr dem Ausleſchen der Welt.",vngewoͤhnlich vnd ſeltzam war es daß zacharias vnd eliſabeth in jhrem hohen alter vnd auff der letzten neige jhres lebens mit einem jungen sohn dem johanne beſchencket worden alſo wer hette ſich uͤmb die letzten zeiten vnd bey den hefen der ablauffenden welt dieſer vnerhoͤrten newen wunderkunſt verſehen koͤnnen von welcher herr d luther in ſeinen tiſchreden nicht vnbillich ſaget sie ſey ſummum & poſtremum dei donum die hoͤchſte vnd letzte wolthat gottes durch welche er die sache des evangelii forttreibet sie ſey die letzte flamme fuͤr dem ausleſchen der welt,ungewohnlich und seltzam war es dass zacharias und elisabeth in ihrem hohen alter und auff der letzten neige ihres lebens mit einem iungen sohn dem iohanne beschencket worden also wer hette sich umb die letzten zeiten und bey den hefen der ablauffenden welt dieser unerhorten newen wunderkunst uersehen konnen uon welcher herr d luther in seinen tischreden nicht unbillich saget sie sey summum et postremum dei donum die hochste und letzte wolthat gottes durch welche er die sache des euangelii forttreibet sie sey die letzte flamme fur dem ausleschen der welt
oa_jubilaeum_1640,body,104,0,True,51,"2. Goͤttlich vnd himmliſch war es/ daß Johannes ſeinen Eltern von GOtt gegeben vnd verehret ward/ aus lauter Gnade: Denn Kinder ſind eine Gabe des Herren/ vnd Leibes Frucht iſt ein Geſchenck/ Pſal. 127, 3. Alſo ſoll niemand zweifeln/ ſondern gaͤntzlich glaͤuben/ daß gleich wie alle andere gute Gaben/ vnd alle vollkom̃ene Gaben von oben herab kommen/ von dem Vater des Liechts/ Jac. 1, 17. Ebener maſſen ſey die nutzbare Buchdruckerkunſt/ aus ſonderbahrer Erleuchtung der Weisheit GOttes/ ſo aller Kunſt Meiſterin iſt/ Sap. 7, 21. gelehret vnd geoffenbahret worden.",goͤttlich vnd himmliſch war es daß johannes ſeinen eltern von gott gegeben vnd verehret ward aus lauter gnade denn kinder ſind eine gabe des herren vnd leibes frucht iſt ein geſchenck pſal alſo ſoll niemand zweifeln ſondern gaͤntzlich glaͤuben daß gleich wie alle andere gute gaben vnd alle vollkom̃ene gaben von oben herab kommen von dem vater des liechts jac ebener maſſen ſey die nutzbare buchdruckerkunſt aus ſonderbahrer erleuchtung der weisheit gottes ſo aller kunſt meiſterin iſt sap gelehret vnd geoffenbahret worden,gottlich und himmlisch war es dass iohannes seinen eltern uon gott gegeben und uerehret ward aus lauter gnade denn kinder sind eine gabe des herren und leibes frucht ist ein geschenck psal also soll niemand zweifeln sondern gantzlich glauben dass gleich wie alle andere gute gaben und alle uollkommene gaben uon oben herab kommen uon dem uater des liechts iac ebener massen sey die nutzbare buchdruckerkunst aus sonderbahrer erleuchtung der weisheit gottes so aller kunst meisterin ist sap gelehret und geoffenbahret worden
oa_jubilaeum_1640,body,105,0,True,51,"3. Loͤblich vnd ruͤhmlich war es/ daß die Nachbarn vnd Gefreunden der Eliſabeth/ als ſie hoͤreten/ daß der Herr groſſe Barmhertzigkeit an jhr gethan hatte/ ſich nicht neidiſch noch mißguͤnſtig daruͤber erzeigeten/ ſondern jhr Gluͤck wuͤndſchten/ vnd ſich mit jhr freweten. Alſo iſts recht vnd billich/ daß verſtaͤndige Leute/ die beſcheidentlich von den Stralen der Weisheit GOttes zu vrtheilen wiſſen/ dieſe lobwuͤrdige Kunſt nicht/ wie etwan grobe Idioten oder rohe Stratioten pflegen/ geringſchaͤtzig vnd veraͤchtlich halten/ ſondern fuͤr eine groſſe Barmhertzigkeit achten/ die GOtt der Herr an der letzten Welt gethan hat. So ſtehets rechtſchaffenen deutſchen Biederleuten auch wol an/ daß ſie nicht dem Vaterlande deutſches Namens die Ehre der Erfindung dieſer Kunſt/ aus bloſſer Luſt zur Newerung/ oder aus Vberdruß vnd Eckel des vnſrigen mißgoͤnnen/ abſchneiden/ vnd mit etlichen auslaͤndiſchen Scribenten ſolche frembde Nationen, oder gar den vhralten vnbekanten Heyden zumeſſen; ſondern fuͤr einen Ruhm vnd fuͤr eine groſſe Barmhertzigkeit GOttes/ vnſern deutſchen Landes Leuten vorbehalten/ paſſiren laſſen: Darob wir als Nachbarn vnd Gefreundte mit der alten geſegneten Mutter Germaniâ vns billich frewen/ vnd jhr uͤber dieſen Fund vnd Segen von Hertzen gratuliren ſollen. Wie denn wol eher großmaͤchtige Potentaten vnd Roͤmiſche Keyſer zu Bezeigung jhrer Frewde vnd Congratulation mit nicht geringen Privilegien dieſe Kunſt allergnaͤdigſt verjehen haben.",loͤblich vnd ruͤhmlich war es daß die nachbarn vnd gefreunden der eliſabeth als ſie hoͤreten daß der herr groſſe barmhertzigkeit an jhr gethan hatte ſich nicht neidiſch noch mißguͤnſtig daruͤber erzeigeten ſondern jhr gluͤck wuͤndſchten vnd ſich mit jhr freweten alſo iſts recht vnd billich daß verſtaͤndige leute die beſcheidentlich von den stralen der weisheit gottes zu vrtheilen wiſſen dieſe lobwuͤrdige kunſt nicht wie etwan grobe idioten oder rohe stratioten pflegen geringſchaͤtzig vnd veraͤchtlich halten ſondern fuͤr eine groſſe barmhertzigkeit achten die gott der herr an der letzten welt gethan hat so ſtehets rechtſchaffenen deutſchen biederleuten auch wol an daß ſie nicht dem vaterlande deutſches namens die ehre der erfindung dieſer kunſt aus bloſſer luſt zur newerung oder aus vberdruß vnd eckel des vnſrigen mißgoͤnnen abſchneiden vnd mit etlichen auslaͤndiſchen scribenten ſolche frembde nationen oder gar den vhralten vnbekanten heyden zumeſſen ſondern fuͤr einen ruhm vnd fuͤr eine groſſe barmhertzigkeit gottes vnſern deutſchen landes leuten vorbehalten paſſiren laſſen darob wir als nachbarn vnd gefreundte mit der alten geſegneten mutter germaniâ vns billich frewen vnd jhr uͤber dieſen fund vnd segen von hertzen gratuliren ſollen wie denn wol eher großmaͤchtige potentaten vnd roͤmiſche keyſer zu bezeigung jhrer frewde vnd congratulation mit nicht geringen privilegien dieſe kunſt allergnaͤdigſt verjehen haben,loblich und ruhmlich war es dass die nachbarn und gefreunden der elisabeth als sie horeten dass der herr grosse barmhertzigkeit an ihr gethan hatte sich nicht neidisch noch missgunstig daruber erzeigeten sondern ihr gluck wundschten und sich mit ihr freweten also ists recht und billich dass uerstandige leute die bescheidentlich uon den stralen der weisheit gottes zu urtheilen wissen diese lobwurdige kunst nicht wie etwan grobe idioten oder rohe stratioten pflegen geringschatzig und uerachtlich halten sondern fur eine grosse barmhertzigkeit achten die gott der herr an der letzten welt gethan hat so stehets rechtschaffenen deutschen biederleuten auch wol an dass sie nicht dem uaterlande deutsches namens die ehre der erfindung dieser kunst aus blosser lust zur newerung oder aus uberdruss und eckel des unsrigen missgonnen abschneiden und mit etlichen auslandischen scribenten solche frembde nationen oder gar den uhralten unbekanten heyden zumessen sondern fur einen ruhm und fur eine grosse barmhertzigkeit gottes unsern deutschen landes leuten uorbehalten passiren lassen darob wir als nachbarn und gefreundte mit der alten gesegneten mutter germania uns billich frewen und ihr uber diesen fund und segen uon hertzen gratuliren sollen wie denn wol eher grossmachtige potentaten und romische keyser zu bezeigung ihrer frewde und congratulation mit nicht geringen priuilegien diese kunst allergnadigst ueriehen haben
oa_jubilaeum_1640,body,106,0,True,52,"4. Billich vnd heilſam war es/ daß das newgeborne Kind Johannes/ nicht in ſeiner Vorhaut vnd Vnreinigkeit gelaſſen/ ſondern nach dem Befehl vnd Einſetzung des Hoͤchſten beſchnitten/ vnd in den heiligen Bund GOttes eingeſchloſſen ward/ Geneſ. 17, 12. ſeqq. Alſo will ſichs in allewege geziemen vnd gebuͤhren/ daß die Buchdrucker Kunſt/ (gleichnuͤß-weiſe davon zu reden/) auch beſchnitten/ das iſt/ von allem anklebenden Mißbrauch geſaubert vnd gereiniget/ vnd hingegen durch rechtmaͤſſigen Gebrauch geheili „get vnd GOtt gewiedmet werde: Welches geſchicht/ wenn „Buchfuͤhrer vnd Buchdrucker nicht vmb ſchaͤndlichen Ge „winſts willen allerhand Gotteslaͤſterliche/ Ketzeriſche/ Secti „riſche vnd verfuͤhriſche Buͤcher: Nicht Ehrenruͤhrige/ Leut „ſchaͤnderiſche/ Paßqvilliſche famos-Schrifften: Nicht aͤrger „liche/ vnzuͤchtige/ ſchandbare Poſſen vnd Zoten: Sondern al „lein Chriſtliche/ dienliche vnd approbirte Buͤcher in Druck „vnd vnter die Leute befoͤrdern/ die zur Vermehrung der Ehre „GOttes/ vnd zum Nutz des Nechſten behuͤlfflich ſeyn moͤgen: „Wie ins gemein darzu Anleitung gibt S. Paulus/ Epheſ. 5. v. „4. 19. cap. 4, 29. Philipp. 4, 8. vnd inſonderheit die Keyſerli „chen Rechte klar bedingen.",billich vnd heilſam war es daß das newgeborne kind johannes nicht in ſeiner vorhaut vnd vnreinigkeit gelaſſen ſondern nach dem befehl vnd einſetzung des hoͤchſten beſchnitten vnd in den heiligen bund gottes eingeſchloſſen ward geneſ ſeqq alſo will ſichs in allewege geziemen vnd gebuͤhren daß die buchdrucker kunſt gleichnuͤßweiſe davon zu reden auch beſchnitten das iſt von allem anklebenden mißbrauch geſaubert vnd gereiniget vnd hingegen durch rechtmaͤſſigen gebrauch geheili get vnd gott gewiedmet werde welches geſchicht wenn buchfuͤhrer vnd buchdrucker nicht vmb ſchaͤndlichen ge winſts willen allerhand gotteslaͤſterliche ketzeriſche secti riſche vnd verfuͤhriſche buͤcher nicht ehrenruͤhrige leut ſchaͤnderiſche paßqvilliſche famosschrifften nicht aͤrger liche vnzuͤchtige ſchandbare poſſen vnd zoten sondern al lein chriſtliche dienliche vnd approbirte buͤcher in druck vnd vnter die leute befoͤrdern die zur vermehrung der ehre gottes vnd zum nutz des nechſten behuͤlfflich ſeyn moͤgen wie ins gemein darzu anleitung gibt s paulus epheſ v cap philipp vnd inſonderheit die keyſerli chen rechte klar bedingen,billich und heilsam war es dass das newgeborne kind iohannes nicht in seiner uorhaut und unreinigkeit gelassen sondern nach dem befehl und einsetzung des hochsten beschnitten und in den heiligen bund gottes eingeschlossen ward genes seqq also will sichs in allewege geziemen und gebuhren dass die buchdrucker kunst gleichnussweise dauon zu reden auch beschnitten das ist uon allem anklebenden missbrauch gesaubert und gereiniget und hingegen durch rechtmassigen gebrauch geheili get und gott gewiedmet werde welches geschicht wenn buchfuhrer und buchdrucker nicht umb schandlichen ge winsts willen allerhand gotteslasterliche ketzerische secti rische und uerfuhrische bucher nicht ehrenruhrige leut schanderische passquillische famosschrifften nicht arger liche unzuchtige schandbare possen und zoten sondern al lein christliche dienliche und approbirte bucher in druck und unter die leute befordern die zur uermehrung der ehre gottes und zum nutz des nechsten behulfflich seyn mogen wie ins gemein darzu anleitung gibt s paulus ephes u cap philipp und insonderheit die keyserli chen rechte klar bedingen
oa_jubilaeum_1640,body,107,0,True,54,"5. Herrlich vnd wunderſam war es/ daß bey der Frage uͤber dem Namen Johannis dem ſtum̃en Vater/ vnter dem Schreiben/ ſein Mund vnd ſeine Zunge auffgethan ward. Denn er foderte ein Taͤfelin/ ſchrieb vnd ſprach: Er heiſſet Johannes. Vnd alsbald ward ſein Mund vnd ſeine Zunge auffgethan/ vnd redete/ vnd lobete GOtt. Nicht weniger Herrligkeit vnd Wunder begaben ſich bey der hervorſteigenden Drucker Kunſt. Denn da ward der holdſelige Name Johannes realiter, vnd ſeiner Bedeutung nach/ rechtſchaffen geſchrieben/ das iſt/ die troſtreiche Lehre S. Johannis von dem GOttes Lamb/ welches der Welt Suͤnde traͤgt/ Johan, 1, 29. vnd der fundamental-Artickel von der Gnadenreichen Seligkeit vnd Rechtfertigung eines armen Suͤnders fuͤr GOtt/ ſampt allem/ was zum Chriſtenthumb in Lehr vnd Leben gehoͤret/ viel geſchwinder/ leichter/ vnd reichlicher durch die gantze Chriſtenheit fortgepflantzet. Denn da vorhin die Buͤcher der heiligen Schrifft/ vnd anderer reinen Kirchenlehrer/ mit der Feder langſam vnd koſtbar geſchrieben worden/ daß es ein reicher Mann ſeyn muſte/ der ein Evangelien-Buch/ den Pſalter/ oder das Newe Teſtament/ wil geſchweigen die gantze Bibel/ oder eine geſchriebene Haus-Poſtilla/ vnd alſo einen ausfuͤhrlichen ſchrifftlichen vnterricht zu ſeiner Seelen Seligkeit/ erzeugen konte: So iſt es nunmehr durch die wunderbahre Drucker-Kunſt ſo weit kommen/ daß jetzo in geſchwinder Eil/ vnd faſt in einem Augenblick ein Bogen von der geſetzten Form abgedruckt vnd abgezogen/ vnd alſo in einer einigen Stunde ein weit mehres kan verfertiget werden/ weder dem hurtigſten Schreiber in viel Tagen muͤglich iſt. Kan auch Buͤrger vnd Bawer/ Knecht vnd Magd/ Tagloͤhner vnd Bettler/ vnd in Summa jedermaͤnniglich vmb ein gantz geringes die heilige Bibel oder ſonſt der nuͤtzlichſten Buͤcher eines/ ja offters vmb ein liederliches eine gantze Liberey an ſich bringen/ vnd alſo der Buͤcher (die auch wegen jhrer Menge/ zumal in jetzigen ſchaͤdlichen Kriegsweſen/ bey vielen aus ſchaͤndlichen Vndanck in ſchimpfflichen Vnwerth vnd Vernichtung gerathen/) ſich alle Welt ohne groſſes Gelt fruchtbarlich gebrauchen. Wer wolte nun in Vergleichung der vorigen vnd jetzigen Zeiten nicht ſagen/ daß der liebe Zacharias/ Eſaias/ Jeremias/ mit den andern Propheten vnd ſaͤmptlichen Bibliſchen Scribenten von 200. vnd mehr Jahren/ gleichſam ſtum̃ geweſen? Wer wolte nicht bekennen/ daß ſie ober dem Trucker-Taͤfelein jhre Sprache gleichſam auffs newe wieder erlanget/ jhnen jhr Mund vnd Zunge auffgethan worden/ vnd ſie allererſt rechtſchaffen angefangen zu reden/ vnd Gott mit weitklingenden Hall vnd Schall zu loben? Ja jhr meine allerliebſten/ da/ da haben ſie jhre Stimme erhoben wie eine Poſaune. Da/ da ſind jhre Geſchicht vnd Geſicht alle ruchtbar worden auff dem gantzen Juͤdiſchen/ Chriſtiſchen/ vnd Heydniſchen Gebirge. Da/ da hat es abermal geheiſſen: Es iſt keine Sprache noch Rede/ da man nicht jhre Stimme hoͤre/ jhre Schnur gehet aus in alle Lande/ vnd jhre Rede an der Welt Ende/ Pſal. 19, 4.",herrlich vnd wunderſam war es daß bey der frage uͤber dem namen johannis dem ſtum̃en vater vnter dem schreiben ſein mund vnd ſeine zunge auffgethan ward denn er foderte ein taͤfelin ſchrieb vnd ſprach er heiſſet johannes vnd alsbald ward ſein mund vnd ſeine zunge auffgethan vnd redete vnd lobete gott nicht weniger herrligkeit vnd wunder begaben ſich bey der hervorſteigenden drucker kunſt denn da ward der holdſelige name johannes realiter vnd ſeiner bedeutung nach rechtſchaffen geſchrieben das iſt die troſtreiche lehre s johannis von dem gottes lamb welches der welt suͤnde traͤgt johan vnd der fundamentalartickel von der gnadenreichen seligkeit vnd rechtfertigung eines armen suͤnders fuͤr gott ſampt allem was zum chriſtenthumb in lehr vnd leben gehoͤret viel geſchwinder leichter vnd reichlicher durch die gantze chriſtenheit fortgepflantzet denn da vorhin die buͤcher der heiligen schrifft vnd anderer reinen kirchenlehrer mit der feder langſam vnd koſtbar geſchrieben worden daß es ein reicher mann ſeyn muſte der ein evangelienbuch den pſalter oder das newe teſtament wil geſchweigen die gantze bibel oder eine geſchriebene hauspoſtilla vnd alſo einen ausfuͤhrlichen ſchrifftlichen vnterricht zu ſeiner seelen seligkeit erzeugen konte so iſt es nunmehr durch die wunderbahre druckerkunſt ſo weit kommen daß jetzo in geſchwinder eil vnd faſt in einem augenblick ein bogen von der geſetzten form abgedruckt vnd abgezogen vnd alſo in einer einigen stunde ein weit mehres kan verfertiget werden weder dem hurtigſten schreiber in viel tagen muͤglich iſt kan auch buͤrger vnd bawer knecht vnd magd tagloͤhner vnd bettler vnd in summa jedermaͤnniglich vmb ein gantz geringes die heilige bibel oder ſonſt der nuͤtzlichſten buͤcher eines ja offters vmb ein liederliches eine gantze liberey an ſich bringen vnd alſo der buͤcher die auch wegen jhrer menge zumal in jetzigen ſchaͤdlichen kriegsweſen bey vielen aus ſchaͤndlichen vndanck in ſchimpfflichen vnwerth vnd vernichtung gerathen ſich alle welt ohne groſſes gelt fruchtbarlich gebrauchen wer wolte nun in vergleichung der vorigen vnd jetzigen zeiten nicht ſagen daß der liebe zacharias eſaias jeremias mit den andern propheten vnd ſaͤmptlichen bibliſchen scribenten von vnd mehr jahren gleichſam ſtum̃ geweſen wer wolte nicht bekennen daß ſie ober dem truckertaͤfelein jhre sprache gleichſam auffs newe wieder erlanget jhnen jhr mund vnd zunge auffgethan worden vnd ſie allererſt rechtſchaffen angefangen zu reden vnd gott mit weitklingenden hall vnd schall zu loben ja jhr meine allerliebſten da da haben ſie jhre stimme erhoben wie eine poſaune da da ſind jhre geſchicht vnd geſicht alle ruchtbar worden auff dem gantzen juͤdiſchen chriſtiſchen vnd heydniſchen gebirge da da hat es abermal geheiſſen es iſt keine sprache noch rede da man nicht jhre stimme hoͤre jhre schnur gehet aus in alle lande vnd jhre rede an der welt ende pſal,herrlich und wundersam war es dass bey der frage uber dem namen iohannis dem stummen uater unter dem schreiben sein mund und seine zunge auffgethan ward denn er foderte ein tafelin schrieb und sprach er heisset iohannes und alsbald ward sein mund und seine zunge auffgethan und redete und lobete gott nicht weniger herrligkeit und wunder begaben sich bey der heruorsteigenden drucker kunst denn da ward der holdselige name iohannes realiter und seiner bedeutung nach rechtschaffen geschrieben das ist die trostreiche lehre s iohannis uon dem gottes lamb welches der welt sunde tragt iohan und der fundamentalartickel uon der gnadenreichen seligkeit und rechtfertigung eines armen sunders fur gott sampt allem was zum christenthumb in lehr und leben gehoret uiel geschwinder leichter und reichlicher durch die gantze christenheit fortgepflantzet denn da uorhin die bucher der heiligen schrifft und anderer reinen kirchenlehrer mit der feder langsam und kostbar geschrieben worden dass es ein reicher mann seyn muste der ein euangelienbuch den psalter oder das newe testament wil geschweigen die gantze bibel oder eine geschriebene hauspostilla und also einen ausfuhrlichen schrifftlichen unterricht zu seiner seelen seligkeit erzeugen konte so ist es nunmehr durch die wunderbahre druckerkunst so weit kommen dass ietzo in geschwinder eil und fast in einem augenblick ein bogen uon der gesetzten form abgedruckt und abgezogen und also in einer einigen stunde ein weit mehres kan uerfertiget werden weder dem hurtigsten schreiber in uiel tagen muglich ist kan auch burger und bawer knecht und magd taglohner und bettler und in summa iedermanniglich umb ein gantz geringes die heilige bibel oder sonst der nutzlichsten bucher eines ia offters umb ein liederliches eine gantze liberey an sich bringen und also der bucher die auch wegen ihrer menge zumal in ietzigen schadlichen kriegswesen bey uielen aus schandlichen undanck in schimpfflichen unwerth und uernichtung gerathen sich alle welt ohne grosses gelt fruchtbarlich gebrauchen wer wolte nun in uergleichung der uorigen und ietzigen zeiten nicht sagen dass der liebe zacharias esaias ieremias mit den andern propheten und samptlichen biblischen scribenten uon und mehr iahren gleichsam stumm gewesen wer wolte nicht bekennen dass sie ober dem truckertafelein ihre sprache gleichsam auffs newe wieder erlanget ihnen ihr mund und zunge auffgethan worden und sie allererst rechtschaffen angefangen zu reden und gott mit weitklingenden hall und schall zu loben ia ihr meine allerliebsten da da haben sie ihre stimme erhoben wie eine posaune da da sind ihre geschicht und gesicht alle ruchtbar worden auff dem gantzen iudischen christischen und heydnischen gebirge da da hat es abermal geheissen es ist keine sprache noch rede da man nicht ihre stimme hore ihre schnur gehet aus in alle lande und ihre rede an der welt ende psal
oa_jubilaeum_1640,body,108,0,True,54,6. Chriſtlich vnd heilig war es/ daß bey der Geſchicht Johannis eine Furcht kam uͤber alle Nachbarn. Vnd alle die es hoͤreten nahmens zu Hertzen/ vnd ſprachen/ was meyneſtu will aus dem Kindlein werden? Denn die Hand des Herren war mit jhm. Alſo iſt es wolgethan/ liebſten Zuhoͤrer/ daß wir dieſes Gnadenwerck der Buchdruckerey nicht in Wind ſchlagen/ ſondern in der Furcht GOttes es bewundern/ erwegen/ zu Hertzen nehmen/ vnd bedencken/ wie auch die Hand des HErren mit dieſer GOtt wolgefaͤlligen Kunſt geweſen.,chriſtlich vnd heilig war es daß bey der geſchicht johannis eine furcht kam uͤber alle nachbarn vnd alle die es hoͤreten nahmens zu hertzen vnd ſprachen was meyneſtu will aus dem kindlein werden denn die hand des herren war mit jhm alſo iſt es wolgethan liebſten zuhoͤrer daß wir dieſes gnadenwerck der buchdruckerey nicht in wind ſchlagen ſondern in der furcht gottes es bewundern erwegen zu hertzen nehmen vnd bedencken wie auch die hand des herren mit dieſer gott wolgefaͤlligen kunſt geweſen,christlich und heilig war es dass bey der geschicht iohannis eine furcht kam uber alle nachbarn und alle die es horeten nahmens zu hertzen und sprachen was meynestu will aus dem kindlein werden denn die hand des herren war mit ihm also ist es wolgethan liebsten zuhorer dass wir dieses gnadenwerck der buchdruckerey nicht in wind schlagen sondern in der furcht gottes es bewundern erwegen zu hertzen nehmen und bedencken wie auch die hand des herren mit dieser gott wolgefalligen kunst gewesen
oa_jubilaeum_1640,body,109,0,True,54,Die Hand des HErren war mit jhr in dem Ausdencken vnd ſcharffſinnigen anrichten.,die hand des herren war mit jhr in dem ausdencken vnd ſcharffſinnigen anrichten,die hand des herren war mit ihr in dem ausdencken und scharffsinnigen anrichten
oa_jubilaeum_1640,body,110,0,True,54,Die Hand des HErren war mit jhr im Gelingen vnd Wolgerathen.,die hand des herren war mit jhr im gelingen vnd wolgerathen,die hand des herren war mit ihr im gelingen und wolgerathen
oa_jubilaeum_1640,body,111,0,True,54,Die Hand des HErren war mit jhr in dem gluͤcklichen Wachſen vnd Zunehmen.,die hand des herren war mit jhr in dem gluͤcklichen wachſen vnd zunehmen,die hand des herren war mit ihr in dem glucklichen wachsen und zunehmen
oa_jubilaeum_1640,body,112,0,True,54,Die Hand des HErren war mit jhr im Antreffen hoher Patronen vnd geneigten Foͤrderer.,die hand des herren war mit jhr im antreffen hoher patronen vnd geneigten foͤrderer,die hand des herren war mit ihr im antreffen hoher patronen und geneigten forderer
oa_jubilaeum_1640,body,113,0,True,55,"Die Hand des HErren war mit jhr in der expolition vnd Zierligkeit der ernewerten mancherleyen Schrifften vnd Buchſtaben/ die nicht allein in auswertigen Koͤnigreichen vnd Landſchafften/ ſondern auch in vnſerm Meißner Lande ſo artig/ ſo reinlich/ ſo ſubtiel vnd ſchoͤn gegoſſen/ vnd gefuͤhret werden/ daß/ ſo die Buchfuͤhrer vnd Verleger des beſten Pappiers/ vnd die Correctores mit den Gewercken jhres Fleiſſes nicht ſpareten/ wir es denen frembden Auslaͤndern in allen Pertinentien, wo nicht zuvor/ jedoch gewißlich gantz gleich vnd ehnlich machen koͤnten.",die hand des herren war mit jhr in der expolition vnd zierligkeit der ernewerten mancherleyen schrifften vnd buchſtaben die nicht allein in auswertigen koͤnigreichen vnd landſchafften ſondern auch in vnſerm meißner lande ſo artig ſo reinlich ſo ſubtiel vnd ſchoͤn gegoſſen vnd gefuͤhret werden daß ſo die buchfuͤhrer vnd verleger des beſten pappiers vnd die correctores mit den gewercken jhres fleiſſes nicht ſpareten wir es denen frembden auslaͤndern in allen pertinentien wo nicht zuvor jedoch gewißlich gantz gleich vnd ehnlich machen koͤnten,die hand des herren war mit ihr in der expolition und zierligkeit der ernewerten mancherleyen schrifften und buchstaben die nicht allein in auswertigen konigreichen und landschafften sondern auch in unserm meissner lande so artig so reinlich so subtiel und schon gegossen und gefuhret werden dass so die buchfuhrer und uerleger des besten pappiers und die correctores mit den gewercken ihres fleisses nicht spareten wir es denen frembden auslandern in allen pertinentien wo nicht zuuor iedoch gewisslich gantz gleich und ehnlich machen konten
oa_jubilaeum_1640,body,114,0,True,55,Die Hand des HErrn war mit jhr in Empfindung des Segens/ damit GOtt die Buchtrucker vnd Buchfuͤhrer reichlich uͤberſchuͤttet hat/ daß die meiſten (auſſer dem Weltverderblichen Kriegsweſen) zu genungſamer/ austraͤglicher/ anſehlicher Nahrung vnd Verlag mit Ehren kommen ſeynd/ vnd kuͤnfftiger weile/ bey friedlichen Zeiten/ ob GOTT will/ mehr vnd beſſer wieder darzu kommen werden.,die hand des herrn war mit jhr in empfindung des segens damit gott die buchtrucker vnd buchfuͤhrer reichlich uͤberſchuͤttet hat daß die meiſten auſſer dem weltverderblichen kriegsweſen zu genungſamer austraͤglicher anſehlicher nahrung vnd verlag mit ehren kommen ſeynd vnd kuͤnfftiger weile bey friedlichen zeiten ob gott will mehr vnd beſſer wieder darzu kommen werden,die hand des herrn war mit ihr in empfindung des segens damit gott die buchtrucker und buchfuhrer reichlich uberschuttet hat dass die meisten ausser dem weltuerderblichen kriegswesen zu genungsamer austraglicher ansehlicher nahrung und uerlag mit ehren kommen seynd und kunfftiger weile bey friedlichen zeiten ob gott will mehr und besser wieder darzu kommen werden
oa_jubilaeum_1640,body,115,0,True,55,"Die Hand des HErren war mit jhr in Fortſtellung des gewaltigen/ maͤchtigen Reformation-Wercks zu Lutheri Zeiten. Denn ſo es ohne dieſen Vorlaͤuffer/ ohne die geſegnete Trucker-Kunſt geweſen/ die dem ſchnellen Lauff des Evangelii den Weg bereitete/ hetten die Schrifften Lutheri ſo bald/ vnd ſo weit vnd breit nicht ausgebracht/ noch ſo leicht vnd geſchwinde ſo viel hundert tauſend Menſchen in der repurgirten, wahren/ allein ſeligmachenden Lehr vnterrichtet werden koͤnnen.",die hand des herren war mit jhr in fortſtellung des gewaltigen maͤchtigen reformationwercks zu lutheri zeiten denn ſo es ohne dieſen vorlaͤuffer ohne die geſegnete truckerkunſt geweſen die dem ſchnellen lauff des evangelii den weg bereitete hetten die schrifften lutheri ſo bald vnd ſo weit vnd breit nicht ausgebracht noch ſo leicht vnd geſchwinde ſo viel hundert tauſend menſchen in der repurgirten wahren allein ſeligmachenden lehr vnterrichtet werden koͤnnen,die hand des herren war mit ihr in fortstellung des gewaltigen machtigen reformationwercks zu lutheri zeiten denn so es ohne diesen uorlauffer ohne die gesegnete truckerkunst gewesen die dem schnellen lauff des euangelii den weg bereitete hetten die schrifften lutheri so bald und so weit und breit nicht ausgebracht noch so leicht und geschwinde so uiel hundert tausend menschen in der repurgirten wahren allein seligmachenden lehr unterrichtet werden konnen
oa_jubilaeum_1640,body,116,0,True,56,"Die Hand des HErren war mit jhr in Ausbreitung der heiligen Bibel/ welche vor der Erfindung dieſer Kunſt/ vnd vor Lutheri Zeiten im finſtern ſtackte/ vnd auch bey den Gelehrten vnd Geiſtlichen nicht ſehr bekand war: Jetzo aber/ GOtt Lob/ in vnzehlichen Sprachen/ Editionen vnd Formaten, wie man ſie nur begehret/ mit vnd ohne Außlegung vor jedermans Augen lieget. Zugeſchweigen der uͤberaus vielfaͤltigen Geiſtreichen Erklaͤrungen/ die man ſo wol uͤber die gantze H. Schrifft/ als uͤber abſonderliche Buͤcher derſelben uͤmb leidlichen Werth gar fuͤglich haben kan. Daruͤmb wenn ſchon gantz vnd gar kein ander Buch niemals gedruckt worden were/ als allein die heilige Bibel/ oder nur das Pſalter-Buͤchlein vnd das Newe Teſtament/ oder allein der Kinder-Catechiſmus vnd das Geſangbuch Herrn D. Luthers/ ſo were doch der Dienſt vnd das Handlangen dieſer auserkohrnen Kunſt am geiſtlichen Baw der Kirchen GOttes nimmermehr gnungſam auszuſprechen/ noch mit aller Welt Geld vnd Gut zu bezahlen. Der vnzehlbaren Himmel-zwingenden Gebetbuͤcher will ich nicht erwehnen/ ohne deren Druck viel hundert tauſend mal tauſend andaͤchtige inbruͤnſtige Hertzſeufftzer wuͤrden vngeſchehen blieben ſeyn.",die hand des herren war mit jhr in ausbreitung der heiligen bibel welche vor der erfindung dieſer kunſt vnd vor lutheri zeiten im finſtern ſtackte vnd auch bey den gelehrten vnd geiſtlichen nicht ſehr bekand war jetzo aber gott lob in vnzehlichen sprachen editionen vnd formaten wie man ſie nur begehret mit vnd ohne außlegung vor jedermans augen lieget zugeſchweigen der uͤberaus vielfaͤltigen geiſtreichen erklaͤrungen die man ſo wol uͤber die gantze h schrifft als uͤber abſonderliche buͤcher derſelben uͤmb leidlichen werth gar fuͤglich haben kan daruͤmb wenn ſchon gantz vnd gar kein ander buch niemals gedruckt worden were als allein die heilige bibel oder nur das pſalterbuͤchlein vnd das newe teſtament oder allein der kindercatechiſmus vnd das geſangbuch herrn d luthers ſo were doch der dienſt vnd das handlangen dieſer auserkohrnen kunſt am geiſtlichen baw der kirchen gottes nimmermehr gnungſam auszuſprechen noch mit aller welt geld vnd gut zu bezahlen der vnzehlbaren himmelzwingenden gebetbuͤcher will ich nicht erwehnen ohne deren druck viel hundert tauſend mal tauſend andaͤchtige inbruͤnſtige hertzſeufftzer wuͤrden vngeſchehen blieben ſeyn,die hand des herren war mit ihr in ausbreitung der heiligen bibel welche uor der erfindung dieser kunst und uor lutheri zeiten im finstern stackte und auch bey den gelehrten und geistlichen nicht sehr bekand war ietzo aber gott lob in unzehlichen sprachen editionen und formaten wie man sie nur begehret mit und ohne ausslegung uor iedermans augen lieget zugeschweigen der uberaus uielfaltigen geistreichen erklarungen die man so wol uber die gantze h schrifft als uber absonderliche bucher derselben umb leidlichen werth gar fuglich haben kan darumb wenn schon gantz und gar kein ander buch niemals gedruckt worden were als allein die heilige bibel oder nur das psalterbuchlein und das newe testament oder allein der kindercatechismus und das gesangbuch herrn d luthers so were doch der dienst und das handlangen dieser auserkohrnen kunst am geistlichen baw der kirchen gottes nimmermehr gnungsam auszusprechen noch mit aller welt geld und gut zu bezahlen der unzehlbaren himmelzwingenden gebetbucher will ich nicht erwehnen ohne deren druck uiel hundert tausend mal tausend andachtige inbrunstige hertzseufftzer wurden ungeschehen blieben seyn
oa_jubilaeum_1640,body,117,0,True,56,„Die Hand des HErren wird auch ferner mit jhr ſeyn/ „vnd ſie zu ſeines Namens Ehr vnd Preiß erhalten biß an „den lieben Juͤngſten Tag: das iſt gewißlich war.,die hand des herren wird auch ferner mit jhr ſeyn vnd ſie zu ſeines namens ehr vnd preiß erhalten biß an den lieben juͤngſten tag das iſt gewißlich war,die hand des herren wird auch ferner mit ihr seyn und sie zu seines namens ehr und preiss erhalten biss an den lieben iungsten tag das ist gewisslich war
oa_jubilaeum_1640,body,118,0,True,58,"7. Koͤſtlich vnd lieblich war es/ daß Zacharias des heiligen Geiſtes voll/ GOtt dem Herren vor das angehende Werck der inſtehenden Erloͤſung in einem froͤlichen Lobgeſang hertzlich danckte/ auch ſein Kindlein wegen des kuͤnfftigen Ampts praͤchtig commendirte. Alſo iſts ein vntadelhafftes Thun/ daß Chriſtliche Hertzen/ die gerne in getruckten guten Buͤchern leſen/ dem viel-frommen/ allein weiſen GOtt fuͤr die Erfindung vnd nunmehr zweyhundertjaͤhrige Erhaltung dieſer thewren Kunſt/ inniglich Lob vnd Danck ſagen. Vnd nach dem die Kunſtverwandten der Buchtruckerey auff heutigen Johannis-Tag jhrer Trucker-Johanniten Ehren-Gedaͤchtnuͤß in der Nachbarſchafft begehen/ vnd dem Allerhoͤchſten jhre Danckopffer feyerlich liefern werden/ maſſen ſie durch offenen Druck ſich vernehmen laſſen: So haben wir als Nachbarn vnd Freunde/ Chriſtliche Vrſach/ vns zu frewen mit den Froͤlichen/ Rom. 12, 15. vnd den grundguͤtigen GOtt im Himmel auch vnſers Theils zu dancken/ daß er nicht allein vnſere liebe ſelige Vorfahren/ wie an andern Orten dieſes hohen freyen Stiffts Meiſſen/ alſo abſonderlich in dieſer loͤblichen/ aber/ leider/ GOtt erbarm es/ durch Raub/ Schwerd vnd Fewer nunmehr verhoͤreten vnd zerſtoͤreten Stiffts Stadt Wurtzen/ (GOtt wolle ſich vnſer wieder erbarmen!) durch die ausgegangene vnd durch den Druck bekantgemachte Bibel/ Jtem/ durch des Herren Lutheri, (welcher auch denen damaligen dieſen Stiffs Prælaten tapffer an den Bauch gegriffen/) vnd anderer Evangeliſcher Prediger nuͤtzliche gedruckte Schrifften/ von den Paͤbſtiſchen Finſternuͤſſen zum ſeligmachenden Liecht des hellen klaren Evangelii jetzo vor 100. Jahren gnaͤdigſt bekehret; darzu denn inſonderheit wol gedienet hat die in Druck gelaſſene/ vnd maͤnniglich vor Augen geſtellete Augſpurgiſche Confesſion, welche Johannes/ Churfuͤrſt zu Sachſen/ Chriſtmildeſter Gedaͤchtnuͤß/ neben ſeinen Glaubensgenoſſen/ Anno 1530. den Tag nach Johannis/ als Morgen vor 110. Jahren/ auff dem damaligen groſſen Reichstag zu Augſpurg/ oͤffentlich uͤbergeben/ (deßwegen Morgen vor 10. Jahren das Evangeliſche groſſe Jubelfeſt begangen ward/) die nachmals der letzte Meißniſche Biſchoff/ Johannes der Achte dieſes Namens/ in der publicirten Formulâ Concordiæ eigenhaͤndig vnterſchrieben/ vnd vnſer gnaͤdigſter Churfuͤrſt vnd Landesvater/ Johannes-George/ Hertzog vnd Churfuͤrſt zu Sachſen/ ꝛc. biß dato glaͤubig bekennet/ geehret vnd ausgebreitet hat: Sondern daß auch der mildreiche GOtt nach ſelbiger Zeit in dieſem reformirten Lutheriſchen hohen freyen Stifft Meiſſen vnd Stiffts-Stadt Wurtzen/ vnd in den ſaͤmptlichen incorporirten Stifftiſchen Kirchen/ die vnverfaͤlſchte Lehr des Evangelii/ nechſt den vielfeltigen muͤndlichen Predigten/ auch durch manch ſchoͤnes ſtattliches gedrucktes Buch hat befoͤrdern/ vnd das Chriſtenthumb biß auff dieſe Stunde vnter vns erhalten wollen: Vnter welche mit allen Ehren koͤnnen geſellet vnd geſtellet werden/ der juͤngſt geweſenen hieſigen Stiffts-Superintendenten, meiner ſeligen Herren Anteceſſorum, Herrn Doct. Johannis Schreiteri, vnd bevoraus Herrn D. Wolffgangi Mamphraſii gute Kern-Buͤcherlein/ die in den Druckereyen der benachbarten Stadt Leipzig auffgeleget/ vielen gelehrten vnd vngelehrten Perſonen mit Lehr vnd Troſt mercklich zu ſtatten kommen.",koͤſtlich vnd lieblich war es daß zacharias des heiligen geiſtes voll gott dem herren vor das angehende werck der inſtehenden erloͤſung in einem froͤlichen lobgeſang hertzlich danckte auch ſein kindlein wegen des kuͤnfftigen ampts praͤchtig commendirte alſo iſts ein vntadelhafftes thun daß chriſtliche hertzen die gerne in getruckten guten buͤchern leſen dem vielfrommen allein weiſen gott fuͤr die erfindung vnd nunmehr zweyhundertjaͤhrige erhaltung dieſer thewren kunſt inniglich lob vnd danck ſagen vnd nach dem die kunſtverwandten der buchtruckerey auff heutigen johannistag jhrer truckerjohanniten ehrengedaͤchtnuͤß in der nachbarſchafft begehen vnd dem allerhoͤchſten jhre danckopffer feyerlich liefern werden maſſen ſie durch offenen druck ſich vernehmen laſſen so haben wir als nachbarn vnd freunde chriſtliche vrſach vns zu frewen mit den froͤlichen rom vnd den grundguͤtigen gott im himmel auch vnſers theils zu dancken daß er nicht allein vnſere liebe ſelige vorfahren wie an andern orten dieſes hohen freyen stiffts meiſſen alſo abſonderlich in dieſer loͤblichen aber leider gott erbarm es durch raub schwerd vnd fewer nunmehr verhoͤreten vnd zerſtoͤreten stiffts stadt wurtzen gott wolle ſich vnſer wieder erbarmen durch die ausgegangene vnd durch den druck bekantgemachte bibel jtem durch des herren lutheri welcher auch denen damaligen dieſen stiffs prælaten tapffer an den bauch gegriffen vnd anderer evangeliſcher prediger nuͤtzliche gedruckte schrifften von den paͤbſtiſchen finſternuͤſſen zum ſeligmachenden liecht des hellen klaren evangelii jetzo vor jahren gnaͤdigſt bekehret darzu denn inſonderheit wol gedienet hat die in druck gelaſſene vnd maͤnniglich vor augen geſtellete augſpurgiſche confesſion welche johannes churfuͤrſt zu sachſen chriſtmildeſter gedaͤchtnuͤß neben ſeinen glaubensgenoſſen anno den tag nach johannis als morgen vor jahren auff dem damaligen groſſen reichstag zu augſpurg oͤffentlich uͤbergeben deßwegen morgen vor jahren das evangeliſche groſſe jubelfeſt begangen ward die nachmals der letzte meißniſche biſchoff johannes der achte dieſes namens in der publicirten formulâ concordiæ eigenhaͤndig vnterſchrieben vnd vnſer gnaͤdigſter churfuͤrſt vnd landesvater johannesgeorge hertzog vnd churfuͤrſt zu sachſen ꝛc biß dato glaͤubig bekennet geehret vnd ausgebreitet hat sondern daß auch der mildreiche gott nach ſelbiger zeit in dieſem reformirten lutheriſchen hohen freyen stifft meiſſen vnd stifftsstadt wurtzen vnd in den ſaͤmptlichen incorporirten stifftiſchen kirchen die vnverfaͤlſchte lehr des evangelii nechſt den vielfeltigen muͤndlichen predigten auch durch manch ſchoͤnes ſtattliches gedrucktes buch hat befoͤrdern vnd das chriſtenthumb biß auff dieſe stunde vnter vns erhalten wollen vnter welche mit allen ehren koͤnnen geſellet vnd geſtellet werden der juͤngſt geweſenen hieſigen stifftssuperintendenten meiner ſeligen herren anteceſſorum herrn doct johannis schreiteri vnd bevoraus herrn d wolffgangi mamphraſii gute kernbuͤcherlein die in den druckereyen der benachbarten stadt leipzig auffgeleget vielen gelehrten vnd vngelehrten perſonen mit lehr vnd troſt mercklich zu ſtatten kommen,kostlich und lieblich war es dass zacharias des heiligen geistes uoll gott dem herren uor das angehende werck der instehenden erlosung in einem frolichen lobgesang hertzlich danckte auch sein kindlein wegen des kunfftigen ampts prachtig commendirte also ists ein untadelhafftes thun dass christliche hertzen die gerne in getruckten guten buchern lesen dem uielfrommen allein weisen gott fur die erfindung und nunmehr zweyhundertiahrige erhaltung dieser thewren kunst inniglich lob und danck sagen und nach dem die kunstuerwandten der buchtruckerey auff heutigen iohannistag ihrer truckeriohanniten ehrengedachtnuss in der nachbarschafft begehen und dem allerhochsten ihre danckopffer feyerlich liefern werden massen sie durch offenen druck sich uernehmen lassen so haben wir als nachbarn und freunde christliche ursach uns zu frewen mit den frolichen rom und den grundgutigen gott im himmel auch unsers theils zu dancken dass er nicht allein unsere liebe selige uorfahren wie an andern orten dieses hohen freyen stiffts meissen also absonderlich in dieser loblichen aber leider gott erbarm es durch raub schwerd und fewer nunmehr uerhoreten und zerstoreten stiffts stadt wurtzen gott wolle sich unser wieder erbarmen durch die ausgegangene und durch den druck bekantgemachte bibel item durch des herren lutheri welcher auch denen damaligen diesen stiffs praelaten tapffer an den bauch gegriffen und anderer euangelischer prediger nutzliche gedruckte schrifften uon den pabstischen finsternussen zum seligmachenden liecht des hellen klaren euangelii ietzo uor iahren gnadigst bekehret darzu denn insonderheit wol gedienet hat die in druck gelassene und manniglich uor augen gestellete augspurgische confession welche iohannes churfurst zu sachsen christmildester gedachtnuss neben seinen glaubensgenossen anno den tag nach iohannis als morgen uor iahren auff dem damaligen grossen reichstag zu augspurg offentlich ubergeben desswegen morgen uor iahren das euangelische grosse iubelfest begangen ward die nachmals der letzte meissnische bischoff iohannes der achte dieses namens in der publicirten formula concordiae eigenhandig unterschrieben und unser gnadigster churfurst und landesuater iohannesgeorge hertzog und churfurst zu sachsen c biss dato glaubig bekennet geehret und ausgebreitet hat sondern dass auch der mildreiche gott nach selbiger zeit in diesem reformirten lutherischen hohen freyen stifft meissen und stifftsstadt wurtzen und in den samptlichen incorporirten stifftischen kirchen die unuerfalschte lehr des euangelii nechst den uielfeltigen mundlichen predigten auch durch manch schones stattliches gedrucktes buch hat befordern und das christenthumb biss auff diese stunde unter uns erhalten wollen unter welche mit allen ehren konnen gesellet und gestellet werden der iungst gewesenen hiesigen stifftssuperintendenten meiner seligen herren antecessorum herrn doct iohannis schreiteri und beuoraus herrn d wolffgangi mamphrasii gute kernbucherlein die in den druckereyen der benachbarten stadt leipzig auffgeleget uielen gelehrten und ungelehrten personen mit lehr und trost mercklich zu statten kommen
oa_jubilaeum_1640,body,119,0,True,59,"Vnd dieſes jetztgemeldte von der Buchtrucker-Kunſt/ habe bey dem Schreibetaͤflein Zachariæ auff heutigen Johannis-Tag in dieſem biſeculari annô 1640. das iſt/ in dem Zweyhundertjaͤhrigen Gedaͤchtnuͤß-Jahre dieſer Kunſt/ ich alſo ewerer Liebe beylaͤufftig mit anfuͤhren wollen/ GOTT allein zu Danck vnd Ehren/ den Einfaͤltigen zur Wiſſenſchafft vnd Nachricht/ vnd denn der hochnuͤtzlichen Buchtruckerkunſt vnd allen derſelben Kunſt GOtt-liebenden Verwandten vnd Zugethanen zum ruͤhmlichſten Gedaͤchtnuͤß. Denn ehrliche/ Chriſtliche Buch-Setzer vnd Drucker ſeynd vnd bleiben ja gewißlich mit allen Ehren die Knechte vnd Diener Jſaacs/ die die verſtopfften Waſſerbrunnen Abrahams wieder auffgruben/ Geneſ. 26, 18. Sie ſeynd der Bezaleel vnd Ahaliab/ vnd die weiſen Maͤnner/ denen der HErr Weisheit vnd Verſtand gegeben/ zu wiſſen/ wie ſie allerley Werck machen ſollen zum Dienſt des Heiligthumbs/ ein jeglicher ſeines Wercks/ Exod. 36, 1–4. Sie ſeynd die Werckleute Davids/ Salomons/ Joas vnd Joſiæ/ zur Erbawung vnd Beſſerung des Hauſes des HErrens/ 1. Reg. 5, 18. 2. Reg. 12, 12. & cap. 22, 6. 1. Chronic. 23, 1. Sie ſeynd die Schmiede Jſraels/ die Schwerdt vnd Spieſſe machen/ 2. Sam. 13, 19. 2. Reg. 24, 16. Sie ſeynd die Werck Gehuͤlffen Nehemiæ an den Mawren Jeruſalems/ Nehem. 2, 16. Sie ſeynd die ſieben Maͤnner beſtellet zur taͤglichen Handreichung vnd Nothdurfft zum Gottesdienſt/ Act. 6, 3. Sie ſeynd die geſchwinden Schreiber Eſdræ, die in 40. Tagen mehr als 204. Buͤcher verfertigẽ/ 4. Esdr. 14, 44.",vnd dieſes jetztgemeldte von der buchtruckerkunſt habe bey dem schreibetaͤflein zachariæ auff heutigen johannistag in dieſem biſeculari annô das iſt in dem zweyhundertjaͤhrigen gedaͤchtnuͤßjahre dieſer kunſt ich alſo ewerer liebe beylaͤufftig mit anfuͤhren wollen gott allein zu danck vnd ehren den einfaͤltigen zur wiſſenſchafft vnd nachricht vnd denn der hochnuͤtzlichen buchtruckerkunſt vnd allen derſelben kunſt gottliebenden verwandten vnd zugethanen zum ruͤhmlichſten gedaͤchtnuͤß denn ehrliche chriſtliche buchsetzer vnd drucker ſeynd vnd bleiben ja gewißlich mit allen ehren die knechte vnd diener jſaacs die die verſtopfften waſſerbrunnen abrahams wieder auffgruben geneſ sie ſeynd der bezaleel vnd ahaliab vnd die weiſen maͤnner denen der herr weisheit vnd verſtand gegeben zu wiſſen wie ſie allerley werck machen ſollen zum dienſt des heiligthumbs ein jeglicher ſeines wercks exod sie ſeynd die werckleute davids salomons joas vnd joſiæ zur erbawung vnd beſſerung des hauſes des herrens reg reg & cap chronic sie ſeynd die schmiede jſraels die schwerdt vnd spieſſe machen sam reg sie ſeynd die werck gehuͤlffen nehemiæ an den mawren jeruſalems nehem sie ſeynd die ſieben maͤnner beſtellet zur taͤglichen handreichung vnd nothdurfft zum gottesdienſt act sie ſeynd die geſchwinden schreiber eſdræ die in tagen mehr als buͤcher verfertigẽ esdr,und dieses ietztgemeldte uon der buchtruckerkunst habe bey dem schreibetaflein zachariae auff heutigen iohannistag in diesem biseculari anno das ist in dem zweyhundertiahrigen gedachtnussiahre dieser kunst ich also ewerer liebe beylaufftig mit anfuhren wollen gott allein zu danck und ehren den einfaltigen zur wissenschafft und nachricht und denn der hochnutzlichen buchtruckerkunst und allen derselben kunst gottliebenden uerwandten und zugethanen zum ruhmlichsten gedachtnuss denn ehrliche christliche buchsetzer und drucker seynd und bleiben ia gewisslich mit allen ehren die knechte und diener isaacs die die uerstopfften wasserbrunnen abrahams wieder auffgruben genes sie seynd der bezaleel und ahaliab und die weisen manner denen der herr weisheit und uerstand gegeben zu wissen wie sie allerley werck machen sollen zum dienst des heiligthumbs ein ieglicher seines wercks exod sie seynd die werckleute dauids salomons ioas und iosiae zur erbawung und besserung des hauses des herrens reg reg et cap chronic sie seynd die schmiede israels die schwerdt und spiesse machen sam reg sie seynd die werck gehulffen nehemiae an den mawren ierusalems nehem sie seynd die sieben manner bestellet zur taglichen handreichung und nothdurfft zum gottesdienst act sie seynd die geschwinden schreiber esdrae die in tagen mehr als bucher uerfertigen esdr
oa_jubilaeum_1640,body,120,0,True,59,"Die Schrifftgieſſer/ Formenſchneider/ Kupfferſtecher ſeynd der kuͤnſtliche Hiram/ Meiſter im Ertz/ voll Weisheit/ Verſtand vnd Kunſt/ zu graben allerley/ vnd allerley kuͤnſtlich zu machen/ was man jhnen fuͤrgibt/ 1. Reg. 7, 14. 2. Chron. 2, 14.",die schrifftgieſſer formenſchneider kupfferſtecher ſeynd der kuͤnſtliche hiram meiſter im ertz voll weisheit verſtand vnd kunſt zu graben allerley vnd allerley kuͤnſtlich zu machen was man jhnen fuͤrgibt reg chron,die schrifftgiesser formenschneider kupfferstecher seynd der kunstliche hiram meister im ertz uoll weisheit uerstand und kunst zu graben allerley und allerley kunstlich zu machen was man ihnen furgibt reg chron
oa_jubilaeum_1640,body,121,0,True,59,"Die Buchfuͤhrer ſeynd die Floͤßleute Hirams/ 2. Chron. 2, 16. vnd die Schiffahrer Salomons/ ibid. cap. 8, 18. cap. 9, 21. Die da ſchaffen/ daß die Epiſtel an die Coloſſer auch in der Gemeine zu Laodicea geleſen werde/ vnd daß die Coloſſer die an die von Laodicea leſen/ Coloſs. 4, 16.",die buchfuͤhrer ſeynd die floͤßleute hirams chron vnd die schiffahrer salomons ibid cap cap die da ſchaffen daß die epiſtel an die coloſſer auch in der gemeine zu laodicea geleſen werde vnd daß die coloſſer die an die von laodicea leſen coloſs,die buchfuhrer seynd die flossleute hirams chron und die schiffahrer salomons ibid cap cap die da schaffen dass die epistel an die colosser auch in der gemeine zu laodicea gelesen werde und dass die colosser die an die uon laodicea lesen coloss
oa_jubilaeum_1640,body,122,0,True,59,"Die Buchbinder ſeynd die muͤhſamen Gibeoniten/ die Holtzhawer vñ Waſſertraͤger der Gemeine/ vñ zum Altar des HErrn/ Joſ. 9, 27. 1. Reg. 18, 34. die Paulo die Buͤcher mitbringen/ ſonderlich aber das Pergamen/ 2. Tim. 4, 13.",die buchbinder ſeynd die muͤhſamen gibeoniten die holtzhawer vñ waſſertraͤger der gemeine vñ zum altar des herrn joſ reg die paulo die buͤcher mitbringen ſonderlich aber das pergamen tim,die buchbinder seynd die muhsamen gibeoniten die holtzhawer und wassertrager der gemeine und zum altar des herrn ios reg die paulo die bucher mitbringen sonderlich aber das pergamen tim
oa_jubilaeum_1640,body,123,0,True,59,"Summa Summarum/ in einem jeglichen erzeigen ſich die Gaben des Geiſtes zum gemeinen Nutz/ 1. Cor. 12, 7. Klar genung hiervon.",summa summarum in einem jeglichen erzeigen ſich die gaben des geiſtes zum gemeinen nutz cor klar genung hiervon,summa summarum in einem ieglichen erzeigen sich die gaben des geistes zum gemeinen nutz cor klar genung hieruon
oa_jubilaeum_1640,body,124,0,True,59,In Feſto Johannis Baptiſtæ mentio Typographiæ facta eſt à me M. L. P. hunc ferè in modum:,in feſto johannis baptiſtæ mentio typographiæ facta eſt à me m l p hunc ferè in modum,in festo iohannis baptistae mentio typographiae facta est a me m l p hunc fere in modum
oa_jubilaeum_1640,body,125,0,False,59,"AVs erklaͤrter Feſt-Epiſtel ſollen wir vnſere Buſſe uͤben lernen: Ingratitudinem noſtram agnoſcendo, daß wir vnſere Vndanckbarkeit erkennen lernen.",avs erklaͤrter feſtepiſtel ſollen wir vnſere buſſe uͤben lernen ingratitudinem noſtram agnoſcendo daß wir vnſere vndanckbarkeit erkennen lernen,aus erklarter festepistel sollen wir unsere busse uben lernen ingratitudinem nostram agnoscendo dass wir unsere undanckbarkeit erkennen lernen
oa_jubilaeum_1640,body,125,1,False,59,GOtt/ der ein Vater alles Troſtes iſt/ befihlet dem Propheten Eſaiæ/ vnd noch heut zu Tage allen trewen Lehrern vnd Predigern/ daß ſie allen Betruͤbten ſollen Troſt ins Hertze reden/ vnd ſpricht: Troͤſtet/ troͤſtet mein Volck/ ſpricht ewer GOTT/ redet mit Jeruſalem freundlich/ vnd prediget jhr/ daß jhre Ritterſchafft ein Ende hat/ denn jhre Miſſethat iſt vergeben/ denn ſie hat zwiefaͤltiges empfangen von der Hand des HErren/ vmb alle jhre Suͤnde.,gott der ein vater alles troſtes iſt befihlet dem propheten eſaiæ vnd noch heut zu tage allen trewen lehrern vnd predigern daß ſie allen betruͤbten ſollen troſt ins hertze reden vnd ſpricht troͤſtet troͤſtet mein volck ſpricht ewer gott redet mit jeruſalem freundlich vnd prediget jhr daß jhre ritterſchafft ein ende hat denn jhre miſſethat iſt vergeben denn ſie hat zwiefaͤltiges empfangen von der hand des herren vmb alle jhre suͤnde,gott der ein uater alles trostes ist befihlet dem propheten esaiae und noch heut zu tage allen trewen lehrern und predigern dass sie allen betrubten sollen trost ins hertze reden und spricht trostet trostet mein uolck spricht ewer gott redet mit ierusalem freundlich und prediget ihr dass ihre ritterschafft ein ende hat denn ihre missethat ist uergeben denn sie hat zwiefaltiges empfangen uon der hand des herren umb alle ihre sunde
oa_jubilaeum_1640,body,125,2,False,60,Darinnen werden vns ſolche hohe/ groſſe vnd vnausſprechliche Wolthaten GOttes angekuͤndiget/ dafuͤr wir ſeiner Goͤttlichen Majeſtaͤt nimmermehr gnungſam koͤñen dancken.,darinnen werden vns ſolche hohe groſſe vnd vnausſprechliche wolthaten gottes angekuͤndiget dafuͤr wir ſeiner goͤttlichen majeſtaͤt nimmermehr gnungſam koͤñen dancken,darinnen werden uns solche hohe grosse und unaussprechliche wolthaten gottes angekundiget dafur wir seiner gottlichen maiestat nimmermehr gnungsam konnen dancken
oa_jubilaeum_1640,body,125,3,False,60,Denn GOtt leſſet vns ins Hertze predigen/ wie es nach der heiligen Grundſprache lautet/ daß vnſere mannigfaltige Suͤnden vergeben/ vnd wir von der ſchweren Ritterſchafft des Geſetzes/ das S. Petrus in der Apoſtel Geſchicht im 15. v. 9. ein Joch nennet/ welches weder jhre Vaͤter/ noch die Juͤnger des HErren haben muͤgen tragen/ befreyet: Hingegen hat vns der Herr Chriſtus Leben/ Gnade/ vnd Seligkeit erworben/ deſſen alles wir vns von Hertzen ſollen troͤſten vnd frewen/ vnd mit Koͤnig David auſſm 119. Pſalm ſagen: HErr/ das Geſetze deines Mundes iſt mir lieber/ denn viel tauſend Stuͤck Gold vnd Silber.,denn gott leſſet vns ins hertze predigen wie es nach der heiligen grundſprache lautet daß vnſere mannigfaltige suͤnden vergeben vnd wir von der ſchweren ritterſchafft des geſetzes das s petrus in der apoſtel geſchicht im v ein joch nennet welches weder jhre vaͤter noch die juͤnger des herren haben muͤgen tragen befreyet hingegen hat vns der herr chriſtus leben gnade vnd seligkeit erworben deſſen alles wir vns von hertzen ſollen troͤſten vnd frewen vnd mit koͤnig david auſſm pſalm ſagen herr das geſetze deines mundes iſt mir lieber denn viel tauſend stuͤck gold vnd silber,denn gott lesset uns ins hertze predigen wie es nach der heiligen grundsprache lautet dass unsere mannigfaltige sunden uergeben und wir uon der schweren ritterschafft des gesetzes das s petrus in der apostel geschicht im u ein ioch nennet welches weder ihre uater noch die iunger des herren haben mugen tragen befreyet hingegen hat uns der herr christus leben gnade und seligkeit erworben dessen alles wir uns uon hertzen sollen trosten und frewen und mit konig dauid aussm psalm sagen herr das gesetze deines mundes ist mir lieber denn uiel tausend stuck gold und silber
oa_jubilaeum_1640,body,125,4,False,60,Welche groſſe Wolthaten Gottes ſind vns nun auch vornemlich durch die Edle Kunſt der Buchtruckerey mitgetheilet worden/ die Johannes Guttenberg von Strasburg/ entweder allda/ oder zu Meyntz/ jetzo fuͤr 200. Jahren ſoll erfunden haben.,welche groſſe wolthaten gottes ſind vns nun auch vornemlich durch die edle kunſt der buchtruckerey mitgetheilet worden die johannes guttenberg von strasburg entweder allda oder zu meyntz jetzo fuͤr jahren ſoll erfunden haben,welche grosse wolthaten gottes sind uns nun auch uornemlich durch die edle kunst der buchtruckerey mitgetheilet worden die iohannes guttenberg uon strasburg entweder allda oder zu meyntz ietzo fur iahren soll erfunden haben
oa_jubilaeum_1640,body,125,5,True,60,Dafuͤr wir alleſampt GOtt von Hertzen dancken ſollen.,dafuͤr wir alleſampt gott von hertzen dancken ſollen,dafur wir allesampt gott uon hertzen dancken sollen
oa_jubilaeum_1640,body,126,0,False,60,Denn/ bedenckts doch lieben Zuhoͤrer/ was vor groſſer Mangel/ ſonderlich der heiligen Bibel bey vns ſeyn ſolte/ wenn GOtt die hochberuͤhmte Kunſt der Truckerey vns Teutſchen nicht mitgetheilet hette?,denn bedenckts doch lieben zuhoͤrer was vor groſſer mangel ſonderlich der heiligen bibel bey vns ſeyn ſolte wenn gott die hochberuͤhmte kunſt der truckerey vns teutſchen nicht mitgetheilet hette,denn bedenckts doch lieben zuhorer was uor grosser mangel sonderlich der heiligen bibel bey uns seyn solte wenn gott die hochberuhmte kunst der truckerey uns teutschen nicht mitgetheilet hette
oa_jubilaeum_1640,body,126,1,False,60,Der alte Herr Mattheſius gedenckt des ſeligen Mannes Lutheri/ als er auff der Vniverſitaͤt Erfurt auff der Liberey/ im 17. Jahr ſeines Alters/ der Hannæ/ des Propheten Samuelis Mutter/ Hiſtoriam/ in der Lateiniſchen Bibel/ die er zuvor die Zeit ſeines Lebens nie geſehen/ durchgeleſen/ daß er angefangen von Grund des Hertzens zu wuͤndſchen/ vnſer getrewe GOTT wolle jhm dermaleins auch ein ſolch eigen Buch beſcheren.,der alte herr mattheſius gedenckt des ſeligen mannes lutheri als er auff der vniverſitaͤt erfurt auff der liberey im jahr ſeines alters der hannæ des propheten samuelis mutter hiſtoriam in der lateiniſchen bibel die er zuvor die zeit ſeines lebens nie geſehen durchgeleſen daß er angefangen von grund des hertzens zu wuͤndſchen vnſer getrewe gott wolle jhm dermaleins auch ein ſolch eigen buch beſcheren,der alte herr matthesius gedenckt des seligen mannes lutheri als er auff der uniuersitat erfurt auff der liberey im iahr seines alters der hannae des propheten samuelis mutter historiam in der lateinischen bibel die er zuuor die zeit seines lebens nie gesehen durchgelesen dass er angefangen uon grund des hertzens zu wundschen unser getrewe gott wolle ihm dermaleins auch ein solch eigen buch bescheren
oa_jubilaeum_1640,body,126,2,False,61,Jngleichen erwehnet Herr Mattheſius ſeines Vaters mit dieſen Worten: Wie gern/ ſagt mein Vater/ moͤchte ich doch eine gantze Teutſche Bibel ſehen.,jngleichen erwehnet herr mattheſius ſeines vaters mit dieſen worten wie gern ſagt mein vater moͤchte ich doch eine gantze teutſche bibel ſehen,ingleichen erwehnet herr matthesius seines uaters mit diesen worten wie gern sagt mein uater mochte ich doch eine gantze teutsche bibel sehen
oa_jubilaeum_1640,body,126,3,False,61,Gegen dieſen Leuten ſind wir vnd vnſere Kinder fuͤrwar rechte ſelige Leute/ auff welche billich die Worte des Herren Chriſti/ beym Evangeliſten Luca im 10. Capitel/ in etwas verendert koͤnnen gezogen werden: Selig ſind die Augen/ die da ſehen/ das jhr ſehet/ denn ich ſage euch/ viel Maͤnner/ Juͤnglinge/ Frawen/ Jungfrawen vnd Kinder/ wolten ſehen das jhr ſehet/ vnd habens nicht geſehen.,gegen dieſen leuten ſind wir vnd vnſere kinder fuͤrwar rechte ſelige leute auff welche billich die worte des herren chriſti beym evangeliſten luca im capitel in etwas verendert koͤnnen gezogen werden selig ſind die augen die da ſehen das jhr ſehet denn ich ſage euch viel maͤnner juͤnglinge frawen jungfrawen vnd kinder wolten ſehen das jhr ſehet vnd habens nicht geſehen,gegen diesen leuten sind wir und unsere kinder furwar rechte selige leute auff welche billich die worte des herren christi beym euangelisten luca im capitel in etwas uerendert konnen gezogen werden selig sind die augen die da sehen das ihr sehet denn ich sage euch uiel manner iunglinge frawen iungfrawen und kinder wolten sehen das ihr sehet und habens nicht gesehen
oa_jubilaeum_1640,body,126,4,False,61,"Darumb gleich wie der fromme D. Johann Pommer/ Pfarrer zu Wittenberg jaͤhrlichen Feſtum Translationis Bibliorum, ein eigen Feſt in ſeinem Haus gehalten/ daran er mit ſeinen Kindern vnd Freunden ſeinem GOtt gedancket fuͤr den thewren/ werthen/ ſeligen Schatz der verdeutſchten Biblien: Alſo ſolten billich alle Hausvaͤter vñ Hausmuͤtter mit jhren Kindern vnd Geſinde/ vnd in Sum̃a alle Menſchen/ ſo in der Chriſtlichen Kirchen leben/ fuͤr die Truckerey/ als der groͤſten Wunderwercke eines/ Gott dem HErren auffs wenigſte des Jahrs einmal/ von Hertzen Grund dancken/ daß er vns ſo vnterſchiedlicher/ ſchoͤner Format getruckter Biblien beſcheret/ darinnen wir vnd die vnſerigen von Jugend auff forſchen/ vnd daraus den Weg des Lebens koͤnnen erkennen lernen.",darumb gleich wie der fromme d johann pommer pfarrer zu wittenberg jaͤhrlichen feſtum translationis bibliorum ein eigen feſt in ſeinem haus gehalten daran er mit ſeinen kindern vnd freunden ſeinem gott gedancket fuͤr den thewren werthen ſeligen schatz der verdeutſchten biblien alſo ſolten billich alle hausvaͤter vñ hausmuͤtter mit jhren kindern vnd geſinde vnd in sum̃a alle menſchen ſo in der chriſtlichen kirchen leben fuͤr die truckerey als der groͤſten wunderwercke eines gott dem herren auffs wenigſte des jahrs einmal von hertzen grund dancken daß er vns ſo vnterſchiedlicher ſchoͤner format getruckter biblien beſcheret darinnen wir vnd die vnſerigen von jugend auff forſchen vnd daraus den weg des lebens koͤnnen erkennen lernen,darumb gleich wie der fromme d iohann pommer pfarrer zu wittenberg iahrlichen festum translationis bibliorum ein eigen fest in seinem haus gehalten daran er mit seinen kindern und freunden seinem gott gedancket fur den thewren werthen seligen schatz der uerdeutschten biblien also solten billich alle hausuater und hausmutter mit ihren kindern und gesinde und in summa alle menschen so in der christlichen kirchen leben fur die truckerey als der grosten wunderwercke eines gott dem herren auffs wenigste des iahrs einmal uon hertzen grund dancken dass er uns so unterschiedlicher schoner format getruckter biblien bescheret darinnen wir und die unserigen uon iugend auff forschen und daraus den weg des lebens konnen erkennen lernen
oa_jubilaeum_1640,body,126,5,True,61,Aber wie die gottloſe Welt ſonſten alle andere Wolthaten Gottes mit hoͤchſten Vndanckbezahlet/ alſo verfaͤhret ſie auch hierinnen.,aber wie die gottloſe welt ſonſten alle andere wolthaten gottes mit hoͤchſten vndanckbezahlet alſo verfaͤhret ſie auch hierinnen,aber wie die gottlose welt sonsten alle andere wolthaten gottes mit hochsten undanckbezahlet also uerfahret sie auch hierinnen
oa_jubilaeum_1640,body,127,0,True,62,DJeſes ſind alſo kuͤrtzlich die Auszuͤge der gethanen Predigten in Leipzig vnd im Stifft Wurtzen/ an S. Johannis Tag gehalten/ ſo viel gedacht iſt worden von Erfindung der nuͤtzen Kunſt Buchtruckerey/ welches dem allein guͤtigen GOTT zu ſchuldigem Danck vnd ewigem Lob/ der poſteritet vnd Nachkommen aber zu gruͤndlicher Wiſſenſchafft vnd Andencken/ fuͤr gut iſt angeſehen worden/ dieſem Druck mit einzuverleiben.,djeſes ſind alſo kuͤrtzlich die auszuͤge der gethanen predigten in leipzig vnd im stifft wurtzen an s johannis tag gehalten ſo viel gedacht iſt worden von erfindung der nuͤtzen kunſt buchtruckerey welches dem allein guͤtigen gott zu ſchuldigem danck vnd ewigem lob der poſteritet vnd nachkommen aber zu gruͤndlicher wiſſenſchafft vnd andencken fuͤr gut iſt angeſehen worden dieſem druck mit einzuverleiben,dieses sind also kurtzlich die auszuge der gethanen predigten in leipzig und im stifft wurtzen an s iohannis tag gehalten so uiel gedacht ist worden uon erfindung der nutzen kunst buchtruckerey welches dem allein gutigen gott zu schuldigem danck und ewigem lob der posteritet und nachkommen aber zu grundlicher wissenschafft und andencken fur gut ist angesehen worden diesem druck mit einzuuerleiben
oa_jubilaeum_1640,body,128,0,True,62,Folgen nun darauff viel hochgeehrter Herren Carmina vnd Ehren-Schrifften Lateiniſch vnd Teutſch.,folgen nun darauff viel hochgeehrter herren carmina vnd ehrenschrifften lateiniſch vnd teutſch,folgen nun darauff uiel hochgeehrter herren carmina und ehrenschrifften lateinisch und teutsch
oa_jubilaeum_1640,body,129,0,False,63,"Divinæ Artis Typographicæ, Anno reparatæ per Christum Salutis M CCCC XL. inventæ, REPETITA ME MORIA SECULARIS, MONUMENTUM erga &",divinæ artis typographicæ anno reparatæ per christum salutis m cccc xl inventæ repetita me moria secularis monumentum erga &,diuinae artis typographicae anno reparatae per christum salutis m cccc xl inuentae repetita me moria secularis monumentum erga et
oa_jubilaeum_1640,body,129,1,True,63,"DEUM OPT. MAX. PIETATIS, & INVENTORES VENERATIONIS, & ARTEM IPSAM DEVOTIONIS.",deum opt max pietatis & inventores venerationis & artem ipsam devotionis,deum opt max pietatis et inuentores uenerationis et artem ipsam deuotionis
oa_jubilaeum_1640,body,130,0,True,64,"CHALCOGRAPHIA, DEI magni prænobile donum:",chalcographia dei magni prænobile donum,chalcographia dei magni praenobile donum
oa_jubilaeum_1640,body,131,0,True,64,"Per duo Secla, orbi, commoda mille tulit.",per duo secla orbi commoda mille tulit,per duo secla orbi commoda mille tulit
oa_jubilaeum_1640,body,132,0,True,64,Excudens ſancti divina volumina verbi:,excudens ſancti divina volumina verbi,excudens sancti diuina uolumina uerbi
oa_jubilaeum_1640,body,133,0,True,64,"Dans & in innumeras, Biblia ſacra, manus.",dans & in innumeras biblia ſacra manus,dans et in innumeras biblia sacra manus
oa_jubilaeum_1640,body,134,0,True,64,"Qvalia Hebræorum, Latiorum, qvæqve Pelasgûm,",qvalia hebræorum latiorum qvæqve pelasgûm,qualia hebraeorum latiorum quaeque pelasgum
oa_jubilaeum_1640,body,135,0,True,64,Et Germanorum patria lingva legit.,et germanorum patria lingva legit,et germanorum patria lingua legit
oa_jubilaeum_1640,body,136,0,True,64,"CHALCOGRAPHIA Patrum veterum, ſimul, atqve novorum,",chalcographia patrum veterum ſimul atqve novorum,chalcographia patrum ueterum simul atque nouorum
oa_jubilaeum_1640,body,137,0,True,64,Exhibuit nobis ſcripta legenda pia.,exhibuit nobis ſcripta legenda pia,exhibuit nobis scripta legenda pia
oa_jubilaeum_1640,body,138,0,True,64,"Qvin? ars hæc Juris, Medicinæ, atqve ampla Sophorum",qvin ars hæc juris medicinæ atqve ampla sophorum,quin ars haec iuris medicinae atque ampla sophorum
oa_jubilaeum_1640,body,139,0,True,64,Dogmata per mundi climata cuncta ſerit.,dogmata per mundi climata cuncta ſerit,dogmata per mundi climata cuncta serit
oa_jubilaeum_1640,body,140,0,True,64,O vivant! vigeant! pergant florere! periti,o vivant vigeant pergant florere periti,o uiuant uigeant pergant florere periti
oa_jubilaeum_1640,body,141,0,True,64,"CHALCOGRAPHI, degunt qvotqvot in orbe* Boni!",chalcographi degunt qvotqvot in orbe boni,chalcographi degunt quotquot in orbe boni
oa_jubilaeum_1640,body,142,0,True,64,"LIPSIA cumprimis, WITEBERGA, ac JENA celebres,",lipsia cumprimis witeberga ac jena celebres,lipsia cumprimis witeberga ac iena celebres
oa_jubilaeum_1640,body,143,0,True,64,"Et LUNÆBURGUM, qvos habet eximios:",et lunæburgum qvos habet eximios,et lunaeburgum quos habet eximios
oa_jubilaeum_1640,body,144,0,True,64,"STELLÆ † ubi præfulgent, ceu lucida ſidera cœli:",stellæ ubi præfulgent ceu lucida ſidera cœli,stellae ubi praefulgent ceu lucida sidera coeli
oa_jubilaeum_1640,body,145,0,True,64,"Qvorum extare vides, non ſine laude typos.",qvorum extare vides non ſine laude typos,quorum extare uides non sine laude typos
oa_jubilaeum_1640,body,146,0,True,64,Da DEUS omnipotens gratisſima tempora pacis!,da deus omnipotens gratisſima tempora pacis,da deus omnipotens gratissima tempora pacis
oa_jubilaeum_1640,body,147,0,True,64,"Sic benè florebunt CHALCOGRAPHI, atqve LIBRI.",sic benè florebunt chalcographi atqve libri,sic bene florebunt chalcographi atque libri
oa_jubilaeum_1640,body,148,0,False,64,"Singularis affectionis, erga Typographos, de Eccleſia vera, & Republicâ, benè meritos, conteſtandæ ergò ſcripſit Matthias Hoe ab Hoenegg, SS. Theologiæ, per annos integros triginta ſex, & ultra, Doctor: nec non Serenisſ.",singularis affectionis erga typographos de eccleſia vera & republicâ benè meritos conteſtandæ ergò ſcripſit matthias hoe ab hoenegg ss theologiæ per annos integros triginta ſex & ultra doctor nec non serenisſ,singularis affectionis erga typographos de ecclesia uera et republica bene meritos contestandae ergo scripsit matthias hoe ab hoenegg ss theologiae per annos integros triginta sex et ultra doctor nec non sereniss
oa_jubilaeum_1640,body,148,1,True,64,"Dn. Electoris Saxoniæ, pro tempore, Theologus, Aulicus, & Conſiliarius Eccleſiaſticus primarius.",dn electoris saxoniæ pro tempore theologus aulicus & conſiliarius eccleſiaſticus primarius,dn electoris saxoniae pro tempore theologus aulicus et consiliarius ecclesiasticus primarius
oa_jubilaeum_1640,body,149,0,True,64,CHalcographéa Dei qvòd ſint tutamine nobis,chalcographéa dei qvòd ſint tutamine nobis,chalcographea dei quod sint tutamine nobis
oa_jubilaeum_1640,body,150,0,True,64,Usqve in præſentem præſtita ſalva diem;,usqve in præſentem præſtita ſalva diem,usque in praesentem praestita salua diem
oa_jubilaeum_1640,body,151,0,True,64,"Non opis eſt noſtræ, Tibi nos, Deus alme, ſed uni",non opis eſt noſtræ tibi nos deus alme ſed uni,non opis est nostrae tibi nos deus alme sed uni
oa_jubilaeum_1640,body,152,0,True,64,Pro tanto grates munere ferre decet.,pro tanto grates munere ferre decet,pro tanto grates munere ferre decet
oa_jubilaeum_1640,body,153,0,True,65,"Hinc etiam artifices peragunt ſolennia Feſta,",hinc etiam artifices peragunt ſolennia feſta,hinc etiam artifices peragunt solennia festa
oa_jubilaeum_1640,body,154,0,True,65,Atqve tibi laudes poſt duo ſecla litant.,atqve tibi laudes poſt duo ſecla litant,atque tibi laudes post duo secla litant
oa_jubilaeum_1640,body,155,0,True,65,"Duret ut auguſtum monumen venerabilis artis,",duret ut auguſtum monumen venerabilis artis,duret ut augustum monumen uenerabilis artis
oa_jubilaeum_1640,body,156,0,True,65,Atqve inventori debitus extet honos.,atqve inventori debitus extet honos,atque inuentori debitus extet honos
oa_jubilaeum_1640,body,157,0,True,65,Summe Deus tanti nobis uſura perennet,summe deus tanti nobis uſura perennet,summe deus tanti nobis usura perennet
oa_jubilaeum_1640,body,158,0,True,65,"Doni, ſed peſſum cunctus abuſus eat!",doni ſed peſſum cunctus abuſus eat,doni sed pessum cunctus abusus eat
oa_jubilaeum_1640,body,159,0,True,65,Sive qvis obſcœnis nugis turpaverit illud,sive qvis obſcœnis nugis turpaverit illud,siue quis obscoenis nugis turpauerit illud
oa_jubilaeum_1640,body,160,0,True,65,Dogmate ſeu falſo contemerare velit.,dogmate ſeu falſo contemerare velit,dogmate seu falso contemerare uelit
oa_jubilaeum_1640,body,161,0,True,65,"Heinricus Höpffnerus, D.",heinricus höpffnerus d,heinricus hopffnerus d
oa_jubilaeum_1640,body,162,0,True,65,SÆpè à diverſis diverſo tempore easdem,sæpè à diverſis diverſo tempore easdem,saepe a diuersis diuerso tempore easdem
oa_jubilaeum_1640,body,163,0,True,65,"Artes profluere, eſt autor Ariſtoteles.",artes profluere eſt autor ariſtoteles,artes profluere est autor aristoteles
oa_jubilaeum_1640,body,164,0,True,65,"Chalcographia rei eſt teſtis, gens ſemina cujus",chalcographia rei eſt teſtis gens ſemina cujus,chalcographia rei est testis gens semina cuius
oa_jubilaeum_1640,body,165,0,True,65,Sinarum ſparſit ſecla per alta retrò.,sinarum ſparſit ſecla per alta retrò,sinarum sparsit secla per alta retro
oa_jubilaeum_1640,body,166,0,True,65,"Præterfluxerunt ſed jam vix Secula bina,",præterfluxerunt ſed jam vix secula bina,praeterfluxerunt sed iam uix secula bina
oa_jubilaeum_1640,body,167,0,True,65,Ars ubi perfectè tanta diem intuita eſt.,ars ubi perfectè tanta diem intuita eſt,ars ubi perfecte tanta diem intuita est
oa_jubilaeum_1640,body,168,0,True,65,"Qvis fando laudes cantaret carmina Divæ,",qvis fando laudes cantaret carmina divæ,quis fando laudes cantaret carmina diuae
oa_jubilaeum_1640,body,169,0,True,65,Qvæ libros mundi ſuppeditat populis?,qvæ libros mundi ſuppeditat populis,quae libros mundi suppeditat populis
oa_jubilaeum_1640,body,170,0,True,65,"Hæc vigeat poſthac, poſthac qvoqve ſerviat iſthæc",hæc vigeat poſthac poſthac qvoqve ſerviat iſthæc,haec uigeat posthac posthac quoque seruiat isthaec
oa_jubilaeum_1640,body,171,0,True,65,"Et Christo & Themidi, tùm Medicæ & Sophiæ.",et christo & themidi tùm medicæ & sophiæ,et christo et themidi tum medicae et sophiae
oa_jubilaeum_1640,body,172,0,False,65,Ananias Weber/ Theol. Doct.,ananias weber theol doct,ananias weber theol doct
oa_jubilaeum_1640,body,172,1,True,65,& P. P.,& p p,et p p
oa_jubilaeum_1640,body,173,0,True,65,"ARtes dum multas invenit cana vetuſtas,",artes dum multas invenit cana vetuſtas,artes dum multas inuenit cana uetustas
oa_jubilaeum_1640,body,174,0,True,65,"Commoda qvæ nobis multa tulêre ſatis,",commoda qvæ nobis multa tulêre ſatis,commoda quae nobis multa tulere satis
oa_jubilaeum_1640,body,175,0,True,65,"Mirum, Chalcographam qvòd non invenerit artem,",mirum chalcographam qvòd non invenerit artem,mirum chalcographam quod non inuenerit artem
oa_jubilaeum_1640,body,176,0,True,65,Libros immensâ qvæ modò mole parit.,libros immensâ qvæ modò mole parit,libros immensa quae modo mole parit
oa_jubilaeum_1640,body,177,0,True,66,"Scilicet hæc ſeris eſt debita gloria ſeclis,",scilicet hæc ſeris eſt debita gloria ſeclis,scilicet haec seris est debita gloria seclis
oa_jubilaeum_1640,body,178,0,True,66,Non ſine divini Numinis arbitrio.,non ſine divini numinis arbitrio,non sine diuini numinis arbitrio
oa_jubilaeum_1640,body,179,0,True,66,"Cœleſtis lucem, tenebris qvæ merſa Papatûs,",cœleſtis lucem tenebris qvæ merſa papatûs,coelestis lucem tenebris quae mersa papatus
oa_jubilaeum_1640,body,180,0,True,66,Ut verbi toto ſpargeret orbe ſoli.,ut verbi toto ſpargeret orbe ſoli,ut uerbi toto spargeret orbe soli
oa_jubilaeum_1640,body,181,0,True,66,"Artem conſervet divinam in ſecula, faxit",artem conſervet divinam in ſecula faxit,artem conseruet diuinam in secula faxit
oa_jubilaeum_1640,body,182,0,True,66,Ipſius ut laudi veliſicetqve Deus.,ipſius ut laudi veliſicetqve deus,ipsius ut laudi uelisicetque deus
oa_jubilaeum_1640,body,183,0,True,66,"David Auerbachius, SS. Theol. Doct. Superintend. Bornenſis.",david auerbachius ss theol doct superintend bornenſis,dauid auerbachius ss theol doct superintend bornensis
oa_jubilaeum_1640,body,184,0,True,66,"FAuſte, qvod in lucem Typicam, qvâ nulla reperta",fauſte qvod in lucem typicam qvâ nulla reperta,fauste quod in lucem typicam qua nulla reperta
oa_jubilaeum_1640,body,185,0,True,66,"ars melior, prodis, nomen & omen habes.",ars melior prodis nomen & omen habes,ars melior prodis nomen et omen habes
oa_jubilaeum_1640,body,186,0,True,66,"Ejus ope immenſo ſparſæ ſunt Orbe Camœnæ,",ejus ope immenſo ſparſæ ſunt orbe camœnæ,eius ope immenso sparsae sunt orbe camoenae
oa_jubilaeum_1640,body,187,0,True,66,"qvod Medicina, Themis, qvod Pietasqve docet.",qvod medicina themis qvod pietasqve docet,quod medicina themis quod pietasque docet
oa_jubilaeum_1640,body,188,0,True,66,"O donum rarum, divinum, qvodqve meretur",o donum rarum divinum qvodqve meretur,o donum rarum diuinum quodque meretur
oa_jubilaeum_1640,body,189,0,True,66,"ad ſuperum ferri, qva patet usqve, polum.",ad ſuperum ferri qva patet usqve polum,ad superum ferri qua patet usque polum
oa_jubilaeum_1640,body,190,0,True,66,Fauſte tuas celebret qvis laudes? dignus ut ipſe;,fauſte tuas celebret qvis laudes dignus ut ipſe,fauste tuas celebret quis laudes dignus ut ipse
oa_jubilaeum_1640,body,191,0,True,66,"hic dum Orbis ſtabit, laus tua ubiqve viret.",hic dum orbis ſtabit laus tua ubiqve viret,hic dum orbis stabit laus tua ubique uiret
oa_jubilaeum_1640,body,192,0,False,66,"Chriſtophorus Preibiſius, Philoſ.",chriſtophorus preibiſius philoſ,christophorus preibisius philos
oa_jubilaeum_1640,body,192,1,True,66,"& J. U. D. Profeſſor publicus, Facultatis Juridicæ Senior, Sacræ Cæſareæ Majeſtatis Aulæ & Palatii Imperialis Comes, Sacri Romani Imperii Exemtus.",& j u d profeſſor publicus facultatis juridicæ senior sacræ cæſareæ majeſtatis aulæ & palatii imperialis comes sacri romani imperii exemtus,et i u d professor publicus facultatis iuridicae senior sacrae caesareae maiestatis aulae et palatii imperialis comes sacri romani imperii exemtus
oa_jubilaeum_1640,body,193,0,True,66,CHalcographia licet fatali hoc turbine rerum,chalcographia licet fatali hoc turbine rerum,chalcographia licet fatali hoc turbine rerum
oa_jubilaeum_1640,body,194,0,True,66,"Vileſcat, qveſtusqve graves de pectore ducat:",vileſcat qveſtusqve graves de pectore ducat,uilescat questusque graues de pectore ducat
oa_jubilaeum_1640,body,195,0,True,66,"Hanc tamen Omnipotens mundi Servator, & Autor",hanc tamen omnipotens mundi servator & autor,hanc tamen omnipotens mundi seruator et autor
oa_jubilaeum_1640,body,196,0,True,66,"Hoſtiles inter turmas, belliqve furores",hoſtiles inter turmas belliqve furores,hostiles inter turmas bellique furores
oa_jubilaeum_1640,body,197,0,True,66,A clade incolumem præſenti numine præſtat:,a clade incolumem præſenti numine præſtat,a clade incolumem praesenti numine praestat
oa_jubilaeum_1640,body,198,0,True,66,"Qvin etiam in varias gentes, atqve extera regna",qvin etiam in varias gentes atqve extera regna,quin etiam in uarias gentes atque extera regna
oa_jubilaeum_1640,body,199,0,True,66,"Latè diffundit. Qvis non hæc digna putabit,",latè diffundit qvis non hæc digna putabit,late diffundit quis non haec digna putabit
oa_jubilaeum_1640,body,200,0,True,66,Pro qvibus ex digno referatur gratia Jovæ?,pro qvibus ex digno referatur gratia jovæ,pro quibus ex digno referatur gratia iouae
oa_jubilaeum_1640,body,201,0,True,66,Qvis non ingeminet mecum: Pater optime ſerva,qvis non ingeminet mecum pater optime ſerva,quis non ingeminet mecum pater optime serua
oa_jubilaeum_1640,body,202,0,True,66,Nobis hoc donum prænobile; ſuffice porrò,nobis hoc donum prænobile ſuffice porrò,nobis hoc donum praenobile suffice porro
oa_jubilaeum_1640,body,203,0,True,66,"Cultoresqve bonos Artis, fidosqve Patronos:",cultoresqve bonos artis fidosqve patronos,cultoresque bonos artis fidosque patronos
oa_jubilaeum_1640,body,204,0,True,66,Nam tibi ſic conſurget honos; ſic ſumma per Orbem,nam tibi ſic conſurget honos ſic ſumma per orbem,nam tibi sic consurget honos sic summa per orbem
oa_jubilaeum_1640,body,205,0,True,67,Majeſtas tua clareſcet; ſic pura vigebit,majeſtas tua clareſcet ſic pura vigebit,maiestas tua clarescet sic pura uigebit
oa_jubilaeum_1640,body,206,0,True,67,Relligio; & ſtabit ſua gloria ſalva Camœnis.,relligio & ſtabit ſua gloria ſalva camœnis,relligio et stabit sua gloria salua camoenis
oa_jubilaeum_1640,body,207,0,False,67,"Honoris, & boni ominis ergò f. Tobias Heydenreich/ U. J. D. & Facult.",honoris & boni ominis ergò f tobias heydenreich u j d & facult,honoris et boni ominis ergo f tobias heydenreich u i d et facult
oa_jubilaeum_1640,item,207,1,True,67,Juridicæ Aſſeſſor.,juridicæ aſſeſſor,iuridicae assessor
oa_jubilaeum_1640,body,208,0,True,67,"ARs qvæ manus munusqve Divorum clues,",ars qvæ manus munusqve divorum clues,ars quae manus munusque diuorum clues
oa_jubilaeum_1640,body,209,0,True,67,Ars artium benigna nutrix omnium:,ars artium benigna nutrix omnium,ars artium benigna nutrix omnium
oa_jubilaeum_1640,body,210,0,True,67,Qvæ non modò reperta & omne ſcibile,qvæ non modò reperta & omne ſcibile,quae non modo reperta et omne scibile
oa_jubilaeum_1640,body,211,0,True,67,Sophorum in orbe doctiorum publicis,sophorum in orbe doctiorum publicis,sophorum in orbe doctiorum publicis
oa_jubilaeum_1640,body,212,0,True,67,"Communicas nobis typis, & hoſtis es",communicas nobis typis & hoſtis es,communicas nobis typis et hostis es
oa_jubilaeum_1640,body,213,0,True,67,"Oblivionis, ac aſylum Pallados:",oblivionis ac aſylum pallados,obliuionis ac asylum pallados
oa_jubilaeum_1640,body,214,0,True,67,Sed inſimul cor & voluntatem Dei,sed inſimul cor & voluntatem dei,sed insimul cor et uoluntatem dei
oa_jubilaeum_1640,body,215,0,True,67,& ſacroſancta Bibliorum dogmata,& ſacroſancta bibliorum dogmata,et sacrosancta bibliorum dogmata
oa_jubilaeum_1640,body,216,0,True,67,cunctis per orbem ebuccinas mortalibus.,cunctis per orbem ebuccinas mortalibus,cunctis per orbem ebuccinas mortalibus
oa_jubilaeum_1640,body,217,0,True,67,Ars qvam cadente literarum adoreâ,ars qvam cadente literarum adoreâ,ars quam cadente literarum adorea
oa_jubilaeum_1640,body,218,0,True,67,Moguntius Jan-Fauſtus & Gutbergius,moguntius janfauſtus & gutbergius,moguntius ianfaustus et gutbergius
oa_jubilaeum_1640,body,219,0,True,67,"Petrusqve Schoiffer, in perenne Teutonum",petrusqve schoiffer in perenne teutonum,petrusque schoiffer in perenne teutonum
oa_jubilaeum_1640,body,220,0,True,67,"Decus, tenebris eruerunt primitus,",decus tenebris eruerunt primitus,decus tenebris eruerunt primitus
oa_jubilaeum_1640,body,221,0,True,67,qvorum * labores nulla delebit dies.,qvorum labores nulla delebit dies,quorum labores nulla delebit dies
oa_jubilaeum_1640,body,222,0,True,67,"Ars ô decora, præſtans, utilisſima",ars ô decora præſtans utilisſima,ars o decora praestans utilissima
oa_jubilaeum_1640,body,223,0,True,67,"Salve vigeqve plurimum, ſalve diu,",salve vigeqve plurimum ſalve diu,salue uigeque plurimum salue diu
oa_jubilaeum_1640,body,224,0,True,67,& auſpicare tertium nunc Seculum,& auſpicare tertium nunc seculum,et auspicare tertium nunc seculum
oa_jubilaeum_1640,body,225,0,True,67,ſummi ſub optatisſimo ductu Dei!,ſummi ſub optatisſimo ductu dei,summi sub optatissimo ductu dei
oa_jubilaeum_1640,body,226,0,True,67,"Non hoſtis ullus, non tyrannis effera",non hoſtis ullus non tyrannis effera,non hostis ullus non tyrannis effera
oa_jubilaeum_1640,body,227,0,True,67,Martis tuas unqvam manus ſufflaminet!,martis tuas unqvam manus ſufflaminet,martis tuas unquam manus sufflaminet
oa_jubilaeum_1640,body,228,0,True,67,"Lux veritatis entheæ, Lux artium,",lux veritatis entheæ lux artium,lux ueritatis entheae lux artium
oa_jubilaeum_1640,body,229,0,True,67,Jubarqve lingvarum coruſcet & micet,jubarqve lingvarum coruſcet & micet,iubarque linguarum coruscet et micet
oa_jubilaeum_1640,body,230,0,True,67,"per te magis magisqve, qvà vi luminis",per te magis magisqve qvà vi luminis,per te magis magisque qua ui luminis
oa_jubilaeum_1640,body,231,0,True,67,"Phœbea fax emergit, & qvà mergitur,",phœbea fax emergit & qvà mergitur,phoebea fax emergit et qua mergitur
oa_jubilaeum_1640,body,232,0,True,67,"Nec antè ceſſet in ſolo munus tuum,",nec antè ceſſet in ſolo munus tuum,nec ante cesset in solo munus tuum
oa_jubilaeum_1640,body,233,0,True,67,qvàm ceſſet & moles ruat ſoli ac poli!,qvàm ceſſet & moles ruat ſoli ac poli,quam cesset et moles ruat soli ac poli
oa_jubilaeum_1640,body,234,0,True,68,"At artis hujus Curiones optimi,",at artis hujus curiones optimi,at artis huius curiones optimi
oa_jubilaeum_1640,body,235,0,True,68,qvi vos bono donoqve tanto redditis,qvi vos bono donoqve tanto redditis,qui uos bono donoque tanto redditis
oa_jubilaeum_1640,body,236,0,True,68,"dignos, & æratis typis in commoda",dignos & æratis typis in commoda,dignos et aeratis typis in commoda
oa_jubilaeum_1640,body,237,0,True,68,"totius inſudatis orbis: Vos Deus,",totius inſudatis orbis vos deus,totius insudatis orbis uos deus
oa_jubilaeum_1640,body,238,0,True,68,"Cui pſallitis jam corde & ore jubila,",cui pſallitis jam corde & ore jubila,cui psallitis iam corde et ore iubila
oa_jubilaeum_1640,body,239,0,True,68,"ditet, ſuoqve cœpta veſtra Numine",ditet ſuoqve cœpta veſtra numine,ditet suoque coepta uestra numine
oa_jubilaeum_1640,body,240,0,True,68,"regat betqve, vindicetis ut decus",regat betqve vindicetis ut decus,regat betque uindicetis ut decus
oa_jubilaeum_1640,body,241,0,True,68,"veſtrum, decusqve totius Germaniæ.",veſtrum decusqve totius germaniæ,uestrum decusque totius germaniae
oa_jubilaeum_1640,body,242,0,True,68,O hoc novello Seculo tandem novam,o hoc novello seculo tandem novam,o hoc nouello seculo tandem nouam
oa_jubilaeum_1640,body,243,0,True,68,certamqve Pacem veſtra nobis pagina,certamqve pacem veſtra nobis pagina,certamque pacem uestra nobis pagina
oa_jubilaeum_1640,body,244,0,True,68,"prima omnium promulget, & lætisſimo",prima omnium promulget & lætisſimo,prima omnium promulget et laetissimo
oa_jubilaeum_1640,body,245,0,True,68,nos patriamqve nuncio felicitet!,nos patriamqve nuncio felicitet,nos patriamque nuncio felicitet
oa_jubilaeum_1640,body,246,0,True,68,Oremus & votis Deum caldisſimis,oremus & votis deum caldisſimis,oremus et uotis deum caldissimis
oa_jubilaeum_1640,body,247,0,True,68,"precemur, ut favore clementisſimus",precemur ut favore clementisſimus,precemur ut fauore clementissimus
oa_jubilaeum_1640,body,248,0,True,68,"hæc audiat, noſtrasqve ſpes faxit ratas.",hæc audiat noſtrasqve ſpes faxit ratas,haec audiat nostrasque spes faxit ratas
oa_jubilaeum_1640,body,249,0,True,68,Vos interim fauſtè valete & vivite,vos interim fauſtè valete & vivite,uos interim fauste ualete et uiuite
oa_jubilaeum_1640,body,250,0,True,68,periculis damnisqve cunctis liberi!,periculis damnisqve cunctis liberi,periculis damnisque cunctis liberi
oa_jubilaeum_1640,body,251,0,True,68,"Beuthere cumprimis vale, qvi tertius",beuthere cumprimis vale qvi tertius,beuthere cumprimis uale qui tertius
oa_jubilaeum_1640,body,252,0,True,68,"Typographéo in urbe Freibergâ præes,",typographéo in urbe freibergâ præes,typographeo in urbe freiberga praees
oa_jubilaeum_1640,body,253,0,True,68,lucemqve noſtræ commodus Oreadi.,lucemqve noſtræ commodus oreadi,lucemque nostrae commodus oreadi
oa_jubilaeum_1640,body,254,0,True,68,Te Jova complures in annos ſoſpitem,te jova complures in annos ſoſpitem,te ioua complures in annos sospitem
oa_jubilaeum_1640,body,255,0,True,68,"ſervet juvetqve tertio hoc in Seculo,",ſervet juvetqve tertio hoc in seculo,seruet iuuetque tertio hoc in seculo
oa_jubilaeum_1640,body,256,0,True,68,"ut Anteceſſores tuos, † Meirbeccium",ut anteceſſores tuos meirbeccium,ut antecessores tuos meirbeccium
oa_jubilaeum_1640,body,257,0,True,68,"Georgiumqve Hoffmanum, honore, gloriâ,",georgiumqve hoffmanum honore gloriâ,georgiumque hoffmanum honore gloria
oa_jubilaeum_1640,body,258,0,True,68,"ſuccesſibusqve proſperis, & floridæ",ſuccesſibusqve proſperis & floridæ,successibusque prosperis et floridae
oa_jubilaeum_1640,body,259,0,True,68,"vitæ integro vigore multùm præeas,",vitæ integro vigore multùm præeas,uitae integro uigore multum praeeas
oa_jubilaeum_1640,body,260,0,True,68,inſerviasqve publico diu bono!,inſerviasqve publico diu bono,inseruiasque publico diu bono
oa_jubilaeum_1640,body,261,0,False,68,Freibergæ f. Andr.,freibergæ f andr,freibergae f andr
oa_jubilaeum_1640,body,261,1,False,68,"Mollerus Pegavius, Philoſ.",mollerus pegavius philoſ,mollerus pegauius philos
oa_jubilaeum_1640,item,261,2,False,68,& Medic.,& medic,et medic
oa_jubilaeum_1640,body,261,3,True,68,"Doctor, Poët. Cæſar.",doctor poët cæſar,doctor poet caesar
oa_jubilaeum_1640,body,262,0,True,68,SIcut Salvator cùm jam mittendus in orbem,sicut salvator cùm jam mittendus in orbem,sicut saluator cum iam mittendus in orbem
oa_jubilaeum_1640,body,263,0,True,68,"eſſet, præconis vox ſtruit ante viam:",eſſet præconis vox ſtruit ante viam,esset praeconis uox struit ante uiam
oa_jubilaeum_1640,body,264,0,True,68,"Sic præiens Lutherum, impreſſos ære libellos",sic præiens lutherum impreſſos ære libellos,sic praeiens lutherum impressos aere libellos
oa_jubilaeum_1640,body,265,0,True,68,"qvæ dedit, ars verbo molle paravit iter.",qvæ dedit ars verbo molle paravit iter,quae dedit ars uerbo molle parauit iter
oa_jubilaeum_1640,body,266,0,True,69,"Utraqve præſentem Jesum, credentis aſylum,",utraqve præſentem jesum credentis aſylum,utraque praesentem iesum credentis asylum
oa_jubilaeum_1640,body,267,0,True,69,"(hæc nempe in verbo, carne ſed illa) docet.",hæc nempe in verbo carne ſed illa docet,haec nempe in uerbo carne sed illa docet
oa_jubilaeum_1640,body,268,0,True,69,Ergò qvisqvis amas Jesum tua gaudia feſto hoc,ergò qvisqvis amas jesum tua gaudia feſto hoc,ergo quisquis amas iesum tua gaudia festo hoc
oa_jubilaeum_1640,body,269,0,True,69,declarans arti proſpera cuncta vove.,declarans arti proſpera cuncta vove,declarans arti prospera cuncta uoue
oa_jubilaeum_1640,body,270,0,False,69,Sic congrat. feſto Typographorum L. Joh.,sic congrat feſto typographorum l joh,sic congrat festo typographorum l ioh
oa_jubilaeum_1640,body,270,1,True,69,Benedictus Carpzovv ad D. Thomæ Eccleſiaſtes.,benedictus carpzovv ad d thomæ eccleſiaſtes,benedictus carpzouu ad d thomae ecclesiastes
oa_jubilaeum_1640,body,271,0,True,69,"OMunus ingens, ſeriùs terris qvidem,",omunus ingens ſeriùs terris qvidem,omunus ingens serius terris quidem
oa_jubilaeum_1640,body,272,0,True,69,"Sed ſingulari cognitum indultu Dei,",sed ſingulari cognitum indultu dei,sed singulari cognitum indultu dei
oa_jubilaeum_1640,body,273,0,True,69,Divina qvod reperta conſervas Virûm.,divina qvod reperta conſervas virûm,diuina quod reperta conseruas uirum
oa_jubilaeum_1640,body,274,0,True,69,"Latumqve in orbem mille perſcribis libris,",latumqve in orbem mille perſcribis libris,latumque in orbem mille perscribis libris
oa_jubilaeum_1640,body,275,0,True,69,"Ut usqve ſuperent, obligentqve Poſteros,",ut usqve ſuperent obligentqve poſteros,ut usque superent obligentque posteros
oa_jubilaeum_1640,body,276,0,True,69,"Cùm fruge multá Seculum implerunt ſuum,",cùm fruge multá seculum implerunt ſuum,cum fruge multa seculum implerunt suum
oa_jubilaeum_1640,body,277,0,True,69,"Dura ô perenne, dura, & invictum decus",dura ô perenne dura & invictum decus,dura o perenne dura et inuictum decus
oa_jubilaeum_1640,body,278,0,True,69,"Contende in aſtra, gemina cûj nunc exiit,",contende in aſtra gemina cûj nunc exiit,contende in astra gemina cui nunc exiit
oa_jubilaeum_1640,body,279,0,True,69,"Et tertia ætas intrat. Augurium bonum,",et tertia ætas intrat augurium bonum,et tertia aetas intrat augurium bonum
oa_jubilaeum_1640,body,280,0,True,69,"Omenqve felix annuet Superûm favor,",omenqve felix annuet superûm favor,omenque felix annuet superum fauor
oa_jubilaeum_1640,body,281,0,True,69,Atqve aderit auctor ipſemet donô ſuô:,atqve aderit auctor ipſemet donô ſuô,atque aderit auctor ipsemet dono suo
oa_jubilaeum_1640,body,282,0,True,69,"Qvò poſt acerbas tot cruces, tot poſt mala,",qvò poſt acerbas tot cruces tot poſt mala,quo post acerbas tot cruces tot post mala
oa_jubilaeum_1640,body,283,0,True,69,"Qvæ patitur orbis, dum ſuas culpas luit;",qvæ patitur orbis dum ſuas culpas luit,quae patitur orbis dum suas culpas luit
oa_jubilaeum_1640,body,284,0,True,69,Tuqve hactenus prope una (namqve oracula,tuqve hactenus prope una namqve oracula,tuque hactenus prope una namque oracula
oa_jubilaeum_1640,body,285,0,True,69,Scientiarum electa Muſarum cohors,scientiarum electa muſarum cohors,scientiarum electa musarum cohors
oa_jubilaeum_1640,body,286,0,True,69,"Perterrita armis ſeculo ceſſat dare,",perterrita armis ſeculo ceſſat dare,perterrita armis seculo cessat dare
oa_jubilaeum_1640,body,287,0,True,69,Pindumqve mutum triſte juſtitium qvatit),pindumqve mutum triſte juſtitium qvatit,pindumque mutum triste iustitium quatit
oa_jubilaeum_1640,body,288,0,True,69,"Famulata noſtris lacrimis, ars ô ſacra,",famulata noſtris lacrimis ars ô ſacra,famulata nostris lacrimis ars o sacra
oa_jubilaeum_1640,body,289,0,True,69,"Qverimoniisqve promis, ut ſerus nepos",qverimoniisqve promis ut ſerus nepos,querimoniisque promis ut serus nepos
oa_jubilaeum_1640,body,290,0,True,69,Cavenda noſcat non ſuô prudens malô;,cavenda noſcat non ſuô prudens malô,cauenda noscat non suo prudens malo
oa_jubilaeum_1640,body,291,0,True,69,"Mox ſancta pacis otia, & dulces dies,",mox ſancta pacis otia & dulces dies,mox sancta pacis otia et dulces dies
oa_jubilaeum_1640,body,292,0,True,69,Ac reſtitutum literis decus ſuum,ac reſtitutum literis decus ſuum,ac restitutum literis decus suum
oa_jubilaeum_1640,body,293,0,True,69,"Teſtére mundo, præla ubiqve dum calent",teſtére mundo præla ubiqve dum calent,testere mundo praela ubique dum calent
oa_jubilaeum_1640,body,294,0,True,70,"Operæqve ſudant mille cudendis libris,",operæqve ſudant mille cudendis libris,operaeque sudant mille cudendis libris
oa_jubilaeum_1640,body,295,0,True,70,"Sed fruge plenis uberi, & ſapientiâ",sed fruge plenis uberi & ſapientiâ,sed fruge plenis uberi et sapientia
oa_jubilaeum_1640,body,296,0,True,70,"Dignis revolvi denuò, atqve iterum legi:",dignis revolvi denuò atqve iterum legi,dignis reuolui denuo atque iterum legi
oa_jubilaeum_1640,body,297,0,True,70,"Nec munus antè deſinat mundo tuum,",nec munus antè deſinat mundo tuum,nec munus ante desinat mundo tuum
oa_jubilaeum_1640,body,298,0,True,70,Qvàm mundus ipſe deſiturus corruat.,qvàm mundus ipſe deſiturus corruat,quam mundus ipse desiturus corruat
oa_jubilaeum_1640,body,299,0,False,70,ENcomiorum ſicubi gentium,encomiorum ſicubi gentium,encomiorum sicubi gentium
oa_jubilaeum_1640,body,299,1,False,70,"aut nationum puncta qvid obtinet, Inventio Typographiæ",aut nationum puncta qvid obtinet inventio typographiæ,aut nationum puncta quid obtinet inuentio typographiae
oa_jubilaeum_1640,body,299,3,False,70,omnimodè reor obtinebit.,omnimodè reor obtinebit,omnimode reor obtinebit
oa_jubilaeum_1640,body,299,4,False,70,Æternitatis ſcilicet hæc parat,æternitatis ſcilicet hæc parat,aeternitatis scilicet haec parat
oa_jubilaeum_1640,body,299,5,False,70,magmenta: mater hæc manet Artium:,magmenta mater hæc manet artium,magmenta mater haec manet artium
oa_jubilaeum_1640,body,299,6,False,70,Cultum propagat poſterisqve,cultum propagat poſterisqve,cultum propagat posterisque
oa_jubilaeum_1640,body,299,7,False,70,facta reſuſcitat anteactæ.,facta reſuſcitat anteactæ,facta resuscitat anteactae
oa_jubilaeum_1640,body,299,8,False,70,Hæc indicatrix unica pectorum,hæc indicatrix unica pectorum,haec indicatrix unica pectorum
oa_jubilaeum_1640,body,299,9,False,70,Heroicorum: nobilis omnium,heroicorum nobilis omnium,heroicorum nobilis omnium
oa_jubilaeum_1640,body,299,10,False,70,magiſtra Virtutum: ſtupendum,magiſtra virtutum ſtupendum,magistra uirtutum stupendum
oa_jubilaeum_1640,body,299,11,False,70,hæc nitet ingenioſiorum Inventionum gazophylacium:,hæc nitet ingenioſiorum inventionum gazophylacium,haec nitet ingeniosiorum inuentionum gazophylacium
oa_jubilaeum_1640,body,299,13,False,70,"Hæc format, ornat, ditat, alit, fovet",hæc format ornat ditat alit fovet,haec format ornat ditat alit fouet
oa_jubilaeum_1640,body,299,14,False,70,tot undiqvaqve Diſciplinis,tot undiqvaqve diſciplinis,tot undiquaque disciplinis
oa_jubilaeum_1640,body,299,15,True,70,Terrigenûm genus univerſum.,terrigenûm genus univerſum,terrigenum genus uniuersum
oa_jubilaeum_1640,body,300,0,False,70,"Hanc omnis ergò, mentis acumine",hanc omnis ergò mentis acumine,hanc omnis ergo mentis acumine
oa_jubilaeum_1640,body,300,1,False,70,"qvi præſtat, artem judicet Artium: miraculum miraculorum",qvi præſtat artem judicet artium miraculum miraculorum,qui praestat artem iudicet artium miraculum miraculorum
oa_jubilaeum_1640,body,300,3,False,70,"nuncupet, æſtimet evehátqve",nuncupet æſtimet evehátqve,nuncupet aestimet euehatque
oa_jubilaeum_1640,body,300,4,False,70,"ad aſtra ſummis ſemper honoribus,",ad aſtra ſummis ſemper honoribus,ad astra summis semper honoribus
oa_jubilaeum_1640,body,300,5,False,70,De óqve grates occinat intimas,de óqve grates occinat intimas,de oque grates occinat intimas
oa_jubilaeum_1640,body,300,6,False,70,hôc pro ſupremô maximôqve,hôc pro ſupremô maximôqve,hoc pro supremo maximoque
oa_jubilaeum_1640,body,300,7,False,70,"muncre, Teutonicis popellis",muncre teutonicis popellis,muncre teutonicis popellis
oa_jubilaeum_1640,body,300,8,False,70,tam gratiosè per duo Secula,tam gratiosè per duo secula,tam gratiose per duo secula
oa_jubilaeum_1640,body,300,9,False,70,communicatô. Jubilat hinc chorus Typographorum: ſeculares,communicatô jubilat hinc chorus typographorum ſeculares,communicato iubilat hinc chorus typographorum seculares
oa_jubilaeum_1640,body,300,11,True,70,"hinc iterat, celebrátqve ludos.",hinc iterat celebrátqve ludos,hinc iterat celebratque ludos
oa_jubilaeum_1640,body,301,0,False,71,Miraculoſam prorſus & utilem,miraculoſam prorſus & utilem,miraculosam prorsus et utilem
oa_jubilaeum_1640,body,301,1,False,71,"hanc ſervet artem Jovah: det inſuper,",hanc ſervet artem jovah det inſuper,hanc seruet artem iouah det insuper
oa_jubilaeum_1640,body,301,2,True,71,hanc adjuvantes proſperentur proſperitatibus æviternis!,hanc adjuvantes proſperentur proſperitatibus æviternis,hanc adiuuantes prosperentur prosperitatibus aeuiternis
oa_jubilaeum_1640,body,302,0,False,71,"M. Joſephus Clauderus, Sen.",m joſephus clauderus sen,m iosephus clauderus sen
oa_jubilaeum_1640,body,302,1,True,71,P. L. C. & Eccleſ. Altenburg. Diaconus.,p l c & eccleſ altenburg diaconus,p l c et eccles altenburg diaconus
oa_jubilaeum_1640,body,303,0,True,71,CAttiterographicâ per ſecula bina qvòd arte,cattiterographicâ per ſecula bina qvòd arte,cattiterographica per secula bina quod arte
oa_jubilaeum_1640,body,304,0,True,71,Muſæus jam-nunc gaudet ovátqve chorus:,muſæus jamnunc gaudet ovátqve chorus,musaeus iamnunc gaudet ouatque chorus
oa_jubilaeum_1640,body,305,0,True,71,"Res eſt, qvam capiat non ſtannea lamina; qvam non",res eſt qvam capiat non ſtannea lamina qvam non,res est quam capiat non stannea lamina quam non
oa_jubilaeum_1640,body,306,0,True,71,Dignè pro meritis ille vel ille canat.,dignè pro meritis ille vel ille canat,digne pro meritis ille uel ille canat
oa_jubilaeum_1640,body,307,0,True,71,Res cedrô digna eſt; res digna inſcribier aurô:,res cedrô digna eſt res digna inſcribier aurô,res cedro digna est res digna inscribier auro
oa_jubilaeum_1640,body,308,0,True,71,Sculpi adamantéis res ea digna ſtylis.,sculpi adamantéis res ea digna ſtylis,sculpi adamanteis res ea digna stylis
oa_jubilaeum_1640,body,309,0,True,71,"Jubila qvæ ſatis hæc canat altera carmine Svada,",jubila qvæ ſatis hæc canat altera carmine svada,iubila quae satis haec canat altera carmine suada
oa_jubilaeum_1640,body,310,0,True,71,Sola triſecliſenis Neſtoris illa valet.,sola triſecliſenis neſtoris illa valet,sola triseclisenis nestoris illa ualet
oa_jubilaeum_1640,body,311,0,True,71,M. Michael Crellius Eccleſiaſtes Altenburg.,m michael crellius eccleſiaſtes altenburg,m michael crellius ecclesiastes altenburg
oa_jubilaeum_1640,body,312,0,True,71,"CHalcographia fuit mea tunc Nutricula, primûm",chalcographia fuit mea tunc nutricula primûm,chalcographia fuit mea tunc nutricula primum
oa_jubilaeum_1640,body,313,0,True,71,Succeſſi poſtqvam Lipſidos Attegiis.,succeſſi poſtqvam lipſidos attegiis,successi postquam lipsidos attegiis
oa_jubilaeum_1640,body,314,0,True,71,Officio functo mihi Correctoris ibidem,officio functo mihi correctoris ibidem,officio functo mihi correctoris ibidem
oa_jubilaeum_1640,body,315,0,True,71,Fertile librorum contulit illa penu.,fertile librorum contulit illa penu,fertile librorum contulit illa penu
oa_jubilaeum_1640,body,316,0,True,71,"Qveis usqve in tempus præſens fruor, hosqve revolvens",qveis usqve in tempus præſens fruor hosqve revolvens,queis usque in tempus praesens fruor hosque reuoluens
oa_jubilaeum_1640,body,317,0,True,71,Artis Chalcographæ ſum memor inde tuæ.,artis chalcographæ ſum memor inde tuæ,artis chalcographae sum memor inde tuae
oa_jubilaeum_1640,body,318,0,True,71,"Ergô grata DEO gratatus carmina dico,",ergô grata deo gratatus carmina dico,ergo grata deo gratatus carmina dico
oa_jubilaeum_1640,body,319,0,True,71,Qvod duo per ſecla hæc ſartaqve tecta fuit.,qvod duo per ſecla hæc ſartaqve tecta fuit,quod duo per secla haec sartaque tecta fuit
oa_jubilaeum_1640,body,320,0,True,71,Hanc ut ſervemus noctesqve diesqve vocandus,hanc ut ſervemus noctesqve diesqve vocandus,hanc ut seruemus noctesque diesque uocandus
oa_jubilaeum_1640,body,321,0,True,71,(Namqve bonum ingratis ſubtrahit omne) DEUS.,namqve bonum ingratis ſubtrahit omne deus,namque bonum ingratis subtrahit omne deus
oa_jubilaeum_1640,body,322,0,True,71,"Chalcothetis animo, Preſſoribus atqve Patronis",chalcothetis animo preſſoribus atqve patronis,chalcothetis animo pressoribus atque patronis
oa_jubilaeum_1640,body,323,0,True,71,"Chalcographûm faveo, fauſtaqve cuncta precor.",chalcographûm faveo fauſtaqve cuncta precor,chalcographum faueo faustaque cuncta precor
oa_jubilaeum_1640,body,324,0,True,71,"Incidat in multos hæc ars divina popellos,",incidat in multos hæc ars divina popellos,incidat in multos haec ars diuina popellos
oa_jubilaeum_1640,body,325,0,True,71,Atqve DEI laudes ſemper ad aſtra vehat.,atqve dei laudes ſemper ad aſtra vehat,atque dei laudes semper ad astra uehat
oa_jubilaeum_1640,body,326,0,True,71,"Offucias prelum reprimat Turcæqve Papæqve,",offucias prelum reprimat turcæqve papæqve,offucias prelum reprimat turcaeque papaeque
oa_jubilaeum_1640,body,327,0,True,71,"Exprimat interitus Martis, & artis epos!",exprimat interitus martis & artis epos,exprimat interitus martis et artis epos
oa_jubilaeum_1640,body,328,0,True,72,Sic tandem à Christo referet benefacta verenda,sic tandem à christo referet benefacta verenda,sic tandem a christo referet benefacta uerenda
oa_jubilaeum_1640,body,329,0,True,72,Plebs & Doctorum plebs qvoqve Calcographûm.,plebs & doctorum plebs qvoqve calcographûm,plebs et doctorum plebs quoque calcographum
oa_jubilaeum_1640,body,330,0,True,72,appoſitum à M. Andrea Anger/ Archidiacono Wurzenæ.,appoſitum à m andrea anger archidiacono wurzenæ,appositum a m andrea anger archidiacono wurzenae
oa_jubilaeum_1640,body,331,0,True,72,"DÆdale, dædaleam veſtram qvid, Compater, artem",dædale dædaleam veſtram qvid compater artem,daedale daedaleam uestram quid compater artem
oa_jubilaeum_1640,body,332,0,True,72,Poſcis dædaleis me decorare metris?,poſcis dædaleis me decorare metris,poscis daedaleis me decorare metris
oa_jubilaeum_1640,body,333,0,True,72,"Dædalei reliqvi, qvid delaſſatis, amœnis",dædalei reliqvi qvid delaſſatis amœnis,daedalei reliqui quid delassatis amoenis
oa_jubilaeum_1640,body,334,0,True,72,Hîc alibiqve qvibus Vatibus eſſe licet?,hîc alibiqve qvibus vatibus eſſe licet,hic alibique quibus uatibus esse licet
oa_jubilaeum_1640,body,335,0,True,72,"Dædala tuqve cohors Vatum, qvid Carminis orsû",dædala tuqve cohors vatum qvid carminis orsû,daedala tuque cohors uatum quid carminis orsu
oa_jubilaeum_1640,body,336,0,True,72,Dædaleum hoc ſumis ferre ſub aſtra Decus?,dædaleum hoc ſumis ferre ſub aſtra decus,daedaleum hoc sumis ferre sub astra decus
oa_jubilaeum_1640,body,337,0,True,72,Fruſtrà omnes eſtis. Hominum laudarier ore,fruſtrà omnes eſtis hominum laudarier ore,frustra omnes estis hominum laudarier ore
oa_jubilaeum_1640,body,338,0,True,72,Tam diæ haut poſſunt dia Reperta rei.,tam diæ haut poſſunt dia reperta rei,tam diae haut possunt dia reperta rei
oa_jubilaeum_1640,body,339,0,True,72,"Si, niſi qvi dignè divinam hanc dixerit artem,",si niſi qvi dignè divinam hanc dixerit artem,si nisi qui digne diuinam hanc dixerit artem
oa_jubilaeum_1640,body,340,0,True,72,"Dicere nemo potest, dicere nemo potest.",dicere nemo potest dicere nemo potest,dicere nemo potest dicere nemo potest
oa_jubilaeum_1640,body,341,0,True,72,"M. Gabriel Schleiffentagius, Fribergæ-Hermundurorum ad S. Petri Eccleſiaſtes.",m gabriel schleiffentagius fribergæhermundurorum ad s petri eccleſiaſtes,m gabriel schleiffentagius fribergaehermundurorum ad s petri ecclesiastes
oa_jubilaeum_1640,body,342,0,False,72,"CHalcographi certant, & adhuc ſub judice lis eſt",chalcographi certant & adhuc ſub judice lis eſt,chalcographi certant et adhuc sub iudice lis est
oa_jubilaeum_1640,body,342,1,False,72,Qvis prior hoc Orbi panderit Artis opus?,qvis prior hoc orbi panderit artis opus,quis prior hoc orbi panderit artis opus
oa_jubilaeum_1640,body,342,2,False,72,"FAUSTIUS his primus, ſed GUTTENBERGIUS illis",faustius his primus ſed guttenbergius illis,faustius his primus sed guttenbergius illis
oa_jubilaeum_1640,body,342,3,False,72,Autor; Laurentî perplacet hisce labor.,autor laurentî perplacet hisce labor,autor laurenti perplacet hisce labor
oa_jubilaeum_1640,body,342,4,False,72,"Vin dicam, noſtræ qvæ ſit ſententia menti",vin dicam noſtræ qvæ ſit ſententia menti,uin dicam nostrae quae sit sententia menti
oa_jubilaeum_1640,body,342,5,True,72,RITZSCHI? Dicam eqvidem: Munus id omne Dei eſt.,ritzschi dicam eqvidem munus id omne dei eſt,ritzschi dicam equidem munus id omne dei est
oa_jubilaeum_1640,body,343,0,False,73,"LUTHERUS Latios proſtravit clade maniplos,",lutherus latios proſtravit clade maniplos,lutherus latios prostrauit clade maniplos
oa_jubilaeum_1640,body,343,1,False,73,"Clavam ne qværas, Chalcographia fuit.",clavam ne qværas chalcographia fuit,clauam ne quaeras chalcographia fuit
oa_jubilaeum_1640,body,343,2,False,73,Lufftius hoc patitur cottannis miſſus in ignem;,lufftius hoc patitur cottannis miſſus in ignem,lufftius hoc patitur cottannis missus in ignem
oa_jubilaeum_1640,body,343,3,False,73,At chartæ inſcriptus ne vereâre levi.,at chartæ inſcriptus ne vereâre levi,at chartae inscriptus ne uereare leui
oa_jubilaeum_1640,body,343,4,False,73,Scilicet hic primus Megalandri Biblia noſtri,scilicet hic primus megalandri biblia noſtri,scilicet hic primus megalandri biblia nostri
oa_jubilaeum_1640,body,343,5,False,73,"Prodidit æratis, (res operoſa!) typis.",prodidit æratis res operoſa typis,prodidit aeratis res operosa typis
oa_jubilaeum_1640,body,343,6,False,73,"Hinc illæ lacrymæ! Roma, en tibi Lufftius alter",hinc illæ lacrymæ roma en tibi lufftius alter,hinc illae lacrymae roma en tibi lufftius alter
oa_jubilaeum_1640,body,343,7,True,73,Sternius */ Ure; ignes ſpernit & iſte tuos.,sternius ure ignes ſpernit & iſte tuos,sternius ure ignes spernit et iste tuos
oa_jubilaeum_1640,body,344,0,True,73,"ARs nova ſcribendi, multorum pauſa laborum,",ars nova ſcribendi multorum pauſa laborum,ars noua scribendi multorum pausa laborum
oa_jubilaeum_1640,body,345,0,True,73,"Exſcribens varios ære loqvace libros,",exſcribens varios ære loqvace libros,exscribens uarios aere loquace libros
oa_jubilaeum_1640,body,346,0,True,73,"Luxit, Evangelicæ fax prodroma lucis, & artis",luxit evangelicæ fax prodroma lucis & artis,luxit euangelicae fax prodroma lucis et artis
oa_jubilaeum_1640,body,347,0,True,73,"Omnigenæ docto fida miniſtra choro,",omnigenæ docto fida miniſtra choro,omnigenae docto fida ministra choro
oa_jubilaeum_1640,body,348,0,True,73,Et nunc in variis viguit duo ſecula terris.,et nunc in variis viguit duo ſecula terris,et nunc in uariis uiguit duo secula terris
oa_jubilaeum_1640,body,349,0,True,73,Qvis ſua non lætâ jubila voce daret?,qvis ſua non lætâ jubila voce daret,quis sua non laeta iubila uoce daret
oa_jubilaeum_1640,body,350,0,True,73,"Ite viri, qvos illa juvat, data veſtra; parati",ite viri qvos illa juvat data veſtra parati,ite uiri quos illa iuuat data uestra parati
oa_jubilaeum_1640,body,351,0,True,73,"Nos ſumus & noſtris, vota ſimulqve damus:",nos ſumus & noſtris vota ſimulqve damus,nos sumus et nostris uota simulque damus
oa_jubilaeum_1640,body,352,0,True,73,"Chriſte, tuum verbum, verbi famulasqve fideles",chriſte tuum verbum verbi famulasqve fideles,christe tuum uerbum uerbi famulasque fideles
oa_jubilaeum_1640,body,353,0,True,73,"Artes & lingvas porrò tuére bonas,",artes & lingvas porrò tuére bonas,artes et linguas porro tuere bonas
oa_jubilaeum_1640,body,354,0,True,73,"Da qvoqve Chalcographûm fixo ſtent pulpita vultu,",da qvoqve chalcographûm fixo ſtent pulpita vultu,da quoque chalcographum fixo stent pulpita uultu
oa_jubilaeum_1640,body,355,0,True,73,Donec Naturæ machina tota ruat.,donec naturæ machina tota ruat,donec naturae machina tota ruat
oa_jubilaeum_1640,body,356,0,True,73,M. Abraham Teller/ SS. Th. Baccal. ad D. Thom. Diæc.,m abraham teller ss th baccal ad d thom diæc,m abraham teller ss th baccal ad d thom diaec
oa_jubilaeum_1640,body,357,0,True,73,SAxa Characterum primum ſignata figuris,saxa characterum primum ſignata figuris,saxa characterum primum signata figuris
oa_jubilaeum_1640,body,358,0,True,73,Olim à Sethigenis fixa columna docet.,olim à sethigenis fixa columna docet,olim a sethigenis fixa columna docet
oa_jubilaeum_1640,body,359,0,True,73,"Suffecta his palmæ folia, & florentis olivæ:",suffecta his palmæ folia & florentis olivæ,suffecta his palmae folia et florentis oliuae
oa_jubilaeum_1640,body,360,0,True,73,Qvin etiam Florum germina ſcripta legas.,qvin etiam florum germina ſcripta legas,quin etiam florum germina scripta legas
oa_jubilaeum_1640,body,361,0,True,73,Succeſſere leves Tiliarum è cortice libri.,succeſſere leves tiliarum è cortice libri,successere leues tiliarum e cortice libri
oa_jubilaeum_1640,body,362,0,True,73,Mox Ebur in Tabulas fiſſaqve ligna novas.,mox ebur in tabulas fiſſaqve ligna novas,mox ebur in tabulas fissaque ligna nouas
oa_jubilaeum_1640,body,363,0,True,73,Qvæ deinde oppletæ ceris. Poſt lintea ſumpta;,qvæ deinde oppletæ ceris poſt lintea ſumpta,quae deinde oppletae ceris post lintea sumpta
oa_jubilaeum_1640,body,364,0,True,73,Ipſaqve manſuris fuſa Metalla notis.,ipſaqve manſuris fuſa metalla notis,ipsaque mansuris fusa metalla notis
oa_jubilaeum_1640,body,365,0,True,74,Donec depoſitis ſubiit Membrana capillis:,donec depoſitis ſubiit membrana capillis,donec depositis subiit membrana capillis
oa_jubilaeum_1640,body,366,0,True,74,Atqve è Niliacis lecta Papirus aqvis.,atqve è niliacis lecta papirus aqvis,atque e niliacis lecta papirus aquis
oa_jubilaeum_1640,body,367,0,True,74,"Sed qvid Saxa, Libri, Tabulæ, Folia atqve Metalla,",sed qvid saxa libri tabulæ folia atqve metalla,sed quid saxa libri tabulae folia atque metalla
oa_jubilaeum_1640,body,368,0,True,74,Chalcographûm ad formas prælaꝗ ſacra? Nihil.,chalcographûm ad formas prælaꝗ ſacra nihil,chalcographum ad formas praela sacra nihil
oa_jubilaeum_1640,body,369,0,True,74,"Diſce DEI felix Germania noſcere munus,",diſce dei felix germania noſcere munus,disce dei felix germania noscere munus
oa_jubilaeum_1640,body,370,0,True,74,"Ad qvod priſcorum cuncta reperta, nihil.",ad qvod priſcorum cuncta reperta nihil,ad quod priscorum cuncta reperta nihil
oa_jubilaeum_1640,body,371,0,True,74,At tu macta hujus Philure ſolennibus eſto:,at tu macta hujus philure ſolennibus eſto,at tu macta huius philure solennibus esto
oa_jubilaeum_1640,body,372,0,True,74,Accedant ſeclis porrò ea ſacra tuis.,accedant ſeclis porrò ea ſacra tuis,accedant seclis porro ea sacra tuis
oa_jubilaeum_1640,body,373,0,False,74,Secularibus Typographiæ ſacris congratulab.,secularibus typographiæ ſacris congratulab,secularibus typographiae sacris congratulab
oa_jubilaeum_1640,item,373,1,False,74,M. Joach.,m joach,m ioach
oa_jubilaeum_1640,body,373,2,True,74,Meißner/ Scholæ Torg. R.,meißner scholæ torg r,meissner scholae torg r
oa_jubilaeum_1640,body,374,0,True,74,PEculiare donum millenario,peculiare donum millenario,peculiare donum millenario
oa_jubilaeum_1640,body,375,0,True,74,Primò DEUS primis dedit mortalibus,primò deus primis dedit mortalibus,primo deus primis dedit mortalibus
oa_jubilaeum_1640,body,376,0,True,74,Sanctis enim vitam longævam Patribus,sanctis enim vitam longævam patribus,sanctis enim uitam longaeuam patribus
oa_jubilaeum_1640,body,377,0,True,74,"Dedit, ſacrum Verbum ſuis qvi liberis",dedit ſacrum verbum ſuis qvi liberis,dedit sacrum uerbum suis qui liberis
oa_jubilaeum_1640,body,378,0,True,74,Annunciarent atqve charis poſteris.,annunciarent atqve charis poſteris,annunciarent atque charis posteris
oa_jubilaeum_1640,body,379,0,True,74,"Tunc LEX DEI non mandabatur cortici,",tunc lex dei non mandabatur cortici,tunc lex dei non mandabatur cortici
oa_jubilaeum_1640,body,380,0,True,74,"Non marmori duro, aut ceræ molliſſimæ,",non marmori duro aut ceræ molliſſimæ,non marmori duro aut cerae mollissimae
oa_jubilaeum_1640,body,381,0,True,74,Mortalium ſed cordibus LEX INSITA.,mortalium ſed cordibus lex insita,mortalium sed cordibus lex insita
oa_jubilaeum_1640,body,382,0,True,74,"Apparuit DEUS potens ſæpiſſimè,",apparuit deus potens ſæpiſſimè,apparuit deus potens saepissime
oa_jubilaeum_1640,body,383,0,True,74,"Locutus eſt cum Patribus piiſſimis,",locutus eſt cum patribus piiſſimis,locutus est cum patribus piissimis
oa_jubilaeum_1640,body,384,0,True,74,"Cum Liberis eorum, cumqve Poſtèris.",cum liberis eorum cumqve poſtèris,cum liberis eorum cumque posteris
oa_jubilaeum_1640,body,385,0,True,74,Sed tertiô donum ille millenariô,sed tertiô donum ille millenariô,sed tertio donum ille millenario
oa_jubilaeum_1640,body,386,0,True,74,"Novum dedit: dedit LEGEM ſanctiſſimam,",novum dedit dedit legem ſanctiſſimam,nouum dedit dedit legem sanctissimam
oa_jubilaeum_1640,body,387,0,True,74,"Inſculpta qvæ ſaxis duris prius fuit,",inſculpta qvæ ſaxis duris prius fuit,insculpta quae saxis duris prius fuit
oa_jubilaeum_1640,body,388,0,True,74,Fidei atqve vitæ ut eſſet illa REGULA,fidei atqve vitæ ut eſſet illa regula,fidei atque uitae ut esset illa regula
oa_jubilaeum_1640,body,389,0,True,74,Perennis: expreſſit voluntatem ſuam,perennis expreſſit voluntatem ſuam,perennis expressit uoluntatem suam
oa_jubilaeum_1640,body,390,0,True,74,Per hanc coloribus vivis: promiſſio,per hanc coloribus vivis promiſſio,per hanc coloribus uiuis promissio
oa_jubilaeum_1640,body,391,0,True,74,Iterata ſeminis Davidis. NATUS EST,iterata ſeminis davidis natus est,iterata seminis dauidis natus est
oa_jubilaeum_1640,body,392,0,True,74,"Qvinto ipſe CHRISTUS Millenario, datam",qvinto ipſe christus millenario datam,quinto ipse christus millenario datam
oa_jubilaeum_1640,body,393,0,True,74,"Juxta DEI ptomiſſionem, ex Virgine",juxta dei ptomiſſionem ex virgine,iuxta dei ptomissionem ex uirgine
oa_jubilaeum_1640,body,394,0,True,74,"Caſtiſſimâ MARIA, factâ temporis",caſtiſſimâ maria factâ temporis,castissima maria facta temporis
oa_jubilaeum_1640,body,395,0,True,74,"Impletione Scripturæqve, paſſus eſt,",impletione scripturæqve paſſus eſt,impletione scripturaeque passus est
oa_jubilaeum_1640,body,396,0,True,75,"Cruciſixus atqve mortuus, ſepultus eſt,",cruciſixus atqve mortuus ſepultus eſt,crucisixus atque mortuus sepultus est
oa_jubilaeum_1640,body,397,0,True,75,"Reſuſcitatus eſt, adſcendit ad polos",reſuſcitatus eſt adſcendit ad polos,resuscitatus est adscendit ad polos
oa_jubilaeum_1640,body,398,0,True,75,"Altiſſimos, INFER NI VICTOR; & NECIS,",altiſſimos infer ni victor & necis,altissimos infer ni uictor et necis
oa_jubilaeum_1640,body,399,0,True,75,"ET DÆMONIS, jam nunc ad dexteram DEI",et dæmonis jam nunc ad dexteram dei,et daemonis iam nunc ad dexteram dei
oa_jubilaeum_1640,body,400,0,True,75,Patris ſedet: non ampliùs miracula,patris ſedet non ampliùs miracula,patris sedet non amplius miracula
oa_jubilaeum_1640,body,401,0,True,75,Terris in his facit. Non eſt miraculis,terris in his facit non eſt miraculis,terris in his facit non est miraculis
oa_jubilaeum_1640,body,402,0,True,75,Opus ampliùs: Doctrina confirmata jam,opus ampliùs doctrina confirmata jam,opus amplius doctrina confirmata iam
oa_jubilaeum_1640,body,403,0,True,75,Miraculis Apoſtolorum maximis,miraculis apoſtolorum maximis,miraculis apostolorum maximis
oa_jubilaeum_1640,body,404,0,True,75,"Et ipſius Chriſti, Salutis unicus",et ipſius chriſti salutis unicus,et ipsius christi salutis unicus
oa_jubilaeum_1640,body,405,0,True,75,Qvi fons & autor eſt: poſthæc miracula,qvi fons & autor eſt poſthæc miracula,qui fons et autor est posthaec miracula
oa_jubilaeum_1640,body,406,0,True,75,"Miranda res eſt, ante ſecula ultima",miranda res eſt ante ſecula ultima,miranda res est ante secula ultima
oa_jubilaeum_1640,body,407,0,True,75,Qvæ contigit nobis in hac GERMANIA,qvæ contigit nobis in hac germania,quae contigit nobis in hac germania
oa_jubilaeum_1640,body,408,0,True,75,"Annis abhinc ducentis, Millenario",annis abhinc ducentis millenario,annis abhinc ducentis millenario
oa_jubilaeum_1640,body,409,0,True,75,"Hoc ultimo, Dei donum non ultimum",hoc ultimo dei donum non ultimum,hoc ultimo dei donum non ultimum
oa_jubilaeum_1640,body,410,0,True,75,"TYPOGR APHIA nempe præſtantiſſima,",typogr aphia nempe præſtantiſſima,typogr aphia nempe praestantissima
oa_jubilaeum_1640,body,411,0,True,75,Reperta qvæ fuit prius Moguntiæ.,reperta qvæ fuit prius moguntiæ,reperta quae fuit prius moguntiae
oa_jubilaeum_1640,body,412,0,True,75,Invenit hanc Johannes Fauſtus optimam,invenit hanc johannes fauſtus optimam,inuenit hanc iohannes faustus optimam
oa_jubilaeum_1640,body,413,0,True,75,Artem: loco huic debemus incunabula.,artem loco huic debemus incunabula,artem loco huic debemus incunabula
oa_jubilaeum_1640,body,414,0,True,75,Mox cœpit illa ſpargi per GERMANIÆ,mox cœpit illa ſpargi per germaniæ,mox coepit illa spargi per germaniae
oa_jubilaeum_1640,body,415,0,True,75,Partes & has & illas feliciomine.,partes & has & illas feliciomine,partes et has et illas feliciomine
oa_jubilaeum_1640,body,416,0,True,75,Adjuvit hunc JOHANNES GUTTENBERGIUS,adjuvit hunc johannes guttenbergius,adiuuit hunc iohannes guttenbergius
oa_jubilaeum_1640,body,417,0,True,75,PETRUSq; SCHEFFERUS: Certè non ultimus,petrusq schefferus certè non ultimus,petrusq schefferus certe non ultimus
oa_jubilaeum_1640,body,418,0,True,75,Hos nominatos inter eſt ULRICUS HAHN/,hos nominatos inter eſt ulricus hahn,hos nominatos inter est ulricus hahn
oa_jubilaeum_1640,body,419,0,True,75,Qvi primus excudit qvondam ROMÆ LIBROS,qvi primus excudit qvondam romæ libros,qui primus excudit quondam romae libros
oa_jubilaeum_1640,body,420,0,True,75,Aliisqve in partibus telluris Italæ.,aliisqve in partibus telluris italæ,aliisque in partibus telluris italae
oa_jubilaeum_1640,body,421,0,True,75,Qvamvis idipſum non Gallo ſed Teutoni,qvamvis idipſum non gallo ſed teutoni,quamuis idipsum non gallo sed teutoni
oa_jubilaeum_1640,body,422,0,True,75,"Tribuatur, appellatus qvi CONRADUS eſt.",tribuatur appellatus qvi conradus eſt,tribuatur appellatus qui conradus est
oa_jubilaeum_1640,body,423,0,True,75,Mox NICOLAUS JENSON Gallicus modis,mox nicolaus jenson gallicus modis,mox nicolaus ienson gallicus modis
oa_jubilaeum_1640,body,424,0,True,75,Auxiſſe miris dicitur: SCHURERIUS,auxiſſe miris dicitur schurerius,auxisse miris dicitur schurerius
oa_jubilaeum_1640,body,425,0,True,75,Clarent & ANSHELMUS: nos ALDO plurimum,clarent & anshelmus nos aldo plurimum,clarent et anshelmus nos aldo plurimum
oa_jubilaeum_1640,body,426,0,True,75,MANUTIO debemus Romano pio.,manutio debemus romano pio,manutio debemus romano pio
oa_jubilaeum_1640,body,427,0,True,75,Magnum DEI MAGNI donum GERMANIA,magnum dei magni donum germania,magnum dei magni donum germania
oa_jubilaeum_1640,body,428,0,True,75,"Agnoſce qvæſo: Tuqve Jena, Lipſia,",agnoſce qvæſo tuqve jena lipſia,agnosce quaeso tuque iena lipsia
oa_jubilaeum_1640,body,429,0,True,75,"Viteberga, Lunæburgum, Dresda, Erphordia,",viteberga lunæburgum dresda erphordia,uiteberga lunaeburgum dresda erphordia
oa_jubilaeum_1640,body,430,0,True,75,"Hala Saxonum, Francofurtum, Rintelium,",hala saxonum francofurtum rintelium,hala saxonum francofurtum rintelium
oa_jubilaeum_1640,body,431,0,True,76,"Nutrixqve noſtra qvondam, nota flumine",nutrixqve noſtra qvondam nota flumine,nutrixque nostra quondam nota flumine
oa_jubilaeum_1640,body,432,0,True,76,"Holthemiâ, Urbs ALBERTI, tuqve JULIA",holthemiâ urbs alberti tuqve julia,holthemia urbs alberti tuque iulia
oa_jubilaeum_1640,body,433,0,True,76,"Urbs, Gieſſa, Marpurgum, Hamburgum, Tuqve Hafnia,",urbs gieſſa marpurgum hamburgum tuqve hafnia,urbs giessa marpurgum hamburgum tuque hafnia
oa_jubilaeum_1640,body,434,0,True,76,"Lubeca, Brema, Dantiſcum, Goslaria,",lubeca brema dantiſcum goslaria,lubeca brema dantiscum goslaria
oa_jubilaeum_1640,body,435,0,True,76,"Tubinga, Magdeburga, & tu Vinariæ",tubinga magdeburga & tu vinariæ,tubinga magdeburga et tu uinariae
oa_jubilaeum_1640,body,436,0,True,76,"Vienna, Praga, Noriberga, Leidaqve,",vienna praga noriberga leidaqve,uienna praga noriberga leidaque
oa_jubilaeum_1640,body,437,0,True,76,Et qvotqvot infelix tenet Germania.,et qvotqvot infelix tenet germania,et quotquot infelix tenet germania
oa_jubilaeum_1640,body,438,0,True,76,"Ingrata tellus Teutonum aures arrige,",ingrata tellus teutonum aures arrige,ingrata tellus teutonum aures arrige
oa_jubilaeum_1640,body,439,0,True,76,"Agnoſce gratâ mente, ſolve maximas",agnoſce gratâ mente ſolve maximas,agnosce grata mente solue maximas
oa_jubilaeum_1640,body,440,0,True,76,"Grates DEO pro donis hiſce maximis,",grates deo pro donis hiſce maximis,grates deo pro donis hisce maximis
oa_jubilaeum_1640,body,441,0,True,76,Hoc ultimo qvæ millenario dedit,hoc ultimo qvæ millenario dedit,hoc ultimo quae millenario dedit
oa_jubilaeum_1640,body,442,0,True,76,Et qvæ pecuniâ penſare non potes.,et qvæ pecuniâ penſare non potes,et quae pecunia pensare non potes
oa_jubilaeum_1640,body,443,0,True,76,"Sis grata Saſſonum tellus & Miſnia,",sis grata saſſonum tellus & miſnia,sis grata sassonum tellus et misnia
oa_jubilaeum_1640,body,444,0,True,76,"TYPOGRAPHIS FAVE, FOVE DOCTOS VIROS,",typographis fave fove doctos viros,typographis faue foue doctos uiros
oa_jubilaeum_1640,body,445,0,True,76,"Qvos enecat fames, premit penuria,",qvos enecat fames premit penuria,quos enecat fames premit penuria
oa_jubilaeum_1640,body,446,0,True,76,Et Mars ubiqve vexat crudeliſſimus.,et mars ubiqve vexat crudeliſſimus,et mars ubique uexat crudelissimus
oa_jubilaeum_1640,body,447,0,True,76,"Ne denega, qvæ debes his Salaria,",ne denega qvæ debes his salaria,ne denega quae debes his salaria
oa_jubilaeum_1640,body,448,0,True,76,"Qvibus ſuam vitam trahant miſerrimam,",qvibus ſuam vitam trahant miſerrimam,quibus suam uitam trahant miserrimam
oa_jubilaeum_1640,body,449,0,True,76,"Niſi vis perire funditùs SCHOLAS TUAS,",niſi vis perire funditùs scholas tuas,nisi uis perire funditus scholas tuas
oa_jubilaeum_1640,body,450,0,True,76,"ACADEMIAS, ECCLESIAS, RESPUBLICAS.",academias ecclesias respublicas,academias ecclesias respublicas
oa_jubilaeum_1640,body,451,0,True,76,"Ne fiat hoc, da tu DEUS ter optime,",ne fiat hoc da tu deus ter optime,ne fiat hoc da tu deus ter optime
oa_jubilaeum_1640,body,452,0,True,76,Exuſcita nobis Patronos maximos,exuſcita nobis patronos maximos,exuscita nobis patronos maximos
oa_jubilaeum_1640,body,453,0,True,76,"Largire PACEM, dura MARTIS tempora",largire pacem dura martis tempora,largire pacem dura martis tempora
oa_jubilaeum_1640,body,454,0,True,76,"Aufer, TYPOGRAPHOS OMNESSERVA BONOS,",aufer typographos omnesserva bonos,aufer typographos omnesserua bonos
oa_jubilaeum_1640,body,455,0,True,76,"Servaqve qvi præſunt SCHOLIS, ECCLESIIS,",servaqve qvi præſunt scholis ecclesiis,seruaque qui praesunt scholis ecclesiis
oa_jubilaeum_1640,body,456,0,True,76,"ACADEMIIS, REBUSQVE PUBLICIS! Viris",academiis rebusqve publicis viris,academiis rebusque publicis uiris
oa_jubilaeum_1640,body,457,0,True,76,Qvod opto cum BONIS & DOCTIS OMNIBUS.,qvod opto cum bonis & doctis omnibus,quod opto cum bonis et doctis omnibus
oa_jubilaeum_1640,body,458,0,True,76,"TYPOGRAPHIS qve cum NOSTRIS & EXTERIS,",typographis qve cum nostris & exteris,typographis que cum nostris et exteris
oa_jubilaeum_1640,body,459,0,True,76,"Qvi jam CARENT, DOLENT, JACENT & EXULANT!",qvi jam carent dolent jacent & exulant,qui iam carent dolent iacent et exulant
oa_jubilaeum_1640,body,460,0,True,76,Singulari in Typographos noſtros & Exteros affectu hæc adjeci M. Georgius Cramer Scholæ Thom. Lipſ. Rector.,singulari in typographos noſtros & exteros affectu hæc adjeci m georgius cramer scholæ thom lipſ rector,singulari in typographos nostros et exteros affectu haec adieci m georgius cramer scholae thom lips rector
oa_jubilaeum_1640,body,461,0,True,76,"IN raſæ veteres pingebant cortice fagi,",in raſæ veteres pingebant cortice fagi,in rasae ueteres pingebant cortice fagi
oa_jubilaeum_1640,body,462,0,True,76,Nî plumbum aut tabulas oblita cera daret.,nî plumbum aut tabulas oblita cera daret,ni plumbum aut tabulas oblita cera daret
oa_jubilaeum_1640,body,463,0,True,77,Et ſic magnus erat labor olim ſeribere Libros.,et ſic magnus erat labor olim ſeribere libros,et sic magnus erat labor olim seribere libros
oa_jubilaeum_1640,body,464,0,True,77,"Res facilis facta eſt, qvæ gravis antè fuit.",res facilis facta eſt qvæ gravis antè fuit,res facilis facta est quae grauis ante fuit
oa_jubilaeum_1640,body,465,0,True,77,Poſtqvam divinam MOGUNTIA repperit ARTEM;,poſtqvam divinam moguntia repperit artem,postquam diuinam moguntia repperit artem
oa_jubilaeum_1640,body,466,0,True,77,Atqve laborato finxit in ære TYPOS.,atqve laborato finxit in ære typos,atque laborato finxit in aere typos
oa_jubilaeum_1640,body,467,0,True,77,"Qvos manus ARTIFICIS ritè ingenioſa coarctat,",qvos manus artificis ritè ingenioſa coarctat,quos manus artificis rite ingeniosa coarctat
oa_jubilaeum_1640,body,468,0,True,77,Conjunctosqve nigro docta colore linit.,conjunctosqve nigro docta colore linit,coniunctosque nigro docta colore linit
oa_jubilaeum_1640,body,469,0,True,77,"Compreſſuqve facit, momento, mille figuras.",compreſſuqve facit momento mille figuras,compressuque facit momento mille figuras
oa_jubilaeum_1640,body,470,0,True,77,O dona! ô ſummi dona colenda DEI!,o dona ô ſummi dona colenda dei,o dona o summi dona colenda dei
oa_jubilaeum_1640,body,471,0,True,77,"Parrhaſii Tabulas ſuperantia! ſigna Myronis,",parrhaſii tabulas ſuperantia ſigna myronis,parrhasii tabulas superantia signa myronis
oa_jubilaeum_1640,body,472,0,True,77,Organa Mentoreâ nobilitata manu!,organa mentoreâ nobilitata manu,organa mentorea nobilitata manu
oa_jubilaeum_1640,body,473,0,True,77,Nunc via ad Aonidas facilis datur: enthea præbet,nunc via ad aonidas facilis datur enthea præbet,nunc uia ad aonidas facilis datur enthea praebet
oa_jubilaeum_1640,body,474,0,True,77,Fertile LIBRORUM CHALCOGR APHIA penu.,fertile librorum chalcogr aphia penu,fertile librorum chalcogr aphia penu
oa_jubilaeum_1640,body,475,0,True,77,"Nunc Studia atqve ARTES contemptas copia reddit,",nunc studia atqve artes contemptas copia reddit,nunc studia atque artes contemptas copia reddit
oa_jubilaeum_1640,body,476,0,True,77,"Dum breviore vià proficit, arte rudis.",dum breviore vià proficit arte rudis,dum breuiore uia proficit arte rudis
oa_jubilaeum_1640,body,477,0,True,77,"Ære carent Artes, mox Artibus æra carebunt,",ære carent artes mox artibus æra carebunt,aere carent artes mox artibus aera carebunt
oa_jubilaeum_1640,body,478,0,True,77,"Nauſea ſupplicium mox feret illa, famem.",nauſea ſupplicium mox feret illa famem,nausea supplicium mox feret illa famem
oa_jubilaeum_1640,body,479,0,True,77,"A nobis talem Clemens averte, TYPORUM,",a nobis talem clemens averte typorum,a nobis talem clemens auerte typorum
oa_jubilaeum_1640,body,480,0,True,77,"LIBRORUMqve Dator, ſumme PATRONE, DEUS!",librorumqve dator ſumme patrone deus,librorumque dator summe patrone deus
oa_jubilaeum_1640,body,481,0,True,77,"Suffice, qvi Doctis faveant, foveantqve Camœnas,",suffice qvi doctis faveant foveantqve camœnas,suffice qui doctis faueant foueantque camoenas
oa_jubilaeum_1640,body,482,0,True,77,"Suffice, qviqve TYPOS, qvi Decus Artis ament.",suffice qviqve typos qvi decus artis ament,suffice quique typos qui decus artis ament
oa_jubilaeum_1640,body,483,0,True,77,"CHALCOGRAPHIA vire, flore, bene JUBILA in annos",chalcographia vire flore bene jubila in annos,chalcographia uire flore bene iubila in annos
oa_jubilaeum_1640,body,484,0,True,77,"Innumeros, celebrans munera FAUSTA DEI!",innumeros celebrans munera fausta dei,innumeros celebrans munera fausta dei
oa_jubilaeum_1640,body,485,0,True,77,"Nimirum hæc qvivis, qvia ſunt qvoqve magna putabit,",nimirum hæc qvivis qvia ſunt qvoqve magna putabit,nimirum haec quiuis quia sunt quoque magna putabit
oa_jubilaeum_1640,body,486,0,True,77,"Digna, DEO grates cur homo gratus agat.",digna deo grates cur homo gratus agat,digna deo grates cur homo gratus agat
oa_jubilaeum_1640,item,487,0,False,77,M. Job.,m job,m iob
oa_jubilaeum_1640,body,487,1,True,77,Bohemus Poët. Cæſar. Dresd. Rector.,bohemus poët cæſar dresd rector,bohemus poet caesar dresd rector
oa_jubilaeum_1640,body,488,0,False,77,"ERgò ſuô viguit nunc per duo Sæcula flore,",ergò ſuô viguit nunc per duo sæcula flore,ergo suo uiguit nunc per duo saecula flore
oa_jubilaeum_1640,body,488,1,False,77,"ARS, digna æternos flore-vigere dies;",ars digna æternos florevigere dies,ars digna aeternos floreuigere dies
oa_jubilaeum_1640,body,488,2,False,77,"ARS, qvæ Clarorum ſcripta ingenioſa virorum",ars qvæ clarorum ſcripta ingenioſa virorum,ars quae clarorum scripta ingeniosa uirorum
oa_jubilaeum_1640,body,488,3,False,77,Exprimit æratis commemoratqve typis:,exprimit æratis commemoratqve typis,exprimit aeratis commemoratque typis
oa_jubilaeum_1640,body,488,4,False,77,"ARS ea ſera qvidem, ſed valdè ſeria, jure",ars ea ſera qvidem ſed valdè ſeria jure,ars ea sera quidem sed ualde seria iure
oa_jubilaeum_1640,body,488,5,True,77,Cunctaq; cunctorum ſeria puncta merens.,cunctaq cunctorum ſeria puncta merens,cunctaq cunctorum seria puncta merens
oa_jubilaeum_1640,body,489,0,False,78,CHinenſes uſi jam longùm hac ARTE ſeruntur:,chinenſes uſi jam longùm hac arte ſeruntur,chinenses usi iam longum hac arte seruntur
oa_jubilaeum_1640,body,489,1,False,78,Gens-Batava inventum dicit & eſſe ſuum:,gensbatava inventum dicit & eſſe ſuum,gensbataua inuentum dicit et esse suum
oa_jubilaeum_1640,body,489,2,False,78,Nugæ! Solius GENS eſt qvia TEUTONA munus,nugæ solius gens eſt qvia teutona munus,nugae solius gens est quia teutona munus
oa_jubilaeum_1640,body,489,3,False,78,Hocoe tuum; cedit laus ea tota tibi.,hocoe tuum cedit laus ea tota tibi,hocoe tuum cedit laus ea tota tibi
oa_jubilaeum_1640,body,489,4,False,78,"GUTTENBERGIADES Teuto qvippe Autor, & alter,",guttenbergiades teuto qvippe autor & alter,guttenbergiades teuto quippe autor et alter
oa_jubilaeum_1640,body,489,5,True,78,"FAUSTUS, erat, fauſtô, qvis neget? auſpiciô.",faustus erat fauſtô qvis neget auſpiciô,faustus erat fausto quis neget auspicio
oa_jubilaeum_1640,body,490,0,False,78,"QVare, ARS Salma, vige; qvamqvam vileſcis; ubiqve",qvare ars salma vige qvamqvam vileſcis ubiqve,quare ars salma uige quamquam uilescis ubique
oa_jubilaeum_1640,body,490,1,False,78,Hoc ut vileſcit tempore qvodqve bonum!,hoc ut vileſcit tempore qvodqve bonum,hoc ut uilescit tempore quodque bonum
oa_jubilaeum_1640,body,490,2,False,78,"Euge vige, augminibus qvin porrò creſce ſecundis:",euge vige augminibus qvin porrò creſce ſecundis,euge uige augminibus quin porro cresce secundis
oa_jubilaeum_1640,body,490,3,False,78,In decus Immenſi creſce ſubinde DEI!,in decus immenſi creſce ſubinde dei,in decus immensi cresce subinde dei
oa_jubilaeum_1640,body,490,4,False,78,"Hoc etenim ſi qva amplificat, næ Tu facis iſtud:",hoc etenim ſi qva amplificat næ tu facis iſtud,hoc etenim si qua amplificat nae tu facis istud
oa_jubilaeum_1640,body,490,5,True,78,Ad laudem inprimis hoc facit atqve tuam.,ad laudem inprimis hoc facit atqve tuam,ad laudem inprimis hoc facit atque tuam
oa_jubilaeum_1640,body,491,0,True,78,L. Mꝗ ſcripſit M. A. Tülſnerus.,l mꝗ ſcripſit m a tülſnerus,l m scripsit m a tulsnerus
oa_jubilaeum_1640,body,492,0,True,78,"NUminis eſt almi bonitas, eſt gratia Jovæ,",numinis eſt almi bonitas eſt gratia jovæ,numinis est almi bonitas est gratia iouae
oa_jubilaeum_1640,body,493,0,True,78,Qvod floret typicæ fauſtiter artis opus.,qvod floret typicæ fauſtiter artis opus,quod floret typicae faustiter artis opus
oa_jubilaeum_1640,body,494,0,True,78,Floruit artis opus FAUSTI duo jubila ſecli:,floruit artis opus fausti duo jubila ſecli,floruit artis opus fausti duo iubila secli
oa_jubilaeum_1640,body,495,0,True,78,Dante DEO vigeant jubila mille Typi.,dante deo vigeant jubila mille typi,dante deo uigeant iubila mille typi
oa_jubilaeum_1640,body,496,0,True,78,"Millia Chalcographi videant ut jubila ſecli,",millia chalcographi videant ut jubila ſecli,millia chalcographi uideant ut iubila secli
oa_jubilaeum_1640,body,497,0,True,78,"Qvivis, qvi probus eſt, omina fauſta ferat!",qvivis qvi probus eſt omina fauſta ferat,quiuis qui probus est omina fausta ferat
oa_jubilaeum_1640,item,498,0,False,78,M. Johan.,m johan,m iohan
oa_jubilaeum_1640,body,498,1,False,78,Preibiſius Collegii B. Virg.,preibiſius collegii b virg,preibisius collegii b uirg
oa_jubilaeum_1640,body,498,2,True,78,Collegiatus & Facult. Phil. Aſſeſſor.,collegiatus & facult phil aſſeſſor,collegiatus et facult phil assessor
oa_jubilaeum_1640,body,499,0,True,79,ADjuvat Audentes Fors. Haud Inventio rerum,adjuvat audentes fors haud inventio rerum,adiuuat audentes fors haud inuentio rerum
oa_jubilaeum_1640,body,500,0,True,79,Magnarum timidis eſt tribuenda viris.,magnarum timidis eſt tribuenda viris,magnarum timidis est tribuenda uiris
oa_jubilaeum_1640,body,501,0,True,79,"Rimari fabricas Martis fuit auſus, & Artis",rimari fabricas martis fuit auſus & artis,rimari fabricas martis fuit ausus et artis
oa_jubilaeum_1640,body,502,0,True,79,Qvis primus? Primus Sangvine Teuto fuit.,qvis primus primus sangvine teuto fuit,quis primus primus sanguine teuto fuit
oa_jubilaeum_1640,body,503,0,True,79,"Sangvine Teuto fuit, cava qvi Sclopeta Gradivi",sangvine teuto fuit cava qvi sclopeta gradivi,sanguine teuto fuit caua qui sclopeta gradiui
oa_jubilaeum_1640,body,504,0,True,79,"Invénit, ſancto Clericus ingenio.",invénit ſancto clericus ingenio,inuenit sancto clericus ingenio
oa_jubilaeum_1640,body,505,0,True,79,"Teuto fuit, verùm potiore beandus honore,",teuto fuit verùm potiore beandus honore,teuto fuit uerum potiore beandus honore
oa_jubilaeum_1640,body,506,0,True,79,"Artis, qvàm Martis, qvi magè juvit opus:",artis qvàm martis qvi magè juvit opus,artis quam martis qui mage iuuit opus
oa_jubilaeum_1640,body,507,0,True,79,Yψίςῳ Jhovæ ſtimulo Gutebergius audax,yψίςῳ jhovæ ſtimulo gutebergius audax,y ihouae stimulo gutebergius audax
oa_jubilaeum_1640,body,508,0,True,79,"Scribere litterulas cœpit, at Ærisope.",scribere litterulas cœpit at ærisope,scribere litterulas coepit at aerisope
oa_jubilaeum_1640,body,509,0,True,79,"Primus is hâc fauſtus fuit Arte, viámqve paravit,",primus is hâc fauſtus fuit arte viámqve paravit,primus is hac faustus fuit arte uiamque parauit
oa_jubilaeum_1640,body,510,0,True,79,Pſeudotheum Lino perderet ut Monachus.,pſeudotheum lino perderet ut monachus,pseudotheum lino perderet ut monachus
oa_jubilaeum_1640,body,511,0,True,79,Ocyùs expediit Bonus id Mons: Albus ad Albim,ocyùs expediit bonus id mons albus ad albim,ocyus expediit bonus id mons albus ad albim
oa_jubilaeum_1640,body,512,0,True,79,"Mons Anti Chriſtum prodidit, Arte Typi.",mons anti chriſtum prodidit arte typi,mons anti christum prodidit arte typi
oa_jubilaeum_1640,body,513,0,True,79,"Gloria non Chinis hinc orta, nec orta Batavis;",gloria non chinis hinc orta nec orta batavis,gloria non chinis hinc orta nec orta batauis
oa_jubilaeum_1640,body,514,0,True,79,"Junonis pullus fallitur, atqve Jovis,",junonis pullus fallitur atqve jovis,iunonis pullus fallitur atque iouis
oa_jubilaeum_1640,body,515,0,True,79,"Ridet ur juxtà † Priscus Verretius, Ædes",ridet ur juxtà priscus verretius ædes,ridet ur iuxta priscus uerretius aedes
oa_jubilaeum_1640,body,516,0,True,79,Harlemi patrias extenebrare volens.,harlemi patrias extenebrare volens,harlemi patrias extenebrare uolens
oa_jubilaeum_1640,body,517,0,True,79,"Arte * Typographica, qvâ nil divinius, artes",arte typographica qvâ nil divinius artes,arte typographica qua nil diuinius artes
oa_jubilaeum_1640,body,518,0,True,79,"Crevêrunt reliqvæ, Relligió qve ſimul:",crevêrunt reliqvæ relligió qve ſimul,creuerunt reliquae relligio que simul
oa_jubilaeum_1640,body,519,0,True,79,"Pura Fides, robur capit Impreſſoris ab Arte:",pura fides robur capit impreſſoris ab arte,pura fides robur capit impressoris ab arte
oa_jubilaeum_1640,body,520,0,True,79,"Biblia mille, per hanc, mille dedêre Typi;",biblia mille per hanc mille dedêre typi,biblia mille per hanc mille dedere typi
oa_jubilaeum_1640,body,521,0,True,79,"Hac pia Germani vivunt modulamina Cygni,",hac pia germani vivunt modulamina cygni,hac pia germani uiuunt modulamina cygni
oa_jubilaeum_1640,body,522,0,True,79,"Hac Sophie, Themidos res, & Hygea virent.",hac sophie themidos res & hygea virent,hac sophie themidos res et hygea uirent
oa_jubilaeum_1640,body,523,0,True,79,"Jubila promat ob id Germania; Jubila promat,",jubila promat ob id germania jubila promat,iubila promat ob id germania iubila promat
oa_jubilaeum_1640,body,524,0,True,79,Qvi legit exſcriptos ære loqvace libros.,qvi legit exſcriptos ære loqvace libros,qui legit exscriptos aere loquace libros
oa_jubilaeum_1640,body,525,0,True,79,"Cadmosô celebrare novos in Teutonis agro,",cadmosô celebrare novos in teutonis agro,cadmoso celebrare nouos in teutonis agro
oa_jubilaeum_1640,body,526,0,True,79,Cadmorum Natas ô celebrate nigras.,cadmorum natas ô celebrate nigras,cadmorum natas o celebrate nigras
oa_jubilaeum_1640,body,527,0,True,79,Auſpicio ſurgant ſic Tertia Secula fauſto:,auſpicio ſurgant ſic tertia secula fauſto,auspicio surgant sic tertia secula fausto
oa_jubilaeum_1640,body,528,0,True,79,Sic Artis proſint Artificúmqve Typi.,sic artis proſint artificúmqve typi,sic artis prosint artificumque typi
oa_jubilaeum_1640,body,529,0,True,79,"QVòd Guttenbergus, Faust, Hahn, Mentelius olim",qvòd guttenbergus faust hahn mentelius olim,quod guttenbergus faust hahn mentelius olim
oa_jubilaeum_1640,body,530,0,True,79,"Schefferús qve, piis auſibus, auſus erat,",schefferús qve piis auſibus auſus erat,schefferus que piis ausibus ausus erat
oa_jubilaeum_1640,body,531,0,True,80,"Auſus erat celebri qvod & hac Voeglinus in Urbe,",auſus erat celebri qvod & hac voeglinus in urbe,ausus erat celebri quod et hac uoeglinus in urbe
oa_jubilaeum_1640,body,532,0,True,80,"Qvá Plisnæ junctas miſc et Elister aqvas,",qvá plisnæ junctas miſc et elister aqvas,qua plisnae iunctas misc et elister aquas
oa_jubilaeum_1640,body,533,0,True,80,"Id vos, Chalcographi, nunc augmentatis opellâ",id vos chalcographi nunc augmentatis opellâ,id uos chalcographi nunc augmentatis opella
oa_jubilaeum_1640,body,534,0,True,80,Conſimili: Similis vos decorabit Honos.,conſimili similis vos decorabit honos,consimili similis uos decorabit honos
oa_jubilaeum_1640,body,535,0,False,82,I. Gregorius Ritsche. Anagram.,i gregorius ritsche anagram,i gregorius ritsche anagram
oa_jubilaeum_1640,body,535,1,False,82,Res Chori suggerit.,res chori suggerit,res chori suggerit
oa_jubilaeum_1640,item,535,2,False,82,"Item: Ritschius, ἀναγϱαμ.",item ritschius ἀναγϱαμ,item ritschius
oa_jubilaeum_1640,item,535,3,False,82,"I, Christus.",i christus,i christus
oa_jubilaeum_1640,body,535,4,False,82,"ORitzschi Senior, tua cura labórqve fidelis SUGGERIT Aonii RES ſtabilitqve CHORI: Imprimis utibiles, ad commoda publica, libros, Hisqve tuæ claras pervigil Artis opus.",oritzschi senior tua cura labórqve fidelis suggerit aonii res ſtabilitqve chori imprimis utibiles ad commoda publica libros hisqve tuæ claras pervigil artis opus,oritzschi senior tua cura laborque fidelis suggerit aonii res stabilitque chori imprimis utibiles ad commoda publica libros hisque tuae claras peruigil artis opus
oa_jubilaeum_1640,body,535,5,False,82,"I modò, fide DEO: CHRISTUS dabit ipſe ſalutem, Si non pro voto, pro bonitate tamen.",i modò fide deo christus dabit ipſe ſalutem si non pro voto pro bonitate tamen,i modo fide deo christus dabit ipse salutem si non pro uoto pro bonitate tamen
oa_jubilaeum_1640,body,535,6,False,82,"II. Joannes-Albertus Mintzelius, per Anagram.",ii joannesalbertus mintzelius per anagram,ii ioannesalbertus mintzelius per anagram
oa_jubilaeum_1640,body,535,7,False,82,"En, nitet ani mus zelo salubris.",en nitet ani mus zelo salubris,en nitet ani mus zelo salubris
oa_jubilaeum_1640,body,535,8,False,82,"URor amore tui, Mintzeli dædale, Prælum Qvi mirâ genii proſperitate juvas.",uror amore tui mintzeli dædale prælum qvi mirâ genii proſperitate juvas,uror amore tui mintzeli daedale praelum qui mira genii prosperitate iuuas
oa_jubilaeum_1640,body,535,9,False,82,"EN, Artis-ZELO Tibi tàm flagrante SALUBRIS Eſt ANIMUS, ſtudio qvi vigilace NITET: Chalcographi-ſtudio Studiis accedat ut augmen Ingenuis, oleum ſæpè Cleanthis emis.",en artiszelo tibi tàm flagrante salubris eſt animus ſtudio qvi vigilace nitet chalcographiſtudio studiis accedat ut augmen ingenuis oleum ſæpè cleanthis emis,en artiszelo tibi tam flagrante salubris est animus studio qui uigilace nitet chalcographistudio studiis accedat ut augmen ingenuis oleum saepe cleanthis emis
oa_jubilaeum_1640,body,535,10,False,82,"Aliud Eid m. Joannes Albertus Mincelius, Anagram.",aliud eid m joannes albertus mincelius anagram,aliud eid m ioannes albertus mincelius anagram
oa_jubilaeum_1640,body,535,11,False,82,"Elucens Animus, nobilisarte.",elucens animus nobilisarte,elucens animus nobilisarte
oa_jubilaeum_1640,item,535,12,False,82,MIntzelium veneremur!,mintzelium veneremur,mintzelium ueneremur
oa_jubilaeum_1640,body,535,13,False,82,"Huic Virtute ſub omni ELUCENS ANIMUS, NOBILIS ARTE, viget.",huic virtute ſub omni elucens animus nobilis arte viget,huic uirtute sub omni elucens animus nobilis arte uiget
oa_jubilaeum_1640,body,535,14,False,82,"III. Heningus Cölerus, Anagram.",iii heningus cölerus anagram,iii heningus colerus anagram
oa_jubilaeum_1640,body,535,15,False,82,Heus lucro ingens.,heus lucro ingens,heus lucro ingens
oa_jubilaeum_1640,body,535,16,False,82,Item: Heningus Koͤler/ Anagram.,item heningus koͤler anagram,item heningus koler anagram
oa_jubilaeum_1640,body,535,17,False,82,Ein kluger Sohn. HEUS!,ein kluger sohn heus,ein kluger sohn heus
oa_jubilaeum_1640,body,535,18,False,82,"dotes, Kölere, Tuas exponere verſu Qvis vetet?",dotes kölere tuas exponere verſu qvis vetet,dotes kolere tuas exponere uersu quis uetet
oa_jubilaeum_1640,body,535,19,False,82,Hîc INGENS diceris eſſe,hîc ingens diceris eſſe,hic ingens diceris esse
oa_jubilaeum_1640,body,535,20,False,82,"LUCRO. Carbo Tibi nomen dedit: Atricoloribus ornas Namqve Typis doctæ docta reperta tribûs; Palladis ut GNATUS CATUS, his lucraris Honorem: Hoc dement lucrum ſecula nulla Tibi.",lucro carbo tibi nomen dedit atricoloribus ornas namqve typis doctæ docta reperta tribûs palladis ut gnatus catus his lucraris honorem hoc dement lucrum ſecula nulla tibi,lucro carbo tibi nomen dedit atricoloribus ornas namque typis doctae docta reperta tribus palladis ut gnatus catus his lucraris honorem hoc dement lucrum secula nulla tibi
oa_jubilaeum_1640,body,535,21,False,82,"IV. Timotheus Ritschius, Anagram.",iv timotheus ritschius anagram,iu timotheus ritschius anagram
oa_jubilaeum_1640,body,535,22,False,82,Hic totuserit Musis.,hic totuserit musis,hic totuserit musis
oa_jubilaeum_1640,body,535,23,False,82,DE puero naſcente ſacer ſic dixit Apollo: HIC TOTUS MUSIS utilis autor,de puero naſcente ſacer ſic dixit apollo hic totus musis utilis autor,de puero nascente sacer sic dixit apollo hic totus musis utilis autor
oa_jubilaeum_1640,body,535,24,False,82,"ERIT. Non errat Cortina: Typis qvia Ritschia virtus Id facitæternum, qvod periiſſet, opus; Carmina nunc ludit, nunc carmina cudit: Amusus, Hunc qvi ludificat, ludificatus abit.",erit non errat cortina typis qvia ritschia virtus id facitæternum qvod periiſſet opus carmina nunc ludit nunc carmina cudit amusus hunc qvi ludificat ludificatus abit,erit non errat cortina typis quia ritschia uirtus id facitaeternum quod periisset opus carmina nunc ludit nunc carmina cudit amusus hunc qui ludificat ludificatus abit
oa_jubilaeum_1640,body,535,25,False,82,V. Friedericus Lanckischius.,v friedericus lanckischius,u friedericus lanckischius
oa_jubilaeum_1640,body,535,26,False,82,Anagram [pro Kuſitatè legatur C] Curis diu fis hicce clarens.,anagram pro kuſitatè legatur c curis diu fis hicce clarens,anagram pro kusitate legatur c curis diu fis hicce clarens
oa_jubilaeum_1640,body,535,27,False,82,"POllebas ſatis arte, tibi dum vita manebat: Nemo tuos ſprevit, mi Friderice, Typos.",pollebas ſatis arte tibi dum vita manebat nemo tuos ſprevit mi friderice typos,pollebas satis arte tibi dum uita manebat nemo tuos spreuit mi friderice typos
oa_jubilaeum_1640,body,535,28,False,82,"HICCE DIU tantis, poſt funera triſtia, CURIS FIS CLARENS: Clarant Præla relicta ſitum.",hicce diu tantis poſt funera triſtia curis fis clarens clarant præla relicta ſitum,hicce diu tantis post funera tristia curis fis clarens clarant praela relicta situm
oa_jubilaeum_1640,body,535,29,False,82,Ultimus haud fueras.,ultimus haud fueras,ultimus haud fueras
oa_jubilaeum_1640,body,535,30,False,82,Aſt ultima linea rerum.,aſt ultima linea rerum,ast ultima linea rerum
oa_jubilaeum_1640,body,535,31,True,82,"Te, meritis primum, truſit ad ima: Vale; In Gnato, valeas, Friderice renate, Magistro; Denato voveat qvis meliora Tibi?",te meritis primum truſit ad ima vale in gnato valeas friderice renate magistro denato voveat qvis meliora tibi,te meritis primum trusit ad ima uale in gnato ualeas friderice renate magistro denato uoueat quis meliora tibi
oa_jubilaeum_1640,body,536,0,True,82,"HI ſunt, in Tiliis qvi Secli Feſta Sicundi",hi ſunt in tiliis qvi secli feſta sicundi,hi sunt in tiliis qui secli festa sicundi
oa_jubilaeum_1640,body,537,0,True,82,Piis colebant Jubilis Chalcógraphi.,piis colebant jubilis chalcógraphi,piis colebant iubilis chalcographi
oa_jubilaeum_1640,body,538,0,True,82,"O mea Posteritas, ſeries ſi Tertia Secli",o mea posteritas ſeries ſi tertia secli,o mea posteritas series si tertia secli
oa_jubilaeum_1640,body,539,0,True,82,"Iterare te Festivitatem juſſerit,",iterare te festivitatem juſſerit,iterare te festiuitatem iusserit
oa_jubilaeum_1640,body,540,0,True,82,"Emeritis reqviem Prædeceſſoribus optes,",emeritis reqviem prædeceſſoribus optes,emeritis requiem praedecessoribus optes
oa_jubilaeum_1640,body,541,0,True,82,Hæc qvi reliqverunt tibi Memoracuia.,hæc qvi reliqverunt tibi memoracuia,haec qui reliquerunt tibi memoracuia
oa_jubilaeum_1640,body,542,0,True,82,"Qvin mea poſt Centum ſi carmina legeris Annos,",qvin mea poſt centum ſi carmina legeris annos,quin mea post centum si carmina legeris annos
oa_jubilaeum_1640,body,543,0,True,82,"Qviesce, dic Caduceator, dulciter.",qviesce dic caduceator dulciter,quiesce dic caduceator dulciter
oa_jubilaeum_1640,body,544,0,True,82,"Chalcographia Typo ſic, atqve Poetica verſu",chalcographia typo ſic atqve poetica verſu,chalcographia typo sic atque poetica uersu
oa_jubilaeum_1640,body,545,0,True,82,"Felicitet vos, opto, Consecraneos.",felicitet vos opto consecraneos,felicitet uos opto consecraneos
oa_jubilaeum_1640,body,546,0,False,82,MIra DEUS veteri ſub fœdere munera miſit;,mira deus veteri ſub fœdere munera miſit,mira deus ueteri sub foedere munera misit
oa_jubilaeum_1640,body,546,1,False,82,Dicitur & populum mirificáſſe ſuum.,dicitur & populum mirificáſſe ſuum,dicitur et populum mirificasse suum
oa_jubilaeum_1640,body,546,2,False,82,Haud majora novo deſunt miracula Pacto;,haud majora novo deſunt miracula pacto,haud maiora nouo desunt miracula pacto
oa_jubilaeum_1640,body,546,3,False,82,Unde ſumus Superis mirificata cohors.,unde ſumus superis mirificata cohors,unde sumus superis mirificata cohors
oa_jubilaeum_1640,body,546,4,False,82,"Scilicet ære libros conſcribere, Vera fateri",scilicet ære libros conſcribere vera fateri,scilicet aere libros conscribere uera fateri
oa_jubilaeum_1640,body,546,5,True,82,"Verba DEI, Seclô* ſunt adaperta ſimul.",verba dei seclô ſunt adaperta ſimul,uerba dei seclo sunt adaperta simul
oa_jubilaeum_1640,body,547,0,False,83,DEnn ob wol dieſe Kunſt/ die viel gar wenig achten/,denn ob wol dieſe kunſt die viel gar wenig achten,denn ob wol diese kunst die uiel gar wenig achten
oa_jubilaeum_1640,body,547,1,False,83,Jn groſſer Finſternuͤß die Paͤbſtler erſt erdachten:,jn groſſer finſternuͤß die paͤbſtler erſt erdachten,in grosser finsternuss die pabstler erst erdachten
oa_jubilaeum_1640,body,547,2,False,83,Je dennoch iſt gewiß/ daß deſſen groſſer Preis/,je dennoch iſt gewiß daß deſſen groſſer preis,ie dennoch ist gewiss dass dessen grosser preis
oa_jubilaeum_1640,body,547,3,False,83,Der Sie erfunden hat/ biß in das Paradeis,der sie erfunden hat biß in das paradeis,der sie erfunden hat biss in das paradeis
oa_jubilaeum_1640,body,547,4,True,83,Hinauff ſich ſchwingen wird. Druͤmb thut ſie nicht verachten.,hinauff ſich ſchwingen wird druͤmb thut ſie nicht verachten,hinauff sich schwingen wird drumb thut sie nicht uerachten
oa_jubilaeum_1640,body,548,0,True,83,"Hâc bigâ Epigrammatum, qvorum utrumqve numero literarum exhibet numerum Annorum, à qvibus Nobilis hæc Typographica inventa eſt, eam ipſam condecorare voluit M. Georgius Engeler.",hâc bigâ epigrammatum qvorum utrumqve numero literarum exhibet numerum annorum à qvibus nobilis hæc typographica inventa eſt eam ipſam condecorare voluit m georgius engeler,hac biga epigrammatum quorum utrumque numero literarum exhibet numerum annorum a quibus nobilis haec typographica inuenta est eam ipsam condecorare uoluit m georgius engeler
oa_jubilaeum_1640,body,549,0,True,83,FAuſtè nunc agitur jam biscenteſimus annus,fauſtè nunc agitur jam biscenteſimus annus,fauste nunc agitur iam biscentesimus annus
oa_jubilaeum_1640,body,550,0,True,83,Nobile qvô Fausti floruit artis opus.,nobile qvô fausti floruit artis opus,nobile quo fausti floruit artis opus
oa_jubilaeum_1640,body,551,0,True,83,Artibus ex aliis Ars impreſſoria primas,artibus ex aliis ars impreſſoria primas,artibus ex aliis ars impressoria primas
oa_jubilaeum_1640,body,552,0,True,83,(Qvis dubitaret enim?) jure tenere poteſt.,qvis dubitaret enim jure tenere poteſt,quis dubitaret enim iure tenere potest
oa_jubilaeum_1640,body,553,0,True,83,Vix puto poſſe dari Lingvam (qvam noſſe juvabit),vix puto poſſe dari lingvam qvam noſſe juvabit,uix puto posse dari linguam quam nosse iuuabit
oa_jubilaeum_1640,body,554,0,True,83,Hujus qvæ celebri deſtituatur ope.,hujus qvæ celebri deſtituatur ope,huius quae celebri destituatur ope
oa_jubilaeum_1640,body,555,0,True,83,"Sis licet Hebræus: ſis Syrus: Græcus, Arabsqve:",sis licet hebræus ſis syrus græcus arabsqve,sis licet hebraeus sis syrus graecus arabsque
oa_jubilaeum_1640,body,556,0,True,83,"Vel ſis Germanus; ſive Latinus, idem eſt.",vel ſis germanus ſive latinus idem eſt,uel sis germanus siue latinus idem est
oa_jubilaeum_1640,body,557,0,True,83,"Sis Paulus: Baldus: vel ſis Avicenna, Philippus,",sis paulus baldus vel ſis avicenna philippus,sis paulus baldus uel sis auicenna philippus
oa_jubilaeum_1640,body,558,0,True,83,"Sis Opifex, Laicus, ſis Puer atqve Senex;",sis opifex laicus ſis puer atqve senex,sis opifex laicus sis puer atque senex
oa_jubilaeum_1640,body,559,0,True,83,Ars ad opus qvodvis tibi promta videbitur iſta,ars ad opus qvodvis tibi promta videbitur iſta,ars ad opus quoduis tibi promta uidebitur ista
oa_jubilaeum_1640,body,560,0,True,83,Innumerabilibus Commoda ferre modis.,innumerabilibus commoda ferre modis,innumerabilibus commoda ferre modis
oa_jubilaeum_1640,body,561,0,True,83,"Qvantumvis habeas librum niſi Biblia nullum,",qvantumvis habeas librum niſi biblia nullum,quantumuis habeas librum nisi biblia nullum
oa_jubilaeum_1640,body,562,0,True,83,Ex digno grates nemo referre DEO eſt.,ex digno grates nemo referre deo eſt,ex digno grates nemo referre deo est
oa_jubilaeum_1640,body,563,0,True,83,Gratulor ex animo nobis qvod ab Hoſte reliqvit,gratulor ex animo nobis qvod ab hoſte reliqvit,gratulor ex animo nobis quod ab hoste reliquit
oa_jubilaeum_1640,body,564,0,True,83,Hanc ſartam tectam pro bonitate DEUS.,hanc ſartam tectam pro bonitate deus,hanc sartam tectam pro bonitate deus
oa_jubilaeum_1640,body,565,0,True,83,Ipſe JEHOVA velit ſtudium qvò ferveat uſu,ipſe jehova velit ſtudium qvò ferveat uſu,ipse iehoua uelit studium quo ferueat usu
oa_jubilaeum_1640,body,566,0,True,83,"Qvot tellus annos eſt habitura, precor.",qvot tellus annos eſt habitura precor,quot tellus annos est habitura precor
oa_jubilaeum_1640,body,567,0,True,83,"M. Gregorius Pütner, SS. Th. Stud.",m gregorius pütner ss th stud,m gregorius putner ss th stud
oa_jubilaeum_1640,body,568,0,True,83,"Annus 1640. Qvi est Typographis Lipſienſibus & VVitebergenſibus Jubilæus, ob inventæm Moguntiæ, ante 200. annos, divinam Artem Chalcographicam; Verſibus Arithmometricis incluſus, juxta Species Arithmeticæ.",annus qvi est typographis lipſienſibus & vvitebergenſibus jubilæus ob inventæm moguntiæ ante annos divinam artem chalcographicam verſibus arithmometricis incluſus juxta species arithmeticæ,annus qui est typographis lipsiensibus et uuitebergensibus iubilaeus ob inuentaem moguntiae ante annos diuinam artem chalcographicam uersibus arithmometricis inclusus iuxta species arithmeticae
oa_jubilaeum_1640,body,569,0,False,85,I. CALLIOPE per Additionem.,i calliope per additionem,i calliope per additionem
oa_jubilaeum_1640,body,569,1,False,85,"IVbILa ChaLCographI proDVnt noVa qVVr DIe hoC sVaVI,1440 qVotqVot VeL phILVra Vrbs sIbI, VeL VVItIberga reſerVat.200 II.1040 CLIO per Additionem & Subtractionem.",ivbila chalcographi prodvnt nova qvvr die hoc svavi qvotqvot vel philvra vrbs sibi vel vvitiberga reſervat ii clio per additionem & subtractionem,iubila chalcographi produnt noua quur die hoc suaui quotquot uel philura urbs sibi uel uuitiberga reseruat ii clio per additionem et subtractionem
oa_jubilaeum_1640,body,569,2,False,85,"NesCIsnè, qVæſo, CaLLIope?",nescisnè qvæſo calliope,nescisne quaeso calliope
oa_jubilaeum_1640,body,569,3,False,85,pla—308 prægnansqVe peLLIt CaVsa typographos;——211 LaVs neMpe ea eXCeLsI IehoVæ—1222 1741 Arte typographICâ repertâ.,pla prægnansqve pellit cavsa typographos lavs nempe ea excelsi iehovæ arte typographicâ repertâ,pla praegnansque pellit causa typographos laus nempe ea excelsi iehouae arte typographica reperta
oa_jubilaeum_1640,body,569,4,False,85,——101 III.1640 EUTERPE per Additionem & Multiplicationem.,iii euterpe per additionem & multiplicationem,iii euterpe per additionem et multiplicationem
oa_jubilaeum_1640,body,569,5,False,85,"CaVsa ſat prægnans, pIa ſat!",cavsa ſat prægnans pia ſat,causa sat praegnans pia sat
oa_jubilaeum_1640,body,569,6,False,85,"bone aVtor111 artIs Ignotæ prIVs, atqVe faVtor,18 Pòſt & hanC ſerVes In honore, Vt antè,111 240 qVæſo, benIgnè.6 1440 SerVo Ipſe, InsIgnI reſtItVoqVe ſtatV,—25 aIt & præſtabIt IöVa.8 200 IV.1440 THALIA.1640 per Additionem & Diviſionem.",bone avtor artis ignotæ privs atqve favtor pòſt & hanc ſerves in honore vt antè qvæſo benignè servo ipſe insigni reſtitvoqve ſtatv ait & præſtabit iöva iv thalia per additionem & diviſionem,bone autor artis ignotae prius atque fautor post et hanc serues in honore ut ante quaeso benigne seruo ipse insigni restituoque statu ait et praestabit ioua iu thalia per additionem et diuisionem
oa_jubilaeum_1640,body,569,7,False,85,"CeV LaVDabILIs ars: Ita aVtor hVIVs729 eſt LaVDabILIor: TypographorVM eX1622 QVô LaVDabILIter faCIt, pIéqVe,719 Gens, qVòD IVbILa IaM CeLebrat Ipſa,1714 non CaVsâ ſto MaChI CIbIs repLenDI,1859 SeD grates sVpero Deo LItanDI;1557 8200 InsIgnIs artIs gratIâ.5 3 8200 (1640. 5555 V. ERATO per Additionem & Regulam De-Tri.",cev lavdabilis ars ita avtor hvivs eſt lavdabilior typographorvm ex qvô lavdabiliter facit piéqve gens qvòd ivbila iam celebrat ipſa non cavsâ ſto machi cibis replendi sed grates svpero deo litandi insignis artis gratiâ v erato per additionem & regulam detri,ceu laudabilis ars ita autor huius est laudabilior typographorum ex quo laudabiliter facit pieque gens quod iubila iam celebrat ipsa non causa sto machi cibis replendi sed grates supero deo litandi insignis artis gratia u erato per additionem et regulam detri
oa_jubilaeum_1640,body,569,8,False,85,"Benè agVnt, plè agVnt; præeVntes16 reLIqVIs pIetate CorVsCâ—263 VIX InVenêre ſeqVentes;—27 InDe Is hoC LaVDIS & VsVs1168 1458 VenIt: hos foVet Ipſe IehoVa.18 16 — — 1458 — — 18 18 11664 145842 26244106 26244 (1640 16666 111 In Laudem DEI, & Commendationem Artis Chalcographicæ, Typographorúmꝗ Lipſienſium l. mꝗ faciebat Iſaacus Polmann, Neukircho-Variſcus, Bon. Art.",benè agvnt plè agvnt præevntes reliqvis pietate corvscâ vix invenêre ſeqventes inde is hoc lavdis & vsvs venit hos fovet ipſe iehova in laudem dei & commendationem artis chalcographicæ typographorúmꝗ lipſienſium l mꝗ faciebat iſaacus polmann neukirchovariſcus bon art,bene agunt ple agunt praeeuntes reliquis pietate corusca uix inuenere sequentes inde is hoc laudis et usus uenit hos fouet ipse iehoua in laudem dei et commendationem artis chalcographicae typographorum lipsiensium l m faciebat isaacus polmann neukirchouariscus bon art
oa_jubilaeum_1640,body,569,9,False,85,& SS. Theol. Stud.,& ss theol stud,et ss theol stud
oa_jubilaeum_1640,body,569,10,True,85,Typographiæ Cölerianæ p. t. Corrector.,typographiæ cölerianæ p t corrector,typographiae colerianae p t corrector
oa_jubilaeum_1640,body,570,0,True,85,CUſtos & auctor litterariæ rei,cuſtos & auctor litterariæ rei,custos et auctor litterariae rei
oa_jubilaeum_1640,body,571,0,True,85,"Rutschi, novam qvi das novem Sororibus",rutschi novam qvi das novem sororibus,rutschi nouam qui das nouem sororibus
oa_jubilaeum_1640,body,572,0,True,85,"Subindè vitam multiformibus typis,",subindè vitam multiformibus typis,subinde uitam multiformibus typis
oa_jubilaeum_1640,body,573,0,True,85,Præſtasqve Cadmi filias ſuperſtites;,præſtasqve cadmi filias ſuperſtites,praestasque cadmi filias superstites
oa_jubilaeum_1640,body,574,0,True,85,Tuqve ô caterva tota Lipfienſium,tuqve ô caterva tota lipfienſium,tuque o caterua tota lipfiensium
oa_jubilaeum_1640,body,575,0,True,85,"Typographorum, diligens Notaria",typographorum diligens notaria,typographorum diligens notaria
oa_jubilaeum_1640,body,576,0,True,85,Accepti & expenſi in tablino Palladis:,accepti & expenſi in tablino palladis,accepti et expensi in tablino palladis
oa_jubilaeum_1640,body,577,0,True,85,"Qvæ laus ſat ampla vos manebit ſingulos,",qvæ laus ſat ampla vos manebit ſingulos,quae laus sat ampla uos manebit singulos
oa_jubilaeum_1640,body,578,0,True,85,"Qvod præmium pro tot bonis laboribus,",qvod præmium pro tot bonis laboribus,quod praemium pro tot bonis laboribus
oa_jubilaeum_1640,body,579,0,True,85,"Qveîs promovetis ſummi honorem Numinis,",qveîs promovetis ſummi honorem numinis,queis promouetis summi honorem numinis
oa_jubilaeum_1640,body,580,0,True,85,Et ſcripta præſtantum Virorum publica?,et ſcripta præſtantum virorum publica,et scripta praestantum uirorum publica
oa_jubilaeum_1640,body,581,0,True,86,Nemo eruditos inter emori poteſt,nemo eruditos inter emori poteſt,nemo eruditos inter emori potest
oa_jubilaeum_1640,body,582,0,True,86,Hâc arte veſtrâ nuncupatus poſteris.,hâc arte veſtrâ nuncupatus poſteris,hac arte uestra nuncupatus posteris
oa_jubilaeum_1640,body,583,0,True,86,Per vos adhuc ſuper viri ſunt plurimi,per vos adhuc ſuper viri ſunt plurimi,per uos adhuc super uiri sunt plurimi
oa_jubilaeum_1640,body,584,0,True,86,"Hoc inclyti qvondam Lycéo Lipſico,",hoc inclyti qvondam lycéo lipſico,hoc inclyti quondam lyceo lipsico
oa_jubilaeum_1640,body,585,0,True,86,"Sophosqve docti qvà profanum qvà ſacrum,",sophosqve docti qvà profanum qvà ſacrum,sophosque docti qua profanum qua sacrum
oa_jubilaeum_1640,body,586,0,True,86,Qvos Atropos dudum ſepulchris condidit.,qvos atropos dudum ſepulchris condidit,quos atropos dudum sepulchris condidit
oa_jubilaeum_1640,body,587,0,True,86,Qvot Lipſidos famâ vagante conciti,qvot lipſidos famâ vagante conciti,quot lipsidos fama uagante conciti
oa_jubilaeum_1640,body,588,0,True,86,"Typographéa veſtra pulſant exteri,",typographéa veſtra pulſant exteri,typographea uestra pulsant exteri
oa_jubilaeum_1640,body,589,0,True,86,Et ſede in ipsâ Honoris inclareſcere,et ſede in ipsâ honoris inclareſcere,et sede in ipsa honoris inclarescere
oa_jubilaeum_1640,body,590,0,True,86,Volunt honore? Sed qvid exteros loqvor?,volunt honore sed qvid exteros loqvor,uolunt honore sed quid exteros loquor
oa_jubilaeum_1640,body,591,0,True,86,"Sunt heîc Viri, qvorum labores publicos",sunt heîc viri qvorum labores publicos,sunt heic uiri quorum labores publicos
oa_jubilaeum_1640,body,592,0,True,86,Æternitati conſecrat Veſter labos.,æternitati conſecrat veſter labos,aeternitati consecrat uester labos
oa_jubilaeum_1640,body,593,0,True,86,"Höpfnerus eſt uterqve, qvi duo emicant",höpfnerus eſt uterqve qvi duo emicant,hopfnerus est uterque qui duo emicant
oa_jubilaeum_1640,body,594,0,True,86,Ceu Phœbus ipſe inter minora ſidera;,ceu phœbus ipſe inter minora ſidera,ceu phoebus ipse inter minora sidera
oa_jubilaeum_1640,body,595,0,True,86,"Eſt Langius, Theologus exemplo gravis,",eſt langius theologus exemplo gravis,est langius theologus exemplo grauis
oa_jubilaeum_1640,body,596,0,True,86,"Urbisqve fax ſerena Finckelthusius,",urbisqve fax ſerena finckelthusius,urbisque fax serena finckelthusius
oa_jubilaeum_1640,body,597,0,True,86,Et alter Atlas ætheris Müllerides.,et alter atlas ætheris müllerides,et alter atlas aetheris mullerides
oa_jubilaeum_1640,body,598,0,True,86,"Sunt cætera Univerſitatis lumina,",sunt cætera univerſitatis lumina,sunt caetera uniuersitatis lumina
oa_jubilaeum_1640,body,599,0,True,86,Auguſta qvorum anguſta charta hæc non capit,auguſta qvorum anguſta charta hæc non capit,augusta quorum angusta charta haec non capit
oa_jubilaeum_1640,body,600,0,True,86,Præconia. Immò vosmet ipſi creſcitis,præconia immò vosmet ipſi creſcitis,praeconia immo uosmet ipsi crescitis
oa_jubilaeum_1640,body,601,0,True,86,"Rumore fauſto, qvando jam revolvitis",rumore fauſto qvando jam revolvitis,rumore fausto quando iam reuoluitis
oa_jubilaeum_1640,body,602,0,True,86,"Tempus biſeclum, qvo ſuas origines",tempus biſeclum qvo ſuas origines,tempus biseclum quo suas origines
oa_jubilaeum_1640,body,603,0,True,86,Ars veſtra duxit. Ars cedro ſublimior.,ars veſtra duxit ars cedro ſublimior,ars uestra duxit ars cedro sublimior
oa_jubilaeum_1640,body,604,0,True,86,"Qvare ferendos vos trecentis laudibus,",qvare ferendos vos trecentis laudibus,quare ferendos uos trecentis laudibus
oa_jubilaeum_1640,body,605,0,True,86,Et munerandos liberali præmio,et munerandos liberali præmio,et munerandos liberali praemio
oa_jubilaeum_1640,body,606,0,True,86,"Jehovâ ab ipſo, jure qvi ſummo cluet",jehovâ ab ipſo jure qvi ſummo cluet,iehoua ab ipso iure qui summo cluet
oa_jubilaeum_1640,body,607,0,True,86,Author datórqve primus hujus muneris.,author datórqve primus hujus muneris,author datorque primus huius muneris
oa_jubilaeum_1640,body,608,0,True,86,"Vos ille ſervet, ac honorem Muſices",vos ille ſervet ac honorem muſices,uos ille seruet ac honorem musices
oa_jubilaeum_1640,body,609,0,True,86,Contra maligni triſtitatem temporis,contra maligni triſtitatem temporis,contra maligni tristitatem temporis
oa_jubilaeum_1640,body,610,0,True,86,Defendat! ille vos bonis qvàm plurimsi,defendat ille vos bonis qvàm plurimsi,defendat ille uos bonis quam plurimsi
oa_jubilaeum_1640,body,611,0,True,86,"Mactet ſupernè, ut arte tàm laudabili",mactet ſupernè ut arte tàm laudabili,mactet superne ut arte tam laudabili
oa_jubilaeum_1640,body,612,0,True,86,Veſtri nepotes ipſius laudes qvoqve,veſtri nepotes ipſius laudes qvoqve,uestri nepotes ipsius laudes quoque
oa_jubilaeum_1640,body,613,0,True,86,"Augere poſſint, atqve Muſarum decus.",augere poſſint atqve muſarum decus,augere possint atque musarum decus
oa_jubilaeum_1640,body,614,0,True,86,"Sic ominor, ſic & Jehovæ ſupplico.",sic ominor ſic & jehovæ ſupplico,sic ominor sic et iehouae supplico
oa_jubilaeum_1640,body,615,0,True,86,"Seros in annos vivite ô Chalcographi,",seros in annos vivite ô chalcographi,seros in annos uiuite o chalcographi
oa_jubilaeum_1640,body,616,0,True,86,"Per qvos datur vitam celebrem vivere,",per qvos datur vitam celebrem vivere,per quos datur uitam celebrem uiuere
oa_jubilaeum_1640,body,617,0,True,86,Et mortuum carere morte. Vivite!,et mortuum carere morte vivite,et mortuum carere morte uiuite
oa_jubilaeum_1640,body,618,0,False,86,Votivæ acclamationis ergò apponeb.,votivæ acclamationis ergò apponeb,uotiuae acclamationis ergo apponeb
oa_jubilaeum_1640,body,618,1,True,86,"Godofredus Reis, SS. Theol. Stud.",godofredus reis ss theol stud,godofredus reis ss theol stud
oa_jubilaeum_1640,body,619,0,False,87,Sonderbare Teutſche Jubel-Gedichte Noch etzlicher vornehmer Teutſchen/ Vber das vortreffliche Juweel Teutſches Landes/ Der Edlen vnd Hoͤchſtnutzbaren Buch-Druckerey: Zu Danck-frewdigem Wieder-Gedaͤchtnuͤß Selbiger jetzo vor 200. Jahren/ in Germanien/ allererſt ſpannew-erfundenen; mit Keyſerl.,sonderbare teutſche jubelgedichte noch etzlicher vornehmer teutſchen vber das vortreffliche juweel teutſches landes der edlen vnd hoͤchſtnutzbaren buchdruckerey zu danckfrewdigem wiedergedaͤchtnuͤß selbiger jetzo vor jahren in germanien allererſt ſpannewerfundenen mit keyſerl,sonderbare teutsche iubelgedichte noch etzlicher uornehmer teutschen uber das uortreffliche iuweel teutsches landes der edlen und hochstnutzbaren buchdruckerey zu danckfrewdigem wiedergedachtnuss selbiger ietzo uor iahren in germanien allererst spannewerfundenen mit keyserl
oa_jubilaeum_1640,body,619,1,True,87,Briefen aller-gnaͤdigſt befreyet- vnd bekroͤnten; vnd nun in vnſern vnd allen Landen vnd Koͤnigreichen je mehr vnd mehr außgewirckten/ vnd zu vnaußſprechlichem Heyl vnd Frommen der gantzen werthen Chriſtenheit herꝛlich außgebreiteten Kunſt: Beſonders vnd namhafft/ Erſt vnd vor allen Dingen Dem allein-weiſen/ aller-guͤtigſt- vnd gutthaͤtigſten/ auch Teutſchlande aller-meiſt-mild-reichſt-erzeigeten Kunſt-Beſcherer/ vnd Ernehrer; Beſchuͤtzer vnd Erhalter: Denn vnd zu naͤchſt Denen von GOtt/ in vnſerm Teutſchen Vaterlande darzu beſonders-erweckt- vnd erleuchteten Erſten Buchdruck-Erfindern vnd Anfaͤngern: Bevoraus allen jhren von GOtt jhnen vnd vns dazu beſchert-erleucht- vnd durchlaͤuchtigen/ aller-gnaͤdigſt-gnaͤdigſt- vnd gnaͤdig-erweiſeten Schutz- vnd Lehn-Herren: Geiſt-Schrifft- vnd Gottes-gelehrten Buch Dichtern vnd Schreibe-Feder-Verwandten: Gut- vnd wolthaͤtigen Verlegern/ Buch-Fuͤhrern/ vnd Befoͤrderern/ ꝛc. Vnd denn auch endlich/ allen denen trewen Nachfolgern vnd fleiſſigen Fortſetzern derſelben/ ja jedwedern dieſer Kunſt- vnd Gunſt Zugethanen; Vaͤtern vnd Soͤhnen; Printzen vnd Geſellen; Gieſſern vnd Stechern; Setzern vnd Druckern; Gewercken vnd Mitgebuͤlffen/ ꝛc. Zu danck-ſchuldigen vnd immer- vnd ewig-vnſterblichen Ehren anjetzo ſo zuſammen gebracht/ vnd mehrentheils zum andernmal in Druck gegeben Zu Leipzig im andern Buchdrucker-Jubel-Jahre ∞ I c XL.,briefen allergnaͤdigſt befreyet vnd bekroͤnten vnd nun in vnſern vnd allen landen vnd koͤnigreichen je mehr vnd mehr außgewirckten vnd zu vnaußſprechlichem heyl vnd frommen der gantzen werthen chriſtenheit herꝛlich außgebreiteten kunſt beſonders vnd namhafft erſt vnd vor allen dingen dem alleinweiſen allerguͤtigſt vnd gutthaͤtigſten auch teutſchlande allermeiſtmildreichſterzeigeten kunſtbeſcherer vnd ernehrer beſchuͤtzer vnd erhalter denn vnd zu naͤchſt denen von gott in vnſerm teutſchen vaterlande darzu beſonderserweckt vnd erleuchteten erſten buchdruckerfindern vnd anfaͤngern bevoraus allen jhren von gott jhnen vnd vns dazu beſcherterleucht vnd durchlaͤuchtigen allergnaͤdigſtgnaͤdigſt vnd gnaͤdigerweiſeten schutz vnd lehnherren geiſtschrifft vnd gottesgelehrten buch dichtern vnd schreibefederverwandten gut vnd wolthaͤtigen verlegern buchfuͤhrern vnd befoͤrderern ꝛc vnd denn auch endlich allen denen trewen nachfolgern vnd fleiſſigen fortſetzern derſelben ja jedwedern dieſer kunſt vnd gunſt zugethanen vaͤtern vnd soͤhnen printzen vnd geſellen gieſſern vnd stechern setzern vnd druckern gewercken vnd mitgebuͤlffen ꝛc zu danckſchuldigen vnd immer vnd ewigvnſterblichen ehren anjetzo ſo zuſammen gebracht vnd mehrentheils zum andernmal in druck gegeben zu leipzig im andern buchdruckerjubeljahre i c xl,briefen allergnadigst befreyet und bekronten und nun in unsern und allen landen und konigreichen ie mehr und mehr aussgewirckten und zu unausssprechlichem heyl und frommen der gantzen werthen christenheit herlich aussgebreiteten kunst besonders und namhafft erst und uor allen dingen dem alleinweisen allergutigst und gutthatigsten auch teutschlande allermeistmildreichsterzeigeten kunstbescherer und ernehrer beschutzer und erhalter denn und zu nachst denen uon gott in unserm teutschen uaterlande darzu besonderserweckt und erleuchteten ersten buchdruckerfindern und anfangern beuoraus allen ihren uon gott ihnen und uns dazu bescherterleucht und durchlauchtigen allergnadigstgnadigst und gnadigerweiseten schutz und lehnherren geistschrifft und gottesgelehrten buch dichtern und schreibefederuerwandten gut und wolthatigen uerlegern buchfuhrern und beforderern c und denn auch endlich allen denen trewen nachfolgern und fleissigen fortsetzern derselben ia iedwedern dieser kunst und gunst zugethanen uatern und sohnen printzen und gesellen giessern und stechern setzern und druckern gewercken und mitgebulffen c zu danckschuldigen und immer und ewigunsterblichen ehren anietzo so zusammen gebracht und mehrentheils zum andernmal in druck gegeben zu leipzig im andern buchdruckeriubeliahre i c xl
oa_jubilaeum_1640,body,620,0,True,88,"Seriùs transmiſſum; & propterca inter Latina omiſſum, atꝗ huc neceſſariò remiſſum.",seriùs transmiſſum & propterca inter latina omiſſum atꝗ huc neceſſariò remiſſum,serius transmissum et propterca inter latina omissum at huc necessario remissum
oa_jubilaeum_1640,body,621,0,True,88,"DE ſine Dædaleas, Homo, demirarier alas,",de ſine dædaleas homo demirarier alas,de sine daedaleas homo demirarier alas
oa_jubilaeum_1640,body,622,0,True,88,Qveis per ſtelliferas auſus abire plagas:,qveis per ſtelliferas auſus abire plagas,queis per stelliferas ausus abire plagas
oa_jubilaeum_1640,body,623,0,True,88,Ecce ſtupenda magis bene-fauſti dextera Fauſti,ecce ſtupenda magis benefauſti dextera fauſti,ecce stupenda magis benefausti dextera fausti
oa_jubilaeum_1640,body,624,0,True,88,Profort & toto vulgat in orbe ſoli:,profort & toto vulgat in orbe ſoli,profort et toto uulgat in orbe soli
oa_jubilaeum_1640,body,625,0,True,88,"Scilicet annoſis pulcrùm docet edere prælis,",scilicet annoſis pulcrùm docet edere prælis,scilicet annosis pulcrum docet edere praelis
oa_jubilaeum_1640,body,626,0,True,88,Et parere egregios ære loqvace libros.,et parere egregios ære loqvace libros,et parere egregios aere loquace libros
oa_jubilaeum_1640,body,627,0,True,88,"O mirum inventum! Qvo non est mirius ullum,",o mirum inventum qvo non est mirius ullum,o mirum inuentum quo non est mirius ullum
oa_jubilaeum_1640,body,628,0,True,88,Qvod noſtri hæc mundiſera ſenecta videt!,qvod noſtri hæc mundiſera ſenecta videt,quod nostri haec mundisera senecta uidet
oa_jubilaeum_1640,body,629,0,True,88,"O Dium inventum! Sine qvo ſi forte fuiſſet,",o dium inventum sine qvo ſi forte fuiſſet,o dium inuentum sine quo si forte fuisset
oa_jubilaeum_1640,body,630,0,True,88,Peſſum cum Muſis iſſet Apollo ſuis!,peſſum cum muſis iſſet apollo ſuis,pessum cum musis isset apollo suis
oa_jubilaeum_1640,body,631,0,True,88,"Hujus enim officiotot-tanta volumina proſtant,",hujus enim officiotottanta volumina proſtant,huius enim officiotottanta uolumina prostant
oa_jubilaeum_1640,body,632,0,True,88,Ut qvemvis minimum Bibliotheca beet:,ut qvemvis minimum bibliotheca beet,ut quemuis minimum bibliotheca beet
oa_jubilaeum_1640,body,633,0,True,88,"Hujus & officio ſine cerâ, qvisꝗ celebris",hujus & officio ſine cerâ qvisꝗ celebris,huius et officio sine cera quis celebris
oa_jubilaeum_1640,body,634,0,True,88,Doctus in Eois Heſperiisꝗ plagis!,doctus in eois heſperiisꝗ plagis,doctus in eois hesperiis plagis
oa_jubilaeum_1640,body,635,0,True,88,"Hinc meritò hanc artem fluidis præponimus alis,",hinc meritò hanc artem fluidis præponimus alis,hinc merito hanc artem fluidis praeponimus alis
oa_jubilaeum_1640,body,636,0,True,88,Et qvisꝗ alternâ talia voce vocet:,et qvisꝗ alternâ talia voce vocet,et quis alterna talia uoce uocet
oa_jubilaeum_1640,body,637,0,True,88,"Eſto diu! atq; bonis, Ars impreſſoria fatis,",eſto diu atq bonis ars impreſſoria fatis,esto diu atq bonis ars impressoria fatis
oa_jubilaeum_1640,body,638,0,True,88,Utere! non noceat noxa inimica Tibi!,utere non noceat noxa inimica tibi,utere non noceat noxa inimica tibi
oa_jubilaeum_1640,body,639,0,True,88,Creſcediu! tecumq; diu Tibi-deditus-Arti,creſcediu tecumq diu tibideditusarti,crescediu tecumq diu tibideditusarti
oa_jubilaeum_1640,body,640,0,True,88,"Creſcat, & augmentum ſumat adusq; novum!",creſcat & augmentum ſumat adusq novum,crescat et augmentum sumat adusq nouum
oa_jubilaeum_1640,body,641,0,False,88,Jeremias Weber/ SS. Theol. Licent.,jeremias weber ss theol licent,ieremias weber ss theol licent
oa_jubilaeum_1640,body,641,1,False,88,& ad S. Nicol.,& ad s nicol,et ad s nicol
oa_jubilaeum_1640,item,641,2,True,88,Archi Diac.,archi diac,archi diac
oa_jubilaeum_1640,body,642,0,False,89,WJewohl es ohne Noth vnd muͤhwuͤrdigen Danck vorgenommen zu ſeyn mannichen beduͤncken moͤchte/ daferne man einerley ſo offte widerkaͤwen/ vnd zwar ſo gar verdrießlich/ daß auch einem ſtarcken Magen grawen duͤrffte/ immer wider auffkochen vnd vorſetzen wolte; Zumal auch deſſen [was ich vor zwey Jahren allhier oͤffentlich vor der gantzen Vniverſitaͤt von der Buchdruckerey ſermociniret/ vnd vor dem angeſtelleten Schrifftgieß-Setz- vnd Drucker Johannis-Feſt allbereit ans Tageliecht vor die gantze Welt Lateiniſch heraus gelaſſen] ſich jhrer vnterſchiedliche vor ſich hernach bedienet/ vnd denen Leyen zu gefallen verteutſchet haben.,wjewohl es ohne noth vnd muͤhwuͤrdigen danck vorgenommen zu ſeyn mannichen beduͤncken moͤchte daferne man einerley ſo offte widerkaͤwen vnd zwar ſo gar verdrießlich daß auch einem ſtarcken magen grawen duͤrffte immer wider auffkochen vnd vorſetzen wolte zumal auch deſſen was ich vor zwey jahren allhier oͤffentlich vor der gantzen vniverſitaͤt von der buchdruckerey ſermociniret vnd vor dem angeſtelleten schrifftgießsetz vnd drucker johannisfeſt allbereit ans tageliecht vor die gantze welt lateiniſch heraus gelaſſen ſich jhrer vnterſchiedliche vor ſich hernach bedienet vnd denen leyen zu gefallen verteutſchet haben,wiewohl es ohne noth und muhwurdigen danck uorgenommen zu seyn mannichen beduncken mochte daferne man einerley so offte widerkawen und zwar so gar uerdriesslich dass auch einem starcken magen grawen durffte immer wider auffkochen und uorsetzen wolte zumal auch dessen was ich uor zwey iahren allhier offentlich uor der gantzen uniuersitat uon der buchdruckerey sermociniret und uor dem angestelleten schrifftgiesssetz und drucker iohannisfest allbereit ans tageliecht uor die gantze welt lateinisch heraus gelassen sich ihrer unterschiedliche uor sich hernach bedienet und denen leyen zu gefallen uerteutschet haben
oa_jubilaeum_1640,body,642,1,False,89,Daß wol faſt kein lobwuͤrdiger Author mehr von andern hiebey gebracht/ den ich nicht vorhero (zwar ohne Ruhm/ den ſelbige durch jhre diſſimulation affectiret/ zugedencken) auffgeſchlagen/ vnd daſelbſten angefuͤhret/ auch gleichſam mit Fingern darauff gezeiget hette.,daß wol faſt kein lobwuͤrdiger author mehr von andern hiebey gebracht den ich nicht vorhero zwar ohne ruhm den ſelbige durch jhre diſſimulation affectiret zugedencken auffgeſchlagen vnd daſelbſten angefuͤhret auch gleichſam mit fingern darauff gezeiget hette,dass wol fast kein lobwurdiger author mehr uon andern hiebey gebracht den ich nicht uorhero zwar ohne ruhm den selbige durch ihre dissimulation affectiret zugedencken auffgeschlagen und daselbsten angefuhret auch gleichsam mit fingern darauff gezeiget hette
oa_jubilaeum_1640,body,642,2,True,89,Dannoch aber vnd dieweil nachmals nicht alleine aus H. Schragens Straßburgiſchen Buchdrucker-Berichte/ ſondern auch aus denen hieſigen vorhero gedruckten Bogen eine etzlicher maſſen vngleiche vnd nicht uͤberal zuſammen eintreffende/ ſondern uͤmb etwas wieder einander zu lauffen ſcheinende Relation zuverſpuͤren ware; Als habe ſolche allerſeits zu conciliiren vnd zuſammen einzuſtimmen ich mich bemuͤhen wollen/ verhoffende ſolches niemande zuentgegen/ ſondern weil es der Warheit zu Stewer geſchicht/ maͤnniglichen lieb vnd genehm fallen ſolle.,dannoch aber vnd dieweil nachmals nicht alleine aus h schragens straßburgiſchen buchdruckerberichte ſondern auch aus denen hieſigen vorhero gedruckten bogen eine etzlicher maſſen vngleiche vnd nicht uͤberal zuſammen eintreffende ſondern uͤmb etwas wieder einander zu lauffen ſcheinende relation zuverſpuͤren ware als habe ſolche allerſeits zu conciliiren vnd zuſammen einzuſtimmen ich mich bemuͤhen wollen verhoffende ſolches niemande zuentgegen ſondern weil es der warheit zu stewer geſchicht maͤnniglichen lieb vnd genehm fallen ſolle,dannoch aber und dieweil nachmals nicht alleine aus h schragens strassburgischen buchdruckerberichte sondern auch aus denen hiesigen uorhero gedruckten bogen eine etzlicher massen ungleiche und nicht uberal zusammen eintreffende sondern umb etwas wieder einander zu lauffen scheinende relation zuuerspuren ware als habe solche allerseits zu conciliiren und zusammen einzustimmen ich mich bemuhen wollen uerhoffende solches niemande zuentgegen sondern weil es der warheit zu stewer geschicht manniglichen lieb und genehm fallen solle
oa_jubilaeum_1640,body,643,0,True,89,Gleich wie nun alle hierinne einhelliges Schluſſes ſeynd/ dieſe Edle Kunſt ſey eine beſondere vnd nim̃ermehr gnug belobte Gabe des Allerhoͤchſten/ dem alleine vor ſolche Offenbarunge/ vnd daß dardurch in denen letzten Tagen hell-auffgegangenes Evangeliſches Liecht/ ewig Lob/ Preiß vnd Danck gebuͤhre: Alſo ſeynd ſie in Zeit/ Ort vnd Stelle/ wann vnd wo dieſe Kunſt anfangs herfuͤr geblicket/ noch auch in denen allererſten Vhrhebern/ Erfindern vnd Anfaͤngern/ nicht alle gleichlautend.,gleich wie nun alle hierinne einhelliges schluſſes ſeynd dieſe edle kunſt ſey eine beſondere vnd nim̃ermehr gnug belobte gabe des allerhoͤchſten dem alleine vor ſolche offenbarunge vnd daß dardurch in denen letzten tagen hellauffgegangenes evangeliſches liecht ewig lob preiß vnd danck gebuͤhre alſo ſeynd ſie in zeit ort vnd stelle wann vnd wo dieſe kunſt anfangs herfuͤr geblicket noch auch in denen allererſten vhrhebern erfindern vnd anfaͤngern nicht alle gleichlautend,gleich wie nun alle hierinne einhelliges schlusses seynd diese edle kunst sey eine besondere und nimmermehr gnug belobte gabe des allerhochsten dem alleine uor solche offenbarunge und dass dardurch in denen letzten tagen hellauffgegangenes euangelisches liecht ewig lob preiss und danck gebuhre also seynd sie in zeit ort und stelle wann und wo diese kunst anfangs herfur geblicket noch auch in denen allerersten uhrhebern erfindern und anfangern nicht alle gleichlautend
oa_jubilaeum_1640,body,644,0,False,90,Jn deme zufoͤrderſt etzliche denen Teutſchen weder mit Mund vnd Zungen/ noch mit Hertzen oder Freundſchafft zugethane Wahlen/ Spanier vnd Portugieſen/ nur aus Neid gegen vnſere L. Nation/ als die jhnen die Roͤmiſche Monarchie vnd ſonſten in andern Sachen abgewonnen/ lieber denen Barbaren in China/ die ſie beherrſchen/ ſolche Buchdrucks Erfindung vor vielen hundert Jahren zudichten/ als vns Teutſchen goͤnnen wollen.,jn deme zufoͤrderſt etzliche denen teutſchen weder mit mund vnd zungen noch mit hertzen oder freundſchafft zugethane wahlen spanier vnd portugieſen nur aus neid gegen vnſere l nation als die jhnen die roͤmiſche monarchie vnd ſonſten in andern sachen abgewonnen lieber denen barbaren in china die ſie beherrſchen ſolche buchdrucks erfindung vor vielen hundert jahren zudichten als vns teutſchen goͤnnen wollen,in deme zuforderst etzliche denen teutschen weder mit mund und zungen noch mit hertzen oder freundschafft zugethane wahlen spanier und portugiesen nur aus neid gegen unsere l nation als die ihnen die romische monarchie und sonsten in andern sachen abgewonnen lieber denen barbaren in china die sie beherrschen solche buchdrucks erfindung uor uielen hundert iahren zudichten als uns teutschen gonnen wollen
oa_jubilaeum_1640,body,644,1,True,90,Deren Siglæ vnd Form-druckeriſches Eiſen-vnd Pfeffer-Kuchen-Gebacke/ wie auch das Harlemiſche geweſen/ von dem hielaͤndiſchen eintzelẽ Schrifft-ſetzen ferne genug entlegen vnd vnterſchieden iſt.,deren siglæ vnd formdruckeriſches eiſenvnd pfefferkuchengebacke wie auch das harlemiſche geweſen von dem hielaͤndiſchen eintzelẽ schrifftſetzen ferne genug entlegen vnd vnterſchieden iſt,deren siglae und formdruckerisches eisenund pfefferkuchengebacke wie auch das harlemische gewesen uon dem hielandischen eintzelen schrifftsetzen ferne genug entlegen und unterschieden ist
oa_jubilaeum_1640,body,645,0,False,90,Andere/ ob ſie es gleich denen Europæiſchen Voͤlckern/ vnd vnter ſelbigen denen Teutſchen nicht zuentziehen vermoͤgen/ ſo ſchreibets doch einer dieſem/ jener einem andern/ mehrentheils aus vnvollkommener Erfahrunge/ vnd nur von hoͤren ſagen zu; Darunter jhrer viel hieruͤber ſehr paſſioniret/ vnd parteyiſch ſeynd/ ſo jhrem eigenen Volcke vnd Vaterlande ruhmredtiger weiſe eintzig vnd alleine ſolches Proͤb-vñ Loͤblein anmaſſen vnd beymeſſen duͤrffen.,andere ob ſie es gleich denen europæiſchen voͤlckern vnd vnter ſelbigen denen teutſchen nicht zuentziehen vermoͤgen ſo ſchreibets doch einer dieſem jener einem andern mehrentheils aus vnvollkommener erfahrunge vnd nur von hoͤren ſagen zu darunter jhrer viel hieruͤber ſehr paſſioniret vnd parteyiſch ſeynd ſo jhrem eigenen volcke vnd vaterlande ruhmredtiger weiſe eintzig vnd alleine ſolches proͤbvñ loͤblein anmaſſen vnd beymeſſen duͤrffen,andere ob sie es gleich denen europaeischen uolckern und unter selbigen denen teutschen nicht zuentziehen uermogen so schreibets doch einer diesem iener einem andern mehrentheils aus unuollkommener erfahrunge und nur uon horen sagen zu darunter ihrer uiel hieruber sehr passioniret und parteyisch seynd so ihrem eigenen uolcke und uaterlande ruhmredtiger weise eintzig und alleine solches probunn loblein anmassen und beymessen durffen
oa_jubilaeum_1640,body,645,1,False,90,Dannenhero es gekommen/ daß ſo groſſer Zwieſpalt der Meynungen bey denen Geſchicht- vnd Kunſt-Schreibern in denen Staͤdten vnd Namen bloß deroſelbigen Teutſchen zubefinden.,dannenhero es gekommen daß ſo groſſer zwieſpalt der meynungen bey denen geſchicht vnd kunſtschreibern in denen staͤdten vnd namen bloß deroſelbigen teutſchen zubefinden,dannenhero es gekommen dass so grosser zwiespalt der meynungen bey denen geschicht und kunstschreibern in denen stadten und namen bloss deroselbigen teutschen zubefinden
oa_jubilaeum_1640,body,645,2,False,90,Dardurch viel jrre werden/ daß ſie bald nicht wiſſen/ wem ſie beyfallen/ oder was ſie glauben vnd heraus klauben ſollen.,dardurch viel jrre werden daß ſie bald nicht wiſſen wem ſie beyfallen oder was ſie glauben vnd heraus klauben ſollen,dardurch uiel irre werden dass sie bald nicht wissen wem sie beyfallen oder was sie glauben und heraus klauben sollen
oa_jubilaeum_1640,body,645,3,False,90,Alldieweil einer zu Harlem/ der ander zu Meyntz/ der dritte zu Straßburg/ ſolche thewre Kunſt-Erfindung will entweder von Lorentz Janſen Kuͤſtern/ oder Johañ Fauſten/ ſampt Peter Schoͤiffern/ oder ja doch von Johann Guttenbergen erſt ausgebruͤtet haben.,alldieweil einer zu harlem der ander zu meyntz der dritte zu straßburg ſolche thewre kunſterfindung will entweder von lorentz janſen kuͤſtern oder johañ fauſten ſampt peter schoͤiffern oder ja doch von johann guttenbergen erſt ausgebruͤtet haben,alldieweil einer zu harlem der ander zu meyntz der dritte zu strassburg solche thewre kunsterfindung will entweder uon lorentz iansen kustern oder iohann fausten sampt peter schoiffern oder ia doch uon iohann guttenbergen erst ausgebrutet haben
oa_jubilaeum_1640,body,645,4,False,91,Biß zu letzt auch dem Johann Mentelin vnd Johann Genſefleiſchen anjetzo ſolches begonnen zugeeignet zu werden.,biß zu letzt auch dem johann mentelin vnd johann genſefleiſchen anjetzo ſolches begonnen zugeeignet zu werden,biss zu letzt auch dem iohann mentelin und iohann gensefleischen anietzo solches begonnen zugeeignet zu werden
oa_jubilaeum_1640,body,645,5,False,91,Jngleichen werden vnterſchiedliche Teutſchen vorſtellig gemacht/ die allein zu Rom in Welſchland die Buchdruckerey uͤmb ſelbige Zeit ſollen herfuͤr gebracht haben.,jngleichen werden vnterſchiedliche teutſchen vorſtellig gemacht die allein zu rom in welſchland die buchdruckerey uͤmb ſelbige zeit ſollen herfuͤr gebracht haben,ingleichen werden unterschiedliche teutschen uorstellig gemacht die allein zu rom in welschland die buchdruckerey umb selbige zeit sollen herfur gebracht haben
oa_jubilaeum_1640,body,645,6,False,91,"Der nennet den Vlrich Han/ jener heiſt jhn Gallum, der dritte macht gar einen Frantzoſen aus jhm.",der nennet den vlrich han jener heiſt jhn gallum der dritte macht gar einen frantzoſen aus jhm,der nennet den ulrich han iener heist ihn gallum der dritte macht gar einen frantzosen aus ihm
oa_jubilaeum_1640,body,645,7,False,91,"Wiederumb ſchwatzt dieſer von Johann Laudebachen/ gleich wie auch von ſich ſelbſten Arnold Pannartz/ vnd dann jhrer viel von einem Teutſchen Curt, den denn einer Corrado ſchlecht weg/ der ander Tedesco, oder Aleman, auch wol Conrad German, vnd endlich mit dem Zu Namen Conrad Schweinheim getauffet.",wiederumb ſchwatzt dieſer von johann laudebachen gleich wie auch von ſich ſelbſten arnold pannartz vnd dann jhrer viel von einem teutſchen curt den denn einer corrado ſchlecht weg der ander tedesco oder aleman auch wol conrad german vnd endlich mit dem zu namen conrad schweinheim getauffet,wiederumb schwatzt dieser uon iohann laudebachen gleich wie auch uon sich selbsten arnold pannartz und dann ihrer uiel uon einem teutschen curt den denn einer corrado schlecht weg der ander tedesco oder aleman auch wol conrad german und endlich mit dem zu namen conrad schweinheim getauffet
oa_jubilaeum_1640,body,645,8,True,91,"Maſſen von ſolchen beyden letzeren ein ſolch Carmen hinten an die Opera Philoſophica Ciceronis, die ſelbige zu Rom Anno 1471. d. 20. Septembr. verfertiget/ hinzu gedruckt worden:",maſſen von ſolchen beyden letzeren ein ſolch carmen hinten an die opera philoſophica ciceronis die ſelbige zu rom anno d septembr verfertiget hinzu gedruckt worden,massen uon solchen beyden letzeren ein solch carmen hinten an die opera philosophica ciceronis die selbige zu rom anno d septembr uerfertiget hinzu gedruckt worden
oa_jubilaeum_1640,body,646,0,True,91,"Aſpicis Illuſtris Lector qvicunqve Libellos,",aſpicis illuſtris lector qvicunqve libellos,aspicis illustris lector quicunque libellos
oa_jubilaeum_1640,body,647,0,True,91,"Si cupis artificum nomina noſſe, lege.",si cupis artificum nomina noſſe lege,si cupis artificum nomina nosse lege
oa_jubilaeum_1640,body,648,0,True,91,"Aſpera ridebis cognomina Teutona forſan,",aſpera ridebis cognomina teutona forſan,aspera ridebis cognomina teutona forsan
oa_jubilaeum_1640,body,649,0,True,91,Mitiget ars Muſis neſcia verba virûm.,mitiget ars muſis neſcia verba virûm,mitiget ars musis nescia uerba uirum
oa_jubilaeum_1640,body,650,0,True,91,"Conradus Sweynheim, Arnoldus Pannartzq;",conradus sweynheim arnoldus pannartzq,conradus sweynheim arnoldus pannartzq
oa_jubilaeum_1640,body,651,0,True,91,Romæ impreſſerunt talia multa ſimul.,romæ impreſſerunt talia multa ſimul,romae impresserunt talia multa simul
oa_jubilaeum_1640,item,652,0,True,91,(Magiſtri,magiſtri,magistri
oa_jubilaeum_1640,body,653,0,True,91,"Petrus cum fratre Franciſco, Maximus ambo",petrus cum fratre franciſco maximus ambo,petrus cum fratre francisco maximus ambo
oa_jubilaeum_1640,body,654,0,True,91,Huîc operi optatam contribuêre domum.,huîc operi optatam contribuêre domum,huic operi optatam contribuere domum
oa_jubilaeum_1640,body,655,0,True,91,Hieraus aber vnd aus obigen allen zu kommen/ wollen wir etzliche Vnter- vnd Ent-ſcheidungs-Schluͤſſe nach einander ſetzen/ daraus ein jedweder ſeine Folgerungen leichte wird hernach machen/ vnd ſich aus dem Jrregange wol ſelbſten helffen koͤnnen.,hieraus aber vnd aus obigen allen zu kommen wollen wir etzliche vnter vnd entſcheidungsschluͤſſe nach einander ſetzen daraus ein jedweder ſeine folgerungen leichte wird hernach machen vnd ſich aus dem jrregange wol ſelbſten helffen koͤnnen,hieraus aber und aus obigen allen zu kommen wollen wir etzliche unter und entscheidungsschlusse nach einander setzen daraus ein iedweder seine folgerungen leichte wird hernach machen und sich aus dem irregange wol selbsten helffen konnen
oa_jubilaeum_1640,body,656,0,True,92,I. Jſt ein groſſer Vnterſcheid zwiſchen der Fragen/ Wo die erſten Buch-Drucker her geweſen; vnd zwiſchen der: Wo eigentlich die erſte Erfindung geſchehen vnd zu Wercke gerichtet ſey? Des H. Reichs-Stadt Straßburg iſts kein geringer Ruhm/ daß nicht allein Johann von Guttenberg vnter denen erſten Druck-Erfindern dannenhero buͤrtig/ ſondern auch jhre Stadt-Kinder vnd Landsleute Vlrich Han/ Sixtus Ruſſinger vnd Johann Mentelin die erſten Buchdrucker zu Rom/ Neapolis/ vnd ſelbſten zu Straßburg geweſen: Vnd kan ſie jhrer gleichbeſtroͤmeten Rhein-Schweſter/ der alten Churfuͤrſtlichen Reſidentz-Stadt Mentz/ ja auch jhre andere Erſtligkeit/ vnd rechte prioritet wegen jhrer Kinder/ als Johañ Genſefleiſch/ vnd Buͤrger/ als Johañ Fauſt/ Guttenberg vnd Peter Schoͤiffern/ durch welche dieſe Kunſt daſelbſten theils erfunden/ theils vollfuͤhret/ vnd erſt ans Tageliecht geſand worden/ wol goͤnnen.,i jſt ein groſſer vnterſcheid zwiſchen der fragen wo die erſten buchdrucker her geweſen vnd zwiſchen der wo eigentlich die erſte erfindung geſchehen vnd zu wercke gerichtet ſey des h reichsstadt straßburg iſts kein geringer ruhm daß nicht allein johann von guttenberg vnter denen erſten druckerfindern dannenhero buͤrtig ſondern auch jhre stadtkinder vnd landsleute vlrich han sixtus ruſſinger vnd johann mentelin die erſten buchdrucker zu rom neapolis vnd ſelbſten zu straßburg geweſen vnd kan ſie jhrer gleichbeſtroͤmeten rheinschweſter der alten churfuͤrſtlichen reſidentzstadt mentz ja auch jhre andere erſtligkeit vnd rechte prioritet wegen jhrer kinder als johañ genſefleiſch vnd buͤrger als johañ fauſt guttenberg vnd peter schoͤiffern durch welche dieſe kunſt daſelbſten theils erfunden theils vollfuͤhret vnd erſt ans tageliecht geſand worden wol goͤnnen,i ist ein grosser unterscheid zwischen der fragen wo die ersten buchdrucker her gewesen und zwischen der wo eigentlich die erste erfindung geschehen und zu wercke gerichtet sey des h reichsstadt strassburg ists kein geringer ruhm dass nicht allein iohann uon guttenberg unter denen ersten druckerfindern dannenhero burtig sondern auch ihre stadtkinder und landsleute ulrich han sixtus russinger und iohann mentelin die ersten buchdrucker zu rom neapolis und selbsten zu strassburg gewesen und kan sie ihrer gleichbestrometen rheinschwester der alten churfurstlichen residentzstadt mentz ia auch ihre andere erstligkeit und rechte prioritet wegen ihrer kinder als iohann gensefleisch und burger als iohann faust guttenberg und peter schoiffern durch welche diese kunst daselbsten theils erfunden theils uollfuhret und erst ans tageliecht gesand worden wol gonnen
oa_jubilaeum_1640,body,657,0,True,92,"Derowegen denn auch Herr D. Sebaſtian Brandt von vnd zu Straßburg/ bald nach der Erfindung/ in dem außfuͤhrlichen Carmine, ſo er von Fuͤrtreffligkeit dieſer Kunſt an Herrn Johann Bergmann de Olpe geſchrieben/ vnd zu Baſel Anno 1498. gedruckt worden/ nie ſeinen Straßburgern/ ſondern denen Rheinlaͤndern zuſam̃en/ in dieſen daraus gezogenen Verſen ſolchen Fund attribuiret hat:",derowegen denn auch herr d sebaſtian brandt von vnd zu straßburg bald nach der erfindung in dem außfuͤhrlichen carmine ſo er von fuͤrtreffligkeit dieſer kunſt an herrn johann bergmann de olpe geſchrieben vnd zu baſel anno gedruckt worden nie ſeinen straßburgern ſondern denen rheinlaͤndern zuſam̃en in dieſen daraus gezogenen verſen ſolchen fund attribuiret hat,derowegen denn auch herr d sebastian brandt uon und zu strassburg bald nach der erfindung in dem aussfuhrlichen carmine so er uon furtreffligkeit dieser kunst an herrn iohann bergmann de olpe geschrieben und zu basel anno gedruckt worden nie seinen strassburgern sondern denen rheinlandern zusammen in diesen daraus gezogenen uersen solchen fund attribuiret hat
oa_jubilaeum_1640,body,658,0,True,92,Nuper ab ingenio Rhenanæ gentis & arte,nuper ab ingenio rhenanæ gentis & arte,nuper ab ingenio rhenanae gentis et arte
oa_jubilaeum_1640,body,659,0,True,92,Librorum emerſit copia larga nimis.,librorum emerſit copia larga nimis,librorum emersit copia larga nimis
oa_jubilaeum_1640,body,660,0,True,92,"Qvæ doctos latuit Græcos Italosqve peritos,",qvæ doctos latuit græcos italosqve peritos,quae doctos latuit graecos italosque peritos
oa_jubilaeum_1640,body,661,0,True,92,Ars nova Germano venitab ingenio.,ars nova germano venitab ingenio,ars noua germano uenitab ingenio
oa_jubilaeum_1640,body,662,0,True,92,"Crede mihi cernes, rumparis Romule qvamvis,",crede mihi cernes rumparis romule qvamvis,crede mihi cernes rumparis romule quamuis
oa_jubilaeum_1640,body,663,0,True,92,Pierides Rheni mox colere arva ſui.,pierides rheni mox colere arva ſui,pierides rheni mox colere arua sui
oa_jubilaeum_1640,body,664,0,True,92,"Nil hodie noſtram prolem latet atqve juventam,",nil hodie noſtram prolem latet atqve juventam,nil hodie nostram prolem latet atque iuuentam
oa_jubilaeum_1640,body,665,0,True,92,Rhenus & Eurotæ fert modò noſter aqvas. &c.,rhenus & eurotæ fert modò noſter aqvas &c,rhenus et eurotae fert modo noster aquas etc
oa_jubilaeum_1640,body,666,0,True,93,"Vnd hat obige Diſtinction auch der gelehrte Jeſuit Nic. Serarius albereit gemacht Rer. Moguntia c. pag. 153. An Argentoratenſis fuerit hujus artificii autor, itemqve an inibi de hoc aliqvid aut cogitarit, aut etiam tentarit, mihi haud liqvet. Unus qvod ſciam, tantùm eſt, qvi aſſerit Wimphelingus. Poſſet videri velle iſtud, cuicuimodi eſt, ſupra veritatem dare patriæ. Qvia tamen potuit aliqvis eſſe domo Argentinenſis, & civitate tamen Moguntinus, aliqvid Argentinæ cogitare atqve conari, hocqve idem ipſum Mogunciæ jam in lucem afferre ac perficere: Deniqve qvia citra cauſam, idoneosq; Autores, non eſt qvisqvam facilè mendacii accerſendus; credat qvi volet illi affirmanti. Credidit certè Joan. Arnoldus Bergellanus, dum dixit:",vnd hat obige diſtinction auch der gelehrte jeſuit nic serarius albereit gemacht rer moguntia c pag an argentoratenſis fuerit hujus artificii autor itemqve an inibi de hoc aliqvid aut cogitarit aut etiam tentarit mihi haud liqvet unus qvod ſciam tantùm eſt qvi aſſerit wimphelingus poſſet videri velle iſtud cuicuimodi eſt ſupra veritatem dare patriæ qvia tamen potuit aliqvis eſſe domo argentinenſis & civitate tamen moguntinus aliqvid argentinæ cogitare atqve conari hocqve idem ipſum mogunciæ jam in lucem afferre ac perficere deniqve qvia citra cauſam idoneosq autores non eſt qvisqvam facilè mendacii accerſendus credat qvi volet illi affirmanti credidit certè joan arnoldus bergellanus dum dixit,und hat obige distinction auch der gelehrte iesuit nic serarius albereit gemacht rer moguntia c pag an argentoratensis fuerit huius artificii autor itemque an inibi de hoc aliquid aut cogitarit aut etiam tentarit mihi haud liquet unus quod sciam tantum est qui asserit wimphelingus posset uideri uelle istud cuicuimodi est supra ueritatem dare patriae quia tamen potuit aliquis esse domo argentinensis et ciuitate tamen moguntinus aliquid argentinae cogitare atque conari hocque idem ipsum mogunciae iam in lucem afferre ac perficere denique quia citra causam idoneosq autores non est quisquam facile mendacii accersendus credat qui uolet illi affirmanti credidit certe ioan arnoldus bergellanus dum dixit
oa_jubilaeum_1640,body,667,0,True,93,"Qvam veteres nobis Argenti voce notârunt,",qvam veteres nobis argenti voce notârunt,quam ueteres nobis argenti uoce notarunt
oa_jubilaeum_1640,body,668,0,True,93,A puero fertur ſuſtinuiſſe virum:,a puero fertur ſuſtinuiſſe virum,a puero fertur sustinuisse uirum
oa_jubilaeum_1640,body,669,0,True,93,"Illa ſed huîc civis largita eſt munera grata,",illa ſed huîc civis largita eſt munera grata,illa sed huic ciuis largita est munera grata
oa_jubilaeum_1640,body,670,0,True,93,Cuî clarum nomen Mogus habere dedit.,cuî clarum nomen mogus habere dedit,cui clarum nomen mogus habere dedit
oa_jubilaeum_1640,body,671,0,True,93,Primitias illic cœpit formare laboris:,primitias illic cœpit formare laboris,primitias illic coepit formare laboris
oa_jubilaeum_1640,body,672,0,True,93,Aſt hîc maturum protulit artis opus.,aſt hîc maturum protulit artis opus,ast hic maturum protulit artis opus
oa_jubilaeum_1640,body,673,0,True,95,"II. Seynd die Schrifftgieſſer/ Setzer vnd Drucker jederzeit/ wie auch annoch mercklich von einander vnterſchieden/ welche zwar wol zuſammen gehoͤren/ vnd allermeiſt gleich anfangs haben vmb etwas naͤher zuſammen kommen muͤſſen/ ſo hat doch ſolches alles von einem Manne alleine weder erſpunnen noch begunnen/ oder vollſtaͤndig verrichtet werden moͤgen: Derowegen auch nicht einem nur der Preiß deſſelbigen zu geben iſt. Sondern gleich als im Turnier- vnd Ringel-rennen einer dieſen Danck/ der ander einen andern verdienet: Alſo traͤget auch hierinne nicht einer alleine den Krantz davon. Ja es iſt gantz glaub-wie rucht-bar/ daß vnter dieſen Erſtlingen Johann Guttenberg/ als ein Goldſchmied/ der erſte Gieſſer/ Fauſt der Setzer/ vñ Peter Schoͤiffer/ als Junge/ der Drucker geweſen. Welche beyde letzeren zuſammen/ als Schweher vnd Eidam/ vnd die ſich als Druck-Gewercken der von Gutenbergen gegoſſenen Buchſtaben am meiſten gewuſt zu nutzen vñ zu gebrauchen/ auch zu jhrem Namens-Ruhm wol bedienet haben. Derowegen dann nur dieſer beyder Namen hinden an die Buͤcher/ wie annoch gebraͤuchlichen/ hinzu gedruckt worden/ da des Gutenbergs nirgend nicht/ wie jederzeit mit keinem Schrifft-Gieſſer geſchehen/ in denen Buͤchern gedacht worden. Welche ſo Ruhmbegierig nie geweſen/ daß ſie auch denen ſo vnterſchiedenen/ vnd immer anderſt gemeiſterten Schrifften nicht eins jhren Namen/ wie ſie wol gekont/ vnd kaum einer vnd der ander alſo hernach gethan/ gegoͤnnet vnd hinterlaſſen haben. Jenen Vortheil aber hat auch hernach Johann Schoͤiffer/ der Erfinder Enckel/ wiſſen zu erſchnappen vnd nachzuahmen/ in dem er Anno 1515. ein Buch des Apts zu Spanheim Johañ Trithemii de Origine & geſtis Francorum zu Mentz gedruckt/ vnd zu Ende deſſelbigen dieſen Bericht mit hinan gehenckt/ vnd darinne des guten Gutenbergs gar vergeſſen hat. Deſſen Wort alſo lauten: Impreſſum & completum eſt præſens Chronicorum opus, anno Domini 1515. in vigilia Margaretæ virginis. In nobili famoſaqve urbe Moguntina, hujus artis impreſſoriæ inventrice primâ, per Johannem Schaͤffer/ nepotem qvondam honeſti viri Joann Fuſt/ civis Moguntini memoratæ artis primarii autoris, qvi eandem imprimendi artem proprio ingenio excogitare ſpeculariqve cœpit, anno Dominicæ nativitatis 1450. indictione 13. regnante Illuſtriſſimo Rom. Imp. Friderico tertio, præſidente S. Moguntinæ Sedi Reverendisſimo in Chriſto Præſule Domino Theodorico Pincerna de Erbach, Principe Electore, anno autem 1452. perfecit, deduxitq; eam (divinâ favente gratiâ) in opus imprimendi (operâ tamen ac multis neceſſariis adinventionibus Petri Schaͤffer de Gernßheim/ miniſtri ſuiqve filii adoptivi) cui etiam filiam Chriſtinam Fuſtinam, pro digna laborum, multarúmqve adinventionum remuneratione nuptui dedit, retinuerunt autem hi duo prænominati Joannes Fuſt/ & Petrus Schaͤffer/ hanc artem in ſecreto (omnibus miniſtris ac familiaribus eorum, ne illam qvoqvo modo manifeſtarent, jurejurando adſtrictis.) Qvæ tandem de anno Domini 1462. per eosdem familiares in diverſas terrarum provincias divulgata, haud parvum ſumſit incrementum.",ii seynd die schrifftgieſſer setzer vnd drucker jederzeit wie auch annoch mercklich von einander vnterſchieden welche zwar wol zuſammen gehoͤren vnd allermeiſt gleich anfangs haben vmb etwas naͤher zuſammen kommen muͤſſen ſo hat doch ſolches alles von einem manne alleine weder erſpunnen noch begunnen oder vollſtaͤndig verrichtet werden moͤgen derowegen auch nicht einem nur der preiß deſſelbigen zu geben iſt sondern gleich als im turnier vnd ringelrennen einer dieſen danck der ander einen andern verdienet alſo traͤget auch hierinne nicht einer alleine den krantz davon ja es iſt gantz glaubwie ruchtbar daß vnter dieſen erſtlingen johann guttenberg als ein goldſchmied der erſte gieſſer fauſt der setzer vñ peter schoͤiffer als junge der drucker geweſen welche beyde letzeren zuſammen als schweher vnd eidam vnd die ſich als druckgewercken der von gutenbergen gegoſſenen buchſtaben am meiſten gewuſt zu nutzen vñ zu gebrauchen auch zu jhrem namensruhm wol bedienet haben derowegen dann nur dieſer beyder namen hinden an die buͤcher wie annoch gebraͤuchlichen hinzu gedruckt worden da des gutenbergs nirgend nicht wie jederzeit mit keinem schrifftgieſſer geſchehen in denen buͤchern gedacht worden welche ſo ruhmbegierig nie geweſen daß ſie auch denen ſo vnterſchiedenen vnd immer anderſt gemeiſterten schrifften nicht eins jhren namen wie ſie wol gekont vnd kaum einer vnd der ander alſo hernach gethan gegoͤnnet vnd hinterlaſſen haben jenen vortheil aber hat auch hernach johann schoͤiffer der erfinder enckel wiſſen zu erſchnappen vnd nachzuahmen in dem er anno ein buch des apts zu spanheim johañ trithemii de origine & geſtis francorum zu mentz gedruckt vnd zu ende deſſelbigen dieſen bericht mit hinan gehenckt vnd darinne des guten gutenbergs gar vergeſſen hat deſſen wort alſo lauten impreſſum & completum eſt præſens chronicorum opus anno domini in vigilia margaretæ virginis in nobili famoſaqve urbe moguntina hujus artis impreſſoriæ inventrice primâ per johannem schaͤffer nepotem qvondam honeſti viri joann fuſt civis moguntini memoratæ artis primarii autoris qvi eandem imprimendi artem proprio ingenio excogitare ſpeculariqve cœpit anno dominicæ nativitatis indictione regnante illuſtriſſimo rom imp friderico tertio præſidente s moguntinæ sedi reverendisſimo in chriſto præſule domino theodorico pincerna de erbach principe electore anno autem perfecit deduxitq eam divinâ favente gratiâ in opus imprimendi operâ tamen ac multis neceſſariis adinventionibus petri schaͤffer de gernßheim miniſtri ſuiqve filii adoptivi cui etiam filiam chriſtinam fuſtinam pro digna laborum multarúmqve adinventionum remuneratione nuptui dedit retinuerunt autem hi duo prænominati joannes fuſt & petrus schaͤffer hanc artem in ſecreto omnibus miniſtris ac familiaribus eorum ne illam qvoqvo modo manifeſtarent jurejurando adſtrictis qvæ tandem de anno domini per eosdem familiares in diverſas terrarum provincias divulgata haud parvum ſumſit incrementum,ii seynd die schrifftgiesser setzer und drucker iederzeit wie auch annoch mercklich uon einander unterschieden welche zwar wol zusammen gehoren und allermeist gleich anfangs haben umb etwas naher zusammen kommen mussen so hat doch solches alles uon einem manne alleine weder erspunnen noch begunnen oder uollstandig uerrichtet werden mogen derowegen auch nicht einem nur der preiss desselbigen zu geben ist sondern gleich als im turnier und ringelrennen einer diesen danck der ander einen andern uerdienet also traget auch hierinne nicht einer alleine den krantz dauon ia es ist gantz glaubwie ruchtbar dass unter diesen erstlingen iohann guttenberg als ein goldschmied der erste giesser faust der setzer und peter schoiffer als iunge der drucker gewesen welche beyde letzeren zusammen als schweher und eidam und die sich als druckgewercken der uon gutenbergen gegossenen buchstaben am meisten gewust zu nutzen und zu gebrauchen auch zu ihrem namensruhm wol bedienet haben derowegen dann nur dieser beyder namen hinden an die bucher wie annoch gebrauchlichen hinzu gedruckt worden da des gutenbergs nirgend nicht wie iederzeit mit keinem schrifftgiesser geschehen in denen buchern gedacht worden welche so ruhmbegierig nie gewesen dass sie auch denen so unterschiedenen und immer anderst gemeisterten schrifften nicht eins ihren namen wie sie wol gekont und kaum einer und der ander also hernach gethan gegonnet und hinterlassen haben ienen uortheil aber hat auch hernach iohann schoiffer der erfinder enckel wissen zu erschnappen und nachzuahmen in dem er anno ein buch des apts zu spanheim iohann trithemii de origine et gestis francorum zu mentz gedruckt und zu ende desselbigen diesen bericht mit hinan gehenckt und darinne des guten gutenbergs gar uergessen hat dessen wort also lauten impressum et completum est praesens chronicorum opus anno domini in uigilia margaretae uirginis in nobili famosaque urbe moguntina huius artis impressoriae inuentrice prima per iohannem schaffer nepotem quondam honesti uiri ioann fust ciuis moguntini memoratae artis primarii autoris qui eandem imprimendi artem proprio ingenio excogitare specularique coepit anno dominicae natiuitatis indictione regnante illustrissimo rom imp friderico tertio praesidente s moguntinae sedi reuerendissimo in christo praesule domino theodorico pincerna de erbach principe electore anno autem perfecit deduxitq eam diuina fauente gratia in opus imprimendi opera tamen ac multis necessariis adinuentionibus petri schaffer de gernssheim ministri suique filii adoptiui cui etiam filiam christinam fustinam pro digna laborum multarumque adinuentionum remuneratione nuptui dedit retinuerunt autem hi duo praenominati ioannes fust et petrus schaffer hanc artem in secreto omnibus ministris ac familiaribus eorum ne illam quoquo modo manifestarent iureiurando adstrictis quae tandem de anno domini per eosdem familiares in diuersas terrarum prouincias diuulgata haud paruum sumsit incrementum
oa_jubilaeum_1640,body,674,0,True,95,"III. Hieruͤber ſeynd wol von einander zu erkennen vnd keines weges zu vermengen die aller erſten Druck-Erfinder/ vnd denn die erſten Druckerherren/ ſo hin vnd wieder die Buchdruckereyen angeſtellet. Beyderſeits zwar iſt jhnen jhr Lob vnd Danck zuſtaͤndig vnd billich zu laſſen/ aber nicht einerley. Die erſten ſitzen eine anſehnliche Stuffe hoͤher/ als die letzeren. Denn jene ſeynd der im nechſten Satze angedeutete vnd allein triumphirende Triumvirat; Vnter dieſer andern Reyhe aber ſeynd Vlrich Han/ Conrad Schweinheim/ vnd Arnold Pannartz zu Rom/ Sixtus Ruſſinger zu Neapolis, Nicolaus Jenſon zu Pariß/ vnd Johann Mentel zu Straßburg/ zuſammen uͤmb das 1472. Jahr/ aller Ehren werth.",iii hieruͤber ſeynd wol von einander zu erkennen vnd keines weges zu vermengen die aller erſten druckerfinder vnd denn die erſten druckerherren ſo hin vnd wieder die buchdruckereyen angeſtellet beyderſeits zwar iſt jhnen jhr lob vnd danck zuſtaͤndig vnd billich zu laſſen aber nicht einerley die erſten ſitzen eine anſehnliche stuffe hoͤher als die letzeren denn jene ſeynd der im nechſten satze angedeutete vnd allein triumphirende triumvirat vnter dieſer andern reyhe aber ſeynd vlrich han conrad schweinheim vnd arnold pannartz zu rom sixtus ruſſinger zu neapolis nicolaus jenſon zu pariß vnd johann mentel zu straßburg zuſammen uͤmb das jahr aller ehren werth,iii hieruber seynd wol uon einander zu erkennen und keines weges zu uermengen die aller ersten druckerfinder und denn die ersten druckerherren so hin und wieder die buchdruckereyen angestellet beyderseits zwar ist ihnen ihr lob und danck zustandig und billich zu lassen aber nicht einerley die ersten sitzen eine ansehnliche stuffe hoher als die letzeren denn iene seynd der im nechsten satze angedeutete und allein triumphirende triumuirat unter dieser andern reyhe aber seynd ulrich han conrad schweinheim und arnold pannartz zu rom sixtus russinger zu neapolis nicolaus ienson zu pariss und iohann mentel zu strassburg zusammen umb das iahr aller ehren werth
oa_jubilaeum_1640,body,675,0,True,96,IV. Ein anders vnd mehr zu glauben iſt/ was von ſehr vielen vnd mancherleyen/ theils vmb die Zeit/ da etwas geſchehen iſt/ gelebeten vnd gelobeten Scribenten auffgezeichnet iſt; Ein anders aber auch was von etzlichen noch theils vnausgekommenen/ oder ſonſt einheimiſchen vnd partheyiſchen Zeugen/ vnd die denen jhrigen etwas zu Gefallen reden wollen/ etwa vorgegeben worden. Von denen erſten Triarchis oder Buchdruckeriſchen dreyen Vhrhebern redet Freund vnd Feind/ Straßburger vnd Harlemer/ wie auch manche Neutrales; von denen andern vermeynten Inventoribus nur einer vnd der andere Landsmann.,iv ein anders vnd mehr zu glauben iſt was von ſehr vielen vnd mancherleyen theils vmb die zeit da etwas geſchehen iſt gelebeten vnd gelobeten scribenten auffgezeichnet iſt ein anders aber auch was von etzlichen noch theils vnausgekommenen oder ſonſt einheimiſchen vnd partheyiſchen zeugen vnd die denen jhrigen etwas zu gefallen reden wollen etwa vorgegeben worden von denen erſten triarchis oder buchdruckeriſchen dreyen vhrhebern redet freund vnd feind straßburger vnd harlemer wie auch manche neutrales von denen andern vermeynten inventoribus nur einer vnd der andere landsmann,iu ein anders und mehr zu glauben ist was uon sehr uielen und mancherleyen theils umb die zeit da etwas geschehen ist gelebeten und gelobeten scribenten auffgezeichnet ist ein anders aber auch was uon etzlichen noch theils unausgekommenen oder sonst einheimischen und partheyischen zeugen und die denen ihrigen etwas zu gefallen reden wollen etwa uorgegeben worden uon denen ersten triarchis oder buchdruckerischen dreyen uhrhebern redet freund und feind strassburger und harlemer wie auch manche neutrales uon denen andern uermeynten inuentoribus nur einer und der andere landsmann
oa_jubilaeum_1640,body,676,0,True,96,"V. Bey der Zeit/ in welcher die Autores differentes ſeynd/ iſt dieſe differentia wol zu mercken/ daß etzliche vnd zwar die meiſten/ ſo im Jahr 1440. wollen/ daß die Buchdruckerey ſey auffkommen/ von dem allererſten/ vnd noch ſchlechten Anfange reden; die uͤbrigen aber/ welche von 1444. 47. biß 1450. Jahre ſolches hervor vnd in Schwang gebracht zu ſeyn vorgeben/ verſtehen die Verbeſſerung/ biß es zu ſeiner Vollkommenheit gediegen. Mehr von vns gedachtes Coͤllniſches altes Chronicon hat eben ſolchen Außſchlag mit dieſen Worten gegeben: Ind dat is geſcieht by den Jaire vns Heeren 1440. Ind van der Zyt an bis men ſchreve 50. ward underſoicht die Kunſt, ind wat daerzo gehöret. Item: Dat beginne der Vorskunſt iſt vill meyſterlicher vnd ſubtilicher vonden vnd je lenger de mere kunſtlicher wurden. Welche perfectio je beſſer ſie geworden/ je groͤſſer iſt auch die Verwunderung/ vnd je laͤnger hat ſie auch noch immer gewaͤret. Daß dannenhero erſt Anno 1465. 66. 72. 73. vnd 76. noch immer hinden an die gedruckten Buͤcher zu Mentz ein Lobſpruch dieſer ſeltzamen Kunſt/ ſampt der Drucker Namen vnd Waffen/ oder Zeichen geſatzt worden/ vndkan Stephanus Paſchalis daher nicht ſchlieſſen/ daß wegen des angehenckten Firlefantzes oben in dem 1465. Jahre erſt die Buchdruckerey muͤſte erfunden ſeyn. Dieweil es ſonſt keiner ſolchen bravade vnd der ruhmredtigen Spruͤche bedurfft ſolte haben.",v bey der zeit in welcher die autores differentes ſeynd iſt dieſe differentia wol zu mercken daß etzliche vnd zwar die meiſten ſo im jahr wollen daß die buchdruckerey ſey auffkommen von dem allererſten vnd noch ſchlechten anfange reden die uͤbrigen aber welche von biß jahre ſolches hervor vnd in schwang gebracht zu ſeyn vorgeben verſtehen die verbeſſerung biß es zu ſeiner vollkommenheit gediegen mehr von vns gedachtes coͤllniſches altes chronicon hat eben ſolchen außſchlag mit dieſen worten gegeben ind dat is geſcieht by den jaire vns heeren ind van der zyt an bis men ſchreve ward underſoicht die kunſt ind wat daerzo gehöret item dat beginne der vorskunſt iſt vill meyſterlicher vnd ſubtilicher vonden vnd je lenger de mere kunſtlicher wurden welche perfectio je beſſer ſie geworden je groͤſſer iſt auch die verwunderung vnd je laͤnger hat ſie auch noch immer gewaͤret daß dannenhero erſt anno vnd noch immer hinden an die gedruckten buͤcher zu mentz ein lobſpruch dieſer ſeltzamen kunſt ſampt der drucker namen vnd waffen oder zeichen geſatzt worden vndkan stephanus paſchalis daher nicht ſchlieſſen daß wegen des angehenckten firlefantzes oben in dem jahre erſt die buchdruckerey muͤſte erfunden ſeyn dieweil es ſonſt keiner ſolchen bravade vnd der ruhmredtigen spruͤche bedurfft ſolte haben,u bey der zeit in welcher die autores differentes seynd ist diese differentia wol zu mercken dass etzliche und zwar die meisten so im iahr wollen dass die buchdruckerey sey auffkommen uon dem allerersten und noch schlechten anfange reden die ubrigen aber welche uon biss iahre solches heruor und in schwang gebracht zu seyn uorgeben uerstehen die uerbesserung biss es zu seiner uollkommenheit gediegen mehr uon uns gedachtes collnisches altes chronicon hat eben solchen aussschlag mit diesen worten gegeben ind dat is gescieht by den iaire uns heeren ind uan der zyt an bis men schreue ward undersoicht die kunst ind wat daerzo gehoret item dat beginne der uorskunst ist uill meysterlicher und subtilicher uonden und ie lenger de mere kunstlicher wurden welche perfectio ie besser sie geworden ie grosser ist auch die uerwunderung und ie langer hat sie auch noch immer gewaret dass dannenhero erst anno und noch immer hinden an die gedruckten bucher zu mentz ein lobspruch dieser seltzamen kunst sampt der drucker namen und waffen oder zeichen gesatzt worden undkan stephanus paschalis daher nicht schliessen dass wegen des angehenckten firlefantzes oben in dem iahre erst die buchdruckerey muste erfunden seyn dieweil es sonst keiner solchen brauade und der ruhmredtigen spruche bedurfft solte haben
oa_jubilaeum_1640,body,677,0,True,97,"VI. Deren ſo mancherley hin vnd wieder in denen alten Bibliothecken annoch vorhanden/ daß man dahero nicht weis/ welches in Teutſchland das allererſte gedruckte Buch geweſen; auſſer daß man aus deren Schrifften Namen muthmaſſet/ daß erſt die Bibliſchen vnd Paͤbſtiſchen Canones vnd Decretales, in des Archi-Cancellarii per Germaniam Regierung vnd Cantzelley-Stadt zu erſt mit dem groben vngehobelten Miſſal Canon, vnd hernach erſt etzliche M. Tullii Opera mit der Cicero-Antiqva, als kleinern Schrifft/ gekuͤnſtelt/ vñ wie ſie damals geredet/ characteriſiret worden. Geſtalt denn auch die alte Anno 1499. gedruckte Coͤllniſche Chronicke ſolches fol. 1312. beſaget. In dem Jaire vns Heeren, do men ſchreyff 1450. do was ein gulden Jair, do began men tzo drucken, ind was dat eyrſte Boich, dat men druckde, die Bybel tzo Latyn, ind ward gedruckt mit eynregrover Schrifft, as is die ſchrifft, dae maen nu Myſſeboicher mit druckt. Von den Ciceronianiſchen Buͤchern aber zeiget in der Augſpurgiſchen Bibliothec das final der Officiorum Ciceronis durch Johañ Fuſt vnd Handreichung Peter von Gernßheim Anno 1466. gedruckt/ wie auch die Roͤmiſchen Opera Philoſophica Tullij, deren vorhin gedacht worden. Daſelbſt aber zu Rom ſeynd hernach zu erſt der Auguſtinus de C. D. vnd der Lactantius gedruckt. Bleibt demnach wol bey dem 1440. Jahre der Vrſprung vnd Beginn von dieſer Kunſt/ nach dem alten bekanten/ vñ von Schoͤnbornern in ſeiner Politica widerholten Zeit-Verßlein:",vi deren ſo mancherley hin vnd wieder in denen alten bibliothecken annoch vorhanden daß man dahero nicht weis welches in teutſchland das allererſte gedruckte buch geweſen auſſer daß man aus deren schrifften namen muthmaſſet daß erſt die bibliſchen vnd paͤbſtiſchen canones vnd decretales in des archicancellarii per germaniam regierung vnd cantzelleystadt zu erſt mit dem groben vngehobelten miſſal canon vnd hernach erſt etzliche m tullii opera mit der ciceroantiqva als kleinern schrifft gekuͤnſtelt vñ wie ſie damals geredet characteriſiret worden geſtalt denn auch die alte anno gedruckte coͤllniſche chronicke ſolches fol beſaget in dem jaire vns heeren do men ſchreyff do was ein gulden jair do began men tzo drucken ind was dat eyrſte boich dat men druckde die bybel tzo latyn ind ward gedruckt mit eynregrover schrifft as is die ſchrifft dae maen nu myſſeboicher mit druckt von den ciceronianiſchen buͤchern aber zeiget in der augſpurgiſchen bibliothec das final der officiorum ciceronis durch johañ fuſt vnd handreichung peter von gernßheim anno gedruckt wie auch die roͤmiſchen opera philoſophica tullij deren vorhin gedacht worden daſelbſt aber zu rom ſeynd hernach zu erſt der auguſtinus de c d vnd der lactantius gedruckt bleibt demnach wol bey dem jahre der vrſprung vnd beginn von dieſer kunſt nach dem alten bekanten vñ von schoͤnbornern in ſeiner politica widerholten zeitverßlein,ui deren so mancherley hin und wieder in denen alten bibliothecken annoch uorhanden dass man dahero nicht weis welches in teutschland das allererste gedruckte buch gewesen ausser dass man aus deren schrifften namen muthmasset dass erst die biblischen und pabstischen canones und decretales in des archicancellarii per germaniam regierung und cantzelleystadt zu erst mit dem groben ungehobelten missal canon und hernach erst etzliche m tullii opera mit der ciceroantiqua als kleinern schrifft gekunstelt und wie sie damals geredet characterisiret worden gestalt denn auch die alte anno gedruckte collnische chronicke solches fol besaget in dem iaire uns heeren do men schreyff do was ein gulden iair do began men tzo drucken ind was dat eyrste boich dat men druckde die bybel tzo latyn ind ward gedruckt mit eynregrouer schrifft as is die schrifft dae maen nu mysseboicher mit druckt uon den ciceronianischen buchern aber zeiget in der augspurgischen bibliothec das final der officiorum ciceronis durch iohann fust und handreichung peter uon gernssheim anno gedruckt wie auch die romischen opera philosophica tullii deren uorhin gedacht worden daselbst aber zu rom seynd hernach zu erst der augustinus de c d und der lactantius gedruckt bleibt demnach wol bey dem iahre der ursprung und beginn uon dieser kunst nach dem alten bekanten und uon schonbornern in seiner politica widerholten zeituersslein
oa_jubilaeum_1640,body,678,0,True,97,"MIra typIs LIbros ars qVæ CeLerI eXCItat aCtV, GVttenbergerI genIo eſt In Venta IoannIs.",mira typis libros ars qvæ celeri excitat actv gvttenbergeri genio eſt in venta ioannis,mira typis libros ars quae celeri excitat actu guttenbergeri genio est in uenta ioannis
oa_jubilaeum_1640,body,679,0,True,97,"VII. Die da aber noch eher vermeynen/ daß der erſte Stein zu dieſem Kunſtbawe geleget ſeye/ die koͤñen andere Druckereyen/ als von gegrabenen Siegeln/ geſtochenen Pitzſchieren/ gantzen geſchnittenen Formen/ oder auch in Kupffer geetzten notis, vnd auch groben einſeitigen vnd zuſam̃en geleimeten Donaten/ ſonſt das geringſte nicht/ das der heutigen Buch Druckerey aͤhnlichte/ vorbringen. Wie droben von denen Chineſern vnd Harlemern/ vnd anderwerts zur Gnuͤge dargethan worden.",vii die da aber noch eher vermeynen daß der erſte stein zu dieſem kunſtbawe geleget ſeye die koͤñen andere druckereyen als von gegrabenen siegeln geſtochenen pitzſchieren gantzen geſchnittenen formen oder auch in kupffer geetzten notis vnd auch groben einſeitigen vnd zuſam̃en geleimeten donaten ſonſt das geringſte nicht das der heutigen buch druckerey aͤhnlichte vorbringen wie droben von denen chineſern vnd harlemern vnd anderwerts zur gnuͤge dargethan worden,uii die da aber noch eher uermeynen dass der erste stein zu diesem kunstbawe geleget seye die konnen andere druckereyen als uon gegrabenen siegeln gestochenen pitzschieren gantzen geschnittenen formen oder auch in kupffer geetzten notis und auch groben einseitigen und zusammen geleimeten donaten sonst das geringste nicht das der heutigen buch druckerey ahnlichte uorbringen wie droben uon denen chinesern und harlemern und anderwerts zur gnuge dargethan worden
oa_jubilaeum_1640,body,680,0,False,98,Vnd alſo ſolte vermuthlich durch ſolche diſtinctiones kein Scrupel bey ſolchen Buchdrucker Funde mehr vorhanden ſeyn/ der nicht aus obigen koͤnte entſchieden werden.,vnd alſo ſolte vermuthlich durch ſolche diſtinctiones kein scrupel bey ſolchen buchdrucker funde mehr vorhanden ſeyn der nicht aus obigen koͤnte entſchieden werden,und also solte uermuthlich durch solche distinctiones kein scrupel bey solchen buchdrucker funde mehr uorhanden seyn der nicht aus obigen konte entschieden werden
oa_jubilaeum_1640,body,680,1,True,98,"Worhin dann auch dieſes folgende Carmen, ſo denen jetzo jubilirenden Drucker-Printzen vnd Geſellen zu Ehren mit verfertiget worden/ allerdinges zielet.",worhin dann auch dieſes folgende carmen ſo denen jetzo jubilirenden druckerprintzen vnd geſellen zu ehren mit verfertiget worden allerdinges zielet,worhin dann auch dieses folgende carmen so denen ietzo iubilirenden druckerprintzen und gesellen zu ehren mit uerfertiget worden allerdinges zielet
oa_jubilaeum_1640,head,681,0,True,98,Von der Edlen Buch-Druckerey erſten Anfaͤngern.,von der edlen buchdruckerey erſten anfaͤngern,uon der edlen buchdruckerey ersten anfangern
oa_jubilaeum_1640,body,682,0,True,98,WJe jede Kuͤnſte ſonſt nicht ſtracks in einer Stunden,wje jede kuͤnſte ſonſt nicht ſtracks in einer stunden,wie iede kunste sonst nicht stracks in einer stunden
oa_jubilaeum_1640,body,683,0,True,98,Von einem Mann allein vollkommen ſeynd erfunden:,von einem mann allein vollkommen ſeynd erfunden,uon einem mann allein uollkommen seynd erfunden
oa_jubilaeum_1640,body,684,0,True,98,So kriegt der erſte nicht das Lob allein zu Lohn/,so kriegt der erſte nicht das lob allein zu lohn,so kriegt der erste nicht das lob allein zu lohn
oa_jubilaeum_1640,body,685,0,True,98,Offt erſt der dritte traͤgt davon die Ehren-Kron.,offt erſt der dritte traͤgt davon die ehrenkron,offt erst der dritte tragt dauon die ehrenkron
oa_jubilaeum_1640,body,686,0,True,98,Columbus ſolt ein Fuͤrſt/ wie er der foͤrderſt ware/,columbus ſolt ein fuͤrſt wie er der foͤrderſt ware,columbus solt ein furst wie er der forderst ware
oa_jubilaeum_1640,body,687,0,True,98,Geheiſſen worden ſeyn auff ſeiner Wieder-kahre,geheiſſen worden ſeyn auff ſeiner wiederkahre,geheissen worden seyn auff seiner wiederkahre
oa_jubilaeum_1640,body,688,0,True,98,Aus Jndien/ welch Land durch jhn ward erſt bekand/,aus jndien welch land durch jhn ward erſt bekand,aus indien welch land durch ihn ward erst bekand
oa_jubilaeum_1640,body,689,0,True,98,Noch von ein andern wurds America genand.,noch von ein andern wurds america genand,noch uon ein andern wurds america genand
oa_jubilaeum_1640,body,690,0,True,98,Geſatzt/ daß auch ſo hett zu Harlem Laurentz Kuͤſter,geſatzt daß auch ſo hett zu harlem laurentz kuͤſter,gesatzt dass auch so hett zu harlem laurentz kuster
oa_jubilaeum_1640,body,691,0,True,98,Von Sylben was geſchnitzt/ war doch viel ausgeruͤſter,von sylben was geſchnitzt war doch viel ausgeruͤſter,uon sylben was geschnitzt war doch uiel ausgeruster
oa_jubilaeum_1640,body,692,0,True,98,Von Kuͤnſtlers-Fauſt vnd Nam/ der es zu Mentz bas trieb/,von kuͤnſtlersfauſt vnd nam der es zu mentz bas trieb,uon kunstlersfaust und nam der es zu mentz bas trieb
oa_jubilaeum_1640,body,693,0,True,98,Mit ſeinem Eydam auch auff andre Weiſe ſchrieb.,mit ſeinem eydam auch auff andre weiſe ſchrieb,mit seinem eydam auch auff andre weise schrieb
oa_jubilaeum_1640,body,694,0,True,98,Doch gluͤckts auch dieſem nicht/ ob er gleich Fauſtus hieſſe/,doch gluͤckts auch dieſem nicht ob er gleich fauſtus hieſſe,doch gluckts auch diesem nicht ob er gleich faustus hiesse
oa_jubilaeum_1640,body,695,0,True,98,Noch Peter Schoͤffern auch/ pfieff dieſer noch ſo ſuͤſſe,noch peter schoͤffern auch pfieff dieſer noch ſo ſuͤſſe,noch peter schoffern auch pfieff dieser noch so susse
oa_jubilaeum_1640,body,696,0,True,98,Mit ſeiner Drucker-Kunſt; jhr keinem ward diß Werck,mit ſeiner druckerkunſt jhr keinem ward diß werck,mit seiner druckerkunst ihr keinem ward diss werck
oa_jubilaeum_1640,body,697,0,True,98,Gegoͤnnt/ biß jhr Geſell es bracht zum Guten Berg.,gegoͤnnt biß jhr geſell es bracht zum guten berg,gegonnt biss ihr gesell es bracht zum guten berg
oa_jubilaeum_1640,body,698,0,True,98,Als der es an die Sonn der Welt hat ausgebreitet.,als der es an die sonn der welt hat ausgebreitet,als der es an die sonn der welt hat ausgebreitet
oa_jubilaeum_1640,body,699,0,True,98,So gab ſie jhm den Preiß/ ob hett ers erſt bereitet:,so gab ſie jhm den preiß ob hett ers erſt bereitet,so gab sie ihm den preiss ob hett ers erst bereitet
oa_jubilaeum_1640,body,700,0,True,98,Vnd doch muſt abermal der gute Guttenberg,vnd doch muſt abermal der gute guttenberg,und doch must abermal der gute guttenberg
oa_jubilaeum_1640,body,701,0,True,98,Geſchehen laſſen auch/ daß anderweit ein Merck,geſchehen laſſen auch daß anderweit ein merck,geschehen lassen auch dass anderweit ein merck
oa_jubilaeum_1640,body,702,0,True,98,Gantz gleiches Ruhms davon ſein Landsmann hat bekommen/,gantz gleiches ruhms davon ſein landsmann hat bekommen,gantz gleiches ruhms dauon sein landsmann hat bekommen
oa_jubilaeum_1640,body,703,0,True,98,Da er in Welſchland war mit dieſer Kunſt gekommen;,da er in welſchland war mit dieſer kunſt gekommen,da er in welschland war mit dieser kunst gekommen
oa_jubilaeum_1640,body,704,0,True,98,Den Roͤmern Huldreich war/ vnd erſt der beſte Mann/,den roͤmern huldreich war vnd erſt der beſte mann,den romern huldreich war und erst der beste mann
oa_jubilaeum_1640,body,705,0,True,98,Der vnter Druckern war allein im Korbe Hahn.,der vnter druckern war allein im korbe hahn,der unter druckern war allein im korbe hahn
oa_jubilaeum_1640,body,706,0,True,98,Vnd dennoch dieſer auch das Kraͤntzlein nicht behalten,vnd dennoch dieſer auch das kraͤntzlein nicht behalten,und dennoch dieser auch das krantzlein nicht behalten
oa_jubilaeum_1640,body,707,0,True,98,Vor ſich alleine kont/ muſt die Welt laſſen walten,vor ſich alleine kont muſt die welt laſſen walten,uor sich alleine kont must die welt lassen walten
oa_jubilaeum_1640,body,708,0,True,99,Vnd ſchallen wie ſie wolt; Schaw/ was die nur erdacht!,vnd ſchallen wie ſie wolt schaw was die nur erdacht,und schallen wie sie wolt schaw was die nur erdacht
oa_jubilaeum_1640,body,709,0,True,99,Vom Teutſchn ein Roͤmer ſie/ dann ein Frantzoſen macht.,vom teutſchn ein roͤmer ſie dann ein frantzoſen macht,uom teutschn ein romer sie dann ein frantzosen macht
oa_jubilaeum_1640,body,710,0,True,99,Dann weil das Welſche Maul ein Wort mit vielen Hauchen/,dann weil das welſche maul ein wort mit vielen hauchen,dann weil das welsche maul ein wort mit uielen hauchen
oa_jubilaeum_1640,body,711,0,True,99,Nicht allerdinges weis in ſeiner Sprach zu brauchen;,nicht allerdinges weis in ſeiner sprach zu brauchen,nicht allerdinges weis in seiner sprach zu brauchen
oa_jubilaeum_1640,body,712,0,True,99,Druͤmb da vor Vlrich Hahn war Gallus bas gehoͤrt/,druͤmb da vor vlrich hahn war gallus bas gehoͤrt,drumb da uor ulrich hahn war gallus bas gehort
oa_jubilaeum_1640,body,713,0,True,99,Welch Wort Frantzoſen hat/ drumb Wahlen es bethoͤrt.,welch wort frantzoſen hat drumb wahlen es bethoͤrt,welch wort frantzosen hat drumb wahlen es bethort
oa_jubilaeum_1640,body,714,0,True,99,Viel andern mehr nicht wolt die Huͤnerbruͤh recht ſchmecken/,viel andern mehr nicht wolt die huͤnerbruͤh recht ſchmecken,uiel andern mehr nicht wolt die hunerbruh recht schmecken
oa_jubilaeum_1640,body,715,0,True,99,Jhr Laͤſter-Maul ſie zwang nach Genſefleiſch zurecken/,jhr laͤſtermaul ſie zwang nach genſefleiſch zurecken,ihr lastermaul sie zwang nach gensefleisch zurecken
oa_jubilaeum_1640,body,716,0,True,99,Dem ſolte der Gans-Sohn* die Genſeſpuhlen han,dem ſolte der ganssohn die genſeſpuhlen han,dem solte der ganssohn die gensespuhlen han
oa_jubilaeum_1640,body,717,0,True,99,Zuſambt der Schreiberey faſt gaͤntzlich abgethan.,zuſambt der schreiberey faſt gaͤntzlich abgethan,zusambt der schreiberey fast gantzlich abgethan
oa_jubilaeum_1640,body,718,0,True,99,Dem ſey nun wie jhm woll/ Es iſt daraus zu ſpuͤren/,dem ſey nun wie jhm woll es iſt daraus zu ſpuͤren,dem sey nun wie ihm woll es ist daraus zu spuren
oa_jubilaeum_1640,body,719,0,True,99,Weil jeder hat die Braut mit ſich begehrt zu fuͤhren/,weil jeder hat die braut mit ſich begehrt zu fuͤhren,weil ieder hat die braut mit sich begehrt zu fuhren
oa_jubilaeum_1640,body,720,0,True,99,Daß ſie muß ſchoͤne ſeyn/ man nehme ſie in acht/,daß ſie muß ſchoͤne ſeyn man nehme ſie in acht,dass sie muss schone seyn man nehme sie in acht
oa_jubilaeum_1640,body,721,0,True,99,Daß nicht vmb ſchnoͤdes Geld ſie werd zum Balgk gemacht.,daß nicht vmb ſchnoͤdes geld ſie werd zum balgk gemacht,dass nicht umb schnodes geld sie werd zum balgk gemacht
oa_jubilaeum_1640,body,722,0,True,99,Gleich wie vor Zeiten auch in 7. Griechſchen Staͤdten,gleich wie vor zeiten auch in griechſchen staͤdten,gleich wie uor zeiten auch in griechschen stadten
oa_jubilaeum_1640,body,723,0,True,99,"War uͤmb Homerum Streit/ den Fuͤrſten der Poëten,",war uͤmb homerum streit den fuͤrſten der poëten,war umb homerum streit den fursten der poeten
oa_jubilaeum_1640,body,724,0,True,99,Ein jeder jhn erkennt vor Buͤrger vnd Stadt-Kind/,ein jeder jhn erkennt vor buͤrger vnd stadtkind,ein ieder ihn erkennt uor burger und stadtkind
oa_jubilaeum_1640,body,725,0,True,99,Druͤmb ſeine Buͤcher noch im hohen Werthe ſind/,druͤmb ſeine buͤcher noch im hohen werthe ſind,drumb seine bucher noch im hohen werthe sind
oa_jubilaeum_1640,body,726,0,True,99,Vnd doch wehr er wol hin/ wenn nicht Buchdrucker theten:,vnd doch wehr er wol hin wenn nicht buchdrucker theten,und doch wehr er wol hin wenn nicht buchdrucker theten
oa_jubilaeum_1640,body,727,0,True,99,Alſo auch dieſer Lob ſoll keine Zeit nicht toͤdten/,alſo auch dieſer lob ſoll keine zeit nicht toͤdten,also auch dieser lob soll keine zeit nicht todten
oa_jubilaeum_1640,body,728,0,True,99,So lang’ als reden wird noch ein gedrucktes Buch/,so lang als reden wird noch ein gedrucktes buch,so lang als reden wird noch ein gedrucktes buch
oa_jubilaeum_1640,body,729,0,True,99,So lang auch dieſe Kunſt wird koͤnnen ſchreyen Juch!,so lang auch dieſe kunſt wird koͤnnen ſchreyen juch,so lang auch diese kunst wird konnen schreyen iuch
oa_jubilaeum_1640,body,730,0,True,99,Vor allen werden wol in Ewigkeit verbleiben/,vor allen werden wol in ewigkeit verbleiben,uor allen werden wol in ewigkeit uerbleiben
oa_jubilaeum_1640,body,731,0,True,99,Wie ſie ſich ſelbſt gekunt durch den Druck einverleiben,wie ſie ſich ſelbſt gekunt durch den druck einverleiben,wie sie sich selbst gekunt durch den druck einuerleiben
oa_jubilaeum_1640,body,732,0,True,99,"Jn Schleyer der Minerv, die ſo beym erſten Fund",jn schleyer der minerv die ſo beym erſten fund,in schleyer der mineru die so beym ersten fund
oa_jubilaeum_1640,body,733,0,True,99,Des Buchſtab-Drucks geweſt/ vnd es gemacht weltkund.,des buchſtabdrucks geweſt vnd es gemacht weltkund,des buchstabdrucks gewest und es gemacht weltkund
oa_jubilaeum_1640,body,734,0,True,99,Wer wird doch nunmehr nicht der Wunder-Kuͤnſtler dencken/,wer wird doch nunmehr nicht der wunderkuͤnſtler dencken,wer wird doch nunmehr nicht der wunderkunstler dencken
oa_jubilaeum_1640,body,735,0,True,99,Noch immer-gruͤnes Lob nicht nach Verdienſte ſchencken,noch immergruͤnes lob nicht nach verdienſte ſchencken,noch immergrunes lob nicht nach uerdienste schencken
oa_jubilaeum_1640,body,736,0,True,99,Den Namen allen/ die ſeynd vorbracht nach der Reyh/,den namen allen die ſeynd vorbracht nach der reyh,den namen allen die seynd uorbracht nach der reyh
oa_jubilaeum_1640,body,737,0,True,99,Jedoch/ daß den Vorzug behalten jhrer drey.,jedoch daß den vorzug behalten jhrer drey,iedoch dass den uorzug behalten ihrer drey
oa_jubilaeum_1640,body,738,0,True,99,Jhr Drucker mercket diß: Bringt ewre Schaff ins drucken,jhr drucker mercket diß bringt ewre schaff ins drucken,ihr drucker mercket diss bringt ewre schaff ins drucken
oa_jubilaeum_1640,body,739,0,True,99,Durch Gott-geſegnte Fauſt/ wenn jhr noch lang zu rucken,durch gottgeſegnte fauſt wenn jhr noch lang zu rucken,durch gottgesegnte faust wenn ihr noch lang zu rucken
oa_jubilaeum_1640,body,740,0,True,99,Biß auff den Cuſtos hatt/ im A B C zum Hahn/,biß auff den cuſtos hatt im a b c zum hahn,biss auff den custos hatt im a b c zum hahn
oa_jubilaeum_1640,body,741,0,True,99,Bald uͤbern guten Berg/ jhr Gaͤnſefleiſch kriegt dran.,bald uͤbern guten berg jhr gaͤnſefleiſch kriegt dran,bald ubern guten berg ihr gansefleisch kriegt dran
oa_jubilaeum_1640,body,742,0,False,99,"L. An. Rivinus, ſonſt Bachmann genant/ Prof. Poët.",l an rivinus ſonſt bachmann genant prof poët,l an riuinus sonst bachmann genant prof poet
oa_jubilaeum_1640,body,742,1,True,99,L. in Leipzig.,l in leipzig,l in leipzig
oa_jubilaeum_1640,head,743,0,True,100,Ehren-Ruhm Der Edlen Buchdrucker-Kunſt:,ehrenruhm der edlen buchdruckerkunſt,ehrenruhm der edlen buchdruckerkunst
oa_jubilaeum_1640,body,744,0,False,100,Auffgeſetzet von Johann Heermann/ P. L. C. Pfarrn zu Koͤben.,auffgeſetzet von johann heermann p l c pfarrn zu koͤben,auffgesetzet uon iohann heermann p l c pfarrn zu koben
oa_jubilaeum_1640,body,744,1,True,100,Vnd erſtlich gedruckt durch Wigandum Funck/ Buchdruckern zur Liſſa in Groß-Pohlen/ vnd den Leipziger Buchdruckern von da an uͤberſendet.,vnd erſtlich gedruckt durch wigandum funck buchdruckern zur liſſa in großpohlen vnd den leipziger buchdruckern von da an uͤberſendet,und erstlich gedruckt durch wigandum funck buchdruckern zur lissa in grosspohlen und den leipziger buchdruckern uon da an ubersendet
oa_jubilaeum_1640,body,745,0,True,100,ZWeyhundert Jahr ſind gleich jetzt dieſes Jahr verfloſſen/,zweyhundert jahr ſind gleich jetzt dieſes jahr verfloſſen,zweyhundert iahr sind gleich ietzt dieses iahr uerflossen
oa_jubilaeum_1640,body,746,0,True,100,O Teutſchland da in dir die Edle Kunſt entſproſſen,o teutſchland da in dir die edle kunſt entſproſſen,o teutschland da in dir die edle kunst entsprossen
oa_jubilaeum_1640,body,747,0,True,100,Der werthen Druckerey. Jetzt ruͤhme wer da kan,der werthen druckerey jetzt ruͤhme wer da kan,der werthen druckerey ietzt ruhme wer da kan
oa_jubilaeum_1640,body,748,0,True,100,GOtt vnd die Kunſt/ vnd was GOtt durch ſie hat gethan.,gott vnd die kunſt vnd was gott durch ſie hat gethan,gott und die kunst und was gott durch sie hat gethan
oa_jubilaeum_1640,body,749,0,True,100,Johannes Guttenberg/ von Adlichem Gebluͤte,johannes guttenberg von adlichem gebluͤte,iohannes guttenberg uon adlichem geblute
oa_jubilaeum_1640,body,750,0,True,100,Recht gut: der auff dem Berg der Muſen ſein Gemuͤte,recht gut der auff dem berg der muſen ſein gemuͤte,recht gut der auff dem berg der musen sein gemute
oa_jubilaeum_1640,body,751,0,True,100,Bey Tag vnd Nacht gewand: den Straßburg hat geborn:,bey tag vnd nacht gewand den straßburg hat geborn,bey tag und nacht gewand den strassburg hat geborn
oa_jubilaeum_1640,body,752,0,True,100,Vnd GOtt fuͤr andern ſelbſt zu ſolchem Werck erkorn:,vnd gott fuͤr andern ſelbſt zu ſolchem werck erkorn,und gott fur andern selbst zu solchem werck erkorn
oa_jubilaeum_1640,body,753,0,True,100,Der hat zu Maintz erdacht/ diß was wir jetzund preiſen.,der hat zu maintz erdacht diß was wir jetzund preiſen,der hat zu maintz erdacht diss was wir ietzund preisen
oa_jubilaeum_1640,body,754,0,True,100,Was Jovius gedenckt/ das ſteht noch zu beweiſen:,was jovius gedenckt das ſteht noch zu beweiſen,was iouius gedenckt das steht noch zu beweisen
oa_jubilaeum_1640,body,755,0,True,100,Der den Erfindungs-Ruhm den Jndianern giebt.,der den erfindungsruhm den jndianern giebt,der den erfindungsruhm den indianern giebt
oa_jubilaeum_1640,body,756,0,True,100,Warumb? aus Neid: vnd daß er/ Teutſchland/ dich nicht liebt.,warumb aus neid vnd daß er teutſchland dich nicht liebt,warumb aus neid und dass er teutschland dich nicht liebt
oa_jubilaeum_1640,body,757,0,True,100,Doch bleibt dir wol diß Lob/ vnd wird dir ewig bleiben/,doch bleibt dir wol diß lob vnd wird dir ewig bleiben,doch bleibt dir wol diss lob und wird dir ewig bleiben
oa_jubilaeum_1640,body,758,0,True,100,Wo/ wann/ vnd weil man wird durch drucken Buͤcher ſchreiben.,wo wann vnd weil man wird durch drucken buͤcher ſchreiben,wo wann und weil man wird durch drucken bucher schreiben
oa_jubilaeum_1640,body,759,0,True,100,Du/ vnd nicht Jndien/ du haſt die Kunſt erdacht/,du vnd nicht jndien du haſt die kunſt erdacht,du und nicht indien du hast die kunst erdacht
oa_jubilaeum_1640,body,760,0,True,100,So alles uͤbertrifft/ was kuͤnſtlich wird geacht.,so alles uͤbertrifft was kuͤnſtlich wird geacht,so alles ubertrifft was kunstlich wird geacht
oa_jubilaeum_1640,body,761,0,True,100,Wer hat/ O Welſchland/ dich mit dieſer Kunſt verehret?,wer hat o welſchland dich mit dieſer kunſt verehret,wer hat o welschland dich mit dieser kunst uerehret
oa_jubilaeum_1640,body,762,0,True,100,Cunradus Teutſcher Schlacht. Wer hat ſie dich gelehret/,cunradus teutſcher schlacht wer hat ſie dich gelehret,cunradus teutscher schlacht wer hat sie dich gelehret
oa_jubilaeum_1640,body,763,0,True,100,Beruͤhmtes Koͤnigreich Neapolis? welch Mann?,beruͤhmtes koͤnigreich neapolis welch mann,beruhmtes konigreich neapolis welch mann
oa_jubilaeum_1640,body,764,0,True,100,Hats Sixtus Ruſinger von Straßburg nicht gethan?,hats sixtus ruſinger von straßburg nicht gethan,hats sixtus rusinger uon strassburg nicht gethan
oa_jubilaeum_1640,body,765,0,True,100,Venedig/ O du Stadt mit Wind vnd Fluth vmbfloſſen/,venedig o du stadt mit wind vnd fluth vmbfloſſen,uenedig o du stadt mit wind und fluth umbflossen
oa_jubilaeum_1640,body,766,0,True,100,Du/ du haſt dieſer Kunſt bald Anfangs wol genoſſen.,du du haſt dieſer kunſt bald anfangs wol genoſſen,du du hast dieser kunst bald anfangs wol genossen
oa_jubilaeum_1640,body,767,0,True,100,Du haſt der Drucker Preiß vnd Ruhm ſehr hoch gebracht:,du haſt der drucker preiß vnd ruhm ſehr hoch gebracht,du hast der drucker preiss und ruhm sehr hoch gebracht
oa_jubilaeum_1640,body,768,0,True,100,Vnd was vor kuͤnſtlich war/ noch kuͤnſtlicher erdacht.,vnd was vor kuͤnſtlich war noch kuͤnſtlicher erdacht,und was uor kunstlich war noch kunstlicher erdacht
oa_jubilaeum_1640,body,769,0,True,101,Woher? durch Teutſchen Witz/ der dir von Augſpurg kommen. a,woher durch teutſchen witz der dir von augſpurg kommen a,woher durch teutschen witz der dir uon augspurg kommen a
oa_jubilaeum_1640,body,770,0,True,101,(Laß Mißgunſt abermal mit jhren Voͤlckern brummen/,laß mißgunſt abermal mit jhren voͤlckern brummen,lass missgunst abermal mit ihren uolckern brummen
oa_jubilaeum_1640,body,771,0,True,101,So lang es jhr gefellt/) Wer hat/ O Rom/ du Zier,so lang es jhr gefellt wer hat o rom du zier,so lang es ihr gefellt wer hat o rom du zier
oa_jubilaeum_1640,body,772,0,True,101,Vnd Haupt der gantzen Welt/ wer hat gedruckt in dir,vnd haupt der gantzen welt wer hat gedruckt in dir,und haupt der gantzen welt wer hat gedruckt in dir
oa_jubilaeum_1640,body,773,0,True,101,Das allererſte Buch? ein Teutſcher hat erworben,das allererſte buch ein teutſcher hat erworben,das allererste buch ein teutscher hat erworben
oa_jubilaeum_1640,body,774,0,True,101,Diß Lob: der auch hernach zu Heidelberg geſtorben/,diß lob der auch hernach zu heidelberg geſtorben,diss lob der auch hernach zu heidelberg gestorben
oa_jubilaeum_1640,body,775,0,True,101,Johann von Laudebach. Die Grabſchrifft weiſets aus/,johann von laudebach die grabſchrifft weiſets aus,iohann uon laudebach die grabschrifft weisets aus
oa_jubilaeum_1640,body,776,0,True,101,Jn Meſſing eingeetzt. Da wo jhr Gotteshaus,jn meſſing eingeetzt da wo jhr gotteshaus,in messing eingeetzt da wo ihr gotteshaus
oa_jubilaeum_1640,body,777,0,True,101,Laͤngſt auffgerichtet hat der Auguſtiner Orden. b,laͤngſt auffgerichtet hat der auguſtiner orden b,langst auffgerichtet hat der augustiner orden b
oa_jubilaeum_1640,body,778,0,True,101,Fragſt du/ wes Buͤcher denn wol ſind die erſten worden/,fragſt du wes buͤcher denn wol ſind die erſten worden,fragst du wes bucher denn wol sind die ersten worden
oa_jubilaeum_1640,body,779,0,True,101,So vns die Drucker-Kunſt ans Liecht gegeben hat? c,so vns die druckerkunſt ans liecht gegeben hat c,so uns die druckerkunst ans liecht gegeben hat c
oa_jubilaeum_1640,body,780,0,True,101,Die Auguſtini Hand von dir du GOttes Stadt,die auguſtini hand von dir du gottes stadt,die augustini hand uon dir du gottes stadt
oa_jubilaeum_1640,body,781,0,True,101,Mit Nutz geſchrieben hat: Wodurch er vns wil luͤfften,mit nutz geſchrieben hat wodurch er vns wil luͤfften,mit nutz geschrieben hat wodurch er uns wil lufften
oa_jubilaeum_1640,body,782,0,True,101,Das eingeklemte Hertz. Vnd dann zugleich die Schrifften:,das eingeklemte hertz vnd dann zugleich die schrifften,das eingeklemte hertz und dann zugleich die schrifften
oa_jubilaeum_1640,body,783,0,True,101,Damit Lactantius/ getrieben durch den Geiſt,damit lactantius getrieben durch den geiſt,damit lactantius getrieben durch den geist
oa_jubilaeum_1640,body,784,0,True,101,Des Hoͤchſten/ was falſch iſt/ aus vnſerm Hertzen reiſt.,des hoͤchſten was falſch iſt aus vnſerm hertzen reiſt,des hochsten was falsch ist aus unserm hertzen reist
oa_jubilaeum_1640,body,785,0,True,101,Johannes Fauſt/ ein Mann gluͤckſelig mit dem Namen/,johannes fauſt ein mann gluͤckſelig mit dem namen,iohannes faust ein mann gluckselig mit dem namen
oa_jubilaeum_1640,body,786,0,True,101,Gluͤckſelig auch an Kunſt/ ein Weitz aus reinem Saamen/,gluͤckſelig auch an kunſt ein weitz aus reinem saamen,gluckselig auch an kunst ein weitz aus reinem saamen
oa_jubilaeum_1640,body,787,0,True,101,Ein from gottfuͤrchtig Mann/ der hat das ſchoͤne Buch;,ein from gottfuͤrchtig mann der hat das ſchoͤne buch,ein from gottfurchtig mann der hat das schone buch
oa_jubilaeum_1640,body,788,0,True,101,Darinnen Cicero der Tugenden Geruch/,darinnen cicero der tugenden geruch,darinnen cicero der tugenden geruch
oa_jubilaeum_1640,body,789,0,True,101,Was nutz vnd erbar iſt/ mit ſolcher Farb abmahlet:,was nutz vnd erbar iſt mit ſolcher farb abmahlet,was nutz und erbar ist mit solcher farb abmahlet
oa_jubilaeum_1640,body,790,0,True,101,Daß jeder ſpuͤren kan/ wie Recht vnd Vnrecht zahlet;,daß jeder ſpuͤren kan wie recht vnd vnrecht zahlet,dass ieder spuren kan wie recht und unrecht zahlet
oa_jubilaeum_1640,body,791,0,True,101,Zum erſten mal gedruckt: vnd zwar ſo ſchoͤn vnd rein/,zum erſten mal gedruckt vnd zwar ſo ſchoͤn vnd rein,zum ersten mal gedruckt und zwar so schon und rein
oa_jubilaeum_1640,body,792,0,True,101,Daß jhm auch mancher Druck jetzt nicht wird gleiche ſeyn. d,daß jhm auch mancher druck jetzt nicht wird gleiche ſeyn d,dass ihm auch mancher druck ietzt nicht wird gleiche seyn d
oa_jubilaeum_1640,body,793,0,True,101,Der diß nicht glauben wil/ der mag nach Augſpurg reiſen:,der diß nicht glauben wil der mag nach augſpurg reiſen,der diss nicht glauben wil der mag nach augspurg reisen
oa_jubilaeum_1640,body,794,0,True,101,Er mag gen Marpurg gehn: Dort vnd hier wird jhm weiſen/,er mag gen marpurg gehn dort vnd hier wird jhm weiſen,er mag gen marpurg gehn dort und hier wird ihm weisen
oa_jubilaeum_1640,body,795,0,True,101,Was ich jetzt angemeldt/ die ſchoͤne Liberey:,was ich jetzt angemeldt die ſchoͤne liberey,was ich ietzt angemeldt die schone liberey
oa_jubilaeum_1640,body,796,0,True,101,Schaw an die Schrifft/ vnd ſag/ ob ſie nicht ſauber ſey?,schaw an die schrifft vnd ſag ob ſie nicht ſauber ſey,schaw an die schrifft und sag ob sie nicht sauber sey
oa_jubilaeum_1640,body,797,0,True,101,Die Bibel/ GOttes Buch/ iſt vngedruckt nicht blieben/,die bibel gottes buch iſt vngedruckt nicht blieben,die bibel gottes buch ist ungedruckt nicht blieben
oa_jubilaeum_1640,body,798,0,True,101,Es hat ſie dieſes Jahr/ durch GOttes Geiſt getrieben/,es hat ſie dieſes jahr durch gottes geiſt getrieben,es hat sie dieses iahr durch gottes geist getrieben
oa_jubilaeum_1640,body,799,0,True,101,Jan-Bemler in Latein zu Augſpurg auffgelegt:,janbemler in latein zu augſpurg auffgelegt,ianbemler in latein zu augspurg auffgelegt
oa_jubilaeum_1640,body,800,0,True,101,Der noch zu Danck vnd Lohn ſein Ehren-Kraͤntzlein traͤgt.,der noch zu danck vnd lohn ſein ehrenkraͤntzlein traͤgt,der noch zu danck und lohn sein ehrenkrantzlein tragt
oa_jubilaeum_1640,body,801,0,True,101,Die Kunſt hat GOtt der Welt/ wenn man es recht bedencket:,die kunſt hat gott der welt wenn man es recht bedencket,die kunst hat gott der welt wenn man es recht bedencket
oa_jubilaeum_1640,body,802,0,True,101,Fuͤr jhrem Ende noch aus ſonder Gunſt geſchencket:,fuͤr jhrem ende noch aus ſonder gunſt geſchencket,fur ihrem ende noch aus sonder gunst geschencket
oa_jubilaeum_1640,body,803,0,True,101,Auff daß durch ſie das Wort des Heyls in alle Welt,auff daß durch ſie das wort des heyls in alle welt,auff dass durch sie das wort des heyls in alle welt
oa_jubilaeum_1640,body,804,0,True,101,Sich moͤchte breiten aus: Auch wo nicht iſt beſtellt.,sich moͤchte breiten aus auch wo nicht iſt beſtellt,sich mochte breiten aus auch wo nicht ist bestellt
oa_jubilaeum_1640,body,805,0,True,102,Das Kirch- vnd Predig-Ampt: Ja wo die Tuͤrcken herrſchen,das kirch vnd predigampt ja wo die tuͤrcken herrſchen,das kirch und predigampt ia wo die turcken herrschen
oa_jubilaeum_1640,body,806,0,True,102,Bey jhrem Alcoran: wo Scyten/ wo die Perſen,bey jhrem alcoran wo scyten wo die perſen,bey ihrem alcoran wo scyten wo die persen
oa_jubilaeum_1640,body,807,0,True,102,Der Chriſten Feind vnd Gifft in Jrrthumb ſind verſtrickt:,der chriſten feind vnd gifft in jrrthumb ſind verſtrickt,der christen feind und gifft in irrthumb sind uerstrickt
oa_jubilaeum_1640,body,808,0,True,102,Dahin wird jetzund noch ſo manches Buch geſchickt.,dahin wird jetzund noch ſo manches buch geſchickt,dahin wird ietzund noch so manches buch geschickt
oa_jubilaeum_1640,body,809,0,True,102,Es kam ein Patriarch e fern aus der Syrer Lande,es kam ein patriarch e fern aus der syrer lande,es kam ein patriarch e fern aus der syrer lande
oa_jubilaeum_1640,body,810,0,True,102,Gen Rom/ vnd in die Stadt/ die Gott mit ſtarckem Bande,gen rom vnd in die stadt die gott mit ſtarckem bande,gen rom und in die stadt die gott mit starckem bande
oa_jubilaeum_1640,body,811,0,True,102,So feſt hat angehefft: daß ſie doch nicht verſinckt:,so feſt hat angehefft daß ſie doch nicht verſinckt,so fest hat angehefft dass sie doch nicht uersinckt
oa_jubilaeum_1640,body,812,0,True,102,Ob ſie gleich uͤmb vnd uͤmb das Meer in ſich eintrinckt.,ob ſie gleich uͤmb vnd uͤmb das meer in ſich eintrinckt,ob sie gleich umb und umb das meer in sich eintrinckt
oa_jubilaeum_1640,body,813,0,True,102,Der bat/ man wolt jhm doch in Syrer Sprache druͤcken,der bat man wolt jhm doch in syrer sprache druͤcken,der bat man wolt ihm doch in syrer sprache drucken
oa_jubilaeum_1640,body,814,0,True,102,Des Newen Bundes Buch. Es kont jhm nicht geluͤcken,des newen bundes buch es kont jhm nicht geluͤcken,des newen bundes buch es kont ihm nicht gelucken
oa_jubilaeum_1640,body,815,0,True,102,Er muſt in Teutſchland ziehn. Jan Albrecht Widman-,er muſt in teutſchland ziehn jan albrecht widman,er must in teutschland ziehn ian albrecht widman
oa_jubilaeum_1640,body,816,0,True,102,Ein Herr aus Oeſterreich/ des Ferdinandi Rath (ſtad/,ein herr aus oeſterreich des ferdinandi rath ſtad,ein herr aus oesterreich des ferdinandi rath stad
oa_jubilaeum_1640,body,818,0,True,102,Vnd Cantzler/ der halff jhm zu Wien den Wundſch erfuͤllen:,vnd cantzler der halff jhm zu wien den wundſch erfuͤllen,und cantzler der halff ihm zu wien den wundsch erfullen
oa_jubilaeum_1640,body,819,0,True,102,Vnd neigete zu jhm des Keyſers Hertz vnd Willen.,vnd neigete zu jhm des keyſers hertz vnd willen,und neigete zu ihm des keysers hertz und willen
oa_jubilaeum_1640,body,820,0,True,102,Bald ward der Schluß gemacht. Der fromme Keyſer ſprach:,bald ward der schluß gemacht der fromme keyſer ſprach,bald ward der schluss gemacht der fromme keyser sprach
oa_jubilaeum_1640,body,821,0,True,102,Was GOTTES Ehr angeht/ das muß nicht bleiben nach.,was gottes ehr angeht das muß nicht bleiben nach,was gottes ehr angeht das muss nicht bleiben nach
oa_jubilaeum_1640,body,822,0,True,102,Hier ſparen iſt Verluſt. Er lies daſelbſt aufflegen,hier ſparen iſt verluſt er lies daſelbſt aufflegen,hier sparen ist uerlust er lies daselbst aufflegen
oa_jubilaeum_1640,body,823,0,True,102,Solch Buch/ das heilge Buch: Wie fromme Keyſer pflegen,solch buch das heilge buch wie fromme keyſer pflegen,solch buch das heilge buch wie fromme keyser pflegen
oa_jubilaeum_1640,body,824,0,True,102,Der Vnterthanen Heyl vnd Wolfahrt jederzeit,der vnterthanen heyl vnd wolfahrt jederzeit,der unterthanen heyl und wolfahrt iederzeit
oa_jubilaeum_1640,body,825,0,True,102,Zu foͤrdern/ daß ſie auch ins Reich der Seligkeit,zu foͤrdern daß ſie auch ins reich der seligkeit,zu fordern dass sie auch ins reich der seligkeit
oa_jubilaeum_1640,body,826,0,True,102,Mit Frewden koͤnnen gehn/ vnd fuͤnckeln wie die Strahlen,mit frewden koͤnnen gehn vnd fuͤnckeln wie die strahlen,mit frewden konnen gehn und funckeln wie die strahlen
oa_jubilaeum_1640,body,827,0,True,102,Der Sonnen ewiglich: Diß wird zu tauſendmalen,der sonnen ewiglich diß wird zu tauſendmalen,der sonnen ewiglich diss wird zu tausendmalen
oa_jubilaeum_1640,body,828,0,True,102,Den Chriſten zugebracht/ da wo das heilge Land,den chriſten zugebracht da wo das heilge land,den christen zugebracht da wo das heilge land
oa_jubilaeum_1640,body,829,0,True,102,Vorzeiten war: vnd jetzt regiert mit grimmer Hand,vorzeiten war vnd jetzt regiert mit grimmer hand,uorzeiten war und ietzt regiert mit grimmer hand
oa_jubilaeum_1640,body,830,0,True,102,Der Sarazenen Haͤupt. Die nahmens an mit Frewden/,der sarazenen haͤupt die nahmens an mit frewden,der sarazenen haupt die nahmens an mit frewden
oa_jubilaeum_1640,body,831,0,True,102,Vnd ſprachen: Nun wolan/ wir wollen gerne leiden,vnd ſprachen nun wolan wir wollen gerne leiden,und sprachen nun wolan wir wollen gerne leiden
oa_jubilaeum_1640,body,832,0,True,102,Das Joch der Dienſtbarkeit: weil vns der Schatz zukoͤmt/,das joch der dienſtbarkeit weil vns der schatz zukoͤmt,das ioch der dienstbarkeit weil uns der schatz zukomt
oa_jubilaeum_1640,body,833,0,True,102,Der vns im Glauben ſtaͤrckt/ vnd alles Leid benimt.,der vns im glauben ſtaͤrckt vnd alles leid benimt,der uns im glauben starckt und alles leid benimt
oa_jubilaeum_1640,body,834,0,True,102,Jetzt weis ich nicht/ wen ich allhier ſoll mehr erheben:,jetzt weis ich nicht wen ich allhier ſoll mehr erheben,ietzt weis ich nicht wen ich allhier soll mehr erheben
oa_jubilaeum_1640,body,835,0,True,102,Den Prieſter/ oder den/ der ſich ſonſt hat ergeben,den prieſter oder den der ſich ſonſt hat ergeben,den priester oder den der sich sonst hat ergeben
oa_jubilaeum_1640,body,836,0,True,102,Gantz der Regierungs-Laſt. Von Antiochia,gantz der regierungslaſt von antiochia,gantz der regierungslast uon antiochia
oa_jubilaeum_1640,body,837,0,True,102,Kam jener mit dem Buch/ vnd blieb ſo lange da/,kam jener mit dem buch vnd blieb ſo lange da,kam iener mit dem buch und blieb so lange da
oa_jubilaeum_1640,body,838,0,True,102,Biß es verfertigt war. Er ließ ſich nicht verdrieſſen/,biß es verfertigt war er ließ ſich nicht verdrieſſen,biss es uerfertigt war er liess sich nicht uerdriessen
oa_jubilaeum_1640,body,839,0,True,102,Wie auch der Cantzler ſelbſt/ zu gehn auff wackern Fuͤſſen,wie auch der cantzler ſelbſt zu gehn auff wackern fuͤſſen,wie auch der cantzler selbst zu gehn auff wackern fussen
oa_jubilaeum_1640,body,840,0,True,102,Offt in die Druckerey. Sie nahmen williglich,offt in die druckerey sie nahmen williglich,offt in die druckerey sie nahmen williglich
oa_jubilaeum_1640,body,841,0,True,102,Die Correctur/ die doch ſehr muͤhſam iſt/ auff ſich.,die correctur die doch ſehr muͤhſam iſt auff ſich,die correctur die doch sehr muhsam ist auff sich
oa_jubilaeum_1640,body,842,0,True,103,O groſſes Cantzler-Lob! Ein ſolcher Welt-Mann ſtehet,o groſſes cantzlerlob ein ſolcher weltmann ſtehet,o grosses cantzlerlob ein solcher weltmann stehet
oa_jubilaeum_1640,body,843,0,True,103,Jn Vngluͤck als ein Felß. Er wird auch dort erhoͤhet/,jn vngluͤck als ein felß er wird auch dort erhoͤhet,in ungluck als ein felss er wird auch dort erhohet
oa_jubilaeum_1640,body,844,0,True,103,Wo Joſeph/ Daniel vnd O bad Jas ſtehn,wo joſeph daniel vnd o bad jas ſtehn,wo ioseph daniel und o bad ias stehn
oa_jubilaeum_1640,body,845,0,True,103,Fuͤr GOttes Ehren-Thron in Klarheit: die ſo ſchoͤn/,fuͤr gottes ehrenthron in klarheit die ſo ſchoͤn,fur gottes ehrenthron in klarheit die so schon
oa_jubilaeum_1640,body,846,0,True,103,Gleich wie der Sonnen-Glantz/ wenn ſie mit zwey paar Pferden,gleich wie der sonnenglantz wenn ſie mit zwey paar pferden,gleich wie der sonnenglantz wenn sie mit zwey paar pferden
oa_jubilaeum_1640,body,847,0,True,103,Fruͤh-Morgens faͤhret aus: Vnd auff den Kreiß der Erden,fruͤhmorgens faͤhret aus vnd auff den kreiß der erden,fruhmorgens fahret aus und auff den kreiss der erden
oa_jubilaeum_1640,body,848,0,True,103,Die hellen Strahlen wirfft. Wol dem/ wer folget dir/,die hellen strahlen wirfft wol dem wer folget dir,die hellen strahlen wirfft wol dem wer folget dir
oa_jubilaeum_1640,body,849,0,True,103,Vnd foͤdern hilfft den Lauff des Wortes mit Begier.,vnd foͤdern hilfft den lauff des wortes mit begier,und fodern hilfft den lauff des wortes mit begier
oa_jubilaeum_1640,body,850,0,True,103,Noch mehr: das edle f Buch/ darinnen wir bekennen/,noch mehr das edle f buch darinnen wir bekennen,noch mehr das edle f buch darinnen wir bekennen
oa_jubilaeum_1640,body,851,0,True,103,Was vnſer Glaube ſey: Vnd vns von allem trennen/,was vnſer glaube ſey vnd vns von allem trennen,was unser glaube sey und uns uon allem trennen
oa_jubilaeum_1640,body,852,0,True,103,Das nur auff Menſchen-Lehr vnd eigne Grillen gafft:,das nur auff menſchenlehr vnd eigne grillen gafft,das nur auff menschenlehr und eigne grillen gafft
oa_jubilaeum_1640,body,853,0,True,103,Da man durch Gottesdienſt nur treibet Kauffmanſchafft.,da man durch gottesdienſt nur treibet kauffmanſchafft,da man durch gottesdienst nur treibet kauffmanschafft
oa_jubilaeum_1640,body,854,0,True,103,Diß Buch/ ſo durch kein Lob der Menſch gnung kan erheben:,diß buch ſo durch kein lob der menſch gnung kan erheben,diss buch so durch kein lob der mensch gnung kan erheben
oa_jubilaeum_1640,body,855,0,True,103,Das Keyſer Carolo dem Fuͤnfften ward gegeben,das keyſer carolo dem fuͤnfften ward gegeben,das keyser carolo dem funfften ward gegeben
oa_jubilaeum_1640,body,856,0,True,103,Zu Augſpurg in die Hand mit Vnterthaͤnigkeit/,zu augſpurg in die hand mit vnterthaͤnigkeit,zu augspurg in die hand mit unterthanigkeit
oa_jubilaeum_1640,body,857,0,True,103,Diß ward mit Nutz vnd Ruhm der gantzen Chriſtenheit,diß ward mit nutz vnd ruhm der gantzen chriſtenheit,diss ward mit nutz und ruhm der gantzen christenheit
oa_jubilaeum_1640,body,858,0,True,103,Jn Griechiſch uͤberſetzt/ gedruckt vnd wol gebunden,jn griechiſch uͤberſetzt gedruckt vnd wol gebunden,in griechisch ubersetzt gedruckt und wol gebunden
oa_jubilaeum_1640,body,859,0,True,103,Den Chriſten zugeſchickt: darinnen ſie gefunden/,den chriſten zugeſchickt darinnen ſie gefunden,den christen zugeschickt darinnen sie gefunden
oa_jubilaeum_1640,body,860,0,True,103,Was rechte Lehre ſey: Wie da des Hoͤchſten Hand,was rechte lehre ſey wie da des hoͤchſten hand,was rechte lehre sey wie da des hochsten hand
oa_jubilaeum_1640,body,861,0,True,103,Die Sach hinaus gefuͤhrt: vnd alles abgewand/,die sach hinaus gefuͤhrt vnd alles abgewand,die sach hinaus gefuhrt und alles abgewand
oa_jubilaeum_1640,body,862,0,True,103,Was vns beſchaͤmen wolt/ vnd vnſern Glauben daͤmpffen.,was vns beſchaͤmen wolt vnd vnſern glauben daͤmpffen,was uns beschamen wolt und unsern glauben dampffen
oa_jubilaeum_1640,body,863,0,True,103,Die Edle Drucker-Kunſt tritt auff/ vnd hilfft dir kaͤmpffen/,die edle druckerkunſt tritt auff vnd hilfft dir kaͤmpffen,die edle druckerkunst tritt auff und hilfft dir kampffen
oa_jubilaeum_1640,body,864,0,True,103,Dir du gelehrte Schaar: daß deine Kunſt vnd Zier,dir du gelehrte schaar daß deine kunſt vnd zier,dir du gelehrte schaar dass deine kunst und zier
oa_jubilaeum_1640,body,865,0,True,103,Jn aller Welt beſteh/ vnd gruͤne fuͤr vnd fuͤr/,jn aller welt beſteh vnd gruͤne fuͤr vnd fuͤr,in aller welt besteh und grune fur und fur
oa_jubilaeum_1640,body,866,0,True,103,Was du geſchrieben haſt. Sie kan vnſterblich machen,was du geſchrieben haſt sie kan vnſterblich machen,was du geschrieben hast sie kan unsterblich machen
oa_jubilaeum_1640,body,867,0,True,103,Dich/ der du ſterblich biſt. Durch ſie kanſtu verlachen/,dich der du ſterblich biſt durch ſie kanſtu verlachen,dich der du sterblich bist durch sie kanstu uerlachen
oa_jubilaeum_1640,body,868,0,True,103,So vielen ſchaͤdlich iſt/ der Zeit vnd Jahre Roſt.,so vielen ſchaͤdlich iſt der zeit vnd jahre roſt,so uielen schadlich ist der zeit und iahre rost
oa_jubilaeum_1640,body,869,0,True,103,Ja/ was vor Alters hat ein groſſes Geld gekoſt:,ja was vor alters hat ein groſſes geld gekoſt,ia was uor alters hat ein grosses geld gekost
oa_jubilaeum_1640,body,870,0,True,103,Da vns die Buͤcher noch des Schreibers Fauſt geſchrieben:,da vns die buͤcher noch des schreibers fauſt geſchrieben,da uns die bucher noch des schreibers faust geschrieben
oa_jubilaeum_1640,body,871,0,True,103,Das iſt wol hundertfach dir jetzt im Seckel blieben.,das iſt wol hundertfach dir jetzt im seckel blieben,das ist wol hundertfach dir ietzt im seckel blieben
oa_jubilaeum_1640,body,872,0,True,103,Wer deine Verß abſchrieb/ O du von Salamin/,wer deine verß abſchrieb o du von salamin,wer deine uerss abschrieb o du uon salamin
oa_jubilaeum_1640,body,873,0,True,103,Du der Poeten Fuͤrſt/ was war wol dein Gewinn?,du der poeten fuͤrſt was war wol dein gewinn,du der poeten furst was war wol dein gewinn
oa_jubilaeum_1640,body,874,0,True,103,Offt tauſend Cronen werth. Jetzt kan ich mir ſie kauffen,offt tauſend cronen werth jetzt kan ich mir ſie kauffen,offt tausend cronen werth ietzt kan ich mir sie kauffen
oa_jubilaeum_1640,body,875,0,True,103,Fuͤr ſo viel Geld/ das wol manch Schlucker darff verſauffen,fuͤr ſo viel geld das wol manch schlucker darff verſauffen,fur so uiel geld das wol manch schlucker darff uersauffen
oa_jubilaeum_1640,body,876,0,True,103,Auff einen halben Tag mit naſſer Bruͤderſchafft:,auff einen halben tag mit naſſer bruͤderſchafft,auff einen halben tag mit nasser bruderschafft
oa_jubilaeum_1640,body,877,0,True,103,Er trincke was er wil/ Bier oder Rebenſafft.,er trincke was er wil bier oder rebenſafft,er trincke was er wil bier oder rebensafft
oa_jubilaeum_1640,body,878,0,True,104,Wenn Nerons Schreiber ſitzt/ vnd alle Buͤcher zehlet,wenn nerons schreiber ſitzt vnd alle buͤcher zehlet,wenn nerons schreiber sitzt und alle bucher zehlet
oa_jubilaeum_1640,body,879,0,True,104,Jn ſeiner Liberey: Wo jhm davon nichts fehlet/,jn ſeiner liberey wo jhm davon nichts fehlet,in seiner liberey wo ihm dauon nichts fehlet
oa_jubilaeum_1640,body,880,0,True,104,So ſiehet er fuͤr jhm wol dreyſſig tauſend ſtehn.,so ſiehet er fuͤr jhm wol dreyſſig tauſend ſtehn,so siehet er fur ihm wol dreyssig tausend stehn
oa_jubilaeum_1640,body,881,0,True,104,Ach wie viel Arbeit/ Zeit vnd Geld wuͤrd jetzt auffgehn/,ach wie viel arbeit zeit vnd geld wuͤrd jetzt auffgehn,ach wie uiel arbeit zeit und geld wurd ietzt auffgehn
oa_jubilaeum_1640,body,882,0,True,104,Wenn man ſie zeigen ſolt. Ach wer wolt jetzt auffwenden,wenn man ſie zeigen ſolt ach wer wolt jetzt auffwenden,wenn man sie zeigen solt ach wer wolt ietzt auffwenden
oa_jubilaeum_1640,body,883,0,True,104,Diß was ſie auffgewand? Wie wuͤrde man doch ſchaͤnden,diß was ſie auffgewand wie wuͤrde man doch ſchaͤnden,diss was sie auffgewand wie wurde man doch schanden
oa_jubilaeum_1640,body,884,0,True,104,Die Kunſt/ vnd wer ſie uͤbt! Nun durch die Druckerey,die kunſt vnd wer ſie uͤbt nun durch die druckerey,die kunst und wer sie ubt nun durch die druckerey
oa_jubilaeum_1640,body,885,0,True,104,Sind wir der Muͤh/ ſind wir der Speſen jetzund frey.,sind wir der muͤh ſind wir der speſen jetzund frey,sind wir der muh sind wir der spesen ietzund frey
oa_jubilaeum_1640,body,886,0,True,104,Zu dem/ die Feder laͤufft zwar ſchnell/ vnd ſchreibt viel Sachen:,zu dem die feder laͤufft zwar ſchnell vnd ſchreibt viel sachen,zu dem die feder laufft zwar schnell und schreibt uiel sachen
oa_jubilaeum_1640,body,887,0,True,104,Doch kan die Druckerey diß alles fertig machen,doch kan die druckerey diß alles fertig machen,doch kan die druckerey diss alles fertig machen
oa_jubilaeum_1640,body,888,0,True,104,Viel ſchneller. Sie verbringt vnd druckt auff einen Tag,viel ſchneller sie verbringt vnd druckt auff einen tag,uiel schneller sie uerbringt und druckt auff einen tag
oa_jubilaeum_1640,body,889,0,True,104,Wol mehr/ als durch die Schrifft ein gantzes Jahr vermag.,wol mehr als durch die schrifft ein gantzes jahr vermag,wol mehr als durch die schrifft ein gantzes iahr uermag
oa_jubilaeum_1640,body,890,0,True,104,Wer weiß der Buͤcher Zahl? Vnd ſolt er ſie auch wiſſen/,wer weiß der buͤcher zahl vnd ſolt er ſie auch wiſſen,wer weiss der bucher zahl und solt er sie auch wissen
oa_jubilaeum_1640,body,891,0,True,104,So koͤnt er ſie doch faſt in keine Zahl verſchlieſſen/,so koͤnt er ſie doch faſt in keine zahl verſchlieſſen,so kont er sie doch fast in keine zahl uerschliessen
oa_jubilaeum_1640,body,892,0,True,104,Auch nicht nur ſprechen aus. Daß jetzt manch tapffer Mann/,auch nicht nur ſprechen aus daß jetzt manch tapffer mann,auch nicht nur sprechen aus dass ietzt manch tapffer mann
oa_jubilaeum_1640,body,893,0,True,104,Der laͤngſt verfaulet ligt/ mit vns noch reden kan/,der laͤngſt verfaulet ligt mit vns noch reden kan,der langst uerfaulet ligt mit uns noch reden kan
oa_jubilaeum_1640,body,894,0,True,104,Auch ohne Zung vnd Mund: Daß du den recht kanſt kennen/,auch ohne zung vnd mund daß du den recht kanſt kennen,auch ohne zung und mund dass du den recht kanst kennen
oa_jubilaeum_1640,body,895,0,True,104,Den du nie haſt geſehn/ ja jhn mit Namen nennen/,den du nie haſt geſehn ja jhn mit namen nennen,den du nie hast gesehn ia ihn mit namen nennen
oa_jubilaeum_1640,body,896,0,True,104,Vnd wiſſen/ was er hat gewuſt: Daß du traͤgſt Gunſt,vnd wiſſen was er hat gewuſt daß du traͤgſt gunſt,und wissen was er hat gewust dass du tragst gunst
oa_jubilaeum_1640,body,897,0,True,104,Zu dem/ der dich nicht liebt/ das macht die Drucker-Kunſt.,zu dem der dich nicht liebt das macht die druckerkunſt,zu dem der dich nicht liebt das macht die druckerkunst
oa_jubilaeum_1640,body,898,0,True,104,Wer kont/ Apollo/ dir zuvor auff Pindus dienen/,wer kont apollo dir zuvor auff pindus dienen,wer kont apollo dir zuuor auff pindus dienen
oa_jubilaeum_1640,body,899,0,True,104,Wo Kunſt vnd Wiſſenſchafft mit vollem Ruhme gruͤnen?,wo kunſt vnd wiſſenſchafft mit vollem ruhme gruͤnen,wo kunst und wissenschafft mit uollem ruhme grunen
oa_jubilaeum_1640,body,900,0,True,104,Nur der/ dem Tagus Fluß ſein rothes Gold verehrt.,nur der dem tagus fluß ſein rothes gold verehrt,nur der dem tagus fluss sein rothes gold uerehrt
oa_jubilaeum_1640,body,901,0,True,104,Der Arme war ſchabab/ vnd blieb nur vngelehrt:,der arme war ſchabab vnd blieb nur vngelehrt,der arme war schabab und blieb nur ungelehrt
oa_jubilaeum_1640,body,902,0,True,104,Weil er das Schreiber-Lohn nicht hatte zu erlegen/,weil er das schreiberlohn nicht hatte zu erlegen,weil er das schreiberlohn nicht hatte zu erlegen
oa_jubilaeum_1640,body,903,0,True,104,Er muſt an ſtatt der Kunſt zu Felde ziehn/ Holtz ſegen/,er muſt an ſtatt der kunſt zu felde ziehn holtz ſegen,er must an statt der kunst zu felde ziehn holtz segen
oa_jubilaeum_1640,body,904,0,True,104,Vnd eſeln Tag vnd Nacht/ nach Roß- vnd Efels-Art:,vnd eſeln tag vnd nacht nach roß vnd efelsart,und eseln tag und nacht nach ross und efelsart
oa_jubilaeum_1640,body,905,0,True,104,Ob ſchon manch feiner Kopff auch da gefunden ward.,ob ſchon manch feiner kopff auch da gefunden ward,ob schon manch feiner kopff auch da gefunden ward
oa_jubilaeum_1640,body,906,0,True,104,Jetzt kan der Reich/ jetzt kan der Arme Buͤcher haben:,jetzt kan der reich jetzt kan der arme buͤcher haben,ietzt kan der reich ietzt kan der arme bucher haben
oa_jubilaeum_1640,body,907,0,True,104,Vnd wo Bellerophon den Brunnen hat gegraben/,vnd wo bellerophon den brunnen hat gegraben,und wo bellerophon den brunnen hat gegraben
oa_jubilaeum_1640,body,908,0,True,104,Der vns die Kuͤnſt eingeuſt/ ſich beyde wenden hin,der vns die kuͤnſt eingeuſt ſich beyde wenden hin,der uns die kunst eingeust sich beyde wenden hin
oa_jubilaeum_1640,body,909,0,True,104,Wie ich auch ohne Geld den Weg gereiſet bin.,wie ich auch ohne geld den weg gereiſet bin,wie ich auch ohne geld den weg gereiset bin
oa_jubilaeum_1640,body,910,0,True,104,Da lehrt Minerva dich/ wie du/ O zarte Jugend/,da lehrt minerva dich wie du o zarte jugend,da lehrt minerua dich wie du o zarte iugend
oa_jubilaeum_1640,body,911,0,True,104,Fein vnterſcheiden ſolt das Laſter von der Tugend.,fein vnterſcheiden ſolt das laſter von der tugend,fein unterscheiden solt das laster uon der tugend
oa_jubilaeum_1640,body,912,0,True,104,Du lerneſt da/ was Dorn vnd Roſe/ Gold vnd Bley/,du lerneſt da was dorn vnd roſe gold vnd bley,du lernest da was dorn und rose gold und bley
oa_jubilaeum_1640,body,913,0,True,104,Was Weitzen oder Sprew/ was gut vnd boͤſe ſey.,was weitzen oder sprew was gut vnd boͤſe ſey,was weitzen oder sprew was gut und bose sey
oa_jubilaeum_1640,body,914,0,True,105,Du ſiehſt den hellen Tag an jetzt in allen Kuͤnſten,du ſiehſt den hellen tag an jetzt in allen kuͤnſten,du siehst den hellen tag an ietzt in allen kunsten
oa_jubilaeum_1640,body,915,0,True,105,Vnd Sprachen: Die vorhin bedeckt mit Nebel-Duͤnſten.,vnd sprachen die vorhin bedeckt mit nebelduͤnſten,und sprachen die uorhin bedeckt mit nebeldunsten
oa_jubilaeum_1640,body,916,0,True,105,Was machts: Die Drucker-Kunſt. Jetzt kan ein Ley jhm auch,was machts die druckerkunſt jetzt kan ein ley jhm auch,was machts die druckerkunst ietzt kan ein ley ihm auch
oa_jubilaeum_1640,body,917,0,True,105,Die Bibel/ GOttes Buch erkauffen/ vnd den Rauch,die bibel gottes buch erkauffen vnd den rauch,die bibel gottes buch erkauffen und den rauch
oa_jubilaeum_1640,body,918,0,True,105,Entſcheiden von der Glut/ die Warheit von der Luͤgen/,entſcheiden von der glut die warheit von der luͤgen,entscheiden uon der glut die warheit uon der lugen
oa_jubilaeum_1640,body,919,0,True,105,Das Liecht vom Finſternuͤß. Wil jhn ein Geiſt betriegen/,das liecht vom finſternuͤß wil jhn ein geiſt betriegen,das liecht uom finsternuss wil ihn ein geist betriegen
oa_jubilaeum_1640,body,920,0,True,105,Ein Geiſt der nicht von GOtt: So nimmt er GOttes Brieff,ein geiſt der nicht von gott so nimmt er gottes brieff,ein geist der nicht uon gott so nimmt er gottes brieff
oa_jubilaeum_1640,body,921,0,True,105,Die Bibel in die Fauſt: Bald mercket er den Grieff/,die bibel in die fauſt bald mercket er den grieff,die bibel in die faust bald mercket er den grieff
oa_jubilaeum_1640,body,922,0,True,105,Den Satans Finger thun/ damit der Geiſt jhn faſſen/,den satans finger thun damit der geiſt jhn faſſen,den satans finger thun damit der geist ihn fassen
oa_jubilaeum_1640,body,923,0,True,105,Vnd zu ſich ziehen wil: Den faͤngt er an zu haſſen/,vnd zu ſich ziehen wil den faͤngt er an zu haſſen,und zu sich ziehen wil den fangt er an zu hassen
oa_jubilaeum_1640,body,924,0,True,105,Als ſeiner Seelen Peſt. Er kan jetzt Tag fuͤr Tag,als ſeiner seelen peſt er kan jetzt tag fuͤr tag,als seiner seelen pest er kan ietzt tag fur tag
oa_jubilaeum_1640,body,925,0,True,105,Erforſchen/ wie er GOtt nach Willen dienen mag:,erforſchen wie er gott nach willen dienen mag,erforschen wie er gott nach willen dienen mag
oa_jubilaeum_1640,body,926,0,True,105,Vnd darff nicht allererſt auff Menſchen-Satzung gaffen.,vnd darff nicht allererſt auff menſchensatzung gaffen,und darff nicht allererst auff menschensatzung gaffen
oa_jubilaeum_1640,body,927,0,True,105,Du kanſt fuͤr wenig Gelt dir ein Bet-Buͤchlein ſchaffen/,du kanſt fuͤr wenig gelt dir ein betbuͤchlein ſchaffen,du kanst fur wenig gelt dir ein betbuchlein schaffen
oa_jubilaeum_1640,body,928,0,True,105,Die Andacht zu vermehrn: Ja auch/ woraus du dich,die andacht zu vermehrn ja auch woraus du dich,die andacht zu uermehrn ia auch woraus du dich
oa_jubilaeum_1640,body,929,0,True,105,Mit Troſt erfriſchen kanſt/ wann Truͤbſal findet ſich.,mit troſt erfriſchen kanſt wann truͤbſal findet ſich,mit trost erfrischen kanst wann trubsal findet sich
oa_jubilaeum_1640,body,930,0,True,105,Diß macht die Drucker-Kunſt. Ach ja/ wer darff es wagen/,diß macht die druckerkunſt ach ja wer darff es wagen,diss macht die druckerkunst ach ia wer darff es wagen
oa_jubilaeum_1640,body,931,0,True,105,Daß er vermeynen wolt/ auff einmal diß zu ſagen/,daß er vermeynen wolt auff einmal diß zu ſagen,dass er uermeynen wolt auff einmal diss zu sagen
oa_jubilaeum_1640,body,932,0,True,105,Vnd alles zeichnen auff durch eine kurtze Schrifft/,vnd alles zeichnen auff durch eine kurtze schrifft,und alles zeichnen auff durch eine kurtze schrifft
oa_jubilaeum_1640,body,933,0,True,105,Was dieſe thewre Kunſt fuͤr Nutz auff Erden ſtifft?,was dieſe thewre kunſt fuͤr nutz auff erden ſtifft,was diese thewre kunst fur nutz auff erden stifft
oa_jubilaeum_1640,body,934,0,True,105,Auff/ auff/ du meine Seel/ vnd was ſich in mir reget:,auff auff du meine seel vnd was ſich in mir reget,auff auff du meine seel und was sich in mir reget
oa_jubilaeum_1640,body,935,0,True,105,Vnd jhr/ die jhr euch habt auff dieſe Kunſt geleget/,vnd jhr die jhr euch habt auff dieſe kunſt geleget,und ihr die ihr euch habt auff diese kunst geleget
oa_jubilaeum_1640,body,936,0,True,105,Auff/ auff/ vnd dancket GOtt: der ſonſten nichts begehrt/,auff auff vnd dancket gott der ſonſten nichts begehrt,auff auff und dancket gott der sonsten nichts begehrt
oa_jubilaeum_1640,body,937,0,True,105,Als nur ein danckbar Hertz vmb diß/ was er beſchert/,als nur ein danckbar hertz vmb diß was er beſchert,als nur ein danckbar hertz umb diss was er beschert
oa_jubilaeum_1640,body,938,0,True,105,Er der grundgute GOtt. So laß GOtt dir gefallen,er der grundgute gott so laß gott dir gefallen,er der grundgute gott so lass gott dir gefallen
oa_jubilaeum_1640,body,939,0,True,105,Das Lob/ ſo wir dir jetzt in Demut laſſen ſchallen,das lob ſo wir dir jetzt in demut laſſen ſchallen,das lob so wir dir ietzt in demut lassen schallen
oa_jubilaeum_1640,body,940,0,True,105,Hier vnd wo Chriſten ſind. Erhalt aus Gnad vnd Gunſt/,hier vnd wo chriſten ſind erhalt aus gnad vnd gunſt,hier und wo christen sind erhalt aus gnad und gunst
oa_jubilaeum_1640,body,941,0,True,105,Weil du die Welt erhaͤlſt. Die edle Drucker-Kunſt.,weil du die welt erhaͤlſt die edle druckerkunſt,weil du die welt erhalst die edle druckerkunst
oa_jubilaeum_1640,body,942,0,True,105,Vnd du/ wer du auch ſeyſt/ halt alle die in Ehren/,vnd du wer du auch ſeyſt halt alle die in ehren,und du wer du auch seyst halt alle die in ehren
oa_jubilaeum_1640,body,943,0,True,105,Die GOttes Ehr vnd Ruhm durch dieſe Kunſt vermehren/,die gottes ehr vnd ruhm durch dieſe kunſt vermehren,die gottes ehr und ruhm durch diese kunst uermehren
oa_jubilaeum_1640,body,944,0,True,105,Das werthe Drucker-Volck. Wer ſie nicht lieben wil/,das werthe druckervolck wer ſie nicht lieben wil,das werthe druckeruolck wer sie nicht lieben wil
oa_jubilaeum_1640,body,945,0,True,105,Der iſt nicht liebens werth/ vnd haͤlt von GOtt nicht viel.,der iſt nicht liebens werth vnd haͤlt von gott nicht viel,der ist nicht liebens werth und halt uon gott nicht uiel
oa_jubilaeum_1640,body,946,0,True,105,DJr wird kein Liſt-Gedicht/ O Teutſchland/ koͤnnen ſchwaͤ-,djr wird kein liſtgedicht o teutſchland koͤnnen ſchwaͤ,dir wird kein listgedicht o teutschland konnen schwa
oa_jubilaeum_1640,body,947,0,True,105,Das Lob der Druckerey. Viel ſind die auff dich ſtechen/ (chen,das lob der druckerey viel ſind die auff dich ſtechen chen,das lob der druckerey uiel sind die auff dich stechen chen
oa_jubilaeum_1640,body,949,0,True,105,Wie man im Neiden pflegt: Ja die mit groſſem Schein,wie man im neiden pflegt ja die mit groſſem schein,wie man im neiden pflegt ia die mit grossem schein
oa_jubilaeum_1640,body,950,0,True,105,Bemaͤnteln/ womit ſie dir wollen widrig ſeyn.,bemaͤnteln womit ſie dir wollen widrig ſeyn,bemanteln womit sie dir wollen widrig seyn
oa_jubilaeum_1640,body,951,0,True,106,Doch es mag der vnd der die Feder auff dich ſcherffen,doch es mag der vnd der die feder auff dich ſcherffen,doch es mag der und der die feder auff dich scherffen
oa_jubilaeum_1640,body,952,0,True,106,Nach ſeiner Art vnd Luſt. Sie koͤnnen nicht verwerffen,nach ſeiner art vnd luſt sie koͤnnen nicht verwerffen,nach seiner art und lust sie konnen nicht uerwerffen
oa_jubilaeum_1640,body,953,0,True,106,Was Fama von dir ſingt/ vnd der Gelehrten Mund:,was fama von dir ſingt vnd der gelehrten mund,was fama uon dir singt und der gelehrten mund
oa_jubilaeum_1640,body,954,0,True,106,Durch die in aller Welt dein Ruhm iſt worden kund.,durch die in aller welt dein ruhm iſt worden kund,durch die in aller welt dein ruhm ist worden kund
oa_jubilaeum_1640,body,955,0,True,106,Jhr eigen Schwerd ſie ſchlegt. Der ſchreibt: Es ſey entſproſſen,jhr eigen schwerd ſie ſchlegt der ſchreibt es ſey entſproſſen,ihr eigen schwerd sie schlegt der schreibt es sey entsprossen
oa_jubilaeum_1640,body,956,0,True,106,Die Kunſt in Jndien. Der ander ſpricht: Wir muͤſſen,die kunſt in jndien der ander ſpricht wir muͤſſen,die kunst in indien der ander spricht wir mussen
oa_jubilaeum_1640,body,957,0,True,106,Gen Harlem in die Stadt/ mit welcher Holland prangt:,gen harlem in die stadt mit welcher holland prangt,gen harlem in die stadt mit welcher holland prangt
oa_jubilaeum_1640,body,958,0,True,106,Die das Erfindungs-Lob durch Kuͤſtern* hat erlangt.,die das erfindungslob durch kuͤſtern hat erlangt,die das erfindungslob durch kustern hat erlangt
oa_jubilaeum_1640,body,959,0,True,106,Wie? wann jetzt Daniel von Babel kaͤm ergrimmet:,wie wann jetzt daniel von babel kaͤm ergrimmet,wie wann ietzt daniel uon babel kam ergrimmet
oa_jubilaeum_1640,body,960,0,True,106,Als der von fernen hoͤrt/ wie vngleich alles ſtimmet/,als der von fernen hoͤrt wie vngleich alles ſtimmet,als der uon fernen hort wie ungleich alles stimmet
oa_jubilaeum_1640,body,961,0,True,106,Was der vnd jener ſagt? Wuͤrd er dir nicht allhier,was der vnd jener ſagt wuͤrd er dir nicht allhier,was der und iener sagt wurd er dir nicht allhier
oa_jubilaeum_1640,body,962,0,True,106,Fuͤr maͤnniglich dein Lob erhalten nach Gebuͤhr/,fuͤr maͤnniglich dein lob erhalten nach gebuͤhr,fur manniglich dein lob erhalten nach gebuhr
oa_jubilaeum_1640,body,963,0,True,106,Wie er Suſannen thet? Es wird auch Fauſt† wol bleiben/,wie er suſannen thet es wird auch fauſt wol bleiben,wie er susannen thet es wird auch faust wol bleiben
oa_jubilaeum_1640,body,964,0,True,106,Dem Momus einen Raub vnd Diebſtal wil zuſchreiben:,dem momus einen raub vnd diebſtal wil zuſchreiben,dem momus einen raub und diebstal wil zuschreiben
oa_jubilaeum_1640,body,965,0,True,106,Als hab er ſeinem Herrn den Druck-Zeug in der Nacht/,als hab er ſeinem herrn den druckzeug in der nacht,als hab er seinem herrn den druckzeug in der nacht
oa_jubilaeum_1640,body,966,0,True,106,Da vnſer Heyl gebohrn/ mit Liſt hinweg gebracht/,da vnſer heyl gebohrn mit liſt hinweg gebracht,da unser heyl gebohrn mit list hinweg gebracht
oa_jubilaeum_1640,body,967,0,True,106,Vnd auff Maͤintz zugefuͤhrt. Ach! der hat ſchon verſchlaffen,vnd auff maͤintz zugefuͤhrt ach der hat ſchon verſchlaffen,und auff maintz zugefuhrt ach der hat schon uerschlaffen
oa_jubilaeum_1640,body,968,0,True,106,Sein Recht/ der es nicht ſucht zu rechter Zeit. Die Waffen,sein recht der es nicht ſucht zu rechter zeit die waffen,sein recht der es nicht sucht zu rechter zeit die waffen
oa_jubilaeum_1640,body,969,0,True,106,Ergreifft man ohne Nutz/ wann jetzt der Feind die Stadt,ergreifft man ohne nutz wann jetzt der feind die stadt,ergreifft man ohne nutz wann ietzt der feind die stadt
oa_jubilaeum_1640,body,970,0,True,106,Durch Sturm vnd Kriegs-Gewalt jhm vnterworffen hat.,durch sturm vnd kriegsgewalt jhm vnterworffen hat,durch sturm und kriegsgewalt ihm unterworffen hat
oa_jubilaeum_1640,body,971,0,True,106,Wer ſich verletzt befind: Vnd hat denn auch erfahren/,wer ſich verletzt befind vnd hat denn auch erfahren,wer sich uerletzt befind und hat denn auch erfahren
oa_jubilaeum_1640,body,972,0,True,106,Der jhn verletzet hat/ wil er nach hundert Jahren,der jhn verletzet hat wil er nach hundert jahren,der ihn uerletzet hat wil er nach hundert iahren
oa_jubilaeum_1640,body,973,0,True,106,Die Sach erſt bringen an? das Klagen iſt vmbſonſt/,die sach erſt bringen an das klagen iſt vmbſonſt,die sach erst bringen an das klagen ist umbsonst
oa_jubilaeum_1640,body,974,0,True,106,Er hat verſpielt: da ſchuͤtzt jhn weder Kunſt noch Gunſt.,er hat verſpielt da ſchuͤtzt jhn weder kunſt noch gunſt,er hat uerspielt da schutzt ihn weder kunst noch gunst
oa_jubilaeum_1640,body,975,0,True,106,Wolan! ſo ſey vnd bleib/ O Vaterland geprieſen:,wolan ſo ſey vnd bleib o vaterland geprieſen,wolan so sey und bleib o uaterland gepriesen
oa_jubilaeum_1640,body,976,0,True,106,Der Drucker-Ruhm iſt dein. Diß iſt ſchon laͤngſt erwieſen.,der druckerruhm iſt dein diß iſt ſchon laͤngſt erwieſen,der druckerruhm ist dein diss ist schon langst erwiesen
oa_jubilaeum_1640,body,977,0,True,106,O dancke GOTT/ der dir die Gnade hat erzeigt/,o dancke gott der dir die gnade hat erzeigt,o dancke gott der dir die gnade hat erzeigt
oa_jubilaeum_1640,body,978,0,True,106,Er ſchlaͤget deinen Feind auffs Maul/ wo er nicht ſchweigt.,er ſchlaͤget deinen feind auffs maul wo er nicht ſchweigt,er schlaget deinen feind auffs maul wo er nicht schweigt
oa_jubilaeum_1640,head,979,0,True,106,Erinnerung an die Herren Buchdrucker.,erinnerung an die herren buchdrucker,erinnerung an die herren buchdrucker
oa_jubilaeum_1640,body,980,0,True,106,AVff/ auff/ die jhr Buͤcher druckt/,avff auff die jhr buͤcher druckt,auff auff die ihr bucher druckt
oa_jubilaeum_1640,body,981,0,True,106,Auff/ vnd ruͤhmet GOttes Guͤte/,auff vnd ruͤhmet gottes guͤte,auff und ruhmet gottes gute
oa_jubilaeum_1640,body,982,0,True,106,Der Menſch muß ſeyn gar verſtockt/,der menſch muß ſeyn gar verſtockt,der mensch muss seyn gar uerstockt
oa_jubilaeum_1640,body,983,0,True,106,Welcher jetzund ſein Gemuͤthe,welcher jetzund ſein gemuͤthe,welcher ietzund sein gemuthe
oa_jubilaeum_1640,body,984,0,True,106,Nicht gen Himmel wil erheben/,nicht gen himmel wil erheben,nicht gen himmel wil erheben
oa_jubilaeum_1640,body,985,0,True,106,Vnd dem Hoͤchſten Ehre geben.,vnd dem hoͤchſten ehre geben,und dem hochsten ehre geben
oa_jubilaeum_1640,body,986,0,True,107,Der vns hat aus Gnad vnd Gunſt/,der vns hat aus gnad vnd gunſt,der uns hat aus gnad und gunst
oa_jubilaeum_1640,body,987,0,True,107,Jetzt gleich vor zweyhundert Jahren/,jetzt gleich vor zweyhundert jahren,ietzt gleich uor zweyhundert iahren
oa_jubilaeum_1640,body,988,0,True,107,Zugeſchickt die Drucker Kunſt:,zugeſchickt die drucker kunſt,zugeschickt die drucker kunst
oa_jubilaeum_1640,body,989,0,True,107,Derer Nutz wir gnung erfahren.,derer nutz wir gnung erfahren,derer nutz wir gnung erfahren
oa_jubilaeum_1640,body,990,0,True,107,Jetzt kan ja ein jeder haben,jetzt kan ja ein jeder haben,ietzt kan ia ein ieder haben
oa_jubilaeum_1640,body,991,0,True,107,Buͤcher/ ſo die Seele laben.,buͤcher ſo die seele laben,bucher so die seele laben
oa_jubilaeum_1640,body,992,0,True,107,Was vns giebt des Hoͤchſten Hand,was vns giebt des hoͤchſten hand,was uns giebt des hochsten hand
oa_jubilaeum_1640,body,993,0,True,107,Sol der Menſch auch recht gebrauchen:,sol der menſch auch recht gebrauchen,sol der mensch auch recht gebrauchen
oa_jubilaeum_1640,body,994,0,True,107,Sonſt muß uͤber Volck vnd Land,sonſt muß uͤber volck vnd land,sonst muss uber uolck und land
oa_jubilaeum_1640,body,995,0,True,107,Sein Zorn wie ein Fewer rauchen:,sein zorn wie ein fewer rauchen,sein zorn wie ein fewer rauchen
oa_jubilaeum_1640,body,996,0,True,107,Aber! auch hier wird man finden,aber auch hier wird man finden,aber auch hier wird man finden
oa_jubilaeum_1640,body,997,0,True,107,Viel/ die ſolche Glut anzuͤnden.,viel die ſolche glut anzuͤnden,uiel die solche glut anzunden
oa_jubilaeum_1640,body,998,0,True,107,Wie manch Schand vnd Zoten-Buch!,wie manch schand vnd zotenbuch,wie manch schand und zotenbuch
oa_jubilaeum_1640,body,999,0,True,107,Wie viel Schmaͤh- vnd Laſter-Schrifften!,wie viel schmaͤh vnd laſterschrifften,wie uiel schmah und lasterschrifften
oa_jubilaeum_1640,body,1000,0,True,107,Die fuͤr Segen bringen Fluch/,die fuͤr segen bringen fluch,die fur segen bringen fluch
oa_jubilaeum_1640,body,1001,0,True,107,Die manch Chriſten-Hertz vergifften/,die manch chriſtenhertz vergifften,die manch christenhertz uergifften
oa_jubilaeum_1640,body,1002,0,True,107,Vnd/ was erbar iſt/ vertreten/,vnd was erbar iſt vertreten,und was erbar ist uertreten
oa_jubilaeum_1640,body,1003,0,True,107,Druckt man offt auch vngebeten.,druckt man offt auch vngebeten,druckt man offt auch ungebeten
oa_jubilaeum_1640,body,1004,0,True,107,Wann jetzt kaum ein Fabel-Schmied,wann jetzt kaum ein fabelschmied,wann ietzt kaum ein fabelschmied
oa_jubilaeum_1640,body,1005,0,True,107,Sein Werck bringet aus der Eſſe:,sein werck bringet aus der eſſe,sein werck bringet aus der esse
oa_jubilaeum_1640,body,1006,0,True,107,Vnd manch Drucker diß erſieht:,vnd manch drucker diß erſieht,und manch drucker diss ersieht
oa_jubilaeum_1640,body,1007,0,True,107,Flug muß ſolches in die Preſſe:,flug muß ſolches in die preſſe,flug muss solches in die presse
oa_jubilaeum_1640,body,1008,0,True,107,Es wird auch dem Rolle-Wagen,es wird auch dem rollewagen,es wird auch dem rollewagen
oa_jubilaeum_1640,body,1009,0,True,107,Nichts zu drucken abgeſchlagen.,nichts zu drucken abgeſchlagen,nichts zu drucken abgeschlagen
oa_jubilaeum_1640,body,1010,0,True,107,Kompt ein Thoor/ der Zeitung bringt,kompt ein thoor der zeitung bringt,kompt ein thoor der zeitung bringt
oa_jubilaeum_1640,body,1011,0,True,107,Aus der tieffſten Luͤgen-Quelle:,aus der tieffſten luͤgenquelle,aus der tieffsten lugenquelle
oa_jubilaeum_1640,body,1012,0,True,107,Die er nachmals jammrig ſingt/,die er nachmals jammrig ſingt,die er nachmals iammrig singt
oa_jubilaeum_1640,body,1013,0,True,107,Nennet/ Zeit/ Perſon/ Ort/ Stelle/,nennet zeit perſon ort stelle,nennet zeit person ort stelle
oa_jubilaeum_1640,body,1014,0,True,107,Vnd was mehr ſchmuͤckt ſeine Luͤgen!,vnd was mehr ſchmuͤckt ſeine luͤgen,und was mehr schmuckt seine lugen
oa_jubilaeum_1640,body,1015,0,True,107,Einen Drucker wird er kriegen.,einen drucker wird er kriegen,einen drucker wird er kriegen
oa_jubilaeum_1640,body,1016,0,True,107,Ja auch wol der Schwartzen-Kunſt,ja auch wol der schwartzenkunſt,ia auch wol der schwartzenkunst
oa_jubilaeum_1640,body,1017,0,True,107,Druckt man Buͤcher hin vnd wieder:,druckt man buͤcher hin vnd wieder,druckt man bucher hin und wieder
oa_jubilaeum_1640,body,1018,0,True,107,Die vns rauben GOttes Gunſt/,die vns rauben gottes gunſt,die uns rauben gottes gunst
oa_jubilaeum_1640,body,1019,0,True,107,Vnd durch-teuffeln Chriſti Glieder:,vnd durchteuffeln chriſti glieder,und durchteuffeln christi glieder
oa_jubilaeum_1640,body,1020,0,True,107,Buͤcher/ die man ſol verbrennen/,buͤcher die man ſol verbrennen,bucher die man sol uerbrennen
oa_jubilaeum_1640,body,1021,0,True,107,Da wo wir vns Chriſten nennen.,da wo wir vns chriſten nennen,da wo wir uns christen nennen
oa_jubilaeum_1640,body,1022,0,True,108,Nicht/ ach nicht ſo! thut diß nicht!,nicht ach nicht ſo thut diß nicht,nicht ach nicht so thut diss nicht
oa_jubilaeum_1640,body,1023,0,True,108,Es wil denen nicht geziehmen:,es wil denen nicht geziehmen,es wil denen nicht geziehmen
oa_jubilaeum_1640,body,1024,0,True,108,Die GOtt ſchuldig jhre Pflicht/,die gott ſchuldig jhre pflicht,die gott schuldig ihre pflicht
oa_jubilaeum_1640,body,1025,0,True,108,Vnd ſind/ weſſen ſie ſich ruͤhmen/,vnd ſind weſſen ſie ſich ruͤhmen,und sind wessen sie sich ruhmen
oa_jubilaeum_1640,body,1026,0,True,108,Weit von Heucheley vnd Liſten/,weit von heucheley vnd liſten,weit uon heucheley und listen
oa_jubilaeum_1640,body,1027,0,True,108,Jn der That vnd Warheit Chriſten.,jn der that vnd warheit chriſten,in der that und warheit christen
oa_jubilaeum_1640,body,1028,0,True,108,Druckt/ wodurch des Hoͤchſten Ehr,druckt wodurch des hoͤchſten ehr,druckt wodurch des hochsten ehr
oa_jubilaeum_1640,body,1029,0,True,108,Ausgebreitet wird auff Erden:,ausgebreitet wird auff erden,ausgebreitet wird auff erden
oa_jubilaeum_1640,body,1030,0,True,108,Vnd durch was je mehr vnd mehr/,vnd durch was je mehr vnd mehr,und durch was ie mehr und mehr
oa_jubilaeum_1640,body,1031,0,True,108,Wer from iſt/ kan froͤmmer werden:,wer from iſt kan froͤmmer werden,wer from ist kan frommer werden
oa_jubilaeum_1640,body,1032,0,True,108,Was vns aus des Plutons Rachen,was vns aus des plutons rachen,was uns aus des plutons rachen
oa_jubilaeum_1640,body,1033,0,True,108,Reiſſen kan/ vnd ſelig machen.,reiſſen kan vnd ſelig machen,reissen kan und selig machen
oa_jubilaeum_1640,body,1034,0,True,108,Druckt/ was Themis auffgeſetzt/,druckt was themis auffgeſetzt,druckt was themis auffgesetzt
oa_jubilaeum_1640,body,1035,0,True,108,Das Recht bey vns zu erhalten.,das recht bey vns zu erhalten,das recht bey uns zu erhalten
oa_jubilaeum_1640,body,1036,0,True,108,Druckt/ wann vnſer Leib verletzt/,druckt wann vnſer leib verletzt,druckt wann unser leib uerletzt
oa_jubilaeum_1640,body,1037,0,True,108,Von den Schmertzen wil erkalten:,von den schmertzen wil erkalten,uon den schmertzen wil erkalten
oa_jubilaeum_1640,body,1038,0,True,108,Wie Hippocrates hier eben,wie hippocrates hier eben,wie hippocrates hier eben
oa_jubilaeum_1640,body,1039,0,True,108,Kan Geſundheit wieder geben.,kan geſundheit wieder geben,kan gesundheit wieder geben
oa_jubilaeum_1640,body,1040,0,True,108,Druckt wie auff der Tugend Pfad,druckt wie auff der tugend pfad,druckt wie auff der tugend pfad
oa_jubilaeum_1640,body,1041,0,True,108,Jung vnd Alte tretten ſollen.,jung vnd alte tretten ſollen,iung und alte tretten sollen
oa_jubilaeum_1640,body,1042,0,True,108,Wo ſie in der Fama Stadt,wo ſie in der fama stadt,wo sie in der fama stadt
oa_jubilaeum_1640,body,1043,0,True,108,Mit Ruhm Buͤrger werden wollen.,mit ruhm buͤrger werden wollen,mit ruhm burger werden wollen
oa_jubilaeum_1640,body,1044,0,True,108,Laſt durch ewren Druck vns ſehen/,laſt durch ewren druck vns ſehen,last durch ewren druck uns sehen
oa_jubilaeum_1640,body,1045,0,True,108,Was von Zeit zu Zeit geſchehen,was von zeit zu zeit geſchehen,was uon zeit zu zeit geschehen
oa_jubilaeum_1640,body,1046,0,True,108,Druckt/ was Rom/ vnd was Athen,druckt was rom vnd was athen,druckt was rom und was athen
oa_jubilaeum_1640,body,1047,0,True,108,Fuͤr ein Redner-Lob erjaget:,fuͤr ein rednerlob erjaget,fur ein rednerlob eriaget
oa_jubilaeum_1640,body,1048,0,True,108,Was Araber dort verſtehn:,was araber dort verſtehn,was araber dort uerstehn
oa_jubilaeum_1640,body,1049,0,True,108,Was Jſraels Volck geſaget.,was jſraels volck geſaget,was israels uolck gesaget
oa_jubilaeum_1640,body,1050,0,True,108,Wie auff der Thalia Floͤten,wie auff der thalia floͤten,wie auff der thalia floten
oa_jubilaeum_1640,body,1051,0,True,108,Spielen koͤnnen die Poeten.,spielen koͤnnen die poeten,spielen konnen die poeten
oa_jubilaeum_1640,body,1052,0,True,108,Leſſeſt/ du dir meinen Rath/,leſſeſt du dir meinen rath,lessest du dir meinen rath
oa_jubilaeum_1640,body,1053,0,True,108,Werthes Drucker-Volck/ gefallen/,werthes druckervolck gefallen,werthes druckeruolck gefallen
oa_jubilaeum_1640,body,1054,0,True,108,Vnd erweiſeſts in der That:,vnd erweiſeſts in der that,und erweisests in der that
oa_jubilaeum_1640,body,1055,0,True,108,So wird uͤberal erſchallen,so wird uͤberal erſchallen,so wird uberal erschallen
oa_jubilaeum_1640,body,1056,0,True,108,Dein Kunſt-Lob/ wo Menſchen wohnen:,dein kunſtlob wo menſchen wohnen,dein kunstlob wo menschen wohnen
oa_jubilaeum_1640,body,1057,0,True,108,Vnd GOtt wird den Fleis belohnen.,vnd gott wird den fleis belohnen,und gott wird den fleis belohnen
oa_jubilaeum_1640,body,1058,0,False,109,M. Martin Rinckarts Drucker-Gedenck-Rinck: Darinnen der Hoch Edlen Schreib- vnd Drucker-Feder vnd Teutſch-Landes Hoͤchſter vnd letzter Ehren-Preiß.,m martin rinckarts druckergedenckrinck darinnen der hoch edlen schreib vnd druckerfeder vnd teutſchlandes hoͤchſter vnd letzter ehrenpreiß,m martin rinckarts druckergedenckrinck darinnen der hoch edlen schreib und druckerfeder und teutschlandes hochster und letzter ehrenpreiss
oa_jubilaeum_1640,body,1058,1,True,109,Auff das andere vnd verhoffentlich auch letzte recht-Johannitiſche vnd uͤber-Gnadenreiche am H. Johannes-Tage jetzo 1640. zu Leipzig gehaltene Buch-Drucker-Jubel-Feſt.,auff das andere vnd verhoffentlich auch letzte rechtjohannitiſche vnd uͤbergnadenreiche am h johannestage jetzo zu leipzig gehaltene buchdruckerjubelfeſt,auff das andere und uerhoffentlich auch letzte rechtiohannitische und ubergnadenreiche am h iohannestage ietzo zu leipzig gehaltene buchdruckeriubelfest
oa_jubilaeum_1640,body,1059,0,False,109,OLand! O Vater-Land! erkenne deine Gaben/,oland o vaterland erkenne deine gaben,oland o uaterland erkenne deine gaben
oa_jubilaeum_1640,body,1059,1,False,109,Was tauſend Koͤnigreich’ vnd Laͤnder eintzeln haben;,was tauſend koͤnigreich vnd laͤnder eintzeln haben,was tausend konigreich und lander eintzeln haben
oa_jubilaeum_1640,body,1059,2,True,109,Das haſtu alles gar/ vnd alles auff einmal:,das haſtu alles gar vnd alles auff einmal,das hastu alles gar und alles auff einmal
oa_jubilaeum_1640,body,1060,0,False,109,1. Vnd alles aller-ſchoͤnſt: vnd alles ohne Zahl!,vnd alles allerſchoͤnſt vnd alles ohne zahl,und alles allerschonst und alles ohne zahl
oa_jubilaeum_1640,body,1060,1,False,109,Das reine Gottes Wort iſt deutlicher erklungen,das reine gottes wort iſt deutlicher erklungen,das reine gottes wort ist deutlicher erklungen
oa_jubilaeum_1640,body,1060,2,False,109,Noch nie in keiner Welt: noch nie in keiner Zungen!,noch nie in keiner welt noch nie in keiner zungen,noch nie in keiner welt noch nie in keiner zungen
oa_jubilaeum_1640,body,1060,3,True,109,Noch nie in keiner Zeit/ als jetzt in vnd bey dir,noch nie in keiner zeit als jetzt in vnd bey dir,noch nie in keiner zeit als ietzt in und bey dir
oa_jubilaeum_1640,body,1061,0,False,109,2. O Teutſchland! was vor Danck gehoͤret GOtt dafuͤr?,o teutſchland was vor danck gehoͤret gott dafuͤr,o teutschland was uor danck gehoret gott dafur
oa_jubilaeum_1640,body,1061,1,False,109,Vorzeiten redte GOTT nicht anders als Ebreiſch/,vorzeiten redte gott nicht anders als ebreiſch,uorzeiten redte gott nicht anders als ebreisch
oa_jubilaeum_1640,body,1061,2,False,109,Vnd do er weiter gieng/ mit ſeinem Volck’/ Chaldeiſch/,vnd do er weiter gieng mit ſeinem volck chaldeiſch,und do er weiter gieng mit seinem uolck chaldeisch
oa_jubilaeum_1640,body,1061,3,True,109,Da waren Sprache/ Volck vnd GOTT im Morgenland’/,da waren sprache volck vnd gott im morgenland,da waren sprache uolck und gott im morgenland
oa_jubilaeum_1640,body,1062,0,False,109,3. Vnd GOttes Gnad allein in Jſrael bekand:,vnd gottes gnad allein in jſrael bekand,und gottes gnad allein in israel bekand
oa_jubilaeum_1640,body,1062,1,False,109,Jetzunder redet GOTT mit vns in allen Zungen/,jetzunder redet gott mit vns in allen zungen,ietzunder redet gott mit uns in allen zungen
oa_jubilaeum_1640,body,1062,2,False,109,Vnd iſt Ebreiſch vns dermaſſen auch gelungen/,vnd iſt ebreiſch vns dermaſſen auch gelungen,und ist ebreisch uns dermassen auch gelungen
oa_jubilaeum_1640,body,1062,3,True,109,Daß die geboren drinn/ erblaſſen/ vns den Fleiß/,daß die geboren drinn erblaſſen vns den fleiß,dass die geboren drinn erblassen uns den fleiss
oa_jubilaeum_1640,body,1063,0,False,109,4. Die Sprach vnd den Verſtand mißgoͤnnen/ vnd den Preiß.,die sprach vnd den verſtand mißgoͤnnen vnd den preiß,die sprach und den uerstand missgonnen und den preiss
oa_jubilaeum_1640,body,1063,1,False,109,Vorzeiten ſtraffte GOTT mit vielem Sprach-Gemenge,vorzeiten ſtraffte gott mit vielem sprachgemenge,uorzeiten straffte gott mit uielem sprachgemenge
oa_jubilaeum_1640,body,1063,2,False,109,Der Morgenlaͤnder Stoltz/ den er nicht in die Laͤnge,der morgenlaͤnder stoltz den er nicht in die laͤnge,der morgenlander stoltz den er nicht in die lange
oa_jubilaeum_1640,body,1063,3,True,109,Vertragen kunte mehr: da war des Menſchen Zung’,vertragen kunte mehr da war des menſchen zung,uertragen kunte mehr da war des menschen zung
oa_jubilaeum_1640,body,1064,0,False,110,5. Vnd Rach’ ein offen Grab voll Grewl vnd Laͤſterung:,vnd rach ein offen grab voll grewl vnd laͤſterung,und rach ein offen grab uoll grewl und lasterung
oa_jubilaeum_1640,body,1064,1,False,110,Jetzunder wendet GOTT den Sprachen-Fluch in Segen/,jetzunder wendet gott den sprachenfluch in segen,ietzunder wendet gott den sprachenfluch in segen
oa_jubilaeum_1640,body,1064,2,False,110,Vnd laͤſſet vns ſein Wort ſo ſchoͤn darinn auslegen/,vnd laͤſſet vns ſein wort ſo ſchoͤn darinn auslegen,und lasset uns sein wort so schon darinn auslegen
oa_jubilaeum_1640,body,1064,3,True,110,Daß GOTT erkennen kan vnd loben fruͤh vnd ſpat/,daß gott erkennen kan vnd loben fruͤh vnd ſpat,dass gott erkennen kan und loben fruh und spat
oa_jubilaeum_1640,body,1065,0,False,110,6. Was Leben/ Weben/ Wind vnd Lufft vnd Odem hat.,was leben weben wind vnd lufft vnd odem hat,was leben weben wind und lufft und odem hat
oa_jubilaeum_1640,body,1065,1,False,110,Vorzeiten ließ jhm GOTT die Ehren-Bahn bereiten,vorzeiten ließ jhm gott die ehrenbahn bereiten,uorzeiten liess ihm gott die ehrenbahn bereiten
oa_jubilaeum_1640,body,1065,2,False,110,Durch der zwoͤlff Boten Mund/ vnd jhm ſein Reich ausbreiten,durch der zwoͤlff boten mund vnd jhm ſein reich ausbreiten,durch der zwolff boten mund und ihm sein reich ausbreiten
oa_jubilaeum_1640,body,1065,3,True,110,Auff Zions werthem Berg/ in aller Sprachen Art/,auff zions werthem berg in aller sprachen art,auff zions werthem berg in aller sprachen art
oa_jubilaeum_1640,body,1066,0,False,110,7. Die eintzeln ſich darauff in alle Welt gekahrt.,die eintzeln ſich darauff in alle welt gekahrt,die eintzeln sich darauff in alle welt gekahrt
oa_jubilaeum_1640,body,1066,1,False,110,Jetzunder gibet er das Wort mit groſſen Scharen,jetzunder gibet er das wort mit groſſen scharen,ietzunder gibet er das wort mit grossen scharen
oa_jubilaeum_1640,body,1066,2,False,110,Der Boten/ die ſein Heyl ſo reichlich offenbaren,der boten die ſein heyl ſo reichlich offenbaren,der boten die sein heyl so reichlich offenbaren
oa_jubilaeum_1640,body,1066,3,True,110,Jn ſo viel Sprachen bald/ als Sprachen in der Welt/,jn ſo viel sprachen bald als sprachen in der welt,in so uiel sprachen bald als sprachen in der welt
oa_jubilaeum_1640,body,1067,0,False,110,8. Die wie die Krieges-Heer ſo liegen ſtarck zu feld/,die wie die kriegesheer ſo liegen ſtarck zu feld,die wie die kriegesheer so liegen starck zu feld
oa_jubilaeum_1640,body,1067,1,False,110,Daß ſie das Teutſche Reich nicht mehr mag all ernehren/,daß ſie das teutſche reich nicht mehr mag all ernehren,dass sie das teutsche reich nicht mehr mag all ernehren
oa_jubilaeum_1640,body,1067,2,False,110,(Wenn man es ſagen darff mit vnſerm Ruhm vnd Ehren/,wenn man es ſagen darff mit vnſerm ruhm vnd ehren,wenn man es sagen darff mit unserm ruhm und ehren
oa_jubilaeum_1640,body,1067,3,True,110,Wiewol es Luther vns geſaget laͤngeſt ſchon/,wiewol es luther vns geſaget laͤngeſt ſchon,wiewol es luther uns gesaget langest schon
oa_jubilaeum_1640,body,1068,0,False,110,9. Daß dieſes wuͤrde ſeyn das letzte Boten-Lohn.),daß dieſes wuͤrde ſeyn das letzte botenlohn,dass dieses wurde seyn das letzte botenlohn
oa_jubilaeum_1640,body,1068,1,False,110,O Land! O Vaterland! bedencke doch die Guͤte,o land o vaterland bedencke doch die guͤte,o land o uaterland bedencke doch die gute
oa_jubilaeum_1640,body,1068,2,False,110,Der guͤtigen Natur mit beſſerem Gemuͤthe!,der guͤtigen natur mit beſſerem gemuͤthe,der gutigen natur mit besserem gemuthe
oa_jubilaeum_1640,body,1068,3,True,110,Vnd GOttes Guͤter ſelbſt! Welch Land vnd Koͤnigreich,vnd gottes guͤter ſelbſt welch land vnd koͤnigreich,und gottes guter selbst welch land und konigreich
oa_jubilaeum_1640,body,1069,0,False,110,10. Jſt dir geweſen je in allen Kuͤnſten gleich?,jſt dir geweſen je in allen kuͤnſten gleich,ist dir gewesen ie in allen kunsten gleich
oa_jubilaeum_1640,body,1069,1,False,110,Vorzeiten ſchrieb vns GOTT ſein Buch in ein paar Sprachen/,vorzeiten ſchrieb vns gott ſein buch in ein paar sprachen,uorzeiten schrieb uns gott sein buch in ein paar sprachen
oa_jubilaeum_1640,body,1069,2,False,110,Daruͤber tauſend Haͤnd vnd Koͤpffe ſich zerbrachen:,daruͤber tauſend haͤnd vnd koͤpffe ſich zerbrachen,daruber tausend hand und kopffe sich zerbrachen
oa_jubilaeum_1640,body,1069,3,True,110,Eh ſie es ſchrieben uͤmb/ daß es geſchrieben hies/,eh ſie es ſchrieben uͤmb daß es geſchrieben hies,eh sie es schrieben umb dass es geschrieben hies
oa_jubilaeum_1640,body,1070,0,False,110,11. Vnd war ein Wunderwerck/ wenn einer nicht verſties:,vnd war ein wunderwerck wenn einer nicht verſties,und war ein wunderwerck wenn einer nicht uersties
oa_jubilaeum_1640,body,1070,1,False,110,Jetzunder ſchreiben mehr in Teutſchland aller Ende/,jetzunder ſchreiben mehr in teutſchland aller ende,ietzunder schreiben mehr in teutschland aller ende
oa_jubilaeum_1640,body,1070,2,False,110,Gelehrt vnd Vngelehrt/ auffs meiſt ein zwo paar Haͤnde!,gelehrt vnd vngelehrt auffs meiſt ein zwo paar haͤnde,gelehrt und ungelehrt auffs meist ein zwo paar hande
oa_jubilaeum_1640,body,1070,3,True,110,Jn einem kurtzen Tag/ als jen’ in einem Jahr!,jn einem kurtzen tag als jen in einem jahr,in einem kurtzen tag als ien in einem iahr
oa_jubilaeum_1640,body,1071,0,False,110,12. So hurtig vnd geſchwind/ vnd deutlich ſchoͤn vnd klar!,so hurtig vnd geſchwind vnd deutlich ſchoͤn vnd klar,so hurtig und geschwind und deutlich schon und klar
oa_jubilaeum_1640,body,1071,1,False,110,Daß ſich die eine Welt verwundert ob dem Schmucke:,daß ſich die eine welt verwundert ob dem schmucke,dass sich die eine welt uerwundert ob dem schmucke
oa_jubilaeum_1640,body,1071,2,False,110,Die ander ob dem ſchnell’ vnd ſchlecht-koſtbarem Drucke/,die ander ob dem ſchnell vnd ſchlechtkoſtbarem drucke,die ander ob dem schnell und schlechtkostbarem drucke
oa_jubilaeum_1640,body,1071,3,True,110,Vnd zeugen beyde gleich/ daß dieſes Wunder-new,vnd zeugen beyde gleich daß dieſes wundernew,und zeugen beyde gleich dass dieses wundernew
oa_jubilaeum_1640,body,1072,0,False,110,13. Ein vnerhoͤrter Fund der Teutſchen Koͤpffe ſey.,ein vnerhoͤrter fund der teutſchen koͤpffe ſey,ein unerhorter fund der teutschen kopffe sey
oa_jubilaeum_1640,body,1072,1,False,110,Wie in der Silber-Burg/ do vier Haͤuptwaſſer flieſſen/,wie in der silberburg do vier haͤuptwaſſer flieſſen,wie in der silberburg do uier hauptwasser fliessen
oa_jubilaeum_1640,body,1072,2,False,110,Ein Goldſchmiedt Gutenberg/ vnd einer im Rothgieſſen,ein goldſchmiedt gutenberg vnd einer im rothgieſſen,ein goldschmiedt gutenberg und einer im rothgiessen
oa_jubilaeum_1640,body,1072,3,True,110,(Petr Schoͤffer) vnd in Ertz zu ſchneiden werth geacht:,petr schoͤffer vnd in ertz zu ſchneiden werth geacht,petr schoffer und in ertz zu schneiden werth geacht
oa_jubilaeum_1640,body,1073,0,False,111,14. Nach Anlaß jhrer Kunſt ein newe Kunſt erdacht/,nach anlaß jhrer kunſt ein newe kunſt erdacht,nach anlass ihrer kunst ein newe kunst erdacht
oa_jubilaeum_1640,body,1073,1,False,111,Ein uͤmbgekehrte Schrifft in Bley vnd Ertz zu ſetzen/,ein uͤmbgekehrte schrifft in bley vnd ertz zu ſetzen,ein umbgekehrte schrifft in bley und ertz zu setzen
oa_jubilaeum_1640,body,1073,2,False,111,Vnd mit gefirnſtem Ruß anſchwaͤrtzen vnd benetzen/,vnd mit gefirnſtem ruß anſchwaͤrtzen vnd benetzen,und mit gefirnstem russ anschwartzen und benetzen
oa_jubilaeum_1640,body,1073,3,True,111,Vnd drucken bloß darauff viel tauſend tauſend Blat!,vnd drucken bloß darauff viel tauſend tauſend blat,und drucken bloss darauff uiel tausend tausend blat
oa_jubilaeum_1640,body,1074,0,False,111,15. Daß man in Eil alſo viel tauſend Buͤcher hat.,daß man in eil alſo viel tauſend buͤcher hat,dass man in eil also uiel tausend bucher hat
oa_jubilaeum_1640,body,1074,1,False,111,So alt Mathuſalem vnd ſeine Schaar geweſen;,so alt mathuſalem vnd ſeine schaar geweſen,so alt mathusalem und seine schaar gewesen
oa_jubilaeum_1640,body,1074,2,False,111,So haben ſie doch nie geſchrieben noch geleſen/,so haben ſie doch nie geſchrieben noch geleſen,so haben sie doch nie geschrieben noch gelesen
oa_jubilaeum_1640,body,1074,3,True,111,Was dieſer Gutenberg vnd ſein Huld-reicher Haan/,was dieſer gutenberg vnd ſein huldreicher haan,was dieser gutenberg und sein huldreicher haan
oa_jubilaeum_1640,body,1075,0,False,111,16. Vns die zweyhundert Jahr in Schrifften kund gethan:,vns die zweyhundert jahr in schrifften kund gethan,uns die zweyhundert iahr in schrifften kund gethan
oa_jubilaeum_1640,body,1075,1,False,111,So ſchlaw als Salomo vnd ſeine Hirten waren/,so ſchlaw als salomo vnd ſeine hirten waren,so schlaw als salomo und seine hirten waren
oa_jubilaeum_1640,body,1075,2,False,111,So haben ſie doch nie erfunden noch erfahren;,so haben ſie doch nie erfunden noch erfahren,so haben sie doch nie erfunden noch erfahren
oa_jubilaeum_1640,body,1075,3,True,111,Was vnſer Schaͤffer-Knecht vor Schreibe-Zeug erdacht/,was vnſer schaͤfferknecht vor schreibezeug erdacht,was unser schafferknecht uor schreibezeug erdacht
oa_jubilaeum_1640,body,1076,0,False,111,17. Vnd ſein Gluͤck-haffter Fauſt aus freyer Fauſt gemacht.,vnd ſein gluͤckhaffter fauſt aus freyer fauſt gemacht,und sein gluckhaffter faust aus freyer faust gemacht
oa_jubilaeum_1640,body,1076,1,False,111,So reich Egypten war/ an Schilff vnd Drachen-Haͤuten/,so reich egypten war an schilff vnd drachenhaͤuten,so reich egypten war an schilff und drachenhauten
oa_jubilaeum_1640,body,1076,2,False,111,So viel jhm Buͤcher ließ jhr Fuͤrſt daraus bereiten/,so viel jhm buͤcher ließ jhr fuͤrſt daraus bereiten,so uiel ihm bucher liess ihr furst daraus bereiten
oa_jubilaeum_1640,body,1076,3,True,111,Der von der Bruͤder-Lieb vnd Herrligkeit benant/,der von der bruͤderlieb vnd herrligkeit benant,der uon der bruderlieb und herrligkeit benant
oa_jubilaeum_1640,body,1077,0,False,111,18. Vnd ſein halb Koͤnigreich auff Schreiberey gewant:,vnd ſein halb koͤnigreich auff schreiberey gewant,und sein halb konigreich auff schreiberey gewant
oa_jubilaeum_1640,body,1077,1,False,111,So haben ſie doch nie ſo viel vnd ſchoͤn geſchrieben,so haben ſie doch nie ſo viel vnd ſchoͤn geſchrieben,so haben sie doch nie so uiel und schon geschrieben
oa_jubilaeum_1640,body,1077,2,False,111,Die acht vnd dreyſſig Jahr/ ſo lang er es getrieben;,die acht vnd dreyſſig jahr ſo lang er es getrieben,die acht und dreyssig iahr so lang er es getrieben
oa_jubilaeum_1640,body,1077,3,True,111,Als Teutſchland offt jetzund in einem Jahre druͤckt/,als teutſchland offt jetzund in einem jahre druͤckt,als teutschland offt ietzund in einem iahre druckt
oa_jubilaeum_1640,body,1078,0,False,111,19. Vnd uͤmb geringen Preis auff eine Meſſe ſchickt.,vnd uͤmb geringen preis auff eine meſſe ſchickt,und umb geringen preis auff eine messe schickt
oa_jubilaeum_1640,body,1078,1,False,111,So ſtarck Philippus Sohn/ der groſſe Welt-Bezwinger;,so ſtarck philippus sohn der groſſe weltbezwinger,so starck philippus sohn der grosse weltbezwinger
oa_jubilaeum_1640,body,1078,2,False,111,War er doch nie ſo ſtarck/ daß er mit einem Finger,war er doch nie ſo ſtarck daß er mit einem finger,war er doch nie so starck dass er mit einem finger
oa_jubilaeum_1640,body,1078,3,True,111,Erleget einen Mann/ auff mehr als hundert Schritt:,erleget einen mann auff mehr als hundert schritt,erleget einen mann auff mehr als hundert schritt
oa_jubilaeum_1640,body,1079,0,False,111,20. Vnd ſo geſchickt Athen/ jhr lahmer Goͤtter-Schmidt,vnd ſo geſchickt athen jhr lahmer goͤtterschmidt,und so geschickt athen ihr lahmer gotterschmidt
oa_jubilaeum_1640,body,1079,1,False,111,Vnd Donner-Jupiter mit allen jhren Faunen,vnd donnerjupiter mit allen jhren faunen,und donneriupiter mit allen ihren faunen
oa_jubilaeum_1640,body,1079,2,False,111,Vnd Goͤtzen; haben ſie von Donner der Carthaunen,vnd goͤtzen haben ſie von donner der carthaunen,und gotzen haben sie uon donner der carthaunen
oa_jubilaeum_1640,body,1079,3,True,111,Doch nie zu weg gebracht den allerſchlechtſten Blitz/,doch nie zu weg gebracht den allerſchlechtſten blitz,doch nie zu weg gebracht den allerschlechtsten blitz
oa_jubilaeum_1640,body,1080,0,False,111,21. Da ſich erweiſet mit der Teutſchen Macht vnd Witz.,da ſich erweiſet mit der teutſchen macht vnd witz,da sich erweiset mit der teutschen macht und witz
oa_jubilaeum_1640,body,1080,1,False,111,Die Wunder-Kunſt hat GOTT auff vnſre Zeit verſparet/,die wunderkunſt hat gott auff vnſre zeit verſparet,die wunderkunst hat gott auff unsre zeit uersparet
oa_jubilaeum_1640,body,1080,2,False,111,Vnd ſie zu allererſt den Teutſchen offenbaret:,vnd ſie zu allererſt den teutſchen offenbaret,und sie zu allererst den teutschen offenbaret
oa_jubilaeum_1640,body,1080,3,True,111,Warumb wol aber das? Ein Ding hat ſeine Zeit:,warumb wol aber das ein ding hat ſeine zeit,warumb wol aber das ein ding hat seine zeit
oa_jubilaeum_1640,body,1081,0,False,111,22. GOTT gibet reiff zu letzt: Das Ende war nicht weit;,gott gibet reiff zu letzt das ende war nicht weit,gott gibet reiff zu letzt das ende war nicht weit
oa_jubilaeum_1640,body,1081,1,False,111,Vnd hatte GOTT noch viel zu ſchaffen vnd zu ſtraffen/,vnd hatte gott noch viel zu ſchaffen vnd zu ſtraffen,und hatte gott noch uiel zu schaffen und zu straffen
oa_jubilaeum_1640,body,1081,2,False,111,Darumb muſt Er in Eil vns ſolche Waffen ſchaffen/,darumb muſt er in eil vns ſolche waffen ſchaffen,darumb must er in eil uns solche waffen schaffen
oa_jubilaeum_1640,body,1081,3,True,111,Vnd Werck- vnd Ruͤſt-gezeug/ damit es vns geling’/,vnd werck vnd ruͤſtgezeug damit es vns geling,und werck und rustgezeug damit es uns geling
oa_jubilaeum_1640,body,1082,0,False,112,23. Vnd alles hurtiger von ſtatt- vnd Haͤnden gieng.,vnd alles hurtiger von ſtatt vnd haͤnden gieng,und alles hurtiger uon statt und handen gieng
oa_jubilaeum_1640,body,1082,1,False,112,Warumb ſo eben vns? vnd eben die zwo Kuͤnſte?,warumb ſo eben vns vnd eben die zwo kuͤnſte,warumb so eben uns und eben die zwo kunste
oa_jubilaeum_1640,body,1082,2,False,112,Die duͤrffen wir zumal zu Sein vnd vnſerm Dienſte/,die duͤrffen wir zumal zu sein vnd vnſerm dienſte,die durffen wir zumal zu sein und unserm dienste
oa_jubilaeum_1640,body,1082,3,True,112,Das Teutſche Chriſten-Reich mit weiſ’ vnd ſtarcker Hand,das teutſche chriſtenreich mit weiſ vnd ſtarcker hand,das teutsche christenreich mit weis und starcker hand
oa_jubilaeum_1640,body,1083,0,False,112,24. Zu ſetzen wiederumb in alten Ehren Stand.,zu ſetzen wiederumb in alten ehren stand,zu setzen wiederumb in alten ehren stand
oa_jubilaeum_1640,body,1083,1,False,112,Die vns durch Menſchen-Tant geſchendet vnd geblendet:,die vns durch menſchentant geſchendet vnd geblendet,die uns durch menschentant geschendet und geblendet
oa_jubilaeum_1640,body,1083,2,False,112,Die ſolten werden auch vor aller Welt geſchendet;,die ſolten werden auch vor aller welt geſchendet,die solten werden auch uor aller welt geschendet
oa_jubilaeum_1640,body,1083,3,True,112,Darumb gab GOttes Geiſt ſo wunder-weiſen Rath,darumb gab gottes geiſt ſo wunderweiſen rath,darumb gab gottes geist so wunderweisen rath
oa_jubilaeum_1640,body,1084,0,False,112,25. Zu ſo geſchwinder Schrifft/ vnd zu dem Rath die That.,zu ſo geſchwinder schrifft vnd zu dem rath die that,zu so geschwinder schrifft und zu dem rath die that
oa_jubilaeum_1640,body,1084,1,False,112,Vnd ſatzte dieſe Kunſt an die Mittages Grentzen,vnd ſatzte dieſe kunſt an die mittages grentzen,und satzte diese kunst an die mittages grentzen
oa_jubilaeum_1640,body,1084,2,False,112,Zum Gnaden-Zeichen vor/ vnd ließ die Warheit glaͤntzen,zum gnadenzeichen vor vnd ließ die warheit glaͤntzen,zum gnadenzeichen uor und liess die warheit glantzen
oa_jubilaeum_1640,body,1084,3,True,112,Durch alle liebe Welt/ in Doctor Luthers Schrifft/,durch alle liebe welt in doctor luthers schrifft,durch alle liebe welt in doctor luthers schrifft
oa_jubilaeum_1640,body,1085,0,False,112,26. Der er zumal zu gut die Truckerey geſtifft.,der er zumal zu gut die truckerey geſtifft,der er zumal zu gut die truckerey gestifft
oa_jubilaeum_1640,body,1085,1,False,112,Die ins Gefaͤngnuͤß vns gefuͤhret auff der Erden/,die ins gefaͤngnuͤß vns gefuͤhret auff der erden,die ins gefangnuss uns gefuhret auff der erden
oa_jubilaeum_1640,body,1085,2,False,112,Die ſolten wiederumb hinein gefuͤhret werden/,die ſolten wiederumb hinein gefuͤhret werden,die solten wiederumb hinein gefuhret werden
oa_jubilaeum_1640,body,1085,3,True,112,Vnd die beſchweret vns mit Fewer/ Strang vnd Schwert/,vnd die beſchweret vns mit fewer strang vnd schwert,und die beschweret uns mit fewer strang und schwert
oa_jubilaeum_1640,body,1086,0,False,112,27. Die waren gleicher Rach vnd Wiederſtandes werth:,die waren gleicher rach vnd wiederſtandes werth,die waren gleicher rach und wiederstandes werth
oa_jubilaeum_1640,body,1086,1,False,112,Dazu denn gleicher weis vns das Verhengnuͤß eben,dazu denn gleicher weis vns das verhengnuͤß eben,dazu denn gleicher weis uns das uerhengnuss eben
oa_jubilaeum_1640,body,1086,2,False,112,Den Buͤchſen-Pulver-Brauch faſt einer Zeit gegeben/,den buͤchſenpulverbrauch faſt einer zeit gegeben,den buchsenpuluerbrauch fast einer zeit gegeben
oa_jubilaeum_1640,body,1086,3,True,112,Doch jhn hienaus geſetzt an ſtrengen Belt vnd Nort!,doch jhn hienaus geſetzt an ſtrengen belt vnd nort,doch ihn hienaus gesetzt an strengen belt und nort
oa_jubilaeum_1640,body,1087,0,False,112,28. Zum Grentzen-Hinder-halt vnd Nach-druck ſeinem Wort.,zum grentzenhinderhalt vnd nachdruck ſeinem wort,zum grentzenhinderhalt und nachdruck seinem wort
oa_jubilaeum_1640,body,1087,1,False,112,Allda ſie Berdhold Schwartz ein Moͤnnich erſt erfunden,allda ſie berdhold schwartz ein moͤnnich erſt erfunden,allda sie berdhold schwartz ein monnich erst erfunden
oa_jubilaeum_1640,body,1087,2,False,112,Zu GOttes letzter Rach vnd vngluͤckhaffter Stunden,zu gottes letzter rach vnd vngluͤckhaffter stunden,zu gottes letzter rach und ungluckhaffter stunden
oa_jubilaeum_1640,body,1087,3,True,112,Der Teutſchen Vntergang/ vnd letzten Vndancks Ruth/,der teutſchen vntergang vnd letzten vndancks ruth,der teutschen untergang und letzten undancks ruth
oa_jubilaeum_1640,body,1088,0,False,112,29. Die vns jetzt vnterdruͤckt/ vnd drenget biß auffs Blut.,die vns jetzt vnterdruͤckt vnd drenget biß auffs blut,die uns ietzt unterdruckt und drenget biss auffs blut
oa_jubilaeum_1640,body,1088,1,False,112,O Land/ O Vaterland bedencke deine Thaten:,o land o vaterland bedencke deine thaten,o land o uaterland bedencke deine thaten
oa_jubilaeum_1640,body,1088,2,False,112,Wie uͤbel haſt du dir mit dieſer Kunſt gerathen!,wie uͤbel haſt du dir mit dieſer kunſt gerathen,wie ubel hast du dir mit dieser kunst gerathen
oa_jubilaeum_1640,body,1088,3,True,112,Wie wenn ein Raſender ſein eigen Meſſer nimpt,wie wenn ein raſender ſein eigen meſſer nimpt,wie wenn ein rasender sein eigen messer nimpt
oa_jubilaeum_1640,body,1089,0,False,112,30. Vnd ſticht es jhm in Hals/ vnd es ein Kind bekuͤmpt/,vnd ſticht es jhm in hals vnd es ein kind bekuͤmpt,und sticht es ihm in hals und es ein kind bekumpt
oa_jubilaeum_1640,body,1089,1,False,112,Vnd jhm ein Aug ausſticht! ſo haſtu dich verbrochen/,vnd jhm ein aug ausſticht ſo haſtu dich verbrochen,und ihm ein aug aussticht so hastu dich uerbrochen
oa_jubilaeum_1640,body,1089,2,False,112,Mit eignen Meſſern dir die Augen ausgeſtochen:,mit eignen meſſern dir die augen ausgeſtochen,mit eignen messern dir die augen ausgestochen
oa_jubilaeum_1640,body,1089,3,True,112,Vnd dein Geſchuͤtz auff dich vnd auff dein Vaterland,vnd dein geſchuͤtz auff dich vnd auff dein vaterland,und dein geschutz auff dich und auff dein uaterland
oa_jubilaeum_1640,body,1090,0,False,112,31. Vnd auff dein eigen Volck gewand mit eigner Hand!,vnd auff dein eigen volck gewand mit eigner hand,und auff dein eigen uolck gewand mit eigner hand
oa_jubilaeum_1640,body,1090,1,False,112,Ja gar mit Jeſabel vnd Vaſthi lernen buhlen/,ja gar mit jeſabel vnd vaſthi lernen buhlen,ia gar mit iesabel und uasthi lernen buhlen
oa_jubilaeum_1640,body,1090,2,False,112,Vnd wider deinen GOTT vnd ſeine Kirch vnd Schulen/,vnd wider deinen gott vnd ſeine kirch vnd schulen,und wider deinen gott und seine kirch und schulen
oa_jubilaeum_1640,body,1090,3,True,112,Vnd wider dein Geſchlecht dein hoͤchſte Macht gericht/,vnd wider dein geſchlecht dein hoͤchſte macht gericht,und wider dein geschlecht dein hochste macht gericht
oa_jubilaeum_1640,body,1091,0,False,113,32. Vnd mit der einen Kunſt die andere zernicht/,vnd mit der einen kunſt die andere zernicht,und mit der einen kunst die andere zernicht
oa_jubilaeum_1640,body,1091,1,False,113,Die doch viel hoͤher iſt! Die dich ſo hoch erhoben:,die doch viel hoͤher iſt die dich ſo hoch erhoben,die doch uiel hoher ist die dich so hoch erhoben
oa_jubilaeum_1640,body,1091,2,False,113,Die deine Thaten pflegt zu ſchreiben vnd zu loben/,die deine thaten pflegt zu ſchreiben vnd zu loben,die deine thaten pflegt zu schreiben und zu loben
oa_jubilaeum_1640,body,1091,3,True,113,Sie aus Vergeſſenheit ans Tageliecht gebracht:,sie aus vergeſſenheit ans tageliecht gebracht,sie aus uergessenheit ans tageliecht gebracht
oa_jubilaeum_1640,body,1092,0,False,113,33. Die deine Kinder dir zu Leuten hat gemacht/,die deine kinder dir zu leuten hat gemacht,die deine kinder dir zu leuten hat gemacht
oa_jubilaeum_1640,body,1092,1,False,113,Die deine Cantzel dir vnd Cantzeley beſtellet;,die deine cantzel dir vnd cantzeley beſtellet,die deine cantzel dir und cantzeley bestellet
oa_jubilaeum_1640,body,1092,2,False,113,Dem Herren vnd dem Knecht’ ein gleiches Vrthel fellet:,dem herren vnd dem knecht ein gleiches vrthel fellet,dem herren und dem knecht ein gleiches urthel fellet
oa_jubilaeum_1640,body,1092,3,True,113,Erhebet vnd erhelt Geſetz/ Altar vnd Herd!,erhebet vnd erhelt geſetz altar vnd herd,erhebet und erhelt gesetz altar und herd
oa_jubilaeum_1640,body,1093,0,False,113,34. Ja auch dein eigen Reich/ ja auch dein eigen Schwert.,ja auch dein eigen reich ja auch dein eigen schwert,ia auch dein eigen reich ia auch dein eigen schwert
oa_jubilaeum_1640,body,1093,1,False,113,Vnd deine Waffen dir durch weiſen Rath beſchuͤtzet/,vnd deine waffen dir durch weiſen rath beſchuͤtzet,und deine waffen dir durch weisen rath beschutzet
oa_jubilaeum_1640,body,1093,2,False,113,Vnd was dein Keyſerthumb vnd Teutſches Reich beſitzet;,vnd was dein keyſerthumb vnd teutſches reich beſitzet,und was dein keyserthumb und teutsches reich besitzet
oa_jubilaeum_1640,body,1093,3,True,113,Das iſt der Feder Schuld/ vnd der Buch-Drucker Kunſt/,das iſt der feder schuld vnd der buchdrucker kunſt,das ist der feder schuld und der buchdrucker kunst
oa_jubilaeum_1640,body,1094,0,False,113,35. Die vns ſo weit gebracht/ durch GOttes Gnad vnd Gunſt.,die vns ſo weit gebracht durch gottes gnad vnd gunſt,die uns so weit gebracht durch gottes gnad und gunst
oa_jubilaeum_1640,body,1094,1,False,113,O wolte! wolte GOTT! wir hetten vns beſunnen,o wolte wolte gott wir hetten vns beſunnen,o wolte wolte gott wir hetten uns besunnen
oa_jubilaeum_1640,body,1094,2,False,113,Was beſſer in der Zeit/ vnd aus den ſchoͤnſten Brunnen,was beſſer in der zeit vnd aus den ſchoͤnſten brunnen,was besser in der zeit und aus den schonsten brunnen
oa_jubilaeum_1640,body,1094,3,True,113,Die allerletzte Krafft der guͤtigſten Natur,die allerletzte krafft der guͤtigſten natur,die allerletzte krafft der gutigsten natur
oa_jubilaeum_1640,body,1095,0,False,113,36. Gewendet beſſer an zu vnſrer Seelen-Cur!,gewendet beſſer an zu vnſrer seelencur,gewendet besser an zu unsrer seelencur
oa_jubilaeum_1640,body,1095,1,False,113,O Weh! vnd aber Weh! der Granſamkeit vnd Schande!,o weh vnd aber weh der granſamkeit vnd schande,o weh und aber weh der gransamkeit und schande
oa_jubilaeum_1640,body,1095,2,False,113,Wie wil es gehen vns vnd vnſerm Vaterlande!,wie wil es gehen vns vnd vnſerm vaterlande,wie wil es gehen uns und unserm uaterlande
oa_jubilaeum_1640,body,1095,3,True,113,Wenn wir vns vnter vns geſchuͤtzet alſo ſchlimm!,wenn wir vns vnter vns geſchuͤtzet alſo ſchlimm,wenn wir uns unter uns geschutzet also schlimm
oa_jubilaeum_1640,body,1096,0,False,113,37. Gefreſſen ſelber auff/ geſtuͤrtzet ſelber uͤmb!,gefreſſen ſelber auff geſtuͤrtzet ſelber uͤmb,gefressen selber auff gesturtzet selber umb
oa_jubilaeum_1640,body,1096,1,False,113,Die Brunnen vns verſtopfft/ daraus wir ſolten leben/,die brunnen vns verſtopfft daraus wir ſolten leben,die brunnen uns uerstopfft daraus wir solten leben
oa_jubilaeum_1640,body,1096,2,False,113,Vnd alle freye Kuͤnſt vnd Kuͤnſtler uͤbergeben!,vnd alle freye kuͤnſt vnd kuͤnſtler uͤbergeben,und alle freye kunst und kunstler ubergeben
oa_jubilaeum_1640,body,1096,3,True,113,Was Schaden hett vns bracht die Drucker-Kunſt allein/,was schaden hett vns bracht die druckerkunſt allein,was schaden hett uns bracht die druckerkunst allein
oa_jubilaeum_1640,body,1097,0,False,113,38. Wenn wir der biß daher beraubet ſolten ſeyn.,wenn wir der biß daher beraubet ſolten ſeyn,wenn wir der biss daher beraubet solten seyn
oa_jubilaeum_1640,body,1097,1,False,113,Wie manches ſchoͤnes Buch wer vns verborgen blieben/,wie manches ſchoͤnes buch wer vns verborgen blieben,wie manches schones buch wer uns uerborgen blieben
oa_jubilaeum_1640,body,1097,2,False,113,Wenn man es tauſendmal auch gleich hett uͤmbgeſchrieben,wenn man es tauſendmal auch gleich hett uͤmbgeſchrieben,wenn man es tausendmal auch gleich hett umbgeschrieben
oa_jubilaeum_1640,body,1097,3,True,113,Jn einer frembden Welt; wenn es der Drucker Hand,jn einer frembden welt wenn es der drucker hand,in einer frembden welt wenn es der drucker hand
oa_jubilaeum_1640,body,1098,0,False,113,39. Nicht ſo vnzehlich mal geſchickt in vnſre Land!,nicht ſo vnzehlich mal geſchickt in vnſre land,nicht so unzehlich mal geschickt in unsre land
oa_jubilaeum_1640,body,1098,1,False,113,O wie ſo manches Buch wer im verborgen blieben/,o wie ſo manches buch wer im verborgen blieben,o wie so manches buch wer im uerborgen blieben
oa_jubilaeum_1640,body,1098,2,False,113,Vom Fewer/ Wuͤrmen/ Roſt vnd Motten auffgerieben,vom fewer wuͤrmen roſt vnd motten auffgerieben,uom fewer wurmen rost und motten auffgerieben
oa_jubilaeum_1640,body,1098,3,True,113,Jn vnſer eignen Welt: Wenn es die Druckerey,jn vnſer eignen welt wenn es die druckerey,in unser eignen welt wenn es die druckerey
oa_jubilaeum_1640,body,1099,0,False,113,40. Durch Nach-Druck nicht gemacht ſo Roſt- vnd Motten-frey.,durch nachdruck nicht gemacht ſo roſt vnd mottenfrey,durch nachdruck nicht gemacht so rost und mottenfrey
oa_jubilaeum_1640,body,1099,1,False,113,Wie manche Helden-That wer vnbeſungen blieben/,wie manche heldenthat wer vnbeſungen blieben,wie manche heldenthat wer unbesungen blieben
oa_jubilaeum_1640,body,1099,2,False,113,Wenn ſie die Drucker nicht vnzehlich mal beſchrieben/,wenn ſie die drucker nicht vnzehlich mal beſchrieben,wenn sie die drucker nicht unzehlich mal beschrieben
oa_jubilaeum_1640,body,1099,3,True,113,Es were denn daß man die Druͤcker vnter-druͤckt’/,es were denn daß man die druͤcker vnterdruͤckt,es were denn dass man die drucker unterdruckt
oa_jubilaeum_1640,body,1100,0,False,114,41. Daß vnſre Thaten jetzt zu druͤcken ſchlecht geſchickt.,daß vnſre thaten jetzt zu druͤcken ſchlecht geſchickt,dass unsre thaten ietzt zu drucken schlecht geschickt
oa_jubilaeum_1640,body,1100,1,False,114,Ja wie ſo mancher Kopff wer vngeſchickt geblieben/,ja wie ſo mancher kopff wer vngeſchickt geblieben,ia wie so mancher kopff wer ungeschickt geblieben
oa_jubilaeum_1640,body,1100,2,False,114,Eh’ er die Buͤcher all erlanget vnd geſchrieben/,eh er die buͤcher all erlanget vnd geſchrieben,eh er die bucher all erlanget und geschrieben
oa_jubilaeum_1640,body,1100,3,True,114,Die er jetzt eigen hat uͤmb ſo geringen Werth!,die er jetzt eigen hat uͤmb ſo geringen werth,die er ietzt eigen hat umb so geringen werth
oa_jubilaeum_1640,body,1101,0,False,114,42. Ein ſchlechtes Buch galt mehr/ als jetzt ein ſchoͤnes Pferd.,ein ſchlechtes buch galt mehr als jetzt ein ſchoͤnes pferd,ein schlechtes buch galt mehr als ietzt ein schones pferd
oa_jubilaeum_1640,body,1101,1,False,114,Darumb die Teutſchen auch nicht ſchrieben/ ſondern ritten;,darumb die teutſchen auch nicht ſchrieben ſondern ritten,darumb die teutschen auch nicht schrieben sondern ritten
oa_jubilaeum_1640,body,1101,2,False,114,Vnd tauſend Jahr Gebruch an Thaten-Schreibern litten/,vnd tauſend jahr gebruch an thatenschreibern litten,und tausend iahr gebruch an thatenschreibern litten
oa_jubilaeum_1640,body,1101,3,True,114,Die zu beweinen faſt! Was iſt der Seelen Noth?,die zu beweinen faſt was iſt der seelen noth,die zu beweinen fast was ist der seelen noth
oa_jubilaeum_1640,body,1102,0,False,114,43. Noch achtet niemand mehr der freyen Kuͤnſte Tod!,noch achtet niemand mehr der freyen kuͤnſte tod,noch achtet niemand mehr der freyen kunste tod
oa_jubilaeum_1640,body,1102,1,False,114,Doch aber dieſes auch anjetzo beygeſetzet/,doch aber dieſes auch anjetzo beygeſetzet,doch aber dieses auch anietzo beygesetzet
oa_jubilaeum_1640,body,1102,2,False,114,Wie hoch wird billich wol die Schreiber-Kunſt geſchaͤtzet?,wie hoch wird billich wol die schreiberkunſt geſchaͤtzet,wie hoch wird billich wol die schreiberkunst geschatzet
oa_jubilaeum_1640,body,1102,3,True,114,Wenn man vergleichen wil die Feder vnd das Pferd?,wenn man vergleichen wil die feder vnd das pferd,wenn man uergleichen wil die feder und das pferd
oa_jubilaeum_1640,body,1103,0,False,114,44. Man kaͤuffet ſie jetzund in ſehr vngleichem Werth.,man kaͤuffet ſie jetzund in ſehr vngleichem werth,man kauffet sie ietzund in sehr ungleichem werth
oa_jubilaeum_1640,body,1103,1,True,114,Vnd meynen jhrer viel (ſpricht Luther) der Worſt-Reiter/ (Wie viel jetzunder denn der Qvehler vnd Frey-Beuter?) Das Schreiber-Handwerck hat ſchlecht vnd geringe,vnd meynen jhrer viel ſpricht luther der worſtreiter wie viel jetzunder denn der qvehler vnd freybeuter das schreiberhandwerck hat ſchlecht vnd geringe,und meynen ihrer uiel spricht luther der worstreiter wie uiel ietzunder denn der quehler und freybeuter das schreiberhandwerck hat schlecht und geringe
oa_jubilaeum_1640,body,1104,0,False,114,45. Jm Harniſch vñ zu Feld ausreitẽ ſpat vñ fruͤh (Muͤh:,jm harniſch vñ zu feld ausreitẽ ſpat vñ fruͤh muͤh,im harnisch und zu feld ausreiten spat und fruh muh
oa_jubilaeum_1640,body,1104,2,False,114,Das iſt ein Arbeit! das! die einen Mann wil haben,das iſt ein arbeit das die einen mann wil haben,das ist ein arbeit das die einen mann wil haben
oa_jubilaeum_1640,body,1104,3,False,114,Von Mannes Muth vnd Krafft/ von Thaten vñ von Ga-,von mannes muth vnd krafft von thaten vñ von ga,uon mannes muth und krafft uon thaten und uon ga
oa_jubilaeum_1640,body,1104,4,True,114,Wir geben alles zu/ wo vnſer Handwerck gilt (ben! ℞.,wir geben alles zu wo vnſer handwerck gilt ben,wir geben alles zu wo unser handwerck gilt ben
oa_jubilaeum_1640,body,1105,0,False,114,46. Vnd mahlen jhnen ſelbſt die Thaten in den Schild.,vnd mahlen jhnen ſelbſt die thaten in den schild,und mahlen ihnen selbst die thaten in den schild
oa_jubilaeum_1640,body,1105,1,False,114,Solt aber einer mir das Schreiber-Handwerck treiben,solt aber einer mir das schreiberhandwerck treiben,solt aber einer mir das schreiberhandwerck treiben
oa_jubilaeum_1640,body,1105,2,False,114,Drey liebe Tage nur/ vnd weder leſen/ ſchreiben/,drey liebe tage nur vnd weder leſen ſchreiben,drey liebe tage nur und weder lesen schreiben
oa_jubilaeum_1640,body,1105,3,True,114,Noch dichten/ ſondern nur da ſitzen ſtarr vnd ſtill;,noch dichten ſondern nur da ſitzen ſtarr vnd ſtill,noch dichten sondern nur da sitzen starr und still
oa_jubilaeum_1640,body,1106,0,False,114,47. Er duͤrffte ſagen bald: Es ſitze wer da will/,er duͤrffte ſagen bald es ſitze wer da will,er durffte sagen bald es sitze wer da will
oa_jubilaeum_1640,body,1106,1,False,114,Jch wil ausreiten mehr vnd mit dem Hauffen ſchwitzen/,jch wil ausreiten mehr vnd mit dem hauffen ſchwitzen,ich wil ausreiten mehr und mit dem hauffen schwitzen
oa_jubilaeum_1640,body,1106,2,False,114,Als da ſo Mauſe-ſtill allein im Winckel ſitzen!,als da ſo mauſeſtill allein im winckel ſitzen,als da so mausestill allein im winckel sitzen
oa_jubilaeum_1640,body,1106,3,True,114,Wir aber ſitzen erſt vnd lernen jmmerdar,wir aber ſitzen erſt vnd lernen jmmerdar,wir aber sitzen erst und lernen immerdar
oa_jubilaeum_1640,body,1107,0,False,114,48. Zu Hauſ’ vñ in der Schul ein zwantzig/ dreiſſig Jahr!,zu hauſ vñ in der schul ein zwantzig dreiſſig jahr,zu haus und in der schul ein zwantzig dreissig iahr
oa_jubilaeum_1640,body,1107,1,False,114,Vnd denn anfahen erſt zu leſen/ ſchreiben/ dichten/,vnd denn anfahen erſt zu leſen ſchreiben dichten,und denn anfahen erst zu lesen schreiben dichten
oa_jubilaeum_1640,body,1107,2,False,114,Vnd aller Aempter Werck in aller Welt verrichten?,vnd aller aempter werck in aller welt verrichten,und aller aempter werck in aller welt uerrichten
oa_jubilaeum_1640,body,1107,3,True,114,Das/ das iſt eine Kunſt! die weiſe Fuͤrſten auch,das das iſt eine kunſt die weiſe fuͤrſten auch,das das ist eine kunst die weise fursten auch
oa_jubilaeum_1640,body,1108,0,False,114,49 Dẽ Reitern ziehen vor mit Gnaden-reichem Brauch.,dẽ reitern ziehen vor mit gnadenreichem brauch,den reitern ziehen uor mit gnadenreichem brauch
oa_jubilaeum_1640,body,1108,1,False,114,Vnd ſie die Reiter ſelbſt/ auch die vns wiederſtreben/,vnd ſie die reiter ſelbſt auch die vns wiederſtreben,und sie die reiter selbst auch die uns wiederstreben
oa_jubilaeum_1640,body,1108,2,False,114,Die laſſen fuͤr vnd fuͤr die Feder oben ſchweben,die laſſen fuͤr vnd fuͤr die feder oben ſchweben,die lassen fur und fur die feder oben schweben
oa_jubilaeum_1640,body,1108,3,True,114,Auff jhrem Hut vñ Helm! ja wol auch auff dem Pferd/,auff jhrem hut vñ helm ja wol auch auff dem pferd,auff ihrem hut und helm ia wol auch auff dem pferd
oa_jubilaeum_1640,body,1109,0,False,115,50. Vnd fuͤhren vnter ſich gezeumet Pferd vnd Schwert.,vnd fuͤhren vnter ſich gezeumet pferd vnd schwert,und fuhren unter sich gezeumet pferd und schwert
oa_jubilaeum_1640,body,1109,1,False,115,Vnd zeigen klaͤrlich an (ſie ſchelten oder loben),vnd zeigen klaͤrlich an ſie ſchelten oder loben,und zeigen klarlich an sie schelten oder loben
oa_jubilaeum_1640,body,1109,2,False,115,Daß GOTT vnd die Natur die Feder hoͤchſt erhoben/,daß gott vnd die natur die feder hoͤchſt erhoben,dass gott und die natur die feder hochst erhoben
oa_jubilaeum_1640,body,1109,3,True,115,Vnd vnſer Luther gar mit eyferheiſſem Geiſt,vnd vnſer luther gar mit eyferheiſſem geiſt,und unser luther gar mit eyferheissem geist
oa_jubilaeum_1640,body,1110,0,False,115,51. Vnd allzu kundbar nun der Feder Lob beſchleuſſt:,vnd allzu kundbar nun der feder lob beſchleuſſt,und allzu kundbar nun der feder lob beschleusst
oa_jubilaeum_1640,body,1110,1,False,115,[Die Schreibefeder muß Keyſerin bleiben/ oder,die schreibefeder muß keyſerin bleiben oder,die schreibefeder muss keyserin bleiben oder
oa_jubilaeum_1640,body,1110,2,False,115,GOtt wird vns was anders ſehen laſſen.],gott wird vns was anders ſehen laſſen,gott wird uns was anders sehen lassen
oa_jubilaeum_1640,body,1110,3,False,115,DArumb ſo ſchicket euch jhr von der Feder alle,darumb ſo ſchicket euch jhr von der feder alle,darumb so schicket euch ihr uon der feder alle
oa_jubilaeum_1640,body,1110,4,False,115,Auff S. Johannes Feſt mit Jubel-Frewden Schalle/,auff s johannes feſt mit jubelfrewden schalle,auff s iohannes fest mit iubelfrewden schalle
oa_jubilaeum_1640,body,1110,5,True,115,Vnd jhr jhr Drucker auch/ vnd Setzer/ vnd was mehr,vnd jhr jhr drucker auch vnd setzer vnd was mehr,und ihr ihr drucker auch und setzer und was mehr
oa_jubilaeum_1640,body,1111,0,False,115,52. Sich mit verpflichtet weiß zu GOttes Lob vnd Ehr.,sich mit verpflichtet weiß zu gottes lob vnd ehr,sich mit uerpflichtet weiss zu gottes lob und ehr
oa_jubilaeum_1640,body,1111,1,False,115,Das iſt der Gnaden-Tag/ da billich wird begangen,das iſt der gnadentag da billich wird begangen,das ist der gnadentag da billich wird begangen
oa_jubilaeum_1640,body,1111,2,False,115,Das groſſe GOttes-Werck/ weil/ die es angefangen/,das groſſe gotteswerck weil die es angefangen,das grosse gotteswerck weil die es angefangen
oa_jubilaeum_1640,body,1111,3,True,115,Johannes heiſſen all/ vnd Huldreich mit der That:,johannes heiſſen all vnd huldreich mit der that,iohannes heissen all und huldreich mit der that
oa_jubilaeum_1640,body,1112,0,False,115,53. Womit der Himmel ſelbſt vns angedeutet hat/,womit der himmel ſelbſt vns angedeutet hat,womit der himmel selbst uns angedeutet hat
oa_jubilaeum_1640,body,1112,1,False,115,Daß alles Drucker-Volck den Herren Jeſum preiſe/,daß alles druckervolck den herren jeſum preiſe,dass alles druckeruolck den herren iesum preise
oa_jubilaeum_1640,body,1112,2,False,115,Vnd Johanniten gleich/ mit Fingern auff jhn weiſe,vnd johanniten gleich mit fingern auff jhn weiſe,und iohanniten gleich mit fingern auff ihn weise
oa_jubilaeum_1640,body,1112,3,True,115,Mit allem Drucker-Zeug/ vnd aller Stempel Stamm/,mit allem druckerzeug vnd aller stempel stamm,mit allem druckerzeug und aller stempel stamm
oa_jubilaeum_1640,body,1113,0,False,115,54. Auff vnſer einig Heyl/ das werthe Gottes Lamb.,auff vnſer einig heyl das werthe gottes lamb,auff unser einig heyl das werthe gottes lamb
oa_jubilaeum_1640,body,1113,1,False,115,Das alles Teutſche ſeyn/ die dieſe Kunſt erfunden/,das alles teutſche ſeyn die dieſe kunſt erfunden,das alles teutsche seyn die diese kunst erfunden
oa_jubilaeum_1640,body,1113,2,False,115,Vnd jhre Namen ſelbſt den Zweiffel uͤberwunden/,vnd jhre namen ſelbſt den zweiffel uͤberwunden,und ihre namen selbst den zweiffel uberwunden
oa_jubilaeum_1640,body,1113,3,True,115,Hans Gutenberg: Hans Fauſt: ſampt Schoͤffer: Huldreich Haan:,hans gutenberg hans fauſt ſampt schoͤffer huldreich haan,hans gutenberg hans faust sampt schoffer huldreich haan
oa_jubilaeum_1640,body,1114,0,False,115,55. Hans Maͤntel: vnd wer was zu erſt dabey gethan.,hans maͤntel vnd wer was zu erſt dabey gethan,hans mantel und wer was zu erst dabey gethan
oa_jubilaeum_1640,body,1114,1,False,115,Das alles Haͤnſe ſeyn/ die Chriſto vorgegangen/,das alles haͤnſe ſeyn die chriſto vorgegangen,das alles hanse seyn die christo uorgegangen
oa_jubilaeum_1640,body,1114,2,False,115,Vnd auff jhn mit dem Druck gewartet mit verlangen/ (vnd Huß:,vnd auff jhn mit dem druck gewartet mit verlangen vnd huß,und auff ihn mit dem druck gewartet mit uerlangen und huss
oa_jubilaeum_1640,body,1114,4,True,115,Hans Weißley: Hans von Fels: Hans Hilten: Fleck,hans weißley hans von fels hans hilten fleck,hans weissley hans uon fels hans hilten fleck
oa_jubilaeum_1640,body,1115,0,False,115,56. Biß Churfuͤrſt Hanſen Schrifft erfolget auff dem Fuß.,biß churfuͤrſt hanſen schrifft erfolget auff dem fuß,biss churfurst hansen schrifft erfolget auff dem fuss
oa_jubilaeum_1640,body,1115,1,False,115,So laſſet nun demnach die Feder-Feinde reiten/,so laſſet nun demnach die federfeinde reiten,so lasset nun demnach die federfeinde reiten
oa_jubilaeum_1640,body,1115,2,False,115,Vnd reiten Tag vnd Nacht nach Stoͤſſen oder Beuten:,vnd reiten tag vnd nacht nach stoͤſſen oder beuten,und reiten tag und nacht nach stossen oder beuten
oa_jubilaeum_1640,body,1115,3,True,115,Sie werden allzubald bekommen jhren Lohn/,sie werden allzubald bekommen jhren lohn,sie werden allzubald bekommen ihren lohn
oa_jubilaeum_1640,body,1116,0,False,115,57. Vnd ſtehen laſſen doch der Federn Ehren-Thron.,vnd ſtehen laſſen doch der federn ehrenthron,und stehen lassen doch der federn ehrenthron
oa_jubilaeum_1640,body,1116,1,False,115,Die jetzo druͤcken euch/ nach ewren Greiffen greiffen/,die jetzo druͤcken euch nach ewren greiffen greiffen,die ietzo drucken euch nach ewren greiffen greiffen
oa_jubilaeum_1640,body,1116,2,False,115,Vnd zu Gold-gierig jhn berupffen vnd bereuffen:,vnd zu goldgierig jhn berupffen vnd bereuffen,und zu goldgierig ihn berupffen und bereuffen
oa_jubilaeum_1640,body,1116,3,True,115,Die ſolt jhr wiederumb bald druͤcken all’ vnd jed’/,die ſolt jhr wiederumb bald druͤcken all vnd jed,die solt ihr wiederumb bald drucken all und ied
oa_jubilaeum_1640,body,1117,0,False,116,58. Vnd jhnen drucken nach ein froͤlich Grabe-Lied.,vnd jhnen drucken nach ein froͤlich grabelied,und ihnen drucken nach ein frolich grabelied
oa_jubilaeum_1640,body,1117,1,False,116,Jn deſſen ſchicket euch zu preiſen vnd zu loben,jn deſſen ſchicket euch zu preiſen vnd zu loben,in dessen schicket euch zu preisen und zu loben
oa_jubilaeum_1640,body,1117,2,False,116,Den/ der euch ewre Kunſt ſo Himmel-hoch erhoben/,den der euch ewre kunſt ſo himmelhoch erhoben,den der euch ewre kunst so himmelhoch erhoben
oa_jubilaeum_1640,body,1117,3,False,116,Mit Kummer-freyen Muth/ in ewrem Lorber-Krantz,mit kummerfreyen muth in ewrem lorberkrantz,mit kummerfreyen muth in ewrem lorberkrantz
oa_jubilaeum_1640,body,1117,4,True,116,59. Zum Jubel-Frewden-Schall vnd,zum jubelfrewdenschall vnd,zum iubelfrewdenschall und
oa_jubilaeum_1640,head,1118,0,True,116,Drucker-Zaͤuner-Tantz.,druckerzaͤunertantz,druckerzaunertantz
oa_jubilaeum_1640,body,1119,0,False,116,SO ſingen wir mit Frewdenſchall all vnſre Federn an/,so ſingen wir mit frewdenſchall all vnſre federn an,so singen wir mit frewdenschall all unsre federn an
oa_jubilaeum_1640,body,1119,1,True,116,Vnd preiſen was Gott vberall/ an vns durch ſie gethan/ Von Sebu-,vnd preiſen was gott vberall an vns durch ſie gethan von sebu,und preisen was gott uberall an uns durch sie gethan uon sebu
oa_jubilaeum_1640,body,1120,1,False,116,lon auff Machir Thron/ biß auff die Zeit/ der gantzen Chriſtenheit/,lon auff machir thron biß auff die zeit der gantzen chriſtenheit,lon auff machir thron biss auff die zeit der gantzen christenheit
oa_jubilaeum_1640,body,1120,2,False,116,Schreibet all jhr Juͤden ſchreibet/ Treibet all jhr Heyden treibet/ Treibet,schreibet all jhr juͤden ſchreibet treibet all jhr heyden treibet treibet,schreibet all ihr iuden schreibet treibet all ihr heyden treibet treibet
oa_jubilaeum_1640,body,1120,3,True,116,fort/ des HErren Ehr vnd Wort.,fort des herren ehr vnd wort,fort des herren ehr und wort
oa_jubilaeum_1640,body,1121,0,False,116,So ſingen wir mit Frewden-Schall,so ſingen wir mit frewdenschall,so singen wir mit frewdenschall
oa_jubilaeum_1640,body,1121,1,False,116,Auch vnſern Adler an/,auch vnſern adler an,auch unsern adler an
oa_jubilaeum_1640,body,1121,2,False,116,Vnd die Schutz-Goͤtter uͤberall/,vnd die schutzgoͤtter uͤberall,und die schutzgotter uberall
oa_jubilaeum_1640,body,1121,3,False,116,Die was an vns gethan.,die was an vns gethan,die was an uns gethan
oa_jubilaeum_1640,body,1121,4,False,116,Der Adler fleugt/ vnd uͤberſteigt,der adler fleugt vnd uͤberſteigt,der adler fleugt und ubersteigt
oa_jubilaeum_1640,body,1121,5,False,116,Sein gantz Geſchlecht/,sein gantz geſchlecht,sein gantz geschlecht
oa_jubilaeum_1640,body,1121,6,False,116,Zu hegen rechtes Recht.,zu hegen rechtes recht,zu hegen rechtes recht
oa_jubilaeum_1640,body,1121,7,False,116,Tichtet all jhr Tichter tichtet/,tichtet all jhr tichter tichtet,tichtet all ihr tichter tichtet
oa_jubilaeum_1640,body,1121,8,False,116,Richtet all jhr Richter richtet/,richtet all jhr richter richtet,richtet all ihr richter richtet
oa_jubilaeum_1640,body,1121,9,True,116,Richtet auff/ des rechten Rechtes Lauff.,richtet auff des rechten rechtes lauff,richtet auff des rechten rechtes lauff
oa_jubilaeum_1640,body,1122,0,False,116,So ſingen wir mit Frewden-Schall,so ſingen wir mit frewdenschall,so singen wir mit frewdenschall
oa_jubilaeum_1640,body,1122,1,False,116,All vnſre Schwanen an/,all vnſre schwanen an,all unsre schwanen an
oa_jubilaeum_1640,body,1122,2,False,116,Vnd preiſen was GOTT uͤberall/,vnd preiſen was gott uͤberall,und preisen was gott uberall
oa_jubilaeum_1640,body,1122,3,False,116,An vns durch ſie gethan.,an vns durch ſie gethan,an uns durch sie gethan
oa_jubilaeum_1640,body,1122,4,False,116,Der Schwan iſt weis/ hat Staͤrck vñ Preis;,der schwan iſt weis hat staͤrck vñ preis,der schwan ist weis hat starck und preis
oa_jubilaeum_1640,body,1122,5,False,116,Viel Jungen bringt/,viel jungen bringt,uiel iungen bringt
oa_jubilaeum_1640,body,1122,6,False,116,Vñ mit den a Federn ſingt.,vñ mit den a federn ſingt,und mit den a federn singt
oa_jubilaeum_1640,body,1122,7,False,116,Singet all jhr Schwanen ſinget/,singet all jhr schwanen ſinget,singet all ihr schwanen singet
oa_jubilaeum_1640,body,1122,8,False,116,Bringet all jhr Jungen bringet/,bringet all jhr jungen bringet,bringet all ihr iungen bringet
oa_jubilaeum_1640,body,1122,9,True,116,Bringet Ehr vnd Preiß je mehr vnd mehr.,bringet ehr vnd preiß je mehr vnd mehr,bringet ehr und preiss ie mehr und mehr
oa_jubilaeum_1640,body,1123,0,False,117,So ſingen wir mit Frewden-Schall,so ſingen wir mit frewdenschall,so singen wir mit frewdenschall
oa_jubilaeum_1640,body,1123,1,False,117,An vnſern Sachſen-Schwan/,an vnſern sachſenschwan,an unsern sachsenschwan
oa_jubilaeum_1640,body,1123,2,False,117,Vnd preiſen/ was GOTT uͤberall,vnd preiſen was gott uͤberall,und preisen was gott uberall
oa_jubilaeum_1640,body,1123,3,False,117,An vns durch jhn gethan.,an vns durch jhn gethan,an uns durch ihn gethan
oa_jubilaeum_1640,body,1123,4,False,117,Das iſt der Schwan/ den Huß ſagt an/,das iſt der schwan den huß ſagt an,das ist der schwan den huss sagt an
oa_jubilaeum_1640,body,1123,5,False,117,Er ſang vnd ſchrieb’/,er ſang vnd ſchrieb,er sang und schrieb
oa_jubilaeum_1640,body,1123,6,False,117,Vnd vngebraten blieb:,vnd vngebraten blieb,und ungebraten blieb
oa_jubilaeum_1640,body,1123,7,False,117,Schreibet all jhr Schreiber ſchreibet/,schreibet all jhr schreiber ſchreibet,schreibet all ihr schreiber schreibet
oa_jubilaeum_1640,body,1123,8,False,117,Treibet all jhr Lehrer treibet/,treibet all jhr lehrer treibet,treibet all ihr lehrer treibet
oa_jubilaeum_1640,body,1123,9,True,117,Treibet fort/ das reine GOttes Wort.,treibet fort das reine gottes wort,treibet fort das reine gottes wort
oa_jubilaeum_1640,body,1124,0,False,117,So ſingen wir mit Frewden-Schall,so ſingen wir mit frewdenschall,so singen wir mit frewdenschall
oa_jubilaeum_1640,body,1124,1,False,117,An den Poeten-Schwan/,an den poetenschwan,an den poetenschwan
oa_jubilaeum_1640,body,1124,2,False,117,Vnd ſeiner Federn Schall vnd Hall/,vnd ſeiner federn schall vnd hall,und seiner federn schall und hall
oa_jubilaeum_1640,body,1124,3,False,117,Vnd ſeine Sieges-Fahn:,vnd ſeine siegesfahn,und seine siegesfahn
oa_jubilaeum_1640,body,1124,4,False,117,Sein ſuͤſſer Klang/ vnd Lobgeſang,sein ſuͤſſer klang vnd lobgeſang,sein susser klang und lobgesang
oa_jubilaeum_1640,body,1124,5,False,117,Den Neid veracht/,den neid veracht,den neid ueracht
oa_jubilaeum_1640,body,1124,6,False,117,Vnd Tod vnd Grab verlacht.,vnd tod vnd grab verlacht,und tod und grab uerlacht
oa_jubilaeum_1640,body,1124,7,False,117,Singet all jhr Schwanen ſinget/,singet all jhr schwanen ſinget,singet all ihr schwanen singet
oa_jubilaeum_1640,body,1124,8,False,117,Schwinget ewre Fahnen ſchwinget:,schwinget ewre fahnen ſchwinget,schwinget ewre fahnen schwinget
oa_jubilaeum_1640,body,1124,9,True,117,Gans vnd Schwan ſind Schreibern zuge- (than.,gans vnd schwan ſind schreibern zuge than,gans und schwan sind schreibern zuge than
oa_jubilaeum_1640,body,1125,1,False,117,So ſingen wir mit Frewden-Schall,so ſingen wir mit frewdenschall,so singen wir mit frewdenschall
oa_jubilaeum_1640,body,1125,2,False,117,Die Gaͤnſe-Federn an/,die gaͤnſefedern an,die gansefedern an
oa_jubilaeum_1640,body,1125,3,False,117,Vnd preiſen/ was GOtt uͤberall,vnd preiſen was gott uͤberall,und preisen was gott uberall
oa_jubilaeum_1640,body,1125,4,False,117,An vns durch ſie gethan.,an vns durch ſie gethan,an uns durch sie gethan
oa_jubilaeum_1640,body,1125,5,False,117,Die Gans iſt reich/ jhr Bett iſt weich/,die gans iſt reich jhr bett iſt weich,die gans ist reich ihr bett ist weich
oa_jubilaeum_1640,body,1125,6,False,117,Jhr Neſt ein Heer/,jhr neſt ein heer,ihr nest ein heer
oa_jubilaeum_1640,body,1125,7,False,117,Der Federn noch viel mehr/,der federn noch viel mehr,der federn noch uiel mehr
oa_jubilaeum_1640,body,1125,8,False,117,Dadert all jhr Gaͤnſe dadert/,dadert all jhr gaͤnſe dadert,dadert all ihr ganse dadert
oa_jubilaeum_1640,body,1125,9,False,117,Hadert all jhr Lumpen hadert/,hadert all jhr lumpen hadert,hadert all ihr lumpen hadert
oa_jubilaeum_1640,body,1125,10,True,117,Hadert ſtarck/ zum Schrifft- vnd Feder- (Marck.,hadert ſtarck zum schrifft vnd feder marck,hadert starck zum schrifft und feder marck
oa_jubilaeum_1640,body,1126,1,False,117,So ſingen wir mit Frewden-Schall,so ſingen wir mit frewdenschall,so singen wir mit frewdenschall
oa_jubilaeum_1640,body,1126,2,False,117,Die Kraͤuter-Feder an/,die kraͤuterfeder an,die krauterfeder an
oa_jubilaeum_1640,body,1126,3,False,117,Vnd preiſen/ was GOTT uͤberall,vnd preiſen was gott uͤberall,und preisen was gott uberall
oa_jubilaeum_1640,body,1126,4,False,117,An jhr vnd vns gethan.,an jhr vnd vns gethan,an ihr und uns gethan
oa_jubilaeum_1640,body,1126,5,False,117,Der Bluͤmlein Safft vnd Steine Krafft Vertreiben Gifft,der bluͤmlein safft vnd steine krafft vertreiben gifft,der blumlein safft und steine krafft uertreiben gifft
oa_jubilaeum_1640,body,1126,7,False,117,Durch weiſer Aertzte Schrifft.,durch weiſer aertzte schrifft,durch weiser aertzte schrifft
oa_jubilaeum_1640,body,1126,8,False,117,Schreibet all jhr Aertzte ſchreibet/,schreibet all jhr aertzte ſchreibet,schreibet all ihr aertzte schreibet
oa_jubilaeum_1640,body,1126,9,False,117,Treibet all jhr Bluͤmlein treibet/,treibet all jhr bluͤmlein treibet,treibet all ihr blumlein treibet
oa_jubilaeum_1640,body,1126,10,True,117,Treibet aus die Seuchen aus dem Haus.,treibet aus die seuchen aus dem haus,treibet aus die seuchen aus dem haus
oa_jubilaeum_1640,body,1127,0,False,117,So ſingen wir mit Frewden-Schall,so ſingen wir mit frewdenschall,so singen wir mit frewdenschall
oa_jubilaeum_1640,body,1127,1,False,117,Die Schreiber ſelber an/,die schreiber ſelber an,die schreiber selber an
oa_jubilaeum_1640,body,1127,2,False,117,Vnd was die Feder uͤberall,vnd was die feder uͤberall,und was die feder uberall
oa_jubilaeum_1640,body,1127,3,False,117,An Ehren hat vnd kan:,an ehren hat vnd kan,an ehren hat und kan
oa_jubilaeum_1640,body,1127,4,False,117,Die Schreiber-Kunſt hat Preiß vñ Gunſt/,die schreiberkunſt hat preiß vñ gunſt,die schreiberkunst hat preiss und gunst
oa_jubilaeum_1640,body,1127,5,False,117,Bey arm vnd reich/,bey arm vnd reich,bey arm und reich
oa_jubilaeum_1640,body,1127,6,False,117,Wenn mans verbirget gleich/,wenn mans verbirget gleich,wenn mans uerbirget gleich
oa_jubilaeum_1640,body,1127,7,False,117,Schreibet all jhr Schreiber ſchreibet;,schreibet all jhr schreiber ſchreibet,schreibet all ihr schreiber schreibet
oa_jubilaeum_1640,body,1127,8,False,117,Treibet ewer Handwerck treibet/,treibet ewer handwerck treibet,treibet ewer handwerck treibet
oa_jubilaeum_1640,body,1127,9,True,117,Treibets fort/ allhier vnd aller Ort.,treibets fort allhier vnd aller ort,treibets fort allhier und aller ort
oa_jubilaeum_1640,body,1128,0,False,117,So ſingen wir mit Frewden-Schall,so ſingen wir mit frewdenschall,so singen wir mit frewdenschall
oa_jubilaeum_1640,body,1128,1,False,117,Der Drucker Wapen an/,der drucker wapen an,der drucker wapen an
oa_jubilaeum_1640,body,1128,2,False,117,Vnd was jhr Greiff vns uͤberall,vnd was jhr greiff vns uͤberall,und was ihr greiff uns uberall
oa_jubilaeum_1640,body,1128,3,False,117,Zu guter letzt gethan.,zu guter letzt gethan,zu guter letzt gethan
oa_jubilaeum_1640,body,1128,4,False,117,Der Greiff iſt hell/ vnd ſtarck vnd ſchnell/,der greiff iſt hell vnd ſtarck vnd ſchnell,der greiff ist hell und starck und schnell
oa_jubilaeum_1640,body,1128,5,False,117,Schatz- vnd Gold-reich,schatz vnd goldreich,schatz und goldreich
oa_jubilaeum_1640,body,1128,6,False,117,Wenn mans jhm raubet gleich.,wenn mans jhm raubet gleich,wenn mans ihm raubet gleich
oa_jubilaeum_1640,body,1128,7,False,117,Greiffet all jhr Greiſſen greiffet/,greiffet all jhr greiſſen greiffet,greiffet all ihr greissen greiffet
oa_jubilaeum_1640,body,1128,8,False,117,Haͤuffet all jhr Schaͤtze haͤuffet/,haͤuffet all jhr schaͤtze haͤuffet,hauffet all ihr schatze hauffet
oa_jubilaeum_1640,body,1128,9,True,117,Ewre Schrifft/ Gold vnd Gelt uͤbertrifft.,ewre schrifft gold vnd gelt uͤbertrifft,ewre schrifft gold und gelt ubertrifft
oa_jubilaeum_1640,body,1129,0,False,117,So ſingen wir mit Frewden-Schall,so ſingen wir mit frewdenschall,so singen wir mit frewdenschall
oa_jubilaeum_1640,body,1129,1,False,117,Auch die Buchdrucker an/,auch die buchdrucker an,auch die buchdrucker an
oa_jubilaeum_1640,body,1129,2,False,117,Vnd preiſen/ was GOTT uͤberall,vnd preiſen was gott uͤberall,und preisen was gott uberall
oa_jubilaeum_1640,body,1129,3,False,117,An jhrer Schrifft gethan.,an jhrer schrifft gethan,an ihrer schrifft gethan
oa_jubilaeum_1640,body,1129,4,False,117,Der Setzer ſetzt/ ein Knabe netzt/,der setzer ſetzt ein knabe netzt,der setzer setzt ein knabe netzt
oa_jubilaeum_1640,body,1129,5,False,117,Ein Drucker kan,ein drucker kan,ein drucker kan
oa_jubilaeum_1640,body,1129,6,False,117,So viel als tauſend Mann.,so viel als tauſend mann,so uiel als tausend mann
oa_jubilaeum_1640,body,1129,7,False,117,Setzet all jhr Setzer ſetzet/,setzet all jhr setzer ſetzet,setzet all ihr setzer setzet
oa_jubilaeum_1640,body,1129,8,False,117,Netzet all jhr Netzer netzet/,netzet all jhr netzer netzet,netzet all ihr netzer netzet
oa_jubilaeum_1640,body,1129,9,True,117,Netzet friſch/ der Drucker drucket riſch.,netzet friſch der drucker drucket riſch,netzet frisch der drucker drucket risch
oa_jubilaeum_1640,body,1130,0,False,117,So ſingen wir mit Frewden-Schall,so ſingen wir mit frewdenschall,so singen wir mit frewdenschall
oa_jubilaeum_1640,body,1130,1,False,117,Auch die Liebhaber an/,auch die liebhaber an,auch die liebhaber an
oa_jubilaeum_1640,body,1130,2,False,117,Die vnſer Feder uͤberall Auffrichtig zugethan.,die vnſer feder uͤberall auffrichtig zugethan,die unser feder uberall auffrichtig zugethan
oa_jubilaeum_1640,body,1130,4,False,117,Die Feder lehrt/ nehrt vnd vermehrt/,die feder lehrt nehrt vnd vermehrt,die feder lehrt nehrt und uermehrt
oa_jubilaeum_1640,body,1130,5,False,117,Die Feder lebt/,die feder lebt,die feder lebt
oa_jubilaeum_1640,body,1130,6,False,117,Erhebt vnd oben ſchwebt/,erhebt vnd oben ſchwebt,erhebt und oben schwebt
oa_jubilaeum_1640,body,1130,7,False,117,Liebet all jhr lieben liebet/,liebet all jhr lieben liebet,liebet all ihr lieben liebet
oa_jubilaeum_1640,body,1130,8,False,117,Vbet all jhr Chriſten uͤbet,vbet all jhr chriſten uͤbet,ubet all ihr christen ubet
oa_jubilaeum_1640,body,1130,9,True,117,Reine Lehr/ zu GOttes Preiß vnd Ehr.,reine lehr zu gottes preiß vnd ehr,reine lehr zu gottes preiss und ehr
oa_jubilaeum_1640,body,1131,0,False,118,Gelobet ſey der Teutſchen GOTT/,gelobet ſey der teutſchen gott,gelobet sey der teutschen gott
oa_jubilaeum_1640,body,1131,1,False,118,Der aller Heyden Grewi,der aller heyden grewi,der aller heyden grewi
oa_jubilaeum_1640,body,1131,2,False,118,Aus vnſern Landen ausgerott,aus vnſern landen ausgerott,aus unsern landen ausgerott
oa_jubilaeum_1640,body,1131,3,False,118,Zu ſeiner Kirchen Heyl.,zu ſeiner kirchen heyl,zu seiner kirchen heyl
oa_jubilaeum_1640,body,1131,4,False,118,Er geb vns Ruh/ vnd Fried dazu/,er geb vns ruh vnd fried dazu,er geb uns ruh und fried dazu
oa_jubilaeum_1640,body,1131,5,False,118,Vnd auch hinfort,vnd auch hinfort,und auch hinfort
oa_jubilaeum_1640,body,1131,6,False,118,Sein thewer werthes Wort:,sein thewer werthes wort,sein thewer werthes wort
oa_jubilaeum_1640,body,1131,7,False,118,Amen/ O HErr JEſu/ Amen/,amen o herr jeſu amen,amen o herr iesu amen
oa_jubilaeum_1640,body,1131,8,False,118,Amen/ Amen/ deinem Namen,amen amen deinem namen,amen amen deinem namen
oa_jubilaeum_1640,body,1131,9,False,118,Sey bereit/ Lob Ehr/ vnd Herrligkeit.,sey bereit lob ehr vnd herrligkeit,sey bereit lob ehr und herrligkeit
oa_jubilaeum_1640,item,1131,10,True,118,AMEN.,amen,amen
oa_jubilaeum_1640,body,1132,0,False,118,Lob der Edlen vnd nuͤtzlichen Druckerey-Kunſt/ auffgeſetzt durch Chriſtian Gveintz.,lob der edlen vnd nuͤtzlichen druckereykunſt auffgeſetzt durch chriſtian gveintz,lob der edlen und nutzlichen druckereykunst auffgesetzt durch christian gueintz
oa_jubilaeum_1640,body,1132,1,True,118,Denen Ehrenveſten vnd Kunſtreichen Herren vnd Geſellen der Druckerey.,denen ehrenveſten vnd kunſtreichen herren vnd geſellen der druckerey,denen ehrenuesten und kunstreichen herren und gesellen der druckerey
oa_jubilaeum_1640,body,1133,0,False,118,NJcht vnbekant iſt/ Geehrte vnd guͤnſtige Leſer/ was die Chineſer/ des groſſen Aſien maͤchtig Volck/ vorgeben: Als ſolten ſie allein mit zweyen Augen ſehen/ die Europeiſchen Boͤlcker nur mit einem/ die andern aber alle blind ſeyn.,njcht vnbekant iſt geehrte vnd guͤnſtige leſer was die chineſer des groſſen aſien maͤchtig volck vorgeben als ſolten ſie allein mit zweyen augen ſehen die europeiſchen boͤlcker nur mit einem die andern aber alle blind ſeyn,nicht unbekant ist geehrte und gunstige leser was die chineser des grossen asien machtig uolck uorgeben als solten sie allein mit zweyen augen sehen die europeischen bolcker nur mit einem die andern aber alle blind seyn
oa_jubilaeum_1640,body,1133,1,True,118,Welches ob- vnd wie war es ſey/ laſſe ich andere anietzo in andern erweiſen: Allein wird keiner/ der ſeiner Vernunfft maͤchtig/ in Abrede ſeyn koͤnnen/ daß Teutſchland in dieſen Zeiten wegen vieler Wiſſenſchafften/ groſſer Kuͤnſte/ ſtattlicher Erfindungen/ wo nicht in allen/ dennoch in dem Witz vnd Verſtand allen vorzuziehen.,welches ob vnd wie war es ſey laſſe ich andere anietzo in andern erweiſen allein wird keiner der ſeiner vernunfft maͤchtig in abrede ſeyn koͤnnen daß teutſchland in dieſen zeiten wegen vieler wiſſenſchafften groſſer kuͤnſte ſtattlicher erfindungen wo nicht in allen dennoch in dem witz vnd verſtand allen vorzuziehen,welches ob und wie war es sey lasse ich andere anietzo in andern erweisen allein wird keiner der seiner uernunfft machtig in abrede seyn konnen dass teutschland in diesen zeiten wegen uieler wissenschafften grosser kunste stattlicher erfindungen wo nicht in allen dennoch in dem witz und uerstand allen uorzuziehen
oa_jubilaeum_1640,body,1134,0,False,118,Die letzte groſſe Monarchy hat gewiß nicht bey Blinden jhren Sitz: Der wahre Gottesdienſt nicht bey den Dummen ſeine Kirche: Die Hohen- vnd andere Schulen beſchaͤmen die Barbaren: Die Buͤchſen vnd Archeley bezwingen die gantze Welt/ vnd auch die Chineſer ſelbſten.,die letzte groſſe monarchy hat gewiß nicht bey blinden jhren sitz der wahre gottesdienſt nicht bey den dummen ſeine kirche die hohen vnd andere schulen beſchaͤmen die barbaren die buͤchſen vnd archeley bezwingen die gantze welt vnd auch die chineſer ſelbſten,die letzte grosse monarchy hat gewiss nicht bey blinden ihren sitz der wahre gottesdienst nicht bey den dummen seine kirche die hohen und andere schulen beschamen die barbaren die buchsen und archeley bezwingen die gantze welt und auch die chineser selbsten
oa_jubilaeum_1640,body,1134,1,True,118,(Wiewol zu wuͤndſchen/ daß der Berthold/ der ſie erdacht/ ſeinen Buͤchern mehr obgelegen vnd fleiſſiger ſich dariñen geuͤbet: doch iſt diß anjetzo ſo weit zu ruͤhmen/ daß ein Teutſcher ſie erfunden. ),wiewol zu wuͤndſchen daß der berthold der ſie erdacht ſeinen buͤchern mehr obgelegen vnd fleiſſiger ſich dariñen geuͤbet doch iſt diß anjetzo ſo weit zu ruͤhmen daß ein teutſcher ſie erfunden,wiewol zu wundschen dass der berthold der sie erdacht seinen buchern mehr obgelegen und fleissiger sich darinnen geubet doch ist diss anietzo so weit zu ruhmen dass ein teutscher sie erfunden
oa_jubilaeum_1640,body,1135,0,False,119,Die Druckerey aber/ als ein ſonderes Wunder-Werck/ erweiſet/ daß Teutſchland warlich mit jhren Augen mehr ſehe/ als die andern alle.,die druckerey aber als ein ſonderes wunderwerck erweiſet daß teutſchland warlich mit jhren augen mehr ſehe als die andern alle,die druckerey aber als ein sonderes wunderwerck erweiset dass teutschland warlich mit ihren augen mehr sehe als die andern alle
oa_jubilaeum_1640,body,1135,1,False,119,Dann iſt nicht gewiß/ daß die Druckereyen Mittel der Ewigkeit?,dann iſt nicht gewiß daß die druckereyen mittel der ewigkeit,dann ist nicht gewiss dass die druckereyen mittel der ewigkeit
oa_jubilaeum_1640,body,1135,2,False,119,Eine Mutter aller Kuͤnſte?,eine mutter aller kuͤnſte,eine mutter aller kunste
oa_jubilaeum_1640,body,1135,3,False,119,Eine Fortpflantzerin der wahren Chriſtlichen Lehr?,eine fortpflantzerin der wahren chriſtlichen lehr,eine fortpflantzerin der wahren christlichen lehr
oa_jubilaeum_1640,body,1135,4,False,119,Eine Erhalterin aller denckwuͤrdigen Geſchichte?,eine erhalterin aller denckwuͤrdigen geſchichte,eine erhalterin aller denckwurdigen geschichte
oa_jubilaeum_1640,body,1135,5,False,119,Eine eylfertige wunderſame Schreiberin?,eine eylfertige wunderſame schreiberin,eine eylfertige wundersame schreiberin
oa_jubilaeum_1640,body,1135,6,False,119,Eine Verbeſſerin der uͤbel geſchriebenen Sachen/ aller Tugend Meiſterin/ aller kunſtreichen Erfindungen Schatzkammer/ aller Helden-Thaten Ausbreiterin.,eine verbeſſerin der uͤbel geſchriebenen sachen aller tugend meiſterin aller kunſtreichen erfindungen schatzkammer aller heldenthaten ausbreiterin,eine uerbesserin der ubel geschriebenen sachen aller tugend meisterin aller kunstreichen erfindungen schatzkammer aller heldenthaten ausbreiterin
oa_jubilaeum_1640,body,1135,7,False,119,Sie iſt ein Probierſtein deſſen/ was bewaͤrt/ vnd deſſen/ was verworffen.,sie iſt ein probierſtein deſſen was bewaͤrt vnd deſſen was verworffen,sie ist ein probierstein dessen was bewart und dessen was uerworffen
oa_jubilaeum_1640,body,1135,8,False,119,Sie iſt des Gluͤcks Anzeigerin/ des Vngluͤcks Troͤſterin: vermehret Ruhm/ lehret Wiſſenſchafften/ gebieret Ehr.,sie iſt des gluͤcks anzeigerin des vngluͤcks troͤſterin vermehret ruhm lehret wiſſenſchafften gebieret ehr,sie ist des glucks anzeigerin des unglucks trosterin uermehret ruhm lehret wissenschafften gebieret ehr
oa_jubilaeum_1640,body,1135,9,False,119,Sie iſt ein Merck groſſer vnd hoher Gaben/ ein Auffenthalt der Weisheit ſelbſten/ aller Gottesgelahrten/ Rechtsgeuͤbten/ Artzneyerfahrnen/ Weltweiſen/ Lehrer vnd Lerner Werckzeug: Eine Ernehrerin vieler Tauſenden.,sie iſt ein merck groſſer vnd hoher gaben ein auffenthalt der weisheit ſelbſten aller gottesgelahrten rechtsgeuͤbten artzneyerfahrnen weltweiſen lehrer vnd lerner werckzeug eine ernehrerin vieler tauſenden,sie ist ein merck grosser und hoher gaben ein auffenthalt der weisheit selbsten aller gottesgelahrten rechtsgeubten artzneyerfahrnen weltweisen lehrer und lerner werckzeug eine ernehrerin uieler tausenden
oa_jubilaeum_1640,body,1135,10,False,119,Sie iſt die in einem Tag mehr/ als etlich tauſend Schreiber in einem Jahr/ kan verrichten: Sie iſt die in einem Tage mehr ohne Feder ſchreibet/ als tauſend leſen koͤnnen: Sie iſt dadurch kein Gelahrter ſonſten gelahrt iſt/ vnd dadurch ſie nach jhrem Tode leben vnd bleiben.,sie iſt die in einem tag mehr als etlich tauſend schreiber in einem jahr kan verrichten sie iſt die in einem tage mehr ohne feder ſchreibet als tauſend leſen koͤnnen sie iſt dadurch kein gelahrter ſonſten gelahrt iſt vnd dadurch ſie nach jhrem tode leben vnd bleiben,sie ist die in einem tag mehr als etlich tausend schreiber in einem iahr kan uerrichten sie ist die in einem tage mehr ohne feder schreibet als tausend lesen konnen sie ist dadurch kein gelahrter sonsten gelahrt ist und dadurch sie nach ihrem tode leben und bleiben
oa_jubilaeum_1640,body,1135,11,False,119,Sie lehret auch die Narren kennen/ macht die Hoffertigen offenbar/ vnd wie Garzon redet/ nimt ſie hinweg die Vnwiſſenheiten/ erhebt die Tugend vnd Wiſſenſchafft zu Ehren.,sie lehret auch die narren kennen macht die hoffertigen offenbar vnd wie garzon redet nimt ſie hinweg die vnwiſſenheiten erhebt die tugend vnd wiſſenſchafft zu ehren,sie lehret auch die narren kennen macht die hoffertigen offenbar und wie garzon redet nimt sie hinweg die unwissenheiten erhebt die tugend und wissenschafft zu ehren
oa_jubilaeum_1640,body,1135,12,False,119,Dieſe Kunſt iſt eine Seule/ die alle/ ſo deſſen werth/ bey jhren Hoheiten erhelt: Eine Herberge vnd Auffenthalt aller tapffern vnd fuͤrtrefflichen Koͤpffe.,dieſe kunſt iſt eine seule die alle ſo deſſen werth bey jhren hoheiten erhelt eine herberge vnd auffenthalt aller tapffern vnd fuͤrtrefflichen koͤpffe,diese kunst ist eine seule die alle so dessen werth bey ihren hoheiten erhelt eine herberge und auffenthalt aller tapffern und furtrefflichen kopffe
oa_jubilaeum_1640,body,1135,13,False,119,Ohne welche nunmehr kein Gottesdienſt verrichtet; Keine Reichsſachen/ Regiments-Ordnungen/ ſo Grund-Seulen der Welt/ wol erhalten koͤnnen werden: keine Andacht erweckt.,ohne welche nunmehr kein gottesdienſt verrichtet keine reichsſachen regimentsordnungen ſo grundseulen der welt wol erhalten koͤnnen werden keine andacht erweckt,ohne welche nunmehr kein gottesdienst uerrichtet keine reichssachen regimentsordnungen so grundseulen der welt wol erhalten konnen werden keine andacht erweckt
oa_jubilaeum_1640,body,1135,14,False,119,Sie iſt Jobs bleyernes Taͤfflein.,sie iſt jobs bleyernes taͤfflein,sie ist iobs bleyernes tafflein
oa_jubilaeum_1640,body,1135,15,False,119,Sie iſt Davids Griffel eines guten Schreibers.,sie iſt davids griffel eines guten schreibers,sie ist dauids griffel eines guten schreibers
oa_jubilaeum_1640,body,1135,16,False,119,Sie iſt des heiligen Geiſtes Poſaune/ dadurch Gottes Ehr vnd Ruhm in die gantze Welt/ zumal zu dieſen letzten Zeiten/ erſchollen.,sie iſt des heiligen geiſtes poſaune dadurch gottes ehr vnd ruhm in die gantze welt zumal zu dieſen letzten zeiten erſchollen,sie ist des heiligen geistes posaune dadurch gottes ehr und ruhm in die gantze welt zumal zu diesen letzten zeiten erschollen
oa_jubilaeum_1640,body,1135,17,False,119,Kurtz/ wie der Teutſchen Prophet Lutherus ſagt: Die groͤſte vnd letzte GOttes Gabe.,kurtz wie der teutſchen prophet lutherus ſagt die groͤſte vnd letzte gottes gabe,kurtz wie der teutschen prophet lutherus sagt die groste und letzte gottes gabe
oa_jubilaeum_1640,body,1135,18,False,119,Vnd wodurch ſind auch die beruͤhmten vnd vornehmen Buchfuͤhrer zu ſolcher Wuͤrde vnd Reichthumb kommen?,vnd wodurch ſind auch die beruͤhmten vnd vornehmen buchfuͤhrer zu ſolcher wuͤrde vnd reichthumb kommen,und wodurch sind auch die beruhmten und uornehmen buchfuhrer zu solcher wurde und reichthumb kommen
oa_jubilaeum_1640,body,1135,19,False,119,Durch die Buchdruckereyen.,durch die buchdruckereyen,durch die buchdruckereyen
oa_jubilaeum_1640,body,1135,20,False,119,Was hat die kunſtreichen Schrifftgieſſer vnd Formſchneider beruͤhmt gemacht?,was hat die kunſtreichen schrifftgieſſer vnd formſchneider beruͤhmt gemacht,was hat die kunstreichen schrifftgiesser und formschneider beruhmt gemacht
oa_jubilaeum_1640,body,1135,21,False,119,Was befoͤdert die Papiermacher?,was befoͤdert die papiermacher,was befodert die papiermacher
oa_jubilaeum_1640,body,1135,22,False,119,Was ernehret die fleiſſigen Buchbinder?,was ernehret die fleiſſigen buchbinder,was ernehret die fleissigen buchbinder
oa_jubilaeum_1640,body,1135,23,False,119,Was erhelt die geſchickten Clauſurmacher?,was erhelt die geſchickten clauſurmacher,was erhelt die geschickten clausurmacher
oa_jubilaeum_1640,body,1135,24,False,120,Gewiß die Druckereyen.,gewiß die druckereyen,gewiss die druckereyen
oa_jubilaeum_1640,body,1135,25,False,120,Ja es kan dieſe Kunſt/ wegen jhrer Nutzbarkeiten/ niemand gnug ruͤhmen: Es kan niemand auch die/ ſo ſich derſelben recht vnd ehrlich gebrauchen/ gnug loben.,ja es kan dieſe kunſt wegen jhrer nutzbarkeiten niemand gnug ruͤhmen es kan niemand auch die ſo ſich derſelben recht vnd ehrlich gebrauchen gnug loben,ia es kan diese kunst wegen ihrer nutzbarkeiten niemand gnug ruhmen es kan niemand auch die so sich derselben recht und ehrlich gebrauchen gnug loben
oa_jubilaeum_1640,body,1135,26,True,120,Viel zwar haben viel gethan/ aber noch keiner alles.,viel zwar haben viel gethan aber noch keiner alles,uiel zwar haben uiel gethan aber noch keiner alles
oa_jubilaeum_1640,body,1136,0,False,120,Sothane Druckerey aber hat ein Teutſcher/ vnd zwar ein Adelicher erfunden/ vnter dem Keyſer Friederich dem Dritten/ 1440. zu Meyntz/ mit Namen/ Johann von Guttenberg/ aus Straßburg buͤrtig/ wie das die meiſten Geſchichtſchreiber zeigen.,sothane druckerey aber hat ein teutſcher vnd zwar ein adelicher erfunden vnter dem keyſer friederich dem dritten zu meyntz mit namen johann von guttenberg aus straßburg buͤrtig wie das die meiſten geſchichtſchreiber zeigen,sothane druckerey aber hat ein teutscher und zwar ein adelicher erfunden unter dem keyser friederich dem dritten zu meyntz mit namen iohann uon guttenberg aus strassburg burtig wie das die meisten geschichtschreiber zeigen
oa_jubilaeum_1640,body,1136,1,False,120,"Polydorus Vergilius vnd Wimphelingus, ſo faſt zu derſelben Zeit gelebet/ ſagen es. Sebaſtian Brandt hats/ Aventinus, Sabellicus, Genebrardus, Zwingerus, Boterus, Chriſtophorus Mylæus, Garzonus, Sardus, Beſoldus, ſind der Meynung.",polydorus vergilius vnd wimphelingus ſo faſt zu derſelben zeit gelebet ſagen es sebaſtian brandt hats aventinus sabellicus genebrardus zwingerus boterus chriſtophorus mylæus garzonus sardus beſoldus ſind der meynung,polydorus uergilius und wimphelingus so fast zu derselben zeit gelebet sagen es sebastian brandt hats auentinus sabellicus genebrardus zwingerus boterus christophorus mylaeus garzonus sardus besoldus sind der meynung
oa_jubilaeum_1640,body,1136,2,False,120,D. Daniel Cramer beweiſets/ H. Lanſius erhaͤrtets.,d daniel cramer beweiſets h lanſius erhaͤrtets,d daniel cramer beweisets h lansius erhartets
oa_jubilaeum_1640,body,1136,3,False,120,H. Licentiat Bachmann hats auch newlich dargethan.,h licentiat bachmann hats auch newlich dargethan,h licentiat bachmann hats auch newlich dargethan
oa_jubilaeum_1640,body,1136,4,False,120,Wer wolte nun ſo viel Frembden/ als Einheimiſchen/ nicht glaͤuben: Vnd iſt viel eine andere Art/ derer aus Jndia in Catay/ weil ſie jhre Buͤcher durch gewiſſe Merckzeichen/ deren ein jedes ein ſonder Wort bedeutet/ gleich als mit Siegeln/ abdrucken: vnd ein andere/ ein jegliches Wort durch gewiſſe Buchſtaben zuſammen ſetzen.,wer wolte nun ſo viel frembden als einheimiſchen nicht glaͤuben vnd iſt viel eine andere art derer aus jndia in catay weil ſie jhre buͤcher durch gewiſſe merckzeichen deren ein jedes ein ſonder wort bedeutet gleich als mit siegeln abdrucken vnd ein andere ein jegliches wort durch gewiſſe buchſtaben zuſammen ſetzen,wer wolte nun so uiel frembden als einheimischen nicht glauben und ist uiel eine andere art derer aus india in catay weil sie ihre bucher durch gewisse merckzeichen deren ein iedes ein sonder wort bedeutet gleich als mit siegeln abdrucken und ein andere ein iegliches wort durch gewisse buchstaben zusammen setzen
oa_jubilaeum_1640,body,1136,5,False,120,Oder iſt zu glaͤuben/ daß die Chineſer/ wie moͤglich/ auch dergleichen Art zugleich zu der/ oder ander Zeit erfunden.,oder iſt zu glaͤuben daß die chineſer wie moͤglich auch dergleichen art zugleich zu der oder ander zeit erfunden,oder ist zu glauben dass die chineser wie moglich auch dergleichen art zugleich zu der oder ander zeit erfunden
oa_jubilaeum_1640,body,1136,6,False,120,"Der hochberuͤhmte Ariſtoteles, neben der Erfahrung/ bezeuget diß/ daß Kuͤnſte von vnterſchiedenen offt erfunden werden/ vnangeſehen/ daß keiner nicht von dem andern weiß.",der hochberuͤhmte ariſtoteles neben der erfahrung bezeuget diß daß kuͤnſte von vnterſchiedenen offt erfunden werden vnangeſehen daß keiner nicht von dem andern weiß,der hochberuhmte aristoteles neben der erfahrung bezeuget diss dass kunste uon unterschiedenen offt erfunden werden unangesehen dass keiner nicht uon dem andern weiss
oa_jubilaeum_1640,body,1136,7,False,120,Ja die Baͤrte/ Fenſter/ Gegitter/ ſo auch in der Stadt Canta im Reich Catai gefunden werden/ wie zu Venedig/ geben ſolchs zu ſchlieſſen Anlaß.,ja die baͤrte fenſter gegitter ſo auch in der stadt canta im reich catai gefunden werden wie zu venedig geben ſolchs zu ſchlieſſen anlaß,ia die barte fenster gegitter so auch in der stadt canta im reich catai gefunden werden wie zu uenedig geben solchs zu schliessen anlass
oa_jubilaeum_1640,body,1136,8,True,120,Obs aber ein Hochteutſcher oder Niederlaͤnder erſtlich erfunden/ leſt ſich aus denen alten Spruͤchwoͤrtern/ was dieſe vor zweyhundert Jahren vor Leute geweſen/ leichtlich muthmaſſen/ dann ein Niederlaͤndiſch Ohr/ ſo viel als ein Bœotiſch geachtet/ wie jhr Lands-Kind der weitberuͤhmte Eraſmus von Roterdam es ausleget/ vnd D. Cramer mit vielen erklaͤrten Gruͤnden deutlich gnug darthut.,obs aber ein hochteutſcher oder niederlaͤnder erſtlich erfunden leſt ſich aus denen alten spruͤchwoͤrtern was dieſe vor zweyhundert jahren vor leute geweſen leichtlich muthmaſſen dann ein niederlaͤndiſch ohr ſo viel als ein bœotiſch geachtet wie jhr landskind der weitberuͤhmte eraſmus von roterdam es ausleget vnd d cramer mit vielen erklaͤrten gruͤnden deutlich gnug darthut,obs aber ein hochteutscher oder niederlander erstlich erfunden lest sich aus denen alten spruchwortern was diese uor zweyhundert iahren uor leute gewesen leichtlich muthmassen dann ein niederlandisch ohr so uiel als ein boeotisch geachtet wie ihr landskind der weitberuhmte erasmus uon roterdam es ausleget und d cramer mit uielen erklarten grunden deutlich gnug darthut
oa_jubilaeum_1640,body,1137,0,False,120,Doch es ſey wie jhm wolle/ ſo iſt gewiß/ daß ein Teutſcher geweſen: vnd daß deßwegen die Teutſchen den andern Voͤlckern ſo weit vorzuziehen ſeyn/ wie weit dieſe Edle Kunſt die andern faſt alle uͤbertrifft.,doch es ſey wie jhm wolle ſo iſt gewiß daß ein teutſcher geweſen vnd daß deßwegen die teutſchen den andern voͤlckern ſo weit vorzuziehen ſeyn wie weit dieſe edle kunſt die andern faſt alle uͤbertrifft,doch es sey wie ihm wolle so ist gewiss dass ein teutscher gewesen und dass desswegen die teutschen den andern uolckern so weit uorzuziehen seyn wie weit diese edle kunst die andern fast alle ubertrifft
oa_jubilaeum_1640,item,1137,1,False,120,Edel ſagſtu?,edel ſagſtu,edel sagstu
oa_jubilaeum_1640,body,1137,2,True,120,Ja ſie iſt Edel wegen der Erfindung; Edel wegen der Nutzbarkeit; Edel wegen der Freyheiten/ damit ſie von hohen Potentaten begabet.,ja ſie iſt edel wegen der erfindung edel wegen der nutzbarkeit edel wegen der freyheiten damit ſie von hohen potentaten begabet,ia sie ist edel wegen der erfindung edel wegen der nutzbarkeit edel wegen der freyheiten damit sie uon hohen potentaten begabet
oa_jubilaeum_1640,body,1138,0,False,121,Wann dann derohalben billich dem allmaͤchtigen Gott fuͤr ſolche hohe vnd groſſe Wolthat zu dancken/ zumal weil die Bibel/ wie Schorus wil/ zum erſten/ als ein gantzes Werck/ gedruckt worden: Vnd an dieſem Johannes-Feſt/ Johannes Guttenbergern/ den vollkoͤmlichen Erfinder/ zum ruͤhmlichen Andencken/ das Jubel Feſt gehalten wird/ da ſich Gefreunde vnd Nachtbarn/ wie ſonſten/ vermoͤge des Feſt Texts/ mit frewen vñ verwundern; Alſo auch wegen der groſſen Barmhertzigkeit GOttes/ die er durch die Druckerey an den Teutſchen gethan.,wann dann derohalben billich dem allmaͤchtigen gott fuͤr ſolche hohe vnd groſſe wolthat zu dancken zumal weil die bibel wie schorus wil zum erſten als ein gantzes werck gedruckt worden vnd an dieſem johannesfeſt johannes guttenbergern den vollkoͤmlichen erfinder zum ruͤhmlichen andencken das jubel feſt gehalten wird da ſich gefreunde vnd nachtbarn wie ſonſten vermoͤge des feſt texts mit frewen vñ verwundern alſo auch wegen der groſſen barmhertzigkeit gottes die er durch die druckerey an den teutſchen gethan,wann dann derohalben billich dem allmachtigen gott fur solche hohe und grosse wolthat zu dancken zumal weil die bibel wie schorus wil zum ersten als ein gantzes werck gedruckt worden und an diesem iohannesfest iohannes guttenbergern den uollkomlichen erfinder zum ruhmlichen andencken das iubel fest gehalten wird da sich gefreunde und nachtbarn wie sonsten uermoge des fest texts mit frewen und uerwundern also auch wegen der grossen barmhertzigkeit gottes die er durch die druckerey an den teutschen gethan
oa_jubilaeum_1640,body,1138,1,False,121,Als habe in Eil/ weil ich geſehen/ was Herr Licentiat Bachmañ in Latein dieſer Kunſt zu Ruhm drucken laſſen/ auch etwas wollen Teutſch/ den Teutſchen zu Ehren/ auffſetzen.,als habe in eil weil ich geſehen was herr licentiat bachmañ in latein dieſer kunſt zu ruhm drucken laſſen auch etwas wollen teutſch den teutſchen zu ehren auffſetzen,als habe in eil weil ich gesehen was herr licentiat bachmann in latein dieser kunst zu ruhm drucken lassen auch etwas wollen teutsch den teutschen zu ehren auffsetzen
oa_jubilaeum_1640,body,1138,2,False,121,Bitte ſolches im beſten zu vermercken/ vnd mich/ als ewren geneigten Goͤnner zu achten.,bitte ſolches im beſten zu vermercken vnd mich als ewren geneigten goͤnner zu achten,bitte solches im besten zu uermercken und mich als ewren geneigten gonner zu achten
oa_jubilaeum_1640,body,1138,3,True,121,Verbleibend nebenſt Entpfehlung Goͤttlicher Obacht vnd gewuͤndſchtem friedlichem/ friſtlichem vnd erfrewlichem Auffnehmen deroſelben geneigter vnd guter Freund.,verbleibend nebenſt entpfehlung goͤttlicher obacht vnd gewuͤndſchtem friedlichem friſtlichem vnd erfrewlichem auffnehmen deroſelben geneigter vnd guter freund,uerbleibend nebenst entpfehlung gottlicher obacht und gewundschtem friedlichem fristlichem und erfrewlichem auffnehmen deroselben geneigter und guter freund
oa_jubilaeum_1640,body,1139,0,True,121,GRoß biſt du Spanien/ hochmuͤthig deine Sinnen/,groß biſt du spanien hochmuͤthig deine sinnen,gross bist du spanien hochmuthig deine sinnen
oa_jubilaeum_1640,body,1140,0,True,121,Die Ober-vnter-Welt iſt deſſen alles innen/,die obervnterwelt iſt deſſen alles innen,die oberunterwelt ist dessen alles innen
oa_jubilaeum_1640,body,1141,0,True,121,Daß du beherrſcheſt jetzt ſo manches Koͤnigreich:,daß du beherrſcheſt jetzt ſo manches koͤnigreich,dass du beherrschest ietzt so manches konigreich
oa_jubilaeum_1640,body,1142,0,True,121,An Pracht/ Macht/ Witz vnd Ehr iſt dir faſt keines gleich.,an pracht macht witz vnd ehr iſt dir faſt keines gleich,an pracht macht witz und ehr ist dir fast keines gleich
oa_jubilaeum_1640,body,1144,0,True,121,Du Franckreich maͤchtig biſt/ das zeigen deine Kriege/,du franckreich maͤchtig biſt das zeigen deine kriege,du franckreich machtig bist das zeigen deine kriege
oa_jubilaeum_1640,body,1145,0,True,121,Die Waffen vnd das Volck/ die offterlangte Siege,die waffen vnd das volck die offterlangte siege,die waffen und das uolck die offterlangte siege
oa_jubilaeum_1640,body,1146,0,True,121,Die preiſen deinen Ruhm/ die Hoͤffligkeit ſich frewt/,die preiſen deinen ruhm die hoͤffligkeit ſich frewt,die preisen deinen ruhm die hoffligkeit sich frewt
oa_jubilaeum_1640,body,1147,0,True,121,Wann ſie von dir bekoͤmt ein newes Maß zum Kleid.,wann ſie von dir bekoͤmt ein newes maß zum kleid,wann sie uon dir bekomt ein newes mass zum kleid
oa_jubilaeum_1640,body,1148,0,True,121,Du Zierd der gantzen Welt/ du Vorzug aller Lande/,du zierd der gantzen welt du vorzug aller lande,du zierd der gantzen welt du uorzug aller lande
oa_jubilaeum_1640,body,1149,0,True,121,Dir Scepter/ Kron gebuͤrt/ wañ man nach altem Stande,dir scepter kron gebuͤrt wañ man nach altem stande,dir scepter kron geburt wann man nach altem stande
oa_jubilaeum_1640,body,1150,0,True,121,Die wahre Kirche ſucht/ vnd auch das Regiment/,die wahre kirche ſucht vnd auch das regiment,die wahre kirche sucht und auch das regiment
oa_jubilaeum_1640,body,1151,0,True,121,O Welſchland! Vnd O Rom! du herrſcheſt aller End.,o welſchland vnd o rom du herrſcheſt aller end,o welschland und o rom du herrschest aller end
oa_jubilaeum_1640,body,1152,0,True,121,Herzu du Engelland mit lauter Meer vmbgeben/,herzu du engelland mit lauter meer vmbgeben,herzu du engelland mit lauter meer umbgeben
oa_jubilaeum_1640,body,1153,0,True,121,Von vns ein ſondre Welt/ die Freundligkeit im Leben.,von vns ein ſondre welt die freundligkeit im leben,uon uns ein sondre welt die freundligkeit im leben
oa_jubilaeum_1640,body,1154,0,True,121,Des Gluͤckes Jnſel biſt/ du groß von deiner Pracht/,des gluͤckes jnſel biſt du groß von deiner pracht,des gluckes insel bist du gross uon deiner pracht
oa_jubilaeum_1640,body,1155,0,True,121,Du ohne Beſtien/ auch groß von Krieges Macht.,du ohne beſtien auch groß von krieges macht,du ohne bestien auch gross uon krieges macht
oa_jubilaeum_1640,body,1156,0,True,121,Jhr Daͤnen denen gleich/ jhr die jhr Freyheit liebet/,jhr daͤnen denen gleich jhr die jhr freyheit liebet,ihr danen denen gleich ihr die ihr freyheit liebet
oa_jubilaeum_1640,body,1157,0,True,121,Die jhr die Kuͤnſte all mit groſſem Ruhme uͤbet/,die jhr die kuͤnſte all mit groſſem ruhme uͤbet,die ihr die kunste all mit grossem ruhme ubet
oa_jubilaeum_1640,body,1158,0,True,121,An Voͤlckern reich vnd groß/ an Weisheit vñ Verſtand/,an voͤlckern reich vnd groß an weisheit vñ verſtand,an uolckern reich und gross an weisheit und uerstand
oa_jubilaeum_1640,body,1159,0,True,121,Jn aller Werlet End mit Ehren ſeyd bekand.,jn aller werlet end mit ehren ſeyd bekand,in aller werlet end mit ehren seyd bekand
oa_jubilaeum_1640,body,1160,0,True,122,Jhr ſchnelle Polen auch/ jhr groſſe Kriegesleute,jhr ſchnelle polen auch jhr groſſe kriegesleute,ihr schnelle polen auch ihr grosse kriegesleute
oa_jubilaeum_1640,body,1161,0,True,122,Zu Roſſe ſonderlich/ die jhr ſo manche Beute,zu roſſe ſonderlich die jhr ſo manche beute,zu rosse sonderlich die ihr so manche beute
oa_jubilaeum_1640,body,1162,0,True,122,Den Tartarn abgejagt/ der Muſcoviter Pracht,den tartarn abgejagt der muſcoviter pracht,den tartarn abgeiagt der muscouiter pracht
oa_jubilaeum_1640,body,1163,0,True,122,Durch ewre Tapfferkeit iſt laͤngſt zu nicht gemacht.,durch ewre tapfferkeit iſt laͤngſt zu nicht gemacht,durch ewre tapfferkeit ist langst zu nicht gemacht
oa_jubilaeum_1640,body,1164,0,True,122,Man pfleget Schweden dich zu loben vnd erheben/,man pfleget schweden dich zu loben vnd erheben,man pfleget schweden dich zu loben und erheben
oa_jubilaeum_1640,body,1165,0,True,122,Wann man den Krieges-Muth vnd Krieges-Liſt darneben,wann man den kriegesmuth vnd kriegesliſt darneben,wann man den kriegesmuth und kriegeslist darneben
oa_jubilaeum_1640,body,1166,0,True,122,Sampt dem eyffrigen Sinn vnd deinen Witz betracht/,sampt dem eyffrigen sinn vnd deinen witz betracht,sampt dem eyffrigen sinn und deinen witz betracht
oa_jubilaeum_1640,body,1167,0,True,122,Du wirſt in gantzer Welt fuͤr ſtarck vnd groß geacht.,du wirſt in gantzer welt fuͤr ſtarck vnd groß geacht,du wirst in gantzer welt fur starck und gross geacht
oa_jubilaeum_1640,body,1168,0,True,122,Du reiches Vngern/ O du groſſe Schul des Krieges/,du reiches vngern o du groſſe schul des krieges,du reiches ungern o du grosse schul des krieges
oa_jubilaeum_1640,body,1169,0,True,122,Du Schutz der Chriſtenheit/ du Meiſterin des Sieges:,du schutz der chriſtenheit du meiſterin des sieges,du schutz der christenheit du meisterin des sieges
oa_jubilaeum_1640,body,1170,0,True,122,Geſchwind in Waffen biſt: dir liebt die Freyheit ſehr/,geſchwind in waffen biſt dir liebt die freyheit ſehr,geschwind in waffen bist dir liebt die freyheit sehr
oa_jubilaeum_1640,body,1171,0,True,122,Mit deinem Sebel ſuchſt was dienet deiner Ehr.,mit deinem sebel ſuchſt was dienet deiner ehr,mit deinem sebel suchst was dienet deiner ehr
oa_jubilaeum_1640,body,1172,0,True,122,Du nahes Boͤhmen auch/ die du von vielen Zeiten,du nahes boͤhmen auch die du von vielen zeiten,du nahes bohmen auch die du uon uielen zeiten
oa_jubilaeum_1640,body,1173,0,True,122,Des groſſen Keyſers Sitz geweſen biſt/ von Leuten,des groſſen keyſers sitz geweſen biſt von leuten,des grossen keysers sitz gewesen bist uon leuten
oa_jubilaeum_1640,body,1174,0,True,122,Sehr maͤchtig vnd beruͤhmt/ vorhin der Freyheit Stell/,sehr maͤchtig vnd beruͤhmt vorhin der freyheit stell,sehr machtig und beruhmt uorhin der freyheit stell
oa_jubilaeum_1640,body,1175,0,True,122,Von Gold vnd Fruͤchten reich/ an jetzt des Krieges Quell.,von gold vnd fruͤchten reich an jetzt des krieges quell,uon gold und fruchten reich an ietzt des krieges quell
oa_jubilaeum_1640,body,1176,0,True,122,Jhr Koͤnigreiche all/ ſo in Europen liegen/,jhr koͤnigreiche all ſo in europen liegen,ihr konigreiche all so in europen liegen
oa_jubilaeum_1640,body,1177,0,True,122,Was wuͤtet/ ruͤhmet jhr/ mit ewren groſſen Kriegen/,was wuͤtet ruͤhmet jhr mit ewren groſſen kriegen,was wutet ruhmet ihr mit ewren grossen kriegen
oa_jubilaeum_1640,body,1178,0,True,122,Wann nicht der Teutſche Mann mit ſeiner Archeley,wann nicht der teutſche mann mit ſeiner archeley,wann nicht der teutsche mann mit seiner archeley
oa_jubilaeum_1640,body,1179,0,True,122,Der Berthold hilffe euch/ jhr weret nicht ſo frey.,der berthold hilffe euch jhr weret nicht ſo frey,der berthold hilffe euch ihr weret nicht so frey
oa_jubilaeum_1640,body,1180,0,True,122,Doch dieſe Archeley verwuͤſtet vnd verheeret/,doch dieſe archeley verwuͤſtet vnd verheeret,doch diese archeley uerwustet und uerheeret
oa_jubilaeum_1640,body,1181,0,True,122,Zerſtoͤret/ vnd zerruͤtt/ auch ſelbſten euch verzehret:,zerſtoͤret vnd zerruͤtt auch ſelbſten euch verzehret,zerstoret und zerrutt auch selbsten euch uerzehret
oa_jubilaeum_1640,body,1182,0,True,122,Dann diß des Pulvers Art/ diß iſt des Fewers Pracht/,dann diß des pulvers art diß iſt des fewers pracht,dann diss des puluers art diss ist des fewers pracht
oa_jubilaeum_1640,body,1183,0,True,122,Durch ſie die Welt vnd jhr zu nichte werd gemacht.,durch ſie die welt vnd jhr zu nichte werd gemacht,durch sie die welt und ihr zu nichte werd gemacht
oa_jubilaeum_1640,body,1184,0,True,122,Kurtz/ Barbarey iſt diß/ vom Satan meiſt regieret/,kurtz barbarey iſt diß vom satan meiſt regieret,kurtz barbarey ist diss uom satan meist regieret
oa_jubilaeum_1640,body,1185,0,True,122,Jn Rachzorn/ Hoffart/ Geitz/ wann nur wird Krieg gefuͤhret:,jn rachzorn hoffart geitz wann nur wird krieg gefuͤhret,in rachzorn hoffart geitz wann nur wird krieg gefuhret
oa_jubilaeum_1640,body,1186,0,True,122,Wann aber GOttes Ehr/ vnd wann der Armen Schutz/,wann aber gottes ehr vnd wann der armen schutz,wann aber gottes ehr und wann der armen schutz
oa_jubilaeum_1640,body,1187,0,True,122,Die Sieges Waffen ſind/ ſie ſchaffen groſſen Nutz.,die sieges waffen ſind ſie ſchaffen groſſen nutz,die sieges waffen sind sie schaffen grossen nutz
oa_jubilaeum_1640,body,1188,0,True,122,Drumb weg du Berthold jetzt mit Pulver vnd Cartaunen/,drumb weg du berthold jetzt mit pulver vnd cartaunen,drumb weg du berthold ietzt mit puluer und cartaunen
oa_jubilaeum_1640,body,1189,0,True,122,Du blitzeſt/ donnerſt nur: Wir wollen Frieds-Poſaunen/,du blitzeſt donnerſt nur wir wollen friedspoſaunen,du blitzest donnerst nur wir wollen friedsposaunen
oa_jubilaeum_1640,body,1190,0,True,122,Die/ ſo zu GOttes Reich/ zum Regiment beſtellt/,die ſo zu gottes reich zum regiment beſtellt,die so zu gottes reich zum regiment bestellt
oa_jubilaeum_1640,body,1191,0,True,122,Zur Tugend/ Ewigkeit/ auch dient zur ander Welt.,zur tugend ewigkeit auch dient zur ander welt,zur tugend ewigkeit auch dient zur ander welt
oa_jubilaeum_1640,body,1192,0,True,122,Diß iſt die Druckerey/ die Wunder-Schreiberinne/,diß iſt die druckerey die wunderschreiberinne,diss ist die druckerey die wunderschreiberinne
oa_jubilaeum_1640,body,1193,0,True,122,Doch ohne Federſpul: was jhr mit ewrem Sinne/,doch ohne federſpul was jhr mit ewrem sinne,doch ohne federspul was ihr mit ewrem sinne
oa_jubilaeum_1640,body,1194,0,True,122,O Koͤnigreiche all/ jhr niemals habt gedacht/,o koͤnigreiche all jhr niemals habt gedacht,o konigreiche all ihr niemals habt gedacht
oa_jubilaeum_1640,body,1195,0,True,122,Das hat ein Teutſcher Mann ans Tageliecht gebracht.,das hat ein teutſcher mann ans tageliecht gebracht,das hat ein teutscher mann ans tageliecht gebracht
oa_jubilaeum_1640,body,1196,0,True,123,Gewiß daß jhr ſo groß/ ſo herrlich vnd ſo maͤchtig/,gewiß daß jhr ſo groß ſo herrlich vnd ſo maͤchtig,gewiss dass ihr so gross so herrlich und so machtig
oa_jubilaeum_1640,body,1197,0,True,123,Der Teutſche Berthold thuts. Daß jhr auch ſeyd andaͤchtig/,der teutſche berthold thuts daß jhr auch ſeyd andaͤchtig,der teutsche berthold thuts dass ihr auch seyd andachtig
oa_jubilaeum_1640,body,1198,0,True,123,Da hilfft der Guttenberg durch ſeine Druckerey:,da hilfft der guttenberg durch ſeine druckerey,da hilfft der guttenberg durch seine druckerey
oa_jubilaeum_1640,body,1199,0,True,123,Sagt/ daß der Teutſche weit euch vorzuziehen ſey.,sagt daß der teutſche weit euch vorzuziehen ſey,sagt dass der teutsche weit euch uorzuziehen sey
oa_jubilaeum_1640,body,1200,0,True,123,Zweyhundert Jahr es ſind/ daß Teutſchland diß gezeuget/,zweyhundert jahr es ſind daß teutſchland diß gezeuget,zweyhundert iahr es sind dass teutschland diss gezeuget
oa_jubilaeum_1640,body,1201,0,True,123,Wie uͤbertreffe euch jhr Witz/ als ſich ereuget,wie uͤbertreffe euch jhr witz als ſich ereuget,wie ubertreffe euch ihr witz als sich ereuget
oa_jubilaeum_1640,body,1202,0,True,123,Johanns von Guttenberg ein Adelicher Mann/,johanns von guttenberg ein adelicher mann,iohanns uon guttenberg ein adelicher mann
oa_jubilaeum_1640,body,1203,0,True,123,So hat die Druckerey zu Maͤyntz gefangen an.,so hat die druckerey zu maͤyntz gefangen an,so hat die druckerey zu mayntz gefangen an
oa_jubilaeum_1640,body,1204,0,True,123,Johannes Chriſti war Vorlaͤuffer vnd Furierer/,johannes chriſti war vorlaͤuffer vnd furierer,iohannes christi war uorlauffer und furierer
oa_jubilaeum_1640,body,1205,0,True,123,Er jhm die Bahne brach zum newen Reich vnd Fuͤhrer,er jhm die bahne brach zum newen reich vnd fuͤhrer,er ihm die bahne brach zum newen reich und fuhrer
oa_jubilaeum_1640,body,1206,0,True,123,Der newen Kirchen-Braut: Zu dem vernewten Stand,der newen kirchenbraut zu dem vernewten stand,der newen kirchenbraut zu dem uernewten stand
oa_jubilaeum_1640,body,1207,0,True,123,Johannes Guttenberg das Drucken auch erfand,johannes guttenberg das drucken auch erfand,iohannes guttenberg das drucken auch erfand
oa_jubilaeum_1640,body,1208,0,True,123,Als ſolt im Teutſchen Land nun GOttes Wort erſchallen:,als ſolt im teutſchen land nun gottes wort erſchallen,als solt im teutschen land nun gottes wort erschallen
oa_jubilaeum_1640,body,1209,0,True,123,Als ſolt der gantzen Welt/ der Teutſchen Red gefallen.,als ſolt der gantzen welt der teutſchen red gefallen,als solt der gantzen welt der teutschen red gefallen
oa_jubilaeum_1640,body,1210,0,True,123,Die Kunſt hat vnſer GOTT den Teutſchen erſt geweiſt/,die kunſt hat vnſer gott den teutſchen erſt geweiſt,die kunst hat unser gott den teutschen erst geweist
oa_jubilaeum_1640,body,1211,0,True,123,Davor von Teutſchen er auch billich wird gepreiſt.,davor von teutſchen er auch billich wird gepreiſt,dauor uon teutschen er auch billich wird gepreist
oa_jubilaeum_1640,body,1212,0,True,123,DArumb ſo halten recht die Printzen vnd Geſellen/,darumb ſo halten recht die printzen vnd geſellen,darumb so halten recht die printzen und gesellen
oa_jubilaeum_1640,body,1213,0,True,123,Heut am Johannes-Tag jhr Jubeln anzuſtellen/,heut am johannestag jhr jubeln anzuſtellen,heut am iohannestag ihr iubeln anzustellen
oa_jubilaeum_1640,body,1214,0,True,123,Ein Danck- vnd Lobe-Feſt/ damit ſo GOttes Ehr/,ein danck vnd lobefeſt damit ſo gottes ehr,ein danck und lobefest damit so gottes ehr
oa_jubilaeum_1640,body,1215,0,True,123,Jns dritte-hundert-Jahr die Druckerey vermehr.,jns drittehundertjahr die druckerey vermehr,ins drittehundertiahr die druckerey uermehr
oa_jubilaeum_1640,body,1216,0,True,123,Ja auch jhr Muſen-Volck/ Buchfuͤhrer vnd Verleger/,ja auch jhr muſenvolck buchfuͤhrer vnd verleger,ia auch ihr musenuolck buchfuhrer und uerleger
oa_jubilaeum_1640,body,1217,0,True,123,Buchbinder/ Schrifftgieſſer/ jhr dieſer Kuͤnſte Heger/,buchbinder schrifftgieſſer jhr dieſer kuͤnſte heger,buchbinder schrifftgiesser ihr dieser kunste heger
oa_jubilaeum_1640,body,1218,0,True,123,Wolauff an dieſem Tag/ wolauff begeht diß Feſt/,wolauff an dieſem tag wolauff begeht diß feſt,wolauff an diesem tag wolauff begeht diss fest
oa_jubilaeum_1640,body,1219,0,True,123,Mit Frewden danckt vnd lobt den groſſen GOTT auffs beſt.,mit frewden danckt vnd lobt den groſſen gott auffs beſt,mit frewden danckt und lobt den grossen gott auffs best
oa_jubilaeum_1640,body,1220,0,True,123,Euch aber vnter den/ jhr Drucker vnd jhr Setzer/,euch aber vnter den jhr drucker vnd jhr setzer,euch aber unter den ihr drucker und ihr setzer
oa_jubilaeum_1640,body,1221,0,True,123,Man billich Edel nennt jhr ſeyd der Welt ergetzer:,man billich edel nennt jhr ſeyd der welt ergetzer,man billich edel nennt ihr seyd der welt ergetzer
oa_jubilaeum_1640,body,1222,0,True,123,Das wahre GOttes Wort durch ewre Kunſt vnd Fleiß,das wahre gottes wort durch ewre kunſt vnd fleiß,das wahre gottes wort durch ewre kunst und fleiss
oa_jubilaeum_1640,body,1223,0,True,123,Durch alle Himmel fleugt/ vnd ruͤhmet GOttes Preiß.,durch alle himmel fleugt vnd ruͤhmet gottes preiß,durch alle himmel fleugt und ruhmet gottes preiss
oa_jubilaeum_1640,body,1224,0,True,123,Vnd wie Apollons Greiffhoch in die Lufft ſich ſchwinget/,vnd wie apollons greiffhoch in die lufft ſich ſchwinget,und wie apollons greiffhoch in die lufft sich schwinget
oa_jubilaeum_1640,body,1225,0,True,123,Das rothe Gold ſehr liebt/ ſo er zum Neſte bringet:,das rothe gold ſehr liebt ſo er zum neſte bringet,das rothe gold sehr liebt so er zum neste bringet
oa_jubilaeum_1640,body,1226,0,True,123,So bringt auch GOttes Werck/ die Edle-Druckerey,so bringt auch gottes werck die edledruckerey,so bringt auch gottes werck die edledruckerey
oa_jubilaeum_1640,body,1227,0,True,123,Das reinſte ſchoͤnſte Gold der Wiſſenſchafft herbey.,das reinſte ſchoͤnſte gold der wiſſenſchafft herbey,das reinste schonste gold der wissenschafft herbey
oa_jubilaeum_1640,body,1228,0,True,123,Dein Lob/ O ſchoͤne Kunſt/ biß an die Wolcken gehet/,dein lob o ſchoͤne kunſt biß an die wolcken gehet,dein lob o schone kunst biss an die wolcken gehet
oa_jubilaeum_1640,body,1229,0,True,123,Vnd hilffſt/ daß mit der Welt Kunſt in die Wette ſtehet/,vnd hilffſt daß mit der welt kunſt in die wette ſtehet,und hilffst dass mit der welt kunst in die wette stehet
oa_jubilaeum_1640,body,1230,0,True,123,Vnd ſo jhr Koͤnigreich/ bekennt nur alle frey/,vnd ſo jhr koͤnigreich bekennt nur alle frey,und so ihr konigreich bekennt nur alle frey
oa_jubilaeum_1640,body,1231,0,True,123,Daß dieſe ſchoͤne Kunſt erdacht von Teutſchen ſey.,daß dieſe ſchoͤne kunſt erdacht von teutſchen ſey,dass diese schone kunst erdacht uon teutschen sey
oa_jubilaeum_1640,body,1232,0,True,124,Doch braucht den Bengel friſch jhr Drucker/ vnd die Ballen/,doch braucht den bengel friſch jhr drucker vnd die ballen,doch braucht den bengel frisch ihr drucker und die ballen
oa_jubilaeum_1640,body,1233,0,True,124,Die Spindel/ Lauffebret/ die Farbe vnter allen,die spindel lauffebret die farbe vnter allen,die spindel lauffebret die farbe unter allen
oa_jubilaeum_1640,body,1234,0,True,124,Doͤrfft jhr/ Schließnagel/ Ram auch Eſel/ Muͤtterlein/,doͤrfft jhr schließnagel ram auch eſel muͤtterlein,dorfft ihr schliessnagel ram auch esel mutterlein
oa_jubilaeum_1640,body,1235,0,True,124,Schwam/ Mater/ Ballen-Knecht/ Farbeiſen/ Farbeſtein/,schwam mater ballenknecht farbeiſen farbeſtein,schwam mater ballenknecht farbeisen farbestein
oa_jubilaeum_1640,body,1236,0,True,124,Die Rolle/ Tiegel/ Buͤchs/ Puncturen/ Schrauben/ Walle/,die rolle tiegel buͤchs puncturen schrauben walle,die rolle tiegel buchs puncturen schrauben walle
oa_jubilaeum_1640,body,1237,0,True,124,Karn/ Galgen/ Fundament/ Feuchtbreter/ Korbel/ Schnalle/,karn galgen fundament feuchtbreter korbel schnalle,karn galgen fundament feuchtbreter korbel schnalle
oa_jubilaeum_1640,body,1238,0,True,124,Rameiſen/ ſampt den Filtz/ das Klopffholtz/ Feuchteſtein/,rameiſen ſampt den filtz das klopffholtz feuchteſtein,rameisen sampt den filtz das klopffholtz feuchtestein
oa_jubilaeum_1640,body,1239,0,True,124,Steg/ Antritt/ Schienen/ Keil/ zur Preſſe muͤſſen ſeyn.,steg antritt schienen keil zur preſſe muͤſſen ſeyn,steg antritt schienen keil zur presse mussen seyn
oa_jubilaeum_1640,body,1240,0,True,124,Der Setzer darff Diviß/ Tenacel/ Aal vnd Schiffe/,der setzer darff diviß tenacel aal vnd schiffe,der setzer darff diuiss tenacel aal und schiffe
oa_jubilaeum_1640,body,1241,0,True,124,Viel kleine Faͤchel ein/ darein er manche Griffe,viel kleine faͤchel ein darein er manche griffe,uiel kleine fachel ein darein er manche griffe
oa_jubilaeum_1640,body,1242,0,True,124,Thut/ eh der Winckelhack macht die Columnen voll:,thut eh der winckelhack macht die columnen voll,thut eh der winckelhack macht die columnen uoll
oa_jubilaeum_1640,body,1243,0,True,124,Er weis was er vor Schrifft zu jedem brauchen ſol.,er weis was er vor schrifft zu jedem brauchen ſol,er weis was er uor schrifft zu iedem brauchen sol
oa_jubilaeum_1640,body,1244,0,True,124,Da ſiehſtu Cicero/ Petit/ Garmond vnd Mittel/,da ſiehſtu cicero petit garmond vnd mittel,da siehstu cicero petit garmond und mittel
oa_jubilaeum_1640,body,1245,0,True,124,Curſiv/ ſo viel Antiq’/ Canon der Buͤcher Tittel/,curſiv ſo viel antiq canon der buͤcher tittel,cursiu so uiel antiq canon der bucher tittel
oa_jubilaeum_1640,body,1246,0,True,124,Anfaͤngt die Jungfer-Schrifft/ Corpus/ Qvadrat/ Miſſal/,anfaͤngt die jungferschrifft corpus qvadrat miſſal,anfangt die iungferschrifft corpus quadrat missal
oa_jubilaeum_1640,body,1247,0,True,124,Sampt manchen Spatien/ bedarff er uͤberal.,sampt manchen spatien bedarff er uͤberal,sampt manchen spatien bedarff er uberal
oa_jubilaeum_1640,body,1248,0,True,124,Figuren/ Roͤſelein viel Steg mit vielen Zuͤgen/,figuren roͤſelein viel steg mit vielen zuͤgen,figuren roselein uiel steg mit uielen zugen
oa_jubilaeum_1640,body,1249,0,True,124,Viel Blumen-Kraͤuter-Stoͤck die Formen recht zu fuͤgen.,viel blumenkraͤuterstoͤck die formen recht zu fuͤgen,uiel blumenkrauterstock die formen recht zu fugen
oa_jubilaeum_1640,body,1250,0,True,124,Vnd ſchreibt in ſchneller Eyl/ daß man ſich wundern muß/,vnd ſchreibt in ſchneller eyl daß man ſich wundern muß,und schreibt in schneller eyl dass man sich wundern muss
oa_jubilaeum_1640,body,1251,0,True,124,Durch Eiſen/ Ertz vnd Stahl/ mit Oel vermengtem Ruß.,durch eiſen ertz vnd stahl mit oel vermengtem ruß,durch eisen ertz und stahl mit oel uermengtem russ
oa_jubilaeum_1640,body,1252,0,True,124,Ein Abdruck allererſt gibt er zu uͤberleſen,ein abdruck allererſt gibt er zu uͤberleſen,ein abdruck allererst gibt er zu uberlesen
oa_jubilaeum_1640,body,1253,0,True,124,Dem/ ders verbeſſern ſol/ vnd wann es recht geweſen/,dem ders verbeſſern ſol vnd wann es recht geweſen,dem ders uerbessern sol und wann es recht gewesen
oa_jubilaeum_1640,body,1254,0,True,124,Macht er den Schoͤndruck/ drauff des Wiederdrucks Format.,macht er den schoͤndruck drauff des wiederdrucks format,macht er den schondruck drauff des wiederdrucks format
oa_jubilaeum_1640,body,1255,0,True,124,Vnd diß koͤmt alles her aus eines Teutſchen Rath.,vnd diß koͤmt alles her aus eines teutſchen rath,und diss komt alles her aus eines teutschen rath
oa_jubilaeum_1640,body,1256,0,True,124,Darumb das Teutſche Land an Weisheit vnd Verſtande,darumb das teutſche land an weisheit vnd verſtande,darumb das teutsche land an weisheit und uerstande
oa_jubilaeum_1640,body,1257,0,True,124,Euch vorzuzieheu weit jhr Koͤnigreich vnd Lande.,euch vorzuzieheu weit jhr koͤnigreich vnd lande,euch uorzuzieheu weit ihr konigreich und lande
oa_jubilaeum_1640,body,1258,0,True,124,Seht an den FERDJNAND/ er iſt der Teutſche Held/,seht an den ferdjnand er iſt der teutſche held,seht an den ferdinand er ist der teutsche held
oa_jubilaeum_1640,body,1259,0,True,124,Vnd bleibet wol Monarch der gantzen weiten Welt!,vnd bleibet wol monarch der gantzen weiten welt,und bleibet wol monarch der gantzen weiten welt
oa_jubilaeum_1640,body,1260,0,True,124,Jubel-Jaͤhriges Gedenck- vnd Danck-Lied/ Von der Edlen Kunſt der Buch-Druckerey/ Jm Thon: O Herre GOtt/ dein Goͤttlich Wort/ ꝛc.,jubeljaͤhriges gedenck vnd dancklied von der edlen kunſt der buchdruckerey jm thon o herre gott dein goͤttlich wort ꝛc,iubeliahriges gedenck und dancklied uon der edlen kunst der buchdruckerey im thon o herre gott dein gottlich wort c
oa_jubilaeum_1640,body,1261,0,False,125,O Hoͤchſter Hort/,o hoͤchſter hort,o hochster hort
oa_jubilaeum_1640,body,1261,1,False,125,Dein goͤttlich Wort,dein goͤttlich wort,dein gottlich wort
oa_jubilaeum_1640,body,1261,2,False,125,Jſt lang im finſtern blieben/,jſt lang im finſtern blieben,ist lang im finstern blieben
oa_jubilaeum_1640,body,1261,3,False,125,Jn allem Land,jn allem land,in allem land
oa_jubilaeum_1640,body,1261,4,False,125,Ward Menſchen Tand,ward menſchen tand,ward menschen tand
oa_jubilaeum_1640,body,1261,5,False,125,Vnd Grewel gnug getrieben:,vnd grewel gnug getrieben,und grewel gnug getrieben
oa_jubilaeum_1640,body,1261,6,False,125,Doch haſt du dich Genaͤdiglich,doch haſt du dich genaͤdiglich,doch hast du dich genadiglich
oa_jubilaeum_1640,body,1261,8,False,125,Erbarmet vieler Seelen/,erbarmet vieler seelen,erbarmet uieler seelen
oa_jubilaeum_1640,body,1261,9,False,125,Die ſich ſo gar,die ſich ſo gar,die sich so gar
oa_jubilaeum_1640,body,1261,10,False,125,Mit groſſer Fahr,mit groſſer fahr,mit grosser fahr
oa_jubilaeum_1640,body,1261,11,True,125,Jm Pabſtthumb muſten qvelen.,jm pabſtthumb muſten qvelen,im pabstthumb musten quelen
oa_jubilaeum_1640,body,1262,0,False,125,Vnd haſt mit Macht,vnd haſt mit macht,und hast mit macht
oa_jubilaeum_1640,body,1262,1,False,125,Ans Liecht gebracht,ans liecht gebracht,ans liecht gebracht
oa_jubilaeum_1640,body,1262,2,False,125,Dein Wort in dieſen Landen/,dein wort in dieſen landen,dein wort in diesen landen
oa_jubilaeum_1640,body,1262,3,False,125,Vnd gantz befreyt Die Chriſtenheit,vnd gantz befreyt die chriſtenheit,und gantz befreyt die christenheit
oa_jubilaeum_1640,body,1262,5,False,125,Vom Pabſt vnd ſeinen Banden/,vom pabſt vnd ſeinen banden,uom pabst und seinen banden
oa_jubilaeum_1640,body,1262,6,False,125,Durch deinen Knecht/,durch deinen knecht,durch deinen knecht
oa_jubilaeum_1640,body,1262,7,False,125,Der ſchlecht vnd recht,der ſchlecht vnd recht,der schlecht und recht
oa_jubilaeum_1640,body,1262,8,False,125,Ein Luther war mit Namen/,ein luther war mit namen,ein luther war mit namen
oa_jubilaeum_1640,body,1262,9,False,125,Vnd in der That:,vnd in der that,und in der that
oa_jubilaeum_1640,body,1262,10,False,125,Durch deine Gnad,durch deine gnad,durch deine gnad
oa_jubilaeum_1640,body,1262,11,True,125,Zeugt’ er vom Weibes-Saamen:,zeugt er vom weibessaamen,zeugt er uom weibessaamen
oa_jubilaeum_1640,body,1263,0,False,125,Daß er allein,daß er allein,dass er allein
oa_jubilaeum_1640,body,1263,1,False,125,Es muͤſte ſeyn/,es muͤſte ſeyn,es muste seyn
oa_jubilaeum_1640,body,1263,2,False,125,Der vns erloͤſt vom Fluche/ Vom Hoͤllen-Todt/,der vns erloͤſt vom fluche vom hoͤllentodt,der uns erlost uom fluche uom hollentodt
oa_jubilaeum_1640,body,1263,4,False,125,Vnd aller Noth:,vnd aller noth,und aller noth
oa_jubilaeum_1640,body,1263,5,False,125,Wie ſolches aus dem Buche,wie ſolches aus dem buche,wie solches aus dem buche
oa_jubilaeum_1640,body,1263,6,False,125,Der heilgen Schrifft,der heilgen schrifft,der heilgen schrifft
oa_jubilaeum_1640,body,1263,7,False,125,Ohn allen Gifft,ohn allen gifft,ohn allen gifft
oa_jubilaeum_1640,body,1263,8,False,125,Der Luther lauter weiſet/ Des Pabſtes Kram,der luther lauter weiſet des pabſtes kram,der luther lauter weiset des pabstes kram
oa_jubilaeum_1640,body,1263,9,False,125,Ein End da nahm/,ein end da nahm,ein end da nahm
oa_jubilaeum_1640,body,1263,10,True,125,Dafuͤr GOtt ſey gepreiſet!,dafuͤr gott ſey gepreiſet,dafur gott sey gepreiset
oa_jubilaeum_1640,body,1264,0,False,125,Eh’ aber nun,eh aber nun,eh aber nun
oa_jubilaeum_1640,body,1264,1,False,125,GOtt das wolt’ thun/,gott das wolt thun,gott das wolt thun
oa_jubilaeum_1640,body,1264,2,False,125,Ließ er herfuͤr erſt bringen,ließ er herfuͤr erſt bringen,liess er herfur erst bringen
oa_jubilaeum_1640,body,1264,3,False,125,Ein Edle Kunſt/,ein edle kunſt,ein edle kunst
oa_jubilaeum_1640,body,1264,4,False,125,Aus Gnad vnd Gunſt/,aus gnad vnd gunſt,aus gnad und gunst
oa_jubilaeum_1640,body,1264,5,False,125,Davon wir jetzund ſingen: Die Druckerey/,davon wir jetzund ſingen die druckerey,dauon wir ietzund singen die druckerey
oa_jubilaeum_1640,body,1264,7,False,125,Die iſt es frey,die iſt es frey,die ist es frey
oa_jubilaeum_1640,body,1264,8,False,125,Die ward zu vns geſendet/,die ward zu vns geſendet,die ward zu uns gesendet
oa_jubilaeum_1640,body,1264,9,False,125,Eh vnſer GOtt Die Hungersnoth,eh vnſer gott die hungersnoth,eh unser gott die hungersnoth
oa_jubilaeum_1640,body,1264,11,True,125,Des Wortes abgewendet.,des wortes abgewendet,des wortes abgewendet
oa_jubilaeum_1640,item,1265,0,False,125,Der Guttenberg,der guttenberg,der guttenberg
oa_jubilaeum_1640,body,1265,1,False,125,War gut am Werck?,war gut am werck,war gut am werck
oa_jubilaeum_1640,body,1265,2,False,125,Der war der erſt Erfinder;,der war der erſt erfinder,der war der erst erfinder
oa_jubilaeum_1640,body,1265,3,False,125,Der Fauſt war a fauſt/,der fauſt war a fauſt,der faust war a faust
oa_jubilaeum_1640,body,1265,4,False,125,Dem gar nicht grauſt,dem gar nicht grauſt,dem gar nicht graust
oa_jubilaeum_1640,body,1265,5,False,125,Fuͤr keiner Muͤh: nichts minder Geſchaͤfftig war,fuͤr keiner muͤh nichts minder geſchaͤfftig war,fur keiner muh nichts minder geschafftig war
oa_jubilaeum_1640,body,1265,7,False,125,Der Schoͤffer gar!,der schoͤffer gar,der schoffer gar
oa_jubilaeum_1640,body,1265,8,False,125,Die dreye ſind es eben/,die dreye ſind es eben,die dreye sind es eben
oa_jubilaeum_1640,body,1265,9,False,125,Durch welch aus Gunſt,durch welch aus gunſt,durch welch aus gunst
oa_jubilaeum_1640,body,1265,10,False,125,GOtt dieſe Kunſt,gott dieſe kunſt,gott diese kunst
oa_jubilaeum_1640,body,1265,11,True,125,Ans Tageliecht gegeben.,ans tageliecht gegeben,ans tageliecht gegeben
oa_jubilaeum_1640,body,1266,0,False,126,Die ward gebracht/,die ward gebracht,die ward gebracht
oa_jubilaeum_1640,body,1266,1,False,126,Wie ſchon gedacht/,wie ſchon gedacht,wie schon gedacht
oa_jubilaeum_1640,body,1266,2,False,126,Ans Liecht vor Luthers Zeiten/,ans liecht vor luthers zeiten,ans liecht uor luthers zeiten
oa_jubilaeum_1640,body,1266,3,False,126,Eh GOtt wegnam Den Ablaß-Kram,eh gott wegnam den ablaßkram,eh gott wegnam den ablasskram
oa_jubilaeum_1640,body,1266,5,False,126,Durch ſeiner Feder Streiten. Wie hette ſonſt,durch ſeiner feder streiten wie hette ſonſt,durch seiner feder streiten wie hette sonst
oa_jubilaeum_1640,body,1266,6,False,126,Wenn dieſe Kunſt,wenn dieſe kunſt,wenn diese kunst
oa_jubilaeum_1640,body,1266,7,False,126,Nicht wer herfuͤr gekommen/,nicht wer herfuͤr gekommen,nicht wer herfur gekommen
oa_jubilaeum_1640,body,1266,8,False,126,Das liebe Wort,das liebe wort,das liebe wort
oa_jubilaeum_1640,body,1266,9,False,126,So vieler Ort,so vieler ort,so uieler ort
oa_jubilaeum_1640,body,1266,10,True,126,Geſchaffet ſolchen Frommen?,geſchaffet ſolchen frommen,geschaffet solchen frommen
oa_jubilaeum_1640,body,1267,0,False,126,Wenn nur allein,wenn nur allein,wenn nur allein
oa_jubilaeum_1640,body,1267,1,False,126,Wer’ in gemein,wer in gemein,wer in gemein
oa_jubilaeum_1640,body,1267,2,False,126,Mit Federn das geſchrieben/,mit federn das geſchrieben,mit federn das geschrieben
oa_jubilaeum_1640,body,1267,3,False,126,Es were diß/,es were diß,es were diss
oa_jubilaeum_1640,body,1267,4,False,126,Glaͤub es gewiß/ Gewißlich nachgeblieben.,glaͤub es gewiß gewißlich nachgeblieben,glaub es gewiss gewisslich nachgeblieben
oa_jubilaeum_1640,body,1267,6,False,126,Drumb halff gar ſehr,drumb halff gar ſehr,drumb halff gar sehr
oa_jubilaeum_1640,body,1267,7,False,126,Zu reiner Lehr,zu reiner lehr,zu reiner lehr
oa_jubilaeum_1640,body,1267,8,False,126,Jn Eil das Buͤcher-druͤcken/,jn eil das buͤcherdruͤcken,in eil das bucherdrucken
oa_jubilaeum_1640,body,1267,9,False,126,Daß man zur Stund Alsbalde kunt,daß man zur stund alsbalde kunt,dass man zur stund alsbalde kunt
oa_jubilaeum_1640,body,1267,11,True,126,Die Buͤcher weit ausſchicken.,die buͤcher weit ausſchicken,die bucher weit ausschicken
oa_jubilaeum_1640,body,1268,0,False,126,Die Luther bracht,die luther bracht,die luther bracht
oa_jubilaeum_1640,body,1268,1,False,126,Mit aller Macht,mit aller macht,mit aller macht
oa_jubilaeum_1640,body,1268,2,False,126,Aus helle Liecht der Sonnen/,aus helle liecht der sonnen,aus helle liecht der sonnen
oa_jubilaeum_1640,body,1268,3,False,126,Ohn allen Gifft,ohn allen gifft,ohn allen gifft
oa_jubilaeum_1640,body,1268,4,False,126,Aus heilger Schrifft/,aus heilger schrifft,aus heilger schrifft
oa_jubilaeum_1640,body,1268,5,False,126,Aus einem lautern Brunnen:,aus einem lautern brunnen,aus einem lautern brunnen
oa_jubilaeum_1640,body,1268,6,False,126,Da ward das Wort,da ward das wort,da ward das wort
oa_jubilaeum_1640,body,1268,7,False,126,An manchem Ort,an manchem ort,an manchem ort
oa_jubilaeum_1640,body,1268,8,False,126,Mit Frewden angenommen!,mit frewden angenommen,mit frewden angenommen
oa_jubilaeum_1640,item,1268,9,False,126,Abſonderlich,abſonderlich,absonderlich
oa_jubilaeum_1640,body,1268,10,False,126,Erwieß es ſich,erwieß es ſich,erwiess es sich
oa_jubilaeum_1640,body,1268,11,True,126,Bey vns mit groſſem Frommen!,bey vns mit groſſem frommen,bey uns mit grossem frommen
oa_jubilaeum_1640,body,1269,0,False,126,Jch ſage nicht Was ausgericht,jch ſage nicht was ausgericht,ich sage nicht was ausgericht
oa_jubilaeum_1640,body,1269,2,False,126,Die Kunſt in andern Kuͤnſten/ Wie groß vnd hoch,die kunſt in andern kuͤnſten wie groß vnd hoch,die kunst in andern kunsten wie gross und hoch
oa_jubilaeum_1640,body,1269,3,False,126,Sie worden doch/,sie worden doch,sie worden doch
oa_jubilaeum_1640,body,1269,4,False,126,Ja jetzt am allerſchoͤnſten/ Durch Druckerey/ Da allerley,ja jetzt am allerſchoͤnſten durch druckerey da allerley,ia ietzt am allerschonsten durch druckerey da allerley
oa_jubilaeum_1640,body,1269,7,False,126,Nun Buͤcher ſeyn zu kaͤuffen/ Darauſſer man,nun buͤcher ſeyn zu kaͤuffen darauſſer man,nun bucher seyn zu kauffen darausser man
oa_jubilaeum_1640,body,1269,9,False,126,Viel lernen kan/,viel lernen kan,uiel lernen kan
oa_jubilaeum_1640,body,1269,10,True,126,Vnd groſſe Kunſt ergreiffen.,vnd groſſe kunſt ergreiffen,und grosse kunst ergreiffen
oa_jubilaeum_1640,body,1270,0,False,126,Druͤmb weil nun gar Zwey-hundert Jahr,druͤmb weil nun gar zweyhundert jahr,drumb weil nun gar zweyhundert iahr
oa_jubilaeum_1640,body,1270,2,False,126,Jetzunder ſeyn verfloſſen/ Da ſonderlich Vnd wunderlich,jetzunder ſeyn verfloſſen da ſonderlich vnd wunderlich,ietzunder seyn uerflossen da sonderlich und wunderlich
oa_jubilaeum_1640,body,1270,5,False,126,Jſt dieſe Kunſt entſpoſſen/,jſt dieſe kunſt entſpoſſen,ist diese kunst entspossen
oa_jubilaeum_1640,body,1270,6,False,126,So habt nun heut Jhr Ehren-Leut/,so habt nun heut jhr ehrenleut,so habt nun heut ihr ehrenleut
oa_jubilaeum_1640,body,1270,8,False,126,Jhr lieben Kunſt-Buchdruͤcker/,jhr lieben kunſtbuchdruͤcker,ihr lieben kunstbuchdrucker
oa_jubilaeum_1640,body,1270,9,False,126,Ein friſch Gemuͤth/,ein friſch gemuͤth,ein frisch gemuth
oa_jubilaeum_1640,body,1270,10,False,126,Jn gutem Fried/,jn gutem fried,in gutem fried
oa_jubilaeum_1640,body,1270,11,True,126,Obs gleich verdreuſt viel Knicker;,obs gleich verdreuſt viel knicker,obs gleich uerdreust uiel knicker
oa_jubilaeum_1640,body,1271,0,False,126,Die ſchlechte Gunſt,die ſchlechte gunſt,die schlechte gunst
oa_jubilaeum_1640,body,1271,1,False,126,Zu dieſer Kunſt,zu dieſer kunſt,zu dieser kunst
oa_jubilaeum_1640,body,1271,2,False,126,Vnd jhren Buͤchern tragen/,vnd jhren buͤchern tragen,und ihren buchern tragen
oa_jubilaeum_1640,body,1271,3,False,126,Nur in der Welt,nur in der welt,nur in der welt
oa_jubilaeum_1640,body,1271,4,False,126,Dem Gut vnd Geld,dem gut vnd geld,dem gut und geld
oa_jubilaeum_1640,body,1271,5,False,126,Vnd aller Luſt nachjagen;,vnd aller luſt nachjagen,und aller lust nachiagen
oa_jubilaeum_1640,body,1271,6,False,126,Vnd achtens nicht/,vnd achtens nicht,und achtens nicht
oa_jubilaeum_1640,body,1271,7,False,126,Wenn gleich aus Liech:,wenn gleich aus liech,wenn gleich aus liech
oa_jubilaeum_1640,body,1271,8,False,126,Ein ſchoͤnes Buch ankoͤmmet:,ein ſchoͤnes buch ankoͤmmet,ein schones buch ankommet
oa_jubilaeum_1640,body,1271,9,False,126,Gar ſchlechten Lohn,gar ſchlechten lohn,gar schlechten lohn
oa_jubilaeum_1640,body,1271,10,False,126,Traͤgt man davon/,traͤgt man davon,tragt man dauon
oa_jubilaeum_1640,body,1271,11,True,126,Wie man jetzt wol vernimmet.,wie man jetzt wol vernimmet,wie man ietzt wol uernimmet
oa_jubilaeum_1640,body,1272,0,False,127,Doch ſeyd getroſt/,doch ſeyd getroſt,doch seyd getrost
oa_jubilaeum_1640,body,1272,1,False,127,Es wird die Koſt/,es wird die koſt,es wird die kost
oa_jubilaeum_1640,body,1272,2,False,127,Die man an Buͤcher wendet/,die man an buͤcher wendet,die man an bucher wendet
oa_jubilaeum_1640,body,1272,3,False,127,Nicht ſeyn vmbſonſt/,nicht ſeyn vmbſonſt,nicht seyn umbsonst
oa_jubilaeum_1640,body,1272,4,False,127,GOtt dieſer Kunſt,gott dieſer kunſt,gott dieser kunst
oa_jubilaeum_1640,body,1272,5,False,127,Viel Goͤnner noch zuſendet: Bey jederman/ So Bieder-Mann,viel goͤnner noch zuſendet bey jederman so biedermann,uiel gonner noch zusendet bey iederman so biedermann
oa_jubilaeum_1640,body,1272,8,False,127,Nur iſt/ bleibt ſie in Ehren:,nur iſt bleibt ſie in ehren,nur ist bleibt sie in ehren
oa_jubilaeum_1640,body,1272,9,False,127,Druͤmb froͤlich ſeyd/,druͤmb froͤlich ſeyd,drumb frolich seyd
oa_jubilaeum_1640,body,1272,10,False,127,Jn dieſer Zeit/,jn dieſer zeit,in dieser zeit
oa_jubilaeum_1640,body,1272,11,True,127,Laſſt GOttes Lob nur hoͤren:,laſſt gottes lob nur hoͤren,lasst gottes lob nur horen
oa_jubilaeum_1640,body,1273,0,False,127,Wir loben dich/ Herr inniglich,wir loben dich herr inniglich,wir loben dich herr inniglich
oa_jubilaeum_1640,body,1273,1,False,127,Mit danckbarem Gemuͤthe/,mit danckbarem gemuͤthe,mit danckbarem gemuthe
oa_jubilaeum_1640,body,1273,2,False,127,Daß du vns haſt,daß du vns haſt,dass du uns hast
oa_jubilaeum_1640,body,1273,3,False,127,Vons Pabſtes Laſt,vons pabſtes laſt,uons pabstes last
oa_jubilaeum_1640,body,1273,4,False,127,Erloͤſt durch deine Guͤte/,erloͤſt durch deine guͤte,erlost durch deine gute
oa_jubilaeum_1640,body,1273,5,False,127,Vnd haſt dein Wort/,vnd haſt dein wort,und hast dein wort
oa_jubilaeum_1640,body,1273,6,False,127,O Edler Hort/,o edler hort,o edler hort
oa_jubilaeum_1640,body,1273,7,False,127,So da war gantz in dunckeln/,so da war gantz in dunckeln,so da war gantz in dunckeln
oa_jubilaeum_1640,body,1273,8,False,127,Aus finſtrer Nacht Herfuͤr gebracht/,aus finſtrer nacht herfuͤr gebracht,aus finstrer nacht herfur gebracht
oa_jubilaeum_1640,body,1273,10,True,127,Vnd laͤſt es ſchoͤne funckeln.,vnd laͤſt es ſchoͤne funckeln,und last es schone funckeln
oa_jubilaeum_1640,body,1274,0,False,127,Vnd daß die Lehr,vnd daß die lehr,und dass die lehr
oa_jubilaeum_1640,body,1274,1,False,127,Je mehr vnd mehr,je mehr vnd mehr,ie mehr und mehr
oa_jubilaeum_1640,body,1274,2,False,127,Moͤcht jmmer weiter kommen,moͤcht jmmer weiter kommen,mocht immer weiter kommen
oa_jubilaeum_1640,body,1274,3,False,127,Jn manches Land/,jn manches land,in manches land
oa_jubilaeum_1640,body,1274,4,False,127,Vnd da zu hand,vnd da zu hand,und da zu hand
oa_jubilaeum_1640,body,1274,5,False,127,Ausrichten groſſen Frommen. Haſt du mit Gnad,ausrichten groſſen frommen haſt du mit gnad,ausrichten grossen frommen hast du mit gnad
oa_jubilaeum_1640,body,1274,6,False,127,Vnd weiſem Rath/,vnd weiſem rath,und weisem rath
oa_jubilaeum_1640,body,1274,7,False,127,Vnd deinem Geiſt erfuͤllet Drey Ehren-Leut,vnd deinem geiſt erfuͤllet drey ehrenleut,und deinem geist erfullet drey ehrenleut
oa_jubilaeum_1640,body,1274,9,False,127,Vor dieſer Zeit/,vor dieſer zeit,uor dieser zeit
oa_jubilaeum_1640,body,1274,10,True,127,Von denen Kunſt herqvillet:,von denen kunſt herqvillet,uon denen kunst herquillet
oa_jubilaeum_1640,body,1275,0,False,127,Daß ſie erdacht Vnd auffgebracht/,daß ſie erdacht vnd auffgebracht,dass sie erdacht und auffgebracht
oa_jubilaeum_1640,body,1275,2,False,127,Wie man in Eil kan haben Durch Druckerey,wie man in eil kan haben durch druckerey,wie man in eil kan haben durch druckerey
oa_jubilaeum_1640,body,1275,4,False,127,Viel Buͤcher frey/,viel buͤcher frey,uiel bucher frey
oa_jubilaeum_1640,body,1275,5,False,127,GOtt Lob/ fuͤr dieſe Gaben!,gott lob fuͤr dieſe gaben,gott lob fur diese gaben
oa_jubilaeum_1640,body,1275,6,False,127,Vnd bitten dich Demuͤtiglich,vnd bitten dich demuͤtiglich,und bitten dich demutiglich
oa_jubilaeum_1640,body,1275,8,False,127,O Vater aller Frommen/,o vater aller frommen,o uater aller frommen
oa_jubilaeum_1640,body,1275,9,False,127,Erhalt dein Wort,erhalt dein wort,erhalt dein wort
oa_jubilaeum_1640,body,1275,10,False,127,Noch fort vnd fort/,noch fort vnd fort,noch fort und fort
oa_jubilaeum_1640,body,1275,11,True,127,Vnd laß es weit auskommen.,vnd laß es weit auskommen,und lass es weit auskommen
oa_jubilaeum_1640,body,1276,0,False,127,Gib auch aus Guͤt,gib auch aus guͤt,gib auch aus gut
oa_jubilaeum_1640,body,1276,1,False,127,Den edlen Fried/,den edlen fried,den edlen fried
oa_jubilaeum_1640,body,1276,2,False,127,Daß wieder gelten muͤgen,daß wieder gelten muͤgen,dass wieder gelten mugen
oa_jubilaeum_1640,body,1276,3,False,127,Die edlen Kuͤnſt/,die edlen kuͤnſt,die edlen kunst
oa_jubilaeum_1640,body,1276,4,False,127,Die ohn Gewinſt,die ohn gewinſt,die ohn gewinst
oa_jubilaeum_1640,body,1276,5,False,127,Jetzt gar darnieder ligen:,jetzt gar darnieder ligen,ietzt gar darnieder ligen
oa_jubilaeum_1640,body,1276,6,False,127,Jſts aber nicht/,jſts aber nicht,ists aber nicht
oa_jubilaeum_1640,body,1276,7,False,127,Daß es geſchicht/,daß es geſchicht,dass es geschicht
oa_jubilaeum_1640,body,1276,8,False,127,So wolleſt du belohnen Die Ehren-Leut,so wolleſt du belohnen die ehrenleut,so wollest du belohnen die ehrenleut
oa_jubilaeum_1640,body,1276,10,True,127,Nach dieſer Zeit Mit Himmels-Frewden-Kronen.,nach dieſer zeit mit himmelsfrewdenkronen,nach dieser zeit mit himmelsfrewdenkronen
oa_jubilaeum_1640,body,1277,0,True,127,M. David Peck.,m david peck,m dauid peck
oa_jubilaeum_1640,body,1278,0,True,128,BLeibt anders dieſe Welt/ ſo wird nach hundert Jahren/,bleibt anders dieſe welt ſo wird nach hundert jahren,bleibt anders diese welt so wird nach hundert iahren
oa_jubilaeum_1640,body,1279,0,True,128,Wenn ich vnd du/ vnd er/ vnd alle hingefahren/,wenn ich vnd du vnd er vnd alle hingefahren,wenn ich und du und er und alle hingefahren
oa_jubilaeum_1640,body,1280,0,True,128,Vnd keiner von vns iſt; So wird von dir vnd mir,vnd keiner von vns iſt so wird von dir vnd mir,und keiner uon uns ist so wird uon dir und mir
oa_jubilaeum_1640,body,1281,0,True,128,Vnd vns/ das hoffe ich/ doch zeugen diß Pappier.,vnd vns das hoffe ich doch zeugen diß pappier,und uns das hoffe ich doch zeugen diss pappier
oa_jubilaeum_1640,body,1282,0,True,128,Du/ wer du auch wirſt ſeyn/ der du wirſt dieſes leſen/,du wer du auch wirſt ſeyn der du wirſt dieſes leſen,du wer du auch wirst seyn der du wirst dieses lesen
oa_jubilaeum_1640,body,1283,0,True,128,Ach dencke/ dencke doch/ an dieſes Jammer-Weſen/,ach dencke dencke doch an dieſes jammerweſen,ach dencke dencke doch an dieses iammerwesen
oa_jubilaeum_1640,body,1284,0,True,128,Vnd an die boͤſe Zeit/ in der wir jetzund ſeyn/,vnd an die boͤſe zeit in der wir jetzund ſeyn,und an die bose zeit in der wir ietzund seyn
oa_jubilaeum_1640,body,1285,0,True,128,Vnd fuͤrchte deinen GOTT/ das ſuͤndigen ſtell ein.,vnd fuͤrchte deinen gott das ſuͤndigen ſtell ein,und furchte deinen gott das sundigen stell ein
oa_jubilaeum_1640,body,1286,0,True,128,Doch dencke auch darbey des groſſen GOttes Gnaden/,doch dencke auch darbey des groſſen gottes gnaden,doch dencke auch darbey des grossen gottes gnaden
oa_jubilaeum_1640,body,1287,0,True,128,Der auch noch heute ſchuͤtzt/ vnd ſchaffet/ daß mit Schaden,der auch noch heute ſchuͤtzt vnd ſchaffet daß mit schaden,der auch noch heute schutzt und schaffet dass mit schaden
oa_jubilaeum_1640,body,1288,0,True,128,Kein Schaden ſchadet vns. Je aͤrger tobt der Feind/,kein schaden ſchadet vns je aͤrger tobt der feind,kein schaden schadet uns ie arger tobt der feind
oa_jubilaeum_1640,body,1289,0,True,128,Je beſſer es mit vns der Feinde-Stuͤrtzer meynt.,je beſſer es mit vns der feindestuͤrtzer meynt,ie besser es mit uns der feindesturtzer meynt
oa_jubilaeum_1640,body,1290,0,True,128,Der Feind/ er meidet vns/ vnd meidet anzuhoͤren,der feind er meidet vns vnd meidet anzuhoͤren,der feind er meidet uns und meidet anzuhoren
oa_jubilaeum_1640,body,1291,0,True,128,Der Teutſchen jhren Ruhm: Vnd koͤnte er uͤmbkehren,der teutſchen jhren ruhm vnd koͤnte er uͤmbkehren,der teutschen ihren ruhm und konte er umbkehren
oa_jubilaeum_1640,body,1292,0,True,128,Derſelben Policey/ die Sitten/ ja das Land/,derſelben policey die sitten ja das land,derselben policey die sitten ia das land
oa_jubilaeum_1640,body,1293,0,True,128,Mit einem Finger nur/ er brauchte keine Hand,mit einem finger nur er brauchte keine hand,mit einem finger nur er brauchte keine hand
oa_jubilaeum_1640,body,1294,0,True,128,Zu ſolcher ſchoͤnen That. Sein Hertze iſt uͤmbſchneyet,zu ſolcher ſchoͤnen that sein hertze iſt uͤmbſchneyet,zu solcher schonen that sein hertze ist umbschneyet
oa_jubilaeum_1640,body,1295,0,True,128,Von Lufft aus Mitternacht. Rein ab/ rein ab/ er ſchreyet/,von lufft aus mitternacht rein ab rein ab er ſchreyet,uon lufft aus mitternacht rein ab rein ab er schreyet
oa_jubilaeum_1640,body,1296,0,True,128,Er laͤſſet vngebawt/ ſein niegebawtes Land/,er laͤſſet vngebawt ſein niegebawtes land,er lasset ungebawt sein niegebawtes land
oa_jubilaeum_1640,body,1297,0,True,128,Vnd wuͤndſchet daß auch diß ſey oͤde ausgebrand/,vnd wuͤndſchet daß auch diß ſey oͤde ausgebrand,und wundschet dass auch diss sey ode ausgebrand
oa_jubilaeum_1640,body,1298,0,True,128,Vnd ſeinem gleich gemacht. So lange man wird ſchreiben/,vnd ſeinem gleich gemacht so lange man wird ſchreiben,und seinem gleich gemacht so lange man wird schreiben
oa_jubilaeum_1640,body,1299,0,True,128,So lange wird gewiß auch vnvergeſſen bleiben,so lange wird gewiß auch vnvergeſſen bleiben,so lange wird gewiss auch unuergessen bleiben
oa_jubilaeum_1640,body,1300,0,True,128,Der Schweden Tyranney. Der klugen Teutſchen Fund,der schweden tyranney der klugen teutſchen fund,der schweden tyranney der klugen teutschen fund
oa_jubilaeum_1640,body,1301,0,True,128,Die Edle Druckerkunſt die wird es machen kunt,die edle druckerkunſt die wird es machen kunt,die edle druckerkunst die wird es machen kunt
oa_jubilaeum_1640,body,1302,0,True,128,Der Welt/ die nach vns koͤmpt. Wer weis wo einer ſitzet/,der welt die nach vns koͤmpt wer weis wo einer ſitzet,der welt die nach uns kompt wer weis wo einer sitzet
oa_jubilaeum_1640,body,1303,0,True,128,Der jetzt fuͤr Eyfer-Hitz/ vnd von den Schreiben ſchwitzet,der jetzt fuͤr eyferhitz vnd von den schreiben ſchwitzet,der ietzt fur eyferhitz und uon den schreiben schwitzet
oa_jubilaeum_1640,body,1304,0,True,128,Der ſchreibet ewer Thun vnd Sinnen vff Pappier/,der ſchreibet ewer thun vnd sinnen vff pappier,der schreibet ewer thun und sinnen uff pappier
oa_jubilaeum_1640,body,1305,0,True,128,Bald traͤgt der Drucker es der hellen Sonnen fuͤr/,bald traͤgt der drucker es der hellen sonnen fuͤr,bald tragt der drucker es der hellen sonnen fur
oa_jubilaeum_1640,body,1306,0,True,128,Vnd denn ſo ſchaͤmt jhr euch. Wie muß es euch doch krencken/,vnd denn ſo ſchaͤmt jhr euch wie muß es euch doch krencken,und denn so schamt ihr euch wie muss es euch doch krencken
oa_jubilaeum_1640,body,1307,0,True,128,Jch weis jhr werdet offt in ewren Hertzen dencken,jch weis jhr werdet offt in ewren hertzen dencken,ich weis ihr werdet offt in ewren hertzen dencken
oa_jubilaeum_1640,body,1308,0,True,128,Vnd wuͤndſchen/ das Pappier/ die Feder/ vnd noch mehr/,vnd wuͤndſchen das pappier die feder vnd noch mehr,und wundschen das pappier die feder und noch mehr
oa_jubilaeum_1640,body,1309,0,True,128,Die Preſſe vnd der Druck keinmal erfunden wer/,die preſſe vnd der druck keinmal erfunden wer,die presse und der druck keinmal erfunden wer
oa_jubilaeum_1640,body,1310,0,True,128,So ſtuͤrbe ewre That. Vnd ſolte GOtt verhengen/,so ſtuͤrbe ewre that vnd ſolte gott verhengen,so sturbe ewre that und solte gott uerhengen
oa_jubilaeum_1640,body,1311,0,True,128,So wuͤrdet jhr gewiß durch Brennen vnd durch Sengen/,so wuͤrdet jhr gewiß durch brennen vnd durch sengen,so wurdet ihr gewiss durch brennen und durch sengen
oa_jubilaeum_1640,body,1312,0,True,128,Durch ewre feine Kunſt/ aus groſſen Haß vnd Neid/,durch ewre feine kunſt aus groſſen haß vnd neid,durch ewre feine kunst aus grossen hass und neid
oa_jubilaeum_1640,body,1313,0,True,128,Die Schreib- vnd Druckerey bald ſchaffen vff die Seit/,die schreib vnd druckerey bald ſchaffen vff die seit,die schreib und druckerey bald schaffen uff die seit
oa_jubilaeum_1640,body,1314,0,True,129,Vnd gaͤntzlich rotten aus. Doch trawet nur dem alten,vnd gaͤntzlich rotten aus doch trawet nur dem alten,und gantzlich rotten aus doch trawet nur dem alten
oa_jubilaeum_1640,body,1315,0,True,129,Vnd allzeit frommen Gott/ der ſie ſchon hat erhalten,vnd allzeit frommen gott der ſie ſchon hat erhalten,und allzeit frommen gott der sie schon hat erhalten
oa_jubilaeum_1640,body,1316,0,True,129,Jetzt in zweyhundert Jahr/ der wird nicht geben zu/,jetzt in zweyhundert jahr der wird nicht geben zu,ietzt in zweyhundert iahr der wird nicht geben zu
oa_jubilaeum_1640,body,1317,0,True,129,Daß er der tolle Feind/ an jhr/ ſolch Vbel thu.,daß er der tolle feind an jhr ſolch vbel thu,dass er der tolle feind an ihr solch ubel thu
oa_jubilaeum_1640,body,1318,0,True,129,Das Maas iſt bald gehaͤufft/ alsdenn wird vns ein Lache/,das maas iſt bald gehaͤufft alsdenn wird vns ein lache,das maas ist bald gehaufft alsdenn wird uns ein lache
oa_jubilaeum_1640,body,1319,0,True,129,Der Feinde Vntergang/ nach langen Trawren machen/,der feinde vntergang nach langen trawren machen,der feinde untergang nach langen trawren machen
oa_jubilaeum_1640,body,1320,0,True,129,Demſelben denn zu Dienſt/ ſchreib ich ein Grabelied/,demſelben denn zu dienſt ſchreib ich ein grabelied,demselben denn zu dienst schreib ich ein grabelied
oa_jubilaeum_1640,body,1321,0,True,129,Zu drucken dieſes wird die Preſſe ſein bemuͤth.,zu drucken dieſes wird die preſſe ſein bemuͤth,zu drucken dieses wird die presse sein bemuth
oa_jubilaeum_1640,body,1322,0,True,129,Jehova vnſer GOtt/ laß es doch bald geſchehen!,jehova vnſer gott laß es doch bald geſchehen,iehoua unser gott lass es doch bald geschehen
oa_jubilaeum_1640,body,1323,0,True,129,Laß vns doch vnſre Luſt an vnſern Feinden ſehen!,laß vns doch vnſre luſt an vnſern feinden ſehen,lass uns doch unsre lust an unsern feinden sehen
oa_jubilaeum_1640,body,1324,0,True,129,Gib vnſern Grentzen Fried/ vnd ſtuͤrtz die boͤſe Rott!,gib vnſern grentzen fried vnd ſtuͤrtz die boͤſe rott,gib unsern grentzen fried und sturtz die bose rott
oa_jubilaeum_1640,body,1325,0,True,129,Ach thue! thue es/ Jehova vnſer GOtt!,ach thue thue es jehova vnſer gott,ach thue thue es iehoua unser gott
oa_jubilaeum_1640,body,1326,0,True,129,Erhalte Kirch vnd Schul/ die Schreib-vnd Druckereyen/,erhalte kirch vnd schul die schreibvnd druckereyen,erhalte kirch und schul die schreibund druckereyen
oa_jubilaeum_1640,body,1327,0,True,129,Vnd wer dem zugethan! So wollen wir vns frewen/,vnd wer dem zugethan so wollen wir vns frewen,und wer dem zugethan so wollen wir uns frewen
oa_jubilaeum_1640,body,1328,0,True,129,Vnd dir zur Ehr/ O Gott/ manch ſchoͤnes Lobe-Lied,vnd dir zur ehr o gott manch ſchoͤnes lobelied,und dir zur ehr o gott manch schones lobelied
oa_jubilaeum_1640,body,1329,0,True,129,Zu drucken wird alsdenn die Preſſe ſeyn bemuͤth.,zu drucken wird alsdenn die preſſe ſeyn bemuͤth,zu drucken wird alsdenn die presse seyn bemuth
oa_jubilaeum_1640,body,1330,0,True,129,Wer wil Apollo ſeyn/ der mag mir dieſes rathen:,wer wil apollo ſeyn der mag mir dieſes rathen,wer wil apollo seyn der mag mir dieses rathen
oa_jubilaeum_1640,body,1331,0,True,129,Als Hus die Boͤhmer Ganß/ zu Coſtnitz wurd gebraten/,als hus die boͤhmer ganß zu coſtnitz wurd gebraten,als hus die bohmer ganss zu costnitz wurd gebraten
oa_jubilaeum_1640,body,1332,0,True,129,So warff man auch zugleich ins helle Fewer nein,so warff man auch zugleich ins helle fewer nein,so warff man auch zugleich ins helle fewer nein
oa_jubilaeum_1640,body,1333,0,True,129,Sein weiches Gaͤnſe-Kleid/ es muſt auch Aſche ſeyn.,sein weiches gaͤnſekleid es muſt auch aſche ſeyn,sein weiches gansekleid es must auch asche seyn
oa_jubilaeum_1640,body,1334,0,True,129,Es brandte gleich fuͤr Zorn der gantze Paͤbſtler Hauffe/,es brandte gleich fuͤr zorn der gantze paͤbſtler hauffe,es brandte gleich fur zorn der gantze pabstler hauffe
oa_jubilaeum_1640,body,1335,0,True,129,Vnd wuͤtend ſchrien ſie: Bald/ eilend/ lauffe/ lauffe/,vnd wuͤtend ſchrien ſie bald eilend lauffe lauffe,und wutend schrien sie bald eilend lauffe lauffe
oa_jubilaeum_1640,body,1336,0,True,129,Vnd bringe her ſein Kleid/ des Ketzers ſein Gewand/,vnd bringe her ſein kleid des ketzers ſein gewand,und bringe her sein kleid des ketzers sein gewand
oa_jubilaeum_1640,body,1337,0,True,129,Es muß zugleich wie er/ auch werden mit verbrand.,es muß zugleich wie er auch werden mit verbrand,es muss zugleich wie er auch werden mit uerbrand
oa_jubilaeum_1640,body,1338,0,True,129,Vnd das geſchahe ſtracks. Jch muß es ſelbſt bekennen/,vnd das geſchahe ſtracks jch muß es ſelbſt bekennen,und das geschahe stracks ich muss es selbst bekennen
oa_jubilaeum_1640,body,1339,0,True,129,Das Ding bedeutet was: Wir moͤgen es wol nennen,das ding bedeutet was wir moͤgen es wol nennen,das ding bedeutet was wir mogen es wol nennen
oa_jubilaeum_1640,body,1340,0,True,129,Ein Vorbild/ welches diß hett wollen zeigen an,ein vorbild welches diß hett wollen zeigen an,ein uorbild welches diss hett wollen zeigen an
oa_jubilaeum_1640,body,1341,0,True,129,Die Feder von der Ganß wuͤrd balde ausgethan/,die feder von der ganß wuͤrd balde ausgethan,die feder uon der ganss wurd balde ausgethan
oa_jubilaeum_1640,body,1342,0,True,129,Nicht gelten mehr wie vor. Nach wenig zwantzig Jahren,nicht gelten mehr wie vor nach wenig zwantzig jahren,nicht gelten mehr wie uor nach wenig zwantzig iahren
oa_jubilaeum_1640,body,1343,0,True,129,Als dieſes kaum geſchach/ hat Guttenberg erfahren,als dieſes kaum geſchach hat guttenberg erfahren,als dieses kaum geschach hat guttenberg erfahren
oa_jubilaeum_1640,body,1344,0,True,129,Ein rechtes gutes Werck/ die Drucker-Kunſt erdacht/,ein rechtes gutes werck die druckerkunſt erdacht,ein rechtes gutes werck die druckerkunst erdacht
oa_jubilaeum_1640,body,1345,0,True,129,Die mehr in einem Tag als tauſend Federn macht.,die mehr in einem tag als tauſend federn macht,die mehr in einem tag als tausend federn macht
oa_jubilaeum_1640,body,1346,0,True,129,Der Gieſſer geuſt die Schrifft/ der Setzer ſolche ſetzet/,der gieſſer geuſt die schrifft der setzer ſolche ſetzet,der giesser geust die schrifft der setzer solche setzet
oa_jubilaeum_1640,body,1347,0,True,129,Die Preſſe thut ſich auff/ der ſchwartze Junge netzet,die preſſe thut ſich auff der ſchwartze junge netzet,die presse thut sich auff der schwartze iunge netzet
oa_jubilaeum_1640,body,1348,0,True,129,Mit Oele vnd mit Ruß/ denn druckt der Stempel zu/,mit oele vnd mit ruß denn druckt der stempel zu,mit oele und mit russ denn druckt der stempel zu
oa_jubilaeum_1640,body,1349,0,True,129,Vnd bringet auff Pappier in einem kurtzen Nu/,vnd bringet auff pappier in einem kurtzen nu,und bringet auff pappier in einem kurtzen nu
oa_jubilaeum_1640,body,1350,0,True,130,Mehr als viel Schreiber ſonſt. So muͤſt jhr doch nun hoͤren,mehr als viel schreiber ſonſt so muͤſt jhr doch nun hoͤren,mehr als uiel schreiber sonst so must ihr doch nun horen
oa_jubilaeum_1640,body,1351,0,True,130,Jhr Volck des Wider-Chriſts/ was euch nicht ſolte lehren,jhr volck des widerchriſts was euch nicht ſolte lehren,ihr uolck des widerchrists was euch nicht solte lehren
oa_jubilaeum_1640,body,1352,0,True,130,Die Feder von der Ganß. Vnd weil jhr ſie verbrand/,die feder von der ganß vnd weil jhr ſie verbrand,die feder uon der ganss und weil ihr sie uerbrand
oa_jubilaeum_1640,body,1353,0,True,130,Hat GOtt an jhre ſtatt die Drucker-Kunſt geſand/,hat gott an jhre ſtatt die druckerkunſt geſand,hat gott an ihre statt die druckerkunst gesand
oa_jubilaeum_1640,body,1354,0,True,130,Die euch nun oͤffentlich fuͤr aller Welt anklaget/,die euch nun oͤffentlich fuͤr aller welt anklaget,die euch nun offentlich fur aller welt anklaget
oa_jubilaeum_1640,body,1355,0,True,130,Vnd euch/ was Warheit iſt/ gantz vngeſchewet ſaget/,vnd euch was warheit iſt gantz vngeſchewet ſaget,und euch was warheit ist gantz ungeschewet saget
oa_jubilaeum_1640,body,1356,0,True,130,Die Fehler zeigt ſie euch/ den Jrrthumb ſagt ſie an,die fehler zeigt ſie euch den jrrthumb ſagt ſie an,die fehler zeigt sie euch den irrthumb sagt sie an
oa_jubilaeum_1640,body,1357,0,True,130,So klar/ als wol zuvor die Feder nie gethan.,so klar als wol zuvor die feder nie gethan,so klar als wol zuuor die feder nie gethan
oa_jubilaeum_1640,body,1358,0,True,130,Der dreymal trewe GOtt/ der wolle ſie behuͤten,der dreymal trewe gott der wolle ſie behuͤten,der dreymal trewe gott der wolle sie behuten
oa_jubilaeum_1640,body,1359,0,True,130,Die werthe Drucker-Kunſt/ daß keines Feindes Wuͤten/,die werthe druckerkunſt daß keines feindes wuͤten,die werthe druckerkunst dass keines feindes wuten
oa_jubilaeum_1640,body,1360,0,True,130,Wie wuͤtend dieſes ſey/ ſie bringe in Gefahr/,wie wuͤtend dieſes ſey ſie bringe in gefahr,wie wutend dieses sey sie bringe in gefahr
oa_jubilaeum_1640,body,1361,0,True,130,Das wuͤndſchet heute jhr an Drucker Jubel-Jahr!,das wuͤndſchet heute jhr an drucker jubeljahr,das wundschet heute ihr an drucker iubeliahr
oa_jubilaeum_1640,item,1362,0,True,130,M. Marth.,m marth,m marth
oa_jubilaeum_1640,body,1363,0,True,130,DA jetzt das reine Gold/ O Printz der Pierinnen/,da jetzt das reine gold o printz der pierinnen,da ietzt das reine gold o printz der pierinnen
oa_jubilaeum_1640,body,1364,0,True,130,"Jehova, deiner Lehr vom Roſt verzehret ſchier/",jehova deiner lehr vom roſt verzehret ſchier,iehoua deiner lehr uom rost uerzehret schier
oa_jubilaeum_1640,body,1365,0,True,130,Da der Geſetze Liecht vns nicht mehr gienge fuͤr/,da der geſetze liecht vns nicht mehr gienge fuͤr,da der gesetze liecht uns nicht mehr gienge fur
oa_jubilaeum_1640,body,1366,0,True,130,Vnd Epidauri Kunſt jetzt wolte gantz zurinnen:,vnd epidauri kunſt jetzt wolte gantz zurinnen,und epidauri kunst ietzt wolte gantz zurinnen
oa_jubilaeum_1640,body,1367,0,True,130,Der von Stagir ſolt auch vnd Plato gleich von hinnen,der von stagir ſolt auch vnd plato gleich von hinnen,der uon stagir solt auch und plato gleich uon hinnen
oa_jubilaeum_1640,body,1368,0,True,130,Zu der Vergeſſenheit: Es wolte Flaccus Zier,zu der vergeſſenheit es wolte flaccus zier,zu der uergessenheit es wolte flaccus zier
oa_jubilaeum_1640,body,1369,0,True,130,Vnd die mit hohem Geiſt vnd Kunſt geſtimte Lyr,vnd die mit hohem geiſt vnd kunſt geſtimte lyr,und die mit hohem geist und kunst gestimte lyr
oa_jubilaeum_1640,body,1370,0,True,130,Des Pindarus nicht mehr entzuͤcken vnſre Sinnen.,des pindarus nicht mehr entzuͤcken vnſre sinnen,des pindarus nicht mehr entzucken unsre sinnen
oa_jubilaeum_1640,body,1371,0,True,130,Als gleich die Drucker-Kunſt vor zweymal hundert Jahren,als gleich die druckerkunſt vor zweymal hundert jahren,als gleich die druckerkunst uor zweymal hundert iahren
oa_jubilaeum_1640,body,1372,0,True,130,Der gantzen Welt zu Nutz/ der kluge Fauſt erdacht/,der gantzen welt zu nutz der kluge fauſt erdacht,der gantzen welt zu nutz der kluge faust erdacht
oa_jubilaeum_1640,body,1373,0,True,130,Vnd dieſen hohen Ruhm auff vnſre Teutſchen bracht.,vnd dieſen hohen ruhm auff vnſre teutſchen bracht,und diesen hohen ruhm auff unsre teutschen bracht
oa_jubilaeum_1640,body,1374,0,True,130,"Wirſtu/ Jehova, ſie vns hinfort auch bewahren/",wirſtu jehova ſie vns hinfort auch bewahren,wirstu iehoua sie uns hinfort auch bewahren
oa_jubilaeum_1640,body,1375,0,True,130,So wird dein hohes Lob noch werden kund gemacht,so wird dein hohes lob noch werden kund gemacht,so wird dein hohes lob noch werden kund gemacht
oa_jubilaeum_1640,body,1376,0,True,130,Hin durch die weite Welt/ biß zu der Sternen Pracht.,hin durch die weite welt biß zu der sternen pracht,hin durch die weite welt biss zu der sternen pracht
oa_jubilaeum_1640,body,1377,0,True,130,M. Samuel Dauderſtadt.,m samuel dauderſtadt,m samuel dauderstadt
oa_jubilaeum_1640,body,1378,0,False,130,VOn GOtt allein koͤmpt alles gutes her:,von gott allein koͤmpt alles gutes her,uon gott allein kompt alles gutes her
oa_jubilaeum_1640,body,1378,1,False,130,Er ſchuff zu erſt die Feſte ſeiner Macht:,er ſchuff zu erſt die feſte ſeiner macht,er schuff zu erst die feste seiner macht
oa_jubilaeum_1640,body,1378,2,False,130,Er legt in Grund/ doch ohne Grund die Erden:,er legt in grund doch ohne grund die erden,er legt in grund doch ohne grund die erden
oa_jubilaeum_1640,body,1378,3,False,130,Die Waſſer auch vmbſchlauchet muſten werden:,die waſſer auch vmbſchlauchet muſten werden,die wasser auch umbschlauchet musten werden
oa_jubilaeum_1640,body,1378,4,False,130,Das Rund/ die See vnd Lufft voll Thiere lacht:,das rund die see vnd lufft voll thiere lacht,das rund die see und lufft uoll thiere lacht
oa_jubilaeum_1640,body,1378,5,True,130,Biß Menſch vnd Menſch geſchaffen letzlich Er.,biß menſch vnd menſch geſchaffen letzlich er,biss mensch und mensch geschaffen letzlich er
oa_jubilaeum_1640,body,1379,0,False,131,Von ſeinem Thron gieng rab das ſtarcke Wort/,von ſeinem thron gieng rab das ſtarcke wort,uon seinem thron gieng rab das starcke wort
oa_jubilaeum_1640,body,1379,1,False,131,Die Berge brand- vnd bebten uͤberal:,die berge brand vnd bebten uͤberal,die berge brand und bebten uberal
oa_jubilaeum_1640,body,1379,2,False,131,Vnd ſein Geſetz kam rab in vnſer Haͤnde/,vnd ſein geſetz kam rab in vnſer haͤnde,und sein gesetz kam rab in unser hande
oa_jubilaeum_1640,body,1379,3,False,131,Daß man das Hertz vnd Sinn nach dieſem wende/,daß man das hertz vnd sinn nach dieſem wende,dass man das hertz und sinn nach diesem wende
oa_jubilaeum_1640,body,1379,4,False,131,Doch war der Sinn verderbet durch den Fall:,doch war der sinn verderbet durch den fall,doch war der sinn uerderbet durch den fall
oa_jubilaeum_1640,body,1379,5,True,131,Der Himmel zu: weit auff die Hellen-Pfort.,der himmel zu weit auff die hellenpfort,der himmel zu weit auff die hellenpfort
oa_jubilaeum_1640,body,1380,0,False,131,Es muß doch dir/ O Menſch geholffen ſeyn:,es muß doch dir o menſch geholffen ſeyn,es muss doch dir o mensch geholffen seyn
oa_jubilaeum_1640,body,1380,1,False,131,Das Wort im Geiſt verſchicket in den Leib/,das wort im geiſt verſchicket in den leib,das wort im geist uerschicket in den leib
oa_jubilaeum_1640,body,1380,2,False,131,Aus Ewigkeit in Zeit/ vmb vnſert willen:,aus ewigkeit in zeit vmb vnſert willen,aus ewigkeit in zeit umb unsert willen
oa_jubilaeum_1640,body,1380,3,False,131,Die ſchwere Schrifft des Hoͤchſten zu erfuͤllen/,die ſchwere schrifft des hoͤchſten zu erfuͤllen,die schwere schrifft des hochsten zu erfullen
oa_jubilaeum_1640,body,1380,4,False,131,Verbarg ſich in das keuſche Mutter-Weib/,verbarg ſich in das keuſche mutterweib,uerbarg sich in das keusche mutterweib
oa_jubilaeum_1640,body,1380,5,True,131,Die doch kein Weib/ vom Manne frey vnd rein.,die doch kein weib vom manne frey vnd rein,die doch kein weib uom manne frey und rein
oa_jubilaeum_1640,body,1381,0,False,131,Das groſſe Wort/ das alles hat gemacht/,das groſſe wort das alles hat gemacht,das grosse wort das alles hat gemacht
oa_jubilaeum_1640,body,1381,1,False,131,Koͤmpt in die Zeit aus ſeiner Creatur:,koͤmpt in die zeit aus ſeiner creatur,kompt in die zeit aus seiner creatur
oa_jubilaeum_1640,body,1381,2,False,131,Das nie kein Raum in dieſer Welt gefunden/,das nie kein raum in dieſer welt gefunden,das nie kein raum in dieser welt gefunden
oa_jubilaeum_1640,body,1381,3,False,131,Jſt in ein Schoß ſo zaͤrtlich einverwunden:,jſt in ein schoß ſo zaͤrtlich einverwunden,ist in ein schoss so zartlich einuerwunden
oa_jubilaeum_1640,body,1381,4,False,131,Kein Menſchen-Witz ergruͤndet aus die Spur/,kein menſchenwitz ergruͤndet aus die spur,kein menschenwitz ergrundet aus die spur
oa_jubilaeum_1640,body,1381,5,True,131,Vnd bleibt alhier von vns vnausgedacht.,vnd bleibt alhier von vns vnausgedacht,und bleibt alhier uon uns unausgedacht
oa_jubilaeum_1640,body,1382,0,False,131,Das Wort ſandt vns/ (als alles war vollbracht),das wort ſandt vns als alles war vollbracht,das wort sandt uns als alles war uollbracht
oa_jubilaeum_1640,body,1382,1,False,131,Den guten Geiſt/ der reich von Lehren war/,den guten geiſt der reich von lehren war,den guten geist der reich uon lehren war
oa_jubilaeum_1640,body,1382,2,False,131,Vnd vnſern Sinn in alle Warheit fuhrte/,vnd vnſern sinn in alle warheit fuhrte,und unsern sinn in alle warheit fuhrte
oa_jubilaeum_1640,body,1382,3,False,131,Wie denn das Wort die gantze Welt beruhrte/,wie denn das wort die gantze welt beruhrte,wie denn das wort die gantze welt beruhrte
oa_jubilaeum_1640,body,1382,4,False,131,Wurd ausgebreitt durch ſeiner Bothen Schaar/,wurd ausgebreitt durch ſeiner bothen schaar,wurd ausgebreitt durch seiner bothen schaar
oa_jubilaeum_1640,body,1382,5,True,131,Was glaͤubig vns vnd endlich ſelig macht.,was glaͤubig vns vnd endlich ſelig macht,was glaubig uns und endlich selig macht
oa_jubilaeum_1640,body,1383,0,False,131,Jetzt haben wir die liebe Wiſſenſchafft,jetzt haben wir die liebe wiſſenſchafft,ietzt haben wir die liebe wissenschafft
oa_jubilaeum_1640,body,1383,1,False,131,Jn vnſer Zeit/ daß durch die Druckerey,jn vnſer zeit daß durch die druckerey,in unser zeit dass durch die druckerey
oa_jubilaeum_1640,body,1383,2,False,131,Das ſeelge Wort vnd ſeines Geiſts Erleuchten/,das ſeelge wort vnd ſeines geiſts erleuchten,das seelge wort und seines geists erleuchten
oa_jubilaeum_1640,body,1383,3,False,131,Vnd was man ſich der Seelen nuͤtz leſt deuchten/,vnd was man ſich der seelen nuͤtz leſt deuchten,und was man sich der seelen nutz lest deuchten
oa_jubilaeum_1640,body,1383,4,False,131,Jn alle Welt gar wol zu bringen ſey:,jn alle welt gar wol zu bringen ſey,in alle welt gar wol zu bringen sey
oa_jubilaeum_1640,body,1383,5,True,131,GOtt gebe nur derſelben ſeine Krafft.,gott gebe nur derſelben ſeine krafft,gott gebe nur derselben seine krafft
oa_jubilaeum_1640,body,1384,0,False,132,Vnd wie ſie nun zweyhundertjaͤhrig ſchon/,vnd wie ſie nun zweyhundertjaͤhrig ſchon,und wie sie nun zweyhundertiahrig schon
oa_jubilaeum_1640,body,1384,1,False,132,Viel Seelen hat der Hellen abgeraubt:,viel seelen hat der hellen abgeraubt,uiel seelen hat der hellen abgeraubt
oa_jubilaeum_1640,body,1384,2,False,132,So wolle GOtt dieſelben allzeit ſtaͤrcken/,so wolle gott dieſelben allzeit ſtaͤrcken,so wolle gott dieselben allzeit starcken
oa_jubilaeum_1640,body,1384,3,False,132,Die ſeyn bedient in dieſen heilgen Wercken:,die ſeyn bedient in dieſen heilgen wercken,die seyn bedient in diesen heilgen wercken
oa_jubilaeum_1640,body,1384,4,False,132,Jch wuͤndſche/ weil zu wuͤndſchen mir erlaubt/,jch wuͤndſche weil zu wuͤndſchen mir erlaubt,ich wundsche weil zu wundschen mir erlaubt
oa_jubilaeum_1640,body,1384,5,True,132,Daß endlich euch GOtt gebe ſelbſt den Lohn.,daß endlich euch gott gebe ſelbſt den lohn,dass endlich euch gott gebe selbst den lohn
oa_jubilaeum_1640,body,1385,0,True,132,Eilends hinbey geſetzt von C. Brehmen/ F. S. C.,eilends hinbey geſetzt von c brehmen f s c,eilends hinbey gesetzt uon c brehmen f s c
oa_jubilaeum_1640,body,1386,0,False,132,WJe lange gegen Nord die wolbekante Elbe,wje lange gegen nord die wolbekante elbe,wie lange gegen nord die wolbekante elbe
oa_jubilaeum_1640,body,1386,1,False,132,Das muͤde Waſſer fuͤhrt/ durch Archeleus Gewoͤlbe;,das muͤde waſſer fuͤhrt durch archeleus gewoͤlbe,das mude wasser fuhrt durch archeleus gewolbe
oa_jubilaeum_1640,body,1386,2,False,132,Wie lang’ auch gegen Oſt die ſchnelle Donaw fleuſt/,wie lang auch gegen oſt die ſchnelle donaw fleuſt,wie lang auch gegen ost die schnelle donaw fleust
oa_jubilaeum_1640,body,1386,3,True,132,Vnd ſich faſt vnvermiſcht ins dicke Meer ergeuſt.,vnd ſich faſt vnvermiſcht ins dicke meer ergeuſt,und sich fast unuermischt ins dicke meer ergeust
oa_jubilaeum_1640,body,1387,0,False,132,So lange Fama wird mit tauſend Zungen ſagen,so lange fama wird mit tauſend zungen ſagen,so lange fama wird mit tausend zungen sagen
oa_jubilaeum_1640,body,1387,1,False,132,Dein wolverdientes Lob/ vnd hin zun Sternen tragen,dein wolverdientes lob vnd hin zun sternen tragen,dein woluerdientes lob und hin zun sternen tragen
oa_jubilaeum_1640,body,1387,2,False,132,Da wo Andromeda/ Da wo Orion blinckt/,da wo andromeda da wo orion blinckt,da wo andromeda da wo orion blinckt
oa_jubilaeum_1640,body,1387,3,True,132,Vnd wo der Phosphorus dem Martis-Sterne winckt.,vnd wo der phosphorus dem martissterne winckt,und wo der phosphorus dem martissterne winckt
oa_jubilaeum_1640,body,1388,0,False,132,Du Teutſches Vaterland/ du Mutter vieler Siege/,du teutſches vaterland du mutter vieler siege,du teutsches uaterland du mutter uieler siege
oa_jubilaeum_1640,body,1388,1,False,132,Die du erfunden haſt die groͤſte Krafft der Kriege/,die du erfunden haſt die groͤſte krafft der kriege,die du erfunden hast die groste krafft der kriege
oa_jubilaeum_1640,body,1388,2,False,132,Die Krafft/ die ſtarcke Krafft/ das jrrdiſche Geblitz’/,die krafft die ſtarcke krafft das jrrdiſche geblitz,die krafft die starcke krafft das irrdische geblitz
oa_jubilaeum_1640,body,1388,3,True,132,Vnd wie erkrachen ſoll das jrdiſche Geſchuͤtz’.,vnd wie erkrachen ſoll das jrdiſche geſchuͤtz,und wie erkrachen soll das irdische geschutz
oa_jubilaeum_1640,body,1389,0,False,132,Jetzt iſt noch groͤſſre Macht/ als der Cyclopen funden/,jetzt iſt noch groͤſſre macht als der cyclopen funden,ietzt ist noch grossre macht als der cyclopen funden
oa_jubilaeum_1640,body,1389,1,False,132,Pyracmon/ Steropes vnd Brontes uͤberwunden,pyracmon steropes vnd brontes uͤberwunden,pyracmon steropes und brontes uberwunden
oa_jubilaeum_1640,body,1389,2,False,132,Verwundern ſich darob/ daß auch zu Winterzeit,verwundern ſich darob daß auch zu winterzeit,uerwundern sich darob dass auch zu winterzeit
oa_jubilaeum_1640,body,1389,3,True,132,Solch blitz vnd donnern ſey. Diß brauchen wir in Streit/,solch blitz vnd donnern ſey diß brauchen wir in streit,solch blitz und donnern sey diss brauchen wir in streit
oa_jubilaeum_1640,body,1390,0,False,132,Vor dieſer Buͤchſen Macht ſich Thuͤrm vnd Mawren neigen/,vor dieſer buͤchſen macht ſich thuͤrm vnd mawren neigen,uor dieser buchsen macht sich thurm und mawren neigen
oa_jubilaeum_1640,body,1390,1,False,132,Vnd fallen hin zu Fuß/ die Erd vnd Meer ſich beugen/,vnd fallen hin zu fuß die erd vnd meer ſich beugen,und fallen hin zu fuss die erd und meer sich beugen
oa_jubilaeum_1640,body,1390,2,False,132,Der Ganimedes ſelbſt weis faſt nicht wo der Blitz/,der ganimedes ſelbſt weis faſt nicht wo der blitz,der ganimedes selbst weis fast nicht wo der blitz
oa_jubilaeum_1640,body,1390,3,True,132,Jm Himmel oder hie recht habe ſeinen Sitz.,jm himmel oder hie recht habe ſeinen sitz,im himmel oder hie recht habe seinen sitz
oa_jubilaeum_1640,body,1391,0,False,132,Vnd hett Enceladus bey jenen alten Zeiten/,vnd hett enceladus bey jenen alten zeiten,und hett enceladus bey ienen alten zeiten
oa_jubilaeum_1640,body,1391,1,False,132,Vnd Ceus dich gehabt/ als ſie friſch zu beſtreiten,vnd ceus dich gehabt als ſie friſch zu beſtreiten,und ceus dich gehabt als sie frisch zu bestreiten
oa_jubilaeum_1640,body,1391,2,False,132,Den Himmel Pelion zu Bergen trugen nauff/,den himmel pelion zu bergen trugen nauff,den himmel pelion zu bergen trugen nauff
oa_jubilaeum_1640,body,1391,3,True,132,Vnd der Olympus Laſt den Oſſa ſatzten auff.,vnd der olympus laſt den oſſa ſatzten auff,und der olympus last den ossa satzten auff
oa_jubilaeum_1640,body,1392,0,False,132,Es wer in zweiffel noch/ ob ſie nicht obgeſieget/,es wer in zweiffel noch ob ſie nicht obgeſieget,es wer in zweiffel noch ob sie nicht obgesieget
oa_jubilaeum_1640,body,1392,1,False,132,Vnd Jupiters Gewalt durch dieſe Macht gekrieget.,vnd jupiters gewalt durch dieſe macht gekrieget,und iupiters gewalt durch diese macht gekrieget
oa_jubilaeum_1640,body,1392,2,False,132,Was aber ruͤhm ich viel von dem Cartaunen Knall?,was aber ruͤhm ich viel von dem cartaunen knall,was aber ruhm ich uiel uon dem cartaunen knall
oa_jubilaeum_1640,body,1392,3,True,132,Vielmehr das Teutſche Land hat doppelten Geſchall,vielmehr das teutſche land hat doppelten geſchall,uielmehr das teutsche land hat doppelten geschall
oa_jubilaeum_1640,body,1393,0,False,133,Des Lobes Ewigkeit/ daß vor zweyhundert Jahren,des lobes ewigkeit daß vor zweyhundert jahren,des lobes ewigkeit dass uor zweyhundert iahren
oa_jubilaeum_1640,body,1393,1,False,133,Ans Welt-Liecht iſt gebracht/ vnd in jhm erſt erfahren,ans weltliecht iſt gebracht vnd in jhm erſt erfahren,ans weltliecht ist gebracht und in ihm erst erfahren
oa_jubilaeum_1640,body,1393,2,False,133,Die Kunſt/ die weiſe Kunſt der Edlen Druckerey/,die kunſt die weiſe kunſt der edlen druckerey,die kunst die weise kunst der edlen druckerey
oa_jubilaeum_1640,body,1393,3,True,133,Der ſtarcke Gifft vnd Todt der blinden Barbarey.,der ſtarcke gifft vnd todt der blinden barbarey,der starcke gifft und todt der blinden barbarey
oa_jubilaeum_1640,body,1394,0,False,133,Du ſag ich/ du biſt es/ dardurch man kan vertreiben,du ſag ich du biſt es dardurch man kan vertreiben,du sag ich du bist es dardurch man kan uertreiben
oa_jubilaeum_1640,body,1394,1,False,133,Die dicke Finſternuͤß: Auch durch dein ſchnelles Schreiben,die dicke finſternuͤß auch durch dein ſchnelles schreiben,die dicke finsternuss auch durch dein schnelles schreiben
oa_jubilaeum_1640,body,1394,2,False,133,Jſt Doctor Luthers Wort gefluͤgelt ſchwinde hin,jſt doctor luthers wort gefluͤgelt ſchwinde hin,ist doctor luthers wort geflugelt schwinde hin
oa_jubilaeum_1640,body,1394,3,True,133,Geflogen in die Welt in vieler Chriſten Sinn.,geflogen in die welt in vieler chriſten sinn,geflogen in die welt in uieler christen sinn
oa_jubilaeum_1640,body,1395,0,False,133,Vnd wer es ohne dich/ wie ſolten wir vermiſſen,vnd wer es ohne dich wie ſolten wir vermiſſen,und wer es ohne dich wie solten wir uermissen
oa_jubilaeum_1640,body,1395,1,False,133,Das heilge Gottes Buch/ wie ſolten wir nicht wiſſen,das heilge gottes buch wie ſolten wir nicht wiſſen,das heilge gottes buch wie solten wir nicht wissen
oa_jubilaeum_1640,body,1395,2,False,133,Was falſche Heiligkeit/ wie legen vnbekand,was falſche heiligkeit wie legen vnbekand,was falsche heiligkeit wie legen unbekand
oa_jubilaeum_1640,body,1395,3,True,133,Des Pabſtes Heucheley vnd falſcher Menſchentand.,des pabſtes heucheley vnd falſcher menſchentand,des pabstes heucheley und falscher menschentand
oa_jubilaeum_1640,body,1396,0,False,133,Das Plato/ Stagirit/ Homerus nicht verdorben/,das plato stagirit homerus nicht verdorben,das plato stagirit homerus nicht uerdorben
oa_jubilaeum_1640,body,1396,1,False,133,Das auch Juſtinian/ Hippocrates nicht ſtorben/,das auch juſtinian hippocrates nicht ſtorben,das auch iustinian hippocrates nicht storben
oa_jubilaeum_1640,body,1396,2,False,133,Vnd andre Weiſen mehr/ diß that die Druckerey.,vnd andre weiſen mehr diß that die druckerey,und andre weisen mehr diss that die druckerey
oa_jubilaeum_1640,body,1396,3,True,133,Die weckt ſie von dem Todt durch jhre Schreiberey.,die weckt ſie von dem todt durch jhre schreiberey,die weckt sie uon dem todt durch ihre schreiberey
oa_jubilaeum_1640,body,1397,0,False,133,Daß auch zu Leipzig hier die Weiſen bleiben leben/,daß auch zu leipzig hier die weiſen bleiben leben,dass auch zu leipzig hier die weisen bleiben leben
oa_jubilaeum_1640,body,1397,1,False,133,Ob ſie gleich ſterben weg/ daß jhre Namen ſchweben,ob ſie gleich ſterben weg daß jhre namen ſchweben,ob sie gleich sterben weg dass ihre namen schweben
oa_jubilaeum_1640,body,1397,2,False,133,Jn der Vnſterbligkeit/ diß thut die Druckerey/,jn der vnſterbligkeit diß thut die druckerey,in der unsterbligkeit diss thut die druckerey
oa_jubilaeum_1640,body,1397,3,True,133,Die weckt ſie von dem Todt durch jhre Schreiberey.,die weckt ſie von dem todt durch jhre schreiberey,die weckt sie uon dem todt durch ihre schreiberey
oa_jubilaeum_1640,body,1398,0,False,133,Sagt? wuſte man auch wol; daß die Rhodiſer Leute,sagt wuſte man auch wol daß die rhodiſer leute,sagt wuste man auch wol dass die rhodiser leute
oa_jubilaeum_1640,body,1398,1,False,133,Coloſſen bawten auff/ das groſſe Manns-Gebaͤwde;,coloſſen bawten auff das groſſe mannsgebaͤwde,colossen bawten auff das grosse mannsgebawde
oa_jubilaeum_1640,body,1398,2,False,133,Daß Berge ſind gemacht in der Egypter Land/,daß berge ſind gemacht in der egypter land,dass berge sind gemacht in der egypter land
oa_jubilaeum_1640,body,1398,3,True,133,Die man ſonſt in gemein Piramiden genand;,die man ſonſt in gemein piramiden genand,die man sonst in gemein piramiden genand
oa_jubilaeum_1640,body,1399,0,False,133,Daß die Semiramis zu Babel auffgefuͤhret,daß die semiramis zu babel auffgefuͤhret,dass die semiramis zu babel auffgefuhret
oa_jubilaeum_1640,body,1399,1,False,133,Die Gaͤrten in die Lufft? Nichts wuͤrde wol geſpuͤret,die gaͤrten in die lufft nichts wuͤrde wol geſpuͤret,die garten in die lufft nichts wurde wol gespuret
oa_jubilaeum_1640,body,1399,2,False,133,Vnd uͤberblieben ſeyn/ wenn nicht die Druckerey,vnd uͤberblieben ſeyn wenn nicht die druckerey,und uberblieben seyn wenn nicht die druckerey
oa_jubilaeum_1640,body,1399,3,True,133,Bericht vns theilte mit durch jhre Schreiberey.,bericht vns theilte mit durch jhre schreiberey,bericht uns theilte mit durch ihre schreiberey
oa_jubilaeum_1640,body,1400,0,False,133,Anna Perenna ſelbſt nicht rauſſer koͤnte graben,anna perenna ſelbſt nicht rauſſer koͤnte graben,anna perenna selbst nicht rausser konte graben
oa_jubilaeum_1640,body,1400,1,False,133,Aus der Vnwiſſenheit/ vnd koͤnt vns nicht erlaben,aus der vnwiſſenheit vnd koͤnt vns nicht erlaben,aus der unwissenheit und kont uns nicht erlaben
oa_jubilaeum_1640,body,1400,2,False,133,Mit Namens Ewigkeit/ wann nicht die Druckerey,mit namens ewigkeit wann nicht die druckerey,mit namens ewigkeit wann nicht die druckerey
oa_jubilaeum_1640,body,1400,3,True,133,Vns ſchriehe hinden nach durch jhre Schreiberey.,vns ſchriehe hinden nach durch jhre schreiberey,uns schriehe hinden nach durch ihre schreiberey
oa_jubilaeum_1640,body,1401,0,False,133,Durch dich du werthe Kunſt/ wir bieten Trotz den Zeiten/,durch dich du werthe kunſt wir bieten trotz den zeiten,durch dich du werthe kunst wir bieten trotz den zeiten
oa_jubilaeum_1640,body,1401,1,False,133,Durch dich wir ſeynd gelehrt/ durch dich wir lernen ſtreiten/,durch dich wir ſeynd gelehrt durch dich wir lernen ſtreiten,durch dich wir seynd gelehrt durch dich wir lernen streiten
oa_jubilaeum_1640,body,1401,2,False,133,Wie obzuſiegen ſey/ vnd biſt der Kuͤnſte Kunſt/,wie obzuſiegen ſey vnd biſt der kuͤnſte kunſt,wie obzusiegen sey und bist der kunste kunst
oa_jubilaeum_1640,body,1401,3,True,133,Du Tauſendkuͤnſtlerin/ du Krieg vnd Friedes Gunſt.,du tauſendkuͤnſtlerin du krieg vnd friedes gunſt,du tausendkunstlerin du krieg und friedes gunst
oa_jubilaeum_1640,body,1402,0,False,134,Vnd daß du guͤnſtig biſt dem Kriege/ das bezeuget/,vnd daß du guͤnſtig biſt dem kriege das bezeuget,und dass du gunstig bist dem kriege das bezeuget
oa_jubilaeum_1640,body,1402,1,False,134,Weil der dein Vater iſt/ den Krieg zuvor geſaͤuget/,weil der dein vater iſt den krieg zuvor geſaͤuget,weil der dein uater ist den krieg zuuor gesauget
oa_jubilaeum_1640,body,1402,2,False,134,Doch dencke Mars jo nicht/ weil der ein Kriegesmann/,doch dencke mars jo nicht weil der ein kriegesmann,doch dencke mars io nicht weil der ein kriegesmann
oa_jubilaeum_1640,body,1402,3,True,134,Der Druckens Anfang iſt/ daß er was finden kan/,der druckens anfang iſt daß er was finden kan,der druckens anfang ist dass er was finden kan
oa_jubilaeum_1640,body,1403,0,False,134,So vns ein Vorwurff ſey. Denn wer kont’ erſtlich lehren/,so vns ein vorwurff ſey denn wer kont erſtlich lehren,so uns ein uorwurff sey denn wer kont erstlich lehren
oa_jubilaeum_1640,body,1403,1,False,134,Wie durch Cartaunen Macht die Mawren vmbzukehren?,wie durch cartaunen macht die mawren vmbzukehren,wie durch cartaunen macht die mawren umbzukehren
oa_jubilaeum_1640,body,1403,2,False,134,Wie Glut vnd Eiſenwerck die Buͤchſen ſpeiten aus?,wie glut vnd eiſenwerck die buͤchſen ſpeiten aus,wie glut und eisenwerck die buchsen speiten aus
oa_jubilaeum_1640,body,1403,3,True,134,Sag doch wo biſtu her/ du jrrdiſch Donner-Hauß?,sag doch wo biſtu her du jrrdiſch donnerhauß,sag doch wo bistu her du irrdisch donnerhauss
oa_jubilaeum_1640,body,1404,0,False,134,Es hat dich (wie du weiſt) ein kuͤhner Moͤnch erfunden/,es hat dich wie du weiſt ein kuͤhner moͤnch erfunden,es hat dich wie du weist ein kuhner monch erfunden
oa_jubilaeum_1640,body,1404,1,False,134,Vnd dardurch wurde Mars hinwiederuͤmb verbunden/,vnd dardurch wurde mars hinwiederuͤmb verbunden,und dardurch wurde mars hinwiederumb uerbunden
oa_jubilaeum_1640,body,1404,2,False,134,Der Weisheit lieben Zunfft zu dencken etwas aus/,der weisheit lieben zunfft zu dencken etwas aus,der weisheit lieben zunfft zu dencken etwas aus
oa_jubilaeum_1640,body,1404,3,True,134,Vnd alſo kam die Kunſt des Druckens endlich raus.,vnd alſo kam die kunſt des druckens endlich raus,und also kam die kunst des druckens endlich raus
oa_jubilaeum_1640,body,1405,0,False,134,O wolte/ wolte GOtt/ daß auch zu vnſern Zeiten,o wolte wolte gott daß auch zu vnſern zeiten,o wolte wolte gott dass auch zu unsern zeiten
oa_jubilaeum_1640,body,1405,1,False,134,Einander huͤlfflich ſey Studieren vnd Wolſtreiten/,einander huͤlfflich ſey studieren vnd wolſtreiten,einander hulfflich sey studieren und wolstreiten
oa_jubilaeum_1640,body,1405,2,False,134,Es ſtunde doppelt wol. Wo man verknuͤpfft die ſind/,es ſtunde doppelt wol wo man verknuͤpfft die ſind,es stunde doppelt wol wo man uerknupfft die sind
oa_jubilaeum_1640,body,1405,3,True,134,So iſt noch keine Noth. Denn dieſe beyde ſind,so iſt noch keine noth denn dieſe beyde ſind,so ist noch keine noth denn diese beyde sind
oa_jubilaeum_1640,body,1406,0,False,134,Wie das Palladium. Weg/ weg mit dieſem Klagen/,wie das palladium weg weg mit dieſem klagen,wie das palladium weg weg mit diesem klagen
oa_jubilaeum_1640,body,1406,1,False,134,Mein Geiſt der reget ſich was anders jetzt zu ſagen.,mein geiſt der reget ſich was anders jetzt zu ſagen,mein geist der reget sich was anders ietzt zu sagen
oa_jubilaeum_1640,body,1406,2,False,134,Du Echo Luͤffte-Kind mach du ein Nachgeſchrey/,du echo luͤfftekind mach du ein nachgeſchrey,du echo lufftekind mach du ein nachgeschrey
oa_jubilaeum_1640,body,1406,3,True,134,An die Weltoͤrter hin von dieſer Druckerey.,an die weltoͤrter hin von dieſer druckerey,an die weltorter hin uon dieser druckerey
oa_jubilaeum_1640,body,1407,0,False,134,TAuſendmal/ tauſendmal ſey mir willkommen,tauſendmal tauſendmal ſey mir willkommen,tausendmal tausendmal sey mir willkommen
oa_jubilaeum_1640,body,1407,1,False,134,Edeler Tag der edelen Kunſt:,edeler tag der edelen kunſt,edeler tag der edelen kunst
oa_jubilaeum_1640,body,1407,2,False,134,Froͤliche Gruͤſſe dich haben genommen,froͤliche gruͤſſe dich haben genommen,froliche grusse dich haben genommen
oa_jubilaeum_1640,body,1407,3,False,134,Froͤlichen an von himmliſcher Gunſt.,froͤlichen an von himmliſcher gunſt,frolichen an uon himmlischer gunst
oa_jubilaeum_1640,body,1407,4,False,134,Der guͤnſtige Himmel ſich beuget,der guͤnſtige himmel ſich beuget,der gunstige himmel sich beuget
oa_jubilaeum_1640,body,1407,5,False,134,Vnd freundlich ſich neiget/ Klaͤrere Strahlen,vnd freundlich ſich neiget klaͤrere strahlen,und freundlich sich neiget klarere strahlen
oa_jubilaeum_1640,body,1407,7,False,134,Will er vns mahlen/,will er vns mahlen,will er uns mahlen
oa_jubilaeum_1640,body,1407,8,False,134,Jo triumph/ triumph/ vnd Jubel vnd Jubel-Geſchrey/,jo triumph triumph vnd jubel vnd jubelgeſchrey,io triumph triumph und iubel und iubelgeschrey
oa_jubilaeum_1640,body,1407,9,True,134,Nun iſt zweyhundert Jahr die edle Druckerey.,nun iſt zweyhundert jahr die edle druckerey,nun ist zweyhundert iahr die edle druckerey
oa_jubilaeum_1640,body,1408,0,False,135,Blinckend vnd finckelnd vns Drucken vorgiebet,blinckend vnd finckelnd vns drucken vorgiebet,blinckend und finckelnd uns drucken uorgiebet
oa_jubilaeum_1640,body,1408,1,False,135,Heiliges Liecht vnd himmliſches Wort.,heiliges liecht vnd himmliſches wort,heiliges liecht und himmlisches wort
oa_jubilaeum_1640,body,1408,2,False,135,Drucken von newen die Kuͤnſte durchuͤbet/,drucken von newen die kuͤnſte durchuͤbet,drucken uon newen die kunste durchubet
oa_jubilaeum_1640,body,1408,3,False,135,Gluͤckliches ſey vnd bleibe ſo fort.,gluͤckliches ſey vnd bleibe ſo fort,gluckliches sey und bleibe so fort
oa_jubilaeum_1640,body,1408,4,False,135,Denn Teutſchland wird ewiglich ſagen,denn teutſchland wird ewiglich ſagen,denn teutschland wird ewiglich sagen
oa_jubilaeum_1640,body,1408,5,False,135,Vnd Himmelhoch tragen Kuͤnſtliche Meiſter/,vnd himmelhoch tragen kuͤnſtliche meiſter,und himmelhoch tragen kunstliche meister
oa_jubilaeum_1640,body,1408,7,False,135,Der klugen Geiſter.,der klugen geiſter,der klugen geister
oa_jubilaeum_1640,body,1408,8,False,135,Jo Triumph/ Triumph/ vnd Jubel vnd Jubel-Geſchrey/,jo triumph triumph vnd jubel vnd jubelgeſchrey,io triumph triumph und iubel und iubelgeschrey
oa_jubilaeum_1640,body,1408,9,True,135,Nun iſt zweyhundert Jahr die Edle Druckerey.,nun iſt zweyhundert jahr die edle druckerey,nun ist zweyhundert iahr die edle druckerey
oa_jubilaeum_1640,body,1409,0,False,135,Billich dir/ billich dir Teutſchland gebuͤhret,billich dir billich dir teutſchland gebuͤhret,billich dir billich dir teutschland gebuhret
oa_jubilaeum_1640,body,1409,1,False,135,Guͤldener Ruhm/ vnſterblicher Danck/,guͤldener ruhm vnſterblicher danck,guldener ruhm unsterblicher danck
oa_jubilaeum_1640,body,1409,2,False,135,Druͤcken durch Teutſche den Anfang gefuͤhret/,druͤcken durch teutſche den anfang gefuͤhret,drucken durch teutsche den anfang gefuhret
oa_jubilaeum_1640,body,1409,3,False,135,Fama gedenckt auff deinen Nachklang.,fama gedenckt auff deinen nachklang,fama gedenckt auff deinen nachklang
oa_jubilaeum_1640,body,1409,4,False,135,GOtt wil dich von newen vermehren,gott wil dich von newen vermehren,gott wil dich uon newen uermehren
oa_jubilaeum_1640,body,1409,5,False,135,Vnd alles beſcheren/ Goͤttliche Gaben,vnd alles beſcheren goͤttliche gaben,und alles bescheren gottliche gaben
oa_jubilaeum_1640,body,1409,7,False,135,Solſtu voll haben.,solſtu voll haben,solstu uoll haben
oa_jubilaeum_1640,body,1409,8,False,135,Jo Triumph/ Triumph vnd Jubel vnd Jubel-Geſchrey/,jo triumph triumph vnd jubel vnd jubelgeſchrey,io triumph triumph und iubel und iubelgeschrey
oa_jubilaeum_1640,body,1409,9,True,135,Nun iſt zweyhundert Jahr die Edle Druckerey.,nun iſt zweyhundert jahr die edle druckerey,nun ist zweyhundert iahr die edle druckerey
oa_jubilaeum_1640,body,1410,0,False,135,Wachſe/ begruͤne/ belaube/ ſtets lebe/,wachſe begruͤne belaube ſtets lebe,wachse begrune belaube stets lebe
oa_jubilaeum_1640,body,1410,1,False,135,Wachſe doch ſtets du edele Kunſt/,wachſe doch ſtets du edele kunſt,wachse doch stets du edele kunst
oa_jubilaeum_1640,body,1410,2,False,135,Ewig vnd ewig in Teutſchland ruͤmb ſchwebe/,ewig vnd ewig in teutſchland ruͤmb ſchwebe,ewig und ewig in teutschland rumb schwebe
oa_jubilaeum_1640,body,1410,3,False,135,Siehſtu nicht dort die himmliſche Gunſt/,siehſtu nicht dort die himmliſche gunſt,siehstu nicht dort die himmlische gunst
oa_jubilaeum_1640,body,1410,4,False,135,Der guͤnſtige Himmel ſich beuget,der guͤnſtige himmel ſich beuget,der gunstige himmel sich beuget
oa_jubilaeum_1640,body,1410,5,False,135,Vnd freundlich ſich neiget/ Klaͤrere Strahlen,vnd freundlich ſich neiget klaͤrere strahlen,und freundlich sich neiget klarere strahlen
oa_jubilaeum_1640,body,1410,7,False,135,Will er vns mahlen/,will er vns mahlen,will er uns mahlen
oa_jubilaeum_1640,body,1410,8,False,135,Jo Triumph/ Triumph vnd Jubel vnd Jubel-Geſchrey/,jo triumph triumph vnd jubel vnd jubelgeſchrey,io triumph triumph und iubel und iubelgeschrey
oa_jubilaeum_1640,body,1410,9,True,135,Nun iſt zweyhundert Jahr die Edle Druckerey.,nun iſt zweyhundert jahr die edle druckerey,nun ist zweyhundert iahr die edle druckerey
oa_jubilaeum_1640,body,1411,0,True,135,Gluͤckwuͤndſchend vnd mit wolgeneigtem Gemuͤthe auffgeſatzt von Enoch Hanmann.,gluͤckwuͤndſchend vnd mit wolgeneigtem gemuͤthe auffgeſatzt von enoch hanmann,gluckwundschend und mit wolgeneigtem gemuthe auffgesatzt uon enoch hanmann
oa_jubilaeum_1640,body,1412,0,False,135,Folgendes Lied iſt neben etlichen Ausſchreiben an theils Druckereyen in Reichsſtaͤdten mit uͤberſchicket worden/ im April 1640. von Gregorio Ritzſchengeſtellt.,folgendes lied iſt neben etlichen ausſchreiben an theils druckereyen in reichsſtaͤdten mit uͤberſchicket worden im april von gregorio ritzſchengeſtellt,folgendes lied ist neben etlichen ausschreiben an theils druckereyen in reichsstadten mit uberschicket worden im april uon gregorio ritzschengestellt
oa_jubilaeum_1640,body,1412,1,True,135,Jm Thon: Daß noch viel Menſchen werden/ ꝛc. Oder: Von Gott wil ich nicht laſſen/ ꝛc.,jm thon daß noch viel menſchen werden ꝛc oder von gott wil ich nicht laſſen ꝛc,im thon dass noch uiel menschen werden c oder uon gott wil ich nicht lassen c
oa_jubilaeum_1640,body,1413,0,False,136,GOTT hat vns hell gegeben,gott hat vns hell gegeben,gott hat uns hell gegeben
oa_jubilaeum_1640,body,1413,1,False,136,Sein Wort in ſeinem Sohn/,sein wort in ſeinem sohn,sein wort in seinem sohn
oa_jubilaeum_1640,body,1413,2,False,136,Daß wir gottſelig leben:,daß wir gottſelig leben,dass wir gottselig leben
oa_jubilaeum_1640,body,1413,3,False,136,Mehr haben wir darvon/,mehr haben wir darvon,mehr haben wir daruon
oa_jubilaeum_1640,body,1413,4,False,136,Zu gehn in ſeinen Schoß/,zu gehn in ſeinen schoß,zu gehn in seinen schoss
oa_jubilaeum_1640,body,1413,5,False,136,Denn ſein Verdienſt vnd Sterben,denn ſein verdienſt vnd sterben,denn sein uerdienst und sterben
oa_jubilaeum_1640,body,1413,6,False,136,Macht vns zu Himmels Erben/,macht vns zu himmels erben,macht uns zu himmels erben
oa_jubilaeum_1640,body,1413,7,True,136,Jſt das nicht Wolthat groß?,jſt das nicht wolthat groß,ist das nicht wolthat gross
oa_jubilaeum_1640,body,1414,0,False,136,Dabey ließ ers nicht bleiben,dabey ließ ers nicht bleiben,dabey liess ers nicht bleiben
oa_jubilaeum_1640,body,1414,1,False,136,Jn dieſer letzten Zeit/,jn dieſer letzten zeit,in dieser letzten zeit
oa_jubilaeum_1640,body,1414,2,False,136,Solchs eilend fortzuſchreiben,solchs eilend fortzuſchreiben,solchs eilend fortzuschreiben
oa_jubilaeum_1640,body,1414,3,False,136,Erwecket weiſe Leut/,erwecket weiſe leut,erwecket weise leut
oa_jubilaeum_1640,body,1414,4,False,136,Der Vater guter Gab,der vater guter gab,der uater guter gab
oa_jubilaeum_1640,body,1414,5,False,136,Ein Wunder-Kunſt ſie lehrte/,ein wunderkunſt ſie lehrte,ein wunderkunst sie lehrte
oa_jubilaeum_1640,body,1414,6,False,136,Buchdruckerey die werthe/,buchdruckerey die werthe,buchdruckerey die werthe
oa_jubilaeum_1640,body,1414,7,True,136,Die vor verborgen lag.,die vor verborgen lag,die uor uerborgen lag
oa_jubilaeum_1640,body,1415,0,False,136,Jetzt vor zweyhundert Jahren/,jetzt vor zweyhundert jahren,ietzt uor zweyhundert iahren
oa_jubilaeum_1640,body,1415,1,False,136,Da vierzehn hundert gleich,da vierzehn hundert gleich,da uierzehn hundert gleich
oa_jubilaeum_1640,body,1415,2,False,136,Vnd viertzig zuruͤck waren/,vnd viertzig zuruͤck waren,und uiertzig zuruck waren
oa_jubilaeum_1640,body,1415,3,False,136,Hat Gott mit Sinnen reich Johannem Guttenberg,hat gott mit sinnen reich johannem guttenberg,hat gott mit sinnen reich iohannem guttenberg
oa_jubilaeum_1640,body,1415,4,False,136,Von Straßburg abgeſendet/,von straßburg abgeſendet,uon strassburg abgesendet
oa_jubilaeum_1640,body,1415,5,False,136,Der groſſen Fleiß anwendet/,der groſſen fleiß anwendet,der grossen fleiss anwendet
oa_jubilaeum_1640,body,1415,6,True,136,Biß er erfund ſolch Werck.,biß er erfund ſolch werck,biss er erfund solch werck
oa_jubilaeum_1640,body,1416,0,False,136,Daß man kunt Schrifften ſetzen,daß man kunt schrifften ſetzen,dass man kunt schrifften setzen
oa_jubilaeum_1640,body,1416,1,False,136,Vnd drucken Buͤcher ſchoͤn/,vnd drucken buͤcher ſchoͤn,und drucken bucher schon
oa_jubilaeum_1640,body,1416,2,False,136,Das Pappier zuvor netzen/,das pappier zuvor netzen,das pappier zuuor netzen
oa_jubilaeum_1640,body,1416,3,False,136,Farb die vor nie geſehn/,farb die vor nie geſehn,farb die uor nie gesehn
oa_jubilaeum_1640,body,1416,4,False,136,Aus Firniß wird gemacht/,aus firniß wird gemacht,aus firniss wird gemacht
oa_jubilaeum_1640,body,1416,5,False,136,Nach dem ſie klar gerieben/,nach dem ſie klar gerieben,nach dem sie klar gerieben
oa_jubilaeum_1640,body,1416,6,False,136,Mit Ballen wol zutrieben/,mit ballen wol zutrieben,mit ballen wol zutrieben
oa_jubilaeum_1640,body,1416,7,True,136,Wird auff die Form gebracht.,wird auff die form gebracht,wird auff die form gebracht
oa_jubilaeum_1640,body,1417,0,False,136,Alsdenn geſchwind viel Bogen/,alsdenn geſchwind viel bogen,alsdenn geschwind uiel bogen
oa_jubilaeum_1640,body,1417,1,False,136,Daß man ſich wundern muß/,daß man ſich wundern muß,dass man sich wundern muss
oa_jubilaeum_1640,body,1417,2,False,136,Drauff werden abgezogen,drauff werden abgezogen,drauff werden abgezogen
oa_jubilaeum_1640,body,1417,3,False,136,Jn wenig Zeit vnd Muß,jn wenig zeit vnd muß,in wenig zeit und muss
oa_jubilaeum_1640,body,1417,4,False,136,Hundert/ ja tauſend weiß/,hundert ja tauſend weiß,hundert ia tausend weiss
oa_jubilaeum_1640,body,1417,5,False,136,Viel Schreibern es mit nichten,viel schreibern es mit nichten,uiel schreibern es mit nichten
oa_jubilaeum_1640,body,1417,6,False,136,Jſt moͤglich zu verrichten,jſt moͤglich zu verrichten,ist moglich zu uerrichten
oa_jubilaeum_1640,body,1417,7,True,136,Vmb ſolchen Werth vnd Preiß.,vmb ſolchen werth vnd preiß,umb solchen werth und preiss
oa_jubilaeum_1640,body,1418,0,False,136,Keyſer Friedrich der Dritte,keyſer friedrich der dritte,keyser friedrich der dritte
oa_jubilaeum_1640,body,1418,1,False,136,Regierte zu der Zeit/,regierte zu der zeit,regierte zu der zeit
oa_jubilaeum_1640,body,1418,2,False,136,Jns Regiment gleich ſchritte/,jns regiment gleich ſchritte,ins regiment gleich schritte
oa_jubilaeum_1640,body,1418,3,False,136,Als GOtt der Chriſtenheit,als gott der chriſtenheit,als gott der christenheit
oa_jubilaeum_1640,body,1418,4,False,136,Der Teutſchen Nation,der teutſchen nation,der teutschen nation
oa_jubilaeum_1640,body,1418,5,False,136,Solch himmliſch Werck verliehen/,solch himmliſch werck verliehen,solch himmlisch werck uerliehen
oa_jubilaeum_1640,body,1418,6,False,136,Dadurch all Kuͤnſte bluͤhen,dadurch all kuͤnſte bluͤhen,dadurch all kunste bluhen
oa_jubilaeum_1640,body,1418,7,True,136,Jn Flor vnd groſſer Wonn.,jn flor vnd groſſer wonn,in flor und grosser wonn
oa_jubilaeum_1640,body,1419,0,False,136,Wie alle gute Gaben,wie alle gute gaben,wie alle gute gaben
oa_jubilaeum_1640,body,1419,1,False,136,Von oben kommen her/,von oben kommen her,uon oben kommen her
oa_jubilaeum_1640,body,1419,2,False,136,Von oben wir alls haben/,von oben wir alls haben,uon oben wir alls haben
oa_jubilaeum_1640,body,1419,3,False,136,Alſo iſts auch vielmehr,alſo iſts auch vielmehr,also ists auch uielmehr
oa_jubilaeum_1640,body,1419,4,False,136,Von dieſer Wunder-Kunſt,von dieſer wunderkunſt,uon dieser wunderkunst
oa_jubilaeum_1640,body,1419,5,False,136,Vnfeilbar/ daß GOtt eben,vnfeilbar daß gott eben,unfeilbar dass gott eben
oa_jubilaeum_1640,body,1419,6,False,136,Dieſelbe vns hat geben,dieſelbe vns hat geben,dieselbe uns hat geben
oa_jubilaeum_1640,body,1419,7,True,136,Durch ſeines Geiſtes Gunſt.,durch ſeines geiſtes gunſt,durch seines geistes gunst
oa_jubilaeum_1640,body,1420,0,False,136,Bezaleel zu machen/,bezaleel zu machen,bezaleel zu machen
oa_jubilaeum_1640,body,1420,1,False,136,Von GOtt geruͤſtet aus/,von gott geruͤſtet aus,uon gott gerustet aus
oa_jubilaeum_1640,body,1420,2,False,136,Sehr kuͤnſtlich alle Sachen,sehr kuͤnſtlich alle sachen,sehr kunstlich alle sachen
oa_jubilaeum_1640,body,1420,3,False,136,Wuſte zum Gottes-Haus. Johannem Guttenberg/ Den Druckerey-Erfinder/,wuſte zum gotteshaus johannem guttenberg den druckereyerfinder,wuste zum gotteshaus iohannem guttenberg den druckereyerfinder
oa_jubilaeum_1640,body,1420,5,False,136,Der gute Geiſt nicht minder,der gute geiſt nicht minder,der gute geist nicht minder
oa_jubilaeum_1640,body,1420,6,True,136,Autrieb zu ſolchem Werck.,autrieb zu ſolchem werck,autrieb zu solchem werck
oa_jubilaeum_1640,body,1421,0,False,137,Seine Conſorten waren Johannes Fauſtus trew/,seine conſorten waren johannes fauſtus trew,seine consorten waren iohannes faustus trew
oa_jubilaeum_1640,body,1421,1,False,137,Vnd Peter Schoͤffer zwaren,vnd peter schoͤffer zwaren,und peter schoffer zwaren
oa_jubilaeum_1640,body,1421,2,False,137,Dieſe Erfinder drey,dieſe erfinder drey,diese erfinder drey
oa_jubilaeum_1640,body,1421,3,False,137,Zu Meyntz/ durch Gottes Gnad/,zu meyntz durch gottes gnad,zu meyntz durch gottes gnad
oa_jubilaeum_1640,body,1421,4,False,137,Es hielten erſt verborgen:,es hielten erſt verborgen,es hielten erst uerborgen
oa_jubilaeum_1640,body,1421,5,False,137,Teutſchland wolt GOtt verſorgen,teutſchland wolt gott verſorgen,teutschland wolt gott uersorgen
oa_jubilaeum_1640,body,1421,6,True,137,Mit ſeines Worts Vorrath.,mit ſeines worts vorrath,mit seines worts uorrath
oa_jubilaeum_1640,body,1422,0,False,137,Johann Fauſtus vnd Schoͤffer,johann fauſtus vnd schoͤffer,iohann faustus und schoffer
oa_jubilaeum_1640,body,1422,1,False,137,Diß Werck verſuchten zwar/,diß werck verſuchten zwar,diss werck uersuchten zwar
oa_jubilaeum_1640,body,1422,2,False,137,Biß Guttenberg es oͤffter,biß guttenberg es oͤffter,biss guttenberg es offter
oa_jubilaeum_1640,body,1422,3,False,137,Setzt auff die Probe klar/,setzt auff die probe klar,setzt auff die probe klar
oa_jubilaeum_1640,body,1422,4,False,137,Dem Guttenberg gelungs:,dem guttenberg gelungs,dem guttenberg gelungs
oa_jubilaeum_1640,body,1422,5,False,137,Wol Gutenberg er heiſſet/,wol gutenberg er heiſſet,wol gutenberg er heisset
oa_jubilaeum_1640,body,1422,6,False,137,Sein gut Werck jhn noch preiſet/,sein gut werck jhn noch preiſet,sein gut werck ihn noch preiset
oa_jubilaeum_1640,body,1422,7,True,137,Jhm giengs von Handẽ ſprungs,jhm giengs von handẽ ſprungs,ihm giengs uon handen sprungs
oa_jubilaeum_1640,body,1423,0,False,137,Drauff Vlrich Hahn/ erfahren/,drauff vlrich hahn erfahren,drauff ulrich hahn erfahren
oa_jubilaeum_1640,body,1423,1,False,137,Mit ſich gen Rom es bracht/ Ruſinger offenbahre,mit ſich gen rom es bracht ruſinger offenbahre,mit sich gen rom es bracht rusinger offenbahre
oa_jubilaeum_1640,body,1423,2,False,137,Es zu Neapels macht:,es zu neapels macht,es zu neapels macht
oa_jubilaeum_1640,body,1423,3,False,137,Die Edle Druckerey,die edle druckerey,die edle druckerey
oa_jubilaeum_1640,body,1423,4,False,137,Jn alle Welt ausgienge/,jn alle welt ausgienge,in alle welt ausgienge
oa_jubilaeum_1640,body,1423,5,False,137,Menſch/ acht ſie nicht geringe/,menſch acht ſie nicht geringe,mensch acht sie nicht geringe
oa_jubilaeum_1640,body,1423,6,True,137,Erkenne GOTTES Trew.,erkenne gottes trew,erkenne gottes trew
oa_jubilaeum_1640,body,1424,0,False,137,Kurtz vor Lutheri Zeiten,kurtz vor lutheri zeiten,kurtz uor lutheri zeiten
oa_jubilaeum_1640,body,1424,1,False,137,Man Druckerey erfand/,man druckerey erfand,man druckerey erfand
oa_jubilaeum_1640,body,1424,2,False,137,GOtts Wort ſchnell auszubreiten,gotts wort ſchnell auszubreiten,gotts wort schnell auszubreiten
oa_jubilaeum_1640,body,1424,3,False,137,Rein ohne Menſchentand/,rein ohne menſchentand,rein ohne menschentand
oa_jubilaeum_1640,body,1424,4,False,137,Teutſchland hatt erſt die Ehr/,teutſchland hatt erſt die ehr,teutschland hatt erst die ehr
oa_jubilaeum_1640,body,1424,5,False,137,Da/ da ſolte beſonder,da da ſolte beſonder,da da solte besonder
oa_jubilaeum_1640,body,1424,6,False,137,Ein Liecht auffgehn mit Wunder,ein liecht auffgehn mit wunder,ein liecht auffgehn mit wunder
oa_jubilaeum_1640,body,1424,7,True,137,Des Evangelj Lehr.,des evangelj lehr,des euangeli lehr
oa_jubilaeum_1640,body,1425,0,False,137,Vnd in die Laͤnder ſcheinen,vnd in die laͤnder ſcheinen,und in die lander scheinen
oa_jubilaeum_1640,body,1425,1,False,137,Wie/ Gott Lob/ iſt geſchehn/,wie gott lob iſt geſchehn,wie gott lob ist geschehn
oa_jubilaeum_1640,body,1425,2,False,137,Daß die Groſſen vnd Kleinen,daß die groſſen vnd kleinen,dass die grossen und kleinen
oa_jubilaeum_1640,body,1425,3,False,137,Auch nun im finſtern ſehn/,auch nun im finſtern ſehn,auch nun im finstern sehn
oa_jubilaeum_1640,body,1425,4,False,137,Vnd wiſſen was von GOTT,vnd wiſſen was von gott,und wissen was uon gott
oa_jubilaeum_1640,body,1425,5,False,137,Die Menſchen glaͤuben ſollen/,die menſchen glaͤuben ſollen,die menschen glauben sollen
oa_jubilaeum_1640,body,1425,6,False,137,Wofern ſie ſelbſt nur wollen,wofern ſie ſelbſt nur wollen,wofern sie selbst nur wollen
oa_jubilaeum_1640,body,1425,7,True,137,Abkommen jhrer Noth.,abkommen jhrer noth,abkommen ihrer noth
oa_jubilaeum_1640,body,1426,0,False,137,Man ſoll zu GOttes Ehre,man ſoll zu gottes ehre,man soll zu gottes ehre
oa_jubilaeum_1640,body,1426,1,False,137,Nur brauchen Druckerey/,nur brauchen druckerey,nur brauchen druckerey
oa_jubilaeum_1640,body,1426,2,False,137,Daß man ſein Wort vnd Lehre,daß man ſein wort vnd lehre,dass man sein wort und lehre
oa_jubilaeum_1640,body,1426,3,False,137,Damit ausbreite frey/ (merck/,damit ausbreite frey merck,damit ausbreite frey merck
oa_jubilaeum_1640,body,1426,4,False,137,Den Mißbrauch/ Menſch/ ver-,den mißbrauch menſch ver,den missbrauch mensch uer
oa_jubilaeum_1640,body,1426,5,False,137,Daß der davon moͤg bleiben/,daß der davon moͤg bleiben,dass der dauon mog bleiben
oa_jubilaeum_1640,body,1426,6,False,137,Nur GOttes Wort bekleiben/,nur gottes wort bekleiben,nur gottes wort bekleiben
oa_jubilaeum_1640,body,1426,7,True,137,So iſts ein koͤſtlich Werck.,so iſts ein koͤſtlich werck,so ists ein kostlich werck
oa_jubilaeum_1640,body,1427,0,False,137,Fuͤr dieſen vns geweiſten,fuͤr dieſen vns geweiſten,fur diesen uns geweisten
oa_jubilaeum_1640,body,1427,1,False,137,Weg/ alle in gemein/,weg alle in gemein,weg alle in gemein
oa_jubilaeum_1640,body,1427,2,False,137,Sollen zum allermeiſten,sollen zum allermeiſten,sollen zum allermeisten
oa_jubilaeum_1640,body,1427,3,False,137,Wir Teutſchen danckbar ſeyn/,wir teutſchen danckbar ſeyn,wir teutschen danckbar seyn
oa_jubilaeum_1640,body,1427,4,False,137,Zuvor in dieſem Jahr/,zuvor in dieſem jahr,zuuor in diesem iahr
oa_jubilaeum_1640,body,1427,5,False,137,Da zweyhundert verwichen/,da zweyhundert verwichen,da zweyhundert uerwichen
oa_jubilaeum_1640,body,1427,6,False,137,Von Hertzen danckbarlichen,von hertzen danckbarlichen,uon hertzen danckbarlichen
oa_jubilaeum_1640,body,1427,7,True,137,GOTT preiſen offenbar.,gott preiſen offenbar,gott preisen offenbar
oa_jubilaeum_1640,body,1428,0,False,137,Vmb Erfindung der lieben,vmb erfindung der lieben,umb erfindung der lieben
oa_jubilaeum_1640,body,1428,1,False,137,Vnd nuͤtzen Druckerey/,vnd nuͤtzen druckerey,und nutzen druckerey
oa_jubilaeum_1640,body,1428,2,False,137,Alle die mit vns uͤben,alle die mit vns uͤben,alle die mit uns uben
oa_jubilaeum_1640,body,1428,3,False,137,Diß Werck/ fuͤgt euch herbey/,diß werck fuͤgt euch herbey,diss werck fugt euch herbey
oa_jubilaeum_1640,body,1428,4,False,137,Vnd helfft vns vnſern GOtt/,vnd helfft vns vnſern gott,und helfft uns unsern gott
oa_jubilaeum_1640,body,1428,5,False,137,Von gantzem Hertzen loben/,von gantzem hertzen loben,uon gantzem hertzen loben
oa_jubilaeum_1640,body,1428,6,False,137,Der ſolches vns von oben,der ſolches vns von oben,der solches uns uon oben
oa_jubilaeum_1640,body,1428,7,True,137,Herab gegeben hat.,herab gegeben hat,herab gegeben hat
oa_jubilaeum_1640,body,1429,0,False,138,Auch bitten/ daß der trewe,auch bitten daß der trewe,auch bitten dass der trewe
oa_jubilaeum_1640,body,1429,1,False,138,Vnd mildgebige GOTT/,vnd mildgebige gott,und mildgebige gott
oa_jubilaeum_1640,body,1429,2,False,138,Solch Werck/ die Druckereye/,solch werck die druckereye,solch werck die druckereye
oa_jubilaeum_1640,body,1429,3,False,138,Damit ſeine Gebot,damit ſeine gebot,damit seine gebot
oa_jubilaeum_1640,body,1429,4,False,138,Vnd reines Wort bißher,vnd reines wort bißher,und reines wort bissher
oa_jubilaeum_1640,body,1429,5,False,138,Man hat gedruckt/ erhalten/,man hat gedruckt erhalten,man hat gedruckt erhalten
oa_jubilaeum_1640,body,1429,6,False,138,Vnter ſo vielen Spalten,vnter ſo vielen spalten,unter so uielen spalten
oa_jubilaeum_1640,body,1429,7,True,138,Zu ſeines Namens Ehr.,zu ſeines namens ehr,zu seines namens ehr
oa_jubilaeum_1640,body,1430,0,False,138,Daß auch auff die Nachkommen,daß auch auff die nachkommen,dass auch auff die nachkommen
oa_jubilaeum_1640,body,1430,1,False,138,Gedrucket werde fort/,gedrucket werde fort,gedrucket werde fort
oa_jubilaeum_1640,body,1430,2,False,138,Zu aller Menſchen Frommen/ Herr/ dein goͤttliches Wort:,zu aller menſchen frommen herr dein goͤttliches wort,zu aller menschen frommen herr dein gottliches wort
oa_jubilaeum_1640,body,1430,3,False,138,Darzu gib Friede doch/,darzu gib friede doch,darzu gib friede doch
oa_jubilaeum_1640,body,1430,4,False,138,Ja Friede wollſtu geben/,ja friede wollſtu geben,ia friede wollstu geben
oa_jubilaeum_1640,body,1430,5,False,138,Vnd ein bußfertig Leben/,vnd ein bußfertig leben,und ein bussfertig leben
oa_jubilaeum_1640,body,1430,6,True,138,Daß wir dir dancken hoch.,daß wir dir dancken hoch,dass wir dir dancken hoch
oa_jubilaeum_1640,body,1431,0,True,138,Beſchluß-Geſetzlein/ Jm Thon: Wer Gott nicht mit vns dieſe Zeit/ ꝛc. ZWeyhundert Jahr vergangen ſeyn/ Da Druckerey erfunden/ Herr/ gib vns doch den Friede dein/ Verbinde vnſre Wunden/ Heil des Lands Bruͤch/ erhalt dein Wort/ Pflantz ſelber Druckerey noch fort Zu deines Namens Ehre.,beſchlußgeſetzlein jm thon wer gott nicht mit vns dieſe zeit ꝛc zweyhundert jahr vergangen ſeyn da druckerey erfunden herr gib vns doch den friede dein verbinde vnſre wunden heil des lands bruͤch erhalt dein wort pflantz ſelber druckerey noch fort zu deines namens ehre,beschlussgesetzlein im thon wer gott nicht mit uns diese zeit c zweyhundert iahr uergangen seyn da druckerey erfunden herr gib uns doch den friede dein uerbinde unsre wunden heil des lands bruch erhalt dein wort pflantz selber druckerey noch fort zu deines namens ehre
oa_jubilaeum_1640,head,1432,0,True,138,Johannitiſche Jubel-Frewd.,johannitiſche jubelfrewd,iohannitische iubelfrewd
oa_jubilaeum_1640,body,1433,0,True,138,DA Johannes der Taͤuffer/,da johannes der taͤuffer,da iohannes der tauffer
oa_jubilaeum_1640,body,1434,0,True,138,Des Meſſiæ Vorlaͤuffer/,des meſſiæ vorlaͤuffer,des messiae uorlauffer
oa_jubilaeum_1640,body,1435,0,True,138,Geboren war/ zur Stund,geboren war zur stund,geboren war zur stund
oa_jubilaeum_1640,body,1436,0,True,138,Sich frewten die Verwandten/,sich frewten die verwandten,sich frewten die uerwandten
oa_jubilaeum_1640,body,1437,0,True,138,All Nachtbarn vnd Bekandten/,all nachtbarn vnd bekandten,all nachtbarn und bekandten
oa_jubilaeum_1640,body,1438,0,True,138,Des Vaters ſtummer Mund,des vaters ſtummer mund,des uaters stummer mund
oa_jubilaeum_1640,body,1439,0,True,138,Solt ſagen ſeinen Namen/,solt ſagen ſeinen namen,solt sagen seinen namen
oa_jubilaeum_1640,body,1440,0,True,138,Als zu beſchneiden kamen,als zu beſchneiden kamen,als zu beschneiden kamen
oa_jubilaeum_1640,body,1441,0,True,138,Jhn nach der Juͤden Braͤuch:,jhn nach der juͤden braͤuch,ihn nach der iuden brauch
oa_jubilaeum_1640,body,1442,0,True,138,Ein Taͤflein wolt er haben/,ein taͤflein wolt er haben,ein taflein wolt er haben
oa_jubilaeum_1640,body,1443,0,True,138,So bald ſie jhm ſolchs gaben/,so bald ſie jhm ſolchs gaben,so bald sie ihm solchs gaben
oa_jubilaeum_1640,body,1444,0,True,138,Schrieb er/ vnd ſprach zugleich:,schrieb er vnd ſprach zugleich,schrieb er und sprach zugleich
oa_jubilaeum_1640,body,1445,0,True,138,Er ſoll Johannes heiſſen.,er ſoll johannes heiſſen,er soll iohannes heissen
oa_jubilaeum_1640,body,1446,0,True,138,Diß Taͤflein thut vns weiſen,diß taͤflein thut vns weiſen,diss taflein thut uns weisen
oa_jubilaeum_1640,body,1447,0,True,138,Ein Druckerey Vorbild/,ein druckerey vorbild,ein druckerey uorbild
oa_jubilaeum_1640,body,1448,0,True,138,Faſt ehnlich Jobs Begehren/,faſt ehnlich jobs begehren,fast ehnlich iobs begehren
oa_jubilaeum_1640,body,1449,0,True,138,Der wuͤndſcht zu Gottes Ehren/,der wuͤndſcht zu gottes ehren,der wundscht zu gottes ehren
oa_jubilaeum_1640,body,1450,0,True,138,Daß werden moͤcht erfuͤllt/,daß werden moͤcht erfuͤllt,dass werden mocht erfullt
oa_jubilaeum_1640,body,1451,0,True,138,Auch ſeine Red zu ſchreiben/,auch ſeine red zu ſchreiben,auch seine red zu schreiben
oa_jubilaeum_1640,body,1452,0,True,138,Auff die Nachkommen bleiben,auff die nachkommen bleiben,auff die nachkommen bleiben
oa_jubilaeum_1640,body,1453,0,True,138,Seines Erloͤſers Wort/,seines erloͤſers wort,seines erlosers wort
oa_jubilaeum_1640,body,1454,0,True,138,Den er/ wie wir/ bekante.,den er wie wir bekante,den er wie wir bekante
oa_jubilaeum_1640,body,1455,0,True,138,Ja/ Job/ dein Wundſch Teutſchlande,ja job dein wundſch teutſchlande,ia iob dein wundsch teutschlande
oa_jubilaeum_1640,body,1456,0,True,138,Erfuͤllet jetzo fort.,erfuͤllet jetzo fort,erfullet ietzo fort
oa_jubilaeum_1640,body,1457,0,True,138,Wie nun ſich dorten frewten,wie nun ſich dorten frewten,wie nun sich dorten frewten
oa_jubilaeum_1640,body,1458,0,True,138,Die Nachbarn/ ſolchs ausbreiten,die nachbarn ſolchs ausbreiten,die nachbarn solchs ausbreiten
oa_jubilaeum_1640,body,1459,0,True,138,Was da geſchehen war:,was da geſchehen war,was da geschehen war
oa_jubilaeum_1640,body,1460,0,True,138,So ſoll man vnvergeſſen,so ſoll man vnvergeſſen,so soll man unuergessen
oa_jubilaeum_1640,body,1461,0,True,138,Erinnern ſich auch deſſen/,erinnern ſich auch deſſen,erinnern sich auch dessen
oa_jubilaeum_1640,body,1462,0,True,138,Was jetzt zweyhundert Jahr,was jetzt zweyhundert jahr,was ietzt zweyhundert iahr
oa_jubilaeum_1640,body,1463,0,True,139,Vns Teutſchen wiederfahren/,vns teutſchen wiederfahren,uns teutschen wiederfahren
oa_jubilaeum_1640,body,1464,0,True,139,GOtt laſſen offenbahren,gott laſſen offenbahren,gott lassen offenbahren
oa_jubilaeum_1640,body,1465,0,True,139,Ein ſolche Kunſt/ durch die,ein ſolche kunſt durch die,ein solche kunst durch die
oa_jubilaeum_1640,body,1466,0,True,139,Das jenig wird erhalten/,das jenig wird erhalten,das ienig wird erhalten
oa_jubilaeum_1640,body,1467,0,True,139,Was vnſre lieben Alten,was vnſre lieben alten,was unsre lieben alten
oa_jubilaeum_1640,body,1468,0,True,139,Erdacht mit groſſer Muͤh.,erdacht mit groſſer muͤh,erdacht mit grosser muh
oa_jubilaeum_1640,body,1469,0,True,139,Wodurch wir ſchleunig koͤnnen,wodurch wir ſchleunig koͤnnen,wodurch wir schleunig konnen
oa_jubilaeum_1640,body,1470,0,True,139,Auch andern Laͤndern goͤnnen,auch andern laͤndern goͤnnen,auch andern landern gonnen
oa_jubilaeum_1640,body,1471,0,True,139,Das reine GOttes Wort.,das reine gottes wort,das reine gottes wort
oa_jubilaeum_1640,body,1472,0,True,139,Fuͤr dieſe Wunder-Gabe,fuͤr dieſe wundergabe,fur diese wundergabe
oa_jubilaeum_1640,body,1473,0,True,139,Du Hoͤchſter heut danck habe/,du hoͤchſter heut danck habe,du hochster heut danck habe
oa_jubilaeum_1640,body,1474,0,True,139,Biß wir dich loben dort.,biß wir dich loben dort,biss wir dich loben dort
oa_jubilaeum_1640,item,1475,0,True,139,Exod. 24. v. 31. 32.,exod v,exod u
oa_jubilaeum_1640,body,1476,0,True,139,GOTT hat mit eigner Hand die erſte Schrifft gepreget/,gott hat mit eigner hand die erſte schrifft gepreget,gott hat mit eigner hand die erste schrifft gepreget
oa_jubilaeum_1640,body,1477,0,True,139,Heut jederman zu Haus durch Druckerey ſie traͤget.,heut jederman zu haus durch druckerey ſie traͤget,heut iederman zu haus durch druckerey sie traget
oa_jubilaeum_1640,item,1478,0,True,139,Sapient. 7. v. 21.,sapient v,sapient u
oa_jubilaeum_1640,body,1479,0,True,139,NVr DIe WeIsheIt GOttes Iſt aLLer KVnſt MeIſter,nvr die weisheit gottes iſt aller kvnſt meiſter,nur die weisheit gottes ist aller kunst meister
oa_jubilaeum_1640,body,1480,0,True,139,Von Anfang her geWeſen.,von anfang her geweſen,uon anfang her gewesen
oa_jubilaeum_1640,body,1481,0,True,139,Dreyfaches Kleeblaͤtlein an die drey Ehrnwuͤrdigen Erfinder der loͤblichen Kunſt Buchdruckerey.,dreyfaches kleeblaͤtlein an die drey ehrnwuͤrdigen erfinder der loͤblichen kunſt buchdruckerey,dreyfaches kleeblatlein an die drey ehrnwurdigen erfinder der loblichen kunst buchdruckerey
oa_jubilaeum_1640,head,1482,0,True,139,Johannem Guttenberg:,johannem guttenberg,iohannem guttenberg
oa_jubilaeum_1640,body,1483,0,True,139,DV guter Guttenberg/ dich ſetzt man an die Spitzen/,dv guter guttenberg dich ſetzt man an die spitzen,du guter guttenberg dich setzt man an die spitzen
oa_jubilaeum_1640,body,1484,0,True,139,Dein Siñ ein gutes Werck/ daß man kan Schrifften ſetzen/,dein siñ ein gutes werck daß man kan schrifften ſetzen,dein sinn ein gutes werck dass man kan schrifften setzen
oa_jubilaeum_1640,body,1485,0,True,139,Vnd drucken Buͤcher ſchoͤn/ zu wegen hat gebracht/,vnd drucken buͤcher ſchoͤn zu wegen hat gebracht,und drucken bucher schon zu wegen hat gebracht
oa_jubilaeum_1640,body,1486,0,True,139,Dein/ ſo lang ſteht die Welt/ mit Ehren wird gedacht.,dein ſo lang ſteht die welt mit ehren wird gedacht,dein so lang steht die welt mit ehren wird gedacht
oa_jubilaeum_1640,head,1487,0,True,139,Johannem Fauſt:,johannem fauſt,iohannem faust
oa_jubilaeum_1640,body,1488,0,True,139,O Fauſt/ Johannes Fauſt/ der du durch dein Verlegen/,o fauſt johannes fauſt der du durch dein verlegen,o faust iohannes faust der du durch dein uerlegen
oa_jubilaeum_1640,body,1489,0,True,139,Der erſt Erfinder biſt/ vnd wageſt dein Vermoͤgen,der erſt erfinder biſt vnd wageſt dein vermoͤgen,der erst erfinder bist und wagest dein uermogen
oa_jubilaeum_1640,body,1490,0,True,139,Gern an die Druckerey: Durch welche GOttes Wort/,gern an die druckerey durch welche gottes wort,gern an die druckerey durch welche gottes wort
oa_jubilaeum_1640,body,1491,0,True,139,Nu die zweyhundert Jahr/ iſt weit gepflantzet fort.,nu die zweyhundert jahr iſt weit gepflantzet fort,nu die zweyhundert iahr ist weit gepflantzet fort
oa_jubilaeum_1640,head,1492,0,True,139,Peter Schoͤffern:,peter schoͤffern,peter schoffern
oa_jubilaeum_1640,body,1493,0,True,139,DEn Koͤnig David hat von Schafen Gott genom̃en/,den koͤnig david hat von schafen gott genom̃en,den konig dauid hat uon schafen gott genommen
oa_jubilaeum_1640,body,1494,0,True,139,Zum Koͤnig jhn gemacht: So bleibt wol vnbenom̃en,zum koͤnig jhn gemacht so bleibt wol vnbenom̃en,zum konig ihn gemacht so bleibt wol unbenommen
oa_jubilaeum_1640,body,1495,0,True,139,Die Ehr der Druckerey/ weñ dort zu Meyntz am Rhein/,die ehr der druckerey weñ dort zu meyntz am rhein,die ehr der druckerey wenn dort zu meyntz am rhein
oa_jubilaeum_1640,body,1496,0,True,139,Das fromme Schaͤfer-Volck auch mit Gehuͤlffen ſeyn.,das fromme schaͤfervolck auch mit gehuͤlffen ſeyn,das fromme schaferuolck auch mit gehulffen seyn
oa_jubilaeum_1640,item,1497,0,True,139,G. R.,g r,g r
oa_jubilaeum_1640,body,1498,0,True,139,JCh laß gelehrte Leut die Drucker-Kunſt jetzt preiſen/,jch laß gelehrte leut die druckerkunſt jetzt preiſen,ich lass gelehrte leut die druckerkunst ietzt preisen
oa_jubilaeum_1640,body,1499,0,True,139,Vnd jhre Nutzbarkeit der gantzen Welt vorweiſen;,vnd jhre nutzbarkeit der gantzen welt vorweiſen,und ihre nutzbarkeit der gantzen welt uorweisen
oa_jubilaeum_1640,body,1500,0,True,139,Welche gar wol verſtehn/ daß manchen ſie hoch g’bracht/,welche gar wol verſtehn daß manchen ſie hoch gbracht,welche gar wol uerstehn dass manchen sie hoch gbracht
oa_jubilaeum_1640,body,1501,0,True,139,Der ſonſt muͤſt vnten gehn/ jetzund wird groß geacht.,der ſonſt muͤſt vnten gehn jetzund wird groß geacht,der sonst must unten gehn ietzund wird gross geacht
oa_jubilaeum_1640,body,1502,0,True,140,Dafuͤr mein Lebenlang dem weiſen Kunſt-Beſchehrer,dafuͤr mein lebenlang dem weiſen kunſtbeſchehrer,dafur mein lebenlang dem weisen kunstbeschehrer
oa_jubilaeum_1640,body,1503,0,True,140,Jch nur ſag Lob vnd Danck/ daß er auch mein Kunſt-Lehrer/,jch nur ſag lob vnd danck daß er auch mein kunſtlehrer,ich nur sag lob und danck dass er auch mein kunstlehrer
oa_jubilaeum_1640,body,1504,0,True,140,Vnd reicher Nehrer iſt: Vnd bleibe ſtets bereit/,vnd reicher nehrer iſt vnd bleibe ſtets bereit,und reicher nehrer ist und bleibe stets bereit
oa_jubilaeum_1640,body,1505,0,True,140,Zu dienen jeder friſt/ Jhm vnd der Chriſtenheit.,zu dienen jeder friſt jhm vnd der chriſtenheit,zu dienen ieder frist ihm und der christenheit
oa_jubilaeum_1640,body,1506,0,True,140,Johann Albrecht Mintzel/ Buchdrucker in Leipzig.,johann albrecht mintzel buchdrucker in leipzig,iohann albrecht mintzel buchdrucker in leipzig
oa_jubilaeum_1640,body,1507,0,False,140,"Folgendes Carmen, ſo vor 35. Jahren zu Straßburg von einem Correctore, Spangenbergs Geſchlecht/ gemacht worden/ wird billich vnſerm Jubel-Feſts-Carminibus zum Beſchluß angehengt.",folgendes carmen ſo vor jahren zu straßburg von einem correctore spangenbergs geſchlecht gemacht worden wird billich vnſerm jubelfeſtscarminibus zum beſchluß angehengt,folgendes carmen so uor iahren zu strassburg uon einem correctore spangenbergs geschlecht gemacht worden wird billich unserm iubelfestscarminibus zum beschluss angehengt
oa_jubilaeum_1640,head,1507,1,True,140,Lobſpruch Von der Edlen freyen Kunſt Buchdruckerey,lobſpruch von der edlen freyen kunſt buchdruckerey,lobspruch uon der edlen freyen kunst buchdruckerey
oa_jubilaeum_1640,body,1508,0,False,140,Vrſprung/ Fortgang vnd Nutzbarkeit.,vrſprung fortgang vnd nutzbarkeit,ursprung fortgang und nutzbarkeit
oa_jubilaeum_1640,body,1508,1,True,140,Vnd weſſen ſich dero Anverwandten fuͤr andern Kuͤnſten vnd Staͤnden mit Grund der Warheit zu beruͤhmen haben.,vnd weſſen ſich dero anverwandten fuͤr andern kuͤnſten vnd staͤnden mit grund der warheit zu beruͤhmen haben,und wessen sich dero anuerwandten fur andern kunsten und standen mit grund der warheit zu beruhmen haben
oa_jubilaeum_1640,body,1509,0,True,140,Kaͤyſer Albrecht der Ander gnant/,kaͤyſer albrecht der ander gnant,kayser albrecht der ander gnant
oa_jubilaeum_1640,body,1510,0,True,140,Gieng ab mit Todt im Teutſchẽ Land/,gieng ab mit todt im teutſchẽ land,gieng ab mit todt im teutschen land
oa_jubilaeum_1640,body,1511,0,True,140,Als man die Druckerey erfand.,als man die druckerey erfand,als man die druckerey erfand
oa_jubilaeum_1640,body,1512,0,True,140,Kaͤyſer Friedrich der Dritte zwar/,kaͤyſer friedrich der dritte zwar,kayser friedrich der dritte zwar
oa_jubilaeum_1640,body,1513,0,True,140,Erwehlet ward im ſelben Jahr/,erwehlet ward im ſelben jahr,erwehlet ward im selben iahr
oa_jubilaeum_1640,body,1514,0,True,140,Zu eim Deutſchen Kaͤyſer fuͤrwar.,zu eim deutſchen kaͤyſer fuͤrwar,zu eim deutschen kayser furwar
oa_jubilaeum_1640,body,1515,0,True,140,VOr Jahren hielt man hoch vnd werth,vor jahren hielt man hoch vnd werth,uor iahren hielt man hoch und werth
oa_jubilaeum_1640,body,1516,0,True,140,Drey Nation auff dieſer Erd/,drey nation auff dieſer erd,drey nation auff dieser erd
oa_jubilaeum_1640,body,1517,0,True,140,Die Hebreer/ weil ſie ſo fron,die hebreer weil ſie ſo fron,die hebreer weil sie so fron
oa_jubilaeum_1640,body,1518,0,True,140,Hielten die recht Religion/,hielten die recht religion,hielten die recht religion
oa_jubilaeum_1640,body,1519,0,True,140,Die Griechen/ weil ſie mit Verſtand,die griechen weil ſie mit verſtand,die griechen weil sie mit uerstand
oa_jubilaeum_1640,body,1520,0,True,140,Die freyen Kuͤnſt machten bekant/,die freyen kuͤnſt machten bekant,die freyen kunst machten bekant
oa_jubilaeum_1640,body,1521,0,True,140,Die Lateiner/ dieweil ſie frey,die lateiner dieweil ſie frey,die lateiner dieweil sie frey
oa_jubilaeum_1640,body,1522,0,True,140,Ordneten Recht vnd Policey.,ordneten recht vnd policey,ordneten recht und policey
oa_jubilaeum_1640,body,1523,0,True,140,Aber jetzund zu dieſer Zeit,aber jetzund zu dieſer zeit,aber ietzund zu dieser zeit
oa_jubilaeum_1640,body,1524,0,True,140,Werden ſie uͤbertroffen weit/,werden ſie uͤbertroffen weit,werden sie ubertroffen weit
oa_jubilaeum_1640,body,1525,0,True,140,Von Teutſcher Nation ſo werth/,von teutſcher nation ſo werth,uon teutscher nation so werth
oa_jubilaeum_1640,body,1526,0,True,140,Weil dieſelbig auff dieſer Erd,weil dieſelbig auff dieſer erd,weil dieselbig auff dieser erd
oa_jubilaeum_1640,body,1527,0,True,140,Erfunden hat mit Sinnen frey/,erfunden hat mit sinnen frey,erfunden hat mit sinnen frey
oa_jubilaeum_1640,body,1528,0,True,140,Die Edle Kunſt Buchdruckerey:,die edle kunſt buchdruckerey,die edle kunst buchdruckerey
oa_jubilaeum_1640,body,1529,0,True,141,Durch welche diß alls wird erhaltn/,durch welche diß alls wird erhaltn,durch welche diss alls wird erhaltn
oa_jubilaeum_1640,body,1530,0,True,141,Was ſonſt erfunden habn die Altn.,was ſonſt erfunden habn die altn,was sonst erfunden habn die altn
oa_jubilaeum_1640,body,1531,0,True,141,Denn was wuͤſt man von Kuͤnſten frey/,denn was wuͤſt man von kuͤnſten frey,denn was wust man uon kunsten frey
oa_jubilaeum_1640,body,1532,0,True,141,Religion vnd Policey/,religion vnd policey,religion und policey
oa_jubilaeum_1640,body,1533,0,True,141,Von Recht/ Gericht/ ja Zucht vnd Ehr/,von recht gericht ja zucht vnd ehr,uon recht gericht ia zucht und ehr
oa_jubilaeum_1640,body,1534,0,True,141,Wo die Kunſt Druckerey nicht wer?,wo die kunſt druckerey nicht wer,wo die kunst druckerey nicht wer
oa_jubilaeum_1640,body,1535,0,True,141,Welche das alles bringt an Tag/,welche das alles bringt an tag,welche das alles bringt an tag
oa_jubilaeum_1640,body,1536,0,True,141,Was finden man vnd haben mag/,was finden man vnd haben mag,was finden man und haben mag
oa_jubilaeum_1640,body,1537,0,True,141,Jn Hebreiſcher Sprachen rein/,jn hebreiſcher sprachen rein,in hebreischer sprachen rein
oa_jubilaeum_1640,body,1538,0,True,141,Jm Griechiſchen vnd im Latein/,jm griechiſchen vnd im latein,im griechischen und im latein
oa_jubilaeum_1640,body,1539,0,True,141,Daß wol die Druckerey ſo fein/,daß wol die druckerey ſo fein,dass wol die druckerey so fein
oa_jubilaeum_1640,body,1540,0,True,141,Mag aller Kuͤnſte Mutter ſeyn/,mag aller kuͤnſte mutter ſeyn,mag aller kunste mutter seyn
oa_jubilaeum_1640,body,1541,0,True,141,Dieweil ſie bringt an Tag geſchwind/,dieweil ſie bringt an tag geſchwind,dieweil sie bringt an tag geschwind
oa_jubilaeum_1640,body,1542,0,True,141,Was menſchliche Vernunfft erfind/,was menſchliche vernunfft erfind,was menschliche uernunfft erfind
oa_jubilaeum_1640,body,1543,0,True,141,Darumb ſie auch zu jeder Friſt,darumb ſie auch zu jeder friſt,darumb sie auch zu ieder frist
oa_jubilaeum_1640,body,1544,0,True,141,Ein Edle Gabe GOTTES iſt/,ein edle gabe gottes iſt,ein edle gabe gottes ist
oa_jubilaeum_1640,body,1545,0,True,141,Die GOTT zu erſt im Teutſchen Land/,die gott zu erſt im teutſchen land,die gott zu erst im teutschen land
oa_jubilaeum_1640,body,1546,0,True,141,Zu Nutz vns/ hat gemacht bekand.,zu nutz vns hat gemacht bekand,zu nutz uns hat gemacht bekand
oa_jubilaeum_1640,body,1547,0,True,141,Denn als nach der Gburt Chriſti war,denn als nach der gburt chriſti war,denn als nach der gburt christi war
oa_jubilaeum_1640,body,1548,0,True,141,Das vierzehnhundert viertzigſt Jahr/,das vierzehnhundert viertzigſt jahr,das uierzehnhundert uiertzigst iahr
oa_jubilaeum_1640,body,1549,0,True,141,Johann Fauſtus von Teutſchem Blut/,johann fauſtus von teutſchem blut,iohann faustus uon teutschem blut
oa_jubilaeum_1640,body,1550,0,True,141,Vnd Peter Schoͤffer fromm vnd gut/,vnd peter schoͤffer fromm vnd gut,und peter schoffer fromm und gut
oa_jubilaeum_1640,body,1551,0,True,141,Zwar machten den erſten Anfang/,zwar machten den erſten anfang,zwar machten den ersten anfang
oa_jubilaeum_1640,body,1552,0,True,141,Doch hatt es nicht ſeinen Fortgang:,doch hatt es nicht ſeinen fortgang,doch hatt es nicht seinen fortgang
oa_jubilaeum_1640,body,1553,0,True,141,Biß Johann Guttenberg erkohrn/,biß johann guttenberg erkohrn,biss iohann guttenberg erkohrn
oa_jubilaeum_1640,body,1554,0,True,141,Zu Straßburg Edles Stamms geborn/,zu straßburg edles stamms geborn,zu strassburg edles stamms geborn
oa_jubilaeum_1640,body,1555,0,True,141,Mit ſcharffem Sinn jhm recht nachdacht/,mit ſcharffem sinn jhm recht nachdacht,mit scharffem sinn ihm recht nachdacht
oa_jubilaeum_1640,body,1556,0,True,141,Vnd dieſe Kunſt ins Werck hat bracht/,vnd dieſe kunſt ins werck hat bracht,und diese kunst ins werck hat bracht
oa_jubilaeum_1640,body,1557,0,True,141,Darauff er dann mit groſſem Lob/,darauff er dann mit groſſem lob,darauff er dann mit grossem lob
oa_jubilaeum_1640,body,1558,0,True,141,Zu Maͤyntz gemacht die erſte Prob/,zu maͤyntz gemacht die erſte prob,zu mayntz gemacht die erste prob
oa_jubilaeum_1640,body,1559,0,True,141,Vnd dadurch auch erlanget hat/,vnd dadurch auch erlanget hat,und dadurch auch erlanget hat
oa_jubilaeum_1640,body,1560,0,True,141,Daß Kaͤyſerliche Majeſtat/,daß kaͤyſerliche majeſtat,dass kayserliche maiestat
oa_jubilaeum_1640,body,1561,0,True,141,Kaͤyſer Fridrich der Dritt genant/,kaͤyſer fridrich der dritt genant,kayser fridrich der dritt genant
oa_jubilaeum_1640,body,1562,0,True,141,Als dieſe Kunſt jhm ward bekant/,als dieſe kunſt jhm ward bekant,als diese kunst ihm ward bekant
oa_jubilaeum_1640,body,1563,0,True,141,Die Druckerey privilegirt/,die druckerey privilegirt,die druckerey priuilegirt
oa_jubilaeum_1640,body,1564,0,True,141,Vnd hat mit Gnaden ſo geziert/,vnd hat mit gnaden ſo geziert,und hat mit gnaden so geziert
oa_jubilaeum_1640,body,1565,0,True,142,Daß die Drucker im Roͤmſchen Reich,daß die drucker im roͤmſchen reich,dass die drucker im romschen reich
oa_jubilaeum_1640,body,1566,0,True,142,Dem Adel tragen moͤchten gleich,dem adel tragen moͤchten gleich,dem adel tragen mochten gleich
oa_jubilaeum_1640,body,1567,0,True,142,Silber vnd Gold mit Ehren frey/,silber vnd gold mit ehren frey,silber und gold mit ehren frey
oa_jubilaeum_1640,body,1568,0,True,142,So hoch hielt man die Druckerey:,so hoch hielt man die druckerey,so hoch hielt man die druckerey
oa_jubilaeum_1640,body,1569,0,True,142,Die ward von Tag zu Tag bekant/,die ward von tag zu tag bekant,die ward uon tag zu tag bekant
oa_jubilaeum_1640,body,1570,0,True,142,Daß ſie auch kam in andre Land,daß ſie auch kam in andre land,dass sie auch kam in andre land
oa_jubilaeum_1640,body,1571,0,True,142,Von Teutſchen. Denn nach dreyſſig Jahrn,von teutſchen denn nach dreyſſig jahrn,uon teutschen denn nach dreyssig iahrn
oa_jubilaeum_1640,body,1572,0,True,142,Conrad German/ der Kunſt erfahrn/,conrad german der kunſt erfahrn,conrad german der kunst erfahrn
oa_jubilaeum_1640,body,1573,0,True,142,Bracht ſie gen Rom in guten Brauch/,bracht ſie gen rom in guten brauch,bracht sie gen rom in guten brauch
oa_jubilaeum_1640,body,1574,0,True,142,Sixt Ruſſinger von Straßburg auch,sixt ruſſinger von straßburg auch,sixt russinger uon strassburg auch
oa_jubilaeum_1640,body,1575,0,True,142,Sie brachte gen Neapolis/,sie brachte gen neapolis,sie brachte gen neapolis
oa_jubilaeum_1640,body,1576,0,True,142,Vnd richtet ſie da an gewiß.,vnd richtet ſie da an gewiß,und richtet sie da an gewiss
oa_jubilaeum_1640,body,1577,0,True,142,Nicolaus Jenſon zugleich,nicolaus jenſon zugleich,nicolaus ienson zugleich
oa_jubilaeum_1640,body,1578,0,True,142,Der brachte die Kunſt in Franckreich.,der brachte die kunſt in franckreich,der brachte die kunst in franckreich
oa_jubilaeum_1640,body,1579,0,True,142,Vnd ward alſo/ folgender Zeit/,vnd ward alſo folgender zeit,und ward also folgender zeit
oa_jubilaeum_1640,body,1580,0,True,142,Die Druckerey weit ausgebreit/,die druckerey weit ausgebreit,die druckerey weit ausgebreit
oa_jubilaeum_1640,body,1581,0,True,142,Vnd mit mancherley Schrifft geziert/,vnd mit mancherley schrifft geziert,und mit mancherley schrifft geziert
oa_jubilaeum_1640,body,1582,0,True,142,Daher ſie dann auch noch floriert/,daher ſie dann auch noch floriert,daher sie dann auch noch floriert
oa_jubilaeum_1640,body,1583,0,True,142,Zu GOTTES Lob/ durch ſeinen Schutz/,zu gottes lob durch ſeinen schutz,zu gottes lob durch seinen schutz
oa_jubilaeum_1640,body,1584,0,True,142,Dem Menſchlichen Geſchlecht zu Nutz.,dem menſchlichen geſchlecht zu nutz,dem menschlichen geschlecht zu nutz
oa_jubilaeum_1640,body,1585,0,True,142,GOTT wolle ſie erhalten auch/,gott wolle ſie erhalten auch,gott wolle sie erhalten auch
oa_jubilaeum_1640,body,1586,0,True,142,Vnd alle die nach rechtem Brauch,vnd alle die nach rechtem brauch,und alle die nach rechtem brauch
oa_jubilaeum_1640,body,1587,0,True,142,Sie uͤben/ auch ſampt denen alln/,sie uͤben auch ſampt denen alln,sie uben auch sampt denen alln
oa_jubilaeum_1640,body,1588,0,True,142,Die ſolche Kunſt jhn laſſen gfalln/,die ſolche kunſt jhn laſſen gfalln,die solche kunst ihn lassen gfalln
oa_jubilaeum_1640,body,1589,0,True,142,Ja allen auch die dieſer Kunſt,ja allen auch die dieſer kunſt,ia allen auch die dieser kunst
oa_jubilaeum_1640,body,1590,0,True,142,Befoͤrdrung thun mit Lieb vnd Gunſt/,befoͤrdrung thun mit lieb vnd gunſt,befordrung thun mit lieb und gunst
oa_jubilaeum_1640,body,1591,0,True,142,Denen woll GOTT ſein Gnade gebn,denen woll gott ſein gnade gebn,denen woll gott sein gnade gebn
oa_jubilaeum_1640,body,1592,0,True,142,Zu zeitlich vnd ewigem Lebn.,zu zeitlich vnd ewigem lebn,zu zeitlich und ewigem lebn
oa_jubilaeum_1640,body,1593,0,True,142,DEr dieſen Lob-Spruch hat gedicht/,der dieſen lobspruch hat gedicht,der diesen lobspruch hat gedicht
oa_jubilaeum_1640,body,1594,0,True,142,Zu Lob der Druckerey gericht/,zu lob der druckerey gericht,zu lob der druckerey gericht
oa_jubilaeum_1640,body,1595,0,True,142,Derſelb der Druckr-Gſellſchafft gut/,derſelb der druckrgſellſchafft gut,derselb der druckrgsellschafft gut
oa_jubilaeum_1640,body,1596,0,True,142,Gluͤck/ Heyl vnd Wolfahrt wuͤndſchen thut.,gluͤck heyl vnd wolfahrt wuͤndſchen thut,gluck heyl und wolfahrt wundschen thut
oa_jubilaeum_1640,head,1597,0,True,143,Beſchlus.,beſchlus,beschlus
oa_jubilaeum_1640,body,1598,0,True,143,SO biſt vnd bleibeſt du demnach/ O werthe Drucker-Kunſt/ ein guͤldenes Kleinod vnd edele Gabe GOttes/ ſo der Allerhoͤchſte aus Gnaden der Welt zum Valete geſchencket;,so biſt vnd bleibeſt du demnach o werthe druckerkunſt ein guͤldenes kleinod vnd edele gabe gottes ſo der allerhoͤchſte aus gnaden der welt zum valete geſchencket,so bist und bleibest du demnach o werthe druckerkunst ein guldenes kleinod und edele gabe gottes so der allerhochste aus gnaden der welt zum ualete geschencket
oa_jubilaeum_1640,body,1599,0,True,143,Du biſt vnd bleibeſt/ in deinem rechten Gebrauch/ die hellſcheinende Ehren-Fackel/ welche durch die gantze Chriſtenheit leuchtet/ daß alle die jenigen/ ſo im Finſternuͤß vnd Schatten des Todes ſitzen/ den Willen GOttes erkennen/ vnd den Weg zum ewigen Leben finden koͤnnen;,du biſt vnd bleibeſt in deinem rechten gebrauch die hellſcheinende ehrenfackel welche durch die gantze chriſtenheit leuchtet daß alle die jenigen ſo im finſternuͤß vnd schatten des todes ſitzen den willen gottes erkennen vnd den weg zum ewigen leben finden koͤnnen,du bist und bleibest in deinem rechten gebrauch die hellscheinende ehrenfackel welche durch die gantze christenheit leuchtet dass alle die ienigen so im finsternuss und schatten des todes sitzen den willen gottes erkennen und den weg zum ewigen leben finden konnen
oa_jubilaeum_1640,body,1600,0,True,143,Du biſt eine Mithelfferin an der geiſtlichen Seelen Apotheck/ in welcher viel herꝛliche Artzeneyen zubereitet werden/ dadurch die Menſchen an Leib vnd Seele erqvicket/ geſtaͤrcket/ vnd ewig erhalten werden;,du biſt eine mithelfferin an der geiſtlichen seelen apotheck in welcher viel herꝛliche artzeneyen zubereitet werden dadurch die menſchen an leib vnd seele erqvicket geſtaͤrcket vnd ewig erhalten werden,du bist eine mithelfferin an der geistlichen seelen apotheck in welcher uiel herliche artzeneyen zubereitet werden dadurch die menschen an leib und seele erquicket gestarcket und ewig erhalten werden
oa_jubilaeum_1640,body,1601,0,True,143,Du biſt die trewfleiſſige gute Lehr-Meiſterin/ durch welche die ſtudirende Jugend zur Wiſſenſchafft aller guten Kuͤnſte vnd Sprachen eilfertig gelangen kan;,du biſt die trewfleiſſige gute lehrmeiſterin durch welche die ſtudirende jugend zur wiſſenſchafft aller guten kuͤnſte vnd sprachen eilfertig gelangen kan,du bist die trewfleissige gute lehrmeisterin durch welche die studirende iugend zur wissenschafft aller guten kunste und sprachen eilfertig gelangen kan
oa_jubilaeum_1640,body,1602,0,True,143,"Du biſt vnd bleibeſt eine rechte Befoͤrderin der Ehren-Staͤnde/ durch deren Dienſt vnd Huͤlffe ſo viel Hochgelahrte Doctores in allen Faculteten creiret, andere zur Weißheit/ Geſchickligkeit/ Wiſſenſchafft vnd Verſtand gebracht/ zu allerley Aemptern vnd Verrichtungen tuͤchtig gemacht/ vnd durch dieſe alle Staͤnde der Chriſtenheit erbawet vnd erhalten werden;",du biſt vnd bleibeſt eine rechte befoͤrderin der ehrenstaͤnde durch deren dienſt vnd huͤlffe ſo viel hochgelahrte doctores in allen faculteten creiret andere zur weißheit geſchickligkeit wiſſenſchafft vnd verſtand gebracht zu allerley aemptern vnd verrichtungen tuͤchtig gemacht vnd durch dieſe alle staͤnde der chriſtenheit erbawet vnd erhalten werden,du bist und bleibest eine rechte beforderin der ehrenstande durch deren dienst und hulffe so uiel hochgelahrte doctores in allen faculteten creiret andere zur weissheit geschickligkeit wissenschafft und uerstand gebracht zu allerley aemptern und uerrichtungen tuchtig gemacht und durch diese alle stande der christenheit erbawet und erhalten werden
oa_jubilaeum_1640,body,1603,0,True,143,Du biſt vnd bleibeſt die rechte Stuͤtze/ die allen andaͤchtigen Chriſtlichen Betern die Haͤnde (wie Aaron vnd Hur dem Moſi) empor helt/ daß von GOTT dem HERRN ein geiſtlicher Sieg nach dem andern/ wider den Ertz-Feind den Teuffel/ erhalten wird;,du biſt vnd bleibeſt die rechte stuͤtze die allen andaͤchtigen chriſtlichen betern die haͤnde wie aaron vnd hur dem moſi empor helt daß von gott dem herrn ein geiſtlicher sieg nach dem andern wider den ertzfeind den teuffel erhalten wird,du bist und bleibest die rechte stutze die allen andachtigen christlichen betern die hande wie aaron und hur dem mosi empor helt dass uon gott dem herrn ein geistlicher sieg nach dem andern wider den ertzfeind den teuffel erhalten wird
oa_jubilaeum_1640,body,1604,0,True,144,Du biſt vnd bleibeſt die geſegnete Dienerin des HErrn/ wofern du in deiner rechten Vbung verbleibeſt/ vnd nicht mißgebrauchet wirſt.,du biſt vnd bleibeſt die geſegnete dienerin des herrn wofern du in deiner rechten vbung verbleibeſt vnd nicht mißgebrauchet wirſt,du bist und bleibest die gesegnete dienerin des herrn wofern du in deiner rechten ubung uerbleibest und nicht missgebrauchet wirst
oa_jubilaeum_1640,body,1605,0,True,144,Vnd es muͤſſen geſegnet ſeyn/ die dich ſegnen; Ewig muͤſſe wolgehen/ denen die dir guts vnd Trewe beweiſen; GOTT muͤſſe lieb vnd werth haben/ die dich lieben vnd ehren; Alle deine Wolthaͤter muͤſſen mit ewiger Wolthat/ Gnade/ Guͤte vnd Trewe von GOtt belohnet werden.,vnd es muͤſſen geſegnet ſeyn die dich ſegnen ewig muͤſſe wolgehen denen die dir guts vnd trewe beweiſen gott muͤſſe lieb vnd werth haben die dich lieben vnd ehren alle deine wolthaͤter muͤſſen mit ewiger wolthat gnade guͤte vnd trewe von gott belohnet werden,und es mussen gesegnet seyn die dich segnen ewig musse wolgehen denen die dir guts und trewe beweisen gott musse lieb und werth haben die dich lieben und ehren alle deine wolthater mussen mit ewiger wolthat gnade gute und trewe uon gott belohnet werden
oa_jubilaeum_1640,body,1606,0,True,144,Vnd du/ O werthes Drucker-Volck/ frewe dich heute deines ſo Chriſtlichen vnd heiligen Beruffs/ vnd laß dich die Hitze des Creutzes/ bey jetzigen bekuͤmmerlichen Zeiten/ vnd aller Anfechtung/ nicht befrembden;,vnd du o werthes druckervolck frewe dich heute deines ſo chriſtlichen vnd heiligen beruffs vnd laß dich die hitze des creutzes bey jetzigen bekuͤmmerlichen zeiten vnd aller anfechtung nicht befrembden,und du o werthes druckeruolck frewe dich heute deines so christlichen und heiligen beruffs und lass dich die hitze des creutzes bey ietzigen bekummerlichen zeiten und aller anfechtung nicht befrembden
oa_jubilaeum_1640,body,1607,0,True,144,Erfrewe dich/ daß/ wenn du thuſt nach dem heiligen Worte Gottes/ welches du durch oͤffentlichen Druck zu leſen befoͤrderſt/ dir deine Muͤhe/ Sorg vnd Arbeit ewig wol belohnet werden wird;,erfrewe dich daß wenn du thuſt nach dem heiligen worte gottes welches du durch oͤffentlichen druck zu leſen befoͤrderſt dir deine muͤhe sorg vnd arbeit ewig wol belohnet werden wird,erfrewe dich dass wenn du thust nach dem heiligen worte gottes welches du durch offentlichen druck zu lesen beforderst dir deine muhe sorg und arbeit ewig wol belohnet werden wird
oa_jubilaeum_1640,body,1608,0,True,144,Erfrewe dich/ daß deine Arbeit nicht vmbſonſt vnd vergebens/ ſondern zu groſſem Nutz der gantzen Chriſtenheit gereichet;,erfrewe dich daß deine arbeit nicht vmbſonſt vnd vergebens ſondern zu groſſem nutz der gantzen chriſtenheit gereichet,erfrewe dich dass deine arbeit nicht umbsonst und uergebens sondern zu grossem nutz der gantzen christenheit gereichet
oa_jubilaeum_1640,body,1609,0,True,144,Erfrewe dich/ daß du einen groſſen Patron vnd Schutzherꝛn im Himmel habeſt/ nemlich den HERRN der Herꝛligkeit/ der dich wider alle deine Feinde vnd Widerwertigen wol ſchuͤtzen koͤnne.,erfrewe dich daß du einen groſſen patron vnd schutzherꝛn im himmel habeſt nemlich den herrn der herꝛligkeit der dich wider alle deine feinde vnd widerwertigen wol ſchuͤtzen koͤnne,erfrewe dich dass du einen grossen patron und schutzhern im himmel habest nemlich den herrn der herligkeit der dich wider alle deine feinde und widerwertigen wol schutzen konne
oa_jubilaeum_1640,body,1610,0,True,144,Zu deſſen Ehre brauche deine Dienſte mit Frewden; zu deſſen Lob ſey vnverdroſſen/ demſelben zu ſtetem Danck jubilire vnd frolocke/ vnd vergiß ja nicht/ daß der HErꝛ groſſe Dinge durch dich an ſeiner werthen Chriſtenheit gethan habe/ ſey verſichert ſeiner Gnade/ daß/ wenn du in dieſem deinem Beruff dein Chriſtenthumb dir leſſeſt einen Ernſt ſeyn/ du dermal eins im Himmel/ mit allen heiligen Engeln vnd Außerwehlten GOttes/ ewig jubiliren/ triumphiren/ vnd dich erfrewen wirſt/ wenn dich der groſſe Hauß-Herꝛ/ als ſeinen getrewen Knecht/ einfuͤhren wird zur Frewde/ Glori vnd Herꝛligkeit/ welche wird waͤren von Ewigkeit zu Ewigkeit/ vnd ohne einiges ENDE.,zu deſſen ehre brauche deine dienſte mit frewden zu deſſen lob ſey vnverdroſſen demſelben zu ſtetem danck jubilire vnd frolocke vnd vergiß ja nicht daß der herꝛ groſſe dinge durch dich an ſeiner werthen chriſtenheit gethan habe ſey verſichert ſeiner gnade daß wenn du in dieſem deinem beruff dein chriſtenthumb dir leſſeſt einen ernſt ſeyn du dermal eins im himmel mit allen heiligen engeln vnd außerwehlten gottes ewig jubiliren triumphiren vnd dich erfrewen wirſt wenn dich der groſſe haußherꝛ als ſeinen getrewen knecht einfuͤhren wird zur frewde glori vnd herꝛligkeit welche wird waͤren von ewigkeit zu ewigkeit vnd ohne einiges ende,zu dessen ehre brauche deine dienste mit frewden zu dessen lob sey unuerdrossen demselben zu stetem danck iubilire und frolocke und uergiss ia nicht dass der her grosse dinge durch dich an seiner werthen christenheit gethan habe sey uersichert seiner gnade dass wenn du in diesem deinem beruff dein christenthumb dir lessest einen ernst seyn du dermal eins im himmel mit allen heiligen engeln und ausserwehlten gottes ewig iubiliren triumphiren und dich erfrewen wirst wenn dich der grosse haussher als seinen getrewen knecht einfuhren wird zur frewde glori und herligkeit welche wird waren uon ewigkeit zu ewigkeit und ohne einiges ende
