doc_id,block_type,para_id,sent_id,is_para_final,page_n,textstring_orig,textstring_rich,textstring_simple
12149,body,0,0,False,,"Qui legerit ea, quae in variis scripsi libellis, videbit me in oppositorum coincidentia crebrius versatum quodque nisus sum frequenter iuxta intellectualem visionem, quae excedit rationis vigorem, concludere.",qui legerit ea quae in variis scripsi libellis videbit me in oppositorum coincidentia crebrius versatum quodque nisus sum frequenter iuxta intellectualem visionem quae excedit rationis vigorem concludere,qui legerit ea quae in uariis scripsi libellis uidebit me in oppositorum coincidentia crebrius uersatum quodque nisus sum frequenter iuxta intellectualem uisionem quae excedit rationis uigorem concludere
12149,body,0,1,False,,"Unde ut quam clare legenti conceptum depromam, speculum et aenigma subiciam, quo se infirmus cuiusque intellectus in ultimo scibilium iuvet et dirigat, et graviores doctissimorum in difficilibus ponam paucas sententias et opiniones, ut applicato speculo et aenigmate visione intellectuali iudex fias, quantum quisque propinquius ad veritatem accedat.",unde ut quam clare legenti conceptum depromam speculum et aenigma subiciam quo se infirmus cuiusque intellectus in ultimo scibilium iuvet et dirigat et graviores doctissimorum in difficilibus ponam paucas sententias et opiniones ut applicato speculo et aenigmate visione intellectuali iudex fias quantum quisque propinquius ad veritatem accedat,unde ut quam clare legenti conceptum depromam speculum et aenigma subiciam quo se infirmus cuiusque intellectus in ultimo scibilium iuuet et dirigat et grauiores doctissimorum in difficilibus ponam paucas sententias et opiniones ut applicato speculo et aenigmate uisione intellectuali iudex fias quantum quisque propinquius ad ueritatem accedat
12149,body,0,2,False,,"Et quamvis videatur libellus iste brevis, tamen dat sufficientem praxim, quomodo ex aenigmate ad visionem in omni altitudine possit pertingi.",et quamvis videatur libellus iste brevis tamen dat sufficientem praxim quomodo ex aenigmate ad visionem in omni altitudine possit pertingi,et quamuis uideatur libellus iste breuis tamen dat sufficientem praxim quomodo ex aenigmate ad uisionem in omni altitudine possit pertingi
12149,body,0,3,True,,Erit etiam in cuiusque potestate modum qui subicitur applicandi et extendendi ad quaeque indaganda.,erit etiam in cuiusque potestate modum qui subicitur applicandi et extendendi ad quaeque indaganda,erit etiam in cuiusque potestate modum qui subicitur applicandi et extendendi ad quaeque indaganda
12149,body,1,0,False,,"Causa autem, cur tam Plato in Epistulis quam Dionysius magnus Areopagita prohibuerunt haec mystica his, qui elevationes intellectuales ignorant, propalari, est quia illis nihil magis risu dignum quam haec alta videbuntur.",causa autem cur tam plato in epistulis quam dionysius magnus areopagita prohibuerunt haec mystica his qui elevationes intellectuales ignorant propalari est quia illis nihil magis risu dignum quam haec alta videbuntur,causa autem cur tam plato in epistulis quam dionysius magnus areopagita prohibuerunt haec mystica his qui eleuationes intellectuales ignorant propalari est quia illis nihil magis risu dignum quam haec alta uidebuntur
12149,body,1,1,False,,"Animalis enim homo haec divina non percipit, sed exercitatum habentibus in his intellectum nihil desiderabilius occurret.",animalis enim homo haec divina non percipit sed exercitatum habentibus in his intellectum nihil desiderabilius occurret,animalis enim homo haec diuina non percipit sed exercitatum habentibus in his intellectum nihil desiderabilius occurret
12149,body,1,2,False,,"Si igitur tibi prima facie haec insipida deliramenta videbuntur, scias te deficere.",si igitur tibi prima facie haec insipida deliramenta videbuntur scias te deficere,si igitur tibi prima facie haec insipida deliramenta uidebuntur scias te deficere
12149,body,1,3,False,,"Et hoc si aliquantulum maximo sciendi desiderio continuaveris meditationes et praxim ab aliquo, qui tibi aenigma declaret, acceperis, eo pervenies quod nihil huic luci antepones et intellectualem thesaurum repperisse gaudebis; et hoc paucissimis diebus experieris.",et hoc si aliquantulum maximo sciendi desiderio continuaveris meditationes et praxim ab aliquo qui tibi aenigma declaret acceperis eo pervenies quod nihil huic luci antepones et intellectualem thesaurum repperisse gaudebis et hoc paucissimis diebus experieris,et hoc si aliquantulum maximo sciendi desiderio continuaueris meditationes et praxim ab aliquo qui tibi aenigma declaret acceperis eo peruenies quod nihil huic luci antepones et intellectualem thesaurum repperisse gaudebis et hoc paucissimis diebus experieris
12149,body,1,4,True,,"Nunc ad rem descendens primum exponam, cur imposui libello nomen Beryllus et quid intendam.",nunc ad rem descendens primum exponam cur imposui libello nomen beryllus et quid intendam,nunc ad rem descendens primum exponam cur imposui libello nomen beryllus et quid intendam
12149,body,2,0,False,,"Beryllus lapis est lucidus, albus et transparens.",beryllus lapis est lucidus albus et transparens,beryllus lapis est lucidus albus et transparens
12149,body,2,1,False,,"Cui datur forma concava pariter et convexa, et per ipsum videns attingit prius invisibile.",cui datur forma concava pariter et convexa et per ipsum videns attingit prius invisibile,cui datur forma concaua pariter et conuexa et per ipsum uidens attingit prius inuisibile
12149,body,2,2,False,,"Intellectualibus oculis si intellectualis beryllus, qui formam habeat maximam pariter et minimam, adaptatur, per eius medium attingitur indivisibile omnium principium.",intellectualibus oculis si intellectualis beryllus qui formam habeat maximam pariter et minimam adaptatur per eius medium attingitur indivisibile omnium principium,intellectualibus oculis si intellectualis beryllus qui formam habeat maximam pariter et minimam adaptatur per eius medium attingitur indiuisibile omnium principium
12149,body,2,3,True,,"Quomodo autem hoc fiat, propono quanto clarius possum enodare praemissis quibusdam ad hoc opportunis.",quomodo autem hoc fiat propono quanto clarius possum enodare praemissis quibusdam ad hoc opportunis,quomodo autem hoc fiat propono quanto clarius possum enodare praemissis quibusdam ad hoc opportunis
12149,body,3,0,False,,"Oportet te primum attendere unum esse primum principium, et id nominatur secundum Anaxagoram intellectus, a quo omnia in esse prodeunt, ut se ipsum manifestet.",oportet te primum attendere unum esse primum principium et id nominatur secundum anaxagoram intellectus a quo omnia in esse prodeunt ut se ipsum manifestet,oportet te primum attendere unum esse primum principium et id nominatur secundum anaxagoram intellectus a quo omnia in esse prodeunt ut se ipsum manifestet
12149,body,3,1,False,,Intellectus enim lucem suae intelligentiae delectatur ostendere et communicare.,intellectus enim lucem suae intelligentiae delectatur ostendere et communicare,intellectus enim lucem suae intelligentiae delectatur ostendere et communicare
12149,body,3,2,False,,"Conditor igitur intellectus, quia se finem facit suorum operum, ut scilicet gloria sua manifestetur, creat cognoscitivas substantias, quae veritatem ipsius videre possint, et illis se praebet ipse conditor modo quo capere possunt visibilem.",conditor igitur intellectus quia se finem facit suorum operum ut scilicet gloria sua manifestetur creat cognoscitivas substantias quae veritatem ipsius videre possint et illis se praebet ipse conditor modo quo capere possunt visibilem,conditor igitur intellectus quia se finem facit suorum operum ut scilicet gloria sua manifestetur creat cognoscitiuas substantias quae ueritatem ipsius uidere possint et illis se praebet ipse conditor modo quo capere possunt uisibilem
12149,body,3,3,True,,"Hoc scire est primum, in quo complicite omnia dicenda continentur.",hoc scire est primum in quo complicite omnia dicenda continentur,hoc scire est primum in quo complicite omnia dicenda continentur
12149,body,4,0,False,,"Secundo scias, quomodo id, quod non est verum neque verisimile, non est.",secundo scias quomodo id quod non est verum neque verisimile non est,secundo scias quomodo id quod non est uerum neque uerisimile non est
12149,body,4,1,False,,"Omne autem quod est aliter est in alio quam in se. Est enim in se ut in suo vero esse, in alio autem ut in suo esse verisimili, ut calidum in se est ut in suo vero esse et in calefacto est per similitudinem suae caliditatis.",omne autem quod est aliter est in alio quam in se est enim in se ut in suo vero esse in alio autem ut in suo esse verisimili ut calidum in se est ut in suo vero esse et in calefacto est per similitudinem suae caliditatis,omne autem quod est aliter est in alio quam in se est enim in se ut in suo uero esse in alio autem ut in suo esse uerisimili ut calidum in se est ut in suo uero esse et in calefacto est per similitudinem suae caliditatis
12149,body,4,2,False,,"Sunt autem tres modi cognoscitivi, scilicet sensibilis, intellectualis et intelligentialis, qui dicuntur caeli secundum Augustinum.",sunt autem tres modi cognoscitivi scilicet sensibilis intellectualis et intelligentialis qui dicuntur caeli secundum augustinum,sunt autem tres modi cognoscitiui scilicet sensibilis intellectualis et intelligentialis qui dicuntur caeli secundum augustinum
12149,body,4,3,False,,"Sensibile in sensu est per suam sensibilem speciem sive similitudinem, et sensus in sensibili per suam sensitivam speciem.",sensibile in sensu est per suam sensibilem speciem sive similitudinem et sensus in sensibili per suam sensitivam speciem,sensibile in sensu est per suam sensibilem speciem siue similitudinem et sensus in sensibili per suam sensitiuam speciem
12149,body,4,4,False,,"Sic intelligibile in intellectu per suam intelligibilem similitudinem, et intellectus in intelligibili per suam intellectivam similitudinem.",sic intelligibile in intellectu per suam intelligibilem similitudinem et intellectus in intelligibili per suam intellectivam similitudinem,sic intelligibile in intellectu per suam intelligibilem similitudinem et intellectus in intelligibili per suam intellectiuam similitudinem
12149,body,4,5,False,,Ita intelligentiale in intelligentia et e converso.,ita intelligentiale in intelligentia et e converso,ita intelligentiale in intelligentia et e conuerso
12149,body,4,6,False,,"Illi termini te non turbent, quia aliquando intelligentiale nominatur intellectibile.",illi termini te non turbent quia aliquando intelligentiale nominatur intellectibile,illi termini te non turbent quia aliquando intelligentiale nominatur intellectibile
12149,body,4,7,True,,Ego autem nomino sic propter intelligentias.,ego autem nomino sic propter intelligentias,ego autem nomino sic propter intelligentias
12149,body,5,0,False,,Tertio notabis dictum Protagorae hominem esse rerum mensuram.,tertio notabis dictum protagorae hominem esse rerum mensuram,tertio notabis dictum protagorae hominem esse rerum mensuram
12149,body,5,1,False,,"Nam cum sensu mensurat sensibilia, cum intellectu intelligibilia, et quae sunt supra intelligibilia in excessu attingit.",nam cum sensu mensurat sensibilia cum intellectu intelligibilia et quae sunt supra intelligibilia in excessu attingit,nam cum sensu mensurat sensibilia cum intellectu intelligibilia et quae sunt supra intelligibilia in excessu attingit
12149,body,5,2,False,,Et hoc facit ex praemissis.,et hoc facit ex praemissis,et hoc facit ex praemissis
12149,body,5,3,False,,"Nam dum scit animam cognoscitivam esse finem cognoscibilium, scit ex potentia sensitiva sensibilia sic esse debere, sicut sentiri possunt; ita de intelligibilibus, ut intelligi possunt, excedentia autem ita, ut excedant.",nam dum scit animam cognoscitivam esse finem cognoscibilium scit ex potentia sensitiva sensibilia sic esse debere sicut sentiri possunt ita de intelligibilibus ut intelligi possunt excedentia autem ita ut excedant,nam dum scit animam cognoscitiuam esse finem cognoscibilium scit ex potentia sensitiua sensibilia sic esse debere sicut sentiri possunt ita de intelligibilibus ut intelligi possunt excedentia autem ita ut excedant
12149,body,5,4,True,,Unde in se homo reperit quasi in ratione mensurante omnia creata.,unde in se homo reperit quasi in ratione mensurante omnia creata,unde in se homo reperit quasi in ratione mensurante omnia creata
12149,body,6,0,False,,Quarto adverte Hermetem Trismegistum dicere hominem esse secundum deum.,quarto adverte hermetem trismegistum dicere hominem esse secundum deum,quarto aduerte hermetem trismegistum dicere hominem esse secundum deum
12149,body,6,1,False,,"Nam sicut deus est creator entium realium et naturalium formarum, ita homo rationalium entium et formarum artificialium, quae non sunt nisi sui intellectus similitudines sicut creaturae dei divini intellectus similitudines.",nam sicut deus est creator entium realium et naturalium formarum ita homo rationalium entium et formarum artificialium quae non sunt nisi sui intellectus similitudines sicut creaturae dei divini intellectus similitudines,nam sicut deus est creator entium realium et naturalium formarum ita homo rationalium entium et formarum artificialium quae non sunt nisi sui intellectus similitudines sicut creaturae dei diuini intellectus similitudines
12149,body,6,2,False,,"Ideo homo habet intellectum, qui est similitudo divini intellectus in creando.",ideo homo habet intellectum qui est similitudo divini intellectus in creando,ideo homo habet intellectum qui est similitudo diuini intellectus in creando
12149,body,6,3,False,,"Hinc creat similitudines similitudinum divini intellectus, sicut sunt extrinsecae artificiales figurae similitudines intrinsecae naturalis formae.",hinc creat similitudines similitudinum divini intellectus sicut sunt extrinsecae artificiales figurae similitudines intrinsecae naturalis formae,hinc creat similitudines similitudinum diuini intellectus sicut sunt extrinsecae artificiales figurae similitudines intrinsecae naturalis formae
12149,body,6,4,False,,"Unde mensurat suum intellectum per potentiam operum suorum et ex hoc mensurat divinum intellectum, sicut veritas mensuratur per imaginem.",unde mensurat suum intellectum per potentiam operum suorum et ex hoc mensurat divinum intellectum sicut veritas mensuratur per imaginem,unde mensurat suum intellectum per potentiam operum suorum et ex hoc mensurat diuinum intellectum sicut ueritas mensuratur per imaginem
12149,body,6,5,False,,Et haec est aenigmatica scientia.,et haec est aenigmatica scientia,et haec est aenigmatica scientia
12149,body,6,6,True,,"Habet autem visum subtilissimum, per quem videt aenigma esse veritatis aenigma, ut sciat hanc esse veritatem, quae non est figurabilis in aliquo aenigmate.",habet autem visum subtilissimum per quem videt aenigma esse veritatis aenigma ut sciat hanc esse veritatem quae non est figurabilis in aliquo aenigmate,habet autem uisum subtilissimum per quem uidet aenigma esse ueritatis aenigma ut sciat hanc esse ueritatem quae non est figurabilis in aliquo aenigmate
12149,body,7,0,False,,Ad rem igitur his paucis praemissis descendentes incipiamus a primo principio.,ad rem igitur his paucis praemissis descendentes incipiamus a primo principio,ad rem igitur his paucis praemissis descendentes incipiamus a primo principio
12149,body,7,1,False,,"Deridebat enim eos Indus ille, quem Socrates interrogabat, qui sine deo aliquid conabantur intelligere, cum sit omnium causa et auctor.",deridebat enim eos indus ille quem socrates interrogabat qui sine deo aliquid conabantur intelligere cum sit omnium causa et auctor,deridebat enim eos indus ille quem socrates interrogabat qui sine deo aliquid conabantur intelligere cum sit omnium causa et auctor
12149,body,7,2,False,,Volumus autem ipsum ut principium indivisibile videre.,volumus autem ipsum ut principium indivisibile videre,uolumus autem ipsum ut principium indiuisibile uidere
12149,body,7,3,False,,"Applicemus beryllum mentalibus oculis et videamus per maximum, quo nihil maius esse potest, pariter et minimum, quo nihil minus esse potest, et videmus principium ante omne magnum et parvum, penitus simplex et indivisibile omni modo divisionis, quo quaecumque magna et parva sunt divisibilia.",applicemus beryllum mentalibus oculis et videamus per maximum quo nihil maius esse potest pariter et minimum quo nihil minus esse potest et videmus principium ante omne magnum et parvum penitus simplex et indivisibile omni modo divisionis quo quaecumque magna et parva sunt divisibilia,applicemus beryllum mentalibus oculis et uideamus per maximum quo nihil maius esse potest pariter et minimum quo nihil minus esse potest et uidemus principium ante omne magnum et paruum penitus simplex et indiuisibile omni modo diuisionis quo quaecumque magna et parua sunt diuisibilia
12149,body,7,4,False,,"Ac si per beryllum intueamur inaequalitatem, erit aequalitas indivisibilis obiectum, et per absolutam similitudinem videbimus principium indivisibile omni modo divisionis, quo similitudo est divisibilis seu variabilis, scilicet veritatem.",ac si per beryllum intueamur inaequalitatem erit aequalitas indivisibilis obiectum et per absolutam similitudinem videbimus principium indivisibile omni modo divisionis quo similitudo est divisibilis seu variabilis scilicet veritatem,ac si per beryllum intueamur inaequalitatem erit aequalitas indiuisibilis obiectum et per absolutam similitudinem uidebimus principium indiuisibile omni modo diuisionis quo similitudo est diuisibilis seu uariabilis scilicet ueritatem
12149,body,7,5,False,,"Nam nullum est aliud obiectum illius visionis nisi veritas, quae videtur per omnem similitudinem maximam pariter et minimam absolutum primum principium omnis suae similitudinis.",nam nullum est aliud obiectum illius visionis nisi veritas quae videtur per omnem similitudinem maximam pariter et minimam absolutum primum principium omnis suae similitudinis,nam nullum est aliud obiectum illius uisionis nisi ueritas quae uidetur per omnem similitudinem maximam pariter et minimam absolutum primum principium omnis suae similitudinis
12149,body,7,6,True,,"Sic si per beryllum videmus divisionem, erit obiectum conexio indivisibilis; ita de proportione et habitudine et pulchritudine et talibus.",sic si per beryllum videmus divisionem erit obiectum conexio indivisibilis ita de proportione et habitudine et pulchritudine et talibus,sic si per beryllum uidemus diuisionem erit obiectum conexio indiuisibilis ita de proportione et habitudine et pulchritudine et talibus
12149,body,8,0,False,,"Huius vide nostrae artis aenigma et recipe calamum ad manus et plica in medio, et sit calamus a b et medium c. Dico principium superficiei et anguli superficialis esse lineam.",huius vide nostrae artis aenigma et recipe calamum ad manus et plica in medio et sit calamus a b et medium c dico principium superficiei et anguli superficialis esse lineam,huius uide nostrae artis aenigma et recipe calamum ad manus et plica in medio et sit calamus a b et medium c dico principium superficiei et anguli superficialis esse lineam
12149,body,8,1,True,,Esto igitur quod calamus,esto igitur quod calamus,esto igitur quod calamus
12149,body,9,0,False,,"sit ut linea et plicetur super c puncto, c b mobilis et moveatur versus c a. In eo motu c b cum c a causat omnes formabiles angulos.",sit ut linea et plicetur super c puncto c b mobilis et moveatur versus c a in eo motu c b cum c a causat omnes formabiles angulos,sit ut linea et plicetur super c puncto c b mobilis et moueatur uersus c a in eo motu c b cum c a causat omnes formabiles angulos
12149,body,9,1,False,,"Numquam autem erit aliquis ita acutus, quin possit esse acutior, quousque c b iungetur c a, neque aliquis ita obtusus, quin possit esse obtusior, quousque c b erit cum c a una continua linea.",numquam autem erit aliquis ita acutus quin possit esse acutior quousque c b iungetur c a neque aliquis ita obtusus quin possit esse obtusior quousque c b erit cum c a una continua linea,numquam autem erit aliquis ita acutus quin possit esse acutior quousque c b iungetur c a neque aliquis ita obtusus quin possit esse obtusior quousque c b erit cum c a una continua linea
12149,body,9,2,False,,"Quando igitur tu vides per beryllum maximum pariter et minimum formabilem angulum, visus non terminabitur in angulo aliquo, sed in simplici linea, quae est principium angulorum, quae est indivisibile principium superficialium angulorum omni modo divisionis, quo anguli sunt divisibiles.",quando igitur tu vides per beryllum maximum pariter et minimum formabilem angulum visus non terminabitur in angulo aliquo sed in simplici linea quae est principium angulorum quae est indivisibile principium superficialium angulorum omni modo divisionis quo anguli sunt divisibiles,quando igitur tu uides per beryllum maximum pariter et minimum formabilem angulum uisus non terminabitur in angulo aliquo sed in simplici linea quae est principium angulorum quae est indiuisibile principium superficialium angulorum omni modo diuisionis quo anguli sunt diuisibiles
12149,body,9,3,True,,"Sicuti igitur hoc vides, ita per speculum in aenigmate videas absolutum primum principium.",sicuti igitur hoc vides ita per speculum in aenigmate videas absolutum primum principium,sicuti igitur hoc uides ita per speculum in aenigmate uideas absolutum primum principium
12149,body,10,0,False,,Attente considera per beryllum ad indivisibile pertingi.,attente considera per beryllum ad indivisibile pertingi,attente considera per beryllum ad indiuisibile pertingi
12149,body,10,1,False,,"Quamdiu enim maximum et minimum sunt duo, nequaquam vidisti per maximum pariter et minimum, neque enim maximum est maximum neque minimum minimum.",quamdiu enim maximum et minimum sunt duo nequaquam vidisti per maximum pariter et minimum neque enim maximum est maximum neque minimum minimum,quamdiu enim maximum et minimum sunt duo nequaquam uidisti per maximum pariter et minimum neque enim maximum est maximum neque minimum minimum
12149,body,10,2,False,,"Et hoc clare videbis, si feceris de c lineam c d egredi mobilem.",et hoc clare videbis si feceris de c lineam c d egredi mobilem,et hoc clare uidebis si feceris de c lineam c d egredi mobilem
12149,body,10,3,False,,"Quamdiu enim illa unum angulum cum c a et alium cum c b constituit, nullus est maximus aut minimus.",quamdiu enim illa unum angulum cum c a et alium cum c b constituit nullus est maximus aut minimus,quamdiu enim illa unum angulum cum c a et alium cum c b constituit nullus est maximus aut minimus
12149,body,10,4,False,,"Semper enim maior potest esse, in tantum maior, quantum alius exsistit, et ideo non prius unus maximus quam alius minimus.",semper enim maior potest esse in tantum maior quantum alius exsistit et ideo non prius unus maximus quam alius minimus,semper enim maior potest esse in tantum maior quantum alius exsistit et ideo non prius unus maximus quam alius minimus
12149,body,10,5,False,,"Et hoc esse non potest, quamdiu sunt duo anguli.",et hoc esse non potest quamdiu sunt duo anguli,et hoc esse non potest quamdiu sunt duo anguli
12149,body,10,6,False,,"Si igitur dualitas cessare debet angulorum, non videbis nisi c d super lineam a b et nullum videbis angulum.",si igitur dualitas cessare debet angulorum non videbis nisi c d super lineam a b et nullum videbis angulum,si igitur dualitas cessare debet angulorum non uidebis nisi c d super lineam a b et nullum uidebis angulum
12149,body,10,7,False,,"Et ita ante duo et post simplicem lineam esse debet angulus maximus pariter et minimus, sed non est signabilis.",et ita ante duo et post simplicem lineam esse debet angulus maximus pariter et minimus sed non est signabilis,et ita ante duo et post simplicem lineam esse debet angulus maximus pariter et minimus sed non est signabilis
12149,body,10,8,False,,"Solum igitur principium videtur maximum pariter et minimum, ut omne principiatum non possit esse nisi similitudo principii, cum nec maius nec minus eo esse possit, puta in angulis, ut nullus possit esse angulus adeo acutus, quin suam acutiem habeat a principio, nec possit esse aliquis ita obtusus, quin esse ipsum tale habeat a suo principio.",solum igitur principium videtur maximum pariter et minimum ut omne principiatum non possit esse nisi similitudo principii cum nec maius nec minus eo esse possit puta in angulis ut nullus possit esse angulus adeo acutus quin suam acutiem habeat a principio nec possit esse aliquis ita obtusus quin esse ipsum tale habeat a suo principio,solum igitur principium uidetur maximum pariter et minimum ut omne principiatum non possit esse nisi similitudo principii cum nec maius nec minus eo esse possit puta in angulis ut nullus possit esse angulus adeo acutus quin suam acutiem habeat a principio nec possit esse aliquis ita obtusus quin esse ipsum tale habeat a suo principio
12149,body,10,9,False,,"Ideo necesse est quod omni acuto dabili, cum possit esse acutior, in virtute principii sit creare acutiorem; et ita de obtuso.",ideo necesse est quod omni acuto dabili cum possit esse acutior in virtute principii sit creare acutiorem et ita de obtuso,ideo necesse est quod omni acuto dabili cum possit esse acutior in uirtute principii sit creare acutiorem et ita de obtuso
12149,body,10,10,True,,Sic videtur principium aeternum et inevacuabile per omnia principiata.,sic videtur principium aeternum et inevacuabile per omnia principiata,sic uidetur principium aeternum et ineuacuabile per omnia principiata
12149,body,11,0,False,,Eleganter magnus Dionysius apostoli Pauli discipulus in capitulo octavo De divinis nominibus ista compendiose dicit.,eleganter magnus dionysius apostoli pauli discipulus in capitulo octavo de divinis nominibus ista compendiose dicit,eleganter magnus dionysius apostoli pauli discipulus in capitulo octauo de diuinis nominibus ista compendiose dicit
12149,body,11,1,False,,"Ait enim: «Nihil itaque alienum a nostro instituto facimus, si per exiles imagines ad auctorem omnium ascendentes purgatissimis et mundo superioribus oculis inspiciamus omnia in omnium causa et invicem contraria uniformiter et coniuncte.",ait enim nihil itaque alienum a nostro instituto facimus si per exiles imagines ad auctorem omnium ascendentes purgatissimis et mundo superioribus oculis inspiciamus omnia in omnium causa et invicem contraria uniformiter et coniuncte,ait enim nihil itaque alienum a nostro instituto facimus si per exiles imagines ad auctorem omnium ascendentes purgatissimis et mundo superioribus oculis inspiciamus omnia in omnium causa et inuicem contraria uniformiter et coniuncte
12149,body,11,2,False,,"Est enim principium rerum, ex quo est ipsum esse et omnia, quae quomodolibet sunt, omne initium et omnis finis.",est enim principium rerum ex quo est ipsum esse et omnia quae quomodolibet sunt omne initium et omnis finis,est enim principium rerum ex quo est ipsum esse et omnia quae quomodolibet sunt omne initium et omnis finis
12149,body,11,3,False,,"» Et post pauca subiungit: «et alia quaeque ipso esse cum sint quae sunt, omnia exculpunt.",et post pauca subiungit et alia quaeque ipso esse cum sint quae sunt omnia exculpunt,et post pauca subiungit et alia quaeque ipso esse cum sint quae sunt omnia exculpunt
12149,body,11,4,False,,"» Idem de eodem principio affirmat quod sit «finis» et «infinitus, stans et» progrediens et quod «neque» sit «stans neque se movens».",idem de eodem principio affirmat quod sit finis et infinitus stans et progrediens et quod neque sit stans neque se movens,idem de eodem principio affirmat quod sit finis et infinitus stans et progrediens et quod neque sit stans neque se mouens
12149,body,11,5,False,,Dicit enim omnia «exemplaria rerum in una supersubstantiali coniunctione in sui et omnium causa ante subsistere concedendum.,dicit enim omnia exemplaria rerum in una supersubstantiali coniunctione in sui et omnium causa ante subsistere concedendum,dicit enim omnia exemplaria rerum in una supersubstantiali coniunctione in sui et omnium causa ante subsistere concedendum
12149,body,11,6,True,,» Ecce quam lucide ibi et in variis aliis locis divinus vir ille quae praemisi sic esse affirmat.,ecce quam lucide ibi et in variis aliis locis divinus vir ille quae praemisi sic esse affirmat,ecce quam lucide ibi et in uariis aliis locis diuinus uir ille quae praemisi sic esse affirmat
12149,body,12,0,False,,"Iam tibi ex aenigmate constat, quomodo id intelligere queas primum esse omnium mensuram; omnia enim complicite est quae esse possunt.",iam tibi ex aenigmate constat quomodo id intelligere queas primum esse omnium mensuram omnia enim complicite est quae esse possunt,iam tibi ex aenigmate constat quomodo id intelligere queas primum esse omnium mensuram omnia enim complicite est quae esse possunt
12149,body,12,1,False,,"Nam angulus maximus pariter et minimus est actus omnis formabilis anguli, nec maior, nec minor, ante omnem quantitatem.",nam angulus maximus pariter et minimus est actus omnis formabilis anguli nec maior nec minor ante omnem quantitatem,nam angulus maximus pariter et minimus est actus omnis formabilis anguli nec maior nec minor ante omnem quantitatem
12149,body,12,2,False,,"Nemo enim adeo parvi sensus est, quin bene videat angulum simplicissimum maximum pariter et minimum in se omnes formabiles sive magnos sive parvos complicare nec maiorem nec minorem quocumque dabili.",nemo enim adeo parvi sensus est quin bene videat angulum simplicissimum maximum pariter et minimum in se omnes formabiles sive magnos sive parvos complicare nec maiorem nec minorem quocumque dabili,nemo enim adeo parui sensus est quin bene uideat angulum simplicissimum maximum pariter et minimum in se omnes formabiles siue magnos siue paruos complicare nec maiorem nec minorem quocumque dabili
12149,body,12,3,False,,Cui non plus nomen unius quam omnium angulorum atque nullius convenit.,cui non plus nomen unius quam omnium angulorum atque nullius convenit,cui non plus nomen unius quam omnium angulorum atque nullius conuenit
12149,body,12,4,False,,"Quare nec acutus nec rectus nec obtusus angulus nominari potest, cum non sit aliquis talis, sed simplicissima omnium causa.",quare nec acutus nec rectus nec obtusus angulus nominari potest cum non sit aliquis talis sed simplicissima omnium causa,quare nec acutus nec rectus nec obtusus angulus nominari potest cum non sit aliquis talis sed simplicissima omnium causa
12149,body,12,5,False,,"Recte igitur, ut Proclus recitat in commentariis Parmenidis, Plato omnia de ipso principio negat.",recte igitur ut proclus recitat in commentariis parmenidis plato omnia de ipso principio negat,recte igitur ut proclus recitat in commentariis parmenidis plato omnia de ipso principio negat
12149,body,12,6,True,,Sic et Dionysius noster negativam praefert theologiam affirmativae.,sic et dionysius noster negativam praefert theologiam affirmativae,sic et dionysius noster negatiuam praefert theologiam affirmatiuae
12149,body,13,0,False,,Videtur autem ipsi deo magis convenire ipsum unum quam aliud nomen.,videtur autem ipsi deo magis convenire ipsum unum quam aliud nomen,uidetur autem ipsi deo magis conuenire ipsum unum quam aliud nomen
12149,body,13,1,False,,"Ita vocat eum Parmenides, similiter et Anaxagoras, qui aiebat «melius unum quam omnia simul».",ita vocat eum parmenides similiter et anaxagoras qui aiebat melius unum quam omnia simul,ita uocat eum parmenides similiter et anaxagoras qui aiebat melius unum quam omnia simul
12149,body,13,2,False,,"Non intelligas de uno numerali, quod monas seu singulare dicitur, sed de uno scilicet indivisibili omni modo divisionis, quod sine omni dualitate intelligitur.",non intelligas de uno numerali quod monas seu singulare dicitur sed de uno scilicet indivisibili omni modo divisionis quod sine omni dualitate intelligitur,non intelligas de uno numerali quod monas seu singulare dicitur sed de uno scilicet indiuisibili omni modo diuisionis quod sine omni dualitate intelligitur
12149,body,13,3,False,,"Post quod omnia sine dualitate nec esse nec concipi possunt, ut sit primo unum absolutum iam dictum, deinde unum cum addito, scilicet unum ens, una substantia, et ita de omnibus, ita quod nihil dici aut concipi possit ita simplex, quin sit unum cum addito, solum uno superexaltato excepto.",post quod omnia sine dualitate nec esse nec concipi possunt ut sit primo unum absolutum iam dictum deinde unum cum addito scilicet unum ens una substantia et ita de omnibus ita quod nihil dici aut concipi possit ita simplex quin sit unum cum addito solum uno superexaltato excepto,post quod omnia sine dualitate nec esse nec concipi possunt ut sit primo unum absolutum iam dictum deinde unum cum addito scilicet unum ens una substantia et ita de omnibus ita quod nihil dici aut concipi possit ita simplex quin sit unum cum addito solum uno superexaltato excepto
12149,body,13,4,True,,"Unde quomodo debeat omnium nominibus et nullo omnium nominum nominari, ut Hermes Mercurius de eo dicebat, et quaeque circa hoc, vides clare in aenigmate figurari.",unde quomodo debeat omnium nominibus et nullo omnium nominum nominari ut hermes mercurius de eo dicebat et quaeque circa hoc vides clare in aenigmate figurari,unde quomodo debeat omnium nominibus et nullo omnium nominum nominari ut hermes mercurius de eo dicebat et quaeque circa hoc uides clare in aenigmate figurari
12149,body,14,0,False,,Adhuc unum attendere velis quomodo omnia creabilia non sunt nisi similitudo.,adhuc unum attendere velis quomodo omnia creabilia non sunt nisi similitudo,adhuc unum attendere uelis quomodo omnia creabilia non sunt nisi similitudo
12149,body,14,1,False,,Nam omnis dabilis angulus de se ipso dicit quod non sit veritas angularis.,nam omnis dabilis angulus de se ipso dicit quod non sit veritas angularis,nam omnis dabilis angulus de se ipso dicit quod non sit ueritas angularis
12149,body,14,2,False,,Veritas enim non capit nec maius nec minus.,veritas enim non capit nec maius nec minus,ueritas enim non capit nec maius nec minus
12149,body,14,3,False,,"Si enim posset esse maior aut minor veritas, non esset veritas.",si enim posset esse maior aut minor veritas non esset veritas,si enim posset esse maior aut minor ueritas non esset ueritas
12149,body,14,4,False,,"Quomodo esset veritas, quando non esset quod esse posset?",quomodo esset veritas quando non esset quod esse posset,quomodo esset ueritas quando non esset quod esse posset
12149,body,14,5,False,,"Omnis igitur angulus dicit se non esse veritatem angularem, quia potest esse aliter quam est, sed dicit angulum maximum pariter et minimum, cum non posset esse aliter quam est, esse ipsam simplicissimam et necessariam veritatem angularem.",omnis igitur angulus dicit se non esse veritatem angularem quia potest esse aliter quam est sed dicit angulum maximum pariter et minimum cum non posset esse aliter quam est esse ipsam simplicissimam et necessariam veritatem angularem,omnis igitur angulus dicit se non esse ueritatem angularem quia potest esse aliter quam est sed dicit angulum maximum pariter et minimum cum non posset esse aliter quam est esse ipsam simplicissimam et necessariam ueritatem angularem
12149,body,14,6,False,,"Fatetur igitur omnis angulus se illius veri similitudinem, quia est angulus non ut in se, sed ut est in alio, scilicet in superficie.",fatetur igitur omnis angulus se illius veri similitudinem quia est angulus non ut in se sed ut est in alio scilicet in superficie,fatetur igitur omnis angulus se illius ueri similitudinem quia est angulus non ut in se sed ut est in alio scilicet in superficie
12149,body,14,7,False,,Et ideo angulus verus in angulo creabili seu designabili est ut in sua similitudine.,et ideo angulus verus in angulo creabili seu designabili est ut in sua similitudine,et ideo angulus uerus in angulo creabili seu designabili est ut in sua similitudine
12149,body,14,8,True,,"Recte beatus Augustinus omnes dicit creaturas ad interrogationem, an sint deus, respondere: Non, quia non ipsi nos, sed «ipse fecit nos».",recte beatus augustinus omnes dicit creaturas ad interrogationem an sint deus respondere non quia non ipsi nos sed ipse fecit nos,recte beatus augustinus omnes dicit creaturas ad interrogationem an sint deus respondere non quia non ipsi nos sed ipse fecit nos
12149,body,15,0,False,,"Nunc potes satis ex his videre, quam nunc, quando «per speculum videmus in aenigmate», ut Apostolus ait, de deo notitiam habere possumus, utique non aliam quam negativam, uti scimus quocumque angulo designato ipsum non esse simpliciter maximum pariter et minimum.",nunc potes satis ex his videre quam nunc quando per speculum videmus in aenigmate ut apostolus ait de deo notitiam habere possumus utique non aliam quam negativam uti scimus quocumque angulo designato ipsum non esse simpliciter maximum pariter et minimum,nunc potes satis ex his uidere quam nunc quando per speculum uidemus in aenigmate ut apostolus ait de deo notitiam habere possumus utique non aliam quam negatiuam uti scimus quocumque angulo designato ipsum non esse simpliciter maximum pariter et minimum
12149,body,15,1,False,,"In omni igitur angulo negative videmus maximum, quem scimus esse, sed non illum designatum, et scimus ipsum maximum pariter et minimum omnem totalitatem et perfectionem omnium formabilium angulorum, omnium ipsorum intimum centrum pariter et continentem circumferentiam.",in omni igitur angulo negative videmus maximum quem scimus esse sed non illum designatum et scimus ipsum maximum pariter et minimum omnem totalitatem et perfectionem omnium formabilium angulorum omnium ipsorum intimum centrum pariter et continentem circumferentiam,in omni igitur angulo negatiue uidemus maximum quem scimus esse sed non illum designatum et scimus ipsum maximum pariter et minimum omnem totalitatem et perfectionem omnium formabilium angulorum omnium ipsorum intimum centrum pariter et continentem circumferentiam
12149,body,15,2,True,,"Sed conceptum non possumus de quiditate ipsius anguli maximi pariter et minimi facere, cum nec sensus nec imaginatio nec intellectus sentire, imaginari, concipere vel intelligere possint aliquid tale simile illi, quod est maximum pariter et minimum.",sed conceptum non possumus de quiditate ipsius anguli maximi pariter et minimi facere cum nec sensus nec imaginatio nec intellectus sentire imaginari concipere vel intelligere possint aliquid tale simile illi quod est maximum pariter et minimum,sed conceptum non possumus de quiditate ipsius anguli maximi pariter et minimi facere cum nec sensus nec imaginatio nec intellectus sentire imaginari concipere uel intelligere possint aliquid tale simile illi quod est maximum pariter et minimum
12149,body,16,0,False,,Sic dicit Plato «in Epistulis» apud «omnium regem cuncta esse et illius gratia omnia» eumque «causam bonorum omnium.,sic dicit plato in epistulis apud omnium regem cuncta esse et illius gratia omnia eumque causam bonorum omnium,sic dicit plato in epistulis apud omnium regem cuncta esse et illius gratia omnia eumque causam bonorum omnium
12149,body,16,1,False,,"» Et post pauca: «Humanus enim animus affectat qualia sint illa intelligere, aspiciens illa cognata genera, quorum nihil sufficienter se habet, sed in rege ipso nihil tale».",et post pauca humanus enim animus affectat qualia sint illa intelligere aspiciens illa cognata genera quorum nihil sufficienter se habet sed in rege ipso nihil tale,et post pauca humanus enim animus affectat qualia sint illa intelligere aspiciens illa cognata genera quorum nihil sufficienter se habet sed in rege ipso nihil tale
12149,body,16,2,False,,Utique bene ibi scribit hoc teneri debere secretum.,utique bene ibi scribit hoc teneri debere secretum,utique bene ibi scribit hoc teneri debere secretum
12149,body,16,3,False,,Non enim absque causa nominat primum principium omnium regem.,non enim absque causa nominat primum principium omnium regem,non enim absque causa nominat primum principium omnium regem
12149,body,16,4,False,,Omnis enim res publica per regem et ad ipsum ordinata et per ipsum regitur et exsistit.,omnis enim res publica per regem et ad ipsum ordinata et per ipsum regitur et exsistit,omnis enim res publica per regem et ad ipsum ordinata et per ipsum regitur et exsistit
12149,body,16,5,False,,"Quae igitur in re publica reperiuntur distincta, prioriter et coniuncte in ipso sunt ipse et vita, ut addit Proclus.",quae igitur in re publica reperiuntur distincta prioriter et coniuncte in ipso sunt ipse et vita ut addit proclus,quae igitur in re publica reperiuntur distincta prioriter et coniuncte in ipso sunt ipse et uita ut addit proclus
12149,body,16,6,False,,"Duces, comites, milites, iudices, leges, mensurae, pondera et quaeque talia omnia sunt in rege ut in publica persona, in qua omnia, quae possunt esse in re publica, actu exsistunt ipse.",duces comites milites iudices leges mensurae pondera et quaeque talia omnia sunt in rege ut in publica persona in qua omnia quae possunt esse in re publica actu exsistunt ipse,duces comites milites iudices leges mensurae pondera et quaeque talia omnia sunt in rege ut in publica persona in qua omnia quae possunt esse in re publica actu exsistunt ipse
12149,body,16,7,False,,"Lex eius in pellibus scripta est in ipso lex viva, et ita de omnibus, quorum ipse auctor est, et ab ipso omnia habent, quae habent tam esse quam nomen in re publica.",lex eius in pellibus scripta est in ipso lex viva et ita de omnibus quorum ipse auctor est et ab ipso omnia habent quae habent tam esse quam nomen in re publica,lex eius in pellibus scripta est in ipso lex uiua et ita de omnibus quorum ipse auctor est et ab ipso omnia habent quae habent tam esse quam nomen in re publica
12149,body,16,8,False,,"Bene Aristoteles in simili ipsum principem nominavit, ad quem omnis exercitus est ordinatus tamquam ad finem et a quo habet exercitus quidquid est.",bene aristoteles in simili ipsum principem nominavit ad quem omnis exercitus est ordinatus tamquam ad finem et a quo habet exercitus quidquid est,bene aristoteles in simili ipsum principem nominauit ad quem omnis exercitus est ordinatus tamquam ad finem et a quo habet exercitus quidquid est
12149,body,16,9,True,,"Ecce sicut lex scripta in pellibus mortuis est lex viva in principe, sic in primo omnia sunt vita, tempus in primo est aeternitas, creatura creator.",ecce sicut lex scripta in pellibus mortuis est lex viva in principe sic in primo omnia sunt vita tempus in primo est aeternitas creatura creator,ecce sicut lex scripta in pellibus mortuis est lex uiua in principe sic in primo omnia sunt uita tempus in primo est aeternitas creatura creator
12149,body,17,0,False,,Dicebat Averroes «in XI Metaphysicae omnes formas» esse «actu in primo motore» et in XII Metaphysicae quomodo Aristoteles negando ideas Platonis ponit ideas et formas in primo motore.,dicebat averroes in xi metaphysicae omnes formas esse actu in primo motore et in xii metaphysicae quomodo aristoteles negando ideas platonis ponit ideas et formas in primo motore,dicebat auerroes in xi metaphysicae omnes formas esse actu in primo motore et in xii metaphysicae quomodo aristoteles negando ideas platonis ponit ideas et formas in primo motore
12149,body,17,1,False,,Idem Albertus in commentariis super Dionysio asserit.,idem albertus in commentariis super dionysio asserit,idem albertus in commentariis super dionysio asserit
12149,body,17,2,False,,"Ait enim Aristotelem dicere primam causam tricausalem, scilicet efficientem, formalem et finalem, formalis est exemplaris, quodque ad illum intellectum non reprehendat Platonem.",ait enim aristotelem dicere primam causam tricausalem scilicet efficientem formalem et finalem formalis est exemplaris quodque ad illum intellectum non reprehendat platonem,ait enim aristotelem dicere primam causam tricausalem scilicet efficientem formalem et finalem formalis est exemplaris quodque ad illum intellectum non reprehendat platonem
12149,body,17,3,False,,Verum est autem quod deus omnium in se habet exemplaria.,verum est autem quod deus omnium in se habet exemplaria,uerum est autem quod deus omnium in se habet exemplaria
12149,body,17,4,False,,Exemplaria autem rationes sunt.,exemplaria autem rationes sunt,exemplaria autem rationes sunt
12149,body,17,5,False,,"Nominant autem theologi exemplaria seu ideas dei voluntatem, quoniam sicut «voluit fecit», ait propheta.",nominant autem theologi exemplaria seu ideas dei voluntatem quoniam sicut voluit fecit ait propheta,nominant autem theologi exemplaria seu ideas dei uoluntatem quoniam sicut uoluit fecit ait propheta
12149,body,17,6,True,,"Voluntas autem, quae est ipsa ratio in primo intellectu, bene dicitur exemplar, sicut voluntas in principe ratione fulcita exemplar legis est, «quod enim principi placuit, legis habet vigorem».",voluntas autem quae est ipsa ratio in primo intellectu bene dicitur exemplar sicut voluntas in principe ratione fulcita exemplar legis est quod enim principi placuit legis habet vigorem,uoluntas autem quae est ipsa ratio in primo intellectu bene dicitur exemplar sicut uoluntas in principe ratione fulcita exemplar legis est quod enim principi placuit legis habet uigorem
12149,body,18,0,False,,"Neque haec omnia, quae aut Plato aut Aristoteles aut alius quisquam dicit, aliud sunt quam tibi beryllus et aenigma ostendit, scilicet veritatem per suam similitudinem omnibus tribuere esse.",neque haec omnia quae aut plato aut aristoteles aut alius quisquam dicit aliud sunt quam tibi beryllus et aenigma ostendit scilicet veritatem per suam similitudinem omnibus tribuere esse,neque haec omnia quae aut plato aut aristoteles aut alius quisquam dicit aliud sunt quam tibi beryllus et aenigma ostendit scilicet ueritatem per suam similitudinem omnibus tribuere esse
12149,body,18,1,False,,"Sic Albertus ubi supra affirmat dicens: «Oportet aliquo modo» fateri «quod a primo fluat in omnia una forma, quae sit similitudo suae essentiae, per quam omnia esse ab ipso participant.",sic albertus ubi supra affirmat dicens oportet aliquo modo fateri quod a primo fluat in omnia una forma quae sit similitudo suae essentiae per quam omnia esse ab ipso participant,sic albertus ubi supra affirmat dicens oportet aliquo modo fateri quod a primo fluat in omnia una forma quae sit similitudo suae essentiae per quam omnia esse ab ipso participant
12149,body,18,2,False,,"» Et attende quod veritas, quae est id quod esse potest, est imparticipabilis, sed in similitudine sua quae potest secundum magis et minus recipi secundum dispositionem recipientis est communicabilis.",et attende quod veritas quae est id quod esse potest est imparticipabilis sed in similitudine sua quae potest secundum magis et minus recipi secundum dispositionem recipientis est communicabilis,et attende quod ueritas quae est id quod esse potest est imparticipabilis sed in similitudine sua quae potest secundum magis et minus recipi secundum dispositionem recipientis est communicabilis
12149,body,18,3,False,,"Avicebron in libro Fontis vitae dicit variam reflexionem entis causare entium differentiam, quoniam ‚vitam‘ addit ‚una reflexio‘ super ‚ens, intellectum duae reflexiones‘.",avicebron in libro fontis vitae dicit variam reflexionem entis causare entium differentiam quoniam vitam addit una reflexio super ens intellectum duae reflexiones,auicebron in libro fontis uitae dicit uariam reflexionem entis causare entium differentiam quoniam uitam addit una reflexio super ens intellectum duae reflexiones
12149,body,18,4,True,,"Quomodo hoc capi possit in aenigmate, ita velis imaginari.",quomodo hoc capi possit in aenigmate ita velis imaginari,quomodo hoc capi possit in aenigmate ita uelis imaginari
12149,body,19,0,True,,Esto igitur quod a b sit linea similitudinis veritatis inter primam,esto igitur quod a b sit linea similitudinis veritatis inter primam,esto igitur quod a b sit linea similitudinis ueritatis inter primam
12149,body,20,0,False,,"veritatem et ipsum nihil cadens, b vero finis similitudinis circa nihil.",veritatem et ipsum nihil cadens b vero finis similitudinis circa nihil,ueritatem et ipsum nihil cadens b uero finis similitudinis circa nihil
12149,body,20,1,False,,"Et super c ipsum b plicetur motu complicatorio versus a figurans motum, quo deus vocat de non esse ad esse.",et super c ipsum b plicetur motu complicatorio versus a figurans motum quo deus vocat de non esse ad esse,et super c ipsum b plicetur motu complicatorio uersus a figurans motum quo deus uocat de non esse ad esse
12149,body,20,2,True,,"Tunc linea a b est fixa, ut egreditur a",tunc linea a b est fixa ut egreditur a,tunc linea a b est fixa ut egreditur a
12149,body,21,0,True,,"principio ut est a c, et mobilis, ut movetur super c complicatorie versus principium.",principio ut est a c et mobilis ut movetur super c complicatorie versus principium,principio ut est a c et mobilis ut mouetur super c complicatorie uersus principium
12149,body,22,0,False,,In hoc motu c b cum c a causat varios angulos et c b est per motum differentias similitudinis explicans.,in hoc motu c b cum c a causat varios angulos et c b est per motum differentias similitudinis explicans,in hoc motu c b cum c a causat uarios angulos et c b est per motum differentias similitudinis explicans
12149,body,22,1,True,,Primo in similitudine minus formali,primo in similitudine minus formali,primo in similitudine minus formali
12149,body,23,0,False,,"obtusum angulum causat ipsius esse, deinde magis formali ipsius vivere, deinde maxime formali et acuto ipsius intelligere.",obtusum angulum causat ipsius esse deinde magis formali ipsius vivere deinde maxime formali et acuto ipsius intelligere,obtusum angulum causat ipsius esse deinde magis formali ipsius uiuere deinde maxime formali et acuto ipsius intelligere
12149,body,23,1,False,,Acutus angulus plus de activitate anguli et simplicitate participat et similior primo principio.,acutus angulus plus de activitate anguli et simplicitate participat et similior primo principio,acutus angulus plus de actiuitate anguli et simplicitate participat et similior primo principio
12149,body,23,2,False,,"Et est in aliis angulis, scilicet vitali et ipsius esse; sic vitalis in angulo ipsius esse.",et est in aliis angulis scilicet vitali et ipsius esse sic vitalis in angulo ipsius esse,et est in aliis angulis scilicet uitali et ipsius esse sic uitalis in angulo ipsius esse
12149,body,23,3,False,,"Et quae sunt mediae differentiae ipsius esse et vitae ac ipsius intelligere et quae explicari possunt, sic in aenigmate videbis: a b enim similitudo veritatis omnia in se continet, quae possunt explicari, et per motum fit explicatio.",et quae sunt mediae differentiae ipsius esse et vitae ac ipsius intelligere et quae explicari possunt sic in aenigmate videbis a b enim similitudo veritatis omnia in se continet quae possunt explicari et per motum fit explicatio,et quae sunt mediae differentiae ipsius esse et uitae ac ipsius intelligere et quae explicari possunt sic in aenigmate uidebis a b enim similitudo ueritatis omnia in se continet quae possunt explicari et per motum fit explicatio
12149,body,23,4,False,,"Motus autem quomodo fiat, ubi simplex elementum de se explicat elementatum, sicut praemisi, in aenigmate figuratur.",motus autem quomodo fiat ubi simplex elementum de se explicat elementatum sicut praemisi in aenigmate figuratur,motus autem quomodo fiat ubi simplex elementum de se explicat elementatum sicut praemisi in aenigmate figuratur
12149,body,23,5,True,,"Simplicitas enim elementalis est ex mobili et immobili, sicut principium naturale est principium motus et quietis.",simplicitas enim elementalis est ex mobili et immobili sicut principium naturale est principium motus et quietis,simplicitas enim elementalis est ex mobili et immobili sicut principium naturale est principium motus et quietis
12149,body,24,0,False,,"Unde dum intellectus conditor sic movet c b, exemplaria, quae in se habet, explicat in sua similitudine, sicut mathematicus, dum lineam plicat in triangulum, ipsum triangulum explicat motu complicationis, quem intra se habet in mente.",unde dum intellectus conditor sic movet c b exemplaria quae in se habet explicat in sua similitudine sicut mathematicus dum lineam plicat in triangulum ipsum triangulum explicat motu complicationis quem intra se habet in mente,unde dum intellectus conditor sic mouet c b exemplaria quae in se habet explicat in sua similitudine sicut mathematicus dum lineam plicat in triangulum ipsum triangulum explicat motu complicationis quem intra se habet in mente
12149,body,24,1,False,,"Unde habes lineam a b imaginari debere communicabilem veritatem, quae est incommunicabilis veritatis similitudo, per quam omnia vera sunt vera, et non absoluta ut veritas, sed est in veris.",unde habes lineam a b imaginari debere communicabilem veritatem quae est incommunicabilis veritatis similitudo per quam omnia vera sunt vera et non absoluta ut veritas sed est in veris,unde habes lineam a b imaginari debere communicabilem ueritatem quae est incommunicabilis ueritatis similitudo per quam omnia uera sunt uera et non absoluta ut ueritas sed est in ueris
12149,body,24,2,False,,"Experimur autem ipsum esse verorum in trino gradu, in eo quod quaedam sunt tantum, alia vero veritatis gestant simpliciorem similitudinem, quorum esse est virtuosius, quia eo quod sunt vivunt.",experimur autem ipsum esse verorum in trino gradu in eo quod quaedam sunt tantum alia vero veritatis gestant simpliciorem similitudinem quorum esse est virtuosius quia eo quod sunt vivunt,experimur autem ipsum esse uerorum in trino gradu in eo quod quaedam sunt tantum alia uero ueritatis gestant simpliciorem similitudinem quorum esse est uirtuosius quia eo quod sunt uiuunt
12149,body,24,3,False,,"Alia adhuc simpliciorem, quae eo ipso quod sunt vivunt et intelligunt.",alia adhuc simpliciorem quae eo ipso quod sunt vivunt et intelligunt,alia adhuc simpliciorem quae eo ipso quod sunt uiuunt et intelligunt
12149,body,24,4,False,,"Esse autem quanto simplicius, tanto virtuosius et potentius.",esse autem quanto simplicius tanto virtuosius et potentius,esse autem quanto simplicius tanto uirtuosius et potentius
12149,body,24,5,True,,Ideo absoluta simplicitas seu veritas est omnipotens.,ideo absoluta simplicitas seu veritas est omnipotens,ideo absoluta simplicitas seu ueritas est omnipotens
12149,body,25,0,False,,"Adhuc alio aenigmate per doctrinam ut ad minima respiciamus, quando maxima inquirimus.",adhuc alio aenigmate per doctrinam ut ad minima respiciamus quando maxima inquirimus,adhuc alio aenigmate per doctrinam ut ad minima respiciamus quando maxima inquirimus
12149,body,25,1,False,,Unum seu monas est simplicius puncto.,unum seu monas est simplicius puncto,unum seu monas est simplicius puncto
12149,body,25,2,False,,Puncti igitur indivisibilitas est similitudo indivisibilitatis ipsius unius.,puncti igitur indivisibilitas est similitudo indivisibilitatis ipsius unius,puncti igitur indiuisibilitas est similitudo indiuisibilitatis ipsius unius
12149,body,25,3,False,,"Esto igitur quod unum sit ut indivisibilis et incommunicabilis veritas, quae se vult ostendere et communicare per suam similitudinem, et unum se signat seu figurat et oritur punctus.",esto igitur quod unum sit ut indivisibilis et incommunicabilis veritas quae se vult ostendere et communicare per suam similitudinem et unum se signat seu figurat et oritur punctus,esto igitur quod unum sit ut indiuisibilis et incommunicabilis ueritas quae se uult ostendere et communicare per suam similitudinem et unum se signat seu figurat et oritur punctus
12149,body,25,4,True,,Punctus autem communicabilis indivisibilitas in continuo non sit unum.,punctus autem communicabilis indivisibilitas in continuo non sit unum,punctus autem communicabilis indiuisibilitas in continuo non sit unum
12149,body,26,0,False,,"Sit igitur punctus communicatus modo quo communicabilis est, et habetur corpus.",sit igitur punctus communicatus modo quo communicabilis est et habetur corpus,sit igitur punctus communicatus modo quo communicabilis est et habetur corpus
12149,body,26,1,False,,Nam punctus est indivisibilis omni modo essendi continui et dimensionis.,nam punctus est indivisibilis omni modo essendi continui et dimensionis,nam punctus est indiuisibilis omni modo essendi continui et dimensionis
12149,body,26,2,True,,"Modi autem essendi continui sunt linea, superficies et corpus, modi autem dimensionis sunt longum, latum et profundum.",modi autem essendi continui sunt linea superficies et corpus modi autem dimensionis sunt longum latum et profundum,modi autem essendi continui sunt linea superficies et corpus modi autem dimensionis sunt longum latum et profundum
12149,body,27,0,False,,"Igitur linea participat indivisibilitatem puncti, quia est linealiter indivisibilis; linea enim in non lineam partiri nequit nec est divisibilis secundum latum et profundum.",igitur linea participat indivisibilitatem puncti quia est linealiter indivisibilis linea enim in non lineam partiri nequit nec est divisibilis secundum latum et profundum,igitur linea participat indiuisibilitatem puncti quia est linealiter indiuisibilis linea enim in non lineam partiri nequit nec est diuisibilis secundum latum et profundum
12149,body,27,1,False,,"Superficies participat indvisibilitatem puncti, quia in non superficiem impartibilis.",superficies participat indvisibilitatem puncti quia in non superficiem impartibilis,superficies participat induisibilitatem puncti quia in non superficiem impartibilis
12149,body,27,2,False,,"Nec sit corpus, quia in non corpus secari nequit, secundum profundum divisibilis.",nec sit corpus quia in non corpus secari nequit secundum profundum divisibilis,nec sit corpus quia in non corpus secari nequit secundum profundum diuisibilis
12149,body,27,3,False,,In indivisibilitate puncti complicantur omnes illae indivisibilitates.,in indivisibilitate puncti complicantur omnes illae indivisibilitates,in indiuisibilitate puncti complicantur omnes illae indiuisibilitates
12149,body,27,4,False,,Nihil igitur reperitur in his nisi explicatio indivisibilitatis puncti.,nihil igitur reperitur in his nisi explicatio indivisibilitatis puncti,nihil igitur reperitur in his nisi explicatio indiuisibilitatis puncti
12149,body,27,5,False,,"Omne igitur, quod reperitur in corpore, non est nisi punctus seu similitudo ipsius unius.",omne igitur quod reperitur in corpore non est nisi punctus seu similitudo ipsius unius,omne igitur quod reperitur in corpore non est nisi punctus seu similitudo ipsius unius
12149,body,27,6,False,,"Et non reperitur punctus absolutus a corpore vel superficie aut linea, quia est principium intrinsecum dans indivisibilitatem.",et non reperitur punctus absolutus a corpore vel superficie aut linea quia est principium intrinsecum dans indivisibilitatem,et non reperitur punctus absolutus a corpore uel superficie aut linea quia est principium intrinsecum dans indiuisibilitatem
12149,body,27,7,False,,"Linea autem plus participat simplicitatem puncti quam superficies, et superficies quam corpus, ut patuit.",linea autem plus participat simplicitatem puncti quam superficies et superficies quam corpus ut patuit,linea autem plus participat simplicitatem puncti quam superficies et superficies quam corpus ut patuit
12149,body,27,8,True,,De hac consideratione puncti et corporis te eleva ad similitudinem veritatis et universi et in clariore aenigmate facies dictorum coniecturam.,de hac consideratione puncti et corporis te eleva ad similitudinem veritatis et universi et in clariore aenigmate facies dictorum coniecturam,de hac consideratione puncti et corporis te eleua ad similitudinem ueritatis et uniuersi et in clariore aenigmate facies dictorum coniecturam
12149,body,28,0,False,,"Recipias veraciorem conceptum ex homine, qui omnia mensurat.",recipias veraciorem conceptum ex homine qui omnia mensurat,recipias ueraciorem conceptum ex homine qui omnia mensurat
12149,body,28,1,False,,"In homine est intellectus supremitas rationis, cuius esse est a corpore separatum et per se verum, deinde est anima, deinde natura ac ultimo corpus.",in homine est intellectus supremitas rationis cuius esse est a corpore separatum et per se verum deinde est anima deinde natura ac ultimo corpus,in homine est intellectus supremitas rationis cuius esse est a corpore separatum et per se uerum deinde est anima deinde natura ac ultimo corpus
12149,body,28,2,False,,Animam dico quae animat et dat esse animale.,animam dico quae animat et dat esse animale,animam dico quae animat et dat esse animale
12149,body,28,3,False,,"Intellectus, qui non est communicabilis aut participabilis propter suam simplicem universalitatem et indivisibilitatem, se in sua similitudine communicabilem reddit, scilicet in anima.",intellectus qui non est communicabilis aut participabilis propter suam simplicem universalitatem et indivisibilitatem se in sua similitudine communicabilem reddit scilicet in anima,intellectus qui non est communicabilis aut participabilis propter suam simplicem uniuersalitatem et indiuisibilitatem se in sua similitudine communicabilem reddit scilicet in anima
12149,body,28,4,False,,Cognitio enim sensitiva animae ostendit se similitudinem intellectus esse.,cognitio enim sensitiva animae ostendit se similitudinem intellectus esse,cognitio enim sensitiua animae ostendit se similitudinem intellectus esse
12149,body,28,5,False,,Per animam intellectus se communicat naturae et per naturam corpori.,per animam intellectus se communicat naturae et per naturam corpori,per animam intellectus se communicat naturae et per naturam corpori
12149,body,28,6,False,,"Anima in eo quod similitudo intellectus sentit libere, in eo quod est unita naturae animat.",anima in eo quod similitudo intellectus sentit libere in eo quod est unita naturae animat,anima in eo quod similitudo intellectus sentit libere in eo quod est unita naturae animat
12149,body,28,7,False,,"Ideo per naturam animat, per se sentit.",ideo per naturam animat per se sentit,ideo per naturam animat per se sentit
12149,body,28,8,True,,"Quae igitur anima operatur in corpore medio naturae, illa contracte operatur, sicut cognoscitiva in organo contracte secundum organum.",quae igitur anima operatur in corpore medio naturae illa contracte operatur sicut cognoscitiva in organo contracte secundum organum,quae igitur anima operatur in corpore medio naturae illa contracte operatur sicut cognoscitiua in organo contracte secundum organum
12149,body,29,0,False,,"Respiciamus ergo ad corpus et omnia eius membra formalia et ad cuiuslibet legem sive naturam, virtutem, operationem et ordinem, ut sit unus homo; et quidquid reperimus explicite, illa reperimus in intellectu ut in causa, auctore et rege, in quo omnia sunt ut in causa efficiente, formali et finali.",respiciamus ergo ad corpus et omnia eius membra formalia et ad cuiuslibet legem sive naturam virtutem operationem et ordinem ut sit unus homo et quidquid reperimus explicite illa reperimus in intellectu ut in causa auctore et rege in quo omnia sunt ut in causa efficiente formali et finali,respiciamus ergo ad corpus et omnia eius membra formalia et ad cuiuslibet legem siue naturam uirtutem operationem et ordinem ut sit unus homo et quidquid reperimus explicite illa reperimus in intellectu ut in causa auctore et rege in quo omnia sunt ut in causa efficiente formali et finali
12149,body,29,1,False,,"Omnia enim anterioriter in potentia effectiva sunt, sicut in potentia imperatoris sunt dignitates et officia rei publicae.",omnia enim anterioriter in potentia effectiva sunt sicut in potentia imperatoris sunt dignitates et officia rei publicae,omnia enim anterioriter in potentia effectiua sunt sicut in potentia imperatoris sunt dignitates et officia rei publicae
12149,body,29,2,False,,"Omnia sunt formaliter in ipso, qui omnia format, ut formata in tantum sint, in quantum sunt suo conceptui conformia.",omnia sunt formaliter in ipso qui omnia format ut formata in tantum sint in quantum sunt suo conceptui conformia,omnia sunt formaliter in ipso qui omnia format ut formata in tantum sint in quantum sunt suo conceptui conformia
12149,body,29,3,False,,"Finaliter sunt omnia in eo, cum eius gratia sint, cum ipse sit finis et desiderium omnium.",finaliter sunt omnia in eo cum eius gratia sint cum ipse sit finis et desiderium omnium,finaliter sunt omnia in eo cum eius gratia sint cum ipse sit finis et desiderium omnium
12149,body,29,4,True,,Nihil enim omnia membra appetunt nisi unionem inseparabilem cum ipso tamquam cum suo principio et bono ultimo et vita perenni.,nihil enim omnia membra appetunt nisi unionem inseparabilem cum ipso tamquam cum suo principio et bono ultimo et vita perenni,nihil enim omnia membra appetunt nisi unionem inseparabilem cum ipso tamquam cum suo principio et bono ultimo et uita perenni
12149,body,30,0,False,,"Quomodo autem anima, quae est similitudo intellectus, in se omnia vivificabilia complicet et vitam omnibus medio naturae communicet et quomodo natura sit omnia ut instrumentum complicans et in se omnem omnium membrorum motum et naturam praehabens, quis sufficienter enarrabit?",quomodo autem anima quae est similitudo intellectus in se omnia vivificabilia complicet et vitam omnibus medio naturae communicet et quomodo natura sit omnia ut instrumentum complicans et in se omnem omnium membrorum motum et naturam praehabens quis sufficienter enarrabit,quomodo autem anima quae est similitudo intellectus in se omnia uiuificabilia complicet et uitam omnibus medio naturae communicet et quomodo natura sit omnia ut instrumentum complicans et in se omnem omnium membrorum motum et naturam praehabens quis sufficienter enarrabit
12149,body,30,1,False,,"Intellectus mediante sua similitudine, quae in homine est anima sensitiva, dirigit naturam et omnem naturalem motum, ut omnia suo verbo seu conceptui sive voluntati conformentur.",intellectus mediante sua similitudine quae in homine est anima sensitiva dirigit naturam et omnem naturalem motum ut omnia suo verbo seu conceptui sive voluntati conformentur,intellectus mediante sua similitudine quae in homine est anima sensitiua dirigit naturam et omnem naturalem motum ut omnia suo uerbo seu conceptui siue uoluntati conformentur
12149,body,30,2,False,,"Sic in universo, cui praesidet conditor intellectus, nihil penitus reperitur nisi similitudo sive conceptus ipsius conditoris.",sic in universo cui praesidet conditor intellectus nihil penitus reperitur nisi similitudo sive conceptus ipsius conditoris,sic in uniuerso cui praesidet conditor intellectus nihil penitus reperitur nisi similitudo siue conceptus ipsius conditoris
12149,body,30,3,False,,"Sicut si conditor intellectus foret visus volens suam virtutem videndi ostendere, omne visibile, in quo se ostendat, conciperet, eo ipso intra se omne visibile haberet et ad conformitatem singulorum visibilium in suo conceptu exsistentium cuncta visibilia formaret.",sicut si conditor intellectus foret visus volens suam virtutem videndi ostendere omne visibile in quo se ostendat conciperet eo ipso intra se omne visibile haberet et ad conformitatem singulorum visibilium in suo conceptu exsistentium cuncta visibilia formaret,sicut si conditor intellectus foret uisus uolens suam uirtutem uidendi ostendere omne uisibile in quo se ostendat conciperet eo ipso intra se omne uisibile haberet et ad conformitatem singulorum uisibilium in suo conceptu exsistentium cuncta uisibilia formaret
12149,body,30,4,True,,In omnibus enim visibilibus nihil reperiretur nisi conformitas et ideo similitudo ipsius conditoris eorum intellectus.,in omnibus enim visibilibus nihil reperiretur nisi conformitas et ideo similitudo ipsius conditoris eorum intellectus,in omnibus enim uisibilibus nihil reperiretur nisi conformitas et ideo similitudo ipsius conditoris eorum intellectus
12149,body,31,0,False,,Varia valde ponunt sancti et philosophi aenigmata.,varia valde ponunt sancti et philosophi aenigmata,uaria ualde ponunt sancti et philosophi aenigmata
12149,body,31,1,False,,Plato in libro De re publica recipit solem et eius attendit in sensibilibus virtutem et ex conformitate illius se elevat ad lucem intelligentiae intellectus conditoris.,plato in libro de re publica recipit solem et eius attendit in sensibilibus virtutem et ex conformitate illius se elevat ad lucem intelligentiae intellectus conditoris,plato in libro de re publica recipit solem et eius attendit in sensibilibus uirtutem et ex conformitate illius se eleuat ad lucem intelligentiae intellectus conditoris
12149,body,31,2,False,,Quem magnus Dionysius imitatur.,quem magnus dionysius imitatur,quem magnus dionysius imitatur
12149,body,31,3,False,,Nam utique aenigma est gratum ob conformitatem lucis sensibilis et intelligibilis.,nam utique aenigma est gratum ob conformitatem lucis sensibilis et intelligibilis,nam utique aenigma est gratum ob conformitatem lucis sensibilis et intelligibilis
12149,body,31,4,False,,"Albertus aenigma rectitudinis recipit, ac si linealis rectitudo daret esse omni ligno, quae in nullo uti est potest participari et manet imparticipabilis et absoluta.",albertus aenigma rectitudinis recipit ac si linealis rectitudo daret esse omni ligno quae in nullo uti est potest participari et manet imparticipabilis et absoluta,albertus aenigma rectitudinis recipit ac si linealis rectitudo daret esse omni ligno quae in nullo uti est potest participari et manet imparticipabilis et absoluta
12149,body,31,5,False,,"Varie autem in contracto esse, scilicet in sua similitudine, in quolibet ligno participatur, quoniam unum nodose, aliud incurve; et ita de infinitis differentiis.",varie autem in contracto esse scilicet in sua similitudine in quolibet ligno participatur quoniam unum nodose aliud incurve et ita de infinitis differentiis,uarie autem in contracto esse scilicet in sua similitudine in quolibet ligno participatur quoniam unum nodose aliud incurue et ita de infinitis differentiis
12149,body,31,6,False,,"Etiam caliditatem fingit absolutam, et quomodo omnia calida illius similitudinem participant et habent esse suum ab illa, sic conceptum facit de conditore intellectu et creaturis.",etiam caliditatem fingit absolutam et quomodo omnia calida illius similitudinem participant et habent esse suum ab illa sic conceptum facit de conditore intellectu et creaturis,etiam caliditatem fingit absolutam et quomodo omnia calida illius similitudinem participant et habent esse suum ab illa sic conceptum facit de conditore intellectu et creaturis
12149,body,31,7,False,,"Innumerabiles modi possunt concipi, multos alios in Docta ignorantia et libellis aliis posui.",innumerabiles modi possunt concipi multos alios in docta ignorantia et libellis aliis posui,innumerabiles modi possunt concipi multos alios in docta ignorantia et libellis aliis posui
12149,body,31,8,False,,"Sed nullus praecisionem attingere potest, cum divinus modus sit supra omnem modum.",sed nullus praecisionem attingere potest cum divinus modus sit supra omnem modum,sed nullus praecisionem attingere potest cum diuinus modus sit supra omnem modum
12149,body,31,9,True,,"Et si applicas oculare et vides per maximum pariter et minimum modum omnis modi principium, in quo omnes modi complicantur et quem omnes modi explicare nequeunt, tunc facere poteris de divino modo veriorem speculationem.",et si applicas oculare et vides per maximum pariter et minimum modum omnis modi principium in quo omnes modi complicantur et quem omnes modi explicare nequeunt tunc facere poteris de divino modo veriorem speculationem,et si applicas oculare et uides per maximum pariter et minimum modum omnis modi principium in quo omnes modi complicantur et quem omnes modi explicare nequeunt tunc facere poteris de diuino modo ueriorem speculationem
12149,body,32,0,False,,"Diceres forte usum berylli praesupponere essentiam recipere magis et minus, alioquin per maximum pariter et minimum non videretur eius principium.",diceres forte usum berylli praesupponere essentiam recipere magis et minus alioquin per maximum pariter et minimum non videretur eius principium,diceres forte usum berylli praesupponere essentiam recipere magis et minus alioquin per maximum pariter et minimum non uideretur eius principium
12149,body,32,1,False,,"Respondeo quod, quamvis essentia secundum se non videatur magis et minus recipere, tamen secundum comparationem ad esse et actus proprios speciei magis et minus participat secundum dispositionem materiae recipientis, adeo ut dicit Avicenna quod in quibusdam videtur deus, in hominibus, qui divinum habent intellectum et operationes.",respondeo quod quamvis essentia secundum se non videatur magis et minus recipere tamen secundum comparationem ad esse et actus proprios speciei magis et minus participat secundum dispositionem materiae recipientis adeo ut dicit avicenna quod in quibusdam videtur deus in hominibus qui divinum habent intellectum et operationes,respondeo quod quamuis essentia secundum se non uideatur magis et minus recipere tamen secundum comparationem ad esse et actus proprios speciei magis et minus participat secundum dispositionem materiae recipientis adeo ut dicit auicenna quod in quibusdam uidetur deus in hominibus qui diuinum habent intellectum et operationes
12149,body,32,2,True,,"Nec hic modus berylli penitus fuit absconditus Aristoteli, qui saepe discurrit reperiendo primum per hoc argumentum: Ubi reperitur participatio unius secundum magis et minus in diversis, necesse est deveniri ad primum, in quo ipsum est primum, ut de calore, qui in diversis participatur, devenitur ad ignem, in quo primum est ut in fonte, a quo alia omnia calorem recipiunt.",nec hic modus berylli penitus fuit absconditus aristoteli qui saepe discurrit reperiendo primum per hoc argumentum ubi reperitur participatio unius secundum magis et minus in diversis necesse est deveniri ad primum in quo ipsum est primum ut de calore qui in diversis participatur devenitur ad ignem in quo primum est ut in fonte a quo alia omnia calorem recipiunt,nec hic modus berylli penitus fuit absconditus aristoteli qui saepe discurrit reperiendo primum per hoc argumentum ubi reperitur participatio unius secundum magis et minus in diuersis necesse est deueniri ad primum in quo ipsum est primum ut de calore qui in diuersis participatur deuenitur ad ignem in quo primum est ut in fonte a quo alia omnia calorem recipiunt
12149,body,33,0,False,,"Sic Albertus illa regula utens quaerit primum, in quo est ratio fontalis entis omnium entitatem participantium, sic et principium cognoscendi, ubi ita dicit: «Cum intelligentia, anima rationalis et sensitiva communicent in virtute cognoscendi, oportet quod recipiant hanc naturam ab aliquo, in quo est primo sicut in fonte, et hic est deus.",sic albertus illa regula utens quaerit primum in quo est ratio fontalis entis omnium entitatem participantium sic et principium cognoscendi ubi ita dicit cum intelligentia anima rationalis et sensitiva communicent in virtute cognoscendi oportet quod recipiant hanc naturam ab aliquo in quo est primo sicut in fonte et hic est deus,sic albertus illa regula utens quaerit primum in quo est ratio fontalis entis omnium entitatem participantium sic et principium cognoscendi ubi ita dicit cum intelligentia anima rationalis et sensitiua communicent in uirtute cognoscendi oportet quod recipiant hanc naturam ab aliquo in quo est primo sicut in fonte et hic est deus
12149,body,33,1,False,,"Impossibile est autem quod aequaliter recipiant ab eo, quia sic essent aeque propinquae principio et aequalis virtutis in cognoscendo.",impossibile est autem quod aequaliter recipiant ab eo quia sic essent aeque propinquae principio et aequalis virtutis in cognoscendo,impossibile est autem quod aequaliter recipiant ab eo quia sic essent aeque propinquae principio et aequalis uirtutis in cognoscendo
12149,body,33,2,False,,"Unde primo recipitur in intelligentia», quae habet «tantum de esse intelligentiae, quantum participat de radio divino.",unde primo recipitur in intelligentia quae habet tantum de esse intelligentiae quantum participat de radio divino,unde primo recipitur in intelligentia quae habet tantum de esse intelligentiae quantum participat de radio diuino
12149,body,33,3,False,,"Similiter anima rationalis tantum participat de virtute cognoscitiva, quantum capit de radio intelligentiae, licet obumbretur in illa».",similiter anima rationalis tantum participat de virtute cognoscitiva quantum capit de radio intelligentiae licet obumbretur in illa,similiter anima rationalis tantum participat de uirtute cognoscitiua quantum capit de radio intelligentiae licet obumbretur in illa
12149,body,33,4,False,,"Sic et «anima sensibilis participat de cognitione, quantum imprimitur in ipsa radius rationalis animae, licet obumbretur in ipsa».",sic et anima sensibilis participat de cognitione quantum imprimitur in ipsa radius rationalis animae licet obumbretur in ipsa,sic et anima sensibilis participat de cognitione quantum imprimitur in ipsa radius rationalis animae licet obumbretur in ipsa
12149,body,33,5,False,,"Sed sensitiva est ultima, quae «non influit ulterius virtutem cognoscitivam».",sed sensitiva est ultima quae non influit ulterius virtutem cognoscitivam,sed sensitiua est ultima quae non influit ulterius uirtutem cognoscitiuam
12149,body,33,6,False,,"Sed, ut ait, «anima rationalis non» influit in sensum, «nisi sibi» sit coniunctus.",sed ut ait anima rationalis non influit in sensum nisi sibi sit coniunctus,sed ut ait anima rationalis non influit in sensum nisi sibi sit coniunctus
12149,body,33,7,False,,Sic nec «primum influit in secundum nisi ei coniunctum».,sic nec primum influit in secundum nisi ei coniunctum,sic nec primum influit in secundum nisi ei coniunctum
12149,body,33,8,False,,"Non intelligas intelligentiam creare animas aut animam sensum, «sed quod radius in primo horum» a sapientia aeterna receptus «est exemplar et quasi seminale secundi.",non intelligas intelligentiam creare animas aut animam sensum sed quod radius in primo horum a sapientia aeterna receptus est exemplar et quasi seminale secundi,non intelligas intelligentiam creare animas aut animam sensum sed quod radius in primo horum a sapientia aeterna receptus est exemplar et quasi seminale secundi
12149,body,33,9,True,,"» «Et quia radius iste semper recipitur» in virtute minoratus, ideo anima non recipit radium secundum esse intelligibile, nec vegetabilis ab anima sensitiva recipit radium cognoscitivum.",et quia radius iste semper recipitur in virtute minoratus ideo anima non recipit radium secundum esse intelligibile nec vegetabilis ab anima sensitiva recipit radium cognoscitivum,et quia radius iste semper recipitur in uirtute minoratus ideo anima non recipit radium secundum esse intelligibile nec uegetabilis ab anima sensitiua recipit radium cognoscitiuum
12149,body,34,0,False,,"Idem magnus Albertus in allegatis commentariis assimilat illum divinum radium illuminantem naturam cognoscitivam radio solis, qui in se consideratus, antequam subintret aërem, est universalis et simplex et «in aëre» recipitur «in profundo» ipsum penetrando et penitus illuminando.",idem magnus albertus in allegatis commentariis assimilat illum divinum radium illuminantem naturam cognoscitivam radio solis qui in se consideratus antequam subintret aërem est universalis et simplex et in aëre recipitur in profundo ipsum penetrando et penitus illuminando,idem magnus albertus in allegatis commentariis assimilat illum diuinum radium illuminantem naturam cognoscitiuam radio solis qui in se consideratus antequam subintret aerem est uniuersalis et simplex et in aere recipitur in profundo ipsum penetrando et penitus illuminando
12149,body,34,1,True,,"Deinde «recipitur in superficie in corporibus terminatis», ubi secundum variam dispositionem varios causat colores, album et clarum, si est superficies clara, nigrum, si obscura, et medios colores secundum dispositionem mediam.",deinde recipitur in superficie in corporibus terminatis ubi secundum variam dispositionem varios causat colores album et clarum si est superficies clara nigrum si obscura et medios colores secundum dispositionem mediam,deinde recipitur in superficie in corporibus terminatis ubi secundum uariam dispositionem uarios causat colores album et clarum si est superficies clara nigrum si obscura et medios colores secundum dispositionem mediam
12149,body,35,0,False,,"Sic principium primum, scilicet sapientia dei seu divina cognitio, quae est essentia dei manens et incommunicabilis, radio suo, qui est una forma cognoscitiva, se habet, quoniam quasdam naturas illuminat, ut cognoscant «simplices quiditates rerum, et haec cognitio est secundum maximum fulgorem, qui possibilis est», recipi «in creatura», et hoc in intelligentiis.",sic principium primum scilicet sapientia dei seu divina cognitio quae est essentia dei manens et incommunicabilis radio suo qui est una forma cognoscitiva se habet quoniam quasdam naturas illuminat ut cognoscant simplices quiditates rerum et haec cognitio est secundum maximum fulgorem qui possibilis est recipi in creatura et hoc in intelligentiis,sic principium primum scilicet sapientia dei seu diuina cognitio quae est essentia dei manens et incommunicabilis radio suo qui est una forma cognoscitiua se habet quoniam quasdam naturas illuminat ut cognoscant simplices quiditates rerum et haec cognitio est secundum maximum fulgorem qui possibilis est recipi in creatura et hoc in intelligentiis
12149,body,35,1,False,,"In aliis recipitur, ubi non operatur talem cognitionem simplicium quiditatum, sed mixtarum «cum continuo et tempore sicut in hominibus».",in aliis recipitur ubi non operatur talem cognitionem simplicium quiditatum sed mixtarum cum continuo et tempore sicut in hominibus,in aliis recipitur ubi non operatur talem cognitionem simplicium quiditatum sed mixtarum cum continuo et tempore sicut in hominibus
12149,body,35,2,True,,"Ibi enim incipit cognitio «a sensibus, ideo oportet, quod conferendo unum ad alterum perveniat ad simplex intelligibile. »",ibi enim incipit cognitio a sensibus ideo oportet quod conferendo unum ad alterum perveniat ad simplex intelligibile,ibi enim incipit cognitio a sensibus ideo oportet quod conferendo unum ad alterum perueniat ad simplex intelligibile
12149,body,36,0,False,,"Quare Isaac dicebat «quod ratio oritur in umbra intelligentiae et sensus in umbra rationis», ubi «occumbit» cognitio.",quare isaac dicebat quod ratio oritur in umbra intelligentiae et sensus in umbra rationis ubi occumbit cognitio,quare isaac dicebat quod ratio oritur in umbra intelligentiae et sensus in umbra rationis ubi occumbit cognitio
12149,body,36,1,False,,"Unde «anima vegetabilis oritur in umbra sensus» et non participat de radio cognoscitivo, ita quod possit recipere «speciem et ab appendiciis materiae separare», ut fiat «simplex cognoscibile».",unde anima vegetabilis oritur in umbra sensus et non participat de radio cognoscitivo ita quod possit recipere speciem et ab appendiciis materiae separare ut fiat simplex cognoscibile,unde anima uegetabilis oritur in umbra sensus et non participat de radio cognoscitiuo ita quod possit recipere speciem et ab appendiciis materiae separare ut fiat simplex cognoscibile
12149,body,36,2,True,,"Avicenna vero suscipit aenigma in igne et vario eius essendi modo ab aethere deorsum, usquequo in lapide penitus obumbretur.",avicenna vero suscipit aenigma in igne et vario eius essendi modo ab aethere deorsum usquequo in lapide penitus obumbretur,auicenna uero suscipit aenigma in igne et uario eius essendi modo ab aethere deorsum usquequo in lapide penitus obumbretur
12149,body,37,0,False,,Hi omnes et quotquot vidi scribentes caruerunt beryllo.,hi omnes et quotquot vidi scribentes caruerunt beryllo,hi omnes et quotquot uidi scribentes caruerunt beryllo
12149,body,37,1,False,,"Et ideo arbitror, si constanti perseverantia secuti fuissent magnum Dionysium, clarius vidissent omnium principium atque commentaria fecissent in ipsum secundum ipsius scribentis intentionem.",et ideo arbitror si constanti perseverantia secuti fuissent magnum dionysium clarius vidissent omnium principium atque commentaria fecissent in ipsum secundum ipsius scribentis intentionem,et ideo arbitror si constanti perseuerantia secuti fuissent magnum dionysium clarius uidissent omnium principium atque commentaria fecissent in ipsum secundum ipsius scribentis intentionem
12149,body,37,2,False,,"Sed quando ad oppositorum coniunctionem perveniunt, textum magistri divini disiunctive interpretantur.",sed quando ad oppositorum coniunctionem perveniunt textum magistri divini disiunctive interpretantur,sed quando ad oppositorum coniunctionem perueniunt textum magistri diuini disiunctiue interpretantur
12149,body,37,3,False,,Magnum est posse se stabiliter in coniunctione figere oppositorum.,magnum est posse se stabiliter in coniunctione figere oppositorum,magnum est posse se stabiliter in coniunctione figere oppositorum
12149,body,37,4,False,,"Nam etsi sciamus ita fieri debere, tamen, quando ad discursum rationis revertimur, labimur frequenter et visionis certissimae nitimur rationes reddere, quae est supra omnem rationem, et ideo tunc cadimus de divinis ad humana et instabiles atque exiles rationes adducimus.",nam etsi sciamus ita fieri debere tamen quando ad discursum rationis revertimur labimur frequenter et visionis certissimae nitimur rationes reddere quae est supra omnem rationem et ideo tunc cadimus de divinis ad humana et instabiles atque exiles rationes adducimus,nam etsi sciamus ita fieri debere tamen quando ad discursum rationis reuertimur labimur frequenter et uisionis certissimae nitimur rationes reddere quae est supra omnem rationem et ideo tunc cadimus de diuinis ad humana et instabiles atque exiles rationes adducimus
12149,body,37,5,False,,"Hoc Plato in Epistulis, ubi de visione primae causae praemisit, omnibus accidere astruit.",hoc plato in epistulis ubi de visione primae causae praemisit omnibus accidere astruit,hoc plato in epistulis ubi de uisione primae causae praemisit omnibus accidere astruit
12149,body,37,6,False,,"Tu igitur si volueris aeternam sapientiam sive principium cognoscitivum videre, posito beryllo ipsum videas per maximum pariter et minimum cognoscibile.",tu igitur si volueris aeternam sapientiam sive principium cognoscitivum videre posito beryllo ipsum videas per maximum pariter et minimum cognoscibile,tu igitur si uolueris aeternam sapientiam siue principium cognoscitiuum uidere posito beryllo ipsum uideas per maximum pariter et minimum cognoscibile
12149,body,37,7,False,,"Et in aenigmate quemadmodum de angulis inquire acutas, formales, simplices et penetrativas naturas cognoscitivas uti angulos acutos, alias obtusiores et demum obtusissimas uti obtusos angulos.",et in aenigmate quemadmodum de angulis inquire acutas formales simplices et penetrativas naturas cognoscitivas uti angulos acutos alias obtusiores et demum obtusissimas uti obtusos angulos,et in aenigmate quemadmodum de angulis inquire acutas formales simplices et penetratiuas naturas cognoscitiuas uti angulos acutos alias obtusiores et demum obtusissimas uti obtusos angulos
12149,body,37,8,True,,"Et omnes gradus venari poteris possibiles, et quemadmodum de hoc sic dixi, ita de quibuscumque sic se habentibus.",et omnes gradus venari poteris possibiles et quemadmodum de hoc sic dixi ita de quibuscumque sic se habentibus,et omnes gradus uenari poteris possibiles et quemadmodum de hoc sic dixi ita de quibuscumque sic se habentibus
12149,body,38,0,False,,Dubitas fortassis quomodo videtur principium unitrinum.,dubitas fortassis quomodo videtur principium unitrinum,dubitas fortassis quomodo uidetur principium unitrinum
12149,body,38,1,False,,Respondeo: Omne principium est indivisibile omni divisione suorum effectuum seu principiatorum.,respondeo omne principium est indivisibile omni divisione suorum effectuum seu principiatorum,respondeo omne principium est indiuisibile omni diuisione suorum effectuum seu principiatorum
12149,body,38,2,False,,Primum igitur principium est ipsa simplicissima atque perfectissima indivisibilitas.,primum igitur principium est ipsa simplicissima atque perfectissima indivisibilitas,primum igitur principium est ipsa simplicissima atque perfectissima indiuisibilitas
12149,body,38,3,True,,"In essentia autem perfectissimae indivisibilitatis video unitatem, quae est fons indivisibilitatis, video aequalitatem, quae est indivisibilitas unitatis, et video nexum, qui est indivisibilitas unitatis et aequalitatis.",in essentia autem perfectissimae indivisibilitatis video unitatem quae est fons indivisibilitatis video aequalitatem quae est indivisibilitas unitatis et video nexum qui est indivisibilitas unitatis et aequalitatis,in essentia autem perfectissimae indiuisibilitatis uideo unitatem quae est fons indiuisibilitatis uideo aequalitatem quae est indiuisibilitas unitatis et uideo nexum qui est indiuisibilitas unitatis et aequalitatis
12149,body,39,0,True,,Et capio aenigma et intueor a c b angulum et considero c punctum primum principium anguli et lineas c a et c b secundum principium;,et capio aenigma et intueor a c b angulum et considero c punctum primum principium anguli et lineas c a et c b secundum principium,et capio aenigma et intueor a c b angulum et considero c punctum primum principium anguli et lineas c a et c b secundum principium
12149,body,40,0,True,,"c punctus principium est unitrinum, nam est principium c a lineae, quae est linea immobilis, et lineae c b, quae est linea differentiativa formans; et video c punctum utriusque nexum, et quod c punctus est intimius et proximius principium anguli, scilicet principium simul et terminus anguli, incipit enim in c puncto et in eodem terminatur.",c punctus principium est unitrinum nam est principium c a lineae quae est linea immobilis et lineae c b quae est linea differentiativa formans et video c punctum utriusque nexum et quod c punctus est intimius et proximius principium anguli scilicet principium simul et terminus anguli incipit enim in c puncto et in eodem terminatur,c punctus principium est unitrinum nam est principium c a lineae quae est linea immobilis et lineae c b quae est linea differentiatiua formans et uideo c punctum utriusque nexum et quod c punctus est intimius et proximius principium anguli scilicet principium simul et terminus anguli incipit enim in c puncto et in eodem terminatur
12149,body,41,0,False,,"Dum igitur intueor in c unitrinum principium, video ipsum esse fontem, unde primo emanat unitas seu necessitas omnia uniens et constringens.",dum igitur intueor in c unitrinum principium video ipsum esse fontem unde primo emanat unitas seu necessitas omnia uniens et constringens,dum igitur intueor in c unitrinum principium uideo ipsum esse fontem unde primo emanat unitas seu necessitas omnia uniens et constringens
12149,body,41,1,False,,"Deinde video ipsum princpium, unde emanat aequalitas omnia quantumcumque varia formans seu adaequans, quocumque motu hoc fieri oporteat.",deinde video ipsum princpium unde emanat aequalitas omnia quantumcumque varia formans seu adaequans quocumque motu hoc fieri oporteat,deinde uideo ipsum princpium unde emanat aequalitas omnia quantumcumque uaria formans seu adaequans quocumque motu hoc fieri oporteat
12149,body,41,2,False,,"Sic video ipsum c principium, unde emanat nexus et conservatio omnium constrictorum et formatorum.",sic video ipsum c principium unde emanat nexus et conservatio omnium constrictorum et formatorum,sic uideo ipsum c principium unde emanat nexus et conseruatio omnium constrictorum et formatorum
12149,body,41,3,True,,"Video igitur ipsum principium simplicissimum unitrinum, ut sua indivisibilitas sit perfectissima et sit omnium causa, quae in sua indivisibili essentia sive terna indivisibilitate subsistere nequeunt.",video igitur ipsum principium simplicissimum unitrinum ut sua indivisibilitas sit perfectissima et sit omnium causa quae in sua indivisibili essentia sive terna indivisibilitate subsistere nequeunt,uideo igitur ipsum principium simplicissimum unitrinum ut sua indiuisibilitas sit perfectissima et sit omnium causa quae in sua indiuisibili essentia siue terna indiuisibilitate subsistere nequeunt
12149,body,42,0,False,,"Tetigerunt philosophi hanc trinitatem, quam viderunt in principio esse, a causato ad causam ascendendo.",tetigerunt philosophi hanc trinitatem quam viderunt in principio esse a causato ad causam ascendendo,tetigerunt philosophi hanc trinitatem quam uiderunt in principio esse a causato ad causam ascendendo
12149,body,42,1,False,,"Anaxagoras et ante eum Emortinus Clasomenus, ut vult Aristoteles, fuit primus, qui intellectuale vidit principium.",anaxagoras et ante eum emortinus clasomenus ut vult aristoteles fuit primus qui intellectuale vidit principium,anaxagoras et ante eum emortinus clasomenus ut uult aristoteles fuit primus qui intellectuale uidit principium
12149,body,42,2,False,,"Quem Plato extulit eius libros saepissime legens, quia visum sibi fuit quod «magistrum invenisset».",quem plato extulit eius libros saepissime legens quia visum sibi fuit quod magistrum invenisset,quem plato extulit eius libros saepissime legens quia uisum sibi fuit quod magistrum inuenisset
12149,body,42,3,False,,"Et quae Plato de eo dicit, illa et Aristoteles.",et quae plato de eo dicit illa et aristoteles,et quae plato de eo dicit illa et aristoteles
12149,body,42,4,False,,Ipse enim Anaxagoras tam Platoni quam Aristoteli oculos aperuit.,ipse enim anaxagoras tam platoni quam aristoteli oculos aperuit,ipse enim anaxagoras tam platoni quam aristoteli oculos aperuit
12149,body,42,5,False,,Nisus est autem uterque hoc principium per rationem reperire.,nisus est autem uterque hoc principium per rationem reperire,nisus est autem uterque hoc principium per rationem reperire
12149,body,42,6,False,,"Et Plato principium, a quo omnia condita, nominavit conditorem intellectum et eius patrem deum ac cunctorum causam.",et plato principium a quo omnia condita nominavit conditorem intellectum et eius patrem deum ac cunctorum causam,et plato principium a quo omnia condita nominauit conditorem intellectum et eius patrem deum ac cunctorum causam
12149,body,42,7,False,,"Et ita primo apud primum omnia esse dixit, ut sunt in triplici causa efficienti, formali et finali.",et ita primo apud primum omnia esse dixit ut sunt in triplici causa efficienti formali et finali,et ita primo apud primum omnia esse dixit ut sunt in triplici causa efficienti formali et finali
12149,body,42,8,False,,"Secundo dixit omnia esse in conditore intellectu, quem primam dicit dei creaturam, et asserit generationem eius a primo esse quasi filius a patre.",secundo dixit omnia esse in conditore intellectu quem primam dicit dei creaturam et asserit generationem eius a primo esse quasi filius a patre,secundo dixit omnia esse in conditore intellectu quem primam dicit dei creaturam et asserit generationem eius a primo esse quasi filius a patre
12149,body,42,9,False,,"Hunc intellectum, quem etiam sacrae litterae sapientiam «ab initio et ante» omnia «saecula» creatam et primogenitam omnis creaturae nominant, dicit conditorem quasi inter causam et causata sensibilia mediatorem, qui exsequitur imperium seu intentionem patris.",hunc intellectum quem etiam sacrae litterae sapientiam ab initio et ante omnia saecula creatam et primogenitam omnis creaturae nominant dicit conditorem quasi inter causam et causata sensibilia mediatorem qui exsequitur imperium seu intentionem patris,hunc intellectum quem etiam sacrae litterae sapientiam ab initio et ante omnia saecula creatam et primogenitam omnis creaturae nominant dicit conditorem quasi inter causam et causata sensibilia mediatorem qui exsequitur imperium seu intentionem patris
12149,body,42,10,True,,"Tertio vidit per universum diffundi spiritum seu motum cuncta, quae in mundo sunt, conectentem et conservantem.",tertio vidit per universum diffundi spiritum seu motum cuncta quae in mundo sunt conectentem et conservantem,tertio uidit per uniuersum diffundi spiritum seu motum cuncta quae in mundo sunt conectentem et conseruantem
12149,body,43,0,False,,"Apud igitur deum omnia vidit primo modo essendi primo et simplicissimo, sicut omnia sunt in potestate effectiva et omnipotenti.",apud igitur deum omnia vidit primo modo essendi primo et simplicissimo sicut omnia sunt in potestate effectiva et omnipotenti,apud igitur deum omnia uidit primo modo essendi primo et simplicissimo sicut omnia sunt in potestate effectiua et omnipotenti
12149,body,43,1,False,,Secundo vidit omnia esse sicut in exsecutore imperii sapientissimo.,secundo vidit omnia esse sicut in exsecutore imperii sapientissimo,secundo uidit omnia esse sicut in exsecutore imperii sapientissimo
12149,body,43,2,False,,Et hunc essendi modum vocat secundum.,et hunc essendi modum vocat secundum,et hunc essendi modum uocat secundum
12149,body,43,3,False,,"Tertio vidit omnia esse ut in instrumento exsecutoris, scilicet in motu, nam per motum quae fiunt ad effectum producuntur.",tertio vidit omnia esse ut in instrumento exsecutoris scilicet in motu nam per motum quae fiunt ad effectum producuntur,tertio uidit omnia esse ut in instrumento exsecutoris scilicet in motu nam per motum quae fiunt ad effectum producuntur
12149,body,43,4,False,,"Et hunc essendi modum tertium animam mundi nominavit Aristoteles, licet non utatur terminis illis.",et hunc essendi modum tertium animam mundi nominavit aristoteles licet non utatur terminis illis,et hunc essendi modum tertium animam mundi nominauit aristoteles licet non utatur terminis illis
12149,body,43,5,False,,"Idem videtur dicere quoad deum, scilicet quod omnia apud ipsum sint ut in causa unitrina quodque omnes formae sint in intelligentia motrice caeli et in motu animato anima nobili.",idem videtur dicere quoad deum scilicet quod omnia apud ipsum sint ut in causa unitrina quodque omnes formae sint in intelligentia motrice caeli et in motu animato anima nobili,idem uidetur dicere quoad deum scilicet quod omnia apud ipsum sint ut in causa unitrina quodque omnes formae sint in intelligentia motrice caeli et in motu animato anima nobili
12149,body,43,6,False,,"Ipse autem ‚intelligentias plenas formis‘ multiplicat secundum multitudinem orbium caeli, quia eas dicit motrices orbium.",ipse autem intelligentias plenas formis multiplicat secundum multitudinem orbium caeli quia eas dicit motrices orbium,ipse autem intelligentias plenas formis multiplicat secundum multitudinem orbium caeli quia eas dicit motrices orbium
12149,body,43,7,False,,Tamen secundum regulam suam omnium intelligentiarum moventium ad primum motorem necessario deveniri oportere ostendit.,tamen secundum regulam suam omnium intelligentiarum moventium ad primum motorem necessario deveniri oportere ostendit,tamen secundum regulam suam omnium intelligentiarum mouentium ad primum motorem necessario deueniri oportere ostendit
12149,body,43,8,True,,Et hunc nominat principem seu primum intellectum.,et hunc nominat principem seu primum intellectum,et hunc nominat principem seu primum intellectum
12149,body,44,0,False,,"Plato autem considerans multitudinem intelligentiarum vidit intellectum, cuius participatione omnes intelligentiae sunt intelligentiae.",plato autem considerans multitudinem intelligentiarum vidit intellectum cuius participatione omnes intelligentiae sunt intelligentiae,plato autem considerans multitudinem intelligentiarum uidit intellectum cuius participatione omnes intelligentiae sunt intelligentiae
12149,body,44,1,False,,"Et quia vidit primum deum absolutum, simplicissimum, imparticipabile et incommunicabile principium, ideo communicabilem intellectum in diis multis seu intelligentiis varie participatum et communicatum arbitrabatur primam creaturam.",et quia vidit primum deum absolutum simplicissimum imparticipabile et incommunicabile principium ideo communicabilem intellectum in diis multis seu intelligentiis varie participatum et communicatum arbitrabatur primam creaturam,et quia uidit primum deum absolutum simplicissimum imparticipabile et incommunicabile principium ideo communicabilem intellectum in diis multis seu intelligentiis uarie participatum et communicatum arbitrabatur primam creaturam
12149,body,44,2,False,,"Ita etiam animam mundi, quae in omnibus animabus communicabiliter participatur, ante omnes animas, quasi in qua prioriter omnes complicantur ut in suo principio, esse credidit.",ita etiam animam mundi quae in omnibus animabus communicabiliter participatur ante omnes animas quasi in qua prioriter omnes complicantur ut in suo principio esse credidit,ita etiam animam mundi quae in omnibus animabus communicabiliter participatur ante omnes animas quasi in qua prioriter omnes complicantur ut in suo principio esse credidit
12149,body,44,3,True,,"De his igitur tribus essendi modis prioriter et quomodo sortiantur nomina fatorum, in Docta ignorantia memor sum quaedam dixisse.",de his igitur tribus essendi modis prioriter et quomodo sortiantur nomina fatorum in docta ignorantia memor sum quaedam dixisse,de his igitur tribus essendi modis prioriter et quomodo sortiantur nomina fatorum in docta ignorantia memor sum quaedam dixisse
12149,body,45,0,False,,"Solum autem notes non esse necessarium universalem esse creatum intellectum aut universalem mundi animam propter participationem, quae Platonem movit.",solum autem notes non esse necessarium universalem esse creatum intellectum aut universalem mundi animam propter participationem quae platonem movit,solum autem notes non esse necessarium uniuersalem esse creatum intellectum aut uniuersalem mundi animam propter participationem quae platonem mouit
12149,body,45,1,False,,"Sed ad omnem essendi modum sufficit abunde primum principium unitrinum, licet sit absolutum et superexaltatum, cum non sit principium contractum ut natura, quae ex necessitate operatur, sed sit principium ipsius naturae et ita supernaturale, liberum, quod voluntate creat omnia.",sed ad omnem essendi modum sufficit abunde primum principium unitrinum licet sit absolutum et superexaltatum cum non sit principium contractum ut natura quae ex necessitate operatur sed sit principium ipsius naturae et ita supernaturale liberum quod voluntate creat omnia,sed ad omnem essendi modum sufficit abunde primum principium unitrinum licet sit absolutum et superexaltatum cum non sit principium contractum ut natura quae ex necessitate operatur sed sit principium ipsius naturae et ita supernaturale liberum quod uoluntate creat omnia
12149,body,45,2,False,,"Illa vero, quae voluntate fiunt, in tantum sunt, in quantum voluntati conformantur, et ita eorum forma est intentio imperantis.",illa vero quae voluntate fiunt in tantum sunt in quantum voluntati conformantur et ita eorum forma est intentio imperantis,illa uero quae uoluntate fiunt in tantum sunt in quantum uoluntati conformantur et ita eorum forma est intentio imperantis
12149,body,45,3,False,,"Intentio autem est similitudo intendentis, quae est communicabilis et receptibilis in alio.",intentio autem est similitudo intendentis quae est communicabilis et receptibilis in alio,intentio autem est similitudo intendentis quae est communicabilis et receptibilis in alio
12149,body,45,4,True,,Omnis igitur creatura est intentio voluntatis omnipotentis.,omnis igitur creatura est intentio voluntatis omnipotentis,omnis igitur creatura est intentio uoluntatis omnipotentis
12149,body,46,0,False,,Istud ignorabant tam Plato quam Aristoteles.,istud ignorabant tam plato quam aristoteles,istud ignorabant tam plato quam aristoteles
12149,body,46,1,False,,"Aperte enim uterque credidit conditorem intellectum ex necessitate naturae omnia facere, et ex hoc omnis eorum error secutus est.",aperte enim uterque credidit conditorem intellectum ex necessitate naturae omnia facere et ex hoc omnis eorum error secutus est,aperte enim uterque credidit conditorem intellectum ex necessitate naturae omnia facere et ex hoc omnis eorum error secutus est
12149,body,46,2,False,,"Nam licet non operetur «per accidens sicut ignis per calorem», ut bene dicit Avicenna, nullum enim accidens cadere potest in eius «simplicitatem», et per hoc videatur agere «per essentiam», non tamen propterea agit quasi natura seu instrumentum necessitatum per superioris imperium, sed per liberam voluntatem, quae est et essentia eius.",nam licet non operetur per accidens sicut ignis per calorem ut bene dicit avicenna nullum enim accidens cadere potest in eius simplicitatem et per hoc videatur agere per essentiam non tamen propterea agit quasi natura seu instrumentum necessitatum per superioris imperium sed per liberam voluntatem quae est et essentia eius,nam licet non operetur per accidens sicut ignis per calorem ut bene dicit auicenna nullum enim accidens cadere potest in eius simplicitatem et per hoc uideatur agere per essentiam non tamen propterea agit quasi natura seu instrumentum necessitatum per superioris imperium sed per liberam uoluntatem quae est et essentia eius
12149,body,46,3,True,,"Bene vidit Aristoteles in Metaphysica, quomodo omnia in principio primo sunt ipsum, sed non attendit voluntatem eius non esse aliud a ratione eius et essentia.",bene vidit aristoteles in metaphysica quomodo omnia in principio primo sunt ipsum sed non attendit voluntatem eius non esse aliud a ratione eius et essentia,bene uidit aristoteles in metaphysica quomodo omnia in principio primo sunt ipsum sed non attendit uoluntatem eius non esse aliud a ratione eius et essentia
12149,body,47,0,False,,"Quomodo autem Plato habuerit de unitrino principio conceptum et quam propinque admodum nostrae Christianae theologiae, Eusebius Pamphili in libro Praeparatoriorum evangelii ex libris Numenii, qui secreta Platonis conscripsit, et Plotini atque aliorum collegit.",quomodo autem plato habuerit de unitrino principio conceptum et quam propinque admodum nostrae christianae theologiae eusebius pamphili in libro praeparatoriorum evangelii ex libris numenii qui secreta platonis conscripsit et plotini atque aliorum collegit,quomodo autem plato habuerit de unitrino principio conceptum et quam propinque admodum nostrae christianae theologiae eusebius pamphili in libro praeparatoriorum euangelii ex libris numenii qui secreta platonis conscripsit et plotini atque aliorum collegit
12149,body,47,1,False,,"Aristoteles etiam in sua Metaphysica, quam ipse theologiam appellat, multa conformia veritati ratione ostendit, scilicet principium esse intellectum penitus in actu, qui se ipsum intelligit, ex quo delectatio summa.",aristoteles etiam in sua metaphysica quam ipse theologiam appellat multa conformia veritati ratione ostendit scilicet principium esse intellectum penitus in actu qui se ipsum intelligit ex quo delectatio summa,aristoteles etiam in sua metaphysica quam ipse theologiam appellat multa conformia ueritati ratione ostendit scilicet principium esse intellectum penitus in actu qui se ipsum intelligit ex quo delectatio summa
12149,body,47,2,False,,Hoc quidem et theologi nostri dicunt intellectum illum divinum se intelligendo de se et sua essentia et natura generare intelligibilem sui ipsius similitudinem adaequatissimam.,hoc quidem et theologi nostri dicunt intellectum illum divinum se intelligendo de se et sua essentia et natura generare intelligibilem sui ipsius similitudinem adaequatissimam,hoc quidem et theologi nostri dicunt intellectum illum diuinum se intelligendo de se et sua essentia et natura generare intelligibilem sui ipsius similitudinem adaequatissimam
12149,body,47,3,False,,"Intellectus enim generat verbum, in quo est substantialiter, et ex hoc procedit delectatio, in qua est generantis et geniti consubstantialitas.",intellectus enim generat verbum in quo est substantialiter et ex hoc procedit delectatio in qua est generantis et geniti consubstantialitas,intellectus enim generat uerbum in quo est substantialiter et ex hoc procedit delectatio in qua est generantis et geniti consubstantialitas
12149,body,47,4,False,,"Verum si de hoc principio tu vis habere omnem possibilem scientiam, considera in omni principiato quo est, quid est et nexum, et per beryllum maximi pariter et minimi principiati respice in omnium principiatorum principium.",verum si de hoc principio tu vis habere omnem possibilem scientiam considera in omni principiato quo est quid est et nexum et per beryllum maximi pariter et minimi principiati respice in omnium principiatorum principium,uerum si de hoc principio tu uis habere omnem possibilem scientiam considera in omni principiato quo est quid est et nexum et per beryllum maximi pariter et minimi principiati respice in omnium principiatorum principium
12149,body,47,5,False,,In ipso principio perfectissime modo divino reperies trinitatem principium simplicissimum omnis creaturae unitrinae.,in ipso principio perfectissime modo divino reperies trinitatem principium simplicissimum omnis creaturae unitrinae,in ipso principio perfectissime modo diuino reperies trinitatem principium simplicissimum omnis creaturae unitrinae
12149,body,47,6,True,,"Et attende me in simplici conceptu principiati trinitatem unitatis essentiae exprimere per ‚quo est‘ et ‚quid est‘ et ‚nexum‘, quae in sensibili substantia communiter nominantur forma, materia et compositum ut in homine anima, corpus et utriusque nexus.",et attende me in simplici conceptu principiati trinitatem unitatis essentiae exprimere per quo est et quid est et nexum quae in sensibili substantia communiter nominantur forma materia et compositum ut in homine anima corpus et utriusque nexus,et attende me in simplici conceptu principiati trinitatem unitatis essentiae exprimere per quo est et quid est et nexum quae in sensibili substantia communiter nominantur forma materia et compositum ut in homine anima corpus et utriusque nexus
12149,body,48,0,False,,"Aristoteles concordando omnes philosophos dicebat principia, quae substantiae insunt, contraria.",aristoteles concordando omnes philosophos dicebat principia quae substantiae insunt contraria,aristoteles concordando omnes philosophos dicebat principia quae substantiae insunt contraria
12149,body,48,1,False,,"Et tria nominavit principia, materiam, formam et privationem.",et tria nominavit principia materiam formam et privationem,et tria nominauit principia materiam formam et priuationem
12149,body,48,2,False,,"Arbitror ipsum, quamvis super omnes diligentissimus atque acutissimus habeatur discursor, atque omnes in uno maxime defecisse.",arbitror ipsum quamvis super omnes diligentissimus atque acutissimus habeatur discursor atque omnes in uno maxime defecisse,arbitror ipsum quamuis super omnes diligentissimus atque acutissimus habeatur discursor atque omnes in uno maxime defecisse
12149,body,48,3,False,,"Nam cum principia sint contraria, tertium principium utique necessarium non attigerunt et hoc ideo, quia contraria simul in ipso coincidere non putabant possibile, cum se expellant.",nam cum principia sint contraria tertium principium utique necessarium non attigerunt et hoc ideo quia contraria simul in ipso coincidere non putabant possibile cum se expellant,nam cum principia sint contraria tertium principium utique necessarium non attigerunt et hoc ideo quia contraria simul in ipso coincidere non putabant possibile cum se expellant
12149,body,48,4,True,,"Unde ex primo principio, quod negat contradictoria posse simul esse vera, ipse philosophus ostendit similiter contraria simul esse non posse.",unde ex primo principio quod negat contradictoria posse simul esse vera ipse philosophus ostendit similiter contraria simul esse non posse,unde ex primo principio quod negat contradictoria posse simul esse uera ipse philosophus ostendit similiter contraria simul esse non posse
12149,body,49,0,False,,"Beryllus noster acutius videre facit, ut videamus opposita in principio conexivo ante dualitatem, scilicet antequam sint duo contradictoria, sicut si minima contrariorum videremus coincidere, puta minimum calorem et minimum frigus, minimam tarditatem et minimam velocitatem et ita de omnibus, ut haec sint unum principium ante dualitatem utriusque contrarii, quemadmodum in libello De mathematica perfectione de minimo arcu et minima chorda quomodo coincidant dixi.",beryllus noster acutius videre facit ut videamus opposita in principio conexivo ante dualitatem scilicet antequam sint duo contradictoria sicut si minima contrariorum videremus coincidere puta minimum calorem et minimum frigus minimam tarditatem et minimam velocitatem et ita de omnibus ut haec sint unum principium ante dualitatem utriusque contrarii quemadmodum in libello de mathematica perfectione de minimo arcu et minima chorda quomodo coincidant dixi,beryllus noster acutius uidere facit ut uideamus opposita in principio conexiuo ante dualitatem scilicet antequam sint duo contradictoria sicut si minima contrariorum uideremus coincidere puta minimum calorem et minimum frigus minimam tarditatem et minimam uelocitatem et ita de omnibus ut haec sint unum principium ante dualitatem utriusque contrarii quemadmodum in libello de mathematica perfectione de minimo arcu et minima chorda quomodo coincidant dixi
12149,body,49,1,True,,"Unde sicut angulus minime acutus et minime obtusus est simplex angulus rectus, in quo minima contrariorum angulorum coincidunt, antequam acutus et obtusus sint duo anguli, ita est de principio conexionis, in quo simpliciter coincidunt minima contrariorum.",unde sicut angulus minime acutus et minime obtusus est simplex angulus rectus in quo minima contrariorum angulorum coincidunt antequam acutus et obtusus sint duo anguli ita est de principio conexionis in quo simpliciter coincidunt minima contrariorum,unde sicut angulus minime acutus et minime obtusus est simplex angulus rectus in quo minima contrariorum angulorum coincidunt antequam acutus et obtusus sint duo anguli ita est de principio conexionis in quo simpliciter coincidunt minima contrariorum
12149,body,50,0,False,,"Quod si Aristoteles principium, quod nominat privationem, sic intellexisset, ut scilicet privatio sit principium ponens coincidentiam contrariorum et ideo privatum contrarietate utriusque tamquam dualitatem, quae in contrariis est necessaria, praecedens, tunc bene vidisset.",quod si aristoteles principium quod nominat privationem sic intellexisset ut scilicet privatio sit principium ponens coincidentiam contrariorum et ideo privatum contrarietate utriusque tamquam dualitatem quae in contrariis est necessaria praecedens tunc bene vidisset,quod si aristoteles principium quod nominat priuationem sic intellexisset ut scilicet priuatio sit principium ponens coincidentiam contrariorum et ideo priuatum contrarietate utriusque tamquam dualitatem quae in contrariis est necessaria praecedens tunc bene uidisset
12149,body,50,1,False,,"Timor autem, ne contraria simul eidem inesse fateretur, abstulit sibi veritatem illius principii.",timor autem ne contraria simul eidem inesse fateretur abstulit sibi veritatem illius principii,timor autem ne contraria simul eidem inesse fateretur abstulit sibi ueritatem illius principii
12149,body,50,2,False,,"Et quia vidit tertium principium necessarium et esse debere privationem, fecit privationem sine positione principium.",et quia vidit tertium principium necessarium et esse debere privationem fecit privationem sine positione principium,et quia uidit tertium principium necessarium et esse debere priuationem fecit priuationem sine positione principium
12149,body,50,3,False,,"Post hoc non valens bene evadere quandam videtur incohationem formarum in materia ponere, quae si acute inspicitur, est in re nexus, de quo loquor.",post hoc non valens bene evadere quandam videtur incohationem formarum in materia ponere quae si acute inspicitur est in re nexus de quo loquor,post hoc non ualens bene euadere quandam uidetur incohationem formarum in materia ponere quae si acute inspicitur est in re nexus de quo loquor
12149,body,50,4,False,,Sed sic non intelligit nec nominat.,sed sic non intelligit nec nominat,sed sic non intelligit nec nominat
12149,body,50,5,False,,"Et ob hoc omnes philosophi ad spiritum, qui est principium conexionis et est tertia persona in divinis secundum nostram perfectam theologiam, non attigerunt, licet de patre et filio plerique eleganter dixerint, maxime Platonici, in quorum libris sanctus Augustinus evangelium Iohannis theologi nostri «in principio erat verbum» usque ad nomen Iohannis Baptistae et incarnationem se repperisse fatetur.",et ob hoc omnes philosophi ad spiritum qui est principium conexionis et est tertia persona in divinis secundum nostram perfectam theologiam non attigerunt licet de patre et filio plerique eleganter dixerint maxime platonici in quorum libris sanctus augustinus evangelium iohannis theologi nostri in principio erat verbum usque ad nomen iohannis baptistae et incarnationem se repperisse fatetur,et ob hoc omnes philosophi ad spiritum qui est principium conexionis et est tertia persona in diuinis secundum nostram perfectam theologiam non attigerunt licet de patre et filio plerique eleganter dixerint maxime platonici in quorum libris sanctus augustinus euangelium iohannis theologi nostri in principio erat uerbum usque ad nomen iohannis baptistae et incarnationem se repperisse fatetur
12149,body,50,6,True,,In quo quidem evangelio de spiritu sancto nulla fit mentio.,in quo quidem evangelio de spiritu sancto nulla fit mentio,in quo quidem euangelio de spiritu sancto nulla fit mentio
12149,body,51,0,False,,Oportet te valde haec quae dixi de hoc tertio notare principio.,oportet te valde haec quae dixi de hoc tertio notare principio,oportet te ualde haec quae dixi de hoc tertio notare principio
12149,body,51,1,False,,"Dicit Aristoteles et bene principia esse minima et indivisibilia quoad magnitudinem quantitatis, maxima quoad magnitudinem virtutis.",dicit aristoteles et bene principia esse minima et indivisibilia quoad magnitudinem quantitatis maxima quoad magnitudinem virtutis,dicit aristoteles et bene principia esse minima et indiuisibilia quoad magnitudinem quantitatis maxima quoad magnitudinem uirtutis
12149,body,51,2,False,,"Unde neque forma est divisibilis neque materia divisibilis, quia non est nec qualis nec quanta, neque nexus divisibilis.",unde neque forma est divisibilis neque materia divisibilis quia non est nec qualis nec quanta neque nexus divisibilis,unde neque forma est diuisibilis neque materia diuisibilis quia non est nec qualis nec quanta neque nexus diuisibilis
12149,body,51,3,False,,"Essentia igitur, quae in istis subsistit, est indivisibilis.",essentia igitur quae in istis subsistit est indivisibilis,essentia igitur quae in istis subsistit est indiuisibilis
12149,body,51,4,False,,"Et quia intellectus noster, qui non potest concipere simplex, cum conceptum faciat in imaginatione, quae ex sensibilibus sumit principium seu subiectum imaginis suae seu figurae, hinc est quod intellectus essentiam rerum concipere nequit.",et quia intellectus noster qui non potest concipere simplex cum conceptum faciat in imaginatione quae ex sensibilibus sumit principium seu subiectum imaginis suae seu figurae hinc est quod intellectus essentiam rerum concipere nequit,et quia intellectus noster qui non potest concipere simplex cum conceptum faciat in imaginatione quae ex sensibilibus sumit principium seu subiectum imaginis suae seu figurae hinc est quod intellectus essentiam rerum concipere nequit
12149,body,51,5,True,,Videt tamen eam supra imaginationem et conceptum suum indivisibilem triniter subsistere.,videt tamen eam supra imaginationem et conceptum suum indivisibilem triniter subsistere,uidet tamen eam supra imaginationem et conceptum suum indiuisibilem triniter subsistere
12149,body,52,0,False,,"Unde cum sic attente advertit, videt substantiam corporalem ut substantiam indivisibilem, sed per accidens divisibilem.",unde cum sic attente advertit videt substantiam corporalem ut substantiam indivisibilem sed per accidens divisibilem,unde cum sic attente aduertit uidet substantiam corporalem ut substantiam indiuisibilem sed per accidens diuisibilem
12149,body,52,1,False,,"Ideo dum dividitur corpus, non dividitur substantia, quia non dividitur in non corpus aut in partes substantiales, scilicet formam, materiam et nexum, quae proprius dicuntur principia quam partes, quia esset dividere indivisibile ab indivisibili, sicut punctum a puncto, quod non est possibile.",ideo dum dividitur corpus non dividitur substantia quia non dividitur in non corpus aut in partes substantiales scilicet formam materiam et nexum quae proprius dicuntur principia quam partes quia esset dividere indivisibile ab indivisibili sicut punctum a puncto quod non est possibile,ideo dum diuiditur corpus non diuiditur substantia quia non diuiditur in non corpus aut in partes substantiales scilicet formam materiam et nexum quae proprius dicuntur principia quam partes quia esset diuidere indiuisibile ab indiuisibili sicut punctum a puncto quod non est possibile
12149,body,52,2,False,,"Sed continuum dividitur in continua, potest enim eius subiectum, scilicet quantitas, recipere maius et minus.",sed continuum dividitur in continua potest enim eius subiectum scilicet quantitas recipere maius et minus,sed continuum diuiditur in continua potest enim eius subiectum scilicet quantitas recipere maius et minus
12149,body,52,3,False,,"Posse autem dividi venit ab indivisibili materia, quae non est indivisibilis propter unitatem ut forma seu parvitatem ut nexus, sed propter informitatem sicut nondum ens.",posse autem dividi venit ab indivisibili materia quae non est indivisibilis propter unitatem ut forma seu parvitatem ut nexus sed propter informitatem sicut nondum ens,posse autem diuidi uenit ab indiuisibili materia quae non est indiuisibilis propter unitatem ut forma seu paruitatem ut nexus sed propter informitatem sicut nondum ens
12149,body,52,4,False,,"Ideo dum est ens per formam, quae se ei valde immergit et fit multum materialis, tunc propter materiam dividitur quantitas.",ideo dum est ens per formam quae se ei valde immergit et fit multum materialis tunc propter materiam dividitur quantitas,ideo dum est ens per formam quae se ei ualde immergit et fit multum materialis tunc propter materiam diuiditur quantitas
12149,body,52,5,False,,"Unde per aenigma poteris differentias talium formarum investigare, quae sunt multum materiales et immersae et quae minus et quae valde simplices.",unde per aenigma poteris differentias talium formarum investigare quae sunt multum materiales et immersae et quae minus et quae valde simplices,unde per aenigma poteris differentias talium formarum inuestigare quae sunt multum materiales et immersae et quae minus et quae ualde simplices
12149,body,52,6,True,,"Et quoniam omnis corruptio, mutabilitas et divisio est a materia, statim videbis causas generationum et corruptionum et quaeque talia.",et quoniam omnis corruptio mutabilitas et divisio est a materia statim videbis causas generationum et corruptionum et quaeque talia,et quoniam omnis corruptio mutabilitas et diuisio est a materia statim uidebis causas generationum et corruptionum et quaeque talia
12149,body,53,0,False,,"Aristoteles quando Politicam conscribere proposuit, ad minimum tam oeconomicae quam politicae se contulit et in illo minimo, quomodo maximum se habere deberet, vidit dicens sic in aliis similiter faciendum.",aristoteles quando politicam conscribere proposuit ad minimum tam oeconomicae quam politicae se contulit et in illo minimo quomodo maximum se habere deberet vidit dicens sic in aliis similiter faciendum,aristoteles quando politicam conscribere proposuit ad minimum tam oeconomicae quam politicae se contulit et in illo minimo quomodo maximum se habere deberet uidit dicens sic in aliis similiter faciendum
12149,body,53,1,False,,"In Metaphysica autem dicit curvum et rectum in natura contrariari, quare unum non posse converti in aliud.",in metaphysica autem dicit curvum et rectum in natura contrariari quare unum non posse converti in aliud,in metaphysica autem dicit curuum et rectum in natura contrariari quare unum non posse conuerti in aliud
12149,body,53,2,False,,"In primo bene dixit, et puto quod, si quis maxima quaeque scire quaesierit et ad minimum oppositorum se converterit, utique secreta scibilia investigabit.",in primo bene dixit et puto quod si quis maxima quaeque scire quaesierit et ad minimum oppositorum se converterit utique secreta scibilia investigabit,in primo bene dixit et puto quod si quis maxima quaeque scire quaesierit et ad minimum oppositorum se conuerterit utique secreta scibilia inuestigabit
12149,body,53,3,False,,"In secundo de curvo et recto non bene consideravit, nam opponuntur et unum est utriusque minimum.",in secundo de curvo et recto non bene consideravit nam opponuntur et unum est utriusque minimum,in secundo de curuo et recto non bene considerauit nam opponuntur et unum est utriusque minimum
12149,body,53,4,False,,"Ipse forte haec sic dixit, ut ignorantiam suam de quadratura circuli, cuius mentionem saepe facit, excusaret.",ipse forte haec sic dixit ut ignorantiam suam de quadratura circuli cuius mentionem saepe facit excusaret,ipse forte haec sic dixit ut ignorantiam suam de quadratura circuli cuius mentionem saepe facit excusaret
12149,body,53,5,False,,"Habes autem superius principium esse indivisibile omni modo, quo divisio est in principiatis.",habes autem superius principium esse indivisibile omni modo quo divisio est in principiatis,habes autem superius principium esse indiuisibile omni modo quo diuisio est in principiatis
12149,body,53,6,False,,"Principiata igitur, quae contrarie dividuntur, habent principium eo modo indivisibile.",principiata igitur quae contrarie dividuntur habent principium eo modo indivisibile,principiata igitur quae contrarie diuiduntur habent principium eo modo indiuisibile
12149,body,53,7,False,,Ideo contraria eiusdem sunt generis.,ideo contraria eiusdem sunt generis,ideo contraria eiusdem sunt generis
12149,body,53,8,False,,"Facies tibi scientiam mediante beryllo et aenigmate de principio oppositorum et differentia et omnibus circa illa attingibilibus, sic generaliter de scientia per principium scibilium et differentiis eorum, uti in simili audisti superius.",facies tibi scientiam mediante beryllo et aenigmate de principio oppositorum et differentia et omnibus circa illa attingibilibus sic generaliter de scientia per principium scibilium et differentiis eorum uti in simili audisti superius,facies tibi scientiam mediante beryllo et aenigmate de principio oppositorum et differentia et omnibus circa illa attingibilibus sic generaliter de scientia per principium scibilium et differentiis eorum uti in simili audisti superius
12149,body,53,9,True,,Unus est enim in omnibus agendi modus.,unus est enim in omnibus agendi modus,unus est enim in omnibus agendi modus
12149,body,54,0,False,,"Sic si forte velis magnum Dionysium, qui deo multa nomina tribuit, ampliando ad beneplacitum extendere, cum beryllo et aenigmate ad cuiuslibet nominis principium pergas et quidquid humanitus dici potest deo te semper dirigente videbis.",sic si forte velis magnum dionysium qui deo multa nomina tribuit ampliando ad beneplacitum extendere cum beryllo et aenigmate ad cuiuslibet nominis principium pergas et quidquid humanitus dici potest deo te semper dirigente videbis,sic si forte uelis magnum dionysium qui deo multa nomina tribuit ampliando ad beneplacitum extendere cum beryllo et aenigmate ad cuiuslibet nominis principium pergas et quidquid humanitus dici potest deo te semper dirigente uidebis
12149,body,54,1,False,,"Etiam causas in natura subtilius attinges, scilicet quare «generatio unius est corruptio alterius».",etiam causas in natura subtilius attinges scilicet quare generatio unius est corruptio alterius,etiam causas in natura subtilius attinges scilicet quare generatio unius est corruptio alterius
12149,body,54,2,False,,"Videndo enim per beryllum unum contrarium vides in eo esse principium alterius contrarii, puta dum vides per maximam pariter et minimam caliditatem principium caliditatis non esse nisi indivisibilitatem omni modo divisionis caloris et ab omni calore separatum.",videndo enim per beryllum unum contrarium vides in eo esse principium alterius contrarii puta dum vides per maximam pariter et minimam caliditatem principium caliditatis non esse nisi indivisibilitatem omni modo divisionis caloris et ab omni calore separatum,uidendo enim per beryllum unum contrarium uides in eo esse principium alterius contrarii puta dum uides per maximam pariter et minimam caliditatem principium caliditatis non esse nisi indiuisibilitatem omni modo diuisionis caloris et ab omni calore separatum
12149,body,54,3,False,,"Principium enim nihil est omnium principiatorum, principiata autem principii caloris sunt calida, non est igitur calidum caloris principium.",principium enim nihil est omnium principiatorum principiata autem principii caloris sunt calida non est igitur calidum caloris principium,principium enim nihil est omnium principiatorum principiata autem principii caloris sunt calida non est igitur calidum caloris principium
12149,body,54,4,False,,"Id autem, quod est eiusdem generis et non calidum, video in frigido; et ita de contrariis aliis.",id autem quod est eiusdem generis et non calidum video in frigido et ita de contrariis aliis,id autem quod est eiusdem generis et non calidum uideo in frigido et ita de contrariis aliis
12149,body,54,5,True,,"Cum ergo in uno contrario sit principium alterius, ideo sunt circulares transmutationes et commune utriusque contrarii subiectum.",cum ergo in uno contrario sit principium alterius ideo sunt circulares transmutationes et commune utriusque contrarii subiectum,cum ergo in uno contrario sit principium alterius ideo sunt circulares transmutationes et commune utriusque contrarii subiectum
12149,body,55,0,False,,"Sic vides quomodo passio transmutatur in actionem, sicut discipulus patitur informationem, ut fiat magister seu informator, et subiectum post passionem calefactionis mutatur in ignem calefacientem, et sensus patitur impressionem speciei obiecti, ut fiat actu sentiens, et materia impressionem formae, ut sit actu.",sic vides quomodo passio transmutatur in actionem sicut discipulus patitur informationem ut fiat magister seu informator et subiectum post passionem calefactionis mutatur in ignem calefacientem et sensus patitur impressionem speciei obiecti ut fiat actu sentiens et materia impressionem formae ut sit actu,sic uides quomodo passio transmutatur in actionem sicut discipulus patitur informationem ut fiat magister seu informator et subiectum post passionem calefactionis mutatur in ignem calefacientem et sensus patitur impressionem speciei obiecti ut fiat actu sentiens et materia impressionem formae ut sit actu
12149,body,55,1,True,,"Oportet autem, ut advertas, quando de contrariis dico, quomodo illa, quae sunt eiusdem generis et aeque divisibilia, denoto; tunc enim in uno est alterius principium.",oportet autem ut advertas quando de contrariis dico quomodo illa quae sunt eiusdem generis et aeque divisibilia denoto tunc enim in uno est alterius principium,oportet autem ut aduertas quando de contrariis dico quomodo illa quae sunt eiusdem generis et aeque diuisibilia denoto tunc enim in uno est alterius principium
12149,body,56,0,False,,"Videtur mihi utique te post haec quaerere, quid ego aestimem ens esse, scilicet quaenam sit substantia.",videtur mihi utique te post haec quaerere quid ego aestimem ens esse scilicet quaenam sit substantia,uidetur mihi utique te post haec quaerere quid ego aestimem ens esse scilicet quaenam sit substantia
12149,body,56,1,True,,"Volo tibi quantum possum satisfacere, quamvis superiora quae dicturus sum contineant.",volo tibi quantum possum satisfacere quamvis superiora quae dicturus sum contineant,uolo tibi quantum possum satisfacere quamuis superiora quae dicturus sum contineant
12149,body,57,0,False,,Aristoteles scribit hanc quaestionem antiquam.,aristoteles scribit hanc quaestionem antiquam,aristoteles scribit hanc quaestionem antiquam
12149,body,57,1,False,,"Omnes indagatores veritatis semper quaesierunt huius dubii solutionem et adhuc quaerunt, ut ait.",omnes indagatores veritatis semper quaesierunt huius dubii solutionem et adhuc quaerunt ut ait,omnes indagatores ueritatis semper quaesierunt huius dubii solutionem et adhuc quaerunt ut ait
12149,body,57,2,False,,Ipse autem resolvit a solutione illius dubii omnem scientiam dependere.,ipse autem resolvit a solutione illius dubii omnem scientiam dependere,ipse autem resoluit a solutione illius dubii omnem scientiam dependere
12149,body,57,3,False,,"Scire enim ‚quid erat esse‘, hoc est rem ideo hoc esse, puta domum, quia ‚quod erat esse domui‘ hoc est, est attigisse altissimum scibile.",scire enim quid erat esse hoc est rem ideo hoc esse puta domum quia quod erat esse domui hoc est est attigisse altissimum scibile,scire enim quid erat esse hoc est rem ideo hoc esse puta domum quia quod erat esse domui hoc est est attigisse altissimum scibile
12149,body,57,4,False,,"Dum autem circa hoc sollicite quaereret, sursum deorsumque pergeret, et repperisset nec materiam fieri substantialem, cum sit possibilitas essendi.",dum autem circa hoc sollicite quaereret sursum deorsumque pergeret et repperisset nec materiam fieri substantialem cum sit possibilitas essendi,dum autem circa hoc sollicite quaereret sursum deorsumque pergeret et repperisset nec materiam fieri substantialem cum sit possibilitas essendi
12149,body,57,5,False,,"Quae si ab alio esset, id a quo possibilitas essendi fuisset, cum nihil nisi possibile fieri fiat.",quae si ab alio esset id a quo possibilitas essendi fuisset cum nihil nisi possibile fieri fiat,quae si ab alio esset id a quo possibilitas essendi fuisset cum nihil nisi possibile fieri fiat
12149,body,57,6,False,,Ideo non est possibilitas a possibilitate.,ideo non est possibilitas a possibilitate,ideo non est possibilitas a possibilitate
12149,body,57,7,False,,"Non ergo fit materia ab aliquo alio neque a nihilo, quia de nihilo nihil fit.",non ergo fit materia ab aliquo alio neque a nihilo quia de nihilo nihil fit,non ergo fit materia ab aliquo alio neque a nihilo quia de nihilo nihil fit
12149,body,57,8,False,,Deinde ostendit formam non fieri; oporteret enim quod ab ente in potentia fieret et sic de materia.,deinde ostendit formam non fieri oporteret enim quod ab ente in potentia fieret et sic de materia,deinde ostendit formam non fieri oporteret enim quod ab ente in potentia fieret et sic de materia
12149,body,57,9,False,,"Et exemplificat quomodo rotundans aes non facit sphaeram aeneam, sed quae erat semper sphaera inducitur in materiam aeris.",et exemplificat quomodo rotundans aes non facit sphaeram aeneam sed quae erat semper sphaera inducitur in materiam aeris,et exemplificat quomodo rotundans aes non facit sphaeram aeneam sed quae erat semper sphaera inducitur in materiam aeris
12149,body,57,10,False,,Compositum igitur fit tantum.,compositum igitur fit tantum,compositum igitur fit tantum
12149,body,57,11,True,,"Formam igitur, quae format actu in composito, nominat ‚quod erat esse‘ et, dum ipsam separatam conspicit, nominat speciem.",formam igitur quae format actu in composito nominat quod erat esse et dum ipsam separatam conspicit nominat speciem,formam igitur quae format actu in composito nominat quod erat esse et dum ipsam separatam conspicit nominat speciem
12149,body,58,0,False,,"Quid autem sit illa substantia, quam nominat ‚quod erat esse‘, dubitat.",quid autem sit illa substantia quam nominat quod erat esse dubitat,quid autem sit illa substantia quam nominat quod erat esse dubitat
12149,body,58,1,False,,"Nescit enim, unde veniat aut ubi subsistat et an sit ipsum unum aut ens aut genus vel, si sit ab idea, quae sit substantia in se subsistens, aut si educitur de potentia materiae et si sic, quodmodo hoc fiat.",nescit enim unde veniat aut ubi subsistat et an sit ipsum unum aut ens aut genus vel si sit ab idea quae sit substantia in se subsistens aut si educitur de potentia materiae et si sic quodmodo hoc fiat,nescit enim unde ueniat aut ubi subsistat et an sit ipsum unum aut ens aut genus uel si sit ab idea quae sit substantia in se subsistens aut si educitur de potentia materiae et si sic quodmodo hoc fiat
12149,body,58,2,False,,Oportet enim quod omne ens in potentia per ens in actu perducatur in actum.,oportet enim quod omne ens in potentia per ens in actu perducatur in actum,oportet enim quod omne ens in potentia per ens in actu perducatur in actum
12149,body,58,3,False,,"Actus enim nisi prior foret potentia, quomodo potentia veniret in actum?",actus enim nisi prior foret potentia quomodo potentia veniret in actum,actus enim nisi prior foret potentia quomodo potentia ueniret in actum
12149,body,58,4,False,,"Si enim se ipsum poneret in actu, esset in actu, antequam esset in actu.",si enim se ipsum poneret in actu esset in actu antequam esset in actu,si enim se ipsum poneret in actu esset in actu antequam esset in actu
12149,body,58,5,False,,"Et si est prius in actu, erit igitur species aut idea separata; nec hoc videtur.",et si est prius in actu erit igitur species aut idea separata nec hoc videtur,et si est prius in actu erit igitur species aut idea separata nec hoc uidetur
12149,body,58,6,False,,"Oporteret enim idem esse separatum et non separatum, cum non possit dici quod sit alia species separata et alia substantia ‚quod erat esse‘.",oporteret enim idem esse separatum et non separatum cum non possit dici quod sit alia species separata et alia substantia quod erat esse,oporteret enim idem esse separatum et non separatum cum non possit dici quod sit alia species separata et alia substantia quod erat esse
12149,body,58,7,False,,"Si enim alia, non est ‚quod erat esse‘, et si sunt species separatae a sensibilibus, oportet illas esse vel ut numeros vel ut magnitudines separatas sive mathematicales formas.",si enim alia non est quod erat esse et si sunt species separatae a sensibilibus oportet illas esse vel ut numeros vel ut magnitudines separatas sive mathematicales formas,si enim alia non est quod erat esse et si sunt species separatae a sensibilibus oportet illas esse uel ut numeros uel ut magnitudines separatas siue mathematicales formas
12149,body,58,8,False,,"Sed cum illae dependeant a materia et subiecto, sine quo mathematicalia non habent esse, non sunt igitur separatae.",sed cum illae dependeant a materia et subiecto sine quo mathematicalia non habent esse non sunt igitur separatae,sed cum illae dependeant a materia et subiecto sine quo mathematicalia non habent esse non sunt igitur separatae
12149,body,58,9,True,,"Et si non sunt species separatae, non sunt universales, neque scientia de ipsis fieri potest.",et si non sunt species separatae non sunt universales neque scientia de ipsis fieri potest,et si non sunt species separatae non sunt uniuersales neque scientia de ipsis fieri potest
12149,body,59,0,False,,"Per talia multa subtilissime discurrit nec se plene, ut videtur, figere potuit propter dubium specierum et idearum.",per talia multa subtilissime discurrit nec se plene ut videtur figere potuit propter dubium specierum et idearum,per talia multa subtilissime discurrit nec se plene ut uidetur figere potuit propter dubium specierum et idearum
12149,body,59,1,False,,"Etiam Socrates iuvenis et senex, ut Proclus dicit, de hoc dubitavit.",etiam socrates iuvenis et senex ut proclus dicit de hoc dubitavit,etiam socrates iuuenis et senex ut proclus dicit de hoc dubitauit
12149,body,59,2,False,,"Tamen magis elegit opinionem, scilicet quod, quamvis sint aliquae substantiae separatae a materia, tamen species non sunt separatae substantiae, sicut nec species artis, scilicet domus, non habet esse substantiale a materia separatum.",tamen magis elegit opinionem scilicet quod quamvis sint aliquae substantiae separatae a materia tamen species non sunt separatae substantiae sicut nec species artis scilicet domus non habet esse substantiale a materia separatum,tamen magis elegit opinionem scilicet quod quamuis sint aliquae substantiae separatae a materia tamen species non sunt separatae substantiae sicut nec species artis scilicet domus non habet esse substantiale a materia separatum
12149,body,59,3,True,,Sed quaestionem illam saepius movens semper esse difficillimam conclusit.,sed quaestionem illam saepius movens semper esse difficillimam conclusit,sed quaestionem illam saepius mouens semper esse difficillimam conclusit
12149,body,60,0,False,,"Ego autem attendo quomodo, etsi Aristoteles repperisset species aut veritatem circa illa, adhuc propterea non potuisset attigisse ‚quod erat esse‘ nisi eo modo, quo quis attingit hanc mensuram esse sextarium, quia est ‚quod erat esse sextario‘, puta quia sic est, ut a principe rei publicae, ut sit sextarium, est constitutum.",ego autem attendo quomodo etsi aristoteles repperisset species aut veritatem circa illa adhuc propterea non potuisset attigisse quod erat esse nisi eo modo quo quis attingit hanc mensuram esse sextarium quia est quod erat esse sextario puta quia sic est ut a principe rei publicae ut sit sextarium est constitutum,ego autem attendo quomodo etsi aristoteles repperisset species aut ueritatem circa illa adhuc propterea non potuisset attigisse quod erat esse nisi eo modo quo quis attingit hanc mensuram esse sextarium quia est quod erat esse sextario puta quia sic est ut a principe rei publicae ut sit sextarium est constitutum
12149,body,60,1,False,,"Cur autem sic sit et non aliter constitutum, propterea non sciret, nisi quod demum resolutus diceret: «Quod principi placuit, legis vigorem habet.",cur autem sic sit et non aliter constitutum propterea non sciret nisi quod demum resolutus diceret quod principi placuit legis vigorem habet,cur autem sic sit et non aliter constitutum propterea non sciret nisi quod demum resolutus diceret quod principi placuit legis uigorem habet
12149,body,60,2,False,,"» Et ita dico cum sapiente «quod omnium operum dei» nulla est ratio, scilicet cur caelum caelum et terra terra et homo homo, nulla est ratio nisi quia sic voluit qui fecit.",et ita dico cum sapiente quod omnium operum dei nulla est ratio scilicet cur caelum caelum et terra terra et homo homo nulla est ratio nisi quia sic voluit qui fecit,et ita dico cum sapiente quod omnium operum dei nulla est ratio scilicet cur caelum caelum et terra terra et homo homo nulla est ratio nisi quia sic uoluit qui fecit
12149,body,60,3,False,,"Ulterius investigare est fatuum, ut in simili dicit Aristoteles velle inquirere primi principii ‚quodlibet est vel non est‘ demonstrationem.",ulterius investigare est fatuum ut in simili dicit aristoteles velle inquirere primi principii quodlibet est vel non est demonstrationem,ulterius inuestigare est fatuum ut in simili dicit aristoteles uelle inquirere primi principii quodlibet est uel non est demonstrationem
12149,body,60,4,True,,"Sed dum attente consideratur omnem creaturam nullam habere essendi rationem aliunde nisi quia sic creata est, quodque voluntas creatoris sit ultima essendi ratio sitque ipse deus creator simplex intellectus, qui per se creat, ita quod voluntas non sit nisi intellectus seu ratio, immo fons rationum, tunc clare videt quomodo id, quod voluntate factum est, ex fonte prodiit rationis, sicut lex imperialis non est nisi ratio imperantis, quae nobis voluntas apparet.",sed dum attente consideratur omnem creaturam nullam habere essendi rationem aliunde nisi quia sic creata est quodque voluntas creatoris sit ultima essendi ratio sitque ipse deus creator simplex intellectus qui per se creat ita quod voluntas non sit nisi intellectus seu ratio immo fons rationum tunc clare videt quomodo id quod voluntate factum est ex fonte prodiit rationis sicut lex imperialis non est nisi ratio imperantis quae nobis voluntas apparet,sed dum attente consideratur omnem creaturam nullam habere essendi rationem aliunde nisi quia sic creata est quodque uoluntas creatoris sit ultima essendi ratio sitque ipse deus creator simplex intellectus qui per se creat ita quod uoluntas non sit nisi intellectus seu ratio immo fons rationum tunc clare uidet quomodo id quod uoluntate factum est ex fonte prodiit rationis sicut lex imperialis non est nisi ratio imperantis quae nobis uoluntas apparet
12149,body,61,0,False,,"Est igitur, ut accedamus propius, adhuc considerandum quomodo noster intellectus suum conceptum ab imaginatione, ad quam continuatur, nescit absolvere et ideo in suis intellectualibus conceptibus, qui sunt mathematicales, ponit figuras, quas imaginatur ut substantiales esse formas, et in illis et numeris intellectualibus ponit considerationes, quia illa sunt simpliciora quam sensibilia, quia intelligibilis materiae.",est igitur ut accedamus propius adhuc considerandum quomodo noster intellectus suum conceptum ab imaginatione ad quam continuatur nescit absolvere et ideo in suis intellectualibus conceptibus qui sunt mathematicales ponit figuras quas imaginatur ut substantiales esse formas et in illis et numeris intellectualibus ponit considerationes quia illa sunt simpliciora quam sensibilia quia intelligibilis materiae,est igitur ut accedamus propius adhuc considerandum quomodo noster intellectus suum conceptum ab imaginatione ad quam continuatur nescit absoluere et ideo in suis intellectualibus conceptibus qui sunt mathematicales ponit figuras quas imaginatur ut substantiales esse formas et in illis et numeris intellectualibus ponit considerationes quia illa sunt simpliciora quam sensibilia quia intelligibilis materiae
12149,body,61,1,False,,"Et cum omnia hauriat per sensum, ideo in istis subtilioribus et incorruptibilibus figuris a qualitatibus sensibilibus absolutis fingit se omne attingibile posse similitudinarie saltem apprehendere.",et cum omnia hauriat per sensum ideo in istis subtilioribus et incorruptibilibus figuris a qualitatibus sensibilibus absolutis fingit se omne attingibile posse similitudinarie saltem apprehendere,et cum omnia hauriat per sensum ideo in istis subtilioribus et incorruptibilibus figuris a qualitatibus sensibilibus absolutis fingit se omne attingibile posse similitudinarie saltem apprehendere
12149,body,61,2,True,,"Quare quidam ponit substantiale elementum esse ut unum et substantias ut numeros, alius ut punctum, et ita quae ex his sequuntur.",quare quidam ponit substantiale elementum esse ut unum et substantias ut numeros alius ut punctum et ita quae ex his sequuntur,quare quidam ponit substantiale elementum esse ut unum et substantias ut numeros alius ut punctum et ita quae ex his sequuntur
12149,body,62,0,False,,Unde eo modo videtur secundum has intellectuales conceptiones quod indivisibilitas sit principium prius omnibus.,unde eo modo videtur secundum has intellectuales conceptiones quod indivisibilitas sit principium prius omnibus,unde eo modo uidetur secundum has intellectuales conceptiones quod indiuisibilitas sit principium prius omnibus
12149,body,62,1,False,,"Nam est ratio, cur unum et punctus et omne principium est principium, scilicet quia indivisibile.",nam est ratio cur unum et punctus et omne principium est principium scilicet quia indivisibile,nam est ratio cur unum et punctus et omne principium est principium scilicet quia indiuisibile
12149,body,62,2,False,,"Et secundum intellectualem conceptum indivisibile est formalius et praecisius principium, quod tamen non potest nisi negative attingi, sed in omnibus divisibilibus attingitur, uti supra patuit.",et secundum intellectualem conceptum indivisibile est formalius et praecisius principium quod tamen non potest nisi negative attingi sed in omnibus divisibilibus attingitur uti supra patuit,et secundum intellectualem conceptum indiuisibile est formalius et praecisius principium quod tamen non potest nisi negatiue attingi sed in omnibus diuisibilibus attingitur uti supra patuit
12149,body,62,3,False,,Sublata enim indivisibilitate constat nihil substantiae manere atque ideo omnem subsistentiam tantum habere esse et substantiae quantum indivisibilitatis.,sublata enim indivisibilitate constat nihil substantiae manere atque ideo omnem subsistentiam tantum habere esse et substantiae quantum indivisibilitatis,sublata enim indiuisibilitate constat nihil substantiae manere atque ideo omnem subsistentiam tantum habere esse et substantiae quantum indiuisibilitatis
12149,body,62,4,False,,"Sed, ut bene dicit Aristoteles, haec negativa de principio scientia obscura est.",sed ut bene dicit aristoteles haec negativa de principio scientia obscura est,sed ut bene dicit aristoteles haec negatiua de principio scientia obscura est
12149,body,62,5,False,,"Cognoscere enim substantiam non esse quantitatem, qualitatem aut aliud accidens non est clara scientia sicut illa, quae positive ipsam ostendit.",cognoscere enim substantiam non esse quantitatem qualitatem aut aliud accidens non est clara scientia sicut illa quae positive ipsam ostendit,cognoscere enim substantiam non esse quantitatem qualitatem aut aliud accidens non est clara scientia sicut illa quae positiue ipsam ostendit
12149,body,62,6,True,,"Nos autem oculo mentis hic in aenigmate per speculum innominabilem indivisibilitatem nullo nomine per nos nominabili aut nullo conceptu formabili apprehensibilem cognoscentes, verissime eam videntes in excessu non turbamur nostrum principium omnem claritatem et accessibilem lucem excedere, sicut plus gaudet, qui reperit thesaurum vitae suae innumerabilem et inexhauribilem quam numerabilem et consumptibilem.",nos autem oculo mentis hic in aenigmate per speculum innominabilem indivisibilitatem nullo nomine per nos nominabili aut nullo conceptu formabili apprehensibilem cognoscentes verissime eam videntes in excessu non turbamur nostrum principium omnem claritatem et accessibilem lucem excedere sicut plus gaudet qui reperit thesaurum vitae suae innumerabilem et inexhauribilem quam numerabilem et consumptibilem,nos autem oculo mentis hic in aenigmate per speculum innominabilem indiuisibilitatem nullo nomine per nos nominabili aut nullo conceptu formabili apprehensibilem cognoscentes uerissime eam uidentes in excessu non turbamur nostrum principium omnem claritatem et accessibilem lucem excedere sicut plus gaudet qui reperit thesaurum uitae suae innumerabilem et inexhauribilem quam numerabilem et consumptibilem
12149,body,63,0,False,,"Post haec ad memoriam revocemus ea quae supra dixi de intentione, scilicet quomodo creatura est intentio conditoris, et consideremus intentionem esse verissimam quiditatem eius.",post haec ad memoriam revocemus ea quae supra dixi de intentione scilicet quomodo creatura est intentio conditoris et consideremus intentionem esse verissimam quiditatem eius,post haec ad memoriam reuocemus ea quae supra dixi de intentione scilicet quomodo creatura est intentio conditoris et consideremus intentionem esse uerissimam quiditatem eius
12149,body,63,1,False,,"Nam a simili, cum quis nobis loquitur, si nos quiditatem attingimus sermonis, non nisi intentionem loquentis attingimus.",nam a simili cum quis nobis loquitur si nos quiditatem attingimus sermonis non nisi intentionem loquentis attingimus,nam a simili cum quis nobis loquitur si nos quiditatem attingimus sermonis non nisi intentionem loquentis attingimus
12149,body,63,2,False,,"Sic cum per sensus species sensibiles haurimus, illas quantum fieri potest simplificamus, ut quiditatem rei videamus cum intellectu.",sic cum per sensus species sensibiles haurimus illas quantum fieri potest simplificamus ut quiditatem rei videamus cum intellectu,sic cum per sensus species sensibiles haurimus illas quantum fieri potest simplificamus ut quiditatem rei uideamus cum intellectu
12149,body,63,3,False,,"Simplificare autem species est abicere accidentia corruptibilia, quae non possunt esse quiditas, ut in subtilioribus phantasmatibus discurrendo quasi in sermone seu scriptura ad intentionem conditoris intellectus perveniamus scientes quod quiditas rei illius, quae in illis signis et figuris rei sensibilis sicut in scriptura aut sermone vocali continetur, est intentio intellectus, ut sensibile sit quasi verbum conditoris, in quo continetur ipsius intentio, qua apprehensa scimus quiditatem et quiescimus.",simplificare autem species est abicere accidentia corruptibilia quae non possunt esse quiditas ut in subtilioribus phantasmatibus discurrendo quasi in sermone seu scriptura ad intentionem conditoris intellectus perveniamus scientes quod quiditas rei illius quae in illis signis et figuris rei sensibilis sicut in scriptura aut sermone vocali continetur est intentio intellectus ut sensibile sit quasi verbum conditoris in quo continetur ipsius intentio qua apprehensa scimus quiditatem et quiescimus,simplificare autem species est abicere accidentia corruptibilia quae non possunt esse quiditas ut in subtilioribus phantasmatibus discurrendo quasi in sermone seu scriptura ad intentionem conditoris intellectus perueniamus scientes quod quiditas rei illius quae in illis signis et figuris rei sensibilis sicut in scriptura aut sermone uocali continetur est intentio intellectus ut sensibile sit quasi uerbum conditoris in quo continetur ipsius intentio qua apprehensa scimus quiditatem et quiescimus
12149,body,63,4,False,,Est autem intentionis causa manifestatio; intendit enim se sic manifestare ipse loquens seu conditor intellectus.,est autem intentionis causa manifestatio intendit enim se sic manifestare ipse loquens seu conditor intellectus,est autem intentionis causa manifestatio intendit enim se sic manifestare ipse loquens seu conditor intellectus
12149,body,63,5,False,,"Apprehensa igitur intentione, quae est quiditas verbi, habemus ‚quod erat esse‘.",apprehensa igitur intentione quae est quiditas verbi habemus quod erat esse,apprehensa igitur intentione quae est quiditas uerbi habemus quod erat esse
12149,body,63,6,True,,"Nam ‚quod erat esse‘ apud intellectum est in intentione apprehensum, sicut in perfecta domo est intentio aedificatoris apprehensa, quae erat apud eius intellectum.",nam quod erat esse apud intellectum est in intentione apprehensum sicut in perfecta domo est intentio aedificatoris apprehensa quae erat apud eius intellectum,nam quod erat esse apud intellectum est in intentione apprehensum sicut in perfecta domo est intentio aedificatoris apprehensa quae erat apud eius intellectum
12149,body,64,0,False,,"Scias etiam me alium quendam in inquisitoribus veritatis, ut puto, defectum repperisse.",scias etiam me alium quendam in inquisitoribus veritatis ut puto defectum repperisse,scias etiam me alium quendam in inquisitoribus ueritatis ut puto defectum repperisse
12149,body,64,1,False,,"Nam Plato dicebat circulum, uti nominatur aut definitur, pingitur aut mente concipitur, considerari posse quodque ex his natura circuli non habeatur, sed quod solo intellectu eius quiditas, quae sine omni contrario simplex et incorruptibilis exsistit, videatur.",nam plato dicebat circulum uti nominatur aut definitur pingitur aut mente concipitur considerari posse quodque ex his natura circuli non habeatur sed quod solo intellectu eius quiditas quae sine omni contrario simplex et incorruptibilis exsistit videatur,nam plato dicebat circulum uti nominatur aut definitur pingitur aut mente concipitur considerari posse quodque ex his natura circuli non habeatur sed quod solo intellectu eius quiditas quae sine omni contrario simplex et incorruptibilis exsistit uideatur
12149,body,64,2,False,,Ita quidem Plato de omnibus asseruit.,ita quidem plato de omnibus asseruit,ita quidem plato de omnibus asseruit
12149,body,64,3,False,,"Sed nec ipse nec alius quem legerim advertit ad ea, quae in quarto notabili praemisi.",sed nec ipse nec alius quem legerim advertit ad ea quae in quarto notabili praemisi,sed nec ipse nec alius quem legerim aduertit ad ea quae in quarto notabili praemisi
12149,body,64,4,True,,"Nam si considerasset hoc, repperisset utique mentem nostram, quae mathematicalia fabricat, ea quae sui sunt officii verius apud se habere quam sint extra ipsam.",nam si considerasset hoc repperisset utique mentem nostram quae mathematicalia fabricat ea quae sui sunt officii verius apud se habere quam sint extra ipsam,nam si considerasset hoc repperisset utique mentem nostram quae mathematicalia fabricat ea quae sui sunt officii uerius apud se habere quam sint extra ipsam
12149,body,65,0,False,,"Puta homo habet artem mechanicam et figuras artis verius habet in suo mentali conceptu quam ad extra sint figurabiles, ut domus, quae ab arte fit, habet veriorem figuram in mente quam in lignis.",puta homo habet artem mechanicam et figuras artis verius habet in suo mentali conceptu quam ad extra sint figurabiles ut domus quae ab arte fit habet veriorem figuram in mente quam in lignis,puta homo habet artem mechanicam et figuras artis uerius habet in suo mentali conceptu quam ad extra sint figurabiles ut domus quae ab arte fit habet ueriorem figuram in mente quam in lignis
12149,body,65,1,False,,"Figura enim, quae in lignis fit, est mentalis figura, idea seu exemplar; ita de omnibus talibus.",figura enim quae in lignis fit est mentalis figura idea seu exemplar ita de omnibus talibus,figura enim quae in lignis fit est mentalis figura idea seu exemplar ita de omnibus talibus
12149,body,65,2,False,,"Sic de circulo, linea, triangulo atque de nostro numero et omnibus talibus, quae ex mentis conceptu initium habent et natura carent.",sic de circulo linea triangulo atque de nostro numero et omnibus talibus quae ex mentis conceptu initium habent et natura carent,sic de circulo linea triangulo atque de nostro numero et omnibus talibus quae ex mentis conceptu initium habent et natura carent
12149,body,65,3,False,,"Sed propterea domus, quae est in lignis aut sensibilis, non est verius in mente, licet figura eius verior sit ibi.",sed propterea domus quae est in lignis aut sensibilis non est verius in mente licet figura eius verior sit ibi,sed propterea domus quae est in lignis aut sensibilis non est uerius in mente licet figura eius uerior sit ibi
12149,body,65,4,False,,Nam ad verum esse ipsius domus requiritur quod sit sensibilis ob finem propter quem est.,nam ad verum esse ipsius domus requiritur quod sit sensibilis ob finem propter quem est,nam ad uerum esse ipsius domus requiritur quod sit sensibilis ob finem propter quem est
12149,body,65,5,False,,"Ideo non potest habere speciem separatam, ut bene vidit Aristoteles.",ideo non potest habere speciem separatam ut bene vidit aristoteles,ideo non potest habere speciem separatam ut bene uidit aristoteles
12149,body,65,6,True,,"Unde licet figurae et numeri et omnia talia intellectualia, quae sunt nostrae rationis entia et carent natura, sint verius in suo principio, scilicet humano intellectu, non tamen sequitur quod propterea sensibilia omnia, de quorum essentia est quod sint sensibilia, sint verius in intellectu quam in sensu.",unde licet figurae et numeri et omnia talia intellectualia quae sunt nostrae rationis entia et carent natura sint verius in suo principio scilicet humano intellectu non tamen sequitur quod propterea sensibilia omnia de quorum essentia est quod sint sensibilia sint verius in intellectu quam in sensu,unde licet figurae et numeri et omnia talia intellectualia quae sunt nostrae rationis entia et carent natura sint uerius in suo principio scilicet humano intellectu non tamen sequitur quod propterea sensibilia omnia de quorum essentia est quod sint sensibilia sint uerius in intellectu quam in sensu
12149,body,66,0,False,,"Ideo Plato non videtur bene considerasse, quando mathematicalia, quae a sensibilibus abstrahuntur, vidit veriora in mente, quod propterea illa adhuc haberent aliud esse verius supra intellectum.",ideo plato non videtur bene considerasse quando mathematicalia quae a sensibilibus abstrahuntur vidit veriora in mente quod propterea illa adhuc haberent aliud esse verius supra intellectum,ideo plato non uidetur bene considerasse quando mathematicalia quae a sensibilibus abstrahuntur uidit ueriora in mente quod propterea illa adhuc haberent aliud esse uerius supra intellectum
12149,body,66,1,False,,"Sed bene potuisset dixisse Plato quod, sicut formae artis humanae sunt veriores in suo principio, scilicet in mente humana, quam sint in materia, sic formae principii naturae, quae sunt naturales, sunt veriores in suo principio quam extra.",sed bene potuisset dixisse plato quod sicut formae artis humanae sunt veriores in suo principio scilicet in mente humana quam sint in materia sic formae principii naturae quae sunt naturales sunt veriores in suo principio quam extra,sed bene potuisset dixisse plato quod sicut formae artis humanae sunt ueriores in suo principio scilicet in mente humana quam sint in materia sic formae principii naturae quae sunt naturales sunt ueriores in suo principio quam extra
12149,body,66,2,True,,"Et si sic considerassent Pythagorici et quicumque alii, clare vidissent mathematicalia et numeros, qui ex nostra mente procedunt et sunt modo quo nos concipimus, non esse substantias aut principia rerum sensibilium, sed tantum entium rationis, quorum nos sumus conditores.",et si sic considerassent pythagorici et quicumque alii clare vidissent mathematicalia et numeros qui ex nostra mente procedunt et sunt modo quo nos concipimus non esse substantias aut principia rerum sensibilium sed tantum entium rationis quorum nos sumus conditores,et si sic considerassent pythagorici et quicumque alii clare uidissent mathematicalia et numeros qui ex nostra mente procedunt et sunt modo quo nos concipimus non esse substantias aut principia rerum sensibilium sed tantum entium rationis quorum nos sumus conditores
12149,body,67,0,False,,"Sic vides quomodo ea, quae per artem nostram fieri non possunt, verius sunt in sensibilibus quam in nostro intellectu, ut ignis verius esse habet in sensibili substantia sua quam in nostro intellectu, ubi est in confuso conceptu sine naturali veritate; ita de omnibus.",sic vides quomodo ea quae per artem nostram fieri non possunt verius sunt in sensibilibus quam in nostro intellectu ut ignis verius esse habet in sensibili substantia sua quam in nostro intellectu ubi est in confuso conceptu sine naturali veritate ita de omnibus,sic uides quomodo ea quae per artem nostram fieri non possunt uerius sunt in sensibilibus quam in nostro intellectu ut ignis uerius esse habet in sensibili substantia sua quam in nostro intellectu ubi est in confuso conceptu sine naturali ueritate ita de omnibus
12149,body,67,1,False,,"Sed verius esse habet ignis in suo conditore, ubi est in sua adaequata causa et ratione.",sed verius esse habet ignis in suo conditore ubi est in sua adaequata causa et ratione,sed uerius esse habet ignis in suo conditore ubi est in sua adaequata causa et ratione
12149,body,67,2,False,,"Et licet non sit in divino intellectu cum sensibilibus qualitatibus, quas nos in ipso sentimus, tamen propterea non minus vere est, sicut ducalis dignitas in regia dignitate verius est, licet cum exercitio ducali ibi non exsistat.",et licet non sit in divino intellectu cum sensibilibus qualitatibus quas nos in ipso sentimus tamen propterea non minus vere est sicut ducalis dignitas in regia dignitate verius est licet cum exercitio ducali ibi non exsistat,et licet non sit in diuino intellectu cum sensibilibus qualitatibus quas nos in ipso sentimus tamen propterea non minus uere est sicut ducalis dignitas in regia dignitate uerius est licet cum exercitio ducali ibi non exsistat
12149,body,67,3,False,,"Ignis enim in hoc mundo suas habet proprietates aliorum sensibilium respectu, mediantibus quibus suas in alias res exercet operationes.",ignis enim in hoc mundo suas habet proprietates aliorum sensibilium respectu mediantibus quibus suas in alias res exercet operationes,ignis enim in hoc mundo suas habet proprietates aliorum sensibilium respectu mediantibus quibus suas in alias res exercet operationes
12149,body,67,4,False,,"Quas cum habeat aliorum respectu in hoc mundo, tunc non sunt simpliciter de essentia.",quas cum habeat aliorum respectu in hoc mundo tunc non sunt simpliciter de essentia,quas cum habeat aliorum respectu in hoc mundo tunc non sunt simpliciter de essentia
12149,body,67,5,True,,"Non habet igitur his opus, dum est ab hoc exercitio et de hoc mundo absolutus, neque eas appetit in mundo intelligibili, ubi nulla contrarietas, sicut Plato et bene de circulo dicebat quomodo in pavimento descriptus esset plenus contrarietatibus et corruptibilis secundum condiciones loci, sed in intellectu de his absolutus.",non habet igitur his opus dum est ab hoc exercitio et de hoc mundo absolutus neque eas appetit in mundo intelligibili ubi nulla contrarietas sicut plato et bene de circulo dicebat quomodo in pavimento descriptus esset plenus contrarietatibus et corruptibilis secundum condiciones loci sed in intellectu de his absolutus,non habet igitur his opus dum est ab hoc exercitio et de hoc mundo absolutus neque eas appetit in mundo intelligibili ubi nulla contrarietas sicut plato et bene de circulo dicebat quomodo in pauimento descriptus esset plenus contrarietatibus et corruptibilis secundum condiciones loci sed in intellectu de his absolutus
12149,body,68,0,False,,"Videtur adhuc bonum adicere de speciebus, cum non fiant neque corrumpantur nisi per accidens et sint incorruptibiles divini, infiniti intellectus similitudines, quomodo hoc accipi possit, scilicet ipsum intellectum in omni specie resplendere, non enim modo quo una facies in multis speculis, sed ut una infinita magnitudo in variis finitis magnitudinibus et in qualibet totaliter.",videtur adhuc bonum adicere de speciebus cum non fiant neque corrumpantur nisi per accidens et sint incorruptibiles divini infiniti intellectus similitudines quomodo hoc accipi possit scilicet ipsum intellectum in omni specie resplendere non enim modo quo una facies in multis speculis sed ut una infinita magnitudo in variis finitis magnitudinibus et in qualibet totaliter,uidetur adhuc bonum adicere de speciebus cum non fiant neque corrumpantur nisi per accidens et sint incorruptibiles diuini infiniti intellectus similitudines quomodo hoc accipi possit scilicet ipsum intellectum in omni specie resplendere non enim modo quo una facies in multis speculis sed ut una infinita magnitudo in uariis finitis magnitudinibus et in qualibet totaliter
12149,body,68,1,False,,Dico autem hoc me sic concipere omnem speciem finitam esse uti triangulus quoad superficiales magnitudines.,dico autem hoc me sic concipere omnem speciem finitam esse uti triangulus quoad superficiales magnitudines,dico autem hoc me sic concipere omnem speciem finitam esse uti triangulus quoad superficiales magnitudines
12149,body,68,2,False,,"Nam est prima finita et terminata magnitudo, in qua infinitus angulus ex integro resplendet.",nam est prima finita et terminata magnitudo in qua infinitus angulus ex integro resplendet,nam est prima finita et terminata magnitudo in qua infinitus angulus ex integro resplendet
12149,body,68,3,False,,"Est enim maximus pariter et minimus angulus, ideo infinitus et immensurabilis, quia non recipit magis neque minus, et est omnium triangulorum principium.",est enim maximus pariter et minimus angulus ideo infinitus et immensurabilis quia non recipit magis neque minus et est omnium triangulorum principium,est enim maximus pariter et minimus angulus ideo infinitus et immensurabilis quia non recipit magis neque minus et est omnium triangulorum principium
12149,body,68,4,False,,Non enim potest dici duos rectos angulos esse maiores vel minores maximo pariter et minimo angulo.,non enim potest dici duos rectos angulos esse maiores vel minores maximo pariter et minimo angulo,non enim potest dici duos rectos angulos esse maiores uel minores maximo pariter et minimo angulo
12149,body,68,5,False,,"Nam quamdiu maximus videtur minor duobus rectis, non est maximus simpliciter.",nam quamdiu maximus videtur minor duobus rectis non est maximus simpliciter,nam quamdiu maximus uidetur minor duobus rectis non est maximus simpliciter
12149,body,68,6,False,,Omnis autem triangulus habet tres angulos aequales duobus rectis.,omnis autem triangulus habet tres angulos aequales duobus rectis,omnis autem triangulus habet tres angulos aequales duobus rectis
12149,body,68,7,True,,Resplendet igitur in omni triangulo ex integro omnium angulorum principium infinitum.,resplendet igitur in omni triangulo ex integro omnium angulorum principium infinitum,resplendet igitur in omni triangulo ex integro omnium angulorum principium infinitum
12149,body,69,0,False,,"Et quia triangulus non habet angularem, rectilineam, terminatam superficiem unius aut duorum angulorum ante se, sed ipsa est prima terminata, ideo est ut species et prima substantia incorruptibilis.",et quia triangulus non habet angularem rectilineam terminatam superficiem unius aut duorum angulorum ante se sed ipsa est prima terminata ideo est ut species et prima substantia incorruptibilis,et quia triangulus non habet angularem rectilineam terminatam superficiem unius aut duorum angulorum ante se sed ipsa est prima terminata ideo est ut species et prima substantia incorruptibilis
12149,body,69,1,False,,"Triangulus enim in non triangulum non est resolubilis, ideo nec in figuram quamcumque, cuius tres anguli sint minores vel maiores.",triangulus enim in non triangulum non est resolubilis ideo nec in figuram quamcumque cuius tres anguli sint minores vel maiores,triangulus enim in non triangulum non est resolubilis ideo nec in figuram quamcumque cuius tres anguli sint minores uel maiores
12149,body,69,2,False,,"Sed varii possunt esse trianguli, aliqui oxygonii, aliqui amblygonii, alii recti, et illi iterum varii; sic erunt et species.",sed varii possunt esse trianguli aliqui oxygonii aliqui amblygonii alii recti et illi iterum varii sic erunt et species,sed uarii possunt esse trianguli aliqui oxygonii aliqui amblygonii alii recti et illi iterum uarii sic erunt et species
12149,body,69,3,True,,"Omnes autem species sunt perfectae et determinatae substantiae primae, quoniam in ipsis totum primum principium resplendet cum sua incorruptibilitate et magnitudine in modo finito et determinato.",omnes autem species sunt perfectae et determinatae substantiae primae quoniam in ipsis totum primum principium resplendet cum sua incorruptibilitate et magnitudine in modo finito et determinato,omnes autem species sunt perfectae et determinatae substantiae primae quoniam in ipsis totum primum principium resplendet cum sua incorruptibilitate et magnitudine in modo finito et determinato
12149,body,70,0,False,,"Et ut tibi facias clarum ad hoc conceptum, respice per beryllum maximum pariter et minimum triangulum, et erit obiectum principium triangulorum, puta uti ante de angulis in aenigmate vidisti.",et ut tibi facias clarum ad hoc conceptum respice per beryllum maximum pariter et minimum triangulum et erit obiectum principium triangulorum puta uti ante de angulis in aenigmate vidisti,et ut tibi facias clarum ad hoc conceptum respice per beryllum maximum pariter et minimum triangulum et erit obiectum principium triangulorum puta uti ante de angulis in aenigmate uidisti
12149,body,70,1,False,,"Sit a b linea, de cuius medio egrediatur c d linea mobilis, ita quod de d semper continuetur linea ad b et ad a, quae claudant superficies.",sit a b linea de cuius medio egrediatur c d linea mobilis ita quod de d semper continuetur linea ad b et ad a quae claudant superficies,sit a b linea de cuius medio egrediatur c d linea mobilis ita quod de d semper continuetur linea ad b et ad a quae claudant superficies
12149,body,70,2,False,,"Quantumcumque varietur per motum c d, dum super c revolvitur, manifestum est unum triangulum numquam fieri maximum, quamdiu alius est aliquis alius triangulus.",quantumcumque varietur per motum c d dum super c revolvitur manifestum est unum triangulum numquam fieri maximum quamdiu alius est aliquis alius triangulus,quantumcumque uarietur per motum c d dum super c reuoluitur manifestum est unum triangulum numquam fieri maximum quamdiu alius est aliquis alius triangulus
12149,body,70,3,True,,"Et sic dum unus debet fieri maximus,",et sic dum unus debet fieri maximus,et sic dum unus debet fieri maximus
12149,body,71,0,False,,oportet quod alius fiat minimus.,oportet quod alius fiat minimus,oportet quod alius fiat minimus
12149,body,71,1,False,,"Et hoc non videtur, antequam c d iaceat super c b et d a sit b a et ita sit una recta linea, quae est principium angulorum et triangulorum.",et hoc non videtur antequam c d iaceat super c b et d a sit b a et ita sit una recta linea quae est principium angulorum et triangulorum,et hoc non uidetur antequam c d iaceat super c b et d a sit b a et ita sit una recta linea quae est principium angulorum et triangulorum
12149,body,71,2,False,,"In hoc igitur principio, quod video per maximum pariter et minimum angulum et cum hoc maximum pariter et minimum triangulum, et est principium unitrinum, video omnes angulos pariter et triangulos complicari, ita quod quisque angulus, qui est unus et trinus, in ipso est ipsum principium.",in hoc igitur principio quod video per maximum pariter et minimum angulum et cum hoc maximum pariter et minimum triangulum et est principium unitrinum video omnes angulos pariter et triangulos complicari ita quod quisque angulus qui est unus et trinus in ipso est ipsum principium,in hoc igitur principio quod uideo per maximum pariter et minimum angulum et cum hoc maximum pariter et minimum triangulum et est principium unitrinum uideo omnes angulos pariter et triangulos complicari ita quod quisque angulus qui est unus et trinus in ipso est ipsum principium
12149,body,71,3,False,,"Et ita unitrinum principium, quod est unum pariter et trinum, in quolibet triangulo finito, qui est unus pariter et trinus, resplendet meliori modo, quo infinitus unus pariter et trinus in finito potest resplendere.",et ita unitrinum principium quod est unum pariter et trinum in quolibet triangulo finito qui est unus pariter et trinus resplendet meliori modo quo infinitus unus pariter et trinus in finito potest resplendere,et ita unitrinum principium quod est unum pariter et trinum in quolibet triangulo finito qui est unus pariter et trinus resplendet meliori modo quo infinitus unus pariter et trinus in finito potest resplendere
12149,body,71,4,False,,Et sic vides quomodo species constituitur ex completa complicatione.,et sic vides quomodo species constituitur ex completa complicatione,et sic uides quomodo species constituitur ex completa complicatione
12149,body,71,5,True,,"Quando scilicet reflectitur supra se ipsam complete finem principio conectendo, sicut a b linea super c primo plicatur in angulum, deinde c b super d plicatur, ut b redeat in a, per talem duplicem reflexionem oritur triangulus seu determinata species incorruptibilis, cuius principium et finis coincidunt.",quando scilicet reflectitur supra se ipsam complete finem principio conectendo sicut a b linea super c primo plicatur in angulum deinde c b super d plicatur ut b redeat in a per talem duplicem reflexionem oritur triangulus seu determinata species incorruptibilis cuius principium et finis coincidunt,quando scilicet reflectitur supra se ipsam complete finem principio conectendo sicut a b linea super c primo plicatur in angulum deinde c b super d plicatur ut b redeat in a per talem duplicem reflexionem oritur triangulus seu determinata species incorruptibilis cuius principium et finis coincidunt
12149,body,72,0,False,,Considera hoc aenigma utique subtiliter manuducens ad conceptum specierum.,considera hoc aenigma utique subtiliter manuducens ad conceptum specierum,considera hoc aenigma utique subtiliter manuducens ad conceptum specierum
12149,body,72,1,False,,Triangulus sive parvus sive magnus quoad sensibilem quantitatem seu superficiem est omni triangulo quoad angulorum trinitatem et simul ipsorum trium angulorum magnitudinem aequalis.,triangulus sive parvus sive magnus quoad sensibilem quantitatem seu superficiem est omni triangulo quoad angulorum trinitatem et simul ipsorum trium angulorum magnitudinem aequalis,triangulus siue paruus siue magnus quoad sensibilem quantitatem seu superficiem est omni triangulo quoad angulorum trinitatem et simul ipsorum trium angulorum magnitudinem aequalis
12149,body,72,2,False,,Sic vides omnem speciem omni speciei aequalem in magnitudine.,sic vides omnem speciem omni speciei aequalem in magnitudine,sic uides omnem speciem omni speciei aequalem in magnitudine
12149,body,72,3,False,,"Quae utique non potest esse quantitas, cum illa recipiat magis et minus, sed est simplex substantialis magnitudo ante omnem quantitatem sensibilem.",quae utique non potest esse quantitas cum illa recipiat magis et minus sed est simplex substantialis magnitudo ante omnem quantitatem sensibilem,quae utique non potest esse quantitas cum illa recipiat magis et minus sed est simplex substantialis magnitudo ante omnem quantitatem sensibilem
12149,body,72,4,False,,"Quando igitur videtur triangulus in superficie, est videre speciem in subiecto, cuius est species, et ibi video substantiam, quae facta est, quae est hoc ‚quod erat esse‘ huius, scilicet est triangulus orthogonius, quia est ‚quod erat esse‘ trianguli orthogonii.",quando igitur videtur triangulus in superficie est videre speciem in subiecto cuius est species et ibi video substantiam quae facta est quae est hoc quod erat esse huius scilicet est triangulus orthogonius quia est quod erat esse trianguli orthogonii,quando igitur uidetur triangulus in superficie est uidere speciem in subiecto cuius est species et ibi uideo substantiam quae facta est quae est hoc quod erat esse huius scilicet est triangulus orthogonius quia est quod erat esse trianguli orthogonii
12149,body,72,5,True,,"Totum hoc assequitur per speciem, quae dat hoc esse.",totum hoc assequitur per speciem quae dat hoc esse,totum hoc assequitur per speciem quae dat hoc esse
12149,body,73,0,False,,"Et attende quomodo non dat solum esse triangulare generale, sed esse triangulare orthogonicum aut oxygonicum sive amblygonicum sive aliter differentiatum ex illis.",et attende quomodo non dat solum esse triangulare generale sed esse triangulare orthogonicum aut oxygonicum sive amblygonicum sive aliter differentiatum ex illis,et attende quomodo non dat solum esse triangulare generale sed esse triangulare orthogonicum aut oxygonicum siue amblygonicum siue aliter differentiatum ex illis
12149,body,73,1,False,,Et ita species est specificatio generis per differentiam.,et ita species est specificatio generis per differentiam,et ita species est specificatio generis per differentiam
12149,body,73,2,False,,"Specificatio est nexus, qui nectit differentiam generi, et ita totum esse rei dat species.",specificatio est nexus qui nectit differentiam generi et ita totum esse rei dat species,specificatio est nexus qui nectit differentiam generi et ita totum esse rei dat species
12149,body,73,3,False,,"Unde species, quae est alia et alia, non est alia a subiecto, sed in se habet sua principia essentialia, per quae determinatur substantialiter, «sicut figura suis continetur terminis», quemadmodum in harmonia aut numeris.",unde species quae est alia et alia non est alia a subiecto sed in se habet sua principia essentialia per quae determinatur substantialiter sicut figura suis continetur terminis quemadmodum in harmonia aut numeris,unde species quae est alia et alia non est alia a subiecto sed in se habet sua principia essentialia per quae determinatur substantialiter sicut figura suis continetur terminis quemadmodum in harmonia aut numeris
12149,body,73,4,False,,Species enim harmonicae sunt variae.,species enim harmonicae sunt variae,species enim harmonicae sunt uariae
12149,body,73,5,False,,"Nam generalis harmonia per varias differentias varie specificatur, et nexus ille, quo differentia, puta acutum cum gravi, nectitur, quae est species, in se habet proportionatam harmoniam ab omni alia specie distincte determinatam per sua essentialia principia.",nam generalis harmonia per varias differentias varie specificatur et nexus ille quo differentia puta acutum cum gravi nectitur quae est species in se habet proportionatam harmoniam ab omni alia specie distincte determinatam per sua essentialia principia,nam generalis harmonia per uarias differentias uarie specificatur et nexus ille quo differentia puta acutum cum graui nectitur quae est species in se habet proportionatam harmoniam ab omni alia specie distincte determinatam per sua essentialia principia
12149,body,73,6,False,,"Species igitur est quasi quaedam harmonica habitudo, quae, etsi sit una, est tamen multis subiectis communicabilis.",species igitur est quasi quaedam harmonica habitudo quae etsi sit una est tamen multis subiectis communicabilis,species igitur est quasi quaedam harmonica habitudo quae etsi sit una est tamen multis subiectis communicabilis
12149,body,73,7,False,,"Habitudo enim sive proportionabilitas est incorruptibilis et dici potest species, quae non recipit magis neque minus, et dat speciem sive pulchritudinem subiecto, sicut proportio ornat pulchra.",habitudo enim sive proportionabilitas est incorruptibilis et dici potest species quae non recipit magis neque minus et dat speciem sive pulchritudinem subiecto sicut proportio ornat pulchra,habitudo enim siue proportionabilitas est incorruptibilis et dici potest species quae non recipit magis neque minus et dat speciem siue pulchritudinem subiecto sicut proportio ornat pulchra
12149,body,73,8,False,,Similitudo etenim rationis aeternae seu divini conditoris intellectus resplendet in proportione harmonica seu concordanti.,similitudo etenim rationis aeternae seu divini conditoris intellectus resplendet in proportione harmonica seu concordanti,similitudo etenim rationis aeternae seu diuini conditoris intellectus resplendet in proportione harmonica seu concordanti
12149,body,73,9,True,,"Et hoc experimur, quoniam proportio illa delectabilis et grata est omni sensui, dum sentitur.",et hoc experimur quoniam proportio illa delectabilis et grata est omni sensui dum sentitur,et hoc experimur quoniam proportio illa delectabilis et grata est omni sensui dum sentitur
12149,body,74,0,False,,"Ecce quam propinquum est aenigma, quod versatur circa numeros capiendo numeros pro proportione seu habitudine, quae habitudo in numeris fit sensibilis sicut triangulus in superficie seu quantitate.",ecce quam propinquum est aenigma quod versatur circa numeros capiendo numeros pro proportione seu habitudine quae habitudo in numeris fit sensibilis sicut triangulus in superficie seu quantitate,ecce quam propinquum est aenigma quod uersatur circa numeros capiendo numeros pro proportione seu habitudine quae habitudo in numeris fit sensibilis sicut triangulus in superficie seu quantitate
12149,body,74,1,False,,"Et quanto quantitas discreta est simplicior quantitate continua, tanto species melius in aenigmate quantitatis discretae videtur quam continuae.",et quanto quantitas discreta est simplicior quantitate continua tanto species melius in aenigmate quantitatis discretae videtur quam continuae,et quanto quantitas discreta est simplicior quantitate continua tanto species melius in aenigmate quantitatis discretae uidetur quam continuae
12149,body,74,2,False,,"Mathematica enim versatur circa intellectualem materiam, ut bene dixit Aristoteles.",mathematica enim versatur circa intellectualem materiam ut bene dixit aristoteles,mathematica enim uersatur circa intellectualem materiam ut bene dixit aristoteles
12149,body,74,3,False,,"Sed materia eius magnitudo est, sine qua nihil concipit mathematicus.",sed materia eius magnitudo est sine qua nihil concipit mathematicus,sed materia eius magnitudo est sine qua nihil concipit mathematicus
12149,body,74,4,False,,"Simplicior autem est magnitudo discreta quam continua et spiritualior atque speciei, quae penitus simplex est, similior, licet utique speciei simplicitas, quae est quiditas, sit ante simplicitatem illius discretae magnitudinis.",simplicior autem est magnitudo discreta quam continua et spiritualior atque speciei quae penitus simplex est similior licet utique speciei simplicitas quae est quiditas sit ante simplicitatem illius discretae magnitudinis,simplicior autem est magnitudo discreta quam continua et spiritualior atque speciei quae penitus simplex est similior licet utique speciei simplicitas quae est quiditas sit ante simplicitatem illius discretae magnitudinis
12149,body,74,5,False,,"Ideo concipi nequit, cum omnem magnitudinem, quae concipi potest, praecedat.",ideo concipi nequit cum omnem magnitudinem quae concipi potest praecedat,ideo concipi nequit cum omnem magnitudinem quae concipi potest praecedat
12149,body,74,6,False,,Omnis enim intellectualis conceptio sine magnitudine fieri nequit et subtilior accedit usque ad dictam magnitudinem discretam ab omni quantitate discreta sensibili abstractam.,omnis enim intellectualis conceptio sine magnitudine fieri nequit et subtilior accedit usque ad dictam magnitudinem discretam ab omni quantitate discreta sensibili abstractam,omnis enim intellectualis conceptio sine magnitudine fieri nequit et subtilior accedit usque ad dictam magnitudinem discretam ab omni quantitate discreta sensibili abstractam
12149,body,74,7,False,,"Ideo substantia prima, cuius simplicitas omnem modum accidentis sive ut est in esse sensibili sive mathematico de sensibili abstracto antecedit, non potest concipi per nostrum intellectum corpori seu quantitati quasi instrumento, cum quo concipit, alligatum.",ideo substantia prima cuius simplicitas omnem modum accidentis sive ut est in esse sensibili sive mathematico de sensibili abstracto antecedit non potest concipi per nostrum intellectum corpori seu quantitati quasi instrumento cum quo concipit alligatum,ideo substantia prima cuius simplicitas omnem modum accidentis siue ut est in esse sensibili siue mathematico de sensibili abstracto antecedit non potest concipi per nostrum intellectum corpori seu quantitati quasi instrumento cum quo concipit alligatum
12149,body,74,8,True,,Videt tamen ipsam supra omnem conceptum.,videt tamen ipsam supra omnem conceptum,uidet tamen ipsam supra omnem conceptum
12149,body,75,0,False,,"Adhuc considera quomodo in certo colore plus delectamur, sic et in voce seu cantu et ceteris sensibilibus, ideo quia sentire est vivere animae sensitivae et consistit non in sentire hoc vel illud, sed in omni sensibili simul, et ideo plus in eo sensibili, in quo plus de obiecto apprehendit, in quo scilicet sensibilia sunt in quadam harmonica unione, ut cum color in se harmonice multos continet colores et harmonicus cantus multas vocum differentias, ita de aliis sensibilibus.",adhuc considera quomodo in certo colore plus delectamur sic et in voce seu cantu et ceteris sensibilibus ideo quia sentire est vivere animae sensitivae et consistit non in sentire hoc vel illud sed in omni sensibili simul et ideo plus in eo sensibili in quo plus de obiecto apprehendit in quo scilicet sensibilia sunt in quadam harmonica unione ut cum color in se harmonice multos continet colores et harmonicus cantus multas vocum differentias ita de aliis sensibilibus,adhuc considera quomodo in certo colore plus delectamur sic et in uoce seu cantu et ceteris sensibilibus ideo quia sentire est uiuere animae sensitiuae et consistit non in sentire hoc uel illud sed in omni sensibili simul et ideo plus in eo sensibili in quo plus de obiecto apprehendit in quo scilicet sensibilia sunt in quadam harmonica unione ut cum color in se harmonice multos continet colores et harmonicus cantus multas uocum differentias ita de aliis sensibilibus
12149,body,75,1,False,,"Sic de intelligibilibus, ubi in uno principio multas intelligibilium differentias.",sic de intelligibilibus ubi in uno principio multas intelligibilium differentias,sic de intelligibilibus ubi in uno principio multas intelligibilium differentias
12149,body,75,2,False,,"Et hinc est quod intelligere primum principium, in quo omnis rerum ratio est, summa est vita intellectus et delectatio immortalis.",et hinc est quod intelligere primum principium in quo omnis rerum ratio est summa est vita intellectus et delectatio immortalis,et hinc est quod intelligere primum principium in quo omnis rerum ratio est summa est uita intellectus et delectatio immortalis
12149,body,75,3,False,,"Sic species est quoddam totum unius perfecti modi essendi divinae similitudinis in se complicans omnes particulares contractiones, quae in subiecto ad hoc esse contrahitur.",sic species est quoddam totum unius perfecti modi essendi divinae similitudinis in se complicans omnes particulares contractiones quae in subiecto ad hoc esse contrahitur,sic species est quoddam totum unius perfecti modi essendi diuinae similitudinis in se complicans omnes particulares contractiones quae in subiecto ad hoc esse contrahitur
12149,body,75,4,False,,"Videre igitur poteris per beryllum principium modo saepe dicto et quam divinae sint omnes species ex substantiali seu perfecta aeternae rationis similitudine ac quomodo in ipsis creator intellectus se manifestat quodque ipsa species sit verbum seu intentio ipsius intellectus sic se specifice ostendentis, quae est quiditas omnis individui.",videre igitur poteris per beryllum principium modo saepe dicto et quam divinae sint omnes species ex substantiali seu perfecta aeternae rationis similitudine ac quomodo in ipsis creator intellectus se manifestat quodque ipsa species sit verbum seu intentio ipsius intellectus sic se specifice ostendentis quae est quiditas omnis individui,uidere igitur poteris per beryllum principium modo saepe dicto et quam diuinae sint omnes species ex substantiali seu perfecta aeternae rationis similitudine ac quomodo in ipsis creator intellectus se manifestat quodque ipsa species sit uerbum seu intentio ipsius intellectus sic se specifice ostendentis quae est quiditas omnis indiuidui
12149,body,75,5,True,,"Et ideo hanc speciem summe colit omne individuum et ne perdat omnem curam adhibet, et ipsam tenere est sibi dulcissimum et desideratissimum.",et ideo hanc speciem summe colit omne individuum et ne perdat omnem curam adhibet et ipsam tenere est sibi dulcissimum et desideratissimum,et ideo hanc speciem summe colit omne indiuiduum et ne perdat omnem curam adhibet et ipsam tenere est sibi dulcissimum et desideratissimum
12149,body,76,0,False,,Restat adhuc unum ut videamus quomodo homo est mensura rerum.,restat adhuc unum ut videamus quomodo homo est mensura rerum,restat adhuc unum ut uideamus quomodo homo est mensura rerum
12149,body,76,1,False,,"Aristoteles dicit Protagoram in hoc nihil profundi dixisse, mihi tamen magna valde dixisse videtur.",aristoteles dicit protagoram in hoc nihil profundi dixisse mihi tamen magna valde dixisse videtur,aristoteles dicit protagoram in hoc nihil profundi dixisse mihi tamen magna ualde dixisse uidetur
12149,body,76,2,False,,"Et primum considero recte Aristotelem in principio Metaphysicae dixisse quomodo «omnes homines natura scire desiderant», et declarat hoc in sensu visus, quem homo non habet propter operari tantum, sed diligimus ipsum propter cognoscere, quia «multas» nobis «differentias manifestat».",et primum considero recte aristotelem in principio metaphysicae dixisse quomodo omnes homines natura scire desiderant et declarat hoc in sensu visus quem homo non habet propter operari tantum sed diligimus ipsum propter cognoscere quia multas nobis differentias manifestat,et primum considero recte aristotelem in principio metaphysicae dixisse quomodo omnes homines natura scire desiderant et declarat hoc in sensu uisus quem homo non habet propter operari tantum sed diligimus ipsum propter cognoscere quia multas nobis differentias manifestat
12149,body,76,3,False,,"Si igitur sensum et rationem habet homo, non solum ut illis utatur pro hac vita conservanda, sed ut cognoscat, tunc sensibilia ipsum hominem pascere habent dupliciter, scilicet ut vivat et cognoscat.",si igitur sensum et rationem habet homo non solum ut illis utatur pro hac vita conservanda sed ut cognoscat tunc sensibilia ipsum hominem pascere habent dupliciter scilicet ut vivat et cognoscat,si igitur sensum et rationem habet homo non solum ut illis utatur pro hac uita conseruanda sed ut cognoscat tunc sensibilia ipsum hominem pascere habent dupliciter scilicet ut uiuat et cognoscat
12149,body,76,4,False,,"Est autem principalius cognoscere et nobilius, quia habet altiorem et incorruptibiliorem finem.",est autem principalius cognoscere et nobilius quia habet altiorem et incorruptibiliorem finem,est autem principalius cognoscere et nobilius quia habet altiorem et incorruptibiliorem finem
12149,body,76,5,True,,"Et quia superius praesuppositum est divinum intellectum omnia creasse, ut se ipsum manifestet – sic Paulus apostolus Romanis scribens dicit in visibilibus mundi invisibilem deum cognosci –, sunt igitur visibilia, ut in ipsis cognoscatur divinus intellectus omnium artifex.",et quia superius praesuppositum est divinum intellectum omnia creasse ut se ipsum manifestet sic paulus apostolus romanis scribens dicit in visibilibus mundi invisibilem deum cognosci sunt igitur visibilia ut in ipsis cognoscatur divinus intellectus omnium artifex,et quia superius praesuppositum est diuinum intellectum omnia creasse ut se ipsum manifestet sic paulus apostolus romanis scribens dicit in uisibilibus mundi inuisibilem deum cognosci sunt igitur uisibilia ut in ipsis cognoscatur diuinus intellectus omnium artifex
12149,body,77,0,False,,"Quanta igitur est virtus naturae cognoscitivae in humanis sensibus, qui de lumine rationis eis coniuncto participant, tanta est sensibilium diversitas.",quanta igitur est virtus naturae cognoscitivae in humanis sensibus qui de lumine rationis eis coniuncto participant tanta est sensibilium diversitas,quanta igitur est uirtus naturae cognoscitiuae in humanis sensibus qui de lumine rationis eis coniuncto participant tanta est sensibilium diuersitas
12149,body,77,1,False,,"Sensibilia enim sunt sensuum libri, in quibus est intentio divini intellectus in sensibilibus figuris descripta, et est intentio ipsius dei creatoris manifestatio.",sensibilia enim sunt sensuum libri in quibus est intentio divini intellectus in sensibilibus figuris descripta et est intentio ipsius dei creatoris manifestatio,sensibilia enim sunt sensuum libri in quibus est intentio diuini intellectus in sensibilibus figuris descripta et est intentio ipsius dei creatoris manifestatio
12149,body,77,2,False,,"Si igitur dubitas de quacumque re, cur hoc sic vel sic sit vel sic se habeat, est una responsio, quia sensitivae cognitioni se divinus intellectus manifestare voluit, ut sensitive cognosceretur, puta cur in sensibili mundo est tanta contrarietas, dices, ideo quia ‚opposita iuxta se posita magis elucescunt‘, et una est utriusque scientia.",si igitur dubitas de quacumque re cur hoc sic vel sic sit vel sic se habeat est una responsio quia sensitivae cognitioni se divinus intellectus manifestare voluit ut sensitive cognosceretur puta cur in sensibili mundo est tanta contrarietas dices ideo quia opposita iuxta se posita magis elucescunt et una est utriusque scientia,si igitur dubitas de quacumque re cur hoc sic uel sic sit uel sic se habeat est una responsio quia sensitiuae cognitioni se diuinus intellectus manifestare uoluit ut sensitiue cognosceretur puta cur in sensibili mundo est tanta contrarietas dices ideo quia opposita iuxta se posita magis elucescunt et una est utriusque scientia
12149,body,77,3,False,,"Adeo parva est cognitio sensitiva, quod sine contrarietate differentias non apprehenderet.",adeo parva est cognitio sensitiva quod sine contrarietate differentias non apprehenderet,adeo parua est cognitio sensitiua quod sine contrarietate differentias non apprehenderet
12149,body,77,4,False,,"Quare omnis sensus vult obiecta contraria, ut melius discernat, ideo quae ad hoc requiruntur sunt in obiectis.",quare omnis sensus vult obiecta contraria ut melius discernat ideo quae ad hoc requiruntur sunt in obiectis,quare omnis sensus uult obiecta contraria ut melius discernat ideo quae ad hoc requiruntur sunt in obiectis
12149,body,77,5,False,,"Sic enim si pergis per tactum, gustum, olfactum, visum et auditum et attente consideras, quam quisque sensus habeat cognoscendi virtutem, tu reperies omnia obiecta in mundo sensibili et ad servitium cognoscitivae ordinata.",sic enim si pergis per tactum gustum olfactum visum et auditum et attente consideras quam quisque sensus habeat cognoscendi virtutem tu reperies omnia obiecta in mundo sensibili et ad servitium cognoscitivae ordinata,sic enim si pergis per tactum gustum olfactum uisum et auditum et attente consideras quam quisque sensus habeat cognoscendi uirtutem tu reperies omnia obiecta in mundo sensibili et ad seruitium cognoscitiuae ordinata
12149,body,77,6,False,,"Sic contrarietas primarum qualitatum servit tactivae, colorum oculis; et ita de omnibus.",sic contrarietas primarum qualitatum servit tactivae colorum oculis et ita de omnibus,sic contrarietas primarum qualitatum seruit tactiuae colorum oculis et ita de omnibus
12149,body,77,7,True,,In omnibus his adeo variis admirabilis est ostensio divini intellectus.,in omnibus his adeo variis admirabilis est ostensio divini intellectus,in omnibus his adeo uariis admirabilis est ostensio diuini intellectus
12149,body,78,0,False,,"Postquam Anaxagoras vidit intellectum esse principium et causam rerum et in motis dubiis alias causas quam intellectum assignaret, tam per Platonem in Phaedone quam Aristotelem in Metaphysica reprehenditur, quasi voluerit quod intellectus sit principium universi et non singulorum.",postquam anaxagoras vidit intellectum esse principium et causam rerum et in motis dubiis alias causas quam intellectum assignaret tam per platonem in phaedone quam aristotelem in metaphysica reprehenditur quasi voluerit quod intellectus sit principium universi et non singulorum,postquam anaxagoras uidit intellectum esse principium et causam rerum et in motis dubiis alias causas quam intellectum assignaret tam per platonem in phaedone quam aristotelem in metaphysica reprehenditur quasi uoluerit quod intellectus sit principium uniuersi et non singulorum
12149,body,78,1,True,,"Miratus sum de ipsis principibus philosophorum, cum ipsi in hoc viderent Anaxagoram reprehensibilem et de principio secum concordarent, cur ipsi alias rationes indagarunt et in eo, in quo Anaxagoram arguebant, similiter errasse reperiuntur.",miratus sum de ipsis principibus philosophorum cum ipsi in hoc viderent anaxagoram reprehensibilem et de principio secum concordarent cur ipsi alias rationes indagarunt et in eo in quo anaxagoram arguebant similiter errasse reperiuntur,miratus sum de ipsis principibus philosophorum cum ipsi in hoc uiderent anaxagoram reprehensibilem et de principio secum concordarent cur ipsi alias rationes indagarunt et in eo in quo anaxagoram arguebant similiter errasse reperiuntur
12149,body,79,0,False,,"Sed hoc evenit eis ex malo praesupposito, quoniam necessitatem primae causae imposuerunt.",sed hoc evenit eis ex malo praesupposito quoniam necessitatem primae causae imposuerunt,sed hoc euenit eis ex malo praesupposito quoniam necessitatem primae causae imposuerunt
12149,body,79,1,False,,"Unde si ipsi in omni inquisitione ad veram causam conditionis universi, quam praemisimus, respexissent, unam omnium dubiorum veram repperissent solutionem.",unde si ipsi in omni inquisitione ad veram causam conditionis universi quam praemisimus respexissent unam omnium dubiorum veram repperissent solutionem,unde si ipsi in omni inquisitione ad ueram causam conditionis uniuersi quam praemisimus respexissent unam omnium dubiorum ueram repperissent solutionem
12149,body,79,2,False,,"Puta quid sibi vult conditor, quando de spina tam pulchram et odoriferam motu caeli et instrumento naturae educit sensibilem rosam?",puta quid sibi vult conditor quando de spina tam pulchram et odoriferam motu caeli et instrumento naturae educit sensibilem rosam,puta quid sibi uult conditor quando de spina tam pulchram et odoriferam motu caeli et instrumento naturae educit sensibilem rosam
12149,body,79,3,False,,"Quid aliud responderi potest nisi quod admirandus ille intellectus in hoc verbo suo intendit se manifestare, quantae est sapientiae et rationis et quae sunt «divitiae gloriae suae», quando tam faciliter tantam pulchritudinem ita ornate proportionatam ponit medio sensibilis parvae rei in sensu cognoscitivo cum motu laetitiae et dulcissima harmonia omnem naturam hominis exhilarescente?",quid aliud responderi potest nisi quod admirandus ille intellectus in hoc verbo suo intendit se manifestare quantae est sapientiae et rationis et quae sunt divitiae gloriae suae quando tam faciliter tantam pulchritudinem ita ornate proportionatam ponit medio sensibilis parvae rei in sensu cognoscitivo cum motu laetitiae et dulcissima harmonia omnem naturam hominis exhilarescente,quid aliud responderi potest nisi quod admirandus ille intellectus in hoc uerbo suo intendit se manifestare quantae est sapientiae et rationis et quae sunt diuitiae gloriae suae quando tam faciliter tantam pulchritudinem ita ornate proportionatam ponit medio sensibilis paruae rei in sensu cognoscitiuo cum motu laetitiae et dulcissima harmonia omnem naturam hominis exhilarescente
12149,body,79,4,False,,"Et adhuc clariori modo se ostendit in vita vegetabili ipsa, a qua rosa progreditur.",et adhuc clariori modo se ostendit in vita vegetabili ipsa a qua rosa progreditur,et adhuc clariori modo se ostendit in uita uegetabili ipsa a qua rosa progreditur
12149,body,79,5,True,,"Adhuc clariori resplendentia in vita intellectiva, quae omnia sensibilia lustrat, et quam gloriosus sit ille imperator, qui per naturam tamquam legem omnibus imperat, omnia conservat in specie incorruptibili supra tempus et in individuis temporaliter, et quomodo omnia hac lege naturae oriuntur, moventur et operantur ea, quae lex naturae imperat, in qua lege non nisi intellectus ille viget ut omnium auctor.",adhuc clariori resplendentia in vita intellectiva quae omnia sensibilia lustrat et quam gloriosus sit ille imperator qui per naturam tamquam legem omnibus imperat omnia conservat in specie incorruptibili supra tempus et in individuis temporaliter et quomodo omnia hac lege naturae oriuntur moventur et operantur ea quae lex naturae imperat in qua lege non nisi intellectus ille viget ut omnium auctor,adhuc clariori resplendentia in uita intellectiua quae omnia sensibilia lustrat et quam gloriosus sit ille imperator qui per naturam tamquam legem omnibus imperat omnia conseruat in specie incorruptibili supra tempus et in indiuiduis temporaliter et quomodo omnia hac lege naturae oriuntur mouentur et operantur ea quae lex naturae imperat in qua lege non nisi intellectus ille uiget ut omnium auctor
12149,body,80,0,False,,"Vidit Aristoteles id ipsum, scilicet semota sensitiva cognitione esse et sensibilia semota, quando dicit in Metaphysica: «Si animata non essent, sensus non esset neque sensibilia», et plura ibi de hoc.",vidit aristoteles id ipsum scilicet semota sensitiva cognitione esse et sensibilia semota quando dicit in metaphysica si animata non essent sensus non esset neque sensibilia et plura ibi de hoc,uidit aristoteles id ipsum scilicet semota sensitiua cognitione esse et sensibilia semota quando dicit in metaphysica si animata non essent sensus non esset neque sensibilia et plura ibi de hoc
12149,body,80,1,False,,"Recte igitur dicebat Protagoras hominem rerum mensuram, qui ex natura suae sensitivae sciens sensibilia esse propter ipsam mensurat sensibilia, ut sensibiliter divini intellectus gloriam possit apprehendere.",recte igitur dicebat protagoras hominem rerum mensuram qui ex natura suae sensitivae sciens sensibilia esse propter ipsam mensurat sensibilia ut sensibiliter divini intellectus gloriam possit apprehendere,recte igitur dicebat protagoras hominem rerum mensuram qui ex natura suae sensitiuae sciens sensibilia esse propter ipsam mensurat sensibilia ut sensibiliter diuini intellectus gloriam possit apprehendere
12149,body,80,2,False,,"Sic de intelligibilibus ea ad cognitionem referendo intellectivam, et demum ex eodem contemplatur naturam illam intellectivam immortalem, ut se divinus intellectus in sua immortalitate eidem ostendere possit.",sic de intelligibilibus ea ad cognitionem referendo intellectivam et demum ex eodem contemplatur naturam illam intellectivam immortalem ut se divinus intellectus in sua immortalitate eidem ostendere possit,sic de intelligibilibus ea ad cognitionem referendo intellectiuam et demum ex eodem contemplatur naturam illam intellectiuam immortalem ut se diuinus intellectus in sua immortalitate eidem ostendere possit
12149,body,80,3,False,,"Et ita evangelica doctrina manifestior fit, quae finem creationis ponit, ut videatur «deus deorum in Sion» in maiestate gloriae suae, quae est ostensio patris, in quo est sufficientia omnis.",et ita evangelica doctrina manifestior fit quae finem creationis ponit ut videatur deus deorum in sion in maiestate gloriae suae quae est ostensio patris in quo est sufficientia omnis,et ita euangelica doctrina manifestior fit quae finem creationis ponit ut uideatur deus deorum in sion in maiestate gloriae suae quae est ostensio patris in quo est sufficientia omnis
12149,body,80,4,True,,"Et promittit ille noster salvator, «per quem» deus «fecit et saecula», ipsum scilicet verbum dei, quomodo in illa die se ostendet et quod tunc illi vivent vita aeterna.",et promittit ille noster salvator per quem deus fecit et saecula ipsum scilicet verbum dei quomodo in illa die se ostendet et quod tunc illi vivent vita aeterna,et promittit ille noster saluator per quem deus fecit et saecula ipsum scilicet uerbum dei quomodo in illa die se ostendet et quod tunc illi uiuent uita aeterna
12149,body,81,0,False,,"Haec enim ostensio est concipienda, ac si quis unico contuitu videret intellectum Euclidis et quod haec visio esset apprehensio eiusdem artis, quam explicat Euclides in suis Elementis.",haec enim ostensio est concipienda ac si quis unico contuitu videret intellectum euclidis et quod haec visio esset apprehensio eiusdem artis quam explicat euclides in suis elementis,haec enim ostensio est concipienda ac si quis unico contuitu uideret intellectum euclidis et quod haec uisio esset apprehensio eiusdem artis quam explicat euclides in suis elementis
12149,body,81,1,False,,"Sic intellectus divinus ars est omnipotentis, per quam fecit saecula et omnem vitam et intelligentiam.",sic intellectus divinus ars est omnipotentis per quam fecit saecula et omnem vitam et intelligentiam,sic intellectus diuinus ars est omnipotentis per quam fecit saecula et omnem uitam et intelligentiam
12149,body,81,2,False,,"Apprehendisse igitur hanc artem, quando se nude ostendet in illa die, quando nudus et purus apparuerit coram eo intellectus, est acquisivisse dei filiationem et hereditatem immortalis regni.",apprehendisse igitur hanc artem quando se nude ostendet in illa die quando nudus et purus apparuerit coram eo intellectus est acquisivisse dei filiationem et hereditatem immortalis regni,apprehendisse igitur hanc artem quando se nude ostendet in illa die quando nudus et purus apparuerit coram eo intellectus est acquisiuisse dei filiationem et hereditatem immortalis regni
12149,body,81,3,True,,"Intellectus enim si in se habuerit artem, quae est creativa vitae et laetitiae sempiternae, ultimam est assecutus scientiam et felicitatem.",intellectus enim si in se habuerit artem quae est creativa vitae et laetitiae sempiternae ultimam est assecutus scientiam et felicitatem,intellectus enim si in se habuerit artem quae est creatiua uitae et laetitiae sempiternae ultimam est assecutus scientiam et felicitatem
12149,body,82,0,False,,"Quomodo autem fiat cognitio per species particularium sensuum, quae generalem sentiendi virtutem specificant et determinant, et quomodo haec passio, scilicet impressionis specierum, fit actio in sensu atque quomodo «intelligentia est plena formis» intelligibilibus, licet sit una simplex forma, cognoscis, si attendis quomodo visus in se complicat omnium visibilium formas et quod ideo eas cognoscit, quando sibi praesentantur, ex sua natura per formam suam in se omnium visibilium formas complicantem.",quomodo autem fiat cognitio per species particularium sensuum quae generalem sentiendi virtutem specificant et determinant et quomodo haec passio scilicet impressionis specierum fit actio in sensu atque quomodo intelligentia est plena formis intelligibilibus licet sit una simplex forma cognoscis si attendis quomodo visus in se complicat omnium visibilium formas et quod ideo eas cognoscit quando sibi praesentantur ex sua natura per formam suam in se omnium visibilium formas complicantem,quomodo autem fiat cognitio per species particularium sensuum quae generalem sentiendi uirtutem specificant et determinant et quomodo haec passio scilicet impressionis specierum fit actio in sensu atque quomodo intelligentia est plena formis intelligibilibus licet sit una simplex forma cognoscis si attendis quomodo uisus in se complicat omnium uisibilium formas et quod ideo eas cognoscit quando sibi praesentantur ex sua natura per formam suam in se omnium uisibilium formas complicantem
12149,body,82,1,False,,"Sic de intellectu, cuius forma est simplicitas intelligibilium formarum, quas ex propria natura cognoscit, quando nudae sibi praesentantur, et ita sursum ad intelligentias ascendendo, quae habent simplicitatem formae subtiliorem et omnia vident etiam sine eo, quod eis in phantasmate praesententur; et demum quomodo omnia in primo intellectu ita cognoscitive, quod cognitio dat esse cognitis sicut omnium formarum causativum exemplar se ipsum exemplificando; et cur sensus non attingit intelligibilia neque intellectus intelligentias et eo superiora, scilicet cum nulla cognitio possit in simplicius eo. Cognoscere enim mensurare est.",sic de intellectu cuius forma est simplicitas intelligibilium formarum quas ex propria natura cognoscit quando nudae sibi praesentantur et ita sursum ad intelligentias ascendendo quae habent simplicitatem formae subtiliorem et omnia vident etiam sine eo quod eis in phantasmate praesententur et demum quomodo omnia in primo intellectu ita cognoscitive quod cognitio dat esse cognitis sicut omnium formarum causativum exemplar se ipsum exemplificando et cur sensus non attingit intelligibilia neque intellectus intelligentias et eo superiora scilicet cum nulla cognitio possit in simplicius eo cognoscere enim mensurare est,sic de intellectu cuius forma est simplicitas intelligibilium formarum quas ex propria natura cognoscit quando nudae sibi praesentantur et ita sursum ad intelligentias ascendendo quae habent simplicitatem formae subtiliorem et omnia uident etiam sine eo quod eis in phantasmate praesententur et demum quomodo omnia in primo intellectu ita cognoscitiue quod cognitio dat esse cognitis sicut omnium formarum causatiuum exemplar se ipsum exemplificando et cur sensus non attingit intelligibilia neque intellectus intelligentias et eo superiora scilicet cum nulla cognitio possit in simplicius eo cognoscere enim mensurare est
12149,body,82,2,False,,Mensura autem est simplicior quam mensurabilia sicut unitas mensura numeri.,mensura autem est simplicior quam mensurabilia sicut unitas mensura numeri,mensura autem est simplicior quam mensurabilia sicut unitas mensura numeri
12149,body,82,3,True,,"Quia haec omnia complicite in beryllo et aenigmate continentur et multi de hoc eleganter scripserunt, brevitatis causa non extendo.",quia haec omnia complicite in beryllo et aenigmate continentur et multi de hoc eleganter scripserunt brevitatis causa non extendo,quia haec omnia complicite in beryllo et aenigmate continentur et multi de hoc eleganter scripserunt breuitatis causa non extendo
12149,body,83,0,False,,"Ego autem finem libello faciens dico cum Platone: Scientia brevissima est, quae sine omni scriptura melius communicaretur, si essent petentes atque dispositi.",ego autem finem libello faciens dico cum platone scientia brevissima est quae sine omni scriptura melius communicaretur si essent petentes atque dispositi,ego autem finem libello faciens dico cum platone scientia breuissima est quae sine omni scriptura melius communicaretur si essent petentes atque dispositi
12149,body,83,1,False,,"Illos autem Plato putat dispositos, qui tanta cupiunt aviditate imbui, quod sibi potius moriendum esse putent quam carendum scientia, deinde qui a vitiis et deliciis abstinent corporalibus atque ingenii habent aptitudinem.",illos autem plato putat dispositos qui tanta cupiunt aviditate imbui quod sibi potius moriendum esse putent quam carendum scientia deinde qui a vitiis et deliciis abstinent corporalibus atque ingenii habent aptitudinem,illos autem plato putat dispositos qui tanta cupiunt auiditate imbui quod sibi potius moriendum esse putent quam carendum scientia deinde qui a uitiis et deliciis abstinent corporalibus atque ingenii habent aptitudinem
12149,body,83,2,False,,"Dico ego illa omnia sic esse addens quod cum hoc sit fidelis atque deo devotus, a quo illuminari crebris et importunis obtineat precibus.",dico ego illa omnia sic esse addens quod cum hoc sit fidelis atque deo devotus a quo illuminari crebris et importunis obtineat precibus,dico ego illa omnia sic esse addens quod cum hoc sit fidelis atque deo deuotus a quo illuminari crebris et importunis obtineat precibus
12149,body,83,3,False,,"Dat enim sapientiam firma fide, quantum saluti sufficit, petentibus.",dat enim sapientiam firma fide quantum saluti sufficit petentibus,dat enim sapientiam firma fide quantum saluti sufficit petentibus
12149,body,83,4,False,,"His iste quamquam minus bene digestus libellus dabit materiam cogitandi secretioraque inveniendi et altiora attingendi et in laudibus dei, ad quem aspirat omnis anima, semper perseverandi, «qui facit mirabilia solus» et est in aevum benedictus.",his iste quamquam minus bene digestus libellus dabit materiam cogitandi secretioraque inveniendi et altiora attingendi et in laudibus dei ad quem aspirat omnis anima semper perseverandi qui facit mirabilia solus et est in aevum benedictus,his iste quamquam minus bene digestus libellus dabit materiam cogitandi secretioraque inueniendi et altiora attingendi et in laudibus dei ad quem aspirat omnis anima semper perseuerandi qui facit mirabilia solus et est in aeuum benedictus
12149,body,83,5,True,,Deo laus.,deo laus,deo laus
12149,body,84,0,True,,"1458, 18a AUGUSTI IN CASTRO SANCTI RAPHAELIS.",a augusti in castro sancti raphaelis,a augusti in castro sancti raphaelis
