doc_id,block_type,para_id,sent_id,is_para_final,page_n,textstring_orig,textstring_rich,textstring_simple
508113,head,0,0,True,[1],Eine Chriſtliche Predigt BEy der Leich vnd Adelichen Begräbnuß/ deß Weyland Edlen Geſtrengen vnd veſten Sigmundt Marſchalcks von vnd zu Ebnet/ auff Wildenberg vnd Weingartengereuth/ ꝛc. ſeligen. Welcher Montags den 13. Iunij diß 1608. Jahrs früe zwiſchen 8. vnd 9. vhrn zu Bamberg/ in warer anruffung/ erkant: vnd bekantnuß ſeines lieben Herrn vnd einigen Heylands Jeſu Chriſti ſelig eingeſchlaffen/ vnd Sontags hernacher den 19. Junij von dannen nacher Mühlhauſen/ Chriſtlichem vñ Adelichem brauch nach/ in Volckreicher verſamlung/ zur Erden beſtetigt worden/ Deſſen Seelen Gott gnedig geruhen/ dem Cörper aber am Jüngſten Tage eine fröliche Aufferſtehung zum Ewigen Leben verleyhen wolle/ Amen. Gethan/ vnd jetzo zu vnterthenigen Ehren vnd gefallen der hinterlaſſenen betrübten Fraw Wittiben/ vnd gantzen Adelichen Freundſchafft in Druck verfertiget/ Durch Wolfgang Haßfurtern/ der zeit Pfaꝛrern zu Aſpach vnd Heuchelheim. Gedruckt zu Nürmberg/ durch Abraham Wagenmann. M D C VIII.,eine chriſtliche predigt bey der leich vnd adelichen begräbnuß deß weyland edlen geſtrengen vnd veſten sigmundt marſchalcks von vnd zu ebnet auff wildenberg vnd weingartengereuth ꝛc ſeligen welcher montags den iunij diß jahrs früe zwiſchen vnd vhrn zu bamberg in warer anruffung erkant vnd bekantnuß ſeines lieben herrn vnd einigen heylands jeſu chriſti ſelig eingeſchlaffen vnd sontags hernacher den junij von dannen nacher mühlhauſen chriſtlichem vñ adelichem brauch nach in volckreicher verſamlung zur erden beſtetigt worden deſſen seelen gott gnedig geruhen dem cörper aber am jüngſten tage eine fröliche aufferſtehung zum ewigen leben verleyhen wolle amen gethan vnd jetzo zu vnterthenigen ehren vnd gefallen der hinterlaſſenen betrübten fraw wittiben vnd gantzen adelichen freundſchafft in druck verfertiget durch wolfgang haßfurtern der zeit pfaꝛrern zu aſpach vnd heuchelheim gedruckt zu nürmberg durch abraham wagenmann m d c viii,eine christliche predigt bey der leich und adelichen begrabnuss dess weyland edlen gestrengen und uesten sigmundt marschalcks uon und zu ebnet auff wildenberg und weingartengereuth c seligen welcher montags den iunii diss iahrs frue zwischen und uhrn zu bamberg in warer anruffung erkant und bekantnuss seines lieben herrn und einigen heylands iesu christi selig eingeschlaffen und sontags hernacher den iunii uon dannen nacher muhlhausen christlichem und adelichem brauch nach in uolckreicher uersamlung zur erden bestetigt worden dessen seelen gott gnedig geruhen dem corper aber am iungsten tage eine froliche aufferstehung zum ewigen leben uerleyhen wolle amen gethan und ietzo zu unterthenigen ehren und gefallen der hinterlassenen betrubten fraw wittiben und gantzen adelichen freundschafft in druck uerfertiget durch wolfgang hassfurtern der zeit pfarern zu aspach und heuchelheim gedruckt zu nurmberg durch abraham wagenmann m d c uiii
508113,body,1,0,True,[3],DEiñ Edlen Geſtrengen vnd veſten/ Veit Vlrich Marſchalck von Ebnet zu Frenßdorff/ ꝛc. Meinem Jnſonders Großgünſtigen Junckern vnd geneigten Förderer/ Vnd Denen auch Edlen vnd Ehren vieltungentreichen Frawen Catharinen Marſchalckin/ gebornen Schenckin von Symaw/ Frauen Amalien von Kindtsberg vnd Frawen Vrſulen von Wallenfelß/ beyde geborne Marſchalckin von Ebnet/ Wittiben zu Weingartgereuth/ Thurnaw vnd Culmbach/ ꝛc. Meinen in gebühr günſtigen Frawen/ ſampt vnd ſonders.,deiñ edlen geſtrengen vnd veſten veit vlrich marſchalck von ebnet zu frenßdorff ꝛc meinem jnſonders großgünſtigen junckern vnd geneigten förderer vnd denen auch edlen vnd ehren vieltungentreichen frawen catharinen marſchalckin gebornen schenckin von symaw frauen amalien von kindtsberg vnd frawen vrſulen von wallenfelß beyde geborne marſchalckin von ebnet wittiben zu weingartgereuth thurnaw vnd culmbach ꝛc meinen in gebühr günſtigen frawen ſampt vnd ſonders,deinn edlen gestrengen und uesten ueit ulrich marschalck uon ebnet zu frenssdorff c meinem insonders grossgunstigen iunckern und geneigten forderer und denen auch edlen und ehren uieltungentreichen frawen catharinen marschalckin gebornen schenckin uon symaw frauen amalien uon kindtsberg und frawen ursulen uon wallenfelss beyde geborne marschalckin uon ebnet wittiben zu weingartgereuth thurnaw und culmbach c meinen in gebuhr gunstigen frawen sampt und sonders
508113,body,2,0,False,[3],GEſtrenger Edler veſter ſonders Großgünſtiger Juncker/ vnd geneigter förderer/ Auch Edle Ehrnvieltugentreiche in gebühr günſtige Frawen.,geſtrenger edler veſter ſonders großgünſtiger juncker vnd geneigter förderer auch edle ehrnvieltugentreiche in gebühr günſtige frawen,gestrenger edler uester sonders grossgunstiger iuncker und geneigter forderer auch edle ehrnuieltugentreiche in gebuhr gunstige frawen
508113,body,2,1,True,[3],Mit beſonderm auch hertzlichem Chriſtlichem betrauren habe ich die verſchienene Tage vermerckt/ welcher geſtalt E. G. vnd V. auch E. Ad. T. den Weyland Geſtrengen Edlen vnd veſten Sigmundt Marſchalck von Ebnet/ ꝛc. Deroſelben geliebten Junckern vnd Brudern ſeeligen/ den der Allmechtige Gott nach ſeinem Vätterlichem und allein weiſen Rath von dieſem zergenglichem Jam̃erthal zu ſeinen ewigen frewden/ vnzweiffenlich/ abgefordert/ nebenſt andern vielen Chriſtlichen vnnd Gottſeligen Hertzen hohes vnd nidern ſtandes/ mit Hertzlichen threnen beklaget/ vnd ſind S. Veſt. ſeliger gedächtnuß eines ſolchen betraurens vnd viel höhers wehrt/ aber noch tauſentmahl mehr/ das S. Veſt. hinterlaſſener Chriſtlicher vñ Adelicher löblicher Name vnd gedächtnuß gegen allen Chriſt: Gottſeligen vnd Ehrliebenden Leuten gerühmet/ vnd deſſen warhafftes Lob/ von wegen S. V. Chriſtlichen vnd beſtendigen Glaubens/ Handels vnd Wandels bey allen nachkommen erhalten werde.,mit beſonderm auch hertzlichem chriſtlichem betrauren habe ich die verſchienene tage vermerckt welcher geſtalt e g vnd v auch e ad t den weyland geſtrengen edlen vnd veſten sigmundt marſchalck von ebnet ꝛc deroſelben geliebten junckern vnd brudern ſeeligen den der allmechtige gott nach ſeinem vätterlichem und allein weiſen rath von dieſem zergenglichem jam̃erthal zu ſeinen ewigen frewden vnzweiffenlich abgefordert nebenſt andern vielen chriſtlichen vnnd gottſeligen hertzen hohes vnd nidern ſtandes mit hertzlichen threnen beklaget vnd ſind s veſt ſeliger gedächtnuß eines ſolchen betraurens vnd viel höhers wehrt aber noch tauſentmahl mehr das s veſt hinterlaſſener chriſtlicher vñ adelicher löblicher name vnd gedächtnuß gegen allen chriſt gottſeligen vnd ehrliebenden leuten gerühmet vnd deſſen warhafftes lob von wegen s v chriſtlichen vnd beſtendigen glaubens handels vnd wandels bey allen nachkommen erhalten werde,mit besonderm auch hertzlichem christlichem betrauren habe ich die uerschienene tage uermerckt welcher gestalt e g und u auch e ad t den weyland gestrengen edlen und uesten sigmundt marschalck uon ebnet c deroselben geliebten iunckern und brudern seeligen den der allmechtige gott nach seinem uatterlichem und allein weisen rath uon diesem zergenglichem iammerthal zu seinen ewigen frewden unzweiffenlich abgefordert nebenst andern uielen christlichen unnd gottseligen hertzen hohes und nidern standes mit hertzlichen threnen beklaget und sind s uest seliger gedachtnuss eines solchen betraurens und uiel hohers wehrt aber noch tausentmahl mehr das s uest hinterlassener christlicher und adelicher loblicher name und gedachtnuss gegen allen christ gottseligen und ehrliebenden leuten geruhmet und dessen warhafftes lob uon wegen s u christlichen und bestendigen glaubens handels und wandels bey allen nachkommen erhalten werde
508113,body,3,0,True,[4],Wann dann von E. Geſtr. vnd V. auch E. Ad. T. auch wider meinen willen/ Ehrngemeltem meinem Großgünſtigem Junckern ſeligen die Leichpredigt zu thun mir G. anbefolen/ vnnd nach vorbringnuß derſelben/ zu S. Veſt. ſeligen Ehren ruhm vnd gedächtnuß/ auff bitt vnd begeren vornehmer anſehenlicher vom Adel vnd Herꝛn/ durch E. Geſtr. vnd Veſt: auch E. Ad. T. Großgünſtig bey mir vmb Publication der gethanen Predigt angehalten worden.,wann dann von e geſtr vnd v auch e ad t auch wider meinen willen ehrngemeltem meinem großgünſtigem junckern ſeligen die leichpredigt zu thun mir g anbefolen vnnd nach vorbringnuß derſelben zu s veſt ſeligen ehren ruhm vnd gedächtnuß auff bitt vnd begeren vornehmer anſehenlicher vom adel vnd herꝛn durch e geſtr vnd veſt auch e ad t großgünſtig bey mir vmb publication der gethanen predigt angehalten worden,wann dann uon e gestr und u auch e ad t auch wider meinen willen ehrngemeltem meinem grossgunstigem iunckern seligen die leichpredigt zu thun mir g anbefolen unnd nach uorbringnuss derselben zu s uest seligen ehren ruhm und gedachtnuss auff bitt und begeren uornehmer ansehenlicher uom adel und hern durch e gestr und uest auch e ad t grossgunstig bey mir umb publication der gethanen predigt angehalten worden
508113,body,4,0,False,[4],Als habe auff deroſelben Großgünſtiges begehren (ob wol ich meinen vnverſtandt vnd einfalt gar wol weiß vnd erkenne) Jedoch vnterdienſtlich denſelben damit erſcheinen/ vnd Ehrngemelten Gottſeligen Junckern/ vnd E. Geſtr. vnd Veſt. auch E. Ad T. vor vielfältige empfangene wolthaten vnterdienſt. vnd ehrngebürlich/ mit dieſer geringen Dedication danckbar erzeigen wollen/ bey neben dieſelben ſampt vnd ſonders bittend/ die wöllen/ wie biß anhero/ meine Großgünſtige Patronen vnd beförderer verbleiben.,als habe auff deroſelben großgünſtiges begehren ob wol ich meinen vnverſtandt vnd einfalt gar wol weiß vnd erkenne jedoch vnterdienſtlich denſelben damit erſcheinen vnd ehrngemelten gottſeligen junckern vnd e geſtr vnd veſt auch e ad t vor vielfältige empfangene wolthaten vnterdienſt vnd ehrngebürlich mit dieſer geringen dedication danckbar erzeigen wollen bey neben dieſelben ſampt vnd ſonders bittend die wöllen wie biß anhero meine großgünſtige patronen vnd beförderer verbleiben,als habe auff deroselben grossgunstiges begehren ob wol ich meinen unuerstandt und einfalt gar wol weiss und erkenne iedoch unterdienstlich denselben damit erscheinen und ehrngemelten gottseligen iunckern und e gestr und uest auch e ad t uor uielfaltige empfangene wolthaten unterdienst und ehrngeburlich mit dieser geringen dedication danckbar erzeigen wollen bey neben dieselben sampt und sonders bittend die wollen wie biss anhero meine grossgunstige patronen und beforderer uerbleiben
508113,body,4,1,False,[5],Das bin ich mit meinem ſchuldigem Gebet/ für deroſelbẽ beſtendige langwirige geſundheit vnd glückliche wolfahrt/ gegen GOtt dem Allmechtigen zu verbitten vnd dienen/ jederzeit ſchuldiges vnd beſtes fleiſſes vnterdienſtlich vnd Ehrengebührlich ingedenck.,das bin ich mit meinem ſchuldigem gebet für deroſelbẽ beſtendige langwirige geſundheit vnd glückliche wolfahrt gegen gott dem allmechtigen zu verbitten vnd dienen jederzeit ſchuldiges vnd beſtes fleiſſes vnterdienſtlich vnd ehrengebührlich ingedenck,das bin ich mit meinem schuldigem gebet fur deroselben bestendige langwirige gesundheit und gluckliche wolfahrt gegen gott dem allmechtigen zu uerbitten und dienen iederzeit schuldiges und bestes fleisses unterdienstlich und ehrengebuhrlich ingedenck
508113,body,4,2,True,[5],Damit dieſelben ſamptlichen Göttlicher gnediger Protection vnd Wort ſeiner gnaden empfehlendt/ Geben Aſpach den 25. Iunij Anno 1608.,damit dieſelben ſamptlichen göttlicher gnediger protection vnd wort ſeiner gnaden empfehlendt geben aſpach den iunij anno,damit dieselben samptlichen gottlicher gnediger protection und wort seiner gnaden empfehlendt geben aspach den iunii anno
508113,body,5,0,True,[5],E. Geſtr. vnd V. auch Ad. T Jn gebühr Vnterdienſtwilliger vnd gehorſamer Wolfgang Haßfurter Diener am Worte Gottes.,e geſtr vnd v auch ad t jn gebühr vnterdienſtwilliger vnd gehorſamer wolfgang haßfurter diener am worte gottes,e gestr und u auch ad t in gebuhr unterdienstwilliger und gehorsamer wolfgang hassfurter diener am worte gottes
508113,head,6,0,False,[6],TEXTUS.,textus,textus
508113,head,6,1,True,[6],Johan. 8.,johan,iohan
508113,body,7,0,True,[6],Warlich warlich ich ſage euch/ ſo jemand mein Wort wird halten/ der wird den Todt nicht ſehen ewiglich.,warlich warlich ich ſage euch ſo jemand mein wort wird halten der wird den todt nicht ſehen ewiglich,warlich warlich ich sage euch so iemand mein wort wird halten der wird den todt nicht sehen ewiglich
508113,head,8,0,True,[6],EXPLICATIO.,explicatio,explicatio
508113,body,9,0,False,[6],GEliebte in dem HErꝛn Chriſto/ Es ſpricht der Königliche Prophet David von dem Edlen vnd thewren Schatz Göttliches worts: Herr dein Wort iſt mir lieber denn viel tauſent ſtuck Silbers vnd Goldes/ wenn dein Wort nicht wehre mein troſt geweſen/ ſo wehre ich vergangen in allem meinem Elend/ aber dein Wort Herr das erquicket mich.,geliebte in dem herꝛn chriſto es ſpricht der königliche prophet david von dem edlen vnd thewren schatz göttliches worts herr dein wort iſt mir lieber denn viel tauſent ſtuck silbers vnd goldes wenn dein wort nicht wehre mein troſt geweſen ſo wehre ich vergangen in allem meinem elend aber dein wort herr das erquicket mich,geliebte in dem hern christo es spricht der konigliche prophet dauid uon dem edlen und thewren schatz gottliches worts herr dein wort ist mir lieber denn uiel tausent stuck silbers und goldes wenn dein wort nicht wehre mein trost gewesen so wehre ich uergangen in allem meinem elend aber dein wort herr das erquicket mich
508113,body,9,1,True,[6],Freylich/ liebe Chriſten/ was allhie der hocherleuchte König David in gemein von GOttes wort ſagt/ das möchte gar wol in ſonderheit von dem jetzt abgehörten Sprüchlein gemeldet werden Freylich ſolte vns diß ſchöne troſtſprüchlein viel/ Ja tauſentmal lieber ſein/ als alles Vngriſche vnd Arabiſche Gold/ als alle Perlen vnd Edelgeſtein/ die in der gantzen Welt möchten zufinden ſein: Sintemal vns darin gezeiget vnd gewieſen wird ein lauterer Bruñquell/ wares Lebendiges troſtes/ damit ſich auch ein Chriſtenhertz mitten im Todt ſtercken vnd tröſten kan.,freylich liebe chriſten was allhie der hocherleuchte könig david in gemein von gottes wort ſagt das möchte gar wol in ſonderheit von dem jetzt abgehörten sprüchlein gemeldet werden freylich ſolte vns diß ſchöne troſtſprüchlein viel ja tauſentmal lieber ſein als alles vngriſche vnd arabiſche gold als alle perlen vnd edelgeſtein die in der gantzen welt möchten zufinden ſein sintemal vns darin gezeiget vnd gewieſen wird ein lauterer bruñquell wares lebendiges troſtes damit ſich auch ein chriſtenhertz mitten im todt ſtercken vnd tröſten kan,freylich liebe christen was allhie der hocherleuchte konig dauid in gemein uon gottes wort sagt das mochte gar wol in sonderheit uon dem ietzt abgehorten spruchlein gemeldet werden freylich solte uns diss schone trostspruchlein uiel ia tausentmal lieber sein als alles ungrische und arabische gold als alle perlen und edelgestein die in der gantzen welt mochten zufinden sein sintemal uns darin gezeiget und gewiesen wird ein lauterer brunnquell wares lebendiges trostes damit sich auch ein christenhertz mitten im todt stercken und trosten kan
508113,body,10,0,False,[6],"Weil es dann ein ſolch köſtlich vnd Edeles Perlen iſt/ habe ich daſſelbige mit beſonderm fleiß zu deß verſtorbenen Junckern ſeligen/ Leichen Argument/ S. Veſt. zu ſondern gedächtnuß/ der Adelichen betrübten Wittib vnd Freundſchafft/ vnd vns allen zu vnterricht vnnd troſt für die Hand nemen wollen/ nicht allein darumb/ dieweil daſſelbe mit ſeiner Perſon gar fein vber ein ſtim̃et/ S. Veſt. daſſelbe Practiciret, vnd ohne allen zweiffel mit der That vnd warheit an deroſelben erfüllet iſt/ wie wir in der application vernemen wollen: Sondern auch weil vns in demſelben/ wie jetzt gemelt/ ein lebendiger troſt gewieſen wird/ damit ſich alle fromme Chriſten Hertzen in allen jhren nöten vnd anfechtungen/ wider die Sünde/ ja wider die forcht vnd ſchrecken deß zeitlichen vnd ewigen Todtes tröſten/ laben vnd erquicken können.",weil es dann ein ſolch köſtlich vnd edeles perlen iſt habe ich daſſelbige mit beſonderm fleiß zu deß verſtorbenen junckern ſeligen leichen argument s veſt zu ſondern gedächtnuß der adelichen betrübten wittib vnd freundſchafft vnd vns allen zu vnterricht vnnd troſt für die hand nemen wollen nicht allein darumb dieweil daſſelbe mit ſeiner perſon gar fein vber ein ſtim̃et s veſt daſſelbe practiciret vnd ohne allen zweiffel mit der that vnd warheit an deroſelben erfüllet iſt wie wir in der application vernemen wollen sondern auch weil vns in demſelben wie jetzt gemelt ein lebendiger troſt gewieſen wird damit ſich alle fromme chriſten hertzen in allen jhren nöten vnd anfechtungen wider die sünde ja wider die forcht vnd ſchrecken deß zeitlichen vnd ewigen todtes tröſten laben vnd erquicken können,weil es dann ein solch kostlich und edeles perlen ist habe ich dasselbige mit besonderm fleiss zu dess uerstorbenen iunckern seligen leichen argument s uest zu sondern gedachtnuss der adelichen betrubten wittib und freundschafft und uns allen zu unterricht unnd trost fur die hand nemen wollen nicht allein darumb dieweil dasselbe mit seiner person gar fein uber ein stimmet s uest dasselbe practiciret und ohne allen zweiffel mit der that und warheit an deroselben erfullet ist wie wir in der application uernemen wollen sondern auch weil uns in demselben wie ietzt gemelt ein lebendiger trost gewiesen wird damit sich alle fromme christen hertzen in allen ihren noten und anfechtungen wider die sunde ia wider die forcht und schrecken dess zeitlichen und ewigen todtes trosten laben und erquicken konnen
508113,body,10,1,False,[7],Jn ſolcher betrachtung wollen wir das abgehörte Sprüchlein für vns nemen/ demſelben ein wenig in der forcht GOttes nach dencken/ den Safft vnd Krafft herauß preſſen/ vnd denſelben vnſern Hertzen appliciren vnd nütz machen.,jn ſolcher betrachtung wollen wir das abgehörte sprüchlein für vns nemen demſelben ein wenig in der forcht gottes nach dencken den safft vnd krafft herauß preſſen vnd denſelben vnſern hertzen appliciren vnd nütz machen,in solcher betrachtung wollen wir das abgehorte spruchlein fur uns nemen demselben ein wenig in der forcht gottes nach dencken den safft und krafft herauss pressen und denselben unsern hertzen appliciren und nutz machen
508113,body,10,2,True,[7],Damit aber ſolches deſto richtiger vnd beſſer beſchehen/ vñ in vnſern Hertzen hafften möge/ wollen wir es einſchleiſſen in diß einige Pünctlein/ vnd ſagen: Welches das Edelſte vnd köſtlichſte Præſervatio vnd Artzney ſey/ ſo vns von dem Himliſchen Artzt Chriſto JEſu fürgeſchrieben wird/ ſo vns vor dem ewigen Todt ſchützen vnd ſichern kan.,damit aber ſolches deſto richtiger vnd beſſer beſchehen vñ in vnſern hertzen hafften möge wollen wir es einſchleiſſen in diß einige pünctlein vnd ſagen welches das edelſte vnd köſtlichſte præſervatio vnd artzney ſey ſo vns von dem himliſchen artzt chriſto jeſu fürgeſchrieben wird ſo vns vor dem ewigen todt ſchützen vnd ſichern kan,damit aber solches desto richtiger und besser beschehen und in unsern hertzen hafften moge wollen wir es einschleissen in diss einige punctlein und sagen welches das edelste und kostlichste praeseruatio und artzney sey so uns uon dem himlischen artzt christo iesu furgeschrieben wird so uns uor dem ewigen todt schutzen und sichern kan
508113,body,11,0,True,[7],Vnſer lieber Gott gebe vns die gnad ſeines H. Geiſtes darzu/ vmb vnſers lieben Herꝛn vnd Heylandes Jeſu Chriſti deß Worts deß ewigen Lebens willen/ Amen.,vnſer lieber gott gebe vns die gnad ſeines h geiſtes darzu vmb vnſers lieben herꝛn vnd heylandes jeſu chriſti deß worts deß ewigen lebens willen amen,unser lieber gott gebe uns die gnad seines h geistes darzu umb unsers lieben hern und heylandes iesu christi dess worts dess ewigen lebens willen amen
508113,head,12,0,True,[7],EXEGESIS.,exegesis,exegesis
508113,body,13,0,True,[7],WAs nun das vorgenomene Lehrpünctlein belangen thut/ ſo lautet das Sprüchlein an ſeinen worten alſo: Warlich warlich ich ſage euch/ ſo jemand mein Wort wird halten/ der wird den Todt nicht ſehen ewiglich.,was nun das vorgenomene lehrpünctlein belangen thut ſo lautet das sprüchlein an ſeinen worten alſo warlich warlich ich ſage euch ſo jemand mein wort wird halten der wird den todt nicht ſehen ewiglich,was nun das uorgenomene lehrpunctlein belangen thut so lautet das spruchlein an seinen worten also warlich warlich ich sage euch so iemand mein wort wird halten der wird den todt nicht sehen ewiglich
508113,body,14,0,True,[7],Von dem weitberühmten Medico Hippocrate iſt bekandt/ das derſelbe etliche gewiſſe aphoriſmos geſtellet vnd hinterlaſſen/ welche die vernünfftigen Medici noch gebrauchen/ vnd darauß ſie bald jhre Prognoſtica nemen können/ ob eines Menſchen kranckheit zum Todt geneigt ſey/ oder ob er widerumb geneſen könne: Vnd weil ſie auß natürlichen vrſachen herflieſſen/ ſo treffen ſie auch gemeiniglich mit der that vnd warheit vber ein.,von dem weitberühmten medico hippocrate iſt bekandt das derſelbe etliche gewiſſe aphoriſmos geſtellet vnd hinterlaſſen welche die vernünfftigen medici noch gebrauchen vnd darauß ſie bald jhre prognoſtica nemen können ob eines menſchen kranckheit zum todt geneigt ſey oder ob er widerumb geneſen könne vnd weil ſie auß natürlichen vrſachen herflieſſen ſo treffen ſie auch gemeiniglich mit der that vnd warheit vber ein,uon dem weitberuhmten medico hippocrate ist bekandt das derselbe etliche gewisse aphorismos gestellet und hinterlassen welche die uernunfftigen medici noch gebrauchen und darauss sie bald ihre prognostica nemen konnen ob eines menschen kranckheit zum todt geneigt sey oder ob er widerumb genesen konne und weil sie auss naturlichen ursachen herfliessen so treffen sie auch gemeiniglich mit der that und warheit uber ein
508113,body,15,0,True,[7],Hie aber haben wir einen rechten Geiſtreichen aphoriſmum Spruch vnd vnfehlbare Regel/ darin vns gezeigt wird wie wir fürm ewigen Todt/ können geſichert ſein.,hie aber haben wir einen rechten geiſtreichen aphoriſmum spruch vnd vnfehlbare regel darin vns gezeigt wird wie wir fürm ewigen todt können geſichert ſein,hie aber haben wir einen rechten geistreichen aphorismum spruch und unfehlbare regel darin uns gezeigt wird wie wir furm ewigen todt konnen gesichert sein
508113,body,16,0,True,[7],"Damit wir aber denſelben deſto beſſer verſtehen mögen/ ſo wollen wir jhn in ſeine membra reſolviren, deren wir dann vornemblich vier darbey zubehertzigen haben.",damit wir aber denſelben deſto beſſer verſtehen mögen ſo wollen wir jhn in ſeine membra reſolviren deren wir dann vornemblich vier darbey zubehertzigen haben,damit wir aber denselben desto besser uerstehen mogen so wollen wir ihn in seine membra resoluiren deren wir dann uornemblich uier darbey zubehertzigen haben
508113,body,17,0,True,[8],Zum erſten/ wer der Artzt ſey/ der alhie auftrit vnd ſich eines ſolchen recepts berühmen darff.,zum erſten wer der artzt ſey der alhie auftrit vnd ſich eines ſolchen recepts berühmen darff,zum ersten wer der artzt sey der alhie auftrit und sich eines solchen recepts beruhmen darff
508113,body,18,0,True,[8],Zum andern/ welches das rechte præſervativ ſey/ das vns wider den ewigen Todt ſichern kan.,zum andern welches das rechte præſervativ ſey das vns wider den ewigen todt ſichern kan,zum andern welches das rechte praeseruatiu sey das uns wider den ewigen todt sichern kan
508113,body,19,0,False,[8],Zum dritten/ wie wir ſolch Edel præſervativ recht appliciren vnd vns nutz machen ſollen.,zum dritten wie wir ſolch edel præſervativ recht appliciren vnd vns nutz machen ſollen,zum dritten wie wir solch edel praeseruatiu recht appliciren und uns nutz machen sollen
508113,body,19,1,True,[8],Vnd dann,vnd dann,und dann
508113,body,20,0,False,[8],Zum vierdten/ was deſſelben operation vnd krefftige wirckung ſein ſoll.,zum vierdten was deſſelben operation vnd krefftige wirckung ſein ſoll,zum uierdten was desselben operation und krefftige wirckung sein soll
508113,body,20,1,True,[8],Dieſe vier vnterſchiedene Pünctlein/ laſt vns beym vorgenomenen Troſtſprüchlein inn der furcht GOttes erwegen/ vnd darbey zum beſchluß anhören/ wie vnſer verſtorbener Juncker ſeliger/ jhm ſolch Edel præſervativ appliciret vnd deſſen krefftige wirckung zu ſeinem ewigem heyl geſpüret vnd empfunden habe.,dieſe vier vnterſchiedene pünctlein laſt vns beym vorgenomenen troſtſprüchlein inn der furcht gottes erwegen vnd darbey zum beſchluß anhören wie vnſer verſtorbener juncker ſeliger jhm ſolch edel præſervativ appliciret vnd deſſen krefftige wirckung zu ſeinem ewigem heyl geſpüret vnd empfunden habe,diese uier unterschiedene punctlein last uns beym uorgenomenen trostspruchlein inn der furcht gottes erwegen und darbey zum beschluss anhoren wie unser uerstorbener iuncker seliger ihm solch edel praeseruatiu appliciret und dessen krefftige wirckung zu seinem ewigem heyl gespuret und empfunden habe
508113,body,21,0,False,[8],Was das erſte belangt/ Nemblich wer der Artzt ſey/ der vns ein Edeles vnd bewehrtes Recept wider den zeitlichen vnd ewigen Todt fürſchreibet?,was das erſte belangt nemblich wer der artzt ſey der vns ein edeles vnd bewehrtes recept wider den zeitlichen vnd ewigen todt fürſchreibet,was das erste belangt nemblich wer der artzt sey der uns ein edeles und bewehrtes recept wider den zeitlichen und ewigen todt furschreibet
508113,body,21,1,False,[8],So iſt es nicht etwa ein ſchlechter ſterblicher oder leiblicher Artzt/ ein bloſſer Menſch/ wie Galenus Hippocrates vnd andere.,so iſt es nicht etwa ein ſchlechter ſterblicher oder leiblicher artzt ein bloſſer menſch wie galenus hippocrates vnd andere,so ist es nicht etwa ein schlechter sterblicher oder leiblicher artzt ein blosser mensch wie galenus hippocrates und andere
508113,body,21,2,False,[8],Denn wenn gleich alle Doctores auff einem hauffen ſtunden/ ſo könten ſie doch mit all jrer Kunſt nicht ein Recept zuſammen leſen/ das für den zeitlichen Todt helffen könte/ geſchweige das ſie ein Artzney wider den ewigen Todt fürbringen könten.,denn wenn gleich alle doctores auff einem hauffen ſtunden ſo könten ſie doch mit all jrer kunſt nicht ein recept zuſammen leſen das für den zeitlichen todt helffen könte geſchweige das ſie ein artzney wider den ewigen todt fürbringen könten,denn wenn gleich alle doctores auff einem hauffen stunden so konten sie doch mit all irer kunst nicht ein recept zusammen lesen das fur den zeitlichen todt helffen konte geschweige das sie ein artzney wider den ewigen todt furbringen konten
508113,body,21,3,True,[8],Denn da heiſt es wie der Poet ſpricht.,denn da heiſt es wie der poet ſpricht,denn da heist es wie der poet spricht
508113,body,22,0,True,[8],"Non eſt in Medico ſemper relevetur ut æger,",non eſt in medico ſemper relevetur ut æger,non est in medico semper releuetur ut aeger
508113,body,23,0,True,[8],Interdum docta plus valet arte malum.,interdum docta plus valet arte malum,interdum docta plus ualet arte malum
508113,body,24,0,True,[8],"Ipſe licet ſacras Epidaurius afferat herbas,",ipſe licet ſacras epidaurius afferat herbas,ipse licet sacras epidaurius afferat herbas
508113,body,25,0,True,[8],Sanabit nulla vulnera cordis ope.,sanabit nulla vulnera cordis ope,sanabit nulla uulnera cordis ope
508113,body,26,0,True,[8],Kein Doctor hie auff Erden iſt/,kein doctor hie auff erden iſt,kein doctor hie auff erden ist
508113,body,27,0,True,[8],Den ſeine Kunſt vom Todt außſchlieſt.,den ſeine kunſt vom todt außſchlieſt,den seine kunst uom todt aussschliest
508113,body,28,0,False,[8],Sondern da gehöret ein ander Artzt darzu.,sondern da gehöret ein ander artzt darzu,sondern da gehoret ein ander artzt darzu
508113,body,28,1,False,[8],Wer iſt derſelbe?,wer iſt derſelbe,wer ist derselbe
508113,body,28,2,False,[8],"Es iſt der Himliſche Raphael, der ware Sohn deß Lebendigen Gottes/ der da mit dem Vatter vnd H. Geiſt wahrer ewiger/ Allmechtiger vnd vnſterblicher Gott iſt von ewigkeit zu ewigkeit/ vnd der da ſelber ſpricht Exod. 15. Egojehovah medicus tuus, Jch der Herr bin dein Artzt.",es iſt der himliſche raphael der ware sohn deß lebendigen gottes der da mit dem vatter vnd h geiſt wahrer ewiger allmechtiger vnd vnſterblicher gott iſt von ewigkeit zu ewigkeit vnd der da ſelber ſpricht exod egojehovah medicus tuus jch der herr bin dein artzt,es ist der himlische raphael der ware sohn dess lebendigen gottes der da mit dem uatter und h geist wahrer ewiger allmechtiger und unsterblicher gott ist uon ewigkeit zu ewigkeit und der da selber spricht exod egoiehouah medicus tuus ich der herr bin dein artzt
508113,body,28,3,False,[9],Dieſer Himliſche Artzt hat Sigel vnd Brieff/ zeugnuß vnd beweiß gnug von der gantzen H. Dreyfaltigkeit/ das jhm wol zu trawen vnd zu glauben ſey/ vnd das er vor ſeine Perſon nicht viel Wort machen darff.,dieſer himliſche artzt hat sigel vnd brieff zeugnuß vnd beweiß gnug von der gantzen h dreyfaltigkeit das jhm wol zu trawen vnd zu glauben ſey vnd das er vor ſeine perſon nicht viel wort machen darff,dieser himlische artzt hat sigel und brieff zeugnuss und beweiss gnug uon der gantzen h dreyfaltigkeit das ihm wol zu trawen und zu glauben sey und das er uor seine person nicht uiel wort machen darff
508113,body,28,4,False,[9],Denn GOtt ſein Himliſcher Vatter zeuget ſelber von jhm/ Deuter. 18. Einen Propheten wil ich jhnen erwecken auß jhren Brüdern/ vnd meine Wort in ſeinen Mund geben/ der ſoll zu jhnen reden alles was ich jhme gebieten werde/ vnd wer meine Wort nicht hören wird/ die er in meinem Namen reden wird/ von dem wil ichs fodern.,denn gott ſein himliſcher vatter zeuget ſelber von jhm deuter einen propheten wil ich jhnen erwecken auß jhren brüdern vnd meine wort in ſeinen mund geben der ſoll zu jhnen reden alles was ich jhme gebieten werde vnd wer meine wort nicht hören wird die er in meinem namen reden wird von dem wil ichs fodern,denn gott sein himlischer uatter zeuget selber uon ihm deuter einen propheten wil ich ihnen erwecken auss ihren brudern und meine wort in seinen mund geben der soll zu ihnen reden alles was ich ihme gebieten werde und wer meine wort nicht horen wird die er in meinem namen reden wird uon dem wil ichs fodern
508113,body,28,5,False,[9],Vnd Matth. 3. bey der Tauffe diſes Herrn/ leſſet ſich GOtt ſein Himliſcher Vatter gleicher geſtalt hören: Das iſt mein lieber Sohn/ an dem ich ein wolgefallen habe/ den ſolt jhr hören.,vnd matth bey der tauffe diſes herrn leſſet ſich gott ſein himliſcher vatter gleicher geſtalt hören das iſt mein lieber sohn an dem ich ein wolgefallen habe den ſolt jhr hören,und matth bey der tauffe dises herrn lesset sich gott sein himlischer uatter gleicher gestalt horen das ist mein lieber sohn an dem ich ein wolgefallen habe den solt ihr horen
508113,body,28,6,False,[9],Vnd Gott der H. Geiſt gibt jhme das zeugnuß Eſaiæ 53. das in ſeinem Mund kein betrug ſey befunden worden.,vnd gott der h geiſt gibt jhme das zeugnuß eſaiæ das in ſeinem mund kein betrug ſey befunden worden,und gott der h geist gibt ihme das zeugnuss esaiae das in seinem mund kein betrug sey befunden worden
508113,body,28,7,True,[9],Ja er ſelber tritt auff Proteſtiret kurtz vor diſem Sprüchlein: Welcher vnter euch kan mich einer Sünde zeihen?,ja er ſelber tritt auff proteſtiret kurtz vor diſem sprüchlein welcher vnter euch kan mich einer sünde zeihen,ia er selber tritt auff protestiret kurtz uor disem spruchlein welcher unter euch kan mich einer sunde zeihen
508113,body,29,0,True,[9],"Auß dieſen vnd andern dergleichen zeugnuſſen ſehen wir nun/ was wir alhie für einen glaubwürdigen Artzt haben/ der da nicht allein iſt Verax in dictis, ſondern auch omnipotens in factis, warhafftig in allen ſeinen worten/ vnd Allmechtig in allen ſeinen thaten: Ja er kan vberſchwencklich thun vber alles/ das wir bitten vnd verſtehen.",auß dieſen vnd andern dergleichen zeugnuſſen ſehen wir nun was wir alhie für einen glaubwürdigen artzt haben der da nicht allein iſt verax in dictis ſondern auch omnipotens in factis warhafftig in allen ſeinen worten vnd allmechtig in allen ſeinen thaten ja er kan vberſchwencklich thun vber alles das wir bitten vnd verſtehen,auss diesen und andern dergleichen zeugnussen sehen wir nun was wir alhie fur einen glaubwurdigen artzt haben der da nicht allein ist uerax in dictis sondern auch omnipotens in factis warhafftig in allen seinen worten und allmechtig in allen seinen thaten ia er kan uberschwencklich thun uber alles das wir bitten und uerstehen
508113,body,30,0,False,[9],"Vom Macedoniſchen König Alexandro M. lieſet man zwar das er ſich einsmals auch an einem Triumphstag erboten habe/ jederman zu geben was man nur von jhm bitten wurde/ als aber etliche Philoſophi vnnd Welt weiſe Leute jhne gebeten: Da nobis immortalitatem, er ſoll jhnen ein Kreutlein für den Todt geben/ hat er ſeine vermeſſenheit erkandt/ das er ſich in ſeinen gedancken ſelbſt betrogen habe.",vom macedoniſchen könig alexandro m lieſet man zwar das er ſich einsmals auch an einem triumphstag erboten habe jederman zu geben was man nur von jhm bitten wurde als aber etliche philoſophi vnnd welt weiſe leute jhne gebeten da nobis immortalitatem er ſoll jhnen ein kreutlein für den todt geben hat er ſeine vermeſſenheit erkandt das er ſich in ſeinen gedancken ſelbſt betrogen habe,uom macedonischen konig alexandro m lieset man zwar das er sich einsmals auch an einem triumphstag erboten habe iederman zu geben was man nur uon ihm bitten wurde als aber etliche philosophi unnd welt weise leute ihne gebeten da nobis immortalitatem er soll ihnen ein kreutlein fur den todt geben hat er seine uermessenheit erkandt das er sich in seinen gedancken selbst betrogen habe
508113,body,30,1,False,[9],Deſſen dürffen wie hie bey dieſem Herrn keine ſorge haben/ das er vns etwas zuſagen vnd nit præſtiren ſolte.,deſſen dürffen wie hie bey dieſem herrn keine ſorge haben das er vns etwas zuſagen vnd nit præſtiren ſolte,dessen durffen wie hie bey diesem herrn keine sorge haben das er uns etwas zusagen und nit praestiren solte
508113,body,30,2,False,[10],Denn was diſer Herr ſpricht das geſchicht/ vnd was er zuſagt das helt er gewiß.,denn was diſer herr ſpricht das geſchicht vnd was er zuſagt das helt er gewiß,denn was diser herr spricht das geschicht und was er zusagt das helt er gewiss
508113,body,30,3,False,[10],Daher ſprichter ſelber Matth. 11. Alle ding ſind mir vbergeben von meinem Himliſchen Vatter.,daher ſprichter ſelber matth alle ding ſind mir vbergeben von meinem himliſchen vatter,daher sprichter selber matth alle ding sind mir ubergeben uon meinem himlischen uatter
508113,body,30,4,False,[10],Vnd Matth. 28. Mir iſt gegeben aller gewalt im Himel vnd auff Erden.,vnd matth mir iſt gegeben aller gewalt im himel vnd auff erden,und matth mir ist gegeben aller gewalt im himel und auff erden
508113,body,30,5,False,[10],Je welcher Medicus auff der gantzen Welt dörffte ſich deſſen ſonſten rühmen/ das er alle gewalt hette?,je welcher medicus auff der gantzen welt dörffte ſich deſſen ſonſten rühmen das er alle gewalt hette,ie welcher medicus auff der gantzen welt dorffte sich dessen sonsten ruhmen das er alle gewalt hette
508113,body,30,6,True,[10],Keiner nicht/ denn dieſer allein.,keiner nicht denn dieſer allein,keiner nicht denn dieser allein
508113,body,31,0,True,[10],Zu dem/ ſo iſt er nicht allein ein warhafftiger vnd Allmechtiger Artzt/ der alle ſchäden heylen könne/ ſondern er iſt auch willig vnd bereit vns zu helffen an Leib vnd Seel/ wie er denn ſpricht Matth. 11. Kompt her zu mir alle die jhr mühſelig vnd beladen ſeyt/ ich wil euch erquicken/ bey mir ſollet jhr ruhe finden für ewre Seele.,zu dem ſo iſt er nicht allein ein warhafftiger vnd allmechtiger artzt der alle ſchäden heylen könne ſondern er iſt auch willig vnd bereit vns zu helffen an leib vnd seel wie er denn ſpricht matth kompt her zu mir alle die jhr mühſelig vnd beladen ſeyt ich wil euch erquicken bey mir ſollet jhr ruhe finden für ewre seele,zu dem so ist er nicht allein ein warhafftiger und allmechtiger artzt der alle schaden heylen konne sondern er ist auch willig und bereit uns zu helffen an leib und seel wie er denn spricht matth kompt her zu mir alle die ihr muhselig und beladen seyt ich wil euch erquicken bey mir sollet ihr ruhe finden fur ewre seele
508113,body,32,0,False,[10],Ja wer wolte nun dieſem warhafftigem/ Allmechtigem/ vnd wilfehrigem Artzt nit glauben geben/ bevorauß weil ers ſo hoch betheuret vnd ſpricht: Warlich warlich.,ja wer wolte nun dieſem warhafftigem allmechtigem vnd wilfehrigem artzt nit glauben geben bevorauß weil ers ſo hoch betheuret vnd ſpricht warlich warlich,ia wer wolte nun diesem warhafftigem allmechtigem und wilfehrigem artzt nit glauben geben beuorauss weil ers so hoch betheuret und spricht warlich warlich
508113,body,32,1,False,[10],Welches er allein darumb thut/ das er vnſern Glauben vnd vertrawen auff ſeine kräfftige vnnd Allmechtige hülffe ſtercken möge.,welches er allein darumb thut das er vnſern glauben vnd vertrawen auff ſeine kräfftige vnnd allmechtige hülffe ſtercken möge,welches er allein darumb thut das er unsern glauben und uertrawen auff seine krafftige unnd allmechtige hulffe stercken moge
508113,body,32,2,False,[10],"Je trawen/ da heiſts freylich recht wie Tertull. ſpricht: ô beatos & felices, quorum cauſa Deus jurat, ô miſerrimos & in felices, qui nec juranti Deo credunt: O wie vberſelige leut ſind wir/ das der Sohn GOttes vmb vnſers Heyls willen ſo hoch ſchweret/ O wie vnſelige Leute aber vnd ewig verdampt müſſen alle die jenigen ſein/ die dem Herrn nicht glauben geben wöllen.",je trawen da heiſts freylich recht wie tertull ſpricht ô beatos & felices quorum cauſa deus jurat ô miſerrimos & in felices qui nec juranti deo credunt o wie vberſelige leut ſind wir das der sohn gottes vmb vnſers heyls willen ſo hoch ſchweret o wie vnſelige leute aber vnd ewig verdampt müſſen alle die jenigen ſein die dem herrn nicht glauben geben wöllen,ie trawen da heists freylich recht wie tertull spricht o beatos et felices quorum causa deus iurat o miserrimos et in felices qui nec iuranti deo credunt o wie uberselige leut sind wir das der sohn gottes umb unsers heyls willen so hoch schweret o wie unselige leute aber und ewig uerdampt mussen alle die ienigen sein die dem herrn nicht glauben geben wollen
508113,body,32,3,False,[10],Billich der wegen abermal/ dz wir willig vnd gern zu diſem Artzt eylen/ vñ vns diſes köſtlichẽ Præſervatifs zu erhaltung zeitlicher vnd ewiger geſundheit gebrauchen/ bevorauß weil er vns alles vmb ſonſt anbeut/ vnd ſo gar freundlich zu ſich ruffet/ Eſaie 55. vnd ſpricht: Wolan alle die jhr durſtig ſeyt/ kommet her zum Waſſer/ vnd alle die jhr kein Gelt habt/ Kompt/ Kaufft ohne Gelt vnd vmb ſonſt.,billich der wegen abermal dz wir willig vnd gern zu diſem artzt eylen vñ vns diſes köſtlichẽ præſervatifs zu erhaltung zeitlicher vnd ewiger geſundheit gebrauchen bevorauß weil er vns alles vmb ſonſt anbeut vnd ſo gar freundlich zu ſich ruffet eſaie vnd ſpricht wolan alle die jhr durſtig ſeyt kommet her zum waſſer vnd alle die jhr kein gelt habt kompt kaufft ohne gelt vnd vmb ſonſt,billich der wegen abermal dz wir willig und gern zu disem artzt eylen und uns dises kostlichen praeseruatifs zu erhaltung zeitlicher und ewiger gesundheit gebrauchen beuorauss weil er uns alles umb sonst anbeut und so gar freundlich zu sich ruffet esaie und spricht wolan alle die ihr durstig seyt kommet her zum wasser und alle die ihr kein gelt habt kompt kaufft ohne gelt und umb sonst
508113,body,32,4,False,[10],Höret mir doch zu/ vnd eſſet das gute/ ſo wird ewre Seele in wolluſt fett werden.,höret mir doch zu vnd eſſet das gute ſo wird ewre seele in wolluſt fett werden,horet mir doch zu und esset das gute so wird ewre seele in wollust fett werden
508113,body,32,5,True,[10],Vnd das iſt kürtzlich eines/ das wir beym vorgenommenen Sprüchlein zu behalten haben.,vnd das iſt kürtzlich eines das wir beym vorgenommenen sprüchlein zu behalten haben,und das ist kurtzlich eines das wir beym uorgenommenen spruchlein zu behalten haben
508113,body,33,0,False,[11],"Zum andern/ welches iſt aber nun das köſtliche vnd edle præſervatif, das vns der Himliſche Artzt fürſchreibet?",zum andern welches iſt aber nun das köſtliche vnd edle præſervatif das vns der himliſche artzt fürſchreibet,zum andern welches ist aber nun das kostliche und edle praeseruatif das uns der himlische artzt furschreibet
508113,body,33,1,False,[11],Das weiſet vns der Herr mit einem kleinen wörtlein/ das heiſſet: Sein wort.,das weiſet vns der herr mit einem kleinen wörtlein das heiſſet sein wort,das weiset uns der herr mit einem kleinen wortlein das heisset sein wort
508113,body,33,2,True,[11],So jemand/ ſpricht er/ mein Wort wird halten/ der wird den Todt nit ſchmecken ewiglich.,so jemand ſpricht er mein wort wird halten der wird den todt nit ſchmecken ewiglich,so iemand spricht er mein wort wird halten der wird den todt nit schmecken ewiglich
508113,body,34,0,False,[11],Das iſt nun/ liebe Chriſten/ eine wunderbare vnd aller Menſchlichen vernunfft vnbegreiffliche Artzney.,das iſt nun liebe chriſten eine wunderbare vnd aller menſchlichen vernunfft vnbegreiffliche artzney,das ist nun liebe christen eine wunderbare und aller menschlichen uernunfft unbegreiffliche artzney
508113,body,34,1,False,[11],"Andere Medici weñ dieſelben jhren Patienten helffen wöllen/ ſo nemen ſie darzu allerley Kreuter/ vnd machen auß vielen Simplicibus ein Compoſitum, das appliciren ſie jnen/ vnd nach dem ſich die Kreuter verwandeln/ verwandelt ſich auch die Kranckheit beym Menſchen.",andere medici weñ dieſelben jhren patienten helffen wöllen ſo nemen ſie darzu allerley kreuter vnd machen auß vielen simplicibus ein compoſitum das appliciren ſie jnen vnd nach dem ſich die kreuter verwandeln verwandelt ſich auch die kranckheit beym menſchen,andere medici wenn dieselben ihren patienten helffen wollen so nemen sie darzu allerley kreuter und machen auss uielen simplicibus ein compositum das appliciren sie inen und nach dem sich die kreuter uerwandeln uerwandelt sich auch die kranckheit beym menschen
508113,body,34,2,False,[11],Aber dieſer Himliſche Artzt hat nur ein einiges Kreutlein/ Nemblich ſein Heilig Wort davon David Pſalm. 107. ſpricht: Er ſandte ſein Wort vnd machte ſie geſund.,aber dieſer himliſche artzt hat nur ein einiges kreutlein nemblich ſein heilig wort davon david pſalm ſpricht er ſandte ſein wort vnd machte ſie geſund,aber dieser himlische artzt hat nur ein einiges kreutlein nemblich sein heilig wort dauon dauid psalm spricht er sandte sein wort und machte sie gesund
508113,body,34,3,False,[11],Wie er denn ſolches mit Exempeln Dargethan hat.,wie er denn ſolches mit exempeln dargethan hat,wie er denn solches mit exempeln dargethan hat
508113,body,34,4,False,[11],Denn durch ein einiges Wörtlein hat er die Blinden ſehend/ die Lahmen gehend/ die Tauben hörend/ vnd die Sprachloſen redend gemacht/ Ja die Todten aufferweckt.,denn durch ein einiges wörtlein hat er die blinden ſehend die lahmen gehend die tauben hörend vnd die sprachloſen redend gemacht ja die todten aufferweckt,denn durch ein einiges wortlein hat er die blinden sehend die lahmen gehend die tauben horend und die sprachlosen redend gemacht ia die todten aufferweckt
508113,body,34,5,True,[11],Darauß wir denn billich die Krafft deß Worts Chriſti erkennen/ vnd vns im Leben vnd Todt daran halten ſollen.,darauß wir denn billich die krafft deß worts chriſti erkennen vnd vns im leben vnd todt daran halten ſollen,darauss wir denn billich die krafft dess worts christi erkennen und uns im leben und todt daran halten sollen
508113,body,35,0,False,[11],Es machet aber der Herr mit dem wörtlein: Mein Wort/ einen feinen vnterſchied zwiſchen der Lehre Moſis vnd ſeiner lehre/ oder zwiſchen den Geſetz vnd Evangelio.,es machet aber der herr mit dem wörtlein mein wort einen feinen vnterſchied zwiſchen der lehre moſis vnd ſeiner lehre oder zwiſchen den geſetz vnd evangelio,es machet aber der herr mit dem wortlein mein wort einen feinen unterschied zwischen der lehre mosis und seiner lehre oder zwischen den gesetz und euangelio
508113,body,35,1,False,[11],Moſes der Geſetz Prediger hat zwar auch ein Wort/ aber es iſt ein recht Donnern vnd plitzen/ das lauter ſchrecken im Menſchen anricht.,moſes der geſetz prediger hat zwar auch ein wort aber es iſt ein recht donnern vnd plitzen das lauter ſchrecken im menſchen anricht,moses der gesetz prediger hat zwar auch ein wort aber es ist ein recht donnern und plitzen das lauter schrecken im menschen anricht
508113,body,35,2,False,[11],Denn ſo leſt ſich Moſes hören: Verflucht ſey jederman der nicht helt was im Geſetz deß Herrn geſchrieben ſteht.,denn ſo leſt ſich moſes hören verflucht ſey jederman der nicht helt was im geſetz deß herrn geſchrieben ſteht,denn so lest sich moses horen uerflucht sey iederman der nicht helt was im gesetz dess herrn geschrieben steht
508113,body,35,3,False,[11],Nun iſt je vnter vns keiner nit der ſich deſſen rühmen könne/ das er das Geſetz erfüllen könte/ außgenommen vnſern Heyland Chriſto Jeſu/ müſſen ſich ſonſt alle Menſchen Kinder für der Göttlichen Majeſtet bücken vnd mit David bitten: Herr gehe nicht ins Gericht mit deinem Knecht/ denn für dir iſt kein Lebendiger gerecht.,nun iſt je vnter vns keiner nit der ſich deſſen rühmen könne das er das geſetz erfüllen könte außgenommen vnſern heyland chriſto jeſu müſſen ſich ſonſt alle menſchen kinder für der göttlichen majeſtet bücken vnd mit david bitten herr gehe nicht ins gericht mit deinem knecht denn für dir iſt kein lebendiger gerecht,nun ist ie unter uns keiner nit der sich dessen ruhmen konne das er das gesetz erfullen konte aussgenommen unsern heyland christo iesu mussen sich sonst alle menschen kinder fur der gottlichen maiestet bucken und mit dauid bitten herr gehe nicht ins gericht mit deinem knecht denn fur dir ist kein lebendiger gerecht
508113,body,35,4,False,[11],"Dagegen aber Jeſus Chriſtus der führet vil ein ander Wort/ das dem Hertzen Safft vnd Krafft gibt/ der ſpricht: Confidite confidite, ſeyt frölich vnd getroſt/ ich habe den Todt/ Teuffel/ vnd Hölle vberwunden/ jhnen alle jhre macht vnd gewalt genommen/ das euch von denſelben kein leyd wider fahren kan.",dagegen aber jeſus chriſtus der führet vil ein ander wort das dem hertzen safft vnd krafft gibt der ſpricht confidite confidite ſeyt frölich vnd getroſt ich habe den todt teuffel vnd hölle vberwunden jhnen alle jhre macht vnd gewalt genommen das euch von denſelben kein leyd wider fahren kan,dagegen aber iesus christus der fuhret uil ein ander wort das dem hertzen safft und krafft gibt der spricht confidite confidite seyt frolich und getrost ich habe den todt teuffel und holle uberwunden ihnen alle ihre macht und gewalt genommen das euch uon denselben kein leyd wider fahren kan
508113,body,35,5,False,[12],Da ſehen wir was für ein groſſer vnterſchied vnter dem Wort Moſis vnd Chriſti iſt.,da ſehen wir was für ein groſſer vnterſchied vnter dem wort moſis vnd chriſti iſt,da sehen wir was fur ein grosser unterschied unter dem wort mosis und christi ist
508113,body,35,6,True,[12],Solcher vnterſchied wird vns in vielen Exempeln H. Schrifft vor Augen geſtelt.,solcher vnterſchied wird vns in vielen exempeln h schrifft vor augen geſtelt,solcher unterschied wird uns in uielen exempeln h schrifft uor augen gestelt
508113,body,36,0,False,[12],Nemet vor euch vnſere erſte Eltern Adam vnd Evam/ nach dem ſich dieſelben den Teuffel verführen laſſen/ vnd ſie GOttes Gebot vbertretten hatten/ vnd GOtt ſeine Donnerſt im hören ließ: Adam wo biſt du?,nemet vor euch vnſere erſte eltern adam vnd evam nach dem ſich dieſelben den teuffel verführen laſſen vnd ſie gottes gebot vbertretten hatten vnd gott ſeine donnerſt im hören ließ adam wo biſt du,nemet uor euch unsere erste eltern adam und euam nach dem sich dieselben den teuffel uerfuhren lassen und sie gottes gebot ubertretten hatten und gott seine donnerst im horen liess adam wo bist du
508113,body,36,1,False,[12],Was haſt du gethan?,was haſt du gethan,was hast du gethan
508113,body,36,2,False,[12],Da lauffen ſie hinter die ſtreuche/ vnd wann es in jhrem gefallen geſtanden were/ ſo hetten ſie lieber ewiglich vor Gottesgericht wollen verborgen bleiben.,da lauffen ſie hinter die ſtreuche vnd wann es in jhrem gefallen geſtanden were ſo hetten ſie lieber ewiglich vor gottesgericht wollen verborgen bleiben,da lauffen sie hinter die streuche und wann es in ihrem gefallen gestanden were so hetten sie lieber ewiglich uor gottesgericht wollen uerborgen bleiben
508113,body,36,3,True,[12],Da aber der Sohn Gottes herfür tritt vnd ſein Wort deß Evangeliums hören leſt: Der Same deß Weibs wird der ſchlangen den Kopff zertretten/ da werden ſie gleich widerumb Lebendig/ vnd heiſt wie Eſaias 38. ſagt: Herr davon lebt man/ vnd meines Geiſtes leben ſtehet gar in demſelben.,da aber der sohn gottes herfür tritt vnd ſein wort deß evangeliums hören leſt der same deß weibs wird der ſchlangen den kopff zertretten da werden ſie gleich widerumb lebendig vnd heiſt wie eſaias ſagt herr davon lebt man vnd meines geiſtes leben ſtehet gar in demſelben,da aber der sohn gottes herfur tritt und sein wort dess euangeliums horen lest der same dess weibs wird der schlangen den kopff zertretten da werden sie gleich widerumb lebendig und heist wie esaias sagt herr dauon lebt man und meines geistes leben stehet gar in demselben
508113,body,37,0,False,[12],Gleicher weiß haben wir ein Exempel am König David/ da ſich derſelbe den böſen Feind vnd ſeines Fleiſches luſt hatte bethören laſſen/ vnd mit der Bethſaba Vriæ Weib Ehebruch begangen/ vnd der Prophet herfür tritt/ vnd jhm in in einem gleichnuß das Geſetz Prediget/ da wird jhm darüber ſo angſt vnd bang/ das er nicht weiß wo er vor ängſten bleiben ſoll/ da ſtellet er ſeine klagen an/ Pſalm. 6. Ach Herr ſtraffe mich nicht in deinem zorn/ vñ züchtige mich nit in deinem grimm/ Ach Herr ſey mir gnedig.,gleicher weiß haben wir ein exempel am könig david da ſich derſelbe den böſen feind vnd ſeines fleiſches luſt hatte bethören laſſen vnd mit der bethſaba vriæ weib ehebruch begangen vnd der prophet herfür tritt vnd jhm in in einem gleichnuß das geſetz prediget da wird jhm darüber ſo angſt vnd bang das er nicht weiß wo er vor ängſten bleiben ſoll da ſtellet er ſeine klagen an pſalm ach herr ſtraffe mich nicht in deinem zorn vñ züchtige mich nit in deinem grimm ach herr ſey mir gnedig,gleicher weiss haben wir ein exempel am konig dauid da sich derselbe den bosen feind und seines fleisches lust hatte bethoren lassen und mit der bethsaba uriae weib ehebruch begangen und der prophet herfur tritt und ihm in in einem gleichnuss das gesetz prediget da wird ihm daruber so angst und bang das er nicht weiss wo er uor angsten bleiben soll da stellet er seine klagen an psalm ach herr straffe mich nicht in deinem zorn und zuchtige mich nit in deinem grimm ach herr sey mir gnedig
508113,body,37,1,True,[12],"Vnd Pſalm. 38. Deine Pfeile ſtecken in mir/ vnd deine Hand drucket mich/ ꝛc. Da aber der Prophet wider herfür tritt/ vnd jm das Evangelium Prediget/ vnd ſpricht: Dominus abſtulit peccata tua, der Herr hat deine Sünde von dir genom̃en/ da wird er wider freudig vñ getroſt/ da thut er ſich mit ſeinem Lobpſälmlein herfür: Lobe den Herrn meine Seele/ vnd was in mir iſt/ ſeinen Heyligen Namen: Lobe den Herrn/ ꝛc. Der dir alle deine Sünde vergibt/ vnd heylet alle deine gebrechen.",vnd pſalm deine pfeile ſtecken in mir vnd deine hand drucket mich ꝛc da aber der prophet wider herfür tritt vnd jm das evangelium prediget vnd ſpricht dominus abſtulit peccata tua der herr hat deine sünde von dir genom̃en da wird er wider freudig vñ getroſt da thut er ſich mit ſeinem lobpſälmlein herfür lobe den herrn meine seele vnd was in mir iſt ſeinen heyligen namen lobe den herrn ꝛc der dir alle deine sünde vergibt vnd heylet alle deine gebrechen,und psalm deine pfeile stecken in mir und deine hand drucket mich c da aber der prophet wider herfur tritt und im das euangelium prediget und spricht dominus abstulit peccata tua der herr hat deine sunde uon dir genommen da wird er wider freudig und getrost da thut er sich mit seinem lobpsalmlein herfur lobe den herrn meine seele und was in mir ist seinen heyligen namen lobe den herrn c der dir alle deine sunde uergibt und heylet alle deine gebrechen
508113,body,38,0,True,[13],Alſo/ meine liebe Chriſten/ haben wir nun noch heutiges Tags kein beſſer præſervatif vnd labſall wider allerley Creutz/ anfechtung vnd widerwertigkeit/ ja wider den zeitlichen vnd ewigen Todt/ als das Wort vnſers lieben Herrn JEſu Chriſti/ nicht aber deß Teuffels Wort/ denn der iſt ein Mörder vnd Lügner/ auch nicht vnſerer blinden vernunfft Wort vnd eingeben: Sondern das Wort Chriſti/ welches das beſte labſall vnſer Seelen iſt.,alſo meine liebe chriſten haben wir nun noch heutiges tags kein beſſer præſervatif vnd labſall wider allerley creutz anfechtung vnd widerwertigkeit ja wider den zeitlichen vnd ewigen todt als das wort vnſers lieben herrn jeſu chriſti nicht aber deß teuffels wort denn der iſt ein mörder vnd lügner auch nicht vnſerer blinden vernunfft wort vnd eingeben sondern das wort chriſti welches das beſte labſall vnſer seelen iſt,also meine liebe christen haben wir nun noch heutiges tags kein besser praeseruatif und labsall wider allerley creutz anfechtung und widerwertigkeit ia wider den zeitlichen und ewigen todt als das wort unsers lieben herrn iesu christi nicht aber dess teuffels wort denn der ist ein morder und lugner auch nicht unserer blinden uernunfft wort und eingeben sondern das wort christi welches das beste labsall unser seelen ist
508113,body,39,0,False,[13],Welches iſt nun aber das Wort deß Herrn Chriſti?,welches iſt nun aber das wort deß herrn chriſti,welches ist nun aber das wort dess herrn christi
508113,body,39,1,False,[13],Da hört/ ſolches wird vns gezeiget in Gottes Wort beydes Alten vnd Newen Teſtaments: Als zum Exempel für die einfeltigen.,da hört ſolches wird vns gezeiget in gottes wort beydes alten vnd newen teſtaments als zum exempel für die einfeltigen,da hort solches wird uns gezeiget in gottes wort beydes alten und newen testaments als zum exempel fur die einfeltigen
508113,body,39,2,False,[13],Es iſt das Wort CHriſti Geneſ. 3. Der Same deß Weibes wird der Schlangen den Kopf zertretten.,es iſt das wort chriſti geneſ der same deß weibes wird der schlangen den kopf zertretten,es ist das wort christi genes der same dess weibes wird der schlangen den kopf zertretten
508113,body,39,3,False,[13],Eſaie 61. Der Geiſt deß Herrn iſt vber mir/ darumb hat mich der Herr geſalbet.,eſaie der geiſt deß herrn iſt vber mir darumb hat mich der herr geſalbet,esaie der geist dess herrn ist uber mir darumb hat mich der herr gesalbet
508113,body,39,4,False,[13],Er hat mich geſand den elenden zu Predigen/ die zubrochens Hertzens zu verbinden/ zu Predigen den gefangenen eine erledigung/ den gebundenen eine erfönung.,er hat mich geſand den elenden zu predigen die zubrochens hertzens zu verbinden zu predigen den gefangenen eine erledigung den gebundenen eine erfönung,er hat mich gesand den elenden zu predigen die zubrochens hertzens zu uerbinden zu predigen den gefangenen eine erledigung den gebundenen eine erfonung
508113,body,39,5,False,[13],Zu Predigen ein gnediges Jahr deß Herrn/ vnd einen Tag der rache vnſers Gottes/ zu tröſten alle trawrigen.,zu predigen ein gnediges jahr deß herrn vnd einen tag der rache vnſers gottes zu tröſten alle trawrigen,zu predigen ein gnediges iahr dess herrn und einen tag der rache unsers gottes zu trosten alle trawrigen
508113,body,39,6,False,[13],Es iſt das Wort deß Herrn Hoſeæ. 13. Jch wil ſie erlöſen auß der Hölle vnd vom Todt erretten.,es iſt das wort deß herrn hoſeæ jch wil ſie erlöſen auß der hölle vnd vom todt erretten,es ist das wort dess herrn hoseae ich wil sie erlosen auss der holle und uom todt erretten
508113,body,39,7,False,[13],Todt ich wil dir eine Gifft/ Hölle ich wil dir ein Peſtilentz ſein.,todt ich wil dir eine gifft hölle ich wil dir ein peſtilentz ſein,todt ich wil dir eine gifft holle ich wil dir ein pestilentz sein
508113,body,39,8,False,[13],Jm Newen Teſtament iſt das Wort deß Herrn Matth. 9. das er ſpricht: Die ſtarcken bedürffen deß Artztes nicht ſondern/ die Krancken/ ich bin kommen die Sünder zur Buſſe zu ruffen/ vñ nicht die frommen.,jm newen teſtament iſt das wort deß herrn matth das er ſpricht die ſtarcken bedürffen deß artztes nicht ſondern die krancken ich bin kommen die sünder zur buſſe zu ruffen vñ nicht die frommen,im newen testament ist das wort dess herrn matth das er spricht die starcken bedurffen dess artztes nicht sondern die krancken ich bin kommen die sunder zur busse zu ruffen und nicht die frommen
508113,body,39,9,True,[13],Matth. 11. ſpricht er/ Kompt her zu mir/ alle die jhr mühſelig vnd beladen ſeyt/ ich wil euch erquicken/ bey mir ſolt jhr ruhe finden für ewre Seele.,matth ſpricht er kompt her zu mir alle die jhr mühſelig vnd beladen ſeyt ich wil euch erquicken bey mir ſolt jhr ruhe finden für ewre seele,matth spricht er kompt her zu mir alle die ihr muhselig und beladen seyt ich wil euch erquicken bey mir solt ihr ruhe finden fur ewre seele
508113,body,40,0,False,[13],Matth. 20. deß Menſchen Sohn iſt nicht kommen das er jm dienen laſſe/ ſondern das er andern diene/ vnd gebe ſein Leben zur erlöſung für viele.,matth deß menſchen sohn iſt nicht kommen das er jm dienen laſſe ſondern das er andern diene vnd gebe ſein leben zur erlöſung für viele,matth dess menschen sohn ist nicht kommen das er im dienen lasse sondern das er andern diene und gebe sein leben zur erlosung fur uiele
508113,body,40,1,False,[13],Gleicher weiſe wenn wir ein wenig in den Evangeliſten Johannem ſehen/ ſo haben wir da auch die ſchönſten Sprüche die das Wort deß Herrn ſein.,gleicher weiſe wenn wir ein wenig in den evangeliſten johannem ſehen ſo haben wir da auch die ſchönſten sprüche die das wort deß herrn ſein,gleicher weise wenn wir ein wenig in den euangelisten iohannem sehen so haben wir da auch die schonsten spruche die das wort dess herrn sein
508113,body,40,2,False,[13],Als Johan. 3. Alſo hat Gott die Welt geliebt/ das er ſeinen einigen Sohn gab/ auff das alle die an jhn Glauben/ nicht verlohren werden/ ſondern das ewige Leben haben.,als johan alſo hat gott die welt geliebt das er ſeinen einigen sohn gab auff das alle die an jhn glauben nicht verlohren werden ſondern das ewige leben haben,als iohan also hat gott die welt geliebt das er seinen einigen sohn gab auff das alle die an ihn glauben nicht uerlohren werden sondern das ewige leben haben
508113,body,40,3,True,[14],Johan. 5. Warlich warlich ich ſage euch/ wer mein Wort höret/ vnd glaubet dem/ der mich geſand hat/ der hat das ewige Leben/ vnd komt nicht ins gericht/ ſondern er iſt vom Todt zum Leben hindurch gedrungen.,johan warlich warlich ich ſage euch wer mein wort höret vnd glaubet dem der mich geſand hat der hat das ewige leben vnd komt nicht ins gericht ſondern er iſt vom todt zum leben hindurch gedrungen,iohan warlich warlich ich sage euch wer mein wort horet und glaubet dem der mich gesand hat der hat das ewige leben und komt nicht ins gericht sondern er ist uom todt zum leben hindurch gedrungen
508113,body,41,0,False,[14],Johan. 6. Das iſt der wille deß der mich geſand hat/ das/ wer den Sohn ſihet vnd glaubet an jhn/ habe das ewige Leben/ vnd ich werde jhn aufferwecken am Jüngſten tag.,johan das iſt der wille deß der mich geſand hat das wer den sohn ſihet vnd glaubet an jhn habe das ewige leben vnd ich werde jhn aufferwecken am jüngſten tag,iohan das ist der wille dess der mich gesand hat das wer den sohn sihet und glaubet an ihn habe das ewige leben und ich werde ihn aufferwecken am iungsten tag
508113,body,41,1,False,[14],Johan. 10. Meine Schäflein hören meine ſtimm/ vnd ich kenne ſie/ vnd ich gebe jhnen das ewige Leben.,johan meine schäflein hören meine ſtimm vnd ich kenne ſie vnd ich gebe jhnen das ewige leben,iohan meine schaflein horen meine stimm und ich kenne sie und ich gebe ihnen das ewige leben
508113,body,41,2,False,[14],Johan. 11. Jch bin die Aufferſtehung vnd das Leben/ wer an mich glaubet/ der wird Leben/ ob er gleich ſtürbe/ vnd wer da Lebet vnd glaubet an mich/ der wird nimmermehr ſterben.,johan jch bin die aufferſtehung vnd das leben wer an mich glaubet der wird leben ob er gleich ſtürbe vnd wer da lebet vnd glaubet an mich der wird nimmermehr ſterben,iohan ich bin die aufferstehung und das leben wer an mich glaubet der wird leben ob er gleich sturbe und wer da lebet und glaubet an mich der wird nimmermehr sterben
508113,body,41,3,False,[14],Joh. 14. Jch bin der Weg/ die warheit vnd das Leben/ niemand kompt zum Vatter/ denn durch mich.,joh jch bin der weg die warheit vnd das leben niemand kompt zum vatter denn durch mich,ioh ich bin der weg die warheit und das leben niemand kompt zum uatter denn durch mich
508113,body,41,4,False,[14],Johan. 17. Vatter ich wil/ das wo ich bin/ auch alle die ſein/ die du mir gegeben haſt/ auff das ſie meine herꝛligkeit anſchauen.,johan vatter ich wil das wo ich bin auch alle die ſein die du mir gegeben haſt auff das ſie meine herꝛligkeit anſchauen,iohan uatter ich wil das wo ich bin auch alle die sein die du mir gegeben hast auff das sie meine herligkeit anschauen
508113,body,41,5,True,[14],Das alles/ liebe Chriſten/ ſind die rechten Simplicia die rechten Kreuter auß dem Geiſtlichen Herbario vnd Kreuterbuch der H. Schrifft zuſammen geleſen/ die zu dieſem præſervatif gehören/ vnd die jhm ein frommer Chriſt billich bey geſundem Leibe einſamlen ſoll/ damit er dieſelben zur zeit der noth vnd ſonderlich im letzten Todtesſtündlein ergreiffen vnd zu ſeinem nutz gebrauchen möge.,das alles liebe chriſten ſind die rechten simplicia die rechten kreuter auß dem geiſtlichen herbario vnd kreuterbuch der h schrifft zuſammen geleſen die zu dieſem præſervatif gehören vnd die jhm ein frommer chriſt billich bey geſundem leibe einſamlen ſoll damit er dieſelben zur zeit der noth vnd ſonderlich im letzten todtesſtündlein ergreiffen vnd zu ſeinem nutz gebrauchen möge,das alles liebe christen sind die rechten simplicia die rechten kreuter auss dem geistlichen herbario und kreuterbuch der h schrifft zusammen gelesen die zu diesem praeseruatif gehoren und die ihm ein frommer christ billich bey gesundem leibe einsamlen soll damit er dieselben zur zeit der noth und sonderlich im letzten todtesstundlein ergreiffen und zu seinem nutz gebrauchen moge
508113,body,42,0,False,[14],Von diſem köſtlichẽ præſervatif wiſſen nun die Leut in der Heydenſchafft im geringſten nichts.,von diſem köſtlichẽ præſervatif wiſſen nun die leut in der heydenſchafft im geringſten nichts,uon disem kostlichen praeseruatif wissen nun die leut in der heydenschafft im geringsten nichts
508113,body,42,1,False,[14],"Denn ob ſie wol groſſe Bücher de immortalitate animæ, von vnſterbligkeit der Seelen/ geſchrieben/ vnd andere damit tröſten wöllen/ ſo haben ſie ſich doch ſelbſt in in jhrem ſterbſtündlein damit nicht tröſten können.",denn ob ſie wol groſſe bücher de immortalitate animæ von vnſterbligkeit der seelen geſchrieben vnd andere damit tröſten wöllen ſo haben ſie ſich doch ſelbſt in in jhrem ſterbſtündlein damit nicht tröſten können,denn ob sie wol grosse bucher de immortalitate animae uon unsterbligkeit der seelen geschrieben und andere damit trosten wollen so haben sie sich doch selbst in in ihrem sterbstundlein damit nicht trosten konnen
508113,body,42,2,False,[14],"Daher ſagt Cicero in Thuſc. quæſt: Von deß Platonis Büchlein de immortalitate animarum: Neſcio quomodo dum lego aſſentior, cum poſuilibrum, & mecum ipſe de immortalitate animarum cæpi cogitare, aſſenſio illa omnis elabitur.",daher ſagt cicero in thuſc quæſt von deß platonis büchlein de immortalitate animarum neſcio quomodo dum lego aſſentior cum poſuilibrum & mecum ipſe de immortalitate animarum cæpi cogitare aſſenſio illa omnis elabitur,daher sagt cicero in thusc quaest uon dess platonis buchlein de immortalitate animarum nescio quomodo dum lego assentior cum posuilibrum et mecum ipse de immortalitate animarum caepi cogitare assensio illa omnis elabitur
508113,body,42,3,False,[14],"Vnd daher lieſet man auch von dem weitberühmten Philoſopho Ariſtotele, da er auff ſeinem Todtbette ligt/ da tretten ſeine Scholarn vmb jhn her/ tröſten jhn/ vnd thun jhn diß votum: Qui ſuſcipit animas Philoſophorum ſaſcipiat quoq; animam tuam, der Herr oder der GOtt/ der aller gelerten Seelen aufnimbt/ der neme deinen Geiſt auch zu ſich O wie iſt das ſo ein elender troſt im Todesſtündlein: O wie viel tauſentmal beſſer thut jhm dort der H. Mertirer Stephanus, da jhn die Juden ſteinigen/ da hebt er ſeine Augen auff/ vnd ſihet den Him̃el offen/ vnd JEſum zur rechten Gottes ſtehen/ dem befihlet er ſeine Seele vnd ſpricht: Herr Jeſu nimb meinen Geiſt auff.",vnd daher lieſet man auch von dem weitberühmten philoſopho ariſtotele da er auff ſeinem todtbette ligt da tretten ſeine scholarn vmb jhn her tröſten jhn vnd thun jhn diß votum qui ſuſcipit animas philoſophorum ſaſcipiat quoq animam tuam der herr oder der gott der aller gelerten seelen aufnimbt der neme deinen geiſt auch zu ſich o wie iſt das ſo ein elender troſt im todesſtündlein o wie viel tauſentmal beſſer thut jhm dort der h mertirer stephanus da jhn die juden ſteinigen da hebt er ſeine augen auff vnd ſihet den him̃el offen vnd jeſum zur rechten gottes ſtehen dem befihlet er ſeine seele vnd ſpricht herr jeſu nimb meinen geiſt auff,und daher lieset man auch uon dem weitberuhmten philosopho aristotele da er auff seinem todtbette ligt da tretten seine scholarn umb ihn her trosten ihn und thun ihn diss uotum qui suscipit animas philosophorum sascipiat quoq animam tuam der herr oder der gott der aller gelerten seelen aufnimbt der neme deinen geist auch zu sich o wie ist das so ein elender trost im todesstundlein o wie uiel tausentmal besser thut ihm dort der h mertirer stephanus da ihn die iuden steinigen da hebt er seine augen auff und sihet den himmel offen und iesum zur rechten gottes stehen dem befihlet er seine seele und spricht herr iesu nimb meinen geist auff
508113,body,42,4,False,[15],Wo hat der H. Märtirer Stephanus das ſtudiret vnd gelernet/ etwa in Schola Philoſophorum?,wo hat der h märtirer stephanus das ſtudiret vnd gelernet etwa in schola philoſophorum,wo hat der h martirer stephanus das studiret und gelernet etwa in schola philosophorum
508113,body,42,5,False,[15],O nein/ ſondern in der Schul deß Herrn Chriſti/ vnd zwar von dem Exempel ſeines lieben Herrn vnd Meiſters ſelbſten/ der befihlet auch ſeine Seele GOtt ſeinem Himliſchen Vatter: Vatter in deine Hände befehle ich dir meinen Geiſt/ du haſt mich erlöſet Herr/ du getrewer Gott.,o nein ſondern in der schul deß herrn chriſti vnd zwar von dem exempel ſeines lieben herrn vnd meiſters ſelbſten der befihlet auch ſeine seele gott ſeinem himliſchen vatter vatter in deine hände befehle ich dir meinen geiſt du haſt mich erlöſet herr du getrewer gott,o nein sondern in der schul dess herrn christi und zwar uon dem exempel seines lieben herrn und meisters selbsten der befihlet auch seine seele gott seinem himlischen uatter uatter in deine hande befehle ich dir meinen geist du hast mich erloset herr du getrewer gott
508113,body,42,6,False,[15],"Vnd daher bittet die Chriſtliche Kirche noch heutiges Tages mit dem H. Dionyſio: Domine Ieſu Verbum tuum ultimum in cruce, ſit ultimum ſolatium meum in hac luce.",vnd daher bittet die chriſtliche kirche noch heutiges tages mit dem h dionyſio domine ieſu verbum tuum ultimum in cruce ſit ultimum ſolatium meum in hac luce,und daher bittet die christliche kirche noch heutiges tages mit dem h dionysio domine iesu uerbum tuum ultimum in cruce sit ultimum solatium meum in hac luce
508113,body,42,7,True,[15],Lieber Herr Jeſu/ verleyhe das dein letztes Wort ſo du am H. Creutz geſprochen/ vnd damit du dein Leben beſchloſſen haſt/ auch möge mein letztes Wort ſein/ darauff ich ſelig ſterben möge.,lieber herr jeſu verleyhe das dein letztes wort ſo du am h creutz geſprochen vnd damit du dein leben beſchloſſen haſt auch möge mein letztes wort ſein darauff ich ſelig ſterben möge,lieber herr iesu uerleyhe das dein letztes wort so du am h creutz gesprochen und damit du dein leben beschlossen hast auch moge mein letztes wort sein darauff ich selig sterben moge
508113,body,43,0,False,[15],Von diſem köſtlichen præſervatif wiſſen die Leute im Jüdenthumb vnd Türckey nichts.,von diſem köſtlichen præſervatif wiſſen die leute im jüdenthumb vnd türckey nichts,uon disem kostlichen praeseruatif wissen die leute im iudenthumb und turckey nichts
508113,body,43,1,False,[15],Denn die ſchänden leſtern vnd verfolgen den Herrn Chriſtum vnd ſein Wort/ wollen an jhn nicht glauben/ derowegen ſo können ſie auch auß ſeinem Wort keinen troſt vnd Labſal ſchöpffen/ ſondern muß an jhnen bekleiben der Fluch/ den ſie auff ſich vnd alle jhre nachkommen geladen/ in dem ſie dort in der Paſſion geſchrien/ ſein Blut komb vber vns vnd vber vnſere Kinder.,denn die ſchänden leſtern vnd verfolgen den herrn chriſtum vnd ſein wort wollen an jhn nicht glauben derowegen ſo können ſie auch auß ſeinem wort keinen troſt vnd labſal ſchöpffen ſondern muß an jhnen bekleiben der fluch den ſie auff ſich vnd alle jhre nachkommen geladen in dem ſie dort in der paſſion geſchrien ſein blut komb vber vns vnd vber vnſere kinder,denn die schanden lestern und uerfolgen den herrn christum und sein wort wollen an ihn nicht glauben derowegen so konnen sie auch auss seinem wort keinen trost und labsal schopffen sondern muss an ihnen bekleiben der fluch den sie auff sich und alle ihre nachkommen geladen in dem sie dort in der passion geschrien sein blut komb uber uns und uber unsere kinder
508113,body,43,2,True,[15],Freylich kompt ſein Blut vber ſie/ nicht zum Leben/ ſondern zur rache vnd ewigen ſtraff.,freylich kompt ſein blut vber ſie nicht zum leben ſondern zur rache vnd ewigen ſtraff,freylich kompt sein blut uber sie nicht zum leben sondern zur rache und ewigen straff
508113,body,44,0,False,[15],Von dieſem köſtlichen vnd edlen præſervatif wiſſen auch die Leute im Bapſtumb nichts.,von dieſem köſtlichen vnd edlen præſervatif wiſſen auch die leute im bapſtumb nichts,uon diesem kostlichen und edlen praeseruatif wissen auch die leute im bapstumb nichts
508113,body,44,1,True,[15],Denn die verfälſchen vnd verkehren jhm ſein Wort vnd Sacrament/ wie können ſie denn deſſen Saft vnd Kraft genieſen?,denn die verfälſchen vnd verkehren jhm ſein wort vnd sacrament wie können ſie denn deſſen saft vnd kraft genieſen,denn die uerfalschen und uerkehren ihm sein wort und sacrament wie konnen sie denn dessen saft und kraft geniesen
508113,body,45,0,False,[16],Von diſem edlen Labſal empfinden auch die Epicuriſche Maulchriſten nichts.,von diſem edlen labſal empfinden auch die epicuriſche maulchriſten nichts,uon disem edlen labsal empfinden auch die epicurische maulchristen nichts
508113,body,45,1,False,[16],Die ſich zwar deß Worts Gottes mit dem Munde rühmen/ daſſelbe hören/ aber zu einem Ohr ein/ zum andern widerumb laſſen außgehen/ vnd führen darbey ein ſolch Gottloß Leben/ als ob ſie nie kein Wort Gottes gehöret hetten.,die ſich zwar deß worts gottes mit dem munde rühmen daſſelbe hören aber zu einem ohr ein zum andern widerumb laſſen außgehen vnd führen darbey ein ſolch gottloß leben als ob ſie nie kein wort gottes gehöret hetten,die sich zwar dess worts gottes mit dem munde ruhmen dasselbe horen aber zu einem ohr ein zum andern widerumb lassen aussgehen und fuhren darbey ein solch gottloss leben als ob sie nie kein wort gottes gehoret hetten
508113,body,45,2,False,[16],"Da heiſts freilich recht: Ceciderunt in profundum ut lapides, & nemo ſcit an illis ſitrequies.",da heiſts freilich recht ceciderunt in profundum ut lapides & nemo ſcit an illis ſitrequies,da heists freilich recht ceciderunt in profundum ut lapides et nemo scit an illis sitrequies
508113,body,45,3,True,[16],Oder wie David Pſalm. 49. ſpricht: Sie fahren jhren Vättern nach vnd ſehen das ewige Liecht nimmermehr.,oder wie david pſalm ſpricht sie fahren jhren vättern nach vnd ſehen das ewige liecht nimmermehr,oder wie dauid psalm spricht sie fahren ihren uattern nach und sehen das ewige liecht nimmermehr
508113,body,46,0,True,[16],Derowegen/ liebe CHriſten/ ſo laſt vns nicht ſchertzen/ mit CHriſti Wort/ ſondern daſſelbe in Ehren halten/ vnd weil es ein ſolcher ſchatz iſt/ daran vns vnſerer Seelen heyl vnd Seligkeit gelegen/ ſo laſt vns wol zuſchauen/ das wir daſſelbe rein vnd vnverſelſcht behalten/ auch vnſer Leben Chriſtlich darnach anſtellen/ damit nicht an vns erfüllet werde was der Sohn GOttes ſpricht: Das Wort/ das ſie gehört vnd nicht darnach gethan/ das wird am Jüngſten Tag jhr eigener Richter ſein.,derowegen liebe chriſten ſo laſt vns nicht ſchertzen mit chriſti wort ſondern daſſelbe in ehren halten vnd weil es ein ſolcher ſchatz iſt daran vns vnſerer seelen heyl vnd seligkeit gelegen ſo laſt vns wol zuſchauen das wir daſſelbe rein vnd vnverſelſcht behalten auch vnſer leben chriſtlich darnach anſtellen damit nicht an vns erfüllet werde was der sohn gottes ſpricht das wort das ſie gehört vnd nicht darnach gethan das wird am jüngſten tag jhr eigener richter ſein,derowegen liebe christen so last uns nicht schertzen mit christi wort sondern dasselbe in ehren halten und weil es ein solcher schatz ist daran uns unserer seelen heyl und seligkeit gelegen so last uns wol zuschauen das wir dasselbe rein und unuerselscht behalten auch unser leben christlich darnach anstellen damit nicht an uns erfullet werde was der sohn gottes spricht das wort das sie gehort und nicht darnach gethan das wird am iungsten tag ihr eigener richter sein
508113,body,47,0,False,[16],Laſt vns auch dieſen bericht gebrauchen zur ermahnung/ das wir vns bey geſundem Leibe fleiſſig zu Gottes Wort halten/ vnd die beſten Troſtſprüche einſamlen/ damit wir derſelben zur zeit der noth nützlich gebrauchen mögen.,laſt vns auch dieſen bericht gebrauchen zur ermahnung das wir vns bey geſundem leibe fleiſſig zu gottes wort halten vnd die beſten troſtſprüche einſamlen damit wir derſelben zur zeit der noth nützlich gebrauchen mögen,last uns auch diesen bericht gebrauchen zur ermahnung das wir uns bey gesundem leibe fleissig zu gottes wort halten und die besten trostspruche einsamlen damit wir derselben zur zeit der noth nutzlich gebrauchen mogen
508113,body,47,1,False,[16],Seind wir doch ſonſt ſo geſchickt/ wenn einer einen Leiblichen ſchaden hat/ der nicht zu heylen iſt/ vnd er höret von einem bewehrten Artzt der jhm helffen könte/ traun da ſparet er keine mühe vnd vnkoſten/ da es doch recht heiſt wie Syrach 10. Cap. ſpricht: Wenn der Artzt gleich lang an jhm flicket/ ſo heiſts doch entlich heute König morgen Todt/ vnd wenn der Menſch Todt iſt/ ſo freſſen jhn die Schlangen vnd Würme.,seind wir doch ſonſt ſo geſchickt wenn einer einen leiblichen ſchaden hat der nicht zu heylen iſt vnd er höret von einem bewehrten artzt der jhm helffen könte traun da ſparet er keine mühe vnd vnkoſten da es doch recht heiſt wie syrach cap ſpricht wenn der artzt gleich lang an jhm flicket ſo heiſts doch entlich heute könig morgen todt vnd wenn der menſch todt iſt ſo freſſen jhn die schlangen vnd würme,seind wir doch sonst so geschickt wenn einer einen leiblichen schaden hat der nicht zu heylen ist und er horet uon einem bewehrten artzt der ihm helffen konte traun da sparet er keine muhe und unkosten da es doch recht heist wie syrach cap spricht wenn der artzt gleich lang an ihm flicket so heists doch entlich heute konig morgen todt und wenn der mensch todt ist so fressen ihn die schlangen und wurme
508113,body,47,2,False,[16],Ja wie viel tauſentmal mehr ſollen wir vns halten zu diſem Himliſchen vnd bewehrten Artzt/ vnd zu ſeinem köſtlichen præſervatif welches bewehret iſt/ vnd das nicht allein alle ſchäden heylen/ ſondern auch den ewigen Todt abtreiben kan?,ja wie viel tauſentmal mehr ſollen wir vns halten zu diſem himliſchen vnd bewehrten artzt vnd zu ſeinem köſtlichen præſervatif welches bewehret iſt vnd das nicht allein alle ſchäden heylen ſondern auch den ewigen todt abtreiben kan,ia wie uiel tausentmal mehr sollen wir uns halten zu disem himlischen und bewehrten artzt und zu seinem kostlichen praeseruatif welches bewehret ist und das nicht allein alle schaden heylen sondern auch den ewigen todt abtreiben kan
508113,body,47,3,False,[16],Billich das wir vnſere Hertzen ermundern vnd ſagen mit David Pſalm. 73. Herr wenn ich nur dich habe ſo frage ich nichts nach Himel vnd Erden/ wenn mir gleich Leib vnd Seele verſchmachtet/ ſo biſt du doch meines Hertzens troſt vnd mein heyl.,billich das wir vnſere hertzen ermundern vnd ſagen mit david pſalm herr wenn ich nur dich habe ſo frage ich nichts nach himel vnd erden wenn mir gleich leib vnd seele verſchmachtet ſo biſt du doch meines hertzens troſt vnd mein heyl,billich das wir unsere hertzen ermundern und sagen mit dauid psalm herr wenn ich nur dich habe so frage ich nichts nach himel und erden wenn mir gleich leib und seele uerschmachtet so bist du doch meines hertzens trost und mein heyl
508113,body,47,4,True,[17],Vnd das iſt alſo auch kürtzlich das andere/ ſo wir bey dem vorgenom̃enen Sprüchlein zubehalten haben/ welches nemblich die köſtliche Artzney ſey ſo vns wider den ewigen Todt ſichern kan.,vnd das iſt alſo auch kürtzlich das andere ſo wir bey dem vorgenom̃enen sprüchlein zubehalten haben welches nemblich die köſtliche artzney ſey ſo vns wider den ewigen todt ſichern kan,und das ist also auch kurtzlich das andere so wir bey dem uorgenommenen spruchlein zubehalten haben welches nemblich die kostliche artzney sey so uns wider den ewigen todt sichern kan
508113,body,48,0,False,[17],Zum dritten: Wie ſollen wir nun aber ſolch bewehrtes præſervatif recht appliciren vnd brauchen/ damit es ſeine kräftige operation vnd wirckung bey vns haben möge.,zum dritten wie ſollen wir nun aber ſolch bewehrtes præſervatif recht appliciren vnd brauchen damit es ſeine kräftige operation vnd wirckung bey vns haben möge,zum dritten wie sollen wir nun aber solch bewehrtes praeseruatif recht appliciren und brauchen damit es seine kraftige operation und wirckung bey uns haben moge
508113,body,48,1,False,[17],Das weiſet vns auch der Herr alhie mit einem kleinen Wörtlein τηρεῖν halten.,das weiſet vns auch der herr alhie mit einem kleinen wörtlein τηρεῖν halten,das weiset uns auch der herr alhie mit einem kleinen wortlein halten
508113,body,48,2,False,[17],Welches zwar ein kleines Wörtlein iſt/ aber mechtig weit vmb ſich ſihet.,welches zwar ein kleines wörtlein iſt aber mechtig weit vmb ſich ſihet,welches zwar ein kleines wortlein ist aber mechtig weit umb sich sihet
508113,body,48,3,True,[17],Denn diß Wörtlein/ halten/ erfodert.,denn diß wörtlein halten erfodert,denn diss wortlein halten erfodert
508113,body,49,0,False,[17],"Erſtlich: Eine wahre erkentnuß vnd wiſſenſchafft deß Worts Gottes/ das man die rechte reine lehre Chriſti von aller jrrigen Ketzerey vnd Teuffels Lehre recht vnterſcheiden könne/ damit einem nicht quid pro quo, böſes für gutes werde beygebracht.",erſtlich eine wahre erkentnuß vnd wiſſenſchafft deß worts gottes das man die rechte reine lehre chriſti von aller jrrigen ketzerey vnd teuffels lehre recht vnterſcheiden könne damit einem nicht quid pro quo böſes für gutes werde beygebracht,erstlich eine wahre erkentnuss und wissenschafft dess worts gottes das man die rechte reine lehre christi uon aller irrigen ketzerey und teuffels lehre recht unterscheiden konne damit einem nicht quid pro quo boses fur gutes werde beygebracht
508113,body,49,1,False,[17],"Solche wiſſenſchafft vnd erkandtnuß aber kompt nicht her ex doctrina Philoſophorum, denn die wiſſen davon im geringſten nichts/ ſondern man muß dieſelbe Studiren auß dem Geiſtlichen Brünlein Heyliger Göttlicher Schrifft/ darin müſſen wir nach der vermahnung Chriſti fleiſſig nachforſchen/ denn darinn finden wir alles was vns zu vnſer Seelen ſeligkeit nützlich iſt.",solche wiſſenſchafft vnd erkandtnuß aber kompt nicht her ex doctrina philoſophorum denn die wiſſen davon im geringſten nichts ſondern man muß dieſelbe studiren auß dem geiſtlichen brünlein heyliger göttlicher schrifft darin müſſen wir nach der vermahnung chriſti fleiſſig nachforſchen denn darinn finden wir alles was vns zu vnſer seelen ſeligkeit nützlich iſt,solche wissenschafft und erkandtnuss aber kompt nicht her ex doctrina philosophorum denn die wissen dauon im geringsten nichts sondern man muss dieselbe studiren auss dem geistlichen brunlein heyliger gottlicher schrifft darin mussen wir nach der uermahnung christi fleissig nachforschen denn darinn finden wir alles was uns zu unser seelen seligkeit nutzlich ist
508113,body,49,2,True,[17],Darumb ermahnet der Apoſtel Paulus nicht ohn vrſach Coloſ. 3. Laſſet das Wort Gottes reichlich vnter euch wohnen in aller weißheit vnd verſtand.,darumb ermahnet der apoſtel paulus nicht ohn vrſach coloſ laſſet das wort gottes reichlich vnter euch wohnen in aller weißheit vnd verſtand,darumb ermahnet der apostel paulus nicht ohn ursach colos lasset das wort gottes reichlich unter euch wohnen in aller weissheit und uerstand
508113,body,50,0,False,[17],Vors andere/ ſo erfordert das Wörtlein halten: Einen feſten Glauben/ beyfal vnd vertrawen auff das Wort/ das wir vns darauff feſtiglich verlaſſen/ als auff einen Felß/ den auch alle Pforten der Höllen nicht vberweltigen ſollen/ denn mit der bloſſen wiſſenſchafft iſt es nit außgericht/ die Teuffel wiſſen auch Gottes Wort/ es hilfft ſie aber zur Seligkeit im geringſten nichts.,vors andere ſo erfordert das wörtlein halten einen feſten glauben beyfal vnd vertrawen auff das wort das wir vns darauff feſtiglich verlaſſen als auff einen felß den auch alle pforten der höllen nicht vberweltigen ſollen denn mit der bloſſen wiſſenſchafft iſt es nit außgericht die teuffel wiſſen auch gottes wort es hilfft ſie aber zur seligkeit im geringſten nichts,uors andere so erfordert das wortlein halten einen festen glauben beyfal und uertrawen auff das wort das wir uns darauff festiglich uerlassen als auff einen felss den auch alle pforten der hollen nicht uberweltigen sollen denn mit der blossen wissenschafft ist es nit aussgericht die teuffel wissen auch gottes wort es hilfft sie aber zur seligkeit im geringsten nichts
508113,body,50,1,False,[17],Darumb wil von nöten ſein/ das man demſelben beyfal vnd glauben gebe.,darumb wil von nöten ſein das man demſelben beyfal vnd glauben gebe,darumb wil uon noten sein das man demselben beyfal und glauben gebe
508113,body,50,2,False,[17],"Ja es muß bey ſolchem beyfal auch nicht ſchlecht bleiben/ ſondern es gehöret auch die application darzu/ das ein jeder die application auff ſich ſelbſt mache/ vnd jhm das Wort vom verdienſt Chriſti für ſeine Perſon zueigene/ vnd mit Paulo ſage: Galat. 1. Chriſtus me dilexit, Chriſtus hat mich geliebt/ vnd ſich für mich in den Todt gegeben.",ja es muß bey ſolchem beyfal auch nicht ſchlecht bleiben ſondern es gehöret auch die application darzu das ein jeder die application auff ſich ſelbſt mache vnd jhm das wort vom verdienſt chriſti für ſeine perſon zueigene vnd mit paulo ſage galat chriſtus me dilexit chriſtus hat mich geliebt vnd ſich für mich in den todt gegeben,ia es muss bey solchem beyfal auch nicht schlecht bleiben sondern es gehoret auch die application darzu das ein ieder die application auff sich selbst mache und ihm das wort uom uerdienst christi fur seine person zueigene und mit paulo sage galat christus me dilexit christus hat mich geliebt und sich fur mich in den todt gegeben
508113,body,50,3,True,[17],Jtem: Jch bin ein Glied auß deinem Leib/ deß tröſte ich mich von Hertzen/ ꝛc. Ein ſolcher Glaub vnd feſt vertrawen/ gibt einem Menſchen krafft mitten im Todt.,jtem jch bin ein glied auß deinem leib deß tröſte ich mich von hertzen ꝛc ein ſolcher glaub vnd feſt vertrawen gibt einem menſchen krafft mitten im todt,item ich bin ein glied auss deinem leib dess troste ich mich uon hertzen c ein solcher glaub und fest uertrawen gibt einem menschen krafft mitten im todt
508113,body,51,0,True,[18],Vors 3. ſo erfordert auch diß Wortlein: Eine beſtendigkeit/ das man dabey auch beſtendig bleibe/ vnd jhme daſſelbe den Teuffel vnd die Gottloſe Welt nicht auß dem Hertzen reiſſen laſſe.,vors ſo erfordert auch diß wortlein eine beſtendigkeit das man dabey auch beſtendig bleibe vnd jhme daſſelbe den teuffel vnd die gottloſe welt nicht auß dem hertzen reiſſen laſſe,uors so erfordert auch diss wortlein eine bestendigkeit das man dabey auch bestendig bleibe und ihme dasselbe den teuffel und die gottlose welt nicht auss dem hertzen reissen lasse
508113,body,52,0,False,[18],Denn gleich wie es ſonſt mit Leiblichen Artzneyen bewand/ wenn der Menſch ein träncklein oder anders braucht/ vnd der Magen behelt es nicht bey ſich/ ſondern gibts (mit Reverentz zumelden) widerumb von ſich/ ſo kan es auch keine wirckung haben: Alſo iſt es auch mit dieſem Geiſtlichen præſervatif mit dem Wort deß Herrn Chriſti bewandt/ wenn daſſelbe gleich gehöret/ aber im Hertzen nicht bewahret wird/ ſo kan es keine krafft vnd wirckung von ſich geben.,denn gleich wie es ſonſt mit leiblichen artzneyen bewand wenn der menſch ein träncklein oder anders braucht vnd der magen behelt es nicht bey ſich ſondern gibts mit reverentz zumelden widerumb von ſich ſo kan es auch keine wirckung haben alſo iſt es auch mit dieſem geiſtlichen præſervatif mit dem wort deß herrn chriſti bewandt wenn daſſelbe gleich gehöret aber im hertzen nicht bewahret wird ſo kan es keine krafft vnd wirckung von ſich geben,denn gleich wie es sonst mit leiblichen artzneyen bewand wenn der mensch ein trancklein oder anders braucht und der magen behelt es nicht bey sich sondern gibts mit reuerentz zumelden widerumb uon sich so kan es auch keine wirckung haben also ist es auch mit diesem geistlichen praeseruatif mit dem wort dess herrn christi bewandt wenn dasselbe gleich gehoret aber im hertzen nicht bewahret wird so kan es keine krafft und wirckung uon sich geben
508113,body,52,1,False,[18],Daher ſpricht Chriſtus Luce am 11. Selig ſind die Gottes Wort hören vnd bewahren.,daher ſpricht chriſtus luce am selig ſind die gottes wort hören vnd bewahren,daher spricht christus luce am selig sind die gottes wort horen und bewahren
508113,body,52,2,False,[18],Vnd Matth. 24. Vermahnet der Herr CHriſtus ſelber: Wer beharret biß ans ende/ der wird ſelig werden.,vnd matth vermahnet der herr chriſtus ſelber wer beharret biß ans ende der wird ſelig werden,und matth uermahnet der herr christus selber wer beharret biss ans ende der wird selig werden
508113,body,52,3,False,[18],Vnd Apocal. 2. wird geſagt: Biß getrew biß in den Todt/ ſo wil ich dir die Krone deß Lebens geben.,vnd apocal wird geſagt biß getrew biß in den todt ſo wil ich dir die krone deß lebens geben,und apocal wird gesagt biss getrew biss in den todt so wil ich dir die krone dess lebens geben
508113,body,52,4,False,[18],Jn Summa Chriſti Wort halten heiſt/ ſein Leben in verbeſſerung darnach anſtellen/ es laſſen im Hertzen Wurtzeln/ vnd viel guter Früchte bringen beydes gegen GOtt vnd dem Nechſten.,jn summa chriſti wort halten heiſt ſein leben in verbeſſerung darnach anſtellen es laſſen im hertzen wurtzeln vnd viel guter früchte bringen beydes gegen gott vnd dem nechſten,in summa christi wort halten heist sein leben in uerbesserung darnach anstellen es lassen im hertzen wurtzeln und uiel guter fruchte bringen beydes gegen gott und dem nechsten
508113,body,52,5,False,[18],Wie Jacob 1. Spricht: Seyt thäter deß Worts vnd nicht hörer allein/ damit jhr euch ſelbſten betrieget.,wie jacob spricht seyt thäter deß worts vnd nicht hörer allein damit jhr euch ſelbſten betrieget,wie iacob spricht seyt thater dess worts und nicht horer allein damit ihr euch selbsten betrieget
508113,body,52,6,True,[18],Denn ſo jemand iſt ein hörer deß worts vnd nicht ein thäter/ der iſt gleich einem Mann der ſein leiblich Angeſicht im Spigel beſchauet/ denn nach dem er ſich beſchauet hat/ gehet er von ſtund an darvon/ vnd vergiſſet wie er geſtalt war.,denn ſo jemand iſt ein hörer deß worts vnd nicht ein thäter der iſt gleich einem mann der ſein leiblich angeſicht im spigel beſchauet denn nach dem er ſich beſchauet hat gehet er von ſtund an darvon vnd vergiſſet wie er geſtalt war,denn so iemand ist ein horer dess worts und nicht ein thater der ist gleich einem mann der sein leiblich angesicht im spigel beschauet denn nach dem er sich beschauet hat gehet er uon stund an daruon und uergisset wie er gestalt war
508113,body,53,0,True,[18],Dieweil es aber ohne beſondern kampff nicht abgehet/ wenn das Wort Chriſti ſoll im Hertzen bewahret werden/ Sintemal der böſe Feind der Teuffel vmb vns hergehet wie ein brüllender Löw/ vnd wir tragen den Edlen ſchatz Göttliches Worts in Jrꝛdiſchen Gefäſen/ ſo wil demnach neben einem Hertzlichen vnd andächtigen Gebet/ bey einem Chriſten eine gute vorſichtigkeit zum höchſten von nöten ſein/ wenn er anders diſes ſchatzes nicht wil beraubet werden.,dieweil es aber ohne beſondern kampff nicht abgehet wenn das wort chriſti ſoll im hertzen bewahret werden sintemal der böſe feind der teuffel vmb vns hergehet wie ein brüllender löw vnd wir tragen den edlen ſchatz göttliches worts in jrꝛdiſchen gefäſen ſo wil demnach neben einem hertzlichen vnd andächtigen gebet bey einem chriſten eine gute vorſichtigkeit zum höchſten von nöten ſein wenn er anders diſes ſchatzes nicht wil beraubet werden,dieweil es aber ohne besondern kampff nicht abgehet wenn das wort christi soll im hertzen bewahret werden sintemal der bose feind der teuffel umb uns hergehet wie ein brullender low und wir tragen den edlen schatz gottliches worts in irdischen gefasen so wil demnach neben einem hertzlichen und andachtigen gebet bey einem christen eine gute uorsichtigkeit zum hochsten uon noten sein wenn er anders dises schatzes nicht wil beraubet werden
508113,body,54,0,False,[18],Zum vierdten vnd letzten/ welches iſt nun aber die kräfftige operation vnd wirckung/ die man auß diſem köſtlichen præſervatif empfindet?,zum vierdten vnd letzten welches iſt nun aber die kräfftige operation vnd wirckung die man auß diſem köſtlichen præſervatif empfindet,zum uierdten und letzten welches ist nun aber die krafftige operation und wirckung die man auss disem kostlichen praeseruatif empfindet
508113,body,54,1,False,[18],Der Herr ſpricht/ es könne den Todt vertreiben.,der herr ſpricht es könne den todt vertreiben,der herr spricht es konne den todt uertreiben
508113,body,54,2,False,[18],Diß/ meine geliebte/ iſt nun ein ſolcher effectus der alle ſchätze dieſer Welt weit vbertreffen thut.,diß meine geliebte iſt nun ein ſolcher effectus der alle ſchätze dieſer welt weit vbertreffen thut,diss meine geliebte ist nun ein solcher effectus der alle schatze dieser welt weit ubertreffen thut
508113,body,54,3,False,[19],Dann was wehre vns damit geholfſen geweſen/ wenn vns gleich der Sohn Gottes die zuſage gethan hette: So jemand mein Wort wird halten/ der ſoll zu groſſen ehren erhaben werden/ er ſoll ein König/ Fürſt/ oder ſonſt groſſer Herr ſein/ oder/ der ſoll ſo vnd ſo viel Rittergüter einnemen ꝛc. Nichts/ denn ſie können doch den Menſchen vom Todt nicht erretten/ ja Sophan der Prophet ſpricht. 1. Cap. Jhr Silber vnd Gold wird ſie nicht erretten am Tag deß zorns deß Herrn.,dann was wehre vns damit geholfſen geweſen wenn vns gleich der sohn gottes die zuſage gethan hette so jemand mein wort wird halten der ſoll zu groſſen ehren erhaben werden er ſoll ein könig fürſt oder ſonſt groſſer herr ſein oder der ſoll ſo vnd ſo viel rittergüter einnemen ꝛc nichts denn ſie können doch den menſchen vom todt nicht erretten ja sophan der prophet ſpricht cap jhr silber vnd gold wird ſie nicht erretten am tag deß zorns deß herrn,dann was wehre uns damit geholfsen gewesen wenn uns gleich der sohn gottes die zusage gethan hette so iemand mein wort wird halten der soll zu grossen ehren erhaben werden er soll ein konig furst oder sonst grosser herr sein oder der soll so und so uiel ritterguter einnemen c nichts denn sie konnen doch den menschen uom todt nicht erretten ia sophan der prophet spricht cap ihr silber und gold wird sie nicht erretten am tag dess zorns dess herrn
508113,body,54,4,True,[19],Darumb weiſet vns der Herr viel einen ſeligern nutz/ den wir darvon haben ſollen/ ſo wir ſein Wort halten: Nemblich: So jemand mein Wort wird halten/ der wird den Todt nicht ſehen ewiglich.,darumb weiſet vns der herr viel einen ſeligern nutz den wir darvon haben ſollen ſo wir ſein wort halten nemblich so jemand mein wort wird halten der wird den todt nicht ſehen ewiglich,darumb weiset uns der herr uiel einen seligern nutz den wir daruon haben sollen so wir sein wort halten nemblich so iemand mein wort wird halten der wird den todt nicht sehen ewiglich
508113,body,55,0,False,[19],"Allhie möchte nun ein einfeltiges Hertz gedencken: Das iſt mir eine ſeltzame rede/ ſpricht man doch ſonſt im gemeinen Sprichwort: Contra vim mortis non herba vireſcit in hortis, wider deß Todtes kraft/ hilft keines gewächſes noch Kreutleins Saft.",allhie möchte nun ein einfeltiges hertz gedencken das iſt mir eine ſeltzame rede ſpricht man doch ſonſt im gemeinen sprichwort contra vim mortis non herba vireſcit in hortis wider deß todtes kraft hilft keines gewächſes noch kreutleins saft,allhie mochte nun ein einfeltiges hertz gedencken das ist mir eine seltzame rede spricht man doch sonst im gemeinen sprichwort contra uim mortis non herba uirescit in hortis wider dess todtes kraft hilft keines gewachses noch kreutleins saft
508113,body,55,1,False,[19],So bezeuget auch der augenſchein gantz vnd gar das widerſpiel: Haben doch Abraham/ Jſaac/ vnd Jacob eben ſo wol ſterben muſten/ als Caiphas/ Pilatus/ Judas/ vnd andere Gottloſe Menſchen?,so bezeuget auch der augenſchein gantz vnd gar das widerſpiel haben doch abraham jſaac vnd jacob eben ſo wol ſterben muſten als caiphas pilatus judas vnd andere gottloſe menſchen,so bezeuget auch der augenschein gantz und gar das widerspiel haben doch abraham isaac und iacob eben so wol sterben musten als caiphas pilatus iudas und andere gottlose menschen
508113,body,55,2,True,[19],Darauff geliebte iſt zuwiſſen.,darauff geliebte iſt zuwiſſen,darauff geliebte ist zuwissen
508113,body,56,0,False,[19],Erſtlich/ das freilich in keiner Jrꝛdiſchen Apotecken einig Recept befunden werde/ das wider den Todt helffen kan.,erſtlich das freilich in keiner jrꝛdiſchen apotecken einig recept befunden werde das wider den todt helffen kan,erstlich das freilich in keiner irdischen apotecken einig recept befunden werde das wider den todt helffen kan
508113,body,56,1,True,[19],Aber in der Geiſtlichen Apotecken da wird ein præſervatif gefunden/ das heiſt/ Chriſti Wort/ das vns wider den Todt ſchützen/ vnd vom Todt erretten kan.,aber in der geiſtlichen apotecken da wird ein præſervatif gefunden das heiſt chriſti wort das vns wider den todt ſchützen vnd vom todt erretten kan,aber in der geistlichen apotecken da wird ein praeseruatif gefunden das heist christi wort das uns wider den todt schutzen und uom todt erretten kan
508113,body,57,0,False,[19],Es ſollen aber auch E. L. wiſſen/ das zweyerley Todt ſey.,es ſollen aber auch e l wiſſen das zweyerley todt ſey,es sollen aber auch e l wissen das zweyerley todt sey
508113,body,57,1,False,[19],Ein Leiblicher vñ ein Geiſtlicher Todt.,ein leiblicher vñ ein geiſtlicher todt,ein leiblicher und ein geistlicher todt
508113,body,57,2,False,[19],Der Leibliche Todt iſt/ da Leib vnd Seel ſich von einander ſcheiden muß.,der leibliche todt iſt da leib vnd seel ſich von einander ſcheiden muß,der leibliche todt ist da leib und seel sich uon einander scheiden muss
508113,body,57,3,True,[19],Der Geiſtliche Todt aber/ da Leib vnd ſeel zugleich ewiger vnaußſprechlicher Pein müſſen vnterworffen ſein.,der geiſtliche todt aber da leib vnd ſeel zugleich ewiger vnaußſprechlicher pein müſſen vnterworffen ſein,der geistliche todt aber da leib und seel zugleich ewiger unausssprechlicher pein mussen unterworffen sein
508113,body,58,0,False,[19],Was den zeitlichen Todt belangt/ ſo kan freilich demſelben kein Menſch entfliehen/ er ſchütze ſich auch ſo hoch als er jmmer wölle.,was den zeitlichen todt belangt ſo kan freilich demſelben kein menſch entfliehen er ſchütze ſich auch ſo hoch als er jmmer wölle,was den zeitlichen todt belangt so kan freilich demselben kein mensch entfliehen er schutze sich auch so hoch als er immer wolle
508113,body,58,1,False,[19],Deñ gleich wie wir in Adam alle geſündigt haben/ alſo müſſen wir auch mit jhme alle deß Todtes ſterben.,deñ gleich wie wir in adam alle geſündigt haben alſo müſſen wir auch mit jhme alle deß todtes ſterben,denn gleich wie wir in adam alle gesundigt haben also mussen wir auch mit ihme alle dess todtes sterben
508113,body,58,2,False,[19],Denn da heiſt es wie Rom. 5. ſteht.,denn da heiſt es wie rom ſteht,denn da heist es wie rom steht
508113,body,58,3,False,[19],Durch einen Menſchen iſt die Sünde kommen in die Welt/ vñ durch die Sünde der Todt/ der iſt zu allen Menſchen hindurch gedrungen/ ſintemal ſie alle geſündiget haben.,durch einen menſchen iſt die sünde kommen in die welt vñ durch die sünde der todt der iſt zu allen menſchen hindurch gedrungen ſintemal ſie alle geſündiget haben,durch einen menschen ist die sunde kommen in die welt und durch die sunde der todt der ist zu allen menschen hindurch gedrungen sintemal sie alle gesundiget haben
508113,body,58,4,False,[19],Vnd Hebræ. 9. Allen Menſchen iſt geſetzt einmal zu ſterben/ vnd hernacher das Jüngſte Gericht.,vnd hebræ allen menſchen iſt geſetzt einmal zu ſterben vnd hernacher das jüngſte gericht,und hebrae allen menschen ist gesetzt einmal zu sterben und hernacher das iungste gericht
508113,body,58,5,True,[19],"Daher pflegt man auch im alten Verſicul zu ſagen: Mors ſervat legem, tollit cum paupereregem.",daher pflegt man auch im alten verſicul zu ſagen mors ſervat legem tollit cum paupereregem,daher pflegt man auch im alten uersicul zu sagen mors seruat legem tollit cum paupereregem
508113,body,59,0,True,[20],Der Todt erhelt das rechte recht/ Erwürgt den Herꝛen ſampt,der todt erhelt das rechte recht erwürgt den herꝛen ſampt,der todt erhelt das rechte recht erwurgt den heren sampt
508113,body,60,0,True,[20],dem Knecht/,dem knecht,dem knecht
508113,body,61,0,True,[20],Ergreift ſo bald ein Edelman/ als einen armen Bawersman.,ergreift ſo bald ein edelman als einen armen bawersman,ergreift so bald ein edelman als einen armen bawersman
508113,body,62,0,False,[20],Aber Chriſtglaubigen Hertzen muß ſolcher Todt kein verluſt ſein/ ſondern ein gewiß/ ja ein lieblicher ſchlaff zur ewigen Glori vnd Herꝛligkeit.,aber chriſtglaubigen hertzen muß ſolcher todt kein verluſt ſein ſondern ein gewiß ja ein lieblicher ſchlaff zur ewigen glori vnd herꝛligkeit,aber christglaubigen hertzen muss solcher todt kein uerlust sein sondern ein gewiss ia ein lieblicher schlaff zur ewigen glori und herligkeit
508113,body,62,1,False,[20],"Daher ſehen wir auch wie freudig vñ getroſt die Heiligen Gottes zum Todt geweſen ſein. Chryſoſt. nimbt für ſich die Heiligen Gottes Eliam/ Eliſeum/ Petrum/ Paulum/ vnd andere/ verwundert ſich vber jhnen vnd ſpricht: Sancti mortuos excitabant & tamen ipſi mori deſiderabant, Jſt nicht das ein wunder vber alle wunder/ ſpricht er/ die heiligen Propheten vnd Apoſtel haben Todten auferweckt/ vnd haben ſie doch keine ſtund begeren zu Leben.",daher ſehen wir auch wie freudig vñ getroſt die heiligen gottes zum todt geweſen ſein chryſoſt nimbt für ſich die heiligen gottes eliam eliſeum petrum paulum vnd andere verwundert ſich vber jhnen vnd ſpricht sancti mortuos excitabant & tamen ipſi mori deſiderabant jſt nicht das ein wunder vber alle wunder ſpricht er die heiligen propheten vnd apoſtel haben todten auferweckt vnd haben ſie doch keine ſtund begeren zu leben,daher sehen wir auch wie freudig und getrost die heiligen gottes zum todt gewesen sein chrysost nimbt fur sich die heiligen gottes eliam eliseum petrum paulum und andere uerwundert sich uber ihnen und spricht sancti mortuos excitabant et tamen ipsi mori desiderabant ist nicht das ein wunder uber alle wunder spricht er die heiligen propheten und apostel haben todten auferweckt und haben sie doch keine stund begeren zu leben
508113,body,62,2,False,[20],Denn Elias ſpricht: Herr nimb meine Seele hin/ ich bin nicht beſſer denn meine Vätter.,denn elias ſpricht herr nimb meine seele hin ich bin nicht beſſer denn meine vätter,denn elias spricht herr nimb meine seele hin ich bin nicht besser denn meine uatter
508113,body,62,3,False,[20],Paulus gleicher geſtalt ſpricht: Jch begere aufgelöſt zu werden/ vnd bey meinem Herrn Chriſto zu ſein.,paulus gleicher geſtalt ſpricht jch begere aufgelöſt zu werden vnd bey meinem herrn chriſto zu ſein,paulus gleicher gestalt spricht ich begere aufgelost zu werden und bey meinem herrn christo zu sein
508113,body,62,4,False,[20],Ja woher entſteht in den H. Gottes eine ſolche freudigkeit?,ja woher entſteht in den h gottes eine ſolche freudigkeit,ia woher entsteht in den h gottes eine solche freudigkeit
508113,body,62,5,False,[20],Kompt es etwa her auß natürlichen kräften?,kompt es etwa her auß natürlichen kräften,kompt es etwa her auss naturlichen kraften
508113,body,62,6,False,[20],Nein/ denn Fleiſch vnd Blut entſetzt ſich für dem zeitlichen Todt/ ſondern daher kompt ſolche freudigkeit/ dieweil die H. Gottes gar wol gewuſt/ das es jhnen ein gewins ſey/ vnd nicht mehr thue/ als das er jhnen die Thur auſſthue zum ewigen Leben.,nein denn fleiſch vnd blut entſetzt ſich für dem zeitlichen todt ſondern daher kompt ſolche freudigkeit dieweil die h gottes gar wol gewuſt das es jhnen ein gewins ſey vnd nicht mehr thue als das er jhnen die thur auſſthue zum ewigen leben,nein denn fleisch und blut entsetzt sich fur dem zeitlichen todt sondern daher kompt solche freudigkeit dieweil die h gottes gar wol gewust das es ihnen ein gewins sey und nicht mehr thue als das er ihnen die thur aussthue zum ewigen leben
508113,body,62,7,True,[20],Denn Chriſtus hat dem Todt ſeine macht genommen/ das Leben vnd ein vnvergenglich weſen ans Liecht gebracht/ ſpricht Paulus 2. Timoth. 1.,denn chriſtus hat dem todt ſeine macht genommen das leben vnd ein vnvergenglich weſen ans liecht gebracht ſpricht paulus timoth,denn christus hat dem todt seine macht genommen das leben und ein unuergenglich wesen ans liecht gebracht spricht paulus timoth
508113,body,63,0,False,[20],Dagegen aber der ewige Todt iſt eine vnaußſprechliche Marter deren alle Gottloß vnd vnglaubige mit den verdampten geiſtern in ewigkeit werden müſſen vnterworffen ſein/ wie davon Eſaiæ 66. geſchrieben ſtehet: Jr Wurm wird nim̃ermehr ſterben/ jhr Fewer wird nimmermehr verleſchen/ ſondern ſie werden allem Fleiſch müſſen ein ewiger grewel ſein.,dagegen aber der ewige todt iſt eine vnaußſprechliche marter deren alle gottloß vnd vnglaubige mit den verdampten geiſtern in ewigkeit werden müſſen vnterworffen ſein wie davon eſaiæ geſchrieben ſtehet jr wurm wird nim̃ermehr ſterben jhr fewer wird nimmermehr verleſchen ſondern ſie werden allem fleiſch müſſen ein ewiger grewel ſein,dagegen aber der ewige todt ist eine unausssprechliche marter deren alle gottloss und unglaubige mit den uerdampten geistern in ewigkeit werden mussen unterworffen sein wie dauon esaiae geschrieben stehet ir wurm wird nimmermehr sterben ihr fewer wird nimmermehr uerleschen sondern sie werden allem fleisch mussen ein ewiger grewel sein
508113,body,63,1,False,[20],Vnd vber ſolcher marter werden ſie ſchreien winſeln vnd wehklagen wie Apocal. 6. ſteht: O Jhr Berge fallet vber vns/ O jhr hügel decket vns für dem anblick deß der auff dem Stul ſitzt/ vnd für dem zorn deß Lambs/ denn ſein erſchröcklicher tag iſt kommen wer mag für jhm beſtehen?,vnd vber ſolcher marter werden ſie ſchreien winſeln vnd wehklagen wie apocal ſteht o jhr berge fallet vber vns o jhr hügel decket vns für dem anblick deß der auff dem stul ſitzt vnd für dem zorn deß lambs denn ſein erſchröcklicher tag iſt kommen wer mag für jhm beſtehen,und uber solcher marter werden sie schreien winseln und wehklagen wie apocal steht o ihr berge fallet uber uns o ihr hugel decket uns fur dem anblick dess der auff dem stul sitzt und fur dem zorn dess lambs denn sein erschrocklicher tag ist kommen wer mag fur ihm bestehen
508113,body,63,2,True,[20],Für dieſem erſchröcklichen Todt vnd vnaußſprechlichen Höllenpein ſollen die glaubigen vnd auſſerwehlten Kinder Gottes gantz vnd gar geſichert ſein/ vnd ſoll heiſſen wie Rom. 8. ſteht: Es iſt nichts verdamlichs an denen die in Chriſto Jeſu ſind.,für dieſem erſchröcklichen todt vnd vnaußſprechlichen höllenpein ſollen die glaubigen vnd auſſerwehlten kinder gottes gantz vnd gar geſichert ſein vnd ſoll heiſſen wie rom ſteht es iſt nichts verdamlichs an denen die in chriſto jeſu ſind,fur diesem erschrocklichen todt und unausssprechlichen hollenpein sollen die glaubigen und ausserwehlten kinder gottes gantz und gar gesichert sein und soll heissen wie rom steht es ist nichts uerdamlichs an denen die in christo iesu sind
508113,body,64,0,False,[21],Vnd ſo viel ſey kürtzlich zu erklärung dieſes ſchönen Troſtſprüchleins geſagt.,vnd ſo viel ſey kürtzlich zu erklärung dieſes ſchönen troſtſprüchleins geſagt,und so uiel sey kurtzlich zu erklarung dieses schonen trostspruchleins gesagt
508113,body,64,1,True,[21],Weitleuftigere außführung gehört an einen andern Ort.,weitleuftigere außführung gehört an einen andern ort,weitleuftigere aussfuhrung gehort an einen andern ort
508113,head,65,0,True,[21],ENCOMIUM DEFUNCTI.,encomium defuncti,encomium defuncti
508113,body,66,0,False,[21],WAs nun ferner belangt/ vnſern in Gott verſtorbenen vnd ruhenden Junckern/ den Weyland Edlen Geſtrengen vnd Veſten Sigmund Marſchalck von vnd zu Ebnet auff Wildenberg vnd Weingartsgereuth/ ꝛc. Seligen/ den GOtt der Allmechtige nach ſeinem vnerforſchlichen/ jedoch allein Weyſen Raht/ vnd gnedigen willen von dieſem zergänglichen Jam̃erthal durch den zeitlichen Todt/ vnzweiffenlich zu ſeinem ewigen frewden Leben abgefordert hat/ wie wir jhme denn auch jetzo den letzten Chriſtlichen ehrendienſt geleiſtet/ vnd das geleit anhero zu ſeinem ruhbettlein gegeben haben/ ſo iſt Gott lob/ S. Veſt. der Adelichen verſamlung vnd anweſenden Freundſchaft/ wie ſonſten auch faſt menniglich/ beſſer bekandt/ nicht allein wegen der Adelichen ankunfft/ ſondern auch wegen ſeiner Gottſeligkeit vnd Gottſeligen Adelichen aufrichtigen Lebens vnd wandels/ als das er meines præconij bedürftig were: Erkenne mich auch viel zu wenig/ vntüchtig vnd gering darzu/ das vor dieſer anſehenlichen verſamlung ich S. Veſt.,was nun ferner belangt vnſern in gott verſtorbenen vnd ruhenden junckern den weyland edlen geſtrengen vnd veſten sigmund marſchalck von vnd zu ebnet auff wildenberg vnd weingartsgereuth ꝛc seligen den gott der allmechtige nach ſeinem vnerforſchlichen jedoch allein weyſen raht vnd gnedigen willen von dieſem zergänglichen jam̃erthal durch den zeitlichen todt vnzweiffenlich zu ſeinem ewigen frewden leben abgefordert hat wie wir jhme denn auch jetzo den letzten chriſtlichen ehrendienſt geleiſtet vnd das geleit anhero zu ſeinem ruhbettlein gegeben haben ſo iſt gott lob s veſt der adelichen verſamlung vnd anweſenden freundſchaft wie ſonſten auch faſt menniglich beſſer bekandt nicht allein wegen der adelichen ankunfft ſondern auch wegen ſeiner gottſeligkeit vnd gottſeligen adelichen aufrichtigen lebens vnd wandels als das er meines præconij bedürftig were erkenne mich auch viel zu wenig vntüchtig vnd gering darzu das vor dieſer anſehenlichen verſamlung ich s veſt,was nun ferner belangt unsern in gott uerstorbenen und ruhenden iunckern den weyland edlen gestrengen und uesten sigmund marschalck uon und zu ebnet auff wildenberg und weingartsgereuth c seligen den gott der allmechtige nach seinem unerforschlichen iedoch allein weysen raht und gnedigen willen uon diesem zerganglichen iammerthal durch den zeitlichen todt unzweiffenlich zu seinem ewigen frewden leben abgefordert hat wie wir ihme denn auch ietzo den letzten christlichen ehrendienst geleistet und das geleit anhero zu seinem ruhbettlein gegeben haben so ist gott lob s uest der adelichen uersamlung und anwesenden freundschaft wie sonsten auch fast menniglich besser bekandt nicht allein wegen der adelichen ankunfft sondern auch wegen seiner gottseligkeit und gottseligen adelichen aufrichtigen lebens und wandels als das er meines praeconii bedurftig were erkenne mich auch uiel zu wenig untuchtig und gering darzu das uor dieser ansehenlichen uersamlung ich s uest
508113,body,66,1,False,[21],Lobſprüch gnugſam für bringen ſolte.,lobſprüch gnugſam für bringen ſolte,lobspruch gnugsam fur bringen solte
508113,body,66,2,False,[21],Dieweil vns aber jedoch der H. Geiſt vermahnet durch den weiſen man Syrach 44. Vnd ſpricht: Laſſet vns loben die berühmten Leute/ die einen ehrlichen Namen hinter ſich gelaſſen haben/ Vnd der Geiſt Gottes ſpricht ſelber Apocal. 14. Selig ſind die Todten die im Herrn ſterben von nun an/ ja der Geiſt ſpricht/ ſie ruhen von jhrer Arbeit/ vnd jhre werck folgen jhnen nach.,dieweil vns aber jedoch der h geiſt vermahnet durch den weiſen man syrach vnd ſpricht laſſet vns loben die berühmten leute die einen ehrlichen namen hinter ſich gelaſſen haben vnd der geiſt gottes ſpricht ſelber apocal selig ſind die todten die im herrn ſterben von nun an ja der geiſt ſpricht ſie ruhen von jhrer arbeit vnd jhre werck folgen jhnen nach,dieweil uns aber iedoch der h geist uermahnet durch den weisen man syrach und spricht lasset uns loben die beruhmten leute die einen ehrlichen namen hinter sich gelassen haben und der geist gottes spricht selber apocal selig sind die todten die im herrn sterben uon nun an ia der geist spricht sie ruhen uon ihrer arbeit und ihre werck folgen ihnen nach
508113,body,66,3,False,[21],So erkenne ich mich/ für vielfeltige von S. V. mir bewieſene gut vnd wolthaten/ ſchuldig vnd pflichtig/ zu ſeligem hinterlaſſenen Ruhm/ lob/ vnd gedächtnuß etwas zugedencken.,so erkenne ich mich für vielfeltige von s v mir bewieſene gut vnd wolthaten ſchuldig vnd pflichtig zu ſeligem hinterlaſſenen ruhm lob vnd gedächtnuß etwas zugedencken,so erkenne ich mich fur uielfeltige uon s u mir bewiesene gut und wolthaten schuldig und pflichtig zu seligem hinterlassenen ruhm lob und gedachtnuss etwas zugedencken
508113,body,66,4,False,[21],"Sage vnd rede demnach mit warheit von S. Veſt. alhie öffentlich vor Gott vnd dieſer Chriſtlichen Gemein/ das vnſer verſtorbener Juncker ſeliger/ eben der rechten Auſſerwehlten Gottſeligen Hertzen eins geweſen/ welches den jetzt erklereten Spruch Chriſti recht vnd mit der that practiciret, vnd dem nach auſſer allem zweiffel/ warhaftig an jhm erfüllet worden ſey.",sage vnd rede demnach mit warheit von s veſt alhie öffentlich vor gott vnd dieſer chriſtlichen gemein das vnſer verſtorbener juncker ſeliger eben der rechten auſſerwehlten gottſeligen hertzen eins geweſen welches den jetzt erklereten spruch chriſti recht vnd mit der that practiciret vnd dem nach auſſer allem zweiffel warhaftig an jhm erfüllet worden ſey,sage und rede demnach mit warheit uon s uest alhie offentlich uor gott und dieser christlichen gemein das unser uerstorbener iuncker seliger eben der rechten ausserwehlten gottseligen hertzen eins gewesen welches den ietzt erklereten spruch christi recht und mit der that practiciret und dem nach ausser allem zweiffel warhaftig an ihm erfullet worden sey
508113,body,66,5,False,[22],Mache mir auch keinen zweifel/ Chriſtliche gemüther/ ſo dieſen Gottſeligen Junckern ein wenig gekandt biß an ſein ende/ vnd ohne falſch judiciren vnd richten wollen/ die ſolten wir hierinnen beyfall geben.,mache mir auch keinen zweifel chriſtliche gemüther ſo dieſen gottſeligen junckern ein wenig gekandt biß an ſein ende vnd ohne falſch judiciren vnd richten wollen die ſolten wir hierinnen beyfall geben,mache mir auch keinen zweifel christliche gemuther so diesen gottseligen iunckern ein wenig gekandt biss an sein ende und ohne falsch iudiciren und richten wollen die solten wir hierinnen beyfall geben
508113,body,66,6,True,[22],"Muß aber zu förderſt ewer L. ein wenig erzehlen den curſum vitæ, vnd wie es mit ſeiner Adelichen ankunfft/ ſtudien, digniteten vnd Ehrnſtändten beſchaffen geweſen ſey/ ſo viel mir in der kurtz angezeigt worden.",muß aber zu förderſt ewer l ein wenig erzehlen den curſum vitæ vnd wie es mit ſeiner adelichen ankunfft ſtudien digniteten vnd ehrnſtändten beſchaffen geweſen ſey ſo viel mir in der kurtz angezeigt worden,muss aber zu forderst ewer l ein wenig erzehlen den cursum uitae und wie es mit seiner adelichen ankunfft studien digniteten und ehrnstandten beschaffen gewesen sey so uiel mir in der kurtz angezeigt worden
508113,body,67,0,False,[22],Es iſt aber vnſer verſtorbener Juncker ſeliger geborn auß einem vhralten/ vornehmen Adelichen geſchlecht der Marſchalck von Ebnet/ vnd zwar von Chriſtlichen vnd Gottſeligen Eltern.,es iſt aber vnſer verſtorbener juncker ſeliger geborn auß einem vhralten vornehmen adelichen geſchlecht der marſchalck von ebnet vnd zwar von chriſtlichen vnd gottſeligen eltern,es ist aber unser uerstorbener iuncker seliger geborn auss einem uhralten uornehmen adelichen geschlecht der marschalck uon ebnet und zwar uon christlichen und gottseligen eltern
508113,body,67,1,False,[22],Sein Juncker Vatter ſeliger iſt geweſen/ der Weyland Edel vnd Veſt Wolf Chriſtof Marſchalck von Ebnet/ Fürſt. Würtzburg.,sein juncker vatter ſeliger iſt geweſen der weyland edel vnd veſt wolf chriſtof marſchalck von ebnet fürſt würtzburg,sein iuncker uatter seliger ist gewesen der weyland edel und uest wolf christof marschalck uon ebnet furst wurtzburg
508113,body,67,2,False,[22],Amptman zu Rawenegk vnd Pramberg/ ꝛc. Ein verſtendiger vnd erfahrner Mann/ welcher dann auch in wichtigen ſo wol Politiſchen als Kriegs ſachen/ vom Stift Würtzburg oft iſt gebraucht worden.,amptman zu rawenegk vnd pramberg ꝛc ein verſtendiger vnd erfahrner mann welcher dann auch in wichtigen ſo wol politiſchen als kriegs ſachen vom stift würtzburg oft iſt gebraucht worden,amptman zu rawenegk und pramberg c ein uerstendiger und erfahrner mann welcher dann auch in wichtigen so wol politischen als kriegs sachen uom stift wurtzburg oft ist gebraucht worden
508113,body,67,3,False,[22],Sein Fraw Mutter aber ſeligen/ iſt geweſen die Weyland Edle vnd Ehrntugentreiche Fraw Barbara ein geborne von Lichtenſtein.,sein fraw mutter aber ſeligen iſt geweſen die weyland edle vnd ehrntugentreiche fraw barbara ein geborne von lichtenſtein,sein fraw mutter aber seligen ist gewesen die weyland edle und ehrntugentreiche fraw barbara ein geborne uon lichtenstein
508113,body,67,4,False,[22],Von dieſen Chriſtlichẽ Adelichen Eltern iſt vnſer verſtorbener Juncker/ neben noch andern ſechs geſchwiſtern/ geborn worden/ deren noch drey am Leben/ als.,von dieſen chriſtlichẽ adelichen eltern iſt vnſer verſtorbener juncker neben noch andern ſechs geſchwiſtern geborn worden deren noch drey am leben als,uon diesen christlichen adelichen eltern ist unser uerstorbener iuncker neben noch andern sechs geschwistern geborn worden deren noch drey am leben als
508113,body,67,5,False,[22],Der geſtreng Edel vñ Veſt Veit Vlrich Marſchalck von Ebnet zu Frenßdorff/ der dem Vaterland: Fürſten vnd Herꝛn/ auch Adelicher Ritter vnd gantzen Freundſchaft/ ſich mit ſonderm lob Räthlich vnd dinſtlich iſt.,der geſtreng edel vñ veſt veit vlrich marſchalck von ebnet zu frenßdorff der dem vaterland fürſten vnd herꝛn auch adelicher ritter vnd gantzen freundſchaft ſich mit ſonderm lob räthlich vnd dinſtlich iſt,der gestreng edel und uest ueit ulrich marschalck uon ebnet zu frenssdorff der dem uaterland fursten und hern auch adelicher ritter und gantzen freundschaft sich mit sonderm lob rathlich und dinstlich ist
508113,body,67,6,True,[22],Dann die Edlen vnd viel tugentreichen Frawen Amalei von Kindsberg/ vnd Vrſula von Wallenfelß/ beyde geborne Marſchalckin von Ebnet/ Wittiben zu Thurnaw vnd Culmbach/ ꝛc. Welchen GOtt der Allmechtige beſtendige gute geſundheit vnd langes Leben verleyhen wölle.,dann die edlen vnd viel tugentreichen frawen amalei von kindsberg vnd vrſula von wallenfelß beyde geborne marſchalckin von ebnet wittiben zu thurnaw vnd culmbach ꝛc welchen gott der allmechtige beſtendige gute geſundheit vnd langes leben verleyhen wölle,dann die edlen und uiel tugentreichen frawen amalei uon kindsberg und ursula uon wallenfelss beyde geborne marschalckin uon ebnet wittiben zu thurnaw und culmbach c welchen gott der allmechtige bestendige gute gesundheit und langes leben uerleyhen wolle
508113,body,68,0,False,[22],Gleich wie nun vnſer Juncker ſeliger von frommen Gottſeligen Eltern erzeugt worden/ alſo iſt er auch von denſelben zur H. Tauffe gebracht/ alda von ſeinen Sünden gereiniget worden/ vnd iſt der Weyland Edel vnd Veſt Sigmund Fuchs von vnd zu Rugheim ſeliger/ ſein Taufftodt geweſen.,gleich wie nun vnſer juncker ſeliger von frommen gottſeligen eltern erzeugt worden alſo iſt er auch von denſelben zur h tauffe gebracht alda von ſeinen sünden gereiniget worden vnd iſt der weyland edel vnd veſt sigmund fuchs von vnd zu rugheim ſeliger ſein taufftodt geweſen,gleich wie nun unser iuncker seliger uon frommen gottseligen eltern erzeugt worden also ist er auch uon denselben zur h tauffe gebracht alda uon seinen sunden gereiniget worden und ist der weyland edel und uest sigmund fuchs uon und zu rugheim seliger sein taufftodt gewesen
508113,body,68,1,False,[22],Von deſſen Weyland hinterlaſſener Fraw Wittib/ die auch Edlen vnd Ehrntugenthaften Frawen Anaſtaſien Fuchſin gebornen Förtſchin zu Aſpach ſeligen/ vnſer verſtorbenrr Juncker ſeliger auß ſonderlicher affection zum Erben aller jhrer verlaſſenſchafft eingeſetzt worden iſt.,von deſſen weyland hinterlaſſener fraw wittib die auch edlen vnd ehrntugenthaften frawen anaſtaſien fuchſin gebornen förtſchin zu aſpach ſeligen vnſer verſtorbenrr juncker ſeliger auß ſonderlicher affection zum erben aller jhrer verlaſſenſchafft eingeſetzt worden iſt,uon dessen weyland hinterlassener fraw wittib die auch edlen und ehrntugenthaften frawen anastasien fuchsin gebornen fortschin zu aspach seligen unser uerstorbenrr iuncker seliger auss sonderlicher affection zum erben aller ihrer uerlassenschafft eingesetzt worden ist
508113,body,68,2,True,[23],Hernacher iſt er auch von Jugent auff in aller Gottſeligkeit vnd Adelichen tugenden/ neben den ſtudijs aufferzogen/ darin er denn/ ohne Ruhm/ biß an ſein ende täglich zugenom̃en/ vnd dieſelbe ſcheinbarlich vñ in der that von ſich ſpüren vnd ſehen laſſen.,hernacher iſt er auch von jugent auff in aller gottſeligkeit vnd adelichen tugenden neben den ſtudijs aufferzogen darin er denn ohne ruhm biß an ſein ende täglich zugenom̃en vnd dieſelbe ſcheinbarlich vñ in der that von ſich ſpüren vnd ſehen laſſen,hernacher ist er auch uon iugent auff in aller gottseligkeit und adelichen tugenden neben den studiis aufferzogen darin er denn ohne ruhm biss an sein ende taglich zugenommen und dieselbe scheinbarlich und in der that uon sich spuren und sehen lassen
508113,body,69,0,False,[23],"Denn ob wolln ehrnermelte beyde ſeine liebe Eltern Todtes verſchieden/ als er kaum 6. Jahr alt geweſen/ iſt er doch von ſeiner L. Mutter ſeligen Brudern/ Weyland Herꝛn Michel von Lichtenſtein Dombprobſt zu Bamberg nacher Würtzburg in die Schul/ vnd nach etlich wenig Jahren nach Maintz zum ſtudiren verſchickt worden/ an welchen beyden Orten er alſo fleiſſig ſtudiret vñ ſo weit profecirt, das jederman vnd fürnemlich ſeine præceptores ſich ob ſeinem Ingenio verwundert/ vnnd dahero auch von gedachtem ſeinem H. Vettern dem H. Dombprobſt/ vor andern ſeinen Freunden ſehr geliebt worden.",denn ob wolln ehrnermelte beyde ſeine liebe eltern todtes verſchieden als er kaum jahr alt geweſen iſt er doch von ſeiner l mutter ſeligen brudern weyland herꝛn michel von lichtenſtein dombprobſt zu bamberg nacher würtzburg in die schul vnd nach etlich wenig jahren nach maintz zum ſtudiren verſchickt worden an welchen beyden orten er alſo fleiſſig ſtudiret vñ ſo weit profecirt das jederman vnd fürnemlich ſeine præceptores ſich ob ſeinem ingenio verwundert vnnd dahero auch von gedachtem ſeinem h vettern dem h dombprobſt vor andern ſeinen freunden ſehr geliebt worden,denn ob wolln ehrnermelte beyde seine liebe eltern todtes uerschieden als er kaum iahr alt gewesen ist er doch uon seiner l mutter seligen brudern weyland hern michel uon lichtenstein dombprobst zu bamberg nacher wurtzburg in die schul und nach etlich wenig iahren nach maintz zum studiren uerschickt worden an welchen beyden orten er also fleissig studiret und so weit profecirt das iederman und furnemlich seine praeceptores sich ob seinem ingenio uerwundert unnd dahero auch uon gedachtem seinem h uettern dem h dombprobst uor andern seinen freunden sehr geliebt worden
508113,body,69,1,True,[23],"Als aber ermelter Herꝛ Dombprobſt Anno 1575. verſtorben/ iſt er/ vnſer Juncker ſeliger/ neben ſeinen Brüdern vnd andern befreundten von Meintz abgefodert/ vnd nacher Dillingen verſchickt/ alda er biß Anno 77. verharret/ vnd ferner von dannen nacher Jngolſtadt kommen: Auff dieſen beyden Vniverſiteten hat er nicht allein ſeine ſtudia humaniora fleiſſig continuiret, ſondern auch ſeine Lateiniſche Sprache alſo begrieffen/ das er dieſelbe nit allein expeditè vnd congruè geredt/ ſondern auch eine ſolche elegantem Epiſtolam Latinè ſchreiben können/ das viel gelehrte Leute/ vnd vnter andern der alte Herꝛ Camerarius vnd andere mehr ſich verwundert/ vnd ohne ſchew geſagt/ das jhnen dergleichen alſo ex tempore zu thun/ ſchwer fallen würde.",als aber ermelter herꝛ dombprobſt anno verſtorben iſt er vnſer juncker ſeliger neben ſeinen brüdern vnd andern befreundten von meintz abgefodert vnd nacher dillingen verſchickt alda er biß anno verharret vnd ferner von dannen nacher jngolſtadt kommen auff dieſen beyden vniverſiteten hat er nicht allein ſeine ſtudia humaniora fleiſſig continuiret ſondern auch ſeine lateiniſche sprache alſo begrieffen das er dieſelbe nit allein expeditè vnd congruè geredt ſondern auch eine ſolche elegantem epiſtolam latinè ſchreiben können das viel gelehrte leute vnd vnter andern der alte herꝛ camerarius vnd andere mehr ſich verwundert vnd ohne ſchew geſagt das jhnen dergleichen alſo ex tempore zu thun ſchwer fallen würde,als aber ermelter her dombprobst anno uerstorben ist er unser iuncker seliger neben seinen brudern und andern befreundten uon meintz abgefodert und nacher dillingen uerschickt alda er biss anno uerharret und ferner uon dannen nacher ingolstadt kommen auff diesen beyden uniuersiteten hat er nicht allein seine studia humaniora fleissig continuiret sondern auch seine lateinische sprache also begrieffen das er dieselbe nit allein expedite und congrue geredt sondern auch eine solche elegantem epistolam latine schreiben konnen das uiel gelehrte leute und unter andern der alte her camerarius und andere mehr sich uerwundert und ohne schew gesagt das ihnen dergleichen also ex tempore zu thun schwer fallen wurde
508113,body,70,0,False,[23],"Anno 1581. Jſt S. V. nacher Franckreich verreiſet/ nit allein das Land zubeſehen/ ſondern auch die Sprachen zulernen/ vnd die ſtudia ferner zu Continuiren: Wie er dann die Sprachen dermaſſen gelernet vnd begriffen/ das er auch noch an jetzo in ſeinem Alter mit einem expedite Frantzöſiſch hat converſiren können: So hat er auch ſeine ſtudia ſo pertexiret, das kein Hiſtoricus in Lateiniſcher vnd Frantzöſiſcher Sprach zu finden geweſen/ den er nit durch leſſen/ vnd was er geleſen/ jhme zu nutz machen vnd von ſolchen diſcurriren können.",anno jſt s v nacher franckreich verreiſet nit allein das land zubeſehen ſondern auch die sprachen zulernen vnd die ſtudia ferner zu continuiren wie er dann die sprachen dermaſſen gelernet vnd begriffen das er auch noch an jetzo in ſeinem alter mit einem expedite frantzöſiſch hat converſiren können so hat er auch ſeine ſtudia ſo pertexiret das kein hiſtoricus in lateiniſcher vnd frantzöſiſcher sprach zu finden geweſen den er nit durch leſſen vnd was er geleſen jhme zu nutz machen vnd von ſolchen diſcurriren können,anno ist s u nacher franckreich uerreiset nit allein das land zubesehen sondern auch die sprachen zulernen und die studia ferner zu continuiren wie er dann die sprachen dermassen gelernet und begriffen das er auch noch an ietzo in seinem alter mit einem expedite frantzosisch hat conuersiren konnen so hat er auch seine studia so pertexiret das kein historicus in lateinischer und frantzosischer sprach zu finden gewesen den er nit durch lessen und was er gelesen ihme zu nutz machen und uon solchen discurriren konnen
508113,body,70,1,False,[23],S. V. haben auch in den 3. Jahren/ ſo ſie in Franckreich geweſen nicht allein gantz Franckreich durch reiſet/ ſondern auch Engelandt/ vnd in ſolchen viel ſachen/ ſo ſonſten nicht jederman zuſehen vergünſtigt/ erfahren vnd geſehen.,s v haben auch in den jahren ſo ſie in franckreich geweſen nicht allein gantz franckreich durch reiſet ſondern auch engelandt vnd in ſolchen viel ſachen ſo ſonſten nicht jederman zuſehen vergünſtigt erfahren vnd geſehen,s u haben auch in den iahren so sie in franckreich gewesen nicht allein gantz franckreich durch reiset sondern auch engelandt und in solchen uiel sachen so sonsten nicht iederman zusehen uergunstigt erfahren und gesehen
508113,body,70,2,True,[24],Von dannen iſt S. Veſt. wider in Franckreich/ vnd ferner durch die Provintz auff dem Meer in Italiam geſchifft/ alda er ſolche Sprachen auch alſo begriffen das er nicht allein dieſelben verſtanden/ ſondern auch die notturft in derſelben vorbringen können.,von dannen iſt s veſt wider in franckreich vnd ferner durch die provintz auff dem meer in italiam geſchifft alda er ſolche sprachen auch alſo begriffen das er nicht allein dieſelben verſtanden ſondern auch die notturft in derſelben vorbringen können,uon dannen ist s uest wider in franckreich und ferner durch die prouintz auff dem meer in italiam geschifft alda er solche sprachen auch also begriffen das er nicht allein dieselben uerstanden sondern auch die notturft in derselben uorbringen konnen
508113,body,71,0,False,[24],Es iſt auch vnſer Juncker ſeliger gentzlich entſchloſſen geweſen ferners ſich zu verſuchen vnd zu Reyſen nach Conſtantinopel/ vnd nach dem H. Land/ wie er ſich denn albereit mit etlichen vom Adel dahin verglichen/ ſo hernacher ſolche Reyß vollendet/ als er aber ſchon in procinctu geweſen/ wird er von ſeinen Vormunden/ wegen abſterbung Weyland Georgen Marſchalcken ſeines Juncker Vatters Brudern ſeligen in Teutſchland erfodert.,es iſt auch vnſer juncker ſeliger gentzlich entſchloſſen geweſen ferners ſich zu verſuchen vnd zu reyſen nach conſtantinopel vnd nach dem h land wie er ſich denn albereit mit etlichen vom adel dahin verglichen ſo hernacher ſolche reyß vollendet als er aber ſchon in procinctu geweſen wird er von ſeinen vormunden wegen abſterbung weyland georgen marſchalcken ſeines juncker vatters brudern ſeligen in teutſchland erfodert,es ist auch unser iuncker seliger gentzlich entschlossen gewesen ferners sich zu uersuchen und zu reysen nach constantinopel und nach dem h land wie er sich denn albereit mit etlichen uom adel dahin uerglichen so hernacher solche reyss uollendet als er aber schon in procinctu gewesen wird er uon seinen uormunden wegen absterbung weyland georgen marschalcken seines iuncker uatters brudern seligen in teutschland erfodert
508113,body,71,1,False,[24],Da ſind S. Veſt alſo balden von dem damals regirenden Biſchoffen zu Bamberg Erneſto/ zu einem Fürſtlichen Raht beſtelt vnd ultrò erfodert/ jhme auch darneben das Ampt Wachenrodt/ ſo ſein Vatter Georg Marſchalck ſeligen zuvorn verſehen/ anvertrawet worden.,da ſind s veſt alſo balden von dem damals regirenden biſchoffen zu bamberg erneſto zu einem fürſtlichen raht beſtelt vnd ultrò erfodert jhme auch darneben das ampt wachenrodt ſo ſein vatter georg marſchalck ſeligen zuvorn verſehen anvertrawet worden,da sind s uest also balden uon dem damals regirenden bischoffen zu bamberg ernesto zu einem furstlichen raht bestelt und ultro erfodert ihme auch darneben das ampt wachenrodt so sein uatter georg marschalck seligen zuuorn uersehen anuertrawet worden
508113,body,71,2,False,[24],"Vnd hat ſich ofterwenter vnſer lieber Juncker ſeliger in ſolchen dienſt beſtallungen alſo verhalten/ das er von ſeinen Herꝛn Collegis, deren theils noch im Leben/ ein ehrliches zeugnuß/ vnd das lob geben/ das er aufrichtig/ ehrlich vnd redlich ohne reſpect ſich zu beſchützen der armen vnd bedrangten/ vnd ſonſten als verhalten/ das menniglich mit jhme gantz wol zu frieden geweſen.",vnd hat ſich ofterwenter vnſer lieber juncker ſeliger in ſolchen dienſt beſtallungen alſo verhalten das er von ſeinen herꝛn collegis deren theils noch im leben ein ehrliches zeugnuß vnd das lob geben das er aufrichtig ehrlich vnd redlich ohne reſpect ſich zu beſchützen der armen vnd bedrangten vnd ſonſten als verhalten das menniglich mit jhme gantz wol zu frieden geweſen,und hat sich ofterwenter unser lieber iuncker seliger in solchen dienst bestallungen also uerhalten das er uon seinen hern collegis deren theils noch im leben ein ehrliches zeugnuss und das lob geben das er aufrichtig ehrlich und redlich ohne respect sich zu beschutzen der armen und bedrangten und sonsten als uerhalten das menniglich mit ihme gantz wol zu frieden gewesen
508113,body,71,3,True,[24],Alſo das ermelter Herꝛ Biſchoff/ da S. F. Gn nur noch wenig Tag im Leben blieben/ jhne zu einem Landrichter deß Stifts Bamberg verordnen wöllen/ Jnmaſſen S. F. Gn. dann ſich albereit mit einem Capitul derentwegen gentzlich verglichen gehabt.,alſo das ermelter herꝛ biſchoff da s f gn nur noch wenig tag im leben blieben jhne zu einem landrichter deß stifts bamberg verordnen wöllen jnmaſſen s f gn dann ſich albereit mit einem capitul derentwegen gentzlich verglichen gehabt,also das ermelter her bischoff da s f gn nur noch wenig tag im leben blieben ihne zu einem landrichter dess stifts bamberg uerordnen wollen inmassen s f gn dann sich albereit mit einem capitul derentwegen gentzlich uerglichen gehabt
508113,body,72,0,False,[24],"Als aber hochermelter Herꝛ Biſchoff Ernſt/ löblicher gedächtnuß/ Todtes verſchieden/ vnd der folgende Biſchoff Neidhart viel ein anders Regiment/ als in dieſen Landen/ herkommen/ anſtellete/ Ehrliche Leute/ die da rund herauß ſagen dürffen was jhnen vmbs Hertz/ in einem ſchlechten reſpect bey jhme wahren/ vnd er vnſer Gottſeliger Juncker vermerckte/ wormit er der reformation halben ſchwanger gieng/ damit er ſich ja frembder Sünden nicht theilhaftig machen möchte/ hater ſeinen Rahtsdienſt ultrò wider aufgekündigt/ vnangeſehen jhme ſolches viel ſeiner Collegen, auch fürneme Herꝛn deß Capituls widerrathen.",als aber hochermelter herꝛ biſchoff ernſt löblicher gedächtnuß todtes verſchieden vnd der folgende biſchoff neidhart viel ein anders regiment als in dieſen landen herkommen anſtellete ehrliche leute die da rund herauß ſagen dürffen was jhnen vmbs hertz in einem ſchlechten reſpect bey jhme wahren vnd er vnſer gottſeliger juncker vermerckte wormit er der reformation halben ſchwanger gieng damit er ſich ja frembder sünden nicht theilhaftig machen möchte hater ſeinen rahtsdienſt ultrò wider aufgekündigt vnangeſehen jhme ſolches viel ſeiner collegen auch fürneme herꝛn deß capituls widerrathen,als aber hochermelter her bischoff ernst loblicher gedachtnuss todtes uerschieden und der folgende bischoff neidhart uiel ein anders regiment als in diesen landen herkommen anstellete ehrliche leute die da rund herauss sagen durffen was ihnen umbs hertz in einem schlechten respect bey ihme wahren und er unser gottseliger iuncker uermerckte wormit er der reformation halben schwanger gieng damit er sich ia frembder sunden nicht theilhaftig machen mochte hater seinen rahtsdienst ultro wider aufgekundigt unangesehen ihme solches uiel seiner collegen auch furneme hern dess capituls widerrathen
508113,body,72,1,True,[25],Darauf hat er ſich auff ſein gut Weingartsgereuth begeben/ alda/ ob er wol zu anderer Herꝛn dienſten zu kommen gute gelegenheit gehabt/ Privatim gelebt/ vnd ſeiner Haußhaltung abgewartet/ auch darneben ſein Ampt Wachenrodt/ (ſo er nicht aufkünden/ noch jhm aufgekündigt werden können/ weiln jhme ſolches als ein Pfandſchilling auff gewieſe Jahr verſchrieben geweſen) alſo verſehen/ das jhme ſeine Ampts vnterthanen/ nach abtretung deſſen/ vor den Fürſtlichen Commiſſarijs ein ſolch zeugnuß geben/ darüber ſich dieſelben höchlichen verwundert/ auch ſolches jhrem Herꝛn zu rühmen/ öffentlich ſich verlauten laſſen.,darauf hat er ſich auff ſein gut weingartsgereuth begeben alda ob er wol zu anderer herꝛn dienſten zu kommen gute gelegenheit gehabt privatim gelebt vnd ſeiner haußhaltung abgewartet auch darneben ſein ampt wachenrodt ſo er nicht aufkünden noch jhm aufgekündigt werden können weiln jhme ſolches als ein pfandſchilling auff gewieſe jahr verſchrieben geweſen alſo verſehen das jhme ſeine ampts vnterthanen nach abtretung deſſen vor den fürſtlichen commiſſarijs ein ſolch zeugnuß geben darüber ſich dieſelben höchlichen verwundert auch ſolches jhrem herꝛn zu rühmen öffentlich ſich verlauten laſſen,darauf hat er sich auff sein gut weingartsgereuth begeben alda ob er wol zu anderer hern diensten zu kommen gute gelegenheit gehabt priuatim gelebt und seiner hausshaltung abgewartet auch darneben sein ampt wachenrodt so er nicht aufkunden noch ihm aufgekundigt werden konnen weiln ihme solches als ein pfandschilling auff gewiese iahr uerschrieben gewesen also uersehen das ihme seine ampts unterthanen nach abtretung dessen uor den furstlichen commissariis ein solch zeugnuss geben daruber sich dieselben hochlichen uerwundert auch solches ihrem hern zu ruhmen offentlich sich uerlauten lassen
508113,body,73,0,False,[25],Seinen Eheſtand betreffendt/ hat ſich vnſer Gottſeliger Juncker Anno 1590. Durch ſchickung GOttes deß Allmechtigen vereheliget mit der Weyland Edlen vnd Ehrn vieltugentreichen Jungfraw Annaſtaſien geborne von Helmſtadt/ Weyland Geſtrengen Edlen vnd Veſten Hanſen Philipſen von Helmſtadt zu/ ꝛc. Deß geweſenen Marſchalcks vnd fürnemen Geheimen Rahts zu Heydelberg/ Eheleiblichen Tochter ſeligen/ mit derſelben eben am Tag Catharina zu Aſpach ſein Adelichen beylager gehalten/ vnd biß ins fünffte Jahr eine Chriſtliche vnd gantz friedliche Ehe beſeſſen/ vnd zwey Kinder als einen Sohn vnd Tochter erzeugt/ ſo beyde noch am Leben ſind/ vnd denen von Gott ich von Hertzen gute geſundheit vnd langes Leben wünſchen thue.,seinen eheſtand betreffendt hat ſich vnſer gottſeliger juncker anno durch ſchickung gottes deß allmechtigen vereheliget mit der weyland edlen vnd ehrn vieltugentreichen jungfraw annaſtaſien geborne von helmſtadt weyland geſtrengen edlen vnd veſten hanſen philipſen von helmſtadt zu ꝛc deß geweſenen marſchalcks vnd fürnemen geheimen rahts zu heydelberg eheleiblichen tochter ſeligen mit derſelben eben am tag catharina zu aſpach ſein adelichen beylager gehalten vnd biß ins fünffte jahr eine chriſtliche vnd gantz friedliche ehe beſeſſen vnd zwey kinder als einen sohn vnd tochter erzeugt ſo beyde noch am leben ſind vnd denen von gott ich von hertzen gute geſundheit vnd langes leben wünſchen thue,seinen ehestand betreffendt hat sich unser gottseliger iuncker anno durch schickung gottes dess allmechtigen uereheliget mit der weyland edlen und ehrn uieltugentreichen iungfraw annastasien geborne uon helmstadt weyland gestrengen edlen und uesten hansen philipsen uon helmstadt zu c dess gewesenen marschalcks und furnemen geheimen rahts zu heydelberg eheleiblichen tochter seligen mit derselben eben am tag catharina zu aspach sein adelichen beylager gehalten und biss ins funffte iahr eine christliche und gantz friedliche ehe besessen und zwey kinder als einen sohn und tochter erzeugt so beyde noch am leben sind und denen uon gott ich uon hertzen gute gesundheit und langes leben wunschen thue
508113,body,73,1,False,[25],Vnd kan mir/ Ehrngeliebte ſeine liebe Haußfraw ſelig wegen jhrer ſonderlichen Gottſeligkeit vnd andern viel Adelichen tugenten von den Adelichen befreunden nicht gnugſam gerühmet werden/ vnd wie ſie ſich nie mit einem wörtlein oder geberden zu zorn habe können bewegen laſſen.,vnd kan mir ehrngeliebte ſeine liebe haußfraw ſelig wegen jhrer ſonderlichen gottſeligkeit vnd andern viel adelichen tugenten von den adelichen befreunden nicht gnugſam gerühmet werden vnd wie ſie ſich nie mit einem wörtlein oder geberden zu zorn habe können bewegen laſſen,und kan mir ehrngeliebte seine liebe haussfraw selig wegen ihrer sonderlichen gottseligkeit und andern uiel adelichen tugenten uon den adelichen befreunden nicht gnugsam geruhmet werden und wie sie sich nie mit einem wortlein oder geberden zu zorn habe konnen bewegen lassen
508113,body,73,2,True,[25],Welches dann billich jhr zum lob alhie gedacht wird,welches dann billich jhr zum lob alhie gedacht wird,welches dann billich ihr zum lob alhie gedacht wird
508113,body,74,0,False,[25],Nach abſterben ſeiner jetzt Ehrnermelter lieben Haußfrawen ſeligen/ hat er ſich nach Amberg zu dem jetzigen regirenden Churfürſten/ Dem Durchleuchtigſten/ Hochgebornen Fürſten vnd Herꝛn/ Herꝛn Friderich Pfaltzgrafen bey Rhein/ ꝛc. Begeben/ vnd von jhr. Churf.,nach abſterben ſeiner jetzt ehrnermelter lieben haußfrawen ſeligen hat er ſich nach amberg zu dem jetzigen regirenden churfürſten dem durchleuchtigſten hochgebornen fürſten vnd herꝛn herꝛn friderich pfaltzgrafen bey rhein ꝛc begeben vnd von jhr churf,nach absterben seiner ietzt ehrnermelter lieben haussfrawen seligen hat er sich nach amberg zu dem ietzigen regirenden churfursten dem durchleuchtigsten hochgebornen fursten und hern hern friderich pfaltzgrafen bey rhein c begeben und uon ihr churf
508113,body,74,1,False,[25],Gn. ſehr lieb vnd wehrt gehalten worden: Jnmaſſen S. Churf.,gn ſehr lieb vnd wehrt gehalten worden jnmaſſen s churf,gn sehr lieb und wehrt gehalten worden inmassen s churf
508113,body,74,2,False,[25],Gn. Dann jhne in wichtigen ſachen/ die Land vnd Leut betroffen/ zum Commiſſario gebraucht/ vnd von denſelben/ ſo lang er ſich bey jhrer Churf.,gn dann jhne in wichtigen ſachen die land vnd leut betroffen zum commiſſario gebraucht vnd von denſelben ſo lang er ſich bey jhrer churf,gn dann ihne in wichtigen sachen die land und leut betroffen zum commissario gebraucht und uon denselben so lang er sich bey ihrer churf
508113,body,74,3,True,[25],Gn. zu Amberg vnd Heydelberg auffgehalten/ hoch reſpectirt vnd vor viel andern herfür gezogen worden.,gn zu amberg vnd heydelberg auffgehalten hoch reſpectirt vnd vor viel andern herfür gezogen worden,gn zu amberg und heydelberg auffgehalten hoch respectirt und uor uiel andern herfur gezogen worden
508113,body,75,0,False,[26],Als er aber befunden/ das ſeiner guter gelegenheit nicht ſein wolle/ in dielenge von Hauß zu bleiben/ vnd aber Hauß zu halten ohne eine ehrliebende Haußfraw ſehr ſchwer/ als hat er ſich Anno 97. mit der Edlen vnd Ehrn viel tugentreichen Jungfraw Catharina geborne Schenckin/ deß Weyland Edlen vnd Veſten Adam Vlrich Schencken von Symaw zu Birbaum/ Fürſtlicher Bamb ꝛc. Raht vnd Hauptman zu Stadt Chronach ſeligen Tochter verheyraht/ mit derſelben eben am H. Newen Jar deß 1598. Jars zu Weingartsgereuth beylager gehalten/ vnd mit derſelben gleichfals biß ins zehende Jar eine Chriſtliche friedſame Ehe beſeſſen/ ob wol bißweilen das liebe Haußcreutz nie auſſen geblieben iſt.,als er aber befunden das ſeiner guter gelegenheit nicht ſein wolle in dielenge von hauß zu bleiben vnd aber hauß zu halten ohne eine ehrliebende haußfraw ſehr ſchwer als hat er ſich anno mit der edlen vnd ehrn viel tugentreichen jungfraw catharina geborne schenckin deß weyland edlen vnd veſten adam vlrich schencken von symaw zu birbaum fürſtlicher bamb ꝛc raht vnd hauptman zu stadt chronach ſeligen tochter verheyraht mit derſelben eben am h newen jar deß jars zu weingartsgereuth beylager gehalten vnd mit derſelben gleichfals biß ins zehende jar eine chriſtliche friedſame ehe beſeſſen ob wol bißweilen das liebe haußcreutz nie auſſen geblieben iſt,als er aber befunden das seiner guter gelegenheit nicht sein wolle in dielenge uon hauss zu bleiben und aber hauss zu halten ohne eine ehrliebende haussfraw sehr schwer als hat er sich anno mit der edlen und ehrn uiel tugentreichen iungfraw catharina geborne schenckin dess weyland edlen und uesten adam ulrich schencken uon symaw zu birbaum furstlicher bamb c raht und hauptman zu stadt chronach seligen tochter uerheyraht mit derselben eben am h newen iar dess iars zu weingartsgereuth beylager gehalten und mit derselben gleichfals biss ins zehende iar eine christliche friedsame ehe besessen ob wol bissweilen das liebe hausscreutz nie aussen geblieben ist
508113,body,75,1,False,[26],Vnd muß alhie abermals mit höchſter warheit meines wiſſens/ vnd der Adelichen Freundſchaft ſelbſt gegebenen zeugnuß/ jhr Ad. T. zum guten Exempel gedencken/ wie fromb/ Gottſelig vnd mit Ehrngebührender trewpfleg vnd wart dieſelbe ſich gegen jhrem Hertzlieben Junckern/ auch biß in Todt verhalten/ vnd ob Gott will auch ſolches derſelben vergolten/ vnd vnbelohnet nit bleiben wird/ ꝛc. Jn wehrender Ehe hat er mit ſeiner hertzlieben Ehegemahlin erzeugt 5. Kinder/ als zwen Söhne vnd drey Töchter/ welche auch noch am Leben ſind/ vnd nun nach ſeinem ſeligen abſchied/ mit jrer hertzlieben betrübtem Fraw Mutter als kleine vnerzogene Waißlein hinterlaſſen worden.,vnd muß alhie abermals mit höchſter warheit meines wiſſens vnd der adelichen freundſchaft ſelbſt gegebenen zeugnuß jhr ad t zum guten exempel gedencken wie fromb gottſelig vnd mit ehrngebührender trewpfleg vnd wart dieſelbe ſich gegen jhrem hertzlieben junckern auch biß in todt verhalten vnd ob gott will auch ſolches derſelben vergolten vnd vnbelohnet nit bleiben wird ꝛc jn wehrender ehe hat er mit ſeiner hertzlieben ehegemahlin erzeugt kinder als zwen söhne vnd drey töchter welche auch noch am leben ſind vnd nun nach ſeinem ſeligen abſchied mit jrer hertzlieben betrübtem fraw mutter als kleine vnerzogene waißlein hinterlaſſen worden,und muss alhie abermals mit hochster warheit meines wissens und der adelichen freundschaft selbst gegebenen zeugnuss ihr ad t zum guten exempel gedencken wie fromb gottselig und mit ehrngebuhrender trewpfleg und wart dieselbe sich gegen ihrem hertzlieben iunckern auch biss in todt uerhalten und ob gott will auch solches derselben uergolten und unbelohnet nit bleiben wird c in wehrender ehe hat er mit seiner hertzlieben ehegemahlin erzeugt kinder als zwen sohne und drey tochter welche auch noch am leben sind und nun nach seinem seligen abschied mit irer hertzlieben betrubtem fraw mutter als kleine unerzogene waisslein hinterlassen worden
508113,body,75,2,True,[26],Der fromme Gott/ als der rechte Vatter/ ſchützer vnd ſchirmer der Witwen/ vnd Waiſen/ wölle ſich jhrer gnedig annemen/ vnd gute Freund beſcheren/ die ſie mit trewen mainen/ als wie jr lieber Vatter ſeliger andern gedienet vnd mit trewen gemeint/ damit ſie zu aller Gottſeligkeit vnd Adelichen tugenten mögen erzogen werden/ vnd in die löbliche Fußſtapffen jres lieben Vattern ſeligen tretten/ vnd darin nachfolgen mögen.,der fromme gott als der rechte vatter ſchützer vnd ſchirmer der witwen vnd waiſen wölle ſich jhrer gnedig annemen vnd gute freund beſcheren die ſie mit trewen mainen als wie jr lieber vatter ſeliger andern gedienet vnd mit trewen gemeint damit ſie zu aller gottſeligkeit vnd adelichen tugenten mögen erzogen werden vnd in die löbliche fußſtapffen jres lieben vattern ſeligen tretten vnd darin nachfolgen mögen,der fromme gott als der rechte uatter schutzer und schirmer der witwen und waisen wolle sich ihrer gnedig annemen und gute freund bescheren die sie mit trewen mainen als wie ir lieber uatter seliger andern gedienet und mit trewen gemeint damit sie zu aller gottseligkeit und adelichen tugenten mogen erzogen werden und in die lobliche fussstapffen ires lieben uattern seligen tretten und darin nachfolgen mogen
508113,body,76,0,True,[26],Jn wehrender dieſer Ehe ſind dem verſtorbenen Junckern ſeligen viel ſtadtliche fürneme dienſte vnd Commiſſiones von Chur: Vnd Fürſten angebotten vnd aufgetragen worden/ er hat aber darfür gehalten/ das bey dieſer böſen Welt vnd gefährlichen leuften diß am aller beſten ſey.,jn wehrender dieſer ehe ſind dem verſtorbenen junckern ſeligen viel ſtadtliche fürneme dienſte vnd commiſſiones von chur vnd fürſten angebotten vnd aufgetragen worden er hat aber darfür gehalten das bey dieſer böſen welt vnd gefährlichen leuften diß am aller beſten ſey,in wehrender dieser ehe sind dem uerstorbenen iunckern seligen uiel stadtliche furneme dienste und commissiones uon chur und fursten angebotten und aufgetragen worden er hat aber darfur gehalten das bey dieser bosen welt und gefahrlichen leuften diss am aller besten sey
508113,body,77,0,True,[26],Non ſit alterius qui ſuus eſſe poteſt.,non ſit alterius qui ſuus eſſe poteſt,non sit alterius qui suus esse potest
508113,body,78,0,True,[26],Derentwegen ſolche recuſiret vnd zu Hauſe ſeines Haußhaltens,derentwegen ſolche recuſiret vnd zu hauſe ſeines haußhaltens,derentwegen solche recusiret und zu hause seines hausshaltens
508113,body,79,0,True,[26],vnd ſtudirens abgewartet.,vnd ſtudirens abgewartet,und studirens abgewartet
508113,body,80,0,False,[27],Darneben aber ſeinen freunden/ der Adelichen Ritterſchafft/ auch bißweilen auf erfoderung Fürſten vnd Herꝛn frey/ gutwillig dienſt geleiſt/ vnd denſelben zu vnterthenigen gefallen Reyſen gethan/ ſo viel er ſeines beſchwerlichen Lebens halben hat thuen können.,darneben aber ſeinen freunden der adelichen ritterſchafft auch bißweilen auf erfoderung fürſten vnd herꝛn frey gutwillig dienſt geleiſt vnd denſelben zu vnterthenigen gefallen reyſen gethan ſo viel er ſeines beſchwerlichen lebens halben hat thuen können,darneben aber seinen freunden der adelichen ritterschafft auch bissweilen auf erfoderung fursten und hern frey gutwillig dienst geleist und denselben zu unterthenigen gefallen reysen gethan so uiel er seines beschwerlichen lebens halben hat thuen konnen
508113,body,80,1,False,[27],Vnd wird jhme von Fürſten vnd Herꝛn/ vnd denen vom Adel Arm vnd Reich das zeugnuß gegeben das er ein ehrlicher/ aufrichtiger/ redlicher/ ja auch ein verſtendiger gelehrter vnd fürtreflicher vom Adel geweſen/ vnd da es nit were wider Gott geweſen/ ſeinem Vatterland/ freunden/ vnd ehrlichen Leuten in dieſem Leben/ noch ſehr wol hette können nützlich vnd dienſtlich ſein.,vnd wird jhme von fürſten vnd herꝛn vnd denen vom adel arm vnd reich das zeugnuß gegeben das er ein ehrlicher aufrichtiger redlicher ja auch ein verſtendiger gelehrter vnd fürtreflicher vom adel geweſen vnd da es nit were wider gott geweſen ſeinem vatterland freunden vnd ehrlichen leuten in dieſem leben noch ſehr wol hette können nützlich vnd dienſtlich ſein,und wird ihme uon fursten und hern und denen uom adel arm und reich das zeugnuss gegeben das er ein ehrlicher aufrichtiger redlicher ia auch ein uerstendiger gelehrter und furtreflicher uom adel gewesen und da es nit were wider gott gewesen seinem uatterland freunden und ehrlichen leuten in diesem leben noch sehr wol hette konnen nutzlich und dienstlich sein
508113,body,80,2,False,[27],Jnmaſſen denn der Hochwürdige Fürſt vnd Herꝛ/ Herꝛ Philip jetztger regirender Biſchof zu Bamberg jne nit allein bey ſeinen Lebzeiten lieb vnd wehrt gehabt/ vnd mit allen gnaden gewogen geweſen/ ſondern auch nach ſeinem ſeligen abſterben/ ein gnediges Chriſtliches mit leiden getragen/ vnd erkläret ſeiner hinterlaſſenen Wittib Kinder vnd Freundſchaft nach vermögen alle gnad zu erweiſen.,jnmaſſen denn der hochwürdige fürſt vnd herꝛ herꝛ philip jetztger regirender biſchof zu bamberg jne nit allein bey ſeinen lebzeiten lieb vnd wehrt gehabt vnd mit allen gnaden gewogen geweſen ſondern auch nach ſeinem ſeligen abſterben ein gnediges chriſtliches mit leiden getragen vnd erkläret ſeiner hinterlaſſenen wittib kinder vnd freundſchaft nach vermögen alle gnad zu erweiſen,inmassen denn der hochwurdige furst und her her philip ietztger regirender bischof zu bamberg ine nit allein bey seinen lebzeiten lieb und wehrt gehabt und mit allen gnaden gewogen gewesen sondern auch nach seinem seligen absterben ein gnediges christliches mit leiden getragen und erklaret seiner hinterlassenen wittib kinder und freundschaft nach uermogen alle gnad zu erweisen
508113,body,80,3,True,[27],Seht/ das habe ich dem verſtorbenen Junckern ſeliger billich zu gedächtnuß von ſeinem Adlichen Ehrnſtand/ Leben vnd Wandel ein wenig erinnern ſollen.,seht das habe ich dem verſtorbenen junckern ſeliger billich zu gedächtnuß von ſeinem adlichen ehrnſtand leben vnd wandel ein wenig erinnern ſollen,seht das habe ich dem uerstorbenen iunckern seliger billich zu gedachtnuss uon seinem adlichen ehrnstand leben und wandel ein wenig erinnern sollen
508113,body,81,0,False,[27],Nun wöllen wir ſchließlichen ad applicationem ſchreiten vnd auß jetzt gethanen bericht erweiſen das demnach vnſer Juncker ſeliger den Spruch Chriſti mit der that erfüllet vnd practiciret vnd demnach an jhm auch gewißlich war worden ſey: Warlich warlich ich ſage euch/ ſo jemand mein Wort wird halten/ der wird den Todt nicht ſehen ewiglich.,nun wöllen wir ſchließlichen ad applicationem ſchreiten vnd auß jetzt gethanen bericht erweiſen das demnach vnſer juncker ſeliger den spruch chriſti mit der that erfüllet vnd practiciret vnd demnach an jhm auch gewißlich war worden ſey warlich warlich ich ſage euch ſo jemand mein wort wird halten der wird den todt nicht ſehen ewiglich,nun wollen wir schliesslichen ad applicationem schreiten und auss ietzt gethanen bericht erweisen das demnach unser iuncker seliger den spruch christi mit der that erfullet und practiciret und demnach an ihm auch gewisslich war worden sey warlich warlich ich sage euch so iemand mein wort wird halten der wird den todt nicht sehen ewiglich
508113,body,81,1,True,[27],Solches iſt war ſchlieſſe vnd ſage es:,solches iſt war ſchlieſſe vnd ſage es,solches ist war schliesse und sage es
508113,body,82,0,False,[27],Erſtlich: Wegen ſeiner Gottſeligkeit/ darin er erzogen/ vnd daran er ſich in ſeinem gantzen Leben mit allem ernſt beflieſſen/ auch wegen ſeines Chriſtlichen Erbarn Adelichen Lebens vnd Wandels damit er ſeine Gottſeligkeit in vielen ſtücken erwieſen hat.,erſtlich wegen ſeiner gottſeligkeit darin er erzogen vnd daran er ſich in ſeinem gantzen leben mit allem ernſt beflieſſen auch wegen ſeines chriſtlichen erbarn adelichen lebens vnd wandels damit er ſeine gottſeligkeit in vielen ſtücken erwieſen hat,erstlich wegen seiner gottseligkeit darin er erzogen und daran er sich in seinem gantzen leben mit allem ernst befliessen auch wegen seines christlichen erbarn adelichen lebens und wandels damit er seine gottseligkeit in uielen stucken erwiesen hat
508113,body,82,1,False,[27],Denn vnter andern ſtudijs hat er jhm von Jugent auf die liebe Bibel laſſen befohlen ſein/ dieſelbe ſtetigs auch noch biß an ſein ende fleiſſig ſtudirt vnd mit frucht geleſen/ das er ſeinen Glauben darauß gründen vnd bey der erkandten Hellen warheit Göttliches Worts Faßhalten können/ vnd in ſeinem Glauben vnd gewiſſen diß fals rein geblieben iſt.,denn vnter andern ſtudijs hat er jhm von jugent auf die liebe bibel laſſen befohlen ſein dieſelbe ſtetigs auch noch biß an ſein ende fleiſſig ſtudirt vnd mit frucht geleſen das er ſeinen glauben darauß gründen vnd bey der erkandten hellen warheit göttliches worts faßhalten können vnd in ſeinem glauben vnd gewiſſen diß fals rein geblieben iſt,denn unter andern studiis hat er ihm uon iugent auf die liebe bibel lassen befohlen sein dieselbe stetigs auch noch biss an sein ende fleissig studirt und mit frucht gelesen das er seinen glauben darauss grunden und bey der erkandten hellen warheit gottliches worts fasshalten konnen und in seinem glauben und gewissen diss fals rein geblieben ist
508113,body,82,2,True,[27],Dann er auch neben der Bibel/ allerley gute vnd nützliche Bücher/ ſo darüber geſchrieben worden/ ſo fleiſſig geleſen/ das er die fundamenta Theologiæ recht erkündigt/ vnd wol gewuſt was ſchwartz/ was weiß/ was recht/ vnrecht/ was Gottes Wort gemeß vnd demſelben zu wider geweſen iſt.,dann er auch neben der bibel allerley gute vnd nützliche bücher ſo darüber geſchrieben worden ſo fleiſſig geleſen das er die fundamenta theologiæ recht erkündigt vnd wol gewuſt was ſchwartz was weiß was recht vnrecht was gottes wort gemeß vnd demſelben zu wider geweſen iſt,dann er auch neben der bibel allerley gute und nutzliche bucher so daruber geschrieben worden so fleissig gelesen das er die fundamenta theologiae recht erkundigt und wol gewust was schwartz was weiss was recht unrecht was gottes wort gemess und demselben zu wider gewesen ist
508113,body,83,0,False,[28],"Vnd ob wol mancher (ſo deß Gottſeligen Junckern Hertz vnd gemüth nicht recht erkant vnd verſtanden) jhme möchte ſchuld gegeben oder darfür gehalten/ als ob er in einem oder andern Articul vnſer Chriſtlichen reinen Evangeliſchen Augſpurgiſchen Confeſſion, vnd der Chriſtlichen Apologia Ketzeriſcher vñ Jrꝛiger meinung anhengig/ ſo muß ich jhme doch mit höchſter warheit/ vnd zeugnuß meines gewiſſens/ nach ſagen/ das ich es nie an jhme ſpüren können.",vnd ob wol mancher ſo deß gottſeligen junckern hertz vnd gemüth nicht recht erkant vnd verſtanden jhme möchte ſchuld gegeben oder darfür gehalten als ob er in einem oder andern articul vnſer chriſtlichen reinen evangeliſchen augſpurgiſchen confeſſion vnd der chriſtlichen apologia ketzeriſcher vñ jrꝛiger meinung anhengig ſo muß ich jhme doch mit höchſter warheit vnd zeugnuß meines gewiſſens nach ſagen das ich es nie an jhme ſpüren können,und ob wol mancher so dess gottseligen iunckern hertz und gemuth nicht recht erkant und uerstanden ihme mochte schuld gegeben oder darfur gehalten als ob er in einem oder andern articul unser christlichen reinen euangelischen augspurgischen confession und der christlichen apologia ketzerischer und iriger meinung anhengig so muss ich ihme doch mit hochster warheit und zeugnuss meines gewissens nach sagen das ich es nie an ihme spuren konnen
508113,body,83,1,False,[28],"Zwar das geſtehe ich/ das gleich wie er ſonſten gern von allerley ſachen pflegen zu diſcurriren, alſo hat er auch hertzlich gern vnd mit allem luſt/ ſonderlich mit verſtendigen leuten vnd Theologis, von religions ſachen vnd ſtrittigen articuln diſputiret, placidiſſimè conferiret, was pro & contra geſchrieben worden/ gern geleſen/ ſein Iudicium drüber gegeben/ vnd manchem das oppoſitum rechtſchaffen halten können/ vnd wol zur Schule geführet/ der gleich ſich gelehrt bedunckt hat.",zwar das geſtehe ich das gleich wie er ſonſten gern von allerley ſachen pflegen zu diſcurriren alſo hat er auch hertzlich gern vnd mit allem luſt ſonderlich mit verſtendigen leuten vnd theologis von religions ſachen vnd ſtrittigen articuln diſputiret placidiſſimè conferiret was pro & contra geſchrieben worden gern geleſen ſein iudicium drüber gegeben vnd manchem das oppoſitum rechtſchaffen halten können vnd wol zur schule geführet der gleich ſich gelehrt bedunckt hat,zwar das gestehe ich das gleich wie er sonsten gern uon allerley sachen pflegen zu discurriren also hat er auch hertzlich gern und mit allem lust sonderlich mit uerstendigen leuten und theologis uon religions sachen und strittigen articuln disputiret placidissime conferiret was pro et contra geschrieben worden gern gelesen sein iudicium druber gegeben und manchem das oppositum rechtschaffen halten konnen und wol zur schule gefuhret der gleich sich gelehrt bedunckt hat
508113,body,83,2,False,[28],Aber gewißlich alles nicht darumb/ das er irꝛige vnd falſche meinung verthädigen wolte/ ſondern das er in der rechten warheit deſto mehr Confortiret werden/ vnd derſelben deſto lieber beyfall geben möchte.,aber gewißlich alles nicht darumb das er irꝛige vnd falſche meinung verthädigen wolte ſondern das er in der rechten warheit deſto mehr confortiret werden vnd derſelben deſto lieber beyfall geben möchte,aber gewisslich alles nicht darumb das er irige und falsche meinung uerthadigen wolte sondern das er in der rechten warheit desto mehr confortiret werden und derselben desto lieber beyfall geben mochte
508113,body,83,3,False,[28],Jn Summa ich kan S. Veſt mit warheit das zeugnuß geben/ das dieſelbe eine ſolche Gottſelige Seele geweſen/ wie ſie David Pſalm. 1. beſchreibet: Wol dem der nicht wandelt im Raht der Gottloſen/ noch trit auff den Weg der Sünder/ noch ſitzt da die Spötter ſitzen: Sondern hat luſt zum Geſetz deß Herrn/ vnd redet von ſeinem Geſetz Tag vnd Nacht.,jn summa ich kan s veſt mit warheit das zeugnuß geben das dieſelbe eine ſolche gottſelige seele geweſen wie ſie david pſalm beſchreibet wol dem der nicht wandelt im raht der gottloſen noch trit auff den weg der sünder noch ſitzt da die spötter ſitzen sondern hat luſt zum geſetz deß herrn vnd redet von ſeinem geſetz tag vnd nacht,in summa ich kan s uest mit warheit das zeugnuss geben das dieselbe eine solche gottselige seele gewesen wie sie dauid psalm beschreibet wol dem der nicht wandelt im raht der gottlosen noch trit auff den weg der sunder noch sitzt da die spotter sitzen sondern hat lust zum gesetz dess herrn und redet uon seinem gesetz tag und nacht
508113,body,83,4,False,[28],Freilich hat der fromme Juncker in der Bibel vnd Geſetz deß Herrn/ auch andern nützlichen Büchern geleſen vnd meditiret Tag vnd Nacht/ ſo oft dieſelben nicht haben ruhen vnd ſchlaffen können/ Haben müſſen Bücher vnd Licht vorhanden ſein.,freilich hat der fromme juncker in der bibel vnd geſetz deß herrn auch andern nützlichen büchern geleſen vnd meditiret tag vnd nacht ſo oft dieſelben nicht haben ruhen vnd ſchlaffen können haben müſſen bücher vnd licht vorhanden ſein,freilich hat der fromme iuncker in der bibel und gesetz dess herrn auch andern nutzlichen buchern gelesen und meditiret tag und nacht so oft dieselben nicht haben ruhen und schlaffen konnen haben mussen bucher und licht uorhanden sein
508113,body,83,5,True,[28],Vnd ſolte ein opuſculum vnd Newes Buch vom Geſetz deß Herꝛn geſchrieben worden ſein/ vnd er ſolte es nicht kaufft vnd geleſen haben/ er hette/ ſage ich abermal/ es für eine verachtung GOttes vnd ſeines Worts/ vnd für eine groſſe Sünd gehalten.,vnd ſolte ein opuſculum vnd newes buch vom geſetz deß herꝛn geſchrieben worden ſein vnd er ſolte es nicht kaufft vnd geleſen haben er hette ſage ich abermal es für eine verachtung gottes vnd ſeines worts vnd für eine groſſe sünd gehalten,und solte ein opusculum und newes buch uom gesetz dess hern geschrieben worden sein und er solte es nicht kaufft und gelesen haben er hette sage ich abermal es fur eine uerachtung gottes und seines worts und fur eine grosse sund gehalten
508113,body,84,0,False,[28],Gleich wie nun S. Veſt.,gleich wie nun s veſt,gleich wie nun s uest
508113,body,84,1,False,[28],Jren gröſten luſt an meditation vnd leſen Göttlichen Worts gehabt: Alſo auch haben dieſelben jhre Gottſeligkeit vnd Glauben damit gnugſam erwieſen/ das ſie Gottes Wort fleiſſig/ gern vnd mit andacht beſucht vnd gehört: Auch die hochwürdigen Sacramenta oft/ vnd zum wenigſten im Jahr 2. oder 3. mal/ mit höchſter andacht gebraucht.,jren gröſten luſt an meditation vnd leſen göttlichen worts gehabt alſo auch haben dieſelben jhre gottſeligkeit vnd glauben damit gnugſam erwieſen das ſie gottes wort fleiſſig gern vnd mit andacht beſucht vnd gehört auch die hochwürdigen sacramenta oft vnd zum wenigſten im jahr oder mal mit höchſter andacht gebraucht,iren grosten lust an meditation und lesen gottlichen worts gehabt also auch haben dieselben ihre gottseligkeit und glauben damit gnugsam erwiesen das sie gottes wort fleissig gern und mit andacht besucht und gehort auch die hochwurdigen sacramenta oft und zum wenigsten im iahr oder mal mit hochster andacht gebraucht
508113,body,84,2,False,[29],Jnmaſſen der Herꝛ Pfarꝛherr diß Orts S. Veſ.,jnmaſſen der herꝛ pfarꝛherr diß orts s veſ,inmassen der her pfarherr diss orts s ues
508113,body,84,3,True,[29],Hertzliches lob vnd zeugnuß gibt/ vnd nit gnugſam mit Exempeln erzehlen können/ mit was Gottſeligkeit vnd Chriſtlicher andacht ſolches geſchehen ſey.,hertzliches lob vnd zeugnuß gibt vnd nit gnugſam mit exempeln erzehlen können mit was gottſeligkeit vnd chriſtlicher andacht ſolches geſchehen ſey,hertzliches lob und zeugnuss gibt und nit gnugsam mit exempeln erzehlen konnen mit was gottseligkeit und christlicher andacht solches geschehen sey
508113,body,85,0,False,[29],So iſt auch das kein geringes ſtück ſeiner Gottſeligkeit geweſen/ das er auch faſt ſtets eine feine Hauß Kirchen gehalten/ vnd wo nicht ein præceptor vorhanden/ ſo im Hauß die Predigt verrichtet/ ſeint S. Veſt ſelbſten Pfarꝛherr geweſen/ vnd nicht allein die Sontags Predigten geleſen/ Sondern auch je zu Winters zeiten alle Abend nach dem Abend Eſſen/ dem gantzen Haußgeſind eine gantze Predigt auß dem Syrach vorgeleſe/ darneben das Gebet ſprechen vnd thun laſſen/ vnd hat vnter ſolchem Gottſeligen werck deß Geſinds keines etwas anders thun dürffen.,so iſt auch das kein geringes ſtück ſeiner gottſeligkeit geweſen das er auch faſt ſtets eine feine hauß kirchen gehalten vnd wo nicht ein præceptor vorhanden ſo im hauß die predigt verrichtet ſeint s veſt ſelbſten pfarꝛherr geweſen vnd nicht allein die sontags predigten geleſen sondern auch je zu winters zeiten alle abend nach dem abend eſſen dem gantzen haußgeſind eine gantze predigt auß dem syrach vorgeleſe darneben das gebet ſprechen vnd thun laſſen vnd hat vnter ſolchem gottſeligen werck deß geſinds keines etwas anders thun dürffen,so ist auch das kein geringes stuck seiner gottseligkeit gewesen das er auch fast stets eine feine hauss kirchen gehalten und wo nicht ein praeceptor uorhanden so im hauss die predigt uerrichtet seint s uest selbsten pfarherr gewesen und nicht allein die sontags predigten gelesen sondern auch ie zu winters zeiten alle abend nach dem abend essen dem gantzen haussgesind eine gantze predigt auss dem syrach uorgelese darneben das gebet sprechen und thun lassen und hat unter solchem gottseligen werck dess gesinds keines etwas anders thun durffen
508113,body,85,1,True,[29],O wolte Gott es geſchehe in vielen/ ja in allen Häuſern/ es würde bißweilen auch beſſer vnd Gottſeliger bey manchem zugehen/ als ſonſt zu geſchehen pflegt/ da man GOttes Worts vnd deß Gebets wenig achtet: Wo ſind aber die neune die es thun?,o wolte gott es geſchehe in vielen ja in allen häuſern es würde bißweilen auch beſſer vnd gottſeliger bey manchem zugehen als ſonſt zu geſchehen pflegt da man gottes worts vnd deß gebets wenig achtet wo ſind aber die neune die es thun,o wolte gott es geschehe in uielen ia in allen hausern es wurde bissweilen auch besser und gottseliger bey manchem zugehen als sonst zu geschehen pflegt da man gottes worts und dess gebets wenig achtet wo sind aber die neune die es thun
508113,body,86,0,False,[29],Jch wil jetzunder geſchweigen was das für ein ſtück ſeiner Gottſeligkeit geweſen/ das er die Diener Göttliches Worts ſo hertzlich gelibt/ geehret/ gefördert/ vnd denſelben nach ſeinem höchſten vermögen hülflich/ räthlich vnd guthertzig erſchienen in worten vnd wercken.,jch wil jetzunder geſchweigen was das für ein ſtück ſeiner gottſeligkeit geweſen das er die diener göttliches worts ſo hertzlich gelibt geehret gefördert vnd denſelben nach ſeinem höchſten vermögen hülflich räthlich vnd guthertzig erſchienen in worten vnd wercken,ich wil ietzunder geschweigen was das fur ein stuck seiner gottseligkeit gewesen das er die diener gottliches worts so hertzlich gelibt geehret gefordert und denselben nach seinem hochsten uermogen hulflich rathlich und guthertzig erschienen in worten und wercken
508113,body,86,1,False,[29],Ohne was er ſonſten bey beförderung Kirchen vnd Schulen gethan.,ohne was er ſonſten bey beförderung kirchen vnd schulen gethan,ohne was er sonsten bey beforderung kirchen und schulen gethan
508113,body,86,2,False,[29],Ach ich vor meine Perſon/ kan dem frommen Junckern vnd allen den ſeinigen/ nimmermehr gnugſam verdancken/ was liebes vnd gutes/ nun bey 11. oder 12. Jaren er mir gethan/ gegönt vñ gewünſcht.,ach ich vor meine perſon kan dem frommen junckern vnd allen den ſeinigen nimmermehr gnugſam verdancken was liebes vnd gutes nun bey oder jaren er mir gethan gegönt vñ gewünſcht,ach ich uor meine person kan dem frommen iunckern und allen den seinigen nimmermehr gnugsam uerdancken was liebes und gutes nun bey oder iaren er mir gethan gegont und gewunscht
508113,body,86,3,False,[29],Geſchweige was andern meinen Herꝛn Brüdern in der Nachtbarſchaft geſchehen iſt/ die es denn auch nicht gungſam rühmen können.,geſchweige was andern meinen herꝛn brüdern in der nachtbarſchaft geſchehen iſt die es denn auch nicht gungſam rühmen können,geschweige was andern meinen hern brudern in der nachtbarschaft geschehen ist die es denn auch nicht gungsam ruhmen konnen
508113,body,86,4,True,[29],Ach/ Gottbelohne es jhme mit ewigen frewden/ vnd ſeiner hinterlaſſenen Wittib/ Kindern vnd Kindskindern hie zeitlich vnd dort ewiglich/ Amen.,ach gottbelohne es jhme mit ewigen frewden vnd ſeiner hinterlaſſenen wittib kindern vnd kindskindern hie zeitlich vnd dort ewiglich amen,ach gottbelohne es ihme mit ewigen frewden und seiner hinterlassenen wittib kindern und kindskindern hie zeitlich und dort ewiglich amen
508113,body,87,0,False,[29],Es iſt auch kein geringes ſtück ſeines Glaubens vnd Gottſeligkeit geweſen/ das er ſich ſo guthertzig gegen dem lieben Armut erwieſen/ in dem er demſelben ſtetigs mit milter Handreichung zu ſteuer kom̃en/ vnd Jährlich eine zimliche Summa getreydt/ auch bißweilen etwas an Gelt auf das liebe Armut/ beydes in hiehiſcher vnd andern benachbarten/ vnd ſonderlich in meiner anbefohlenen Pfarꝛ Aſpach/ angewendet.,es iſt auch kein geringes ſtück ſeines glaubens vnd gottſeligkeit geweſen das er ſich ſo guthertzig gegen dem lieben armut erwieſen in dem er demſelben ſtetigs mit milter handreichung zu ſteuer kom̃en vnd jährlich eine zimliche summa getreydt auch bißweilen etwas an gelt auf das liebe armut beydes in hiehiſcher vnd andern benachbarten vnd ſonderlich in meiner anbefohlenen pfarꝛ aſpach angewendet,es ist auch kein geringes stuck seines glaubens und gottseligkeit gewesen das er sich so guthertzig gegen dem lieben armut erwiesen in dem er demselben stetigs mit milter handreichung zu steuer kommen und iahrlich eine zimliche summa getreydt auch bissweilen etwas an gelt auf das liebe armut beydes in hiehischer und andern benachbarten und sonderlich in meiner anbefohlenen pfar aspach angewendet
508113,body,87,1,True,[30],Würde auch demſelben gütig noch viel mehr gutes gethan haben/ wenn er länger am Leben hette bleiben ſollen.,würde auch demſelben gütig noch viel mehr gutes gethan haben wenn er länger am leben hette bleiben ſollen,wurde auch demselben gutig noch uiel mehr gutes gethan haben wenn er langer am leben hette bleiben sollen
508113,body,88,0,False,[30],Wie denn darzu allbereit/ mit erbawung eines Newen armen Hauſes zu Weingartsreuth ein guter anfang gemacht worden/ darin er zwo Armſelige vnd gebrechliche Perſonen täglich auß ſeiner Kirchen ernehren/ auch ins künftig ſtiftung darzu thun wöllen/ davon ſie jhr gebührende vnterhaltung hetten haben können.,wie denn darzu allbereit mit erbawung eines newen armen hauſes zu weingartsreuth ein guter anfang gemacht worden darin er zwo armſelige vnd gebrechliche perſonen täglich auß ſeiner kirchen ernehren auch ins künftig ſtiftung darzu thun wöllen davon ſie jhr gebührende vnterhaltung hetten haben können,wie denn darzu allbereit mit erbawung eines newen armen hauses zu weingartsreuth ein guter anfang gemacht worden darin er zwo armselige und gebrechliche personen taglich auss seiner kirchen ernehren auch ins kunftig stiftung darzu thun wollen dauon sie ihr gebuhrende unterhaltung hetten haben konnen
508113,body,88,1,True,[30],Gott erwecke noch viel ſolcher formmer Hertzen/ die ſich der Armen erbarmen/ vnd erbarme ſich jhrer hin wider auch vmb ſeines lieben Sohns JEſu Chriſti n illen/ Amen.,gott erwecke noch viel ſolcher formmer hertzen die ſich der armen erbarmen vnd erbarme ſich jhrer hin wider auch vmb ſeines lieben sohns jeſu chriſti n illen amen,gott erwecke noch uiel solcher formmer hertzen die sich der armen erbarmen und erbarme sich ihrer hin wider auch umb seines lieben sohns iesu christi n illen amen
508113,body,89,0,False,[30],Ferner hat vnſer verſtorbener Juncker ſeliger/ neben der Gottſeligkeit/ auch ein Chriſtlich Erbar Leben geführet/ iſt ein recht Adelich Teutſch ehrlich/ aufrichtig geblüt vnd gemüth geweſen/ alſo das man jhm mit allen ehren nachrühmen kan/ das er ſey geweſen: Integer Vitæ ſceleriſq; purus.,ferner hat vnſer verſtorbener juncker ſeliger neben der gottſeligkeit auch ein chriſtlich erbar leben geführet iſt ein recht adelich teutſch ehrlich aufrichtig geblüt vnd gemüth geweſen alſo das man jhm mit allen ehren nachrühmen kan das er ſey geweſen integer vitæ ſceleriſq purus,ferner hat unser uerstorbener iuncker seliger neben der gottseligkeit auch ein christlich erbar leben gefuhret ist ein recht adelich teutsch ehrlich aufrichtig geblut und gemuth gewesen also das man ihm mit allen ehren nachruhmen kan das er sey gewesen integer uitae scelerisq purus
508113,body,89,1,False,[30],Fromb vnd gerecht.,fromb vnd gerecht,fromb und gerecht
508113,body,89,2,True,[30],Gegen Gott iſt er nit Gottloß geweſen/ ſondern/ wie jetzt gemelt/ ſeinen Namen geehret/ gefürchtet/ ſein wort geliebt/ auch ſein Leben Chriſtlich darnach angeſtellet/ alſo das (ob er wol als ein Menſch ſeine geringe mängel mag gehabt haben) man jhm doch keiner euſſerlichen vnd öffentlichen Sünden zeihen/ oder mit warheit nach ſagen kan/ ſondern er könte wol jetzt ſagen: Ecce adſum?,gegen gott iſt er nit gottloß geweſen ſondern wie jetzt gemelt ſeinen namen geehret gefürchtet ſein wort geliebt auch ſein leben chriſtlich darnach angeſtellet alſo das ob er wol als ein menſch ſeine geringe mängel mag gehabt haben man jhm doch keiner euſſerlichen vnd öffentlichen sünden zeihen oder mit warheit nach ſagen kan ſondern er könte wol jetzt ſagen ecce adſum,gegen gott ist er nit gottloss gewesen sondern wie ietzt gemelt seinen namen geehret gefurchtet sein wort geliebt auch sein leben christlich darnach angestellet also das ob er wol als ein mensch seine geringe mangel mag gehabt haben man ihm doch keiner eusserlichen und offentlichen sunden zeihen oder mit warheit nach sagen kan sondern er konte wol ietzt sagen ecce adsum
508113,body,90,0,True,[30],Gegen hohen Potentaten/ von denen er wegen ſeines hohen vnd fürtreflichen verſtandes lieb vnd wehrt gehalten vnd zu vornemen dienſten erfodert worden/ hat er ſich gehorſam/ wilfahrig vnd bereit erzeigt/ vnd alſo verhalten/ das man jedesmals auf jhm ein gnedig Aug gehabt.,gegen hohen potentaten von denen er wegen ſeines hohen vnd fürtreflichen verſtandes lieb vnd wehrt gehalten vnd zu vornemen dienſten erfodert worden hat er ſich gehorſam wilfahrig vnd bereit erzeigt vnd alſo verhalten das man jedesmals auf jhm ein gnedig aug gehabt,gegen hohen potentaten uon denen er wegen seines hohen und furtreflichen uerstandes lieb und wehrt gehalten und zu uornemen diensten erfodert worden hat er sich gehorsam wilfahrig und bereit erzeigt und also uerhalten das man iedesmals auf ihm ein gnedig aug gehabt
508113,body,91,0,False,[30],Gegen ſeinen Geſchwiſtern vnd Blutsfreunden hat er ſich ſo freundlich vnd friedlich erwieſen/ das ſie jhme alle zeugnuß geben/ das jhres wiſſens/ jhre leb tag keines mit jhme oder er mit jhnen ein viertel ſtund vneins geweſen/ haben ſich Gelts/ vnd Guts halben auch nie mit einander geuneiniget.,gegen ſeinen geſchwiſtern vnd blutsfreunden hat er ſich ſo freundlich vnd friedlich erwieſen das ſie jhme alle zeugnuß geben das jhres wiſſens jhre leb tag keines mit jhme oder er mit jhnen ein viertel ſtund vneins geweſen haben ſich gelts vnd guts halben auch nie mit einander geuneiniget,gegen seinen geschwistern und blutsfreunden hat er sich so freundlich und friedlich erwiesen das sie ihme alle zeugnuss geben das ihres wissens ihre leb tag keines mit ihme oder er mit ihnen ein uiertel stund uneins gewesen haben sich gelts und guts halben auch nie mit einander geuneiniget
508113,body,91,1,True,[30],Welches denn warlich zum beſondern lob billich gedacht wird.,welches denn warlich zum beſondern lob billich gedacht wird,welches denn warlich zum besondern lob billich gedacht wird
508113,body,92,0,True,[30],Gegen der Adelichen Ritterſchaft vnd andern guten Herrn vnd freunden hat er ſich/ nach vermögen/ auff begehren vnd erfodern hülflich/ dienſthaft vnd beyſtendig/ auch mit gutem verſtendigen Raht oft alſo erwieſen/ das man ſich ſeiner verwundern vnd jetzt zu deß wegen deſto mehr beklagen möchte vnd ſolte/ das jr viel/ ſo ſeiner hochbedürftig wahren ſeiner ſo bald entberen müſſen.,gegen der adelichen ritterſchaft vnd andern guten herrn vnd freunden hat er ſich nach vermögen auff begehren vnd erfodern hülflich dienſthaft vnd beyſtendig auch mit gutem verſtendigen raht oft alſo erwieſen das man ſich ſeiner verwundern vnd jetzt zu deß wegen deſto mehr beklagen möchte vnd ſolte das jr viel ſo ſeiner hochbedürftig wahren ſeiner ſo bald entberen müſſen,gegen der adelichen ritterschaft und andern guten herrn und freunden hat er sich nach uermogen auff begehren und erfodern hulflich diensthaft und beystendig auch mit gutem uerstendigen raht oft also erwiesen das man sich seiner uerwundern und ietzt zu dess wegen desto mehr beklagen mochte und solte das ir uiel so seiner hochbedurftig wahren seiner so bald entberen mussen
508113,body,93,0,True,[31],Gegen vor Ehrngemelten ſeiner beyden hertzlieben Ehegemahlen hat er ſich in wehrender Ehe alſo erwieſen/ das ſie jedesmals eine Chriſtliche freundliche vnd friedſame ehe/ vnd gutes Haußweſen gehabt/ das jhme auch die jetzige hinterlaſſene betrübte Witwe das zeugnuß gibt/ jhr hertzlieber Juncker ſeliger habe jhr ſolche ehre erzeigt/ der ſie nie begert/ nichts würdig erkant/ auch jhme nicht gnug verdancken könne auch wegen ſeines verluſts jetzo deſto hertzlicher von jhrer Ad. T. betrauret wird.,gegen vor ehrngemelten ſeiner beyden hertzlieben ehegemahlen hat er ſich in wehrender ehe alſo erwieſen das ſie jedesmals eine chriſtliche freundliche vnd friedſame ehe vnd gutes haußweſen gehabt das jhme auch die jetzige hinterlaſſene betrübte witwe das zeugnuß gibt jhr hertzlieber juncker ſeliger habe jhr ſolche ehre erzeigt der ſie nie begert nichts würdig erkant auch jhme nicht gnug verdancken könne auch wegen ſeines verluſts jetzo deſto hertzlicher von jhrer ad t betrauret wird,gegen uor ehrngemelten seiner beyden hertzlieben ehegemahlen hat er sich in wehrender ehe also erwiesen das sie iedesmals eine christliche freundliche und friedsame ehe und gutes hausswesen gehabt das ihme auch die ietzige hinterlassene betrubte witwe das zeugnuss gibt ihr hertzlieber iuncker seliger habe ihr solche ehre erzeigt der sie nie begert nichts wurdig erkant auch ihme nicht gnug uerdancken konne auch wegen seines uerlusts ietzo desto hertzlicher uon ihrer ad t betrauret wird
508113,body,94,0,False,[31],Geben ſeinen lieben Kindern/ die er warlich hertzlich geliebt/ hat er ſich alſo verhalten/ das man auch in der ſtraf ein recht Vätterliches Hertz/ vnd lauter wolmeinendt gemüth bey jhm ſpüren können.,geben ſeinen lieben kindern die er warlich hertzlich geliebt hat er ſich alſo verhalten das man auch in der ſtraf ein recht vätterliches hertz vnd lauter wolmeinendt gemüth bey jhm ſpüren können,geben seinen lieben kindern die er warlich hertzlich geliebt hat er sich also uerhalten das man auch in der straf ein recht uatterliches hertz und lauter wolmeinendt gemuth bey ihm spuren konnen
508113,body,94,1,True,[31],Wie oft habe ich von jhm ſelbſten gehört/ das er geſagt/ Ach wann ich nur von Gott ſolte ſo ſelig ſein/ das ich erlebte/ biß meine Kinder ein wenig/ vnd nur zwen erzogen würden/ das ſie keiner Vormunden bedürften/ ꝛc. Mundus enim in maligno poſitus.,wie oft habe ich von jhm ſelbſten gehört das er geſagt ach wann ich nur von gott ſolte ſo ſelig ſein das ich erlebte biß meine kinder ein wenig vnd nur zwen erzogen würden das ſie keiner vormunden bedürften ꝛc mundus enim in maligno poſitus,wie oft habe ich uon ihm selbsten gehort das er gesagt ach wann ich nur uon gott solte so selig sein das ich erlebte biss meine kinder ein wenig und nur zwen erzogen wurden das sie keiner uormunden bedurften c mundus enim in maligno positus
508113,body,95,0,False,[31],Gegen ſeinen lieben Vnterthanen hat er ſich warlich ſanftmütig/ gütig vnd gelind erzeiget/ dieſelben mit einiger vnbillicher beſchwerung oder ſtraf nit belegt/ auch nie kein Pfennig oder Gülden ſtraf/ wo es je ſein müſſen/ zu ſich genommen oder an ſeinen nutz gewendet/ wie er jhnen denn auch/ ſo viel Jar ich jhn kant/ die Jährliche Türckenſteuer erlaſſen vnd geſchenckt.,gegen ſeinen lieben vnterthanen hat er ſich warlich ſanftmütig gütig vnd gelind erzeiget dieſelben mit einiger vnbillicher beſchwerung oder ſtraf nit belegt auch nie kein pfennig oder gülden ſtraf wo es je ſein müſſen zu ſich genommen oder an ſeinen nutz gewendet wie er jhnen denn auch ſo viel jar ich jhn kant die jährliche türckenſteuer erlaſſen vnd geſchenckt,gegen seinen lieben unterthanen hat er sich warlich sanftmutig gutig und gelind erzeiget dieselben mit einiger unbillicher beschwerung oder straf nit belegt auch nie kein pfennig oder gulden straf wo es ie sein mussen zu sich genommen oder an seinen nutz gewendet wie er ihnen denn auch so uiel iar ich ihn kant die iahrliche turckensteuer erlassen und geschenckt
508113,body,95,1,True,[31],Welches ſonſt auch nit bey vielen zugeſchehen pflegt.,welches ſonſt auch nit bey vielen zugeſchehen pflegt,welches sonst auch nit bey uielen zugeschehen pflegt
508113,body,96,0,False,[31],Jn Summa gegen allen ſeinen benachbarten Edel vnd vnedel hat er ſich/ ſo viel müglich/ friedlich vnd einträchtig erwieſen/ ehe was mit glimpf vnd guten worten/ als mit vielen ſtreiten vnd rechten/ auch mit verzeihung ſeines rechtens/ beygelegt.,jn summa gegen allen ſeinen benachbarten edel vnd vnedel hat er ſich ſo viel müglich friedlich vnd einträchtig erwieſen ehe was mit glimpf vnd guten worten als mit vielen ſtreiten vnd rechten auch mit verzeihung ſeines rechtens beygelegt,in summa gegen allen seinen benachbarten edel und unedel hat er sich so uiel muglich friedlich und eintrachtig erwiesen ehe was mit glimpf und guten worten als mit uielen streiten und rechten auch mit uerzeihung seines rechtens beygelegt
508113,body,96,1,False,[31],Auch manche ſtritige mit beſtem glimpf können helffen vergleichen.,auch manche ſtritige mit beſtem glimpf können helffen vergleichen,auch manche stritige mit bestem glimpf konnen helffen uergleichen
508113,body,96,2,True,[31],Wie er ſich denn gegen menniglich geneigt vnd günſtig auch oft ſo demütig gegen geringen Perſonen erzeigt/ das man auch weder jn worten noch wercken einigen Hoffart oder vbermuth hat an jhm ſpüren vnd mercken können.,wie er ſich denn gegen menniglich geneigt vnd günſtig auch oft ſo demütig gegen geringen perſonen erzeigt das man auch weder jn worten noch wercken einigen hoffart oder vbermuth hat an jhm ſpüren vnd mercken können,wie er sich denn gegen menniglich geneigt und gunstig auch oft so demutig gegen geringen personen erzeigt das man auch weder in worten noch wercken einigen hoffart oder ubermuth hat an ihm spuren und mercken konnen
508113,body,97,0,True,[32],Vnd das ich das dabey gedencke/ ſo hat er ſich allzeit beflieſſen/ das er mit leichtfertigen vnd berüchtigten Leuten nicht zuſchaffen gehabt/ ſondern ſich jhrer geeuſſert wo er gekont/ auch nicht gern böß/ leichtfertig Geſind vnd Diener in ſeinem Hauß gelitten.,vnd das ich das dabey gedencke ſo hat er ſich allzeit beflieſſen das er mit leichtfertigen vnd berüchtigten leuten nicht zuſchaffen gehabt ſondern ſich jhrer geeuſſert wo er gekont auch nicht gern böß leichtfertig geſind vnd diener in ſeinem hauß gelitten,und das ich das dabey gedencke so hat er sich allzeit befliessen das er mit leichtfertigen und beruchtigten leuten nicht zuschaffen gehabt sondern sich ihrer geeussert wo er gekont auch nicht gern boss leichtfertig gesind und diener in seinem hauss gelitten
508113,body,98,0,False,[32],"Weil denn dieſem allem/ wie erzehlt/ in höchſter warheit alſo/ ſo ſchlieſſe vnd ſage ich ja recht vnd billich von vnſerm verſtorbenen Junckern ſeligen/ das er dieſen Spruch Chriſti: Warlich warlich ꝛc. Recht practiciren, vnd die ſequela ohne zweifel erfüllet worden ſey.",weil denn dieſem allem wie erzehlt in höchſter warheit alſo ſo ſchlieſſe vnd ſage ich ja recht vnd billich von vnſerm verſtorbenen junckern ſeligen das er dieſen spruch chriſti warlich warlich ꝛc recht practiciren vnd die ſequela ohne zweifel erfüllet worden ſey,weil denn diesem allem wie erzehlt in hochster warheit also so schliesse und sage ich ia recht und billich uon unserm uerstorbenen iunckern seligen das er diesen spruch christi warlich warlich c recht practiciren und die sequela ohne zweifel erfullet worden sey
508113,body,98,1,True,[32],Vor eins.,vor eins,uor eins
508113,body,99,0,False,[32],Zum andern ſage ich es auch billich von jhm: Wegen der groſſen gedult ſo er in ſeinem Leben/ vnd ſonderlich in ſeinem langwürigen ſchweren Creutz von ſich ſpüren laſſen.,zum andern ſage ich es auch billich von jhm wegen der groſſen gedult ſo er in ſeinem leben vnd ſonderlich in ſeinem langwürigen ſchweren creutz von ſich ſpüren laſſen,zum andern sage ich es auch billich uon ihm wegen der grossen gedult so er in seinem leben und sonderlich in seinem langwurigen schweren creutz uon sich spuren lassen
508113,body,99,1,True,[32],"Denn vnter andern heiſt vns ja GOttes Wort/ auch das wir im Creutz/ Kranckheit vnd allem leyden ſollen geduldig ſein/ nicht wider GOtt murren/ ſondern ſagen mit Michea 7. Iram Domini portabo, ich wil den zorn deß Herrn gern tragen/ denn ich habe jhm geſündiget/ vnd mit dem lieben David Pſalm. 119. Herr es iſt mir gut das du mich gedemütiget haſt/ auf das ich deine gerechtigkeit erkennen lerne.",denn vnter andern heiſt vns ja gottes wort auch das wir im creutz kranckheit vnd allem leyden ſollen geduldig ſein nicht wider gott murren ſondern ſagen mit michea iram domini portabo ich wil den zorn deß herrn gern tragen denn ich habe jhm geſündiget vnd mit dem lieben david pſalm herr es iſt mir gut das du mich gedemütiget haſt auf das ich deine gerechtigkeit erkennen lerne,denn unter andern heist uns ia gottes wort auch das wir im creutz kranckheit und allem leyden sollen geduldig sein nicht wider gott murren sondern sagen mit michea iram domini portabo ich wil den zorn dess herrn gern tragen denn ich habe ihm gesundiget und mit dem lieben dauid psalm herr es ist mir gut das du mich gedemutiget hast auf das ich deine gerechtigkeit erkennen lerne
508113,body,100,0,False,[32],Nun hat aber vnſer verſtorbener Juncker ſeliger in ſeiner Kranckheit eine ſolche gedult erwieſen/ das man mir davon kaum gnugſam ſagen können.,nun hat aber vnſer verſtorbener juncker ſeliger in ſeiner kranckheit eine ſolche gedult erwieſen das man mir davon kaum gnugſam ſagen können,nun hat aber unser uerstorbener iuncker seliger in seiner kranckheit eine solche gedult erwiesen das man mir dauon kaum gnugsam sagen konnen
508113,body,100,1,False,[32],Ja auch ſeine liebe Haußfraw vnd andere ſo vmb jhn geweſen/ darzu vermahnet/ vnd vmb gedult vnd mitleiden gebeten.,ja auch ſeine liebe haußfraw vnd andere ſo vmb jhn geweſen darzu vermahnet vnd vmb gedult vnd mitleiden gebeten,ia auch seine liebe haussfraw und andere so umb ihn gewesen darzu uermahnet und umb gedult und mitleiden gebeten
508113,body,100,2,True,[32],Auch Gott mit ſehnlichen ſeuftzern darumb ſtets angeruffen/ vnd ſeinen willen in Gottes alle zeit ergeben.,auch gott mit ſehnlichen ſeuftzern darumb ſtets angeruffen vnd ſeinen willen in gottes alle zeit ergeben,auch gott mit sehnlichen seuftzern darumb stets angeruffen und seinen willen in gottes alle zeit ergeben
508113,body,101,0,False,[32],Vnd ob wol es bißweilen/ wegen deß groſſen ſchmertzens kein wunder geweſen were/ das er vngeduldig worden/ ſonderlich weil es in die länge gewehret/ ſo hat er doch keinen vngedultigen Othem/ geſchweige ein vngedultiges wort von ſich kommen laſſen.,vnd ob wol es bißweilen wegen deß groſſen ſchmertzens kein wunder geweſen were das er vngeduldig worden ſonderlich weil es in die länge gewehret ſo hat er doch keinen vngedultigen othem geſchweige ein vngedultiges wort von ſich kommen laſſen,und ob wol es bissweilen wegen dess grossen schmertzens kein wunder gewesen were das er ungeduldig worden sonderlich weil es in die lange gewehret so hat er doch keinen ungedultigen othem geschweige ein ungedultiges wort uon sich kommen lassen
508113,body,101,1,True,[32],Weil denn dem abermal alſo/ das vnſer Juncker Gottſeliger eine ſolche gedult er wieſen/ als iſt abermal kein zweifel Gott habe jhn in allen gnaden angeſehen/ vnd an jhm laſſen war werden die tröſtliche ſequelam: Er wird den Todt nit ſchmecken ewiglich.,weil denn dem abermal alſo das vnſer juncker gottſeliger eine ſolche gedult er wieſen als iſt abermal kein zweifel gott habe jhn in allen gnaden angeſehen vnd an jhm laſſen war werden die tröſtliche ſequelam er wird den todt nit ſchmecken ewiglich,weil denn dem abermal also das unser iuncker gottseliger eine solche gedult er wiesen als ist abermal kein zweifel gott habe ihn in allen gnaden angesehen und an ihm lassen war werden die trostliche sequelam er wird den todt nit schmecken ewiglich
508113,body,102,0,False,[32],Zum Dritten.,zum dritten,zum dritten
508113,body,102,1,True,[32],Schlieſſe ich ſolches noch mehr vnd ſtercker/ wegen ſeines fleiſſigen vnd jnniglichen ſeufftzens vnd Gebets/ ſo der verſtorbene Juncker nicht allein bey geſunden leib ſtetigs mit allem fleiß zu GOtt verrichtet/ wie ich jhm deßen warhafftig zeugnuß geben kan/ das er hertzlich gern vnd ſehr ſleißig Gebett/ ſondern auch in ſeiner gantzen Kranckheit vber ſtets vnd ohn vnterlaß hertzlich zu GOtt geſeufftzet vnd gebetet tag vnd nacht/ vnd ſeine Hände/ Augen/ Hertz vnd Gemüht ſtetigs gen Himmel erhaben geweſen.,schlieſſe ich ſolches noch mehr vnd ſtercker wegen ſeines fleiſſigen vnd jnniglichen ſeufftzens vnd gebets ſo der verſtorbene juncker nicht allein bey geſunden leib ſtetigs mit allem fleiß zu gott verrichtet wie ich jhm deßen warhafftig zeugnuß geben kan das er hertzlich gern vnd ſehr ſleißig gebett ſondern auch in ſeiner gantzen kranckheit vber ſtets vnd ohn vnterlaß hertzlich zu gott geſeufftzet vnd gebetet tag vnd nacht vnd ſeine hände augen hertz vnd gemüht ſtetigs gen himmel erhaben geweſen,schliesse ich solches noch mehr und stercker wegen seines fleissigen und inniglichen seufftzens und gebets so der uerstorbene iuncker nicht allein bey gesunden leib stetigs mit allem fleiss zu gott uerrichtet wie ich ihm dessen warhafftig zeugnuss geben kan das er hertzlich gern und sehr sleissig gebett sondern auch in seiner gantzen kranckheit uber stets und ohn unterlass hertzlich zu gott geseufftzet und gebetet tag und nacht und seine hande augen hertz und gemuht stetigs gen himmel erhaben gewesen
508113,body,103,0,False,[33],Jch wil jetzo geſchweigen vieler frommer Chriſten/ ſo beydes publicè in vnterſchiedenen Chriſtlichen Kirchen vnd Gemeindten ſo woln auch privatim in jhren Haußkirchen vnd Schulen fleißig für jhne zu Gott gebeten/ jnmaſſen denn ſolches S. V. zu thun offt vnd von Hertzen begehrt vnd geſucht haben.,jch wil jetzo geſchweigen vieler frommer chriſten ſo beydes publicè in vnterſchiedenen chriſtlichen kirchen vnd gemeindten ſo woln auch privatim in jhren haußkirchen vnd schulen fleißig für jhne zu gott gebeten jnmaſſen denn ſolches s v zu thun offt vnd von hertzen begehrt vnd geſucht haben,ich wil ietzo geschweigen uieler frommer christen so beydes publice in unterschiedenen christlichen kirchen und gemeindten so woln auch priuatim in ihren hausskirchen und schulen fleissig fur ihne zu gott gebeten inmassen denn solches s u zu thun offt und uon hertzen begehrt und gesucht haben
508113,body,103,1,True,[33],"Vnd ich kan mit Warheit ſagen/ das er mir in vielen Jahren nit ein einiges ſchreiben zugeſchickt/ darin er mich des lieben Gebets nicht erinnert hette/ für ſich vnd die ſeinigen fleißig zu beten: Sonderlich pro remiſſione peccatorum & corde novo atq; pœnitenti, vmb vergebung der Sünden/ vnd wahres bußfertiges Hertz vnd newen Geiſt/ ꝛc.",vnd ich kan mit warheit ſagen das er mir in vielen jahren nit ein einiges ſchreiben zugeſchickt darin er mich des lieben gebets nicht erinnert hette für ſich vnd die ſeinigen fleißig zu beten sonderlich pro remiſſione peccatorum & corde novo atq pœnitenti vmb vergebung der sünden vnd wahres bußfertiges hertz vnd newen geiſt ꝛc,und ich kan mit warheit sagen das er mir in uielen iahren nit ein einiges schreiben zugeschickt darin er mich des lieben gebets nicht erinnert hette fur sich und die seinigen fleissig zu beten sonderlich pro remissione peccatorum et corde nouo atq poenitenti umb uergebung der sunden und wahres bussfertiges hertz und newen geist c
508113,body,104,0,True,[33],Zwey vnterſchiedene Schreiben hat er kurtz vorruckter zeit/ an ſeinen lieben Brudern Juncker Veit Vlrich Marſchalcken von Ebnet zu Frenßdorff abgehen laſſen/ darin er ſein Chriſtliches Gottſeliges Gemüht gnugſam an Tag geben/ mit folgenden Worten:,zwey vnterſchiedene schreiben hat er kurtz vorruckter zeit an ſeinen lieben brudern juncker veit vlrich marſchalcken von ebnet zu frenßdorff abgehen laſſen darin er ſein chriſtliches gottſeliges gemüht gnugſam an tag geben mit folgenden worten,zwey unterschiedene schreiben hat er kurtz uorruckter zeit an seinen lieben brudern iuncker ueit ulrich marschalcken uon ebnet zu frenssdorff abgehen lassen darin er sein christliches gottseliges gemuht gnugsam an tag geben mit folgenden worten
508113,body,105,0,False,[33],"CHariſſime Frater, quam obſtupui obnuncium Compatris mei Abenbergeri Sic itur ad aſtra: Plane me pungunt hæc nova & mediante Deo omnem in poſterum curam mundanam deſeram, ijsque omnibus poſthabitis ſollicitus ero deſalute animæ: En quid ſtetit quam citó cecidi Scribe propter Deum quo genere mortis occubu erit: credo ſuffocatione: Sed quoniam morbus rot dierum intervallis illum non enecaverit, miror omnia humana remedia nil effeciſſe.",chariſſime frater quam obſtupui obnuncium compatris mei abenbergeri sic itur ad aſtra plane me pungunt hæc nova & mediante deo omnem in poſterum curam mundanam deſeram ijsque omnibus poſthabitis ſollicitus ero deſalute animæ en quid ſtetit quam citó cecidi scribe propter deum quo genere mortis occubu erit credo ſuffocatione sed quoniam morbus rot dierum intervallis illum non enecaverit miror omnia humana remedia nil effeciſſe,charissime frater quam obstupui obnuncium compatris mei abenbergeri sic itur ad astra plane me pungunt haec noua et mediante deo omnem in posterum curam mundanam deseram iisque omnibus posthabitis sollicitus ero desalute animae en quid stetit quam cito cecidi scribe propter deum quo genere mortis occubu erit credo suffocatione sed quoniam morbus rot dierum interuallis illum non enecauerit miror omnia humana remedia nil effecisse
508113,body,105,1,False,[33],Scribe ſi ſana ei mens fuit usq; ad extremum: an afflictiones & dolores magnos pertulerit?,scribe ſi ſana ei mens fuit usq ad extremum an afflictiones & dolores magnos pertulerit,scribe si sana ei mens fuit usq ad extremum an afflictiones et dolores magnos pertulerit
508113,body,105,2,False,[33],(deinde) Scis vxorem meam partur proximam cui etiam vix domo exire licet: ſcis me ad diem Mercurij ad Cœnam Domini. quod diutius differre non volo: nam videmus quam citò multa cadant inter pocula ſupremaq; labra.,deinde scis vxorem meam partur proximam cui etiam vix domo exire licet ſcis me ad diem mercurij ad cœnam domini quod diutius differre non volo nam videmus quam citò multa cadant inter pocula ſupremaq labra,deinde scis uxorem meam partur proximam cui etiam uix domo exire licet scis me ad diem mercurii ad coenam domini quod diutius differre non uolo nam uidemus quam cito multa cadant inter pocula supremaq labra
508113,body,105,3,True,[33],(Et paulò poſt) Orandum eſtre vera & vigilandum: quia neſermus neque diem neque horam. &c.,et paulò poſt orandum eſtre vera & vigilandum quia neſermus neque diem neque horam &c,et paulo post orandum estre uera et uigilandum quia nesermus neque diem neque horam etc
508113,body,106,0,True,[33],Vnd in einem andern Schreiben.,vnd in einem andern schreiben,und in einem andern schreiben
508113,body,107,0,False,[33],"POſt reditum Norib erga volui tibi ſcribere me in dies peius habere, & jam tumor ventrem quoq; occupat: & niſi Deus meliora dabit quis ſcit an acidulas viſitare liceat.",poſt reditum norib erga volui tibi ſcribere me in dies peius habere & jam tumor ventrem quoq occupat & niſi deus meliora dabit quis ſcit an acidulas viſitare liceat,post reditum norib erga uolui tibi scribere me in dies peius habere et iam tumor uentrem quoq occupat et nisi deus meliora dabit quis scit an acidulas uisitare liceat
508113,body,107,1,True,[33],"Uxor intrinſecus ſe cruciat, ego doleo, ſed miſericordia Deinos adjuvet, juſtus eſt Dominus & juſta ſua judicia, peccavimus enim, cur non ſuſciperemus caſtigationes Domini qui re vera ſunt clementiſſimæ, & quarum ego indignus ſum, potius dignus majoribus, ſed miſereatur mei ſecundum magnam miſericordiam ſuam ad animi & corporis ſalutem vel ad beneplacitum ejus, cui me totũ ſubmitto.",uxor intrinſecus ſe cruciat ego doleo ſed miſericordia deinos adjuvet juſtus eſt dominus & juſta ſua judicia peccavimus enim cur non ſuſciperemus caſtigationes domini qui re vera ſunt clementiſſimæ & quarum ego indignus ſum potius dignus majoribus ſed miſereatur mei ſecundum magnam miſericordiam ſuam ad animi & corporis ſalutem vel ad beneplacitum ejus cui me totũ ſubmitto,uxor intrinsecus se cruciat ego doleo sed misericordia deinos adiuuet iustus est dominus et iusta sua iudicia peccauimus enim cur non susciperemus castigationes domini qui re uera sunt clementissimae et quarum ego indignus sum potius dignus maioribus sed misereatur mei secundum magnam misericordiam suam ad animi et corporis salutem uel ad beneplacitum eius cui me totum submitto
508113,body,108,0,True,[34],Vor ſeinem abreiſen von Hauß hat er mir diß Schreiben hinterlaſſen/ darin vnter andern dieſe Wort ſtehen:,vor ſeinem abreiſen von hauß hat er mir diß schreiben hinterlaſſen darin vnter andern dieſe wort ſtehen,uor seinem abreisen uon hauss hat er mir diss schreiben hinterlassen darin unter andern diese wort stehen
508113,body,109,0,False,[34],"Scimus neq; Medicum neq; medicinam ſine numinis divini adjutorio nihil eſſe nihil valere, & nullius adminiculi; attamen quoniam temerariè media negligere non eſt pium, utemur ecce Medicis & medicinis præſcriptis: Tu Domine Ieſu Chriſte interventu precum piorum da incrementum, tu Paſtor & Eccleſiæ antiſtes tuo exemplo & privatis & publicis nos adiuvaprecibus.",scimus neq medicum neq medicinam ſine numinis divini adjutorio nihil eſſe nihil valere & nullius adminiculi attamen quoniam temerariè media negligere non eſt pium utemur ecce medicis & medicinis præſcriptis tu domine ieſu chriſte interventu precum piorum da incrementum tu paſtor & eccleſiæ antiſtes tuo exemplo & privatis & publicis nos adiuvaprecibus,scimus neq medicum neq medicinam sine numinis diuini adiutorio nihil esse nihil ualere et nullius adminiculi attamen quoniam temerarie media negligere non est pium utemur ecce medicis et medicinis praescriptis tu domine iesu christe interuentu precum piorum da incrementum tu pastor et ecclesiae antistes tuo exemplo et priuatis et publicis nos adiuuaprecibus
508113,body,109,1,True,[34],"Hæcà veſtra Eccleſia expetere non audeo, quoniam mihi ibi non eſt imperium: attamen tanquam frater in Chriſto & tibi amicus hociure à te poſtulo, etiam ratione veteris con junctionis, quæ mihi cum illâ interceſſit tanquam membrum efflagito.",hæcà veſtra eccleſia expetere non audeo quoniam mihi ibi non eſt imperium attamen tanquam frater in chriſto & tibi amicus hociure à te poſtulo etiam ratione veteris con junctionis quæ mihi cum illâ interceſſit tanquam membrum efflagito,haeca uestra ecclesia expetere non audeo quoniam mihi ibi non est imperium attamen tanquam frater in christo et tibi amicus hociure a te postulo etiam ratione ueteris con iunctionis quae mihi cum illa intercessit tanquam membrum efflagito
508113,body,110,0,False,[34],Welches denn zumal hertzliche bewegungen ſein/ darauß S. V. ſteiffes vertrauen vnd hoffnung zum lieben Gebet gnugſamb zuerkennen iſt.,welches denn zumal hertzliche bewegungen ſein darauß s v ſteiffes vertrauen vnd hoffnung zum lieben gebet gnugſamb zuerkennen iſt,welches denn zumal hertzliche bewegungen sein darauss s u steiffes uertrauen und hoffnung zum lieben gebet gnugsamb zuerkennen ist
508113,body,110,1,False,[34],Das heiſt ja freilich Gottes Wort halten/ im Gebett vnd Flehen zu Gottanhalten Tag vnd Nacht.,das heiſt ja freilich gottes wort halten im gebett vnd flehen zu gottanhalten tag vnd nacht,das heist ia freilich gottes wort halten im gebett und flehen zu gottanhalten tag und nacht
508113,body,110,2,False,[34],Denn dieſer Gottſelige Juncker hat wol verſtanden/ was das liebe Gebet der Glaubigen für einen krefftigen nachdruck habe/ vnnd ſolches auß den hertzlichen ermahnungen/ tröſtlichen verheiſſungen vnd ſchönen Exempeln ſo hin vnd wider in Gottes Wort zubefinden ſein.,denn dieſer gottſelige juncker hat wol verſtanden was das liebe gebet der glaubigen für einen krefftigen nachdruck habe vnnd ſolches auß den hertzlichen ermahnungen tröſtlichen verheiſſungen vnd ſchönen exempeln ſo hin vnd wider in gottes wort zubefinden ſein,denn dieser gottselige iuncker hat wol uerstanden was das liebe gebet der glaubigen fur einen krefftigen nachdruck habe unnd solches auss den hertzlichen ermahnungen trostlichen uerheissungen und schonen exempeln so hin und wider in gottes wort zubefinden sein
508113,body,110,3,False,[34],Matth. 26. ſpricht der Herꝛ Chriſtus ſelbſt/ Wachet vnd betet/ auf das jhr nicht in anfechtung fallet.,matth ſpricht der herꝛ chriſtus ſelbſt wachet vnd betet auf das jhr nicht in anfechtung fallet,matth spricht der her christus selbst wachet und betet auf das ihr nicht in anfechtung fallet
508113,body,110,4,False,[34],Pſalm. 145. Der Herꝛ iſt nahe allen die jhn anruffen/ allen die jhn mit ernſt anruffen. ꝛc. Matth. 18. ſpricht Chriſtus: Wo zween vnter euch eins werden auf Erden/ warumb es iſt das ſie bitten wollen/ das ſol jhnen wiederfahren von meinem Vatter im Him̃el.,pſalm der herꝛ iſt nahe allen die jhn anruffen allen die jhn mit ernſt anruffen ꝛc matth ſpricht chriſtus wo zween vnter euch eins werden auf erden warumb es iſt das ſie bitten wollen das ſol jhnen wiederfahren von meinem vatter im him̃el,psalm der her ist nahe allen die ihn anruffen allen die ihn mit ernst anruffen c matth spricht christus wo zween unter euch eins werden auf erden warumb es ist das sie bitten wollen das sol ihnen wiederfahren uon meinem uatter im himmel
508113,body,110,5,False,[34],Jacob 5. ſpricht: Das Gebett des Gerechten vermag viel/ wenn es ernſtlich iſt.,jacob ſpricht das gebett des gerechten vermag viel wenn es ernſtlich iſt,iacob spricht das gebett des gerechten uermag uiel wenn es ernstlich ist
508113,body,110,6,True,[34],Elias war ein Menſch gleich wie wir/ vnd betet ein Gebet das es nicht regnen ſolte/ vnd es regnete nicht auf Erden. ꝛc.,elias war ein menſch gleich wie wir vnd betet ein gebet das es nicht regnen ſolte vnd es regnete nicht auf erden ꝛc,elias war ein mensch gleich wie wir und betet ein gebet das es nicht regnen solte und es regnete nicht auf erden c
508113,body,111,0,False,[34],Hat nun das Gebet einer eintzeln Perſon eine ſolche Krafft gehabt/ das es den Himmel auf vnd zugeſchloſſen/ wie viel mehr wird Gott der Herꝛ das Gebet ſo viel frommer Hertzen/ vnd des verſtorbenen Junckern hertzliche Seufftzen vnerhöret nicht gelaſſen haben.,hat nun das gebet einer eintzeln perſon eine ſolche krafft gehabt das es den himmel auf vnd zugeſchloſſen wie viel mehr wird gott der herꝛ das gebet ſo viel frommer hertzen vnd des verſtorbenen junckern hertzliche seufftzen vnerhöret nicht gelaſſen haben,hat nun das gebet einer eintzeln person eine solche krafft gehabt das es den himmel auf und zugeschlossen wie uiel mehr wird gott der her das gebet so uiel frommer hertzen und des uerstorbenen iunckern hertzliche seufftzen unerhoret nicht gelassen haben
508113,body,111,1,True,[35],"Vnd ob gleich ſein vnd vnſer Gebet nicht iſt erhört/ vnſerm wunſch nach/ ad corporis ſanitatem zur geſundheit des Leibs/ vnd das der Gottſelige Juncker den ſeinen zum beſten/ noch lenger bey vns geblieben wehꝛe: Welches vns freylich (wo es nicht Gottes ſonderbarer Raht/ jhn zu ſich zu nemen/ geweſen) noch zu wünſchen: So iſts doch gewißlich erhört worden ad animæ ſalutem, zu ſeiner ewigen Seelen ſeligkeit/ vnd heiſt freylich abermal: Er wird den Todt nicht ſchmecken ewiglich.",vnd ob gleich ſein vnd vnſer gebet nicht iſt erhört vnſerm wunſch nach ad corporis ſanitatem zur geſundheit des leibs vnd das der gottſelige juncker den ſeinen zum beſten noch lenger bey vns geblieben wehꝛe welches vns freylich wo es nicht gottes ſonderbarer raht jhn zu ſich zu nemen geweſen noch zu wünſchen so iſts doch gewißlich erhört worden ad animæ ſalutem zu ſeiner ewigen seelen ſeligkeit vnd heiſt freylich abermal er wird den todt nicht ſchmecken ewiglich,und ob gleich sein und unser gebet nicht ist erhort unserm wunsch nach ad corporis sanitatem zur gesundheit des leibs und das der gottselige iuncker den seinen zum besten noch lenger bey uns geblieben wehe welches uns freylich wo es nicht gottes sonderbarer raht ihn zu sich zu nemen gewesen noch zu wunschen so ists doch gewisslich erhort worden ad animae salutem zu seiner ewigen seelen seligkeit und heist freylich abermal er wird den todt nicht schmecken ewiglich
508113,body,112,0,False,[35],Entlichen ſchlieſſe vnd ſage ich/ das diſer Spruch gentzlich vnnd vnzweifenlich an jhme; füllet ſey: Wegen des Chriſtlichẽn ſanfften/ Vernünfftigen/ vnd recht Gottſeligen Abſchieds/ den er von diſer Welt/ nach außgeſtandenem Creutze vnd langwirigen Schmertzen/ genommen hat.,entlichen ſchlieſſe vnd ſage ich das diſer spruch gentzlich vnnd vnzweifenlich an jhme füllet ſey wegen des chriſtlichẽn ſanfften vernünfftigen vnd recht gottſeligen abſchieds den er von diſer welt nach außgeſtandenem creutze vnd langwirigen schmertzen genommen hat,entlichen schliesse und sage ich das diser spruch gentzlich unnd unzweifenlich an ihme fullet sey wegen des christlichenn sanfften uernunfftigen und recht gottseligen abschieds den er uon diser welt nach aussgestandenem creutze und langwirigen schmertzen genommen hat
508113,body,112,1,False,[35],Denn nach dem ſich ſein ſeliges Ende herbey genahet/ hat er ſich/ wie zuvorn allewege/ in den gnedigen willen Gottes mit höchſter gedult ergeben/ mit ſietigem ſenfftzern vnd Gebet zum ſeligen Abſchied gleichſam præpariret/ auch aller zeitlichen vnd weltlichen ſachen gantz vnd gar entſchlagen/ vñ mit lauter Geiſtlichen vnd Himliſchen gedancken vmbgangen.,denn nach dem ſich ſein ſeliges ende herbey genahet hat er ſich wie zuvorn allewege in den gnedigen willen gottes mit höchſter gedult ergeben mit ſietigem ſenfftzern vnd gebet zum ſeligen abſchied gleichſam præpariret auch aller zeitlichen vnd weltlichen ſachen gantz vnd gar entſchlagen vñ mit lauter geiſtlichen vnd himliſchen gedancken vmbgangen,denn nach dem sich sein seliges ende herbey genahet hat er sich wie zuuorn allewege in den gnedigen willen gottes mit hochster gedult ergeben mit sietigem senfftzern und gebet zum seligen abschied gleichsam praepariret auch aller zeitlichen und weltlichen sachen gantz und gar entschlagen und mit lauter geistlichen und himlischen gedancken umbgangen
508113,body,112,2,False,[35],Am Sontag zuvorn ehe den S. Veſt folgenden Tages ſeliglich entſchlaffen/ als heute Achttage/ hat das Gottſelige Hertz von freyen gemüth vnd auß lauter andacht ſeine Liebe Haußfraw gefragt/ was man für ein Evangelium habe?,am sontag zuvorn ehe den s veſt folgenden tages ſeliglich entſchlaffen als heute achttage hat das gottſelige hertz von freyen gemüth vnd auß lauter andacht ſeine liebe haußfraw gefragt was man für ein evangelium habe,am sontag zuuorn ehe den s uest folgenden tages seliglich entschlaffen als heute achttage hat das gottselige hertz uon freyen gemuth und auss lauter andacht seine liebe haussfraw gefragt was man fur ein euangelium habe
508113,body,112,3,False,[35],Vnd da jhme dieſelbe geantwortet: Es ſey das Evangelium vom verlornen Schaf vnd Groſchen/ hat er alſo balden ſeine Händ zuſam̃en geleget/ ſein Hertz/ Augen vnd Gemüth gehn Himmel auffgehoben/ vnd geſagt: Ach Herr Jeſu ſey dirs Lob vnd Danck geſagt/ das du daß verlorne Schäflein vnd Groſchen wider funden/ du wirſt mich heute auch als dein armes verlornen Schäflein ſuchen vnnd finden/ vnd auff dein H. Achſellegen.,vnd da jhme dieſelbe geantwortet es ſey das evangelium vom verlornen schaf vnd groſchen hat er alſo balden ſeine händ zuſam̃en geleget ſein hertz augen vnd gemüth gehn himmel auffgehoben vnd geſagt ach herr jeſu ſey dirs lob vnd danck geſagt das du daß verlorne schäflein vnd groſchen wider funden du wirſt mich heute auch als dein armes verlornen schäflein ſuchen vnnd finden vnd auff dein h achſellegen,und da ihme dieselbe geantwortet es sey das euangelium uom uerlornen schaf und groschen hat er also balden seine hand zusammen geleget sein hertz augen und gemuth gehn himmel auffgehoben und gesagt ach herr iesu sey dirs lob und danck gesagt das du dass uerlorne schaflein und groschen wider funden du wirst mich heute auch als dein armes uerlornen schaflein suchen unnd finden und auff dein h achsellegen
508113,body,112,4,False,[35],Auch ferner dieſe Wort hinzu gethan: Jch bin ſo von Hertzen darob erfrewet/ als mich etwas in meinem gantzen Kreiſten erfrewet hat/ das ich das gehört/ Ob Gott wil/ hat er mich heute auch geſucht/ vnd als ſein verlohren Schäfflein gefunden.,auch ferner dieſe wort hinzu gethan jch bin ſo von hertzen darob erfrewet als mich etwas in meinem gantzen kreiſten erfrewet hat das ich das gehört ob gott wil hat er mich heute auch geſucht vnd als ſein verlohren schäfflein gefunden,auch ferner diese wort hinzu gethan ich bin so uon hertzen darob erfrewet als mich etwas in meinem gantzen kreisten erfrewet hat das ich das gehort ob gott wil hat er mich heute auch gesucht und als sein uerlohren schafflein gefunden
508113,body,112,5,False,[35],Vnd ſolche Gottſelige rede hat der fromme Juncker denſelben Tag vber etlich mal von ſich ſelbſt angefangen zu wiederholen/ vnd ſich hertzlich damit getröſtet/ daß andere Chriſtliche Adelsperſonen/ ſo ſolches zu vnterſchiedenen malen von jhm vernommen ſich höchlich darob verwundert.,vnd ſolche gottſelige rede hat der fromme juncker denſelben tag vber etlich mal von ſich ſelbſt angefangen zu wiederholen vnd ſich hertzlich damit getröſtet daß andere chriſtliche adelsperſonen ſo ſolches zu vnterſchiedenen malen von jhm vernommen ſich höchlich darob verwundert,und solche gottselige rede hat der fromme iuncker denselben tag uber etlich mal uon sich selbst angefangen zu wiederholen und sich hertzlich damit getrostet dass andere christliche adelspersonen so solches zu unterschiedenen malen uon ihm uernommen sich hochlich darob uerwundert
508113,body,112,6,False,[36],Vnd dergleichen Gottſelige Wort hat er kurtz zuvor von Culmbach auß an Herꝛn Johan Wülcker Pfarrheꝛrn zu Lonerſtad geſchrieben/ nach dem er ſeinen betrübten zuſtand vormeldet/ folget in Schreiben: Hæc & millies in infinitum majora commerui: Sed quid faciam niſi recurrere filius perditus implorare auxilia patris: Deus ergo mei miſereatur: Tu pro me unâ cum Eccleſia tua & parvulis infantibus funde preces.,vnd dergleichen gottſelige wort hat er kurtz zuvor von culmbach auß an herꝛn johan wülcker pfarrheꝛrn zu lonerſtad geſchrieben nach dem er ſeinen betrübten zuſtand vormeldet folget in schreiben hæc & millies in infinitum majora commerui sed quid faciam niſi recurrere filius perditus implorare auxilia patris deus ergo mei miſereatur tu pro me unâ cum eccleſia tua & parvulis infantibus funde preces,und dergleichen gottselige wort hat er kurtz zuuor uon culmbach auss an hern iohan wulcker pfarrhern zu lonerstad geschrieben nach dem er seinen betrubten zustand uormeldet folget in schreiben haec et millies in infinitum maiora commerui sed quid faciam nisi recurrere filius perditus implorare auxilia patris deus ergo mei misereatur tu pro me una cum ecclesia tua et paruulis infantibus funde preces
508113,body,112,7,False,[36],Spero in miſericordiâ Dei: Deus etiam reſpiciet preces veſtras ad beneplacitum ſui: Jch habe nicht allein diß/ ſondern tauſentmal mehrers wol verdienet/ aber ich wil mit dem verlornen Sohne vmb kehren/ vnd Gott meinen Himliſchen Vatter vmb Hülff vnd Gnad bitten.,spero in miſericordiâ dei deus etiam reſpiciet preces veſtras ad beneplacitum ſui jch habe nicht allein diß ſondern tauſentmal mehrers wol verdienet aber ich wil mit dem verlornen sohne vmb kehren vnd gott meinen himliſchen vatter vmb hülff vnd gnad bitten,spero in misericordia dei deus etiam respiciet preces uestras ad beneplacitum sui ich habe nicht allein diss sondern tausentmal mehrers wol uerdienet aber ich wil mit dem uerlornen sohne umb kehren und gott meinen himlischen uatter umb hulff und gnad bitten
508113,body,112,8,True,[36],Gott wird ſich meiner annehmen vnd erbarmen ꝛc.,gott wird ſich meiner annehmen vnd erbarmen ꝛc,gott wird sich meiner annehmen und erbarmen c
508113,body,113,0,False,[36],Darauß freylich gnugſam zu ſpüren ſein feſtes vertrawen auf Gott vnd ſein H. Wort/ auff ſeine Gnad vnd Barmhertzigkeit vnd wie gantz vnd gar er ſeine Hoffnung alleine zu jhme geſtellet.,darauß freylich gnugſam zu ſpüren ſein feſtes vertrawen auf gott vnd ſein h wort auff ſeine gnad vnd barmhertzigkeit vnd wie gantz vnd gar er ſeine hoffnung alleine zu jhme geſtellet,darauss freylich gnugsam zu spuren sein festes uertrawen auf gott und sein h wort auff seine gnad und barmhertzigkeit und wie gantz und gar er seine hoffnung alleine zu ihme gestellet
508113,body,113,1,True,[36],Derſelbe fromme Gott hat jhn auch in ſolcher ſeiner beſtendigen Hoffnung nit laſſen zu ſchanden werden/ ſondern bald folgends Montags ſein Gebet vnd Seufftzer erhöret/ vnd S. Veſt. ſeliger vmb 8. vhr zu früe/ als dieſelben zuvorn eine feine leichterung ankommen/ auffm Bett zu ſitzen begeꝛt vnd geſagt/ wie ſie gar fein vnd ſanfft ruheten/ vnd gar keinen Schmertzen fühleten/ bald gleich zuſehens gantz ſanfft/ ſtil/ mit guter Vernunfft/ auch ohne empfindung einiges Todes ſchmertzens/ einſchlaffen laſſen/ vñ alſo von dem langwirigen außgeſtandẽ groſſen Schmertzen/ im 44 Jahr ſeines Alters gentzlich in gnaden erloͤſet/ vnd ohne zweifel an S. Veſt. folgents gantz wahr gemacht das thewer Wort: Warlich Warlich ich ſage euch/ ſo jemand mein wort wird halten/ der wirdt den Tod nicht ſchmecken ewiglich.,derſelbe fromme gott hat jhn auch in ſolcher ſeiner beſtendigen hoffnung nit laſſen zu ſchanden werden ſondern bald folgends montags ſein gebet vnd seufftzer erhöret vnd s veſt ſeliger vmb vhr zu früe als dieſelben zuvorn eine feine leichterung ankommen auffm bett zu ſitzen begeꝛt vnd geſagt wie ſie gar fein vnd ſanfft ruheten vnd gar keinen schmertzen fühleten bald gleich zuſehens gantz ſanfft ſtil mit guter vernunfft auch ohne empfindung einiges todes ſchmertzens einſchlaffen laſſen vñ alſo von dem langwirigen außgeſtandẽ groſſen schmertzen im jahr ſeines alters gentzlich in gnaden erloͤſet vnd ohne zweifel an s veſt folgents gantz wahr gemacht das thewer wort warlich warlich ich ſage euch ſo jemand mein wort wird halten der wirdt den tod nicht ſchmecken ewiglich,derselbe fromme gott hat ihn auch in solcher seiner bestendigen hoffnung nit lassen zu schanden werden sondern bald folgends montags sein gebet und seufftzer erhoret und s uest seliger umb uhr zu frue als dieselben zuuorn eine feine leichterung ankommen auffm bett zu sitzen beget und gesagt wie sie gar fein und sanfft ruheten und gar keinen schmertzen fuhleten bald gleich zusehens gantz sanfft stil mit guter uernunfft auch ohne empfindung einiges todes schmertzens einschlaffen lassen und also uon dem langwirigen aussgestanden grossen schmertzen im iahr seines alters gentzlich in gnaden erloset und ohne zweifel an s uest folgents gantz wahr gemacht das thewer wort warlich warlich ich sage euch so iemand mein wort wird halten der wirdt den tod nicht schmecken ewiglich
508113,body,114,0,False,[36],Wuͤnſchen demnach S. Veſt. hiermit eine ſanffte vund ſehlige ruhe/ der Adelichen betrübten Wittib vnd gantzen Freundſchafft von Gott beſtendigen Troſt/ vnd entlichen jhnen vnd vns allen auch zur zeit vnſers Sterbſtündleins eine Friedſame vnd Selige heimfahrt/ vnd am zukünfftigen Jüngſten tag mit allen Außerwehlten eine fröliche Aufferſtehung zum ewigen Leben.,wuͤnſchen demnach s veſt hiermit eine ſanffte vund ſehlige ruhe der adelichen betrübten wittib vnd gantzen freundſchafft von gott beſtendigen troſt vnd entlichen jhnen vnd vns allen auch zur zeit vnſers sterbſtündleins eine friedſame vnd selige heimfahrt vnd am zukünfftigen jüngſten tag mit allen außerwehlten eine fröliche aufferſtehung zum ewigen leben,wunschen demnach s uest hiermit eine sanffte uund sehlige ruhe der adelichen betrubten wittib und gantzen freundschafft uon gott bestendigen trost und entlichen ihnen und uns allen auch zur zeit unsers sterbstundleins eine friedsame und selige heimfahrt und am zukunfftigen iungsten tag mit allen ausserwehlten eine froliche aufferstehung zum ewigen leben
508113,body,114,1,True,[36],Die verleyhe vnd gebe vns allen mit gnaden Gott Vatter/ Sohn vnd H. Geiſt/ hochgelobet in alle Ewigkeit/ Amen/ Amen/ Amen.,die verleyhe vnd gebe vns allen mit gnaden gott vatter sohn vnd h geiſt hochgelobet in alle ewigkeit amen amen amen,die uerleyhe und gebe uns allen mit gnaden gott uatter sohn und h geist hochgelobet in alle ewigkeit amen amen amen
508113,head,115,0,True,[37],Appendix,appendix,appendix
508113,body,116,0,False,[37],Extract auß etlichen ſchreiben/ ſo vnſer verſtorbener Juncker ſeliger kurtz verruckter zeit zu vnterſchiedenen mahlen abgehen laſſen/ darauß ſein Chriſtliches Gottſeliges Hertz gnugſam verſtanden/ vnd dadurch vorgethaner Bericht confirmiret wird.,extract auß etlichen ſchreiben ſo vnſer verſtorbener juncker ſeliger kurtz verruckter zeit zu vnterſchiedenen mahlen abgehen laſſen darauß ſein chriſtliches gottſeliges hertz gnugſam verſtanden vnd dadurch vorgethaner bericht confirmiret wird,extract auss etlichen schreiben so unser uerstorbener iuncker seliger kurtz uerruckter zeit zu unterschiedenen mahlen abgehen lassen darauss sein christliches gottseliges hertz gnugsam uerstanden und dadurch uorgethaner bericht confirmiret wird
508113,body,116,1,True,[37],Ex Autographo.,ex autographo,ex autographo
508113,head,117,0,True,[37],REVERENDO IOHANni Wolckero Pastori In LONERSTAD AMICO SUO INTEGER RIMO Et Venerando.,reverendo iohanni wolckero pastori in lonerstad amico suo integer rimo et venerando,reuerendo iohanni wolckero pastori in lonerstad amico suo integer rimo et uenerando
508113,body,118,0,False,[37],"REverende & integerrime paſtor amice venerande, quod nobis reliquum fecit & nuptiarum ſolennitas & frequens amicorum præſentia id partim tibi Communicamus: ijsfuere ad ſanitatem quam tibi votis meis à Deo expeto, oro & flagito.",reverende & integerrime paſtor amice venerande quod nobis reliquum fecit & nuptiarum ſolennitas & frequens amicorum præſentia id partim tibi communicamus ijsfuere ad ſanitatem quam tibi votis meis à deo expeto oro & flagito,reuerende et integerrime pastor amice uenerande quod nobis reliquum fecit et nuptiarum solennitas et frequens amicorum praesentia id partim tibi communicamus iisfuere ad sanitatem quam tibi uotis meis a deo expeto oro et flagito
508113,body,118,1,False,[37],Tu pro eo quo nos proſequeris amore noli delaſſarier preces pro nob. fundere.,tu pro eo quo nos proſequeris amore noli delaſſarier preces pro nob fundere,tu pro eo quo nos prosequeris amore noli delassarier preces pro nob fundere
508113,body,118,2,True,[37],"Vt ni nuper filiolam illam juvit parentis fides ad reſuſcitationem: Ita confido me tuis tuæq; Eccleſiæ precibus quoq; â miſericorde Deo conſecuturũ reſuſcitationem à Peccatis in vitam novam, & fidem veram frugiferamq;: Vale & me meosq; ama.",vt ni nuper filiolam illam juvit parentis fides ad reſuſcitationem ita confido me tuis tuæq eccleſiæ precibus quoq â miſericorde deo conſecuturũ reſuſcitationem à peccatis in vitam novam & fidem veram frugiferamq vale & me meosq ama,ut ni nuper filiolam illam iuuit parentis fides ad resuscitationem ita confido me tuis tuaeq ecclesiae precibus quoq a misericorde deo consecuturum resuscitationem a peccatis in uitam nouam et fidem ueram frugiferamq uale et me meosq ama
508113,body,119,0,True,[37],Vnd in einem andern ſchreiben an vorbemelten Herrn Pfarrern/ vnd faſt gleichen worten auch an mich.,vnd in einem andern ſchreiben an vorbemelten herrn pfarrern vnd faſt gleichen worten auch an mich,und in einem andern schreiben an uorbemelten herrn pfarrern und fast gleichen worten auch an mich
508113,body,120,0,False,[37],"CHariſſime in Dn. & Pater & fiater: Si qua in re tibi potero eſſe vſui & commodo, audacter poſtula, prò viribus te tuebor: Et non de ero ſtudijs tuis: Novi proximum eſſe diligendum, modò facerem, & me Deus dignum iudicaret qui ſuis poſſem eſſe auxilio: Nil peto à te nil exigo niſi preces in renovationem mei ut ex terra Ægyptiaca ſervitutis peccatorũ in terram promiſſionis vitæ regeneratæ transponar.",chariſſime in dn & pater & fiater si qua in re tibi potero eſſe vſui & commodo audacter poſtula prò viribus te tuebor et non de ero ſtudijs tuis novi proximum eſſe diligendum modò facerem & me deus dignum iudicaret qui ſuis poſſem eſſe auxilio nil peto à te nil exigo niſi preces in renovationem mei ut ex terra ægyptiaca ſervitutis peccatorũ in terram promiſſionis vitæ regeneratæ transponar,charissime in dn et pater et fiater si qua in re tibi potero esse usui et commodo audacter postula pro uiribus te tuebor et non de ero studiis tuis noui proximum esse diligendum modo facerem et me deus dignum iudicaret qui suis possem esse auxilio nil peto a te nil exigo nisi preces in renouationem mei ut ex terra aegyptiaca seruitutis peccatorum in terram promissionis uitae regeneratae transponar
508113,body,120,1,False,[38],Vxor partui eſt vicina neſcio quid metuit.,vxor partui eſt vicina neſcio quid metuit,uxor partui est uicina nescio quid metuit
508113,body,120,2,False,[38],"Rogo iterum Ora pro nobis ut ſit nebis coi pœnitens, & vitæ emendandæ ſincerum propoſitum: Vt Deus etiam nobis ſtabili providentia in æternam ſalutem conſervet Et reſiduum Vitæ in vera fide & charitate erga proximum tranſigamus & ita Deus à nobis omnibus laudetur: Cui ſit honor & gloria in ſecula ſeculorum Amen.",rogo iterum ora pro nobis ut ſit nebis coi pœnitens & vitæ emendandæ ſincerum propoſitum vt deus etiam nobis ſtabili providentia in æternam ſalutem conſervet et reſiduum vitæ in vera fide & charitate erga proximum tranſigamus & ita deus à nobis omnibus laudetur cui ſit honor & gloria in ſecula ſeculorum amen,rogo iterum ora pro nobis ut sit nebis coi poenitens et uitae emendandae sincerum propositum ut deus etiam nobis stabili prouidentia in aeternam salutem conseruet et residuum uitae in uera fide et charitate erga proximum transigamus et ita deus a nobis omnibus laudetur cui sit honor et gloria in secula seculorum amen
508113,body,120,3,True,[38],Vale amantiſſime vir.,vale amantiſſime vir,uale amantissime uir
508113,body,121,0,True,[38],Ad Eundem.,ad eundem,ad eundem
508113,body,122,0,False,[38],"NIl habeo quod à te requiram, niſi ut pro ea charitate qua me complecteris aſſiduè precibus apud miſericordem Deum inſies, ut me vera fide, agnitione peccatorum vera. vera pœnitentia benedicat: Plurimum enim proborum preces valent, & ego illi opus habeo memor illiusdicti: Ieſus a reſpiciens ſidem illorum ſanauit paralyticum de tecto demiſſum.",nil habeo quod à te requiram niſi ut pro ea charitate qua me complecteris aſſiduè precibus apud miſericordem deum inſies ut me vera fide agnitione peccatorum vera vera pœnitentia benedicat plurimum enim proborum preces valent & ego illi opus habeo memor illiusdicti ieſus a reſpiciens ſidem illorum ſanauit paralyticum de tecto demiſſum,nil habeo quod a te requiram nisi ut pro ea charitate qua me complecteris assidue precibus apud misericordem deum insies ut me uera fide agnitione peccatorum uera uera poenitentia benedicat plurimum enim proborum preces ualent et ego illi opus habeo memor illiusdicti iesus a respiciens sidem illorum sanauit paralyticum de tecto demissum
508113,body,122,1,True,[38],"De cæteris noli eſſe ſolicitus, imo volo ut quæ ſunt in mea poteſtate ſint & tua: nec certè deerit ſpeto occaſio quin opere ſim meam erga te charitatemn onſtratuius, non ore: Memor: Filioline diligamus ore ſed opere: Iterum dice, imo velo, ut hæc ſint plano animo tuo certa me te in æternum non deſerturum, id eſt, quam diu vixero.",de cæteris noli eſſe ſolicitus imo volo ut quæ ſunt in mea poteſtate ſint & tua nec certè deerit ſpeto occaſio quin opere ſim meam erga te charitatemn onſtratuius non ore memor filioline diligamus ore ſed opere iterum dice imo velo ut hæc ſint plano animo tuo certa me te in æternum non deſerturum id eſt quam diu vixero,de caeteris noli esse solicitus imo uolo ut quae sunt in mea potestate sint et tua nec certe deerit speto occasio quin opere sim meam erga te charitatemn onstratuius non ore memor filioline diligamus ore sed opere iterum dice imo uelo ut haec sint plano animo tuo certa me te in aeternum non deserturum id est quam diu uixero
508113,body,123,0,True,[38],Jn einem andern ſchreiben ſtehen diſe Wort.,jn einem andern ſchreiben ſtehen diſe wort,in einem andern schreiben stehen dise wort
508113,body,124,0,False,[38],"ORa pro me, ut Deus mihi det pro infinita miſericordia ſua cor mundum, cor pœnitens, & ut miſereatur Deus miſerrimi peccatoris, qui illum tot meis & infinitis transgreſſionibus offendi, faciendo mala, negligendo bona.",ora pro me ut deus mihi det pro infinita miſericordia ſua cor mundum cor pœnitens & ut miſereatur deus miſerrimi peccatoris qui illum tot meis & infinitis transgreſſionibus offendi faciendo mala negligendo bona,ora pro me ut deus mihi det pro infinita misericordia sua cor mundum cor poenitens et ut misereatur deus miserrimi peccatoris qui illum tot meis et infinitis transgressionibus offendi faciendo mala negligendo bona
508113,body,124,1,False,[38],"Item ut me in vera fide confirmet, me & uxorem meam gravidam in numerum filiorum Dei vna cum familia mea recipiat: Nil petimus oramus & rogamus, niſi miſericordiam Dei & cordis ſinceritatem, ut exuto veteri homine novum in ſanctitate vitæ & charitate proximi ad beneplacitum Domini induamus.",item ut me in vera fide confirmet me & uxorem meam gravidam in numerum filiorum dei vna cum familia mea recipiat nil petimus oramus & rogamus niſi miſericordiam dei & cordis ſinceritatem ut exuto veteri homine novum in ſanctitate vitæ & charitate proximi ad beneplacitum domini induamus,item ut me in uera fide confirmet me et uxorem meam grauidam in numerum filiorum dei una cum familia mea recipiat nil petimus oramus et rogamus nisi misericordiam dei et cordis sinceritatem ut exuto ueteri homine nouum in sanctitate uitae et charitate proximi ad beneplacitum domini induamus
508113,body,124,2,False,[38],Vale vir amantiſſime.,vale vir amantiſſime,uale uir amantissime
508113,body,124,3,True,[38],"Vale, & nos ama: & pro nobis ora.",vale & nos ama & pro nobis ora,uale et nos ama et pro nobis ora
508113,body,125,0,True,[38],Letzlichen/ als obangedeut S. Veſt. im abreiſen auch an mich geſchrieben/ haben dieſelben auch dergleichen an Herꝛn Wolckerum dergleichen Wort gebraucht.,letzlichen als obangedeut s veſt im abreiſen auch an mich geſchrieben haben dieſelben auch dergleichen an herꝛn wolckerum dergleichen wort gebraucht,letzlichen als obangedeut s uest im abreisen auch an mich geschrieben haben dieselben auch dergleichen an hern wolckerum dergleichen wort gebraucht
508113,body,126,0,False,[38],A Mantiſſime & Chariſſime VVolckere.,a mantiſſime & chariſſime vvolckere,a mantissime et charissime uuolckere
508113,body,126,1,False,[38],"Non potui non literas has ad te earare mæroris licet plenas, ut te ſocium precum imò ut preces tuas expetam: Filia mihi eſt in Frensdorff, quæ graviſſimo quodam morbo laborat.",non potui non literas has ad te earare mæroris licet plenas ut te ſocium precum imò ut preces tuas expetam filia mihi eſt in frensdorff quæ graviſſimo quodam morbo laborat,non potui non literas has ad te earare maeroris licet plenas ut te socium precum imo ut preces tuas expetam filia mihi est in frensdorff quae grauissimo quodam morbo laborat
508113,body,126,2,False,[39],Et morbus in dies ſe auget.,et morbus in dies ſe auget,et morbus in dies se auget
508113,body,126,3,False,[39],Ego ratione tumorum pedum meorum multoties & ſæpius conſului medicos: Conſulunt ambo ut eamus ad acidulas.,ego ratione tumorum pedum meorum multoties & ſæpius conſului medicos conſulunt ambo ut eamus ad acidulas,ego ratione tumorum pedum meorum multoties et saepius consului medicos consulunt ambo ut eamus ad acidulas
508113,body,126,4,False,[39],Faxit Deus ut bene cedat iter: Conſtituimus Deo volente obedire illorum placitis.,faxit deus ut bene cedat iter conſtituimus deo volente obedire illorum placitis,faxit deus ut bene cedat iter constituimus deo uolente obedire illorum placitis
508113,body,126,5,False,[39],"Te igiturrogo ut preces pro nobis fundas, certèſpero omnia in miſericordia Dei, & multum & tuæ Eccleſiæ & tuarum precum maximus ſum æſtimator: Siergo me (licet indignum membrum) amas, habe & me & filiolam commendatam morbus meus etiã ingraveſcit, jam venter intumeſcit.",te igiturrogo ut preces pro nobis fundas certèſpero omnia in miſericordia dei & multum & tuæ eccleſiæ & tuarum precum maximus ſum æſtimator siergo me licet indignum membrum amas habe & me & filiolam commendatam morbus meus etiã ingraveſcit jam venter intumeſcit,te igiturrogo ut preces pro nobis fundas certespero omnia in misericordia dei et multum et tuae ecclesiae et tuarum precum maximus sum aestimator siergo me licet indignum membrum amas habe et me et filiolam commendatam morbus meus etiam ingrauescit iam uenter intumescit
508113,body,126,6,False,[39],"Deo omnia commendo & committo, quem ſubditus oro, ut omnia cedant in ſolius ſui nominis gloriã & animæ noſtræ ſalutem.",deo omnia commendo & committo quem ſubditus oro ut omnia cedant in ſolius ſui nominis gloriã & animæ noſtræ ſalutem,deo omnia commendo et committo quem subditus oro ut omnia cedant in solius sui nominis glorian et animae nostrae salutem
508113,body,126,7,False,[39],Interim nos vera fide & conſtantia armet ut humiliſſimè obediamus.,interim nos vera fide & conſtantia armet ut humiliſſimè obediamus,interim nos uera fide et constantia armet ut humilissime obediamus
508113,body,126,8,False,[39],"Vale amantiſſime frater, & quotidie pro nobis manè & Veſperi preces funde.",vale amantiſſime frater & quotidie pro nobis manè & veſperi preces funde,uale amantissime frater et quotidie pro nobis mane et uesperi preces funde
508113,body,126,9,True,[39],"Eleemoſynæ non deerunt. vtinam a. correſipiſcens faceret & officiũ debitum: Age in Domino ſperemus, Fiat miſericordia ſuper nos quemadmodum ſperavimus in eum: In illo vivamus & moriamur ut eſt beneplacitum ei: Vale & nos ama & precibus adjuva.",eleemoſynæ non deerunt vtinam a correſipiſcens faceret & officiũ debitum age in domino ſperemus fiat miſericordia ſuper nos quemadmodum ſperavimus in eum in illo vivamus & moriamur ut eſt beneplacitum ei vale & nos ama & precibus adjuva,eleemosynae non deerunt utinam a corresipiscens faceret et officium debitum age in domino speremus fiat misericordia super nos quemadmodum sperauimus in eum in illo uiuamus et moriamur ut est beneplacitum ei uale et nos ama et precibus adiuua
508113,body,127,0,True,[39],FINIS.,finis,finis
