doc_id,block_type,para_id,sent_id,is_para_final,page_n,textstring_orig,textstring_rich,textstring_simple
sattler_predigt_1613,head,0,0,True,1,Eine Predigt / Von der Oberkeit/ Gethan bey der Begräbnuß Des Weyland Hochwürdigen / Durchleuchtigen / Hochgebornen Fürſten vnd Herrn/ Herrn Heinrich Julij/ Poſtulirten Biſchoffen des Stiffts Halberſtadt / vnd Hertzogen zu Braunſchweig vnd Lüneburg/hochlöblicher gedechtnuß/ den 4. Octobr. 1613. zu Wolffenbüttel. Durch Baſilium Sattler/ D. Hoffprediger daſelbſt. Gedruckt zu Magdeburg bey Peter Schmieden/ ANNO 1613.,eine predigt von der oberkeit gethan bey der begräbnuß des weyland hochwürdigen durchleuchtigen hochgebornen fürſten vnd herrn herrn heinrich julij poſtulirten biſchoffen des stiffts halberſtadt vnd hertzogen zu braunſchweig vnd lüneburg hochlöblicher gedechtnuß den octobr zu wolffenbüttel durch baſilium sattler d hoffprediger daſelbſt gedruckt zu magdeburg bey peter schmieden anno,eine predigt uon der oberkeit gethan bey der begrabnuss des weyland hochwurdigen durchleuchtigen hochgebornen fursten und herrn herrn heinrich iulii postulirten bischoffen des stiffts halberstadt und hertzogen zu braunschweig und luneburg hochloblicher gedechtnuss den octobr zu wolffenbuttel durch basilium sattler d hoffprediger daselbst gedruckt zu magdeburg bey peter schmieden anno
sattler_predigt_1613,head,1,0,False,2,Also schreibt Sanct.,also schreibt sanct,also schreibt sanct
sattler_predigt_1613,head,1,1,True,2,Paulus 1. Timoth. 2.,paulus timoth,paulus timoth
sattler_predigt_1613,body,2,0,False,2,SOermane ich nu / das man für allen dingen zuerst thue / Bitte / Gebet / Für bitt vñ Dancksagung / für alle Menschen / für die Könige vnd für alle Obrigkeit / auff das wir ein geruglich vnd stilles leben führen mögen in aller Gottseligkeit vnd Erbarkeit.,soermane ich nu das man für allen dingen zuerst thue bitte gebet für bitt vñ dancksagung für alle menschen für die könige vnd für alle obrigkeit auff das wir ein geruglich vnd stilles leben führen mögen in aller gottseligkeit vnd erbarkeit,soermane ich nu das man fur allen dingen zuerst thue bitte gebet fur bitt und dancksagung fur alle menschen fur die konige und fur alle obrigkeit auff das wir ein geruglich und stilles leben fuhren mogen in aller gottseligkeit und erbarkeit
sattler_predigt_1613,body,2,1,True,2,Denn solches ist gut / darzu auch angenehme für Gott vnserm Heylandt / welcher wil / das allen Menschen geholffen werde / vnnd zur erkendtniß der Warheit kommen: Denn es ist ein Gott / vnd ein Mittler zwischen Gott vnd den Menschen / nemblich / der Mensch Christus Jesus / der sich selbst gegeben hat für alle zur Erlösung das solches zu seiner zeit geprediget würde. etc.,denn solches ist gut darzu auch angenehme für gott vnserm heylandt welcher wil das allen menschen geholffen werde vnnd zur erkendtniß der warheit kommen denn es ist ein gott vnd ein mittler zwischen gott vnd den menschen nemblich der mensch christus jesus der sich selbst gegeben hat für alle zur erlösung das solches zu seiner zeit geprediget würde etc,denn solches ist gut darzu auch angenehme fur gott unserm heylandt welcher wil das allen menschen geholffen werde unnd zur erkendtniss der warheit kommen denn es ist ein gott und ein mittler zwischen gott und den menschen nemblich der mensch christus iesus der sich selbst gegeben hat fur alle zur erlosung das solches zu seiner zeit geprediget wurde etc
sattler_predigt_1613,head,3,0,True,2,Predigt.,predigt,predigt
sattler_predigt_1613,body,4,0,True,2,WIr lesen im andern Buch der Chronie: am 35. Cap. Als der König Josia gestorben / das gantze Juda vnnd Jerusalem vmb jhn Leydt getragen / Ja der Prophet Jeremia jhn beklagt / vnd alle Senger / Sengerin jre Klaglieder vber jhn geredt / welches auch lange zeit hernach im brauch geblieben Vnd ist solchs nicht wunder / deñ er vber Gottes Wort gehalten / vnd also Rigieret / das / wie im 34. Cap stehet / so lang Josia lebete / das Volck nicht weiche von dem HErren jhrer Vater Gott.,wir lesen im andern buch der chronie am cap als der könig josia gestorben das gantze juda vnnd jerusalem vmb jhn leydt getragen ja der prophet jeremia jhn beklagt vnd alle senger sengerin jre klaglieder vber jhn geredt welches auch lange zeit hernach im brauch geblieben vnd ist solchs nicht wunder deñ er vber gottes wort gehalten vnd also rigieret das wie im cap stehet so lang josia lebete das volck nicht weiche von dem herren jhrer vater gott,wir lesen im andern buch der chronie am cap als der konig iosia gestorben das gantze iuda unnd ierusalem umb ihn leydt getragen ia der prophet ieremia ihn beklagt und alle senger sengerin ire klaglieder uber ihn geredt welches auch lange zeit hernach im brauch geblieben und ist solchs nicht wunder denn er uber gottes wort gehalten und also rigieret das wie im cap stehet so lang iosia lebete das uolck nicht weiche uon dem herren ihrer uater gott
sattler_predigt_1613,body,5,0,True,2,So beklagt auch David / vnd rühmt in einem Liedt den Köuig Saul / der gleichwol grosse mängel an sich gehabt / vnd darzu jhn verfolgt / das er als ein Oberkeit / Land vnd Leuten viel guts erzeiget / 2. Sam. 1.,so beklagt auch david vnd rühmt in einem liedt den köuig saul der gleichwol grosse mängel an sich gehabt vnd darzu jhn verfolgt das er als ein oberkeit land vnd leuten viel guts erzeiget sam,so beklagt auch dauid und ruhmt in einem liedt den kouig saul der gleichwol grosse mangel an sich gehabt und darzu ihn uerfolgt das er als ein oberkeit land und leuten uiel guts erzeiget sam
sattler_predigt_1613,body,6,0,True,3,Damit vns dann der Heilige Geist lehret / das wir die liebe Oberkeit nicht allein in jhrem leben / sondern auch nach jhrem Todt ehren / vnd mit Danckbarkeit sie vnd jhre Wolthaten rühmen sollen.,damit vns dann der heilige geist lehret das wir die liebe oberkeit nicht allein in jhrem leben sondern auch nach jhrem todt ehren vnd mit danckbarkeit sie vnd jhre wolthaten rühmen sollen,damit uns dann der heilige geist lehret das wir die liebe oberkeit nicht allein in ihrem leben sondern auch nach ihrem todt ehren und mit danckbarkeit sie und ihre wolthaten ruhmen sollen
sattler_predigt_1613,body,7,0,False,3,Die weil nun eben das grosse vnglück / welchs daß mahl den Kindern Israel vbergangen / vns jtziger zeit auch getroffen hat / die Kron vnsers Häupts ist abgefallen / der gesalbte des HErrn / der vnser Trost war / vnter des Schatten wir wohneten / ist dahin / Denn es hat Gott den Weylandt Hochwürdigen Durchleuchtigen vnd Hochgebornen Fürsten vnd Herrn / Herrn Heinrich Julium / Postulirten Bischoff des Stiffts Halberstad / vñ Hertzogen zu Braunschweig vnd Lüneburg / etc. vnsern gnedigen lieben Landesfürsten vnd Herrn / wie wir hie vor Augen sehen aus diesem leben abgefordert / darumb so beklagen wir billig S. F. Gn. vnd rühmen Gott zu ehren S. F. G. vnd die grossen Wolthaten / die Gott durch diese vnsere liebe hohe Obrigkeit / Landen vnd Leuten / vnd vns allen vber 24. Jahr erzeigt hat.,die weil nun eben das grosse vnglück welchs daß mahl den kindern israel vbergangen vns jtziger zeit auch getroffen hat die kron vnsers häupts ist abgefallen der gesalbte des herrn der vnser trost war vnter des schatten wir wohneten ist dahin denn es hat gott den weylandt hochwürdigen durchleuchtigen vnd hochgebornen fürsten vnd herrn herrn heinrich julium postulirten bischoff des stiffts halberstad vñ hertzogen zu braunschweig vnd lüneburg etc vnsern gnedigen lieben landesfürsten vnd herrn wie wir hie vor augen sehen aus diesem leben abgefordert darumb so beklagen wir billig s f gn vnd rühmen gott zu ehren s f g vnd die grossen wolthaten die gott durch diese vnsere liebe hohe obrigkeit landen vnd leuten vnd vns allen vber jahr erzeigt hat,die weil nun eben das grosse ungluck welchs dass mahl den kindern israel ubergangen uns itziger zeit auch getroffen hat die kron unsers haupts ist abgefallen der gesalbte des herrn der unser trost war unter des schatten wir wohneten ist dahin denn es hat gott den weylandt hochwurdigen durchleuchtigen und hochgebornen fursten und herrn herrn heinrich iulium postulirten bischoff des stiffts halberstad und hertzogen zu braunschweig und luneburg etc unsern gnedigen lieben landesfursten und herrn wie wir hie uor augen sehen aus diesem leben abgefordert darumb so beklagen wir billig s f gn und ruhmen gott zu ehren s f g und die grossen wolthaten die gott durch diese unsere liebe hohe obrigkeit landen und leuten und uns allen uber iahr erzeigt hat
sattler_predigt_1613,body,7,1,True,3,Laßt vns oben die berümbten Leute / spricht Syrach Cap. 44. viel herrliches dinges hat der HErr bey jhnen gethan Wir bitten Gott billig auch zu dieser zeit / da ein new Regiement angeht / das er ferner vns vnd vnser lieben Oberkeit beystehen wolle / vnd wil S. F. Gn. Erstgeborner Sohn / der auch Durchleuchtige Hochgeborne Fürst vnd Herr / Herr Friederich Vlrich Hertzog zu Braunschweig vnd Lüneburg / etc. vnser gnediger Fürst vnd Herr / nu ins Regiment trit / das Gott zu solcher S. F. G. angehenden Regierung sein Väterliche Gnad vnd Segen verleihen wolle.,laßt vns oben die berümbten leute spricht syrach cap viel herrliches dinges hat der herr bey jhnen gethan wir bitten gott billig auch zu dieser zeit da ein new regiement angeht das er ferner vns vnd vnser lieben oberkeit beystehen wolle vnd wil s f gn erstgeborner sohn der auch durchleuchtige hochgeborne fürst vnd herr herr friederich vlrich hertzog zu braunschweig vnd lüneburg etc vnser gnediger fürst vnd herr nu ins regiment trit das gott zu solcher s f g angehenden regierung sein väterliche gnad vnd segen verleihen wolle,lasst uns oben die berumbten leute spricht syrach cap uiel herrliches dinges hat der herr bey ihnen gethan wir bitten gott billig auch zu dieser zeit da ein new regiement angeht das er ferner uns und unser lieben oberkeit beystehen wolle und wil s f gn erstgeborner sohn der auch durchleuchtige hochgeborne furst und herr herr friederich ulrich hertzog zu braunschweig und luneburg etc unser gnediger furst und herr nu ins regiment trit das gott zu solcher s f g angehenden regierung sein uaterliche gnad und segen uerleihen wolle
sattler_predigt_1613,body,8,0,True,3,Das wir nun zu solcher Christlichen Dancksagung vnd hochnötigem Gebet mit Gottes Wort auffgemuntert werden / hab ich diesen Spruch aus der Epistel an den Timotheum ablesen wollen: Denn darin vns Paulus zu solchem Gebet vnnd Dancksagung für die liebe Oberkeit vermahnet.,das wir nun zu solcher christlichen dancksagung vnd hochnötigem gebet mit gottes wort auffgemuntert werden hab ich diesen spruch aus der epistel an den timotheum ablesen wollen denn darin vns paulus zu solchem gebet vnnd dancksagung für die liebe oberkeit vermahnet,das wir nun zu solcher christlichen dancksagung und hochnotigem gebet mit gottes wort auffgemuntert werden hab ich diesen spruch aus der epistel an den timotheum ablesen wollen denn darin uns paulus zu solchem gebet unnd dancksagung fur die liebe oberkeit uermahnet
sattler_predigt_1613,body,9,0,True,4,Wir wollen in Gottes Namen diesen Spruch kürtzlich erkleren / vnd darnach anzeigen / wie wir vns denselben in vnserm gantzen leben / sonderlich aber jtziger zeit zu nutz machen sollen.,wir wollen in gottes namen diesen spruch kürtzlich erkleren vnd darnach anzeigen wie wir vns denselben in vnserm gantzen leben sonderlich aber jtziger zeit zu nutz machen sollen,wir wollen in gottes namen diesen spruch kurtzlich erkleren und darnach anzeigen wie wir uns denselben in unserm gantzen leben sonderlich aber itziger zeit zu nutz machen sollen
sattler_predigt_1613,body,10,0,False,4,Es hat Paulus in dieser Epistel für sich einen jungen Prediger / nemlich Timotheum / den vnterrichtet er trewlich / wie er in seinem Ampt sich verhalten sol.,es hat paulus in dieser epistel für sich einen jungen prediger nemlich timotheum den vnterrichtet er trewlich wie er in seinem ampt sich verhalten sol,es hat paulus in dieser epistel fur sich einen iungen prediger nemlich timotheum den unterrichtet er trewlich wie er in seinem ampt sich uerhalten sol
sattler_predigt_1613,body,10,1,False,4,Vnd nach dem er vorher jhn von beyden Häuptstücken der Christlichen Lehr / vom Gesetz vnd Evangelio / oder von Zehen Geboten vnd Glauben / kürtzlich erinnert / so lehrter jhn auch / wie er sich mit dem Gebet vnd dancksagung gegen Gott / nicht alle in für sein Person / sondern auch in öffentlicher versamblung verhalten sol.,vnd nach dem er vorher jhn von beyden häuptstücken der christlichen lehr vom gesetz vnd evangelio oder von zehen geboten vnd glauben kürtzlich erinnert so lehrter jhn auch wie er sich mit dem gebet vnd dancksagung gegen gott nicht alle in für sein person sondern auch in öffentlicher versamblung verhalten sol,und nach dem er uorher ihn uon beyden hauptstucken der christlichen lehr uom gesetz und euangelio oder uon zehen geboten und glauben kurtzlich erinnert so lehrter ihn auch wie er sich mit dem gebet und dancksagung gegen gott nicht alle in fur sein person sondern auch in offentlicher uersamblung uerhalten sol
sattler_predigt_1613,body,10,2,False,4,Denn Beten vnnd Dancken ist mit ein fürnemb stück des Gottesdiensts / den wir Gott in diesem leben zu Hauß / vnd in öffentlicher versamlung leisten sollen.,denn beten vnnd dancken ist mit ein fürnemb stück des gottesdiensts den wir gott in diesem leben zu hauß vnd in öffentlicher versamlung leisten sollen,denn beten unnd dancken ist mit ein furnemb stuck des gottesdiensts den wir gott in diesem leben zu hauss und in offentlicher uersamlung leisten sollen
sattler_predigt_1613,body,10,3,True,4,Vnd spricht nun der Apostel: so ermane ich / dz man vor allen dingen zu erst thue / Bitt / Gebet / Für bitt vnd Dancksagung für alle Menschen / für die Könige vnd alle Oberkeit / etc,vnd spricht nun der apostel so ermane ich dz man vor allen dingen zu erst thue bitt gebet für bitt vnd dancksagung für alle menschen für die könige vnd alle oberkeit etc,und spricht nun der apostel so ermane ich dz man uor allen dingen zu erst thue bitt gebet fur bitt und dancksagung fur alle menschen fur die konige und alle oberkeit etc
sattler_predigt_1613,body,11,0,False,4,Das redet nun Paulus nicht als ein gemeiner Mann oder privat Person / sondern als ein Apostel / dem Christus solch hohes Ampt im dritten Himmel befohlen / vnnd jhn berichtet / was er lehren solte.,das redet nun paulus nicht als ein gemeiner mann oder privat person sondern als ein apostel dem christus solch hohes ampt im dritten himmel befohlen vnnd jhn berichtet was er lehren solte,das redet nun paulus nicht als ein gemeiner mann oder priuat person sondern als ein apostel dem christus solch hohes ampt im dritten himmel befohlen unnd ihn berichtet was er lehren solte
sattler_predigt_1613,body,11,1,True,4,Darumb wir jm alle zu folgen schüldig sind / Wir sind Bottschafften an Christus statt / vnd Gott vermahnet durch vns / spricht er 2. Cor. 5.,darumb wir jm alle zu folgen schüldig sind wir sind bottschafften an christus statt vnd gott vermahnet durch vns spricht er cor,darumb wir im alle zu folgen schuldig sind wir sind bottschafften an christus statt und gott uermahnet durch uns spricht er cor
sattler_predigt_1613,body,12,0,False,4,Er berichtet aber weiter / was Prediger vnd Zuhörer thun sollen / wenn sie in der Gemein Gottes zusammen kommen / das sie nemblich nicht allein Gottes Wort handeln vnd betrachten / sonder auch zu erst vnd für allen dingen das gemein Gebet verrichten sollen.,er berichtet aber weiter was prediger vnd zuhörer thun sollen wenn sie in der gemein gottes zusammen kommen das sie nemblich nicht allein gottes wort handeln vnd betrachten sonder auch zu erst vnd für allen dingen das gemein gebet verrichten sollen,er berichtet aber weiter was prediger und zuhorer thun sollen wenn sie in der gemein gottes zusammen kommen das sie nemblich nicht allein gottes wort handeln und betrachten sonder auch zu erst und fur allen dingen das gemein gebet uerrichten sollen
sattler_predigt_1613,body,12,1,False,4,Vnd braucht er dreyerley Wort: Man sol thun Gebet / Bitt vnd Fürbitt: Damit er allerley arth des Gebets begreifft / da wir von Gott bitten was vns nötig ist / oder jhm die verdiente Straff abbitten / oder bitten für andere Leut.,vnd braucht er dreyerley wort man sol thun gebet bitt vnd fürbitt damit er allerley arth des gebets begreifft da wir von gott bitten was vns nötig ist oder jhm die verdiente straff abbitten oder bitten für andere leut,und braucht er dreyerley wort man sol thun gebet bitt und furbitt damit er allerley arth des gebets begreifft da wir uon gott bitten was uns notig ist oder ihm die uerdiente straff abbitten oder bitten fur andere leut
sattler_predigt_1613,body,12,2,False,4,Wil auch zugleich anzeigen mit solchen dreyen Worten / das man stets vnd ohn auffhören Gott anruffen sol.,wil auch zugleich anzeigen mit solchen dreyen worten das man stets vnd ohn auffhören gott anruffen sol,wil auch zugleich anzeigen mit solchen dreyen worten das man stets und ohn auffhoren gott anruffen sol
sattler_predigt_1613,body,12,3,False,5,Daneben fordert er auch das wir Gott dancken sollen.,daneben fordert er auch das wir gott dancken sollen,daneben fordert er auch das wir gott dancken sollen
sattler_predigt_1613,body,12,4,False,5,Darnach macht er nahmhafftig die Nut / für welche wir bitten sollen / vnd sagt / wir sollen nicht allen für vns selber / sondern auch für andere bitten vnnd dancken nemlich für alle Menschen: Man sol dancken für alle Woltaten / die Gott vns Menschen täglich erzeiget / das er vns erschaffen hat / erhelt / ernehret / vnd für allem vbel bewahret / vnd jnlitten / das er sich vnser aller erbarmen / vnd auch forthin vns geben wolle / was vns nütz vnd gut ist / vñ was vns schädlich / abwenden.,darnach macht er nahmhafftig die nut für welche wir bitten sollen vnd sagt wir sollen nicht allen für vns selber sondern auch für andere bitten vnnd dancken nemlich für alle menschen man sol dancken für alle woltaten die gott vns menschen täglich erzeiget das er vns erschaffen hat erhelt ernehret vnd für allem vbel bewahret vnd jnlitten das er sich vnser aller erbarmen vnd auch forthin vns geben wolle was vns nütz vnd gut ist vñ was vns schädlich abwenden,darnach macht er nahmhafftig die nut fur welche wir bitten sollen und sagt wir sollen nicht allen fur uns selber sondern auch fur andere bitten unnd dancken nemlich fur alle menschen man sol dancken fur alle woltaten die gott uns menschen taglich erzeiget das er uns erschaffen hat erhelt ernehret und fur allem ubel bewahret und inlitten das er sich unser aller erbarmen und auch forthin uns geben wolle was uns nutz und gut ist und was uns schadlich abwenden
sattler_predigt_1613,body,12,5,False,5,Insonderheit aber nennet er erstlich die Könige vnd höchste Oberkelt / darnach auch alle niedrige Oberkeit / als jhre befehlhaber.,insonderheit aber nennet er erstlich die könige vnd höchste oberkelt darnach auch alle niedrige oberkeit als jhre befehlhaber,insonderheit aber nennet er erstlich die konige und hochste oberkelt darnach auch alle niedrige oberkeit als ihre befehlhaber
sattler_predigt_1613,body,12,6,True,5,Denn weil sie Gott vns zu gute verordnet / dancken wir jhm billig dafür: Vnd weil sie nichts guts schaffen kan / wo Gott nicht das beste bey den Sachen thut / ists auch billig / das wir fleißig vor sie bitten.,denn weil sie gott vns zu gute verordnet dancken wir jhm billig dafür vnd weil sie nichts guts schaffen kan wo gott nicht das beste bey den sachen thut ists auch billig das wir fleißig vor sie bitten,denn weil sie gott uns zu gute uerordnet dancken wir ihm billig dafur und weil sie nichts guts schaffen kan wo gott nicht das beste bey den sachen thut ists auch billig das wir fleissig uor sie bitten
sattler_predigt_1613,body,13,0,True,5,Er zeigt auch an / was wir durch das Gebet für die Oberkeit / erlangen / vnd was für grosse Wolthaten Gott aißdann / wenn wir fleißig beten durch die Oberkeit vns erzeige / nemlich / das wir durch jhren Schutz in Friede vnd Ruhe leben / vnd nicht allein vnsers beruffs vnd Narung warten können: Sondern auch gelegenheit haben / Gott recht zuerkennen / jhn zu loben / vnd jhm zu dienen / daran wir / wo die Oberkeit nicht thete / vielfeltig verhindert würden / das es nachbliebe.,er zeigt auch an was wir durch das gebet für die oberkeit erlangen vnd was für grosse wolthaten gott aißdann wenn wir fleißig beten durch die oberkeit vns erzeige nemlich das wir durch jhren schutz in friede vnd ruhe leben vnd nicht allein vnsers beruffs vnd narung warten können sondern auch gelegenheit haben gott recht zuerkennen jhn zu loben vnd jhm zu dienen daran wir wo die oberkeit nicht thete vielfeltig verhindert würden das es nachbliebe,er zeigt auch an was wir durch das gebet fur die oberkeit erlangen und was fur grosse wolthaten gott aissdann wenn wir fleissig beten durch die oberkeit uns erzeige nemlich das wir durch ihren schutz in friede und ruhe leben und nicht allein unsers beruffs und narung warten konnen sondern auch gelegenheit haben gott recht zuerkennen ihn zu loben und ihm zu dienen daran wir wo die oberkeit nicht thete uielfeltig uerhindert wurden das es nachbliebe
sattler_predigt_1613,body,14,0,False,5,So diene auch das Ampt der Oberkeit darzu / das wir Erbarlich leben / vnd nicht allerley Schande vnd Laster vnd leichtfertigkeit einreissen vnd im schwang gehen / sondern ein jeder mit den seinen / vnd in seinem standt züchtig vnd ehrlich leben könne: das es also nit / wie vnter den Cyolopen vñ vnvernünfftigẽ Vieh / vnter vns Menschen hergehe.,so diene auch das ampt der oberkeit darzu das wir erbarlich leben vnd nicht allerley schande vnd laster vnd leichtfertigkeit einreissen vnd im schwang gehen sondern ein jeder mit den seinen vnd in seinem standt züchtig vnd ehrlich leben könne das es also nit wie vnter den cyolopen vñ vnvernünfftigẽ vieh vnter vns menschen hergehe,so diene auch das ampt der oberkeit darzu das wir erbarlich leben und nicht allerley schande und laster und leichtfertigkeit einreissen und im schwang gehen sondern ein ieder mit den seinen und in seinem standt zuchtig und ehrlich leben konne das es also nit wie unter den cyolopen und unuernunfftigen uieh unter uns menschen hergehe
sattler_predigt_1613,body,14,1,True,5,Dz heist in aller Erbarkeit.,dz heist in aller erbarkeit,dz heist in aller erbarkeit
sattler_predigt_1613,body,15,0,False,5,Vnd das wir desto fleißiger zu solchem Gebet auffgemuntert werden / zeigt er an das solchs wolsteh / nütz vnd gut / vnnd Gott angenehm sey.,vnd das wir desto fleißiger zu solchem gebet auffgemuntert werden zeigt er an das solchs wolsteh nütz vnd gut vnnd gott angenehm sey,und das wir desto fleissiger zu solchem gebet auffgemuntert werden zeigt er an das solchs wolsteh nutz und gut unnd gott angenehm sey
sattler_predigt_1613,body,15,1,True,5,Darumb man das Gebet mit lust verrichten / vnd nicht vnterlassen sol.,darumb man das gebet mit lust verrichten vnd nicht vnterlassen sol,darumb man das gebet mit lust uerrichten und nicht unterlassen sol
sattler_predigt_1613,body,16,0,False,6,Das nun das Gebet für alle Menschen /such die Obrigkeit Gott wolgefalle / beweiset er damit / weil Gott wolle / das alle Menschen selig werden / vnd also auch die Oberkeiten / ob sie schon der zeit Heydnisch waren / doch das sie die Warheit des Evangelij erkennen vnd annehmen.,das nun das gebet für alle menschen such die obrigkeit gott wolgefalle beweiset er damit weil gott wolle das alle menschen selig werden vnd also auch die oberkeiten ob sie schon der zeit heydnisch waren doch das sie die warheit des evangelij erkennen vnd annehmen,das nun das gebet fur alle menschen such die obrigkeit gott wolgefalle beweiset er damit weil gott wolle das alle menschen selig werden und also auch die oberkeiten ob sie schon der zeit heydnisch waren doch das sie die warheit des euangelii erkennen und annehmen
sattler_predigt_1613,body,16,1,True,6,Wie denn auch Christus Jesus der einige Mittler sey / der Oberkeit vnd Vnderhanen / Jüden vnd Heyden / mit Gott versöhnet / vnd sie alle erlös / vnd für sie das Ranzungelt bezalt habe / damit solch Gnad Gottes jhnen allen durch die Predigt des Evangelij angeboten würde / Warumb sol man denn nicht so wol für sie als alle andere Menschen bitten?,wie denn auch christus jesus der einige mittler sey der oberkeit vnd vnderhanen jüden vnd heyden mit gott versöhnet vnd sie alle erlös vnd für sie das ranzungelt bezalt habe damit solch gnad gottes jhnen allen durch die predigt des evangelij angeboten würde warumb sol man denn nicht so wol für sie als alle andere menschen bitten,wie denn auch christus iesus der einige mittler sey der oberkeit und underhanen iuden und heyden mit gott uersohnet und sie alle erlos und fur sie das ranzungelt bezalt habe damit solch gnad gottes ihnen allen durch die predigt des euangelii angeboten wurde warumb sol man denn nicht so wol fur sie als alle andere menschen bitten
sattler_predigt_1613,body,17,0,True,6,Dieser Spruch Pauli berichtet vns lebendige / denen denn auch die Leichpredigten geschehen / von der Oberkeit vnd jhren Ampt.,dieser spruch pauli berichtet vns lebendige denen denn auch die leichpredigten geschehen von der oberkeit vnd jhren ampt,dieser spruch pauli berichtet uns lebendige denen denn auch die leichpredigten geschehen uon der oberkeit und ihren ampt
sattler_predigt_1613,body,18,0,True,6,Diese Lehr ist an sich nötig / vnd schicket sich sehr wol auff jetzige zeit vnd gelegenheit / dieweil sie erstlich vns Vrsach gibt / auch von vnser hohen Oberkeit / so jetzt zu jhrer Ruhestedt gebracht / zuberichten / vnd Gott für die Wolthaten / die er vns durch sie erzeiget / zu dancken.,diese lehr ist an sich nötig vnd schicket sich sehr wol auff jetzige zeit vnd gelegenheit dieweil sie erstlich vns vrsach gibt auch von vnser hohen oberkeit so jetzt zu jhrer ruhestedt gebracht zuberichten vnd gott für die wolthaten die er vns durch sie erzeiget zu dancken,diese lehr ist an sich notig und schicket sich sehr wol auff ietzige zeit und gelegenheit dieweil sie erstlich uns ursach gibt auch uon unser hohen oberkeit so ietzt zu ihrer ruhestedt gebracht zuberichten und gott fur die wolthaten die er uns durch sie erzeiget zu dancken
sattler_predigt_1613,body,19,0,False,6,So gibt sie zum andern S. F. Gn. successorn vnserm gnedigen Regierenden Fürsten vnnd Herrn / wie auch den andern vornehmen Zuhörern / die mehrertheils mit im Regiement sind / allerley gute nachrichtung / wie sie solch ihr hohes Ampt führen sollen / vnd die vbrigen Zuhörer / als die Vnterthanen können lernen / wo für sie jhr Oberkeit halten / vnd wie sie sich dagegen erzeigen sollen welches alles zum guten Wolstandt vnd Regiement gehöret.,so gibt sie zum andern s f gn successorn vnserm gnedigen regierenden fürsten vnnd herrn wie auch den andern vornehmen zuhörern die mehrertheils mit im regiement sind allerley gute nachrichtung wie sie solch ihr hohes ampt führen sollen vnd die vbrigen zuhörer als die vnterthanen können lernen wo für sie jhr oberkeit halten vnd wie sie sich dagegen erzeigen sollen welches alles zum guten wolstandt vnd regiement gehöret,so gibt sie zum andern s f gn successorn unserm gnedigen regierenden fursten unnd herrn wie auch den andern uornehmen zuhorern die mehrertheils mit im regiement sind allerley gute nachrichtung wie sie solch ihr hohes ampt fuhren sollen und die ubrigen zuhorer als die unterthanen konnen lernen wo fur sie ihr oberkeit halten und wie sie sich dagegen erzeigen sollen welches alles zum guten wolstandt und regiement gehoret
sattler_predigt_1613,body,19,1,True,6,Vnd bestehet diese Lehr in vier Puncten.,vnd bestehet diese lehr in vier puncten,und bestehet diese lehr in uier puncten
sattler_predigt_1613,body,20,0,True,6,Erstlich ob der Standt der Oberkeit Gott gefalle.,erstlich ob der standt der oberkeit gott gefalle,erstlich ob der standt der oberkeit gott gefalle
sattler_predigt_1613,body,21,0,True,6,Zum andern / was der Oberkeit Ampt sey / vnd was wir von derselben für gutthaten empfangen.,zum andern was der oberkeit ampt sey vnd was wir von derselben für gutthaten empfangen,zum andern was der oberkeit ampt sey und was wir uon derselben fur gutthaten empfangen
sattler_predigt_1613,body,22,0,True,6,Zum dritten / wie man zum guten vnd glückseligen Regiment kommen könne.,zum dritten wie man zum guten vnd glückseligen regiment kommen könne,zum dritten wie man zum guten und gluckseligen regiment kommen konne
sattler_predigt_1613,body,23,0,True,7,Zum vierdten / ob Gott die Oberkeit auch wolle selig machen / vnd im Himmel haben.,zum vierdten ob gott die oberkeit auch wolle selig machen vnd im himmel haben,zum uierdten ob gott die oberkeit auch wolle selig machen und im himmel haben
sattler_predigt_1613,head,24,0,True,7,Die Erste Lehr.,die erste lehr,die erste lehr
sattler_predigt_1613,body,25,0,False,7,ERstlich bestetigt der hocherleuchte Apostel Paulus die Obrigkeit / vnd lehret / das jhr Stand Gott gefalle.,erstlich bestetigt der hocherleuchte apostel paulus die obrigkeit vnd lehret das jhr stand gott gefalle,erstlich bestetigt der hocherleuchte apostel paulus die obrigkeit und lehret das ihr stand gott gefalle
sattler_predigt_1613,body,25,1,False,7,Denn er verwirfft vnd verachtet sie nicht / wie die Wiederteuffer / vnnd etliche andere Rottengeister thun / sonder gedencket jhr in allen ehren vnd gutem.,denn er verwirfft vnd verachtet sie nicht wie die wiederteuffer vnnd etliche andere rottengeister thun sonder gedencket jhr in allen ehren vnd gutem,denn er uerwirfft und uerachtet sie nicht wie die wiederteuffer unnd etliche andere rottengeister thun sonder gedencket ihr in allen ehren und gutem
sattler_predigt_1613,body,25,2,True,7,Er heist sich auch nicht wieder die Oberkeit aufflehnen / vnd sie abschaffen / sondern für sie bitten: Er sagt nicht / das sie schädtlich sey / sondern das Gott vns in diesem vergenglichem leben dardurch grosse gnade vnnd Wolthaten erzeige / das wir friedlich vnnd gottselig leben können: Er gibt die Oberkeit nicht dem Teuffel / sondern zeigt an / Gott sey auch jhr Heylandt: So sey Christus sie nicht vorbey gangen mit seinem Leiden vnd Sterben / sondern hab sie eben so wol als andere / mit seinem Leiden vnd Sterben erlöset: Er lasse auch jhnen nicht weniger als andern Leuten / die gnadenreiche Predigt von vergebung der Sünden / vnd seine Gnad anbieten.,er heist sich auch nicht wieder die oberkeit aufflehnen vnd sie abschaffen sondern für sie bitten er sagt nicht das sie schädtlich sey sondern das gott vns in diesem vergenglichem leben dardurch grosse gnade vnnd wolthaten erzeige das wir friedlich vnnd gottselig leben können er gibt die oberkeit nicht dem teuffel sondern zeigt an gott sey auch jhr heylandt so sey christus sie nicht vorbey gangen mit seinem leiden vnd sterben sondern hab sie eben so wol als andere mit seinem leiden vnd sterben erlöset er lasse auch jhnen nicht weniger als andern leuten die gnadenreiche predigt von vergebung der sünden vnd seine gnad anbieten,er heist sich auch nicht wieder die oberkeit aufflehnen und sie abschaffen sondern fur sie bitten er sagt nicht das sie schadtlich sey sondern das gott uns in diesem uergenglichem leben dardurch grosse gnade unnd wolthaten erzeige das wir friedlich unnd gottselig leben konnen er gibt die oberkeit nicht dem teuffel sondern zeigt an gott sey auch ihr heylandt so sey christus sie nicht uorbey gangen mit seinem leiden und sterben sondern hab sie eben so wol als andere mit seinem leiden und sterben erloset er lasse auch ihnen nicht weniger als andern leuten die gnadenreiche predigt uon uergebung der sunden und seine gnad anbieten
sattler_predigt_1613,body,26,0,False,7,Vnd warumb solt er diesen herrlichen Stand nicht rühmen / da jhn doch Gott selbst geordnet hat?,vnd warumb solt er diesen herrlichen stand nicht rühmen da jhn doch gott selbst geordnet hat,und warumb solt er diesen herrlichen stand nicht ruhmen da ihn doch gott selbst geordnet hat
sattler_predigt_1613,body,26,1,False,7,wie Paulus Rom 13. schreibt: Es ist kein Oberkeit ohn von Gott / wo aber ein Oberkeit ist / die ist von Gott verordnet.,wie paulus rom schreibt es ist kein oberkeit ohn von gott wo aber ein oberkeit ist die ist von gott verordnet,wie paulus rom schreibt es ist kein oberkeit ohn uon gott wo aber ein oberkeit ist die ist uon gott uerordnet
sattler_predigt_1613,body,26,2,False,7,Wie von solcher verordnung der Oberkeit zu lesen / Gen. 9. Wer Menschen Blut vergeust / spricht Gott / des Blut sol durch Menschen / das ist / durch die Oberkeit / wieder vergossen werden.,wie von solcher verordnung der oberkeit zu lesen gen wer menschen blut vergeust spricht gott des blut sol durch menschen das ist durch die oberkeit wieder vergossen werden,wie uon solcher uerordnung der oberkeit zu lesen gen wer menschen blut uergeust spricht gott des blut sol durch menschen das ist durch die oberkeit wieder uergossen werden
sattler_predigt_1613,body,26,3,False,7,Darumb hat im alten Testament ein Prophet die Könige Israel / als Samuel den Saul vnd David gesalbet: Vnd darumb heissen sie die gesalbten des HErrn / weil sie von Gott verordnet sind.,darumb hat im alten testament ein prophet die könige israel als samuel den saul vnd david gesalbet vnd darumb heissen sie die gesalbten des herrn weil sie von gott verordnet sind,darumb hat im alten testament ein prophet die konige israel als samuel den saul und dauid gesalbet und darumb heissen sie die gesalbten des herrn weil sie uon gott uerordnet sind
sattler_predigt_1613,body,26,4,True,7,Was nun Gott verordnet / das ist löblich vnd herrlich / sagt David Psal. 111.,was nun gott verordnet das ist löblich vnd herrlich sagt david psal,was nun gott uerordnet das ist loblich und herrlich sagt dauid psal
sattler_predigt_1613,body,27,0,False,7,So ist auch die Oberkeit Gottes Dienerin / wie Paulus Rom. 13. schreibt.,so ist auch die oberkeit gottes dienerin wie paulus rom schreibt,so ist auch die oberkeit gottes dienerin wie paulus rom schreibt
sattler_predigt_1613,body,27,1,False,7,Das ist nun ein herrlich Werck dem Allmechtigen Gott dienen / das freylich kein Creatur / ja auch die Engel im Himmel es nicht höher bringen können / als das sie GOTt dienen.,das ist nun ein herrlich werck dem allmechtigen gott dienen das freylich kein creatur ja auch die engel im himmel es nicht höher bringen können als das sie gott dienen,das ist nun ein herrlich werck dem allmechtigen gott dienen das freylich kein creatur ia auch die engel im himmel es nicht hoher bringen konnen als das sie gott dienen
sattler_predigt_1613,body,27,2,True,8,Das thut in jhrem Ampt die Oberkeit / wenn sie dasselbe nach Gottes willen führet vnd verrichtet.,das thut in jhrem ampt die oberkeit wenn sie dasselbe nach gottes willen führet vnd verrichtet,das thut in ihrem ampt die oberkeit wenn sie dasselbe nach gottes willen fuhret und uerrichtet
sattler_predigt_1613,body,28,0,True,8,Vnd ist zwar ein solcher dienst / das sie Gottes stell verwaltet / in dem sie / das Gott sonst thut / wie wir hernach hören werden / die frommen schützet / vnd die bösen strafft / vnd verrichtet also Gott selber durch sie solch hohes Werck.,vnd ist zwar ein solcher dienst das sie gottes stell verwaltet in dem sie das gott sonst thut wie wir hernach hören werden die frommen schützet vnd die bösen strafft vnd verrichtet also gott selber durch sie solch hohes werck,und ist zwar ein solcher dienst das sie gottes stell uerwaltet in dem sie das gott sonst thut wie wir hernach horen werden die frommen schutzet und die bosen strafft und uerrichtet also gott selber durch sie solch hohes werck
sattler_predigt_1613,body,29,0,False,8,Darumb heist sie die Schrifft Götter / Exod. 22. Den Göttern soltu nicht fluchen / vnd den Obersten in deinem volck soltu nicht lestern.,darumb heist sie die schrifft götter exod den göttern soltu nicht fluchen vnd den obersten in deinem volck soltu nicht lestern,darumb heist sie die schrifft gotter exod den gottern soltu nicht fluchen und den obersten in deinem uolck soltu nicht lestern
sattler_predigt_1613,body,29,1,False,8,Den Namen wiederholet Assaph im 82. Psa.,den namen wiederholet assaph im psa,den namen wiederholet assaph im psa
sattler_predigt_1613,body,29,2,False,8,Ich hab gesagt / Ihr seyd Götter / vnd allzumahl Kinde des Allerhöhesten.,ich hab gesagt ihr seyd götter vnd allzumahl kinde des allerhöhesten,ich hab gesagt ihr seyd gotter und allzumahl kinde des allerhohesten
sattler_predigt_1613,body,29,3,False,8,Das erkläret der Sohn Gottes Johan. 10. Die Schrifft heist die Götter / zu welchen Gottes Wort geschach / das ist / die Gott durch sein Wort verordnet hat: Vnd Josaphat 2. Para. 19. sagt zu den Richtern: Ihr haltet das Gericht nicht den Menschen / sondern dem HErrn / vnd Er ist mit euch im Gericht.,das erkläret der sohn gottes johan die schrifft heist die götter zu welchen gottes wort geschach das ist die gott durch sein wort verordnet hat vnd josaphat para sagt zu den richtern ihr haltet das gericht nicht den menschen sondern dem herrn vnd er ist mit euch im gericht,das erklaret der sohn gottes iohan die schrifft heist die gotter zu welchen gottes wort geschach das ist die gott durch sein wort uerordnet hat und iosaphat para sagt zu den richtern ihr haltet das gericht nicht den menschen sondern dem herrn und er ist mit euch im gericht
sattler_predigt_1613,body,29,4,True,8,Damit stimpt vberein / das die ewige Weißheit Gottes Prov. 8. sagt: Durch mich regieren die Könige / vnd die Rahtsherrn setzen das Recht.,damit stimpt vberein das die ewige weißheit gottes prov sagt durch mich regieren die könige vnd die rahtsherrn setzen das recht,damit stimpt uberein das die ewige weissheit gottes prou sagt durch mich regieren die konige und die rahtsherrn setzen das recht
sattler_predigt_1613,body,30,0,False,8,Es haben zwar Münch vnd Ordensleut bey den Papisten den Leuten weiß machen wollen / wie noch / das sie allein die Leut weren / die Gott recht dieneten / dahero auch hohe Personen jhren Stand verlassen / vnd in Clöster sich begeben / das sie Gott dienen möchten.,es haben zwar münch vnd ordensleut bey den papisten den leuten weiß machen wollen wie noch das sie allein die leut weren die gott recht dieneten dahero auch hohe personen jhren stand verlassen vnd in clöster sich begeben das sie gott dienen möchten,es haben zwar munch und ordensleut bey den papisten den leuten weiss machen wollen wie noch das sie allein die leut weren die gott recht dieneten dahero auch hohe personen ihren stand uerlassen und in closter sich begeben das sie gott dienen mochten
sattler_predigt_1613,body,30,1,False,8,Aber solche Lehr ist falsch / vnd darff die Oberkeit jhren Stand nicht verlassen / wenn sie Gott dienen wil / sondern sie kan wol / ja sie sol darinnen bleiben / sie ist Gottes Ordnung / vnd dienet Gott / sie verrichtet Göttliche Werck / welches allen München / sie heissen Franciscaner / Jesuiter / oder Capuciner / mangelt / die können in Ewigkeit auß Gottes Wort nicht beweisen / das Gott jhren Standt geordnet / oder das sie GOtt dienen / sondern Christus sagt von jhnen aus dem 29. Cap. Esa.,aber solche lehr ist falsch vnd darff die oberkeit jhren stand nicht verlassen wenn sie gott dienen wil sondern sie kan wol ja sie sol darinnen bleiben sie ist gottes ordnung vnd dienet gott sie verrichtet göttliche werck welches allen münchen sie heissen franciscaner jesuiter oder capuciner mangelt die können in ewigkeit auß gottes wort nicht beweisen das gott jhren standt geordnet oder das sie gott dienen sondern christus sagt von jhnen aus dem cap esa,aber solche lehr ist falsch und darff die oberkeit ihren stand nicht uerlassen wenn sie gott dienen wil sondern sie kan wol ia sie sol darinnen bleiben sie ist gottes ordnung und dienet gott sie uerrichtet gottliche werck welches allen munchen sie heissen franciscaner iesuiter oder capuciner mangelt die konnen in ewigkeit auss gottes wort nicht beweisen das gott ihren standt geordnet oder das sie gott dienen sondern christus sagt uon ihnen aus dem cap esa
sattler_predigt_1613,body,30,2,True,8,Sie ehren mich vergeblich mit Menschen satzungen / Ein Christlich Oberkeit aber weiß gewiß / auß Gottes Wort / das sie in einem solchen Stand ist / den Gott verordnet / darin sie GOtt dienet.,sie ehren mich vergeblich mit menschen satzungen ein christlich oberkeit aber weiß gewiß auß gottes wort das sie in einem solchen stand ist den gott verordnet darin sie gott dienet,sie ehren mich uergeblich mit menschen satzungen ein christlich oberkeit aber weiss gewiss auss gottes wort das sie in einem solchen stand ist den gott uerordnet darin sie gott dienet
sattler_predigt_1613,body,31,0,True,9,Also zeuget vom König David Paulus Acto. 13. das er zu seinẽr zeit dem willen Gottes gedienet hab: Vnnd von Josaphat / Hißkia / Josia / etc. zeuget der Heilige Geist / das sie / vnangesehen / sie im Oberkeit Standt gewesen / gethan haben / das dem HErrn wolgefiel.,also zeuget vom könig david paulus acto das er zu seinẽr zeit dem willen gottes gedienet hab vnnd von josaphat hißkia josia etc zeuget der heilige geist das sie vnangesehen sie im oberkeit standt gewesen gethan haben das dem herrn wolgefiel,also zeuget uom konig dauid paulus acto das er zu seinenr zeit dem willen gottes gedienet hab unnd uon iosaphat hisskia iosia etc zeuget der heilige geist das sie unangesehen sie im oberkeit standt gewesen gethan haben das dem herrn wolgefiel
sattler_predigt_1613,body,32,0,True,9,Dieses dienet vns erstlich zur Lehr / das wir wissen / was wir von der Oberkeit / vnd jhrem Ampt halten sollen / das wir sie nicht verachten / sondern in allen ehren halten.,dieses dienet vns erstlich zur lehr das wir wissen was wir von der oberkeit vnd jhrem ampt halten sollen das wir sie nicht verachten sondern in allen ehren halten,dieses dienet uns erstlich zur lehr das wir wissen was wir uon der oberkeit und ihrem ampt halten sollen das wir sie nicht uerachten sondern in allen ehren halten
sattler_predigt_1613,body,33,0,False,9,Zur andern gibts der Oberkeit starcken trost / sonderlich auch / wenn es jhr etwa hart fürsteht / das sie sich vber jrem Ampt durchaus keine schwere gedancken machen dürffe / sondern ist vielmehr gewiß / das Gott / der sie zur Oberkeit verordnet / vnd sie in jhr Ampt gesetzt / dem sie diene / der wird vber jhr / als ein Herr vber seinem Diener trewlich halten.,zur andern gibts der oberkeit starcken trost sonderlich auch wenn es jhr etwa hart fürsteht das sie sich vber jrem ampt durchaus keine schwere gedancken machen dürffe sondern ist vielmehr gewiß das gott der sie zur oberkeit verordnet vnd sie in jhr ampt gesetzt dem sie diene der wird vber jhr als ein herr vber seinem diener trewlich halten,zur andern gibts der oberkeit starcken trost sonderlich auch wenn es ihr etwa hart fursteht das sie sich uber irem ampt durchaus keine schwere gedancken machen durffe sondern ist uielmehr gewiss das gott der sie zur oberkeit uerordnet und sie in ihr ampt gesetzt dem sie diene der wird uber ihr als ein herr uber seinem diener trewlich halten
sattler_predigt_1613,body,33,1,False,9,Thut doch das bey vns Menschen ein leiblicher Herr / das er sich seiner Diener annimpt / vnd wieder vnrechten Gewalt sie schützet vnd verthediget.,thut doch das bey vns menschen ein leiblicher herr das er sich seiner diener annimpt vnd wieder vnrechten gewalt sie schützet vnd verthediget,thut doch das bey uns menschen ein leiblicher herr das er sich seiner diener annimpt und wieder unrechten gewalt sie schutzet und uerthediget
sattler_predigt_1613,body,33,2,True,9,Wie hart eyfert David den Hohn / der seinen Dienern vom König der Ammoniter wiederfahren / 2. Sam. 12. Wie viel weniger wird Gott die vngestrafft lassen / die sich an der Oberkeit / als seiner Ordnung vergreiffen?,wie hart eyfert david den hohn der seinen dienern vom könig der ammoniter wiederfahren sam wie viel weniger wird gott die vngestrafft lassen die sich an der oberkeit als seiner ordnung vergreiffen,wie hart eyfert dauid den hohn der seinen dienern uom konig der ammoniter wiederfahren sam wie uiel weniger wird gott die ungestrafft lassen die sich an der oberkeit als seiner ordnung uergreiffen
sattler_predigt_1613,body,34,0,False,9,Solchs siehet man augenscheinlich an Mose vnd Aaron / Num 14. Da das Volck sie steinigen wil / aber die Herrligkeit des HErrn erscheinet vnd werden sie als Diener Gottes beschützet.,solchs siehet man augenscheinlich an mose vnd aaron num da das volck sie steinigen wil aber die herrligkeit des herrn erscheinet vnd werden sie als diener gottes beschützet,solchs siehet man augenscheinlich an mose und aaron num da das uolck sie steinigen wil aber die herrligkeit des herrn erscheinet und werden sie als diener gottes beschutzet
sattler_predigt_1613,body,34,1,False,9,Das bezeugt auch die Histori der frommen Könige / Juda / David / Josaphat / Assa / Hißkia / welcher sich Gott als seiner Diener in fürfallen den Nöthen vnd Gefahr trewlich angenommen / vnd jhren Feinden gewehret hat.,das bezeugt auch die histori der frommen könige juda david josaphat assa hißkia welcher sich gott als seiner diener in fürfallen den nöthen vnd gefahr trewlich angenommen vnd jhren feinden gewehret hat,das bezeugt auch die histori der frommen konige iuda dauid iosaphat assa hisskia welcher sich gott als seiner diener in furfallen den nothen und gefahr trewlich angenommen und ihren feinden gewehret hat
sattler_predigt_1613,body,34,2,True,9,Wie wir denn auch an vnser hohen Oberkeit / so wir jetzt zu jhrer Ruhestät gebracht / für achthalb Jahren augenscheinlich erfahren haben.,wie wir denn auch an vnser hohen oberkeit so wir jetzt zu jhrer ruhestät gebracht für achthalb jahren augenscheinlich erfahren haben,wie wir denn auch an unser hohen oberkeit so wir ietzt zu ihrer ruhestat gebracht fur achthalb iahren augenscheinlich erfahren haben
sattler_predigt_1613,body,35,0,False,9,Es sol auch dieses allen denen die im Ampt der Oberkeit sitzen / darzu dienen / das sie nach Gott vnd seinem wort / in verrichtung jhres Ampts / richten / vnnd nicht jhrem eigenen Kopff vnd affccten folgen / vnd ex plenitudine potestatis verfahren / wir sonst ein Diener sich schicket / nach seinem Herrn / thut was er jhm heißt / vnd nachlesset / was er jhm verbeut.,es sol auch dieses allen denen die im ampt der oberkeit sitzen darzu dienen das sie nach gott vnd seinem wort in verrichtung jhres ampts richten vnnd nicht jhrem eigenen kopff vnd affccten folgen vnd ex plenitudine potestatis verfahren wir sonst ein diener sich schicket nach seinem herrn thut was er jhm heißt vnd nachlesset was er jhm verbeut,es sol auch dieses allen denen die im ampt der oberkeit sitzen darzu dienen das sie nach gott und seinem wort in uerrichtung ihres ampts richten unnd nicht ihrem eigenen kopff und affccten folgen und ex plenitudine potestatis uerfahren wir sonst ein diener sich schicket nach seinem herrn thut was er ihm heisst und nachlesset was er ihm uerbeut
sattler_predigt_1613,body,35,1,False,10,David sagt: Dein Wort ist meiner füsse Leuchte / vnd ein Licht auff meinen Wegen.,david sagt dein wort ist meiner füsse leuchte vnd ein licht auff meinen wegen,dauid sagt dein wort ist meiner fusse leuchte und ein licht auff meinen wegen
sattler_predigt_1613,body,35,2,True,10,Solchen willen Gottes sollen sie mit lust vnd aller frewdigkeit verrichten / vnd Pauli Spruch auch jhres theils in acht nehmen / Rom. 12. Seydt nicht träg was jhr thun solt / seyd brünstig im Geist.,solchen willen gottes sollen sie mit lust vnd aller frewdigkeit verrichten vnd pauli spruch auch jhres theils in acht nehmen rom seydt nicht träg was jhr thun solt seyd brünstig im geist,solchen willen gottes sollen sie mit lust und aller frewdigkeit uerrichten und pauli spruch auch ihres theils in acht nehmen rom seydt nicht trag was ihr thun solt seyd brunstig im geist
sattler_predigt_1613,head,36,0,True,10,Die ander Lehr.,die ander lehr,die ander lehr
sattler_predigt_1613,body,37,0,True,10,DIeweil wir nun gehöret / das der Standt der Oberkeit Gott wolgefalle / so fragt es sich weiter / was der Oberkeit Ampt sey / vnd wohin sie alle jhre Gedancken / thun vnd lassen richten sollen.,dieweil wir nun gehöret das der standt der oberkeit gott wolgefalle so fragt es sich weiter was der oberkeit ampt sey vnd wohin sie alle jhre gedancken thun vnd lassen richten sollen,dieweil wir nun gehoret das der standt der oberkeit gott wolgefalle so fragt es sich weiter was der oberkeit ampt sey und wohin sie alle ihre gedancken thun und lassen richten sollen
sattler_predigt_1613,body,38,0,True,10,Das lehret Paulus mit diesen Worten / das wir ein ruhiges vnd stilles Leben führen in aller Gottseligkeit vnd Erbarkeit: Damit zeigt er an / die Oberkeit sol nicht das jhre suchen / sondern vmb Gottes willen jhren Vnderthanen rahten vnd helffen / das sie friedt vnd ruhe haben.,das lehret paulus mit diesen worten das wir ein ruhiges vnd stilles leben führen in aller gottseligkeit vnd erbarkeit damit zeigt er an die oberkeit sol nicht das jhre suchen sondern vmb gottes willen jhren vnderthanen rahten vnd helffen das sie friedt vnd ruhe haben,das lehret paulus mit diesen worten das wir ein ruhiges und stilles leben fuhren in aller gottseligkeit und erbarkeit damit zeigt er an die oberkeit sol nicht das ihre suchen sondern umb gottes willen ihren underthanen rahten und helffen das sie friedt und ruhe haben
sattler_predigt_1613,body,39,0,False,10,Es meinen offt die im Oberkeit Ampt sind / es sey gnug / das sie nur den Namen haben / das sie sich stattlich halten / jhren Standt herrlich führen / ein grosses ansehen vnd allerley lust haben / darzu denn etliche Schmeichler trewlich rahten vnd helffen / vnd von Regimentsachen die HErrn abhalten / da haben E. Gn. Diener zu / etc Dahero kömpt / das sie das fürnembste / darzu sie Gott verordnet / vnterlassen / oder wenns glück gut ist / befehlen sie es allein andern Leuten.,es meinen offt die im oberkeit ampt sind es sey gnug das sie nur den namen haben das sie sich stattlich halten jhren standt herrlich führen ein grosses ansehen vnd allerley lust haben darzu denn etliche schmeichler trewlich rahten vnd helffen vnd von regimentsachen die herrn abhalten da haben e gn diener zu etc dahero kömpt das sie das fürnembste darzu sie gott verordnet vnterlassen oder wenns glück gut ist befehlen sie es allein andern leuten,es meinen offt die im oberkeit ampt sind es sey gnug das sie nur den namen haben das sie sich stattlich halten ihren standt herrlich fuhren ein grosses ansehen und allerley lust haben darzu denn etliche schmeichler trewlich rahten und helffen und uon regimentsachen die herrn abhalten da haben e gn diener zu etc dahero kompt das sie das furnembste darzu sie gott uerordnet unterlassen oder wenns gluck gut ist befehlen sie es allein andern leuten
sattler_predigt_1613,body,39,1,True,10,Paulus aber / ja GOtt selber wil / das sie / auch die Könige vnnd hohe Oberkeit selber der Vnderthanen bestes bedencken / vnd denselben friedt vnd Ruhe schaffen sollen / damit sie jhr leben in aller Gottseligkeit vnnd barkeit zu bringen mögen.,paulus aber ja gott selber wil das sie auch die könige vnnd hohe oberkeit selber der vnderthanen bestes bedencken vnd denselben friedt vnd ruhe schaffen sollen damit sie jhr leben in aller gottseligkeit vnnd barkeit zu bringen mögen,paulus aber ia gott selber wil das sie auch die konige unnd hohe oberkeit selber der underthanen bestes bedencken und denselben friedt und ruhe schaffen sollen damit sie ihr leben in aller gottseligkeit unnd barkeit zu bringen mogen
sattler_predigt_1613,body,40,0,False,11,Darzu gehört nun erstlich liebe Vnderthanen / das sie nie allein in jhren Brieffen schreiben / Vnsern lieben getrewen / sondern auch solche liebe gnedige zuneigung vnd sorgfeltigkeit gegen jhnen haben / vnd mit der That beweisen / Dahero der Philister König Abimelech / das ist / mein Vater der König genennet worden.,darzu gehört nun erstlich liebe vnderthanen das sie nie allein in jhren brieffen schreiben vnsern lieben getrewen sondern auch solche liebe gnedige zuneigung vnd sorgfeltigkeit gegen jhnen haben vnd mit der that beweisen dahero der philister könig abimelech das ist mein vater der könig genennet worden,darzu gehort nun erstlich liebe underthanen das sie nie allein in ihren brieffen schreiben unsern lieben getrewen sondern auch solche liebe gnedige zuneigung und sorgfeltigkeit gegen ihnen haben und mit der that beweisen dahero der philister konig abimelech das ist mein uater der konig genennet worden
sattler_predigt_1613,body,40,1,False,11,Joseph heist Ebrech ein Vater des Lands.,joseph heist ebrech ein vater des lands,ioseph heist ebrech ein uater des lands
sattler_predigt_1613,body,40,2,False,11,Vnd vom Schatzmeister Eliakim spricht Gott / Jes. 22. Er sol ein Vater seyn deren die zu Jerusalem wohnen / vnnd wolle jhn als einen Nagel stecken / daran man allerley Geräht henget.,vnd vom schatzmeister eliakim spricht gott jes er sol ein vater seyn deren die zu jerusalem wohnen vnnd wolle jhn als einen nagel stecken daran man allerley geräht henget,und uom schatzmeister eliakim spricht gott ies er sol ein uater seyn deren die zu ierusalem wohnen unnd wolle ihn als einen nagel stecken daran man allerley geraht henget
sattler_predigt_1613,body,40,3,False,11,Ja es schreibt auch der Heyde Xenophon / es sey kein vnterscheid zwischen einem guten Fürsten / vnd einem guten Vater.,ja es schreibt auch der heyde xenophon es sey kein vnterscheid zwischen einem guten fürsten vnd einem guten vater,ia es schreibt auch der heyde xenophon es sey kein unterscheid zwischen einem guten fursten und einem guten uater
sattler_predigt_1613,body,40,4,False,11,Dahero auch die Oberkeiteinem getrewen Hirten verglichen wird / wie von David stehet: Er sol mein Volck Weyden.,dahero auch die oberkeiteinem getrewen hirten verglichen wird wie von david stehet er sol mein volck weyden,dahero auch die oberkeiteinem getrewen hirten uerglichen wird wie uon dauid stehet er sol mein uolck weyden
sattler_predigt_1613,body,40,5,False,11,Darumb sagt Christus die gewalt haben / die heist man gnedige Herrn.,darumb sagt christus die gewalt haben die heist man gnedige herrn,darumb sagt christus die gewalt haben die heist man gnedige herrn
sattler_predigt_1613,body,40,6,False,11,O das ist ein holdseliger Name / wenn man sie mit Warheit Patres Patriae nennen kan.,o das ist ein holdseliger name wenn man sie mit warheit patres patriae nennen kan,o das ist ein holdseliger name wenn man sie mit warheit patres patriae nennen kan
sattler_predigt_1613,body,40,7,True,11,"Daher man vom Keyser Augusto schreibt / wie er Pater Patriae, ein Vater des Vaterlandes genennet worden / hab er gesagt / er hab sein lebenlang kein lieblicher rede gehöret / vnd wünsche jhm mehr nicht / als das er solchen Nahmen biß an sein endt behalten möchte.",daher man vom keyser augusto schreibt wie er pater patriae ein vater des vaterlandes genennet worden hab er gesagt er hab sein lebenlang kein lieblicher rede gehöret vnd wünsche jhm mehr nicht als das er solchen nahmen biß an sein endt behalten möchte,daher man uom keyser augusto schreibt wie er pater patriae ein uater des uaterlandes genennet worden hab er gesagt er hab sein lebenlang kein lieblicher rede gehoret und wunsche ihm mehr nicht als das er solchen nahmen biss an sein endt behalten mochte
sattler_predigt_1613,body,41,0,False,11,Diese lieb vnd trew gegen die Vnderthanen / siehet man an David / als das Volck an der Pest stirbt / da jhm solchs dermassen zu Hertzen gehet / das er zu Gott sagt: Laß dein Hand wieder mich vnnd meines Vaters Hauß seyn / was haben diese Schaff gethan?,diese lieb vnd trew gegen die vnderthanen siehet man an david als das volck an der pest stirbt da jhm solchs dermassen zu hertzen gehet das er zu gott sagt laß dein hand wieder mich vnnd meines vaters hauß seyn was haben diese schaff gethan,diese lieb und trew gegen die underthanen siehet man an dauid als das uolck an der pest stirbt da ihm solchs dermassen zu hertzen gehet das er zu gott sagt lass dein hand wieder mich unnd meines uaters hauss seyn was haben diese schaff gethan
sattler_predigt_1613,body,41,1,False,11,Auß solcher gütigkeit folget zum 2. das man sich der Leute nicht entschlegt / oder sie abweiset / sondern sie für sich kommen lesset / mit aller gedult jhr anliegen höret / vnd sich dißfals keine mühe vnd arbeit verdriessen lest.,auß solcher gütigkeit folget zum das man sich der leute nicht entschlegt oder sie abweiset sondern sie für sich kommen lesset mit aller gedult jhr anliegen höret vnd sich dißfals keine mühe vnd arbeit verdriessen lest,auss solcher gutigkeit folget zum das man sich der leute nicht entschlegt oder sie abweiset sondern sie fur sich kommen lesset mit aller gedult ihr anliegen horet und sich dissfals keine muhe und arbeit uerdriessen lest
sattler_predigt_1613,body,41,2,False,11,Deutero. 1. Verhöret ewer Brüder / Rom. 22. Regiret jmand / der sey fleißig.,deutero verhöret ewer brüder rom regiret jmand der sey fleißig,deutero uerhoret ewer bruder rom regiret imand der sey fleissig
sattler_predigt_1613,body,41,3,False,11,Vnd sol man wol zusehen / das man beyde theil höre / es lest sich leichtlich versehen / wie David selber es dißfals versehen hat mit dem Ziba vnd Mephiboseth.,vnd sol man wol zusehen das man beyde theil höre es lest sich leichtlich versehen wie david selber es dißfals versehen hat mit dem ziba vnd mephiboseth,und sol man wol zusehen das man beyde theil hore es lest sich leichtlich uersehen wie dauid selber es dissfals uersehen hat mit dem ziba und mephiboseth
sattler_predigt_1613,body,41,4,False,11,Da jenem König verwiesen wird / das er sich alzu gern sprechen ließ sagt er / ich wil mich so erzeigẽ gegẽ meinẽ Vnderthanen / wie ich wolte / das die Oberkeit gegen mir sich er zeigete / wenn ich ein Vnderthan were.,da jenem könig verwiesen wird das er sich alzu gern sprechen ließ sagt er ich wil mich so erzeigẽ gegẽ meinẽ vnderthanen wie ich wolte das die oberkeit gegen mir sich er zeigete wenn ich ein vnderthan were,da ienem konig uerwiesen wird das er sich alzu gern sprechen liess sagt er ich wil mich so erzeigen gegen meinen underthanen wie ich wolte das die oberkeit gegen mir sich er zeigete wenn ich ein underthan were
sattler_predigt_1613,body,41,5,False,12,Mose sitzt von Morgen biß zu Abendt / das Volck zu richten / Exod. 18. Vnnd Salomo sotzt auch zwo Huren / die sich vber das lebendige Kind nicht vertragen köndten / von einander.,mose sitzt von morgen biß zu abendt das volck zu richten exod vnnd salomo sotzt auch zwo huren die sich vber das lebendige kind nicht vertragen köndten von einander,mose sitzt uon morgen biss zu abendt das uolck zu richten exod unnd salomo sotzt auch zwo huren die sich uber das lebendige kind nicht uertragen kondten uon einander
sattler_predigt_1613,body,41,6,False,12,Das hat jhm ein grösser ansehen gemacht / als dz er 12000. Pferd vnd 4000. Wagen erhielte.,das hat jhm ein grösser ansehen gemacht als dz er pferd vnd wagen erhielte,das hat ihm ein grosser ansehen gemacht als dz er pferd und wagen erhielte
sattler_predigt_1613,body,41,7,True,12,Vñ wird das Hochlöbliche Hauß Osterreich sonderlich aber Keyser Maximilianus 2. aller höchstlöblicher gedechtniß / des wegẽ hoch gerühmet / das sie auch die armen Leut für sich kommen lassen / Brieffe selbs von ihnen angenommen / vnd sie gehöret vnd jhnen bescheid geben lassen.,vñ wird das hochlöbliche hauß osterreich sonderlich aber keyser maximilianus aller höchstlöblicher gedechtniß des wegẽ hoch gerühmet das sie auch die armen leut für sich kommen lassen brieffe selbs von ihnen angenommen vnd sie gehöret vnd jhnen bescheid geben lassen,und wird das hochlobliche hauss osterreich sonderlich aber keyser maximilianus aller hochstloblicher gedechtniss des wegen hoch geruhmet das sie auch die armen leut fur sich kommen lassen brieffe selbs uon ihnen angenommen und sie gehoret und ihnen bescheid geben lassen
sattler_predigt_1613,body,42,0,False,12,Zum dritten sol es dabey nicht bleiben / sonder ein Oberkeit soll die vnderthanen / sonderlich aber die Armen / die Witwẽ vnd Waysen vnnd dergleichen elende Personen / mit der That schützen vnd jhnen helffen.,zum dritten sol es dabey nicht bleiben sonder ein oberkeit soll die vnderthanen sonderlich aber die armen die witwẽ vnd waysen vnnd dergleichen elende personen mit der that schützen vnd jhnen helffen,zum dritten sol es dabey nicht bleiben sonder ein oberkeit soll die underthanen sonderlich aber die armen die witwen und waysen unnd dergleichen elende personen mit der that schutzen und ihnen helffen
sattler_predigt_1613,body,42,1,False,12,"Darumb werden sie / im 47. Psalm scuta terrae, Schild der Erden genand.",darumb werden sie im psalm scuta terrae schild der erden genand,darumb werden sie im psalm scuta terrae schild der erden genand
sattler_predigt_1613,body,42,2,False,12,Vnd im 28. Psalm spricht Gott: Schaffet Recht dem Armen vnd Waysen / vnd helfft dem Elenden vnd Dürfftigen zum Recht.,vnd im psalm spricht gott schaffet recht dem armen vnd waysen vnd helfft dem elenden vnd dürfftigen zum recht,und im psalm spricht gott schaffet recht dem armen und waysen und helfft dem elenden und durfftigen zum recht
sattler_predigt_1613,body,42,3,True,12,So schaffet David Recht vnd Gerechtigkeit allem Volck / vnd also nicht allein den fürnehmen / sonder auch den geringen.,so schaffet david recht vnd gerechtigkeit allem volck vnd also nicht allein den fürnehmen sonder auch den geringen,so schaffet dauid recht und gerechtigkeit allem uolck und also nicht allein den furnehmen sonder auch den geringen
sattler_predigt_1613,body,43,0,False,12,Neben dem wird zum vierdten von der Oberkeit gebürlicher Ernst erfordert / das sie mit dem Gottlosen vnd frevelern / vnd die andern gewalt vnd schaden thun / nicht durch die Finger sehe / sonder sie mit gebürlichem Ernst straffe / vnd allerley Sünden / Schand vnd Lastern wehre / vnd die Vbeltheter / weil sie etwa gewaltig sind / vnd ein starcke freundschafft oder fürbitter haben / nicht vngestrafft lasse / sonder sie zur gebürlichen Straff ziehe / das du den bösen von dir thuest / spricht Gott Deut. 17. vnd 21. Sonst wil sie Gott straffen Psalm. 82. Wie lang wolt jhr vnrecht richten / vnd die Person der Gottlosen fürziehen?,neben dem wird zum vierdten von der oberkeit gebürlicher ernst erfordert das sie mit dem gottlosen vnd frevelern vnd die andern gewalt vnd schaden thun nicht durch die finger sehe sonder sie mit gebürlichem ernst straffe vnd allerley sünden schand vnd lastern wehre vnd die vbeltheter weil sie etwa gewaltig sind vnd ein starcke freundschafft oder fürbitter haben nicht vngestrafft lasse sonder sie zur gebürlichen straff ziehe das du den bösen von dir thuest spricht gott deut vnd sonst wil sie gott straffen psalm wie lang wolt jhr vnrecht richten vnd die person der gottlosen fürziehen,neben dem wird zum uierdten uon der oberkeit geburlicher ernst erfordert das sie mit dem gottlosen und freuelern und die andern gewalt und schaden thun nicht durch die finger sehe sonder sie mit geburlichem ernst straffe und allerley sunden schand und lastern wehre und die ubeltheter weil sie etwa gewaltig sind und ein starcke freundschafft oder furbitter haben nicht ungestrafft lasse sonder sie zur geburlichen straff ziehe das du den bosen uon dir thuest spricht gott deut und sonst wil sie gott straffen psalm wie lang wolt ihr unrecht richten und die person der gottlosen furziehen
sattler_predigt_1613,body,43,1,False,12,Aber sie lassen jhnen nicht sagen / Darümb müssen alle Grundfeste des Landes fallen.,aber sie lassen jhnen nicht sagen darümb müssen alle grundfeste des landes fallen,aber sie lassen ihnen nicht sagen darumb mussen alle grundfeste des landes fallen
sattler_predigt_1613,body,43,2,False,12,Derowegen sagt David Psal. 101. Früe vertilge ich alle Gottlosen / das ich alle Vbeitheter außrotte auß der Stadt des HErrn.,derowegen sagt david psal früe vertilge ich alle gottlosen das ich alle vbeitheter außrotte auß der stadt des herrn,derowegen sagt dauid psal frue uertilge ich alle gottlosen das ich alle ubeitheter aussrotte auss der stadt des herrn
sattler_predigt_1613,body,43,3,False,13,Das wil auch Salomo / wenn er Prov. 16. spricht: Für den Königen vnrecht thun / ist ein Grewel: Deñ durch Gerechtigkeit wird der Stul bestetiget: Vnnd 20. Ein König der auff seinem Stul sitzet zu richten / der zerstrewet alles arge mit seinen Augen Vnd abermal Prov 25. Man thue böß wesen vom König / so wird sein Stul durch Gerechtigkeit befestiget.,das wil auch salomo wenn er prov spricht für den königen vnrecht thun ist ein grewel deñ durch gerechtigkeit wird der stul bestetiget vnnd ein könig der auff seinem stul sitzet zu richten der zerstrewet alles arge mit seinen augen vnd abermal prov man thue böß wesen vom könig so wird sein stul durch gerechtigkeit befestiget,das wil auch salomo wenn er prou spricht fur den konigen unrecht thun ist ein grewel denn durch gerechtigkeit wird der stul bestetiget unnd ein konig der auff seinem stul sitzet zu richten der zerstrewet alles arge mit seinen augen und abermal prou man thue boss wesen uom konig so wird sein stul durch gerechtigkeit befestiget
sattler_predigt_1613,body,43,4,False,13,So strafft Salomo den Todschleger Joab / vnd den Lesterer Simei: Wo das nicht geschicht / strafft Gott wol ein gantzes Volck vmb eines Vbeltheters willen / wie Jos. 7. an Achan zu sehen.,so strafft salomo den todschleger joab vnd den lesterer simei wo das nicht geschicht strafft gott wol ein gantzes volck vmb eines vbeltheters willen wie jos an achan zu sehen,so strafft salomo den todschleger ioab und den lesterer simei wo das nicht geschicht strafft gott wol ein gantzes uolck umb eines ubeltheters willen wie ios an achan zu sehen
sattler_predigt_1613,body,43,5,True,13,Ja es heißt wol 1. Reg. 20. Weil du den verbanten Mann von dir gelassen / wird deine Seel für seine Seele seyn.,ja es heißt wol reg weil du den verbanten mann von dir gelassen wird deine seel für seine seele seyn,ia es heisst wol reg weil du den uerbanten mann uon dir gelassen wird deine seel fur seine seele seyn
sattler_predigt_1613,body,44,0,True,13,Vnd weil / um fünfften / die Oberkeit an allen orten nicht seyn kon / soll sie sich mit fleiß nach redtlichen Leuten vmbsehen / dei sie zu bestellung des Regiments gebrauche / vnd die sollen seyn wie im Mose stehet / Exod. 18. Deut. 1. Gottfürchtig: Constantius helt eine wunderliche Musterung / stellet sich als wolte er Abgöttisch werden / vnd schaffet darnach die Abgöttischen Diener ab / mit den schönen Worten / weil sie Gott nicht getrew gewesen / werden sie jhm nimmermehr getrew seyn.,vnd weil um fünfften die oberkeit an allen orten nicht seyn kon soll sie sich mit fleiß nach redtlichen leuten vmbsehen dei sie zu bestellung des regiments gebrauche vnd die sollen seyn wie im mose stehet exod deut gottfürchtig constantius helt eine wunderliche musterung stellet sich als wolte er abgöttisch werden vnd schaffet darnach die abgöttischen diener ab mit den schönen worten weil sie gott nicht getrew gewesen werden sie jhm nimmermehr getrew seyn,und weil um funfften die oberkeit an allen orten nicht seyn kon soll sie sich mit fleiss nach redtlichen leuten umbsehen dei sie zu bestellung des regiments gebrauche und die sollen seyn wie im mose stehet exod deut gottfurchtig constantius helt eine wunderliche musterung stellet sich als wolte er abgottisch werden und schaffet darnach die abgottischen diener ab mit den schonen worten weil sie gott nicht getrew gewesen werden sie ihm nimmermehr getrew seyn
sattler_predigt_1613,body,45,0,False,13,So sollen sie auch Warhafftig / Verstendig / vnd erfahrne Leute seyn / die mit gewesen.,so sollen sie auch warhafftig verstendig vnd erfahrne leute seyn die mit gewesen,so sollen sie auch warhafftig uerstendig und erfahrne leute seyn die mit gewesen
sattler_predigt_1613,body,45,1,False,13,Wer sein Sach durch einen Thörichten Boten außrichtet / sagt Salom.,wer sein sach durch einen thörichten boten außrichtet sagt salom,wer sein sach durch einen thorichten boten aussrichtet sagt salom
sattler_predigt_1613,body,45,2,False,13,Prov. 26. Der ist wie ein Lamer an Henden vnd Füssen.,prov der ist wie ein lamer an henden vnd füssen,prou der ist wie ein lamer an henden und fussen
sattler_predigt_1613,body,45,3,False,13,Daher die 70. Eltesten zu wichtigen Sachen gezogen / Exod. 24. Vnnd auch die Heyden Senatum mit Eltesten bestellet / davon der Raht in Griechischer vnd Lateinischer Sprach den Namen hat.,daher die eltesten zu wichtigen sachen gezogen exod vnnd auch die heyden senatum mit eltesten bestellet davon der raht in griechischer vnd lateinischer sprach den namen hat,daher die eltesten zu wichtigen sachen gezogen exod unnd auch die heyden senatum mit eltesten bestellet dauon der raht in griechischer und lateinischer sprach den namen hat
sattler_predigt_1613,body,45,4,False,13,Doch das junge Leut bey jhnen anlerneten.,doch das junge leut bey jhnen anlerneten,doch das iunge leut bey ihnen anlerneten
sattler_predigt_1613,body,45,5,False,13,Sie sollen auch dem Geitz feindt vnd nit eygennützig seyn / sonst nehmen sie geschenck / vnnd biegen das Recht / oder hintergehen die Herrn selber / vmb jhres eygen nutzes willen.,sie sollen auch dem geitz feindt vnd nit eygennützig seyn sonst nehmen sie geschenck vnnd biegen das recht oder hintergehen die herrn selber vmb jhres eygen nutzes willen,sie sollen auch dem geitz feindt und nit eygennutzig seyn sonst nehmen sie geschenck unnd biegen das recht oder hintergehen die herrn selber umb ihres eygen nutzes willen
sattler_predigt_1613,body,45,6,False,13,Solchen Leuten sol man das Regiement befehlen / vnnd dasselbige recht zu führen / mit ernst einbinden / wie Moses thut / Deut. 1. Verhöret ewre Brüder / vnd richtet recht.,solchen leuten sol man das regiement befehlen vnnd dasselbige recht zu führen mit ernst einbinden wie moses thut deut verhöret ewre brüder vnd richtet recht,solchen leuten sol man das regiement befehlen unnd dasselbige recht zu fuhren mit ernst einbinden wie moses thut deut uerhoret ewre bruder und richtet recht
sattler_predigt_1613,body,45,7,False,13,Vnnd Josaphat 2. Paral. 19. Sehet zu was jhr thut / denn jhr haltet das Gericht dem HErrn / vnd nicht den Menschen.,vnnd josaphat paral sehet zu was jhr thut denn jhr haltet das gericht dem herrn vnd nicht den menschen,unnd iosaphat paral sehet zu was ihr thut denn ihr haltet das gericht dem herrn und nicht den menschen
sattler_predigt_1613,body,45,8,False,14,Da steht ein grosser theil eines Herrn wollfahrt auff.,da steht ein grosser theil eines herrn wollfahrt auff,da steht ein grosser theil eines herrn wollfahrt auff
sattler_predigt_1613,body,45,9,False,14,Vnd da gehört fleiß zu / das er getrewe Diener habe / vnd für bösen Leuten sich hüte / Dahin gehöret der gantze 101. Psalm.,vnd da gehört fleiß zu das er getrewe diener habe vnd für bösen leuten sich hüte dahin gehöret der gantze psalm,und da gehort fleiss zu das er getrewe diener habe und fur bosen leuten sich hute dahin gehoret der gantze psalm
sattler_predigt_1613,body,45,10,False,14,Ich hasse den Vbertreter / etc.,ich hasse den vbertreter etc,ich hasse den ubertreter etc
sattler_predigt_1613,body,45,11,False,14,Meine Augen sehen nach den trewen im Lande / das sie bey mir wohnen / vnd hab gerne frome Diener / das ist / Ich sehe gar wol zu / was ich für Leute bestelle.,meine augen sehen nach den trewen im lande das sie bey mir wohnen vnd hab gerne frome diener das ist ich sehe gar wol zu was ich für leute bestelle,meine augen sehen nach den trewen im lande das sie bey mir wohnen und hab gerne frome diener das ist ich sehe gar wol zu was ich fur leute bestelle
sattler_predigt_1613,body,45,12,False,14,Denn auch wer Pech angreifft / der besudlet sich.,denn auch wer pech angreifft der besudlet sich,denn auch wer pech angreifft der besudlet sich
sattler_predigt_1613,body,45,13,True,14,Syr. 13. David hat sich wol fürgesehen / noch hat ein Bub seine 3. Kinder / Thamar / Ammon / Absolon in Jammer vnd Noth gebracht.,syr david hat sich wol fürgesehen noch hat ein bub seine kinder thamar ammon absolon in jammer vnd noth gebracht,syr dauid hat sich wol furgesehen noch hat ein bub seine kinder thamar ammon absolon in iammer und noth gebracht
sattler_predigt_1613,body,46,0,True,14,Darumb man hierin nicht seinen eygnen affecten allein folgen / oder auff anderer Commendation vnd Freundschafft / noch fürnehme geschlecht allein sehen soll / wie offmals geschicht: Sondern auff frömmigkeit / geschickligkeit / trew / erfahrung.,darumb man hierin nicht seinen eygnen affecten allein folgen oder auff anderer commendation vnd freundschafft noch fürnehme geschlecht allein sehen soll wie offmals geschicht sondern auff frömmigkeit geschickligkeit trew erfahrung,darumb man hierin nicht seinen eygnen affecten allein folgen oder auff anderer commendation und freundschafft noch furnehme geschlecht allein sehen soll wie offmals geschicht sondern auff frommigkeit geschickligkeit trew erfahrung
sattler_predigt_1613,body,47,0,True,14,"Man sol auch nicht nur etlichen wenigen folgen / wie etliche sich insinuiren, das sie allein das Spiel auff den Daumen haben / vnd fürdern wen sie wollen / vnd setzen ab wen sie wollen / das sie jren Weitzen schneiden / das thut grossen Schaden / sondern in acht nehmen / das Salomo sagt: Salus ubi multi Consiliarij: Wo viel Rahtgeber sind / da gehets wol zu / Prov. 11",man sol auch nicht nur etlichen wenigen folgen wie etliche sich insinuiren das sie allein das spiel auff den daumen haben vnd fürdern wen sie wollen vnd setzen ab wen sie wollen das sie jren weitzen schneiden das thut grossen schaden sondern in acht nehmen das salomo sagt salus ubi multi consiliarij wo viel rahtgeber sind da gehets wol zu prov,man sol auch nicht nur etlichen wenigen folgen wie etliche sich insinuiren das sie allein das spiel auff den daumen haben und furdern wen sie wollen und setzen ab wen sie wollen das sie iren weitzen schneiden das thut grossen schaden sondern in acht nehmen das salomo sagt salus ubi multi consiliarii wo uiel rahtgeber sind da gehets wol zu prou
sattler_predigt_1613,body,48,0,True,14,Vnd das wir sehen / wie hoch daran gelegen / vnd welche grosse gabe GOttes die seyn / erzehlt der H. Geist / in Büchern der Könige / von David / 1. Paral. 19. Salomo 1. Reg. 4. Was sie für Obersten / Cantzler vnnd Secretarien gehabt: Denn was Gottlose vnd böse Diener für Schaden thun / zeuget leider auch an diesem / wie auch andern örten / die erfahrung.,vnd das wir sehen wie hoch daran gelegen vnd welche grosse gabe gottes die seyn erzehlt der h geist in büchern der könige von david paral salomo reg was sie für obersten cantzler vnnd secretarien gehabt denn was gottlose vnd böse diener für schaden thun zeuget leider auch an diesem wie auch andern örten die erfahrung,und das wir sehen wie hoch daran gelegen und welche grosse gabe gottes die seyn erzehlt der h geist in buchern der konige uon dauid paral salomo reg was sie fur obersten cantzler unnd secretarien gehabt denn was gottlose und bose diener fur schaden thun zeuget leider auch an diesem wie auch andern orten die erfahrung
sattler_predigt_1613,body,49,0,True,14,Vnd damit also das gantze Regiment wol bestehe / vnnd in esse erhalten werde / gehöret auch auch zum sechsten darzu / das man auff die Haußhaltung vnd auffkunfften selbst ein Auge mit habe / das damit recht verfahren werde / damit man zu friedens vnd Kriegßzeiten gefast sey.,vnd damit also das gantze regiment wol bestehe vnnd in esse erhalten werde gehöret auch auch zum sechsten darzu das man auff die haußhaltung vnd auffkunfften selbst ein auge mit habe das damit recht verfahren werde damit man zu friedens vnd kriegßzeiten gefast sey,und damit also das gantze regiment wol bestehe unnd in esse erhalten werde gehoret auch auch zum sechsten darzu das man auff die hausshaltung und auffkunfften selbst ein auge mit habe das damit recht uerfahren werde damit man zu friedens und kriegsszeiten gefast sey
sattler_predigt_1613,body,50,0,False,14,Hie wird viel versehen von grossen Herrn / stultitiam patiuntur opes: Etliche verbawens / da es nicht noht / etliche verspielens / etliche verpancketirens / etliche verwarlosens / etliche verkriegens ohne noht.,hie wird viel versehen von grossen herrn stultitiam patiuntur opes etliche verbawens da es nicht noht etliche verspielens etliche verpancketirens etliche verwarlosens etliche verkriegens ohne noht,hie wird uiel uersehen uon grossen herrn stultitiam patiuntur opes etliche uerbawens da es nicht noht etliche uerspielens etliche uerpancketirens etliche uerwarlosens etliche uerkriegens ohne noht
sattler_predigt_1613,body,50,1,False,15,Aber das ist Sünd vnd Schad / man sol es zu Rhat halten: Darumb sagt Salomon Eecles. 7. Weißheit ist Gut mit einem Erbgut.,aber das ist sünd vnd schad man sol es zu rhat halten darumb sagt salomon eecles weißheit ist gut mit einem erbgut,aber das ist sund und schad man sol es zu rhat halten darumb sagt salomon eecles weissheit ist gut mit einem erbgut
sattler_predigt_1613,body,50,2,False,15,Vnd abermahl / durch ordentlich haußhalten / werden alle Kammern voll / aller köstlichen lieblichen Reichthumen / Prov. 24. So ordnet David etliche vber den Schatz des Königes / etliche vber die Schätz auffm Lande / etliche vber die Ecker / etliche vber die Weinberge / Oelgarten / das allenthalben wol zugesehen / vnd was GOtt bescheret / zu raht gehalten werde.,vnd abermahl durch ordentlich haußhalten werden alle kammern voll aller köstlichen lieblichen reichthumen prov so ordnet david etliche vber den schatz des königes etliche vber die schätz auffm lande etliche vber die ecker etliche vber die weinberge oelgarten das allenthalben wol zugesehen vnd was gott bescheret zu raht gehalten werde,und abermahl durch ordentlich hausshalten werden alle kammern uoll aller kostlichen lieblichen reichthumen prou so ordnet dauid etliche uber den schatz des koniges etliche uber die schatz auffm lande etliche uber die ecker etliche uber die weinberge oelgarten das allenthalben wol zugesehen und was gott bescheret zu raht gehalten werde
sattler_predigt_1613,body,50,3,False,15,Vnd der König Salomon der einen statlichen Hoff hielt / ordnet 12. Amptleute / da ein jeder einen Monat speisen soll.,vnd der könig salomon der einen statlichen hoff hielt ordnet amptleute da ein jeder einen monat speisen soll,und der konig salomon der einen statlichen hoff hielt ordnet amptleute da ein ieder einen monat speisen soll
sattler_predigt_1613,body,50,4,True,15,Vnnd sol man sich strecken nach der Decken: Nicht außwürffig seyn / nicht alles vnnützlich verschwenden: Reichthumb wird wenig / wo mans vergeudet / was man aber zufammen helt / wird groß / steht Prov. 13. Eccles. 10. Durch faulheit sincken die Balcken / vñ durch hinleßige hand / wird dz Hauß trieffend / dz ist / wo man nicht zusiehet / gehet es alles zu grunde.,vnnd sol man sich strecken nach der decken nicht außwürffig seyn nicht alles vnnützlich verschwenden reichthumb wird wenig wo mans vergeudet was man aber zufammen helt wird groß steht prov eccles durch faulheit sincken die balcken vñ durch hinleßige hand wird dz hauß trieffend dz ist wo man nicht zusiehet gehet es alles zu grunde,unnd sol man sich strecken nach der decken nicht ausswurffig seyn nicht alles unnutzlich uerschwenden reichthumb wird wenig wo mans uergeudet was man aber zufammen helt wird gross steht prou eccles durch faulheit sincken die balcken und durch hinlessige hand wird dz hauss trieffend dz ist wo man nicht zusiehet gehet es alles zu grunde
sattler_predigt_1613,body,51,0,False,15,Darumb sol man auch selber mit zusehen: Das Aug des HErrn macht das Pferdt fett.,darumb sol man auch selber mit zusehen das aug des herrn macht das pferdt fett,darumb sol man auch selber mit zusehen das aug des herrn macht das pferdt fett
sattler_predigt_1613,body,51,1,True,15,Wo dz nicht geschicht / so kömpt man herunder / das man nit wider auffkom̃en kan / vñ gehet deñ zu zeiten vber die Vnterthanen / die werden außgenützet / vnnd wenn man das Hun auffschneidt / legt es keine Eyer mehr.,wo dz nicht geschicht so kömpt man herunder das man nit wider auffkom̃en kan vñ gehet deñ zu zeiten vber die vnterthanen die werden außgenützet vnnd wenn man das hun auffschneidt legt es keine eyer mehr,wo dz nicht geschicht so kompt man herunder das man nit wider auffkommen kan und gehet denn zu zeiten uber die unterthanen die werden aussgenutzet unnd wenn man das hun auffschneidt legt es keine eyer mehr
sattler_predigt_1613,body,52,0,False,15,Das aber Paulus der Gottseligkeit gedencket / damit deutet er an / zum Siebenden / die fürnembste Wolthat / die die Oberkeit den Vnterthanen erzeigen kan vnd sol / nemblich / das sie vngehindert Gott dienen / vnd in aller Gottseligkeit leben können Ob nun wol auch darzu etwas geholffen hat / weñ die Heyonische Oberkeit einem jeden Schutz gehalten / das man ohn hindernuß Gottseliglich leben können / so ist doch ein viel herrlicher Woltheit / die ein Christlich Oberkeit den Vnterthanen erzeigẽ kan vnd sol / das sie vber Gottes Wort helt / vnd den waren Gottesdienst befordert vnd fortsetzet / das die Vuterthanen Gott jhren Schöpffer vnd Seligmacher recht er kennen / an jn gleuben / jhn anruffen / jhn loben / vnd jhm dienen in jhrem gantzen leben: Wo es also hergehet / da wohnet Ehre / ja Gott selber im Lande: Denn eusserlichen fried vnd ruhe haben auch wol Heidnische Könige verschafft: Aber das ist für Gott vnnd allen Engeln eine grosse Herrligkeit / wenn die Oberkeit verschafft vnd befürdert / das Gott recht erkand / geehret vnnd jhm gedienet werde.,das aber paulus der gottseligkeit gedencket damit deutet er an zum siebenden die fürnembste wolthat die die oberkeit den vnterthanen erzeigen kan vnd sol nemblich das sie vngehindert gott dienen vnd in aller gottseligkeit leben können ob nun wol auch darzu etwas geholffen hat weñ die heyonische oberkeit einem jeden schutz gehalten das man ohn hindernuß gottseliglich leben können so ist doch ein viel herrlicher woltheit die ein christlich oberkeit den vnterthanen erzeigẽ kan vnd sol das sie vber gottes wort helt vnd den waren gottesdienst befordert vnd fortsetzet das die vuterthanen gott jhren schöpffer vnd seligmacher recht er kennen an jn gleuben jhn anruffen jhn loben vnd jhm dienen in jhrem gantzen leben wo es also hergehet da wohnet ehre ja gott selber im lande denn eusserlichen fried vnd ruhe haben auch wol heidnische könige verschafft aber das ist für gott vnnd allen engeln eine grosse herrligkeit wenn die oberkeit verschafft vnd befürdert das gott recht erkand geehret vnnd jhm gedienet werde,das aber paulus der gottseligkeit gedencket damit deutet er an zum siebenden die furnembste wolthat die die oberkeit den unterthanen erzeigen kan und sol nemblich das sie ungehindert gott dienen und in aller gottseligkeit leben konnen ob nun wol auch darzu etwas geholffen hat wenn die heyonische oberkeit einem ieden schutz gehalten das man ohn hindernuss gottseliglich leben konnen so ist doch ein uiel herrlicher woltheit die ein christlich oberkeit den unterthanen erzeigen kan und sol das sie uber gottes wort helt und den waren gottesdienst befordert und fortsetzet das die uuterthanen gott ihren schopffer und seligmacher recht er kennen an in gleuben ihn anruffen ihn loben und ihm dienen in ihrem gantzen leben wo es also hergehet da wohnet ehre ia gott selber im lande denn eusserlichen fried und ruhe haben auch wol heidnische konige uerschafft aber das ist fur gott unnd allen engeln eine grosse herrligkeit wenn die oberkeit uerschafft und befurdert das gott recht erkand geehret unnd ihm gedienet werde
sattler_predigt_1613,body,52,1,False,16,Denn darzu sind die Menschen erschaffen / vnd durch den Sohn Gottes erlöset: Darzu erhelt Gott das Menschliche geschlecht in der Welt: Jauchtzet dem HErrn alle Welt / spricht der 100. Psalm / Dienet dem HErrn mit frewden / etc.,denn darzu sind die menschen erschaffen vnd durch den sohn gottes erlöset darzu erhelt gott das menschliche geschlecht in der welt jauchtzet dem herrn alle welt spricht der psalm dienet dem herrn mit frewden etc,denn darzu sind die menschen erschaffen und durch den sohn gottes erloset darzu erhelt gott das menschliche geschlecht in der welt iauchtzet dem herrn alle welt spricht der psalm dienet dem herrn mit frewden etc
sattler_predigt_1613,body,52,2,False,16,Er hat vns gemacht / vnd nicht wir selber / zu seinem Volck / vnd zu Schafen seiner Weyde.,er hat vns gemacht vnd nicht wir selber zu seinem volck vnd zu schafen seiner weyde,er hat uns gemacht und nicht wir selber zu seinem uolck und zu schafen seiner weyde
sattler_predigt_1613,body,52,3,True,16,Da ist das Reich Gottes vnter den Menschen / Luc. 17.,da ist das reich gottes vnter den menschen luc,da ist das reich gottes unter den menschen luc
sattler_predigt_1613,body,53,0,False,16,Darbey nu kan ein Christlich Oberkeit viel guts thun: Das sol jhr auch zum höchsten angelegen seyn / das Gottes Wort im schwang gehe / vnd rein vnd lauter geprediget / vnd die H. Sacramenta nach Christi einsetzung verreicht werden.,darbey nu kan ein christlich oberkeit viel guts thun das sol jhr auch zum höchsten angelegen seyn das gottes wort im schwang gehe vnd rein vnd lauter geprediget vnd die h sacramenta nach christi einsetzung verreicht werden,darbey nu kan ein christlich oberkeit uiel guts thun das sol ihr auch zum hochsten angelegen seyn das gottes wort im schwang gehe und rein und lauter geprediget und die h sacramenta nach christi einsetzung uerreicht werden
sattler_predigt_1613,body,53,1,True,16,Die Welt mags vernichten / wie sie wil / vnd es Pfaffenwerck heissen / (denn das ist dem Teuffel ein Dorn in Augen) so ists doch das edelste Werck / das ein Oberkeit auff Erden thun kan.,die welt mags vernichten wie sie wil vnd es pfaffenwerck heissen denn das ist dem teuffel ein dorn in augen so ists doch das edelste werck das ein oberkeit auff erden thun kan,die welt mags uernichten wie sie wil und es pfaffenwerck heissen denn das ist dem teuffel ein dorn in augen so ists doch das edelste werck das ein oberkeit auff erden thun kan
sattler_predigt_1613,body,54,0,False,16,Darzu vermahnet der 2. Psalm: Last euch weisen jhr Könige / vnd last euch züchtigen jhr Richter auff Erden: Küsset den Sohn / das er nicht zürne: Vnd im 24. Psalm: Macht die thor weit / vnd die Thür in der Welt hoch / das der König der Ehren einziehe.,darzu vermahnet der psalm last euch weisen jhr könige vnd last euch züchtigen jhr richter auff erden küsset den sohn das er nicht zürne vnd im psalm macht die thor weit vnd die thür in der welt hoch das der könig der ehren einziehe,darzu uermahnet der psalm last euch weisen ihr konige und last euch zuchtigen ihr richter auff erden kusset den sohn das er nicht zurne und im psalm macht die thor weit und die thur in der welt hoch das der konig der ehren einziehe
sattler_predigt_1613,body,54,1,False,16,So verheisset Gott der Christlchen / Kirche Esa. 49. Die Könige werden deine Pfleger / vnd jre Fürsten deine Seugammẽ seyn.,so verheisset gott der christlchen kirche esa die könige werden deine pfleger vnd jre fürsten deine seugammẽ seyn,so uerheisset gott der christlchen kirche esa die konige werden deine pfleger und ire fursten deine seugammen seyn
sattler_predigt_1613,body,54,2,True,16,"Vnd Esa. 60. verheist Gott der Christlichen Kirchen / du wirst der Könige Brüste saugen,",vnd esa verheist gott der christlichen kirchen du wirst der könige brüste saugen,und esa uerheist gott der christlichen kirchen du wirst der konige bruste saugen
sattler_predigt_1613,body,55,0,True,16,Wo aber das nicht ist / da ist ein recht Wüste vnd Barbarey / vnd hat es mit solchen Königreichen vnd Ländern kein Bestandt / sondern sie müssen endtlich zu grundt gehen / wie Esa. 60. stehet: Die Heyden vnd Königreiche welche dir nicht dienen wollen / die sollen vmbkommen / vnd die Heyden verwüstet werden.,wo aber das nicht ist da ist ein recht wüste vnd barbarey vnd hat es mit solchen königreichen vnd ländern kein bestandt sondern sie müssen endtlich zu grundt gehen wie esa stehet die heyden vnd königreiche welche dir nicht dienen wollen die sollen vmbkommen vnd die heyden verwüstet werden,wo aber das nicht ist da ist ein recht wuste und barbarey und hat es mit solchen konigreichen und landern kein bestandt sondern sie mussen endtlich zu grundt gehen wie esa stehet die heyden und konigreiche welche dir nicht dienen wollen die sollen umbkommen und die heyden uerwustet werden
sattler_predigt_1613,body,56,0,False,17,Darumb wird von David geschrieben / das er / als er zum Regenten kommen / die Lade des Bundes mit grossen frewden zu recht gebracht / damit also der ware Gottesdienst nach Gottes Wort verrichtet würde / vnd im schwang ginge.,darumb wird von david geschrieben das er als er zum regenten kommen die lade des bundes mit grossen frewden zu recht gebracht damit also der ware gottesdienst nach gottes wort verrichtet würde vnd im schwang ginge,darumb wird uon dauid geschrieben das er als er zum regenten kommen die lade des bundes mit grossen frewden zu recht gebracht damit also der ware gottesdienst nach gottes wort uerrichtet wurde und im schwang ginge
sattler_predigt_1613,body,56,1,False,17,Vnd sein Sohn Salomon bawet den herrlichen Tempel / vnd weyhet den selben selber ein / mit grosser Solennitet vnd herrligkeit / auff das der ware Gottesdienst / auffs aller herrligste vnd stadtligste fortginge.,vnd sein sohn salomon bawet den herrlichen tempel vnd weyhet den selben selber ein mit grosser solennitet vnd herrligkeit auff das der ware gottesdienst auffs aller herrligste vnd stadtligste fortginge,und sein sohn salomon bawet den herrlichen tempel und weyhet den selben selber ein mit grosser solennitet und herrligkeit auff das der ware gottesdienst auffs aller herrligste und stadtligste fortginge
sattler_predigt_1613,body,56,2,True,17,Eben also wird gerühmet Josaphat / das er nicht allein Richter verordnet / vnnd selbst in der Person das Ampt befohlen / sondern auch ein Visitation angestellet / vnnd darzu die Leviten / neben seinen Fürsten / das ist / fürnembsten Rähthen vnd Befehlichshabern abgefertigt / das sie das Volck lehren solten / Paral. 2. 17. Solcher ruhm wird auch geben dem König Hißkiae vnd Josiae / das sie die eingerissen Abgötterey mit grossom ernst vnd eyffer abgeschaffet / vnd den waren Gottesdienst wider auffgerichtet haben.,eben also wird gerühmet josaphat das er nicht allein richter verordnet vnnd selbst in der person das ampt befohlen sondern auch ein visitation angestellet vnnd darzu die leviten neben seinen fürsten das ist fürnembsten rähthen vnd befehlichshabern abgefertigt das sie das volck lehren solten paral solcher ruhm wird auch geben dem könig hißkiae vnd josiae das sie die eingerissen abgötterey mit grossom ernst vnd eyffer abgeschaffet vnd den waren gottesdienst wider auffgerichtet haben,eben also wird geruhmet iosaphat das er nicht allein richter uerordnet unnd selbst in der person das ampt befohlen sondern auch ein uisitation angestellet unnd darzu die leuiten neben seinen fursten das ist furnembsten rahthen und befehlichshabern abgefertigt das sie das uolck lehren solten paral solcher ruhm wird auch geben dem konig hisskiae und iosiae das sie die eingerissen abgotterey mit grossom ernst und eyffer abgeschaffet und den waren gottesdienst wider auffgerichtet haben
sattler_predigt_1613,body,57,0,True,17,Durch dieses herrliche Werck / haben einen ewigen ruhm erlangt / die Christliche Kayser / Constantinus Magnus / beyde Theodosij / Martianus / Carolus Magnus / etc. die mit allen ernst Gottes Wort fortgesetzet vnd befordert haben.,durch dieses herrliche werck haben einen ewigen ruhm erlangt die christliche kayser constantinus magnus beyde theodosij martianus carolus magnus etc die mit allen ernst gottes wort fortgesetzet vnd befordert haben,durch dieses herrliche werck haben einen ewigen ruhm erlangt die christliche kayser constantinus magnus beyde theodosii martianus carolus magnus etc die mit allen ernst gottes wort fortgesetzet und befordert haben
sattler_predigt_1613,body,58,0,False,17,Wo es also hergehet / da ist die Obrigkeit recht ein Baum / wie Dan. 4. stehet / der groß vnd dicke ist / vnd seine Este vnnd vnd seine Frucht viel / davon alles zu essen hat / vnd alles Thier auff dem Feld vnter jm wonet / vnd die Vogel des Himels auff seinen Asten sitzen / da wonet ein jeder vnter seinem Feigenbaum vnd Weinstock / wie 1. Reg 4. vom Salomon stehet / da führet man ein stilles vnd geruhigs leben.,wo es also hergehet da ist die obrigkeit recht ein baum wie dan stehet der groß vnd dicke ist vnd seine este vnnd vnd seine frucht viel davon alles zu essen hat vnd alles thier auff dem feld vnter jm wonet vnd die vogel des himels auff seinen asten sitzen da wonet ein jeder vnter seinem feigenbaum vnd weinstock wie reg vom salomon stehet da führet man ein stilles vnd geruhigs leben,wo es also hergehet da ist die obrigkeit recht ein baum wie dan stehet der gross und dicke ist und seine este unnd und seine frucht uiel dauon alles zu essen hat und alles thier auff dem feld unter im wonet und die uogel des himels auff seinen asten sitzen da wonet ein ieder unter seinem feigenbaum und weinstock wie reg uom salomon stehet da fuhret man ein stilles und geruhigs leben
sattler_predigt_1613,body,58,1,False,17,Ja da hat Gott sein eigẽ wonung / da wil er segenen vnd schützen / an welchem ort ich meines Namens gedechtnis stifften werde / da wil ich zu dir kommen / vnd dich segenen / Exod. 20. Da heists Gott ist bey jhr drinnen / Gott hifft jhr früe / Psal 46. vnd im 48. Gott ist in jren Pallasten bekant / das er jr Schutz sey / denn sihe Könige sind versamlet / vnnd miteinander fürvber gezogen: Trachtet am ersten nach dem Reich Gottes / spricht der Sohn Gottes / so wird euch das ander alles zufallen.,ja da hat gott sein eigẽ wonung da wil er segenen vnd schützen an welchem ort ich meines namens gedechtnis stifften werde da wil ich zu dir kommen vnd dich segenen exod da heists gott ist bey jhr drinnen gott hifft jhr früe psal vnd im gott ist in jren pallasten bekant das er jr schutz sey denn sihe könige sind versamlet vnnd miteinander fürvber gezogen trachtet am ersten nach dem reich gottes spricht der sohn gottes so wird euch das ander alles zufallen,ia da hat gott sein eigen wonung da wil er segenen und schutzen an welchem ort ich meines namens gedechtnis stifften werde da wil ich zu dir kommen und dich segenen exod da heists gott ist bey ihr drinnen gott hifft ihr frue psal und im gott ist in iren pallasten bekant das er ir schutz sey denn sihe konige sind uersamlet unnd miteinander furuber gezogen trachtet am ersten nach dem reich gottes spricht der sohn gottes so wird euch das ander alles zufallen
sattler_predigt_1613,body,58,2,False,18,Matth. 6. Paulus 1. Tim. 4. Die Gottseligkeit ist zu allen dingen nütz / vnd hat verheissung dieses lebens vnd des zukünfftigen.,matth paulus tim die gottseligkeit ist zu allen dingen nütz vnd hat verheissung dieses lebens vnd des zukünfftigen,matth paulus tim die gottseligkeit ist zu allen dingen nutz und hat uerheissung dieses lebens und des zukunfftigen
sattler_predigt_1613,body,58,3,True,18,Damit kan man also das Land am besten für Feinden vnd anderm Vnglück schützen vnd bewaren / vnd viel besser als mit allen Bündnüssen.,damit kan man also das land am besten für feinden vnd anderm vnglück schützen vnd bewaren vnd viel besser als mit allen bündnüssen,damit kan man also das land am besten fur feinden und anderm ungluck schutzen und bewaren und uiel besser als mit allen bundnussen
sattler_predigt_1613,body,59,0,True,18,Deß lesen wir ein schön mercklich Exempel vom Josaphat / der jhm den Gottesdienst hoch angelegen seyn ließ / 2. Paral. 17. Vnd gantz Juda sandte Josaphat geschencke / vnd er hatte Reichthumb vnd Ehre die menge / vnd es kam die furcht des HErrn vber alle Königreich in den Landen / die vmb Juda herlagen / das sie nicht stritten wieder Josaphat / spricht die Schrifft / vnd da er schon bekrieget wird / stehet jhm Gott bey / 1. Paral. 20. vnd schlecht seine Feinde.,deß lesen wir ein schön mercklich exempel vom josaphat der jhm den gottesdienst hoch angelegen seyn ließ paral vnd gantz juda sandte josaphat geschencke vnd er hatte reichthumb vnd ehre die menge vnd es kam die furcht des herrn vber alle königreich in den landen die vmb juda herlagen das sie nicht stritten wieder josaphat spricht die schrifft vnd da er schon bekrieget wird stehet jhm gott bey paral vnd schlecht seine feinde,dess lesen wir ein schon mercklich exempel uom iosaphat der ihm den gottesdienst hoch angelegen seyn liess paral und gantz iuda sandte iosaphat geschencke und er hatte reichthumb und ehre die menge und es kam die furcht des herrn uber alle konigreich in den landen die umb iuda herlagen das sie nicht stritten wieder iosaphat spricht die schrifft und da er schon bekrieget wird stehet ihm gott bey paral und schlecht seine feinde
sattler_predigt_1613,body,60,0,False,18,Vnd D. Luther erzehlet in der Außlegung des 118. Psalms schier ein gleich Exempel von einem Bischoff zu Magdeburg / Graff Friederich von Beichlingen / dem ein Hertzog zu Sachsen abgesagt / vnd einen Krieg wieder jhn führen wollen / sendet auch einen Kundtschaffer / wie er sich zum Krieg schicke: Der berichtet jhn wieder / es sey allgewonnen / denn er nehme kein Volck an / sondern hab gesagt / er wölle Clöster Visitirn / arme Leut hören / vnd Gott für sich kriegen lassen / etc.,vnd d luther erzehlet in der außlegung des psalms schier ein gleich exempel von einem bischoff zu magdeburg graff friederich von beichlingen dem ein hertzog zu sachsen abgesagt vnd einen krieg wieder jhn führen wollen sendet auch einen kundtschaffer wie er sich zum krieg schicke der berichtet jhn wieder es sey allgewonnen denn er nehme kein volck an sondern hab gesagt er wölle clöster visitirn arme leut hören vnd gott für sich kriegen lassen etc,und d luther erzehlet in der ausslegung des psalms schier ein gleich exempel uon einem bischoff zu magdeburg graff friederich uon beichlingen dem ein hertzog zu sachsen abgesagt und einen krieg wieder ihn fuhren wollen sendet auch einen kundtschaffer wie er sich zum krieg schicke der berichtet ihn wieder es sey allgewonnen denn er nehme kein uolck an sondern hab gesagt er wolle closter uisitirn arme leut horen und gott fur sich kriegen lassen etc
sattler_predigt_1613,body,60,1,True,18,Da sagt Hertzog Friederich zu Sachsen / wil er daran / so mag der Teuffel mit jhm kriegen.,da sagt hertzog friederich zu sachsen wil er daran so mag der teuffel mit jhm kriegen,da sagt hertzog friederich zu sachsen wil er daran so mag der teuffel mit ihm kriegen
sattler_predigt_1613,body,61,0,True,18,Diese gantze Lehr von der Oberkeit vnd jhrem Ampt / sol den Regenten vnd allen so zu Hoff vnd im Land zur Regierung bestellet sind / darzu dienen / das sie ja nicht das jhre suchen / sondern bedencken / das sie Gott den Vnderthanen zu gut verordnet / vnd sie derowegen dahin sehen / rahten vnd thaten / das den Vnderthanen Fried vnd Ruhe geschaffet / Zucht vnd Erbarkeit erhalten / Frevel / Schand vnd Laster abgeschafft werden / vnd die ware Gottseligkeit im schwang gehe / vnd allerley Rotten / Secten vnd Ergernissen gewehret werde / Vnd wie der 85. Psalm redet / das Ehre im Landt wohne / güte vnd Trew einander begegnen / Gerechtigkeit vnd Fried sich küssen.,diese gantze lehr von der oberkeit vnd jhrem ampt sol den regenten vnd allen so zu hoff vnd im land zur regierung bestellet sind darzu dienen das sie ja nicht das jhre suchen sondern bedencken das sie gott den vnderthanen zu gut verordnet vnd sie derowegen dahin sehen rahten vnd thaten das den vnderthanen fried vnd ruhe geschaffet zucht vnd erbarkeit erhalten frevel schand vnd laster abgeschafft werden vnd die ware gottseligkeit im schwang gehe vnd allerley rotten secten vnd ergernissen gewehret werde vnd wie der psalm redet das ehre im landt wohne güte vnd trew einander begegnen gerechtigkeit vnd fried sich küssen,diese gantze lehr uon der oberkeit und ihrem ampt sol den regenten und allen so zu hoff und im land zur regierung bestellet sind darzu dienen das sie ia nicht das ihre suchen sondern bedencken das sie gott den underthanen zu gut uerordnet und sie derowegen dahin sehen rahten und thaten das den underthanen fried und ruhe geschaffet zucht und erbarkeit erhalten freuel schand und laster abgeschafft werden und die ware gottseligkeit im schwang gehe und allerley rotten secten und ergernissen gewehret werde und wie der psalm redet das ehre im landt wohne gute und trew einander begegnen gerechtigkeit und fried sich kussen
sattler_predigt_1613,body,62,0,True,19,Es sol auch dieses die Vnderthanen vermanen vnd auffmundern / das sie viel vnd hoch von der Oberkeit halten / dieweil sie Gottes Ordnung vnd Dienerin ist / welche freylich keiner mit gutem Gewissen verachten kan.,es sol auch dieses die vnderthanen vermanen vnd auffmundern das sie viel vnd hoch von der oberkeit halten dieweil sie gottes ordnung vnd dienerin ist welche freylich keiner mit gutem gewissen verachten kan,es sol auch dieses die underthanen uermanen und auffmundern das sie uiel und hoch uon der oberkeit halten dieweil sie gottes ordnung und dienerin ist welche freylich keiner mit gutem gewissen uerachten kan
sattler_predigt_1613,body,63,0,True,19,Sonderlich aber sollen wir Vnterthanen auch deßwegen lieb vnd werth halten die Oberkeit / weil Gott vns Menschen durch der Oberkeit Ampt solche Wolthaten erzeigt / das wir fried vnd ruhe haben können / welchs sonsten nicht müglich were / vnd können vnserer Narung vnnd Handthieruug warten / vnser Leib / Leben / Weib / Kinder / Haab vnd Güter / Ehre vnd guten Namen verthedigen: Vnd daß dz aller fürnembste ist / dz wir vngehindert können in die Kirch gehen / Gottes Wort hören / die H. Sacramenta gebrauchen / Gott recht anruffen / die vnsern in der furcht vnd warem erkendtniß Gottes auffer ziehen / vnd mit jhnen Selig werden.,sonderlich aber sollen wir vnterthanen auch deßwegen lieb vnd werth halten die oberkeit weil gott vns menschen durch der oberkeit ampt solche wolthaten erzeigt das wir fried vnd ruhe haben können welchs sonsten nicht müglich were vnd können vnserer narung vnnd handthieruug warten vnser leib leben weib kinder haab vnd güter ehre vnd guten namen verthedigen vnd daß dz aller fürnembste ist dz wir vngehindert können in die kirch gehen gottes wort hören die h sacramenta gebrauchen gott recht anruffen die vnsern in der furcht vnd warem erkendtniß gottes auffer ziehen vnd mit jhnen selig werden,sonderlich aber sollen wir unterthanen auch desswegen lieb und werth halten die oberkeit weil gott uns menschen durch der oberkeit ampt solche wolthaten erzeigt das wir fried und ruhe haben konnen welchs sonsten nicht muglich were und konnen unserer narung unnd handthieruug warten unser leib leben weib kinder haab und guter ehre und guten namen uerthedigen und dass dz aller furnembste ist dz wir ungehindert konnen in die kirch gehen gottes wort horen die h sacramenta gebrauchen gott recht anruffen die unsern in der furcht und warem erkendtniss gottes auffer ziehen und mit ihnen selig werden
sattler_predigt_1613,body,64,0,False,19,Darumb denn auch dem Exempel Davids nach / kein Vnderthan wieder die Oberkeit sich setzen vnd aufflehnen sol / ob sie schon jhren mangel hat / sonder sie ehren / mit jhren Gebrechen gedult haben / vnd jhr in allen dingen / die nicht wieder GOtt sind / gehorsam leisten: Legt man sich wider die Oberkeit / So heists 1. Sam. 8. Sie haben nicht dich / sondern mich verworffen: Core / Dathan vnd Abiram verschlingt die Erde.,darumb denn auch dem exempel davids nach kein vnderthan wieder die oberkeit sich setzen vnd aufflehnen sol ob sie schon jhren mangel hat sonder sie ehren mit jhren gebrechen gedult haben vnd jhr in allen dingen die nicht wieder gott sind gehorsam leisten legt man sich wider die oberkeit so heists sam sie haben nicht dich sondern mich verworffen core dathan vnd abiram verschlingt die erde,darumb denn auch dem exempel dauids nach kein underthan wieder die oberkeit sich setzen und aufflehnen sol ob sie schon ihren mangel hat sonder sie ehren mit ihren gebrechen gedult haben und ihr in allen dingen die nicht wieder gott sind gehorsam leisten legt man sich wider die oberkeit so heists sam sie haben nicht dich sondern mich uerworffen core dathan und abiram uerschlingt die erde
sattler_predigt_1613,body,64,1,True,19,Num. 16. Es sollen auch die Vnderthanen sich nicht beschweren / weil viel darzu gehöret / das die Oberkeit Gottes Wort fortsetze / Gericht vnd Gerechtigkeit / Friede vnd Ruhe / Zucht vnd Erbarkeit Schoß vnd Schatzungen zu geben: Gebet dem Keyser was des Keysers ist / sagt der Sohn Gottes: Vnd Paulus Rom. 13. Schoß wem Schoß gebüret / Zoll dẽ Zoll gebüret: Es ist ein nützlicher pfenning der einem einen Gülden sparet: Denn freylich einem jeden weit ein mehres auffgeben wolte / wenn er sich selbst solte verthedigen / vnd were jhm doch solchs vnmüglich.,num es sollen auch die vnderthanen sich nicht beschweren weil viel darzu gehöret das die oberkeit gottes wort fortsetze gericht vnd gerechtigkeit friede vnd ruhe zucht vnd erbarkeit schoß vnd schatzungen zu geben gebet dem keyser was des keysers ist sagt der sohn gottes vnd paulus rom schoß wem schoß gebüret zoll dẽ zoll gebüret es ist ein nützlicher pfenning der einem einen gülden sparet denn freylich einem jeden weit ein mehres auffgeben wolte wenn er sich selbst solte verthedigen vnd were jhm doch solchs vnmüglich,num es sollen auch die underthanen sich nicht beschweren weil uiel darzu gehoret das die oberkeit gottes wort fortsetze gericht und gerechtigkeit friede und ruhe zucht und erbarkeit schoss und schatzungen zu geben gebet dem keyser was des keysers ist sagt der sohn gottes und paulus rom schoss wem schoss geburet zoll den zoll geburet es ist ein nutzlicher pfenning der einem einen gulden sparet denn freylich einem ieden weit ein mehres auffgeben wolte wenn er sich selbst solte uerthedigen und were ihm doch solchs unmuglich
sattler_predigt_1613,body,65,0,False,20,Derowegen mag sich ein jeder vmb Gottes Gebots willen / vnd weil es jm selber mit zu gut kömpt / wol angreiffen / der Oberkeit zule en / vnd es andern örtern / da es vnnützlich angewendet wird / sparen.,derowegen mag sich ein jeder vmb gottes gebots willen vnd weil es jm selber mit zu gut kömpt wol angreiffen der oberkeit zule en vnd es andern örtern da es vnnützlich angewendet wird sparen,derowegen mag sich ein ieder umb gottes gebots willen und weil es im selber mit zu gut kompt wol angreiffen der oberkeit zule en und es andern ortern da es unnutzlich angewendet wird sparen
sattler_predigt_1613,body,65,1,False,20,Matth. 17. gibt Christus / vns zum guten Exempel den Zinßgroschen.,matth gibt christus vns zum guten exempel den zinßgroschen,matth gibt christus uns zum guten exempel den zinssgroschen
sattler_predigt_1613,body,65,2,True,20,Vnd seine Eltern Joseph vnd Maria ziehen gen Bethlehem / das sie Schatzung geben / Luc 2.,vnd seine eltern joseph vnd maria ziehen gen bethlehem das sie schatzung geben luc,und seine eltern ioseph und maria ziehen gen bethlehem das sie schatzung geben luc
sattler_predigt_1613,body,66,0,True,20,Denn es ist der Oberkeit vnmüglich / solche schwere Last allein zu tragen / sonder die Vnderthanen müssen jhr helffen / ja sie müssen gleich die seyn / die die Oberkeit tragen.,denn es ist der oberkeit vnmüglich solche schwere last allein zu tragen sonder die vnderthanen müssen jhr helffen ja sie müssen gleich die seyn die die oberkeit tragen,denn es ist der oberkeit unmuglich solche schwere last allein zu tragen sonder die underthanen mussen ihr helffen ia sie mussen gleich die seyn die die oberkeit tragen
sattler_predigt_1613,body,67,0,True,20,Die alten haben ein Gleichnuß von einem Blinden vnd Lamen gegeben / die können beyde nicht fort kommen Aber wenn der Blind den Lamen trägt / vnd der Lame jme den Weg zeiget / so können sie beyde fortkommen / so müssen die Vnderthanen die Oberkeit tragen / vnd die Oberkeit sie leiten.,die alten haben ein gleichnuß von einem blinden vnd lamen gegeben die können beyde nicht fort kommen aber wenn der blind den lamen trägt vnd der lame jme den weg zeiget so können sie beyde fortkommen so müssen die vnderthanen die oberkeit tragen vnd die oberkeit sie leiten,die alten haben ein gleichnuss uon einem blinden und lamen gegeben die konnen beyde nicht fort kommen aber wenn der blind den lamen tragt und der lame ime den weg zeiget so konnen sie beyde fortkommen so mussen die underthanen die oberkeit tragen und die oberkeit sie leiten
sattler_predigt_1613,body,68,0,True,20,Es sol vns auch diese Lehr darzu dienen / das wir Gott / wie Paulus hie vermahnet / Lob vnd Danck sagen / das er vnter andern / vns Menschen auch diese Wolthat erzeiget / das er nach seiner Göttlichen Weißheit vns in diesem leben / Fride vnd Ruhe zu schaffen / die liebe Oberkeit verordnet hat / sonst wolte es vhel vnter den Menschen hergehen.,es sol vns auch diese lehr darzu dienen das wir gott wie paulus hie vermahnet lob vnd danck sagen das er vnter andern vns menschen auch diese wolthat erzeiget das er nach seiner göttlichen weißheit vns in diesem leben fride vnd ruhe zu schaffen die liebe oberkeit verordnet hat sonst wolte es vhel vnter den menschen hergehen,es sol uns auch diese lehr darzu dienen das wir gott wie paulus hie uermahnet lob und danck sagen das er unter andern uns menschen auch diese wolthat erzeiget das er nach seiner gottlichen weissheit uns in diesem leben fride und ruhe zu schaffen die liebe oberkeit uerordnet hat sonst wolte es uhel unter den menschen hergehen
sattler_predigt_1613,head,69,0,True,20,Die dritte Lehr.,die dritte lehr,die dritte lehr
sattler_predigt_1613,body,70,0,False,20,HIerneben gibt vns Paulus allhie auch die nötige Lehr / wie man es doch anschlagen soll / das das Regiment wolgerahte / vñ wir vnte der Oberkeit schutz ein stilles ruhiges leben führen / in aller Gottseligkeit vnd Erbarkeit.,hierneben gibt vns paulus allhie auch die nötige lehr wie man es doch anschlagen soll das das regiment wolgerahte vñ wir vnte der oberkeit schutz ein stilles ruhiges leben führen in aller gottseligkeit vnd erbarkeit,hierneben gibt uns paulus allhie auch die notige lehr wie man es doch anschlagen soll das das regiment wolgerahte und wir unte der oberkeit schutz ein stilles ruhiges leben fuhren in aller gottseligkeit und erbarkeit
sattler_predigt_1613,body,70,1,False,20,Das diese Lehr jtziger zeit zum höchsten nötig / verstehen alle / die in dieser Versamblung sind: Derowegen wir wol darauff gute achtung geben / vnd zusehen mögen / das wir gutem Rath folgen.,das diese lehr jtziger zeit zum höchsten nötig verstehen alle die in dieser versamblung sind derowegen wir wol darauff gute achtung geben vnd zusehen mögen das wir gutem rath folgen,das diese lehr itziger zeit zum hochsten notig uerstehen alle die in dieser uersamblung sind derowegen wir wol darauff gute achtung geben und zusehen mogen das wir gutem rath folgen
sattler_predigt_1613,body,70,2,False,20,Denn es ist ein schwer ding / Land vnd Leute regieren.,denn es ist ein schwer ding land vnd leute regieren,denn es ist ein schwer ding land und leute regieren
sattler_predigt_1613,body,70,3,False,20,Das meint Eccles.,das meint eccles,das meint eccles
sattler_predigt_1613,body,70,4,True,20,"Cap 1. da er sagt: Wo viel Weißheit ist / da ist viel Grämens / vnd wer viel lehren muß (hoc est regere mundum, wie es Lutherus erklärt / der muß viel leyden.",cap da er sagt wo viel weißheit ist da ist viel grämens vnd wer viel lehren muß hoc est regere mundum wie es lutherus erklärt der muß viel leyden,cap da er sagt wo uiel weissheit ist da ist uiel gramens und wer uiel lehren muss hoc est regere mundum wie es lutherus erklart der muss uiel leyden
sattler_predigt_1613,body,71,0,False,21,Es lehret aber Paulus / es siehe alles bey Gott / der müsse es geben / bey dem müsse man es suchen / durchs Gebet.,es lehret aber paulus es siehe alles bey gott der müsse es geben bey dem müsse man es suchen durchs gebet,es lehret aber paulus es siehe alles bey gott der musse es geben bey dem musse man es suchen durchs gebet
sattler_predigt_1613,body,71,1,False,21,Davon stehet Prov. 8. Durch mich Regieren die Könige. Vnd.,davon stehet prov durch mich regieren die könige vnd,dauon stehet prou durch mich regieren die konige und
sattler_predigt_1613,body,71,2,False,21,Syr. 10 spricht: Das Regiement auff Erden stehet in Gottes Händẽ: Denn alles was zum guten Regiment gehöret / kömpt von Gott her / der muß es geben Gott gibt der Oberkeit langes leben / Ps. 61. Das sie jmmer sitzen bleibt für Gott: Gott gibt Verstandt vnd Weißheit / wie Sap. 9. Salomon bittet: Sende sie herab von deinem heiligen Himmel / vnd auß dem Thron deiner Herrligkeit: Sende sie das sie bey mir sey / das ich erkenne / was dir wolgefalle.,syr spricht das regiement auff erden stehet in gottes händẽ denn alles was zum guten regiment gehöret kömpt von gott her der muß es geben gott gibt der oberkeit langes leben ps das sie jmmer sitzen bleibt für gott gott gibt verstandt vnd weißheit wie sap salomon bittet sende sie herab von deinem heiligen himmel vnd auß dem thron deiner herrligkeit sende sie das sie bey mir sey das ich erkenne was dir wolgefalle,syr spricht das regiement auff erden stehet in gottes handen denn alles was zum guten regiment gehoret kompt uon gott her der muss es geben gott gibt der oberkeit langes leben ps das sie immer sitzen bleibt fur gott gott gibt uerstandt und weissheit wie sap salomon bittet sende sie herab uon deinem heiligen himmel und auss dem thron deiner herrligkeit sende sie das sie bey mir sey das ich erkenne was dir wolgefalle
sattler_predigt_1613,body,71,3,False,21,Gott sagt Prov 8. Mein ist beyde Raht vnd That.,gott sagt prov mein ist beyde raht vnd that,gott sagt prou mein ist beyde raht und that
sattler_predigt_1613,body,71,4,False,21,Gott muß rechtschaffene Leute geben / wie Syr 10. sagt.,gott muß rechtschaffene leute geben wie syr sagt,gott muss rechtschaffene leute geben wie syr sagt
sattler_predigt_1613,body,71,5,False,21,Gott gibt zu zeiten einen tüchtigen Regenten: Gott gibt einen löblichen Cantzler.,gott gibt zu zeiten einen tüchtigen regenten gott gibt einen löblichen cantzler,gott gibt zu zeiten einen tuchtigen regenten gott gibt einen loblichen cantzler
sattler_predigt_1613,body,71,6,False,21,Gott muß zu der Oberkeit Anschlägen das Gedeyen geben / Ps. 127. Wo der HErr die Stadt nicht bewaret / so wachet der Wechter vmbsonst.,gott muß zu der oberkeit anschlägen das gedeyen geben ps wo der herr die stadt nicht bewaret so wachet der wechter vmbsonst,gott muss zu der oberkeit anschlagen das gedeyen geben ps wo der herr die stadt nicht bewaret so wachet der wechter umbsonst
sattler_predigt_1613,body,71,7,False,21,Gott muß der Vnderthanen Hertz neigen Ps. 18 Der Völcker vnter mich zwinget / sagt David.,gott muß der vnderthanen hertz neigen ps der völcker vnter mich zwinget sagt david,gott muss der underthanen hertz neigen ps der uolcker unter mich zwinget sagt dauid
sattler_predigt_1613,body,71,8,False,21,Vnd Salomon fasts zusamen / das Oberkeit vnd Vnderthan beyderseits das jrige thun / komme von Gott: Prov: 81. Ein hörendes Ohr / vnd sehendes Aug / spricht et / das ist / das ein Oberkeit der Vnderthanen bestes sehe / vnd die Vnderthanen jhr folgen / das macht beydes der HErr.,vnd salomon fasts zusamen das oberkeit vnd vnderthan beyderseits das jrige thun komme von gott prov ein hörendes ohr vnd sehendes aug spricht et das ist das ein oberkeit der vnderthanen bestes sehe vnd die vnderthanen jhr folgen das macht beydes der herr,und salomon fasts zusamen das oberkeit und underthan beyderseits das irige thun komme uon gott prou ein horendes ohr und sehendes aug spricht et das ist das ein oberkeit der underthanen bestes sehe und die underthanen ihr folgen das macht beydes der herr
sattler_predigt_1613,body,71,9,False,21,Das man auch Narung vnd in zeitlichen Gütern Segen habe / das muß Gott geben / Prov 19. Der Segen des HErrn macht Reich ohne müh: Gott gibt Josaphat Reichthumb / 2. Paral. 17. GOtt muß auch zu Kriegßzeiten den Sieg geben / Prov 21. Rosse werden zubereitet zum Streit / Aber der Siegkömpt vom HErrn.,das man auch narung vnd in zeitlichen gütern segen habe das muß gott geben prov der segen des herrn macht reich ohne müh gott gibt josaphat reichthumb paral gott muß auch zu kriegßzeiten den sieg geben prov rosse werden zubereitet zum streit aber der siegkömpt vom herrn,das man auch narung und in zeitlichen gutern segen habe das muss gott geben prou der segen des herrn macht reich ohne muh gott gibt iosaphat reichthumb paral gott muss auch zu kriegsszeiten den sieg geben prou rosse werden zubereitet zum streit aber der siegkompt uom herrn
sattler_predigt_1613,body,71,10,False,21,Summa Gott muß in allen fürfallenden nöthen das beste thun: Wir rühmen das du vns hilffest / etc. sagt der 20. Psalm.,summa gott muß in allen fürfallenden nöthen das beste thun wir rühmen das du vns hilffest etc sagt der psalm,summa gott muss in allen furfallenden nothen das beste thun wir ruhmen das du uns hilffest etc sagt der psalm
sattler_predigt_1613,body,71,11,True,21,Dahin haben es auch die Gottfelige Könige / David / Hißkia / gestelt / vnd jn allen fürfallenden nöthen zum Gebet gegriffen / vnd Gottes hülff erhalten. 2. Par. 20. spricht Josaphat / wie ein grosse menge volcks wider jn auszeucht / wir wissen nit wz wir thun sollẽ / sondern nsere Angen sehen nach dir.,dahin haben es auch die gottfelige könige david hißkia gestelt vnd jn allen fürfallenden nöthen zum gebet gegriffen vnd gottes hülff erhalten par spricht josaphat wie ein grosse menge volcks wider jn auszeucht wir wissen nit wz wir thun sollẽ sondern nsere angen sehen nach dir,dahin haben es auch die gottfelige konige dauid hisskia gestelt und in allen furfallenden nothen zum gebet gegriffen und gottes hulff erhalten par spricht iosaphat wie ein grosse menge uolcks wider in auszeucht wir wissen nit wz wir thun sollen sondern nsere angen sehen nach dir
sattler_predigt_1613,body,72,0,False,22,Darumb sol die Oberkeit mit Salomon 1. Reg. 3. beten / Ich bin ein kleiner Knab (das ist) Ich bin der Sachen ein Kind (wie auch wir reden) weiß weder meinen Außgang noch Eingang / etc.,darumb sol die oberkeit mit salomon reg beten ich bin ein kleiner knab das ist ich bin der sachen ein kind wie auch wir reden weiß weder meinen außgang noch eingang etc,darumb sol die oberkeit mit salomon reg beten ich bin ein kleiner knab das ist ich bin der sachen ein kind wie auch wir reden weiss weder meinen aussgang noch eingang etc
sattler_predigt_1613,body,72,1,False,22,So wollestu deinem Knecht ein gehorsam Hertz geben / das er dein Volck richten mög / vnd verstehen / was böß vnd gut ist.,so wollestu deinem knecht ein gehorsam hertz geben das er dein volck richten mög vnd verstehen was böß vnd gut ist,so wollestu deinem knecht ein gehorsam hertz geben das er dein uolck richten mog und uerstehen was boss und gut ist
sattler_predigt_1613,body,72,2,False,22,Das Gebet sol durch das gantze Leben ein Oberkeit nit vnterlassen.,das gebet sol durch das gantze leben ein oberkeit nit vnterlassen,das gebet sol durch das gantze leben ein oberkeit nit unterlassen
sattler_predigt_1613,body,72,3,True,22,Denn das Gebet thuts / vnd muß es auch thun im gantzen Regiment / vnd in allen nöhten.,denn das gebet thuts vnd muß es auch thun im gantzen regiment vnd in allen nöhten,denn das gebet thuts und muss es auch thun im gantzen regiment und in allen nohten
sattler_predigt_1613,body,73,0,True,22,Sonderlich aber sollen / wie Paulus in diesem Spruch lehrt / auch die Vnterthanen für jhre Oberkeit bitten: Solchs ist gut vnd angenehm für GOtt / spricht er: So ist auch wie Salomon sagt / das Hertz des Königs in der Handt des HErren / der lenckts wohin er wil.,sonderlich aber sollen wie paulus in diesem spruch lehrt auch die vnterthanen für jhre oberkeit bitten solchs ist gut vnd angenehm für gott spricht er so ist auch wie salomon sagt das hertz des königs in der handt des herren der lenckts wohin er wil,sonderlich aber sollen wie paulus in diesem spruch lehrt auch die unterthanen fur ihre oberkeit bitten solchs ist gut und angenehm fur gott spricht er so ist auch wie salomon sagt das hertz des konigs in der handt des herren der lenckts wohin er wil
sattler_predigt_1613,body,74,0,False,22,Zu dem / wie sonderliche Kirch vnd Haußteuffel / also sind auch Hoffteuffel / die jhre Werck haben in den Kindern des Vnglaubens / vnd darnach auß seyn / das sie GOttes Wort hindern / den Fried zerstören / vnd allerley Vnglück anrichten: Wie wir in Dauids Histori sehen / da jhm der Satan eingibt / das er das Volck zehle.,zu dem wie sonderliche kirch vnd haußteuffel also sind auch hoffteuffel die jhre werck haben in den kindern des vnglaubens vnd darnach auß seyn das sie gottes wort hindern den fried zerstören vnd allerley vnglück anrichten wie wir in dauids histori sehen da jhm der satan eingibt das er das volck zehle,zu dem wie sonderliche kirch und haussteuffel also sind auch hoffteuffel die ihre werck haben in den kindern des unglaubens und darnach auss seyn das sie gottes wort hindern den fried zerstoren und allerley ungluck anrichten wie wir in dauids histori sehen da ihm der satan eingibt das er das uolck zehle
sattler_predigt_1613,body,74,1,False,22,So klagt Dan. 12. Der Engel der Fürst des Königs in Persenlandt / hab jhm 21. tag wiederstanden / das ist ein Hoffteuffel gewesen / sagt D. Luther.,so klagt dan der engel der fürst des königs in persenlandt hab jhm tag wiederstanden das ist ein hoffteuffel gewesen sagt d luther,so klagt dan der engel der furst des konigs in persenlandt hab ihm tag wiederstanden das ist ein hoffteuffel gewesen sagt d luther
sattler_predigt_1613,body,74,2,False,22,Denen kan man durchs Gebet stewren / der HErr schelte dich / sagt der Hohepriester Josua zum Satan / Zach. 3. David hat dar zu vnter andern den 20. Psalm gemacht / vnnd das Volck also mit vnd neben jhrer Oberkeit beten gelehret: Der HErr erhöre dich in der Noht / der Name des Gottes Jacob schütze dich: Er sende dir hülffe vom Heiligthumb / vnd stercke dich auß Zion: Er gebe dir was dein Hertz begeret / vnd erfülle alle dein Anschläge.,denen kan man durchs gebet stewren der herr schelte dich sagt der hohepriester josua zum satan zach david hat dar zu vnter andern den psalm gemacht vnnd das volck also mit vnd neben jhrer oberkeit beten gelehret der herr erhöre dich in der noht der name des gottes jacob schütze dich er sende dir hülffe vom heiligthumb vnd stercke dich auß zion er gebe dir was dein hertz begeret vnd erfülle alle dein anschläge,denen kan man durchs gebet stewren der herr schelte dich sagt der hohepriester iosua zum satan zach dauid hat dar zu unter andern den psalm gemacht unnd das uolck also mit und neben ihrer oberkeit beten gelehret der herr erhore dich in der noht der name des gottes iacob schutze dich er sende dir hulffe uom heiligthumb und stercke dich auss zion er gebe dir was dein hertz begeret und erfulle alle dein anschlage
sattler_predigt_1613,body,74,3,True,22,So vermahnet Jeremias 29. Das Volck in der Babylonischen Gefengnuß: Suchet der Stadt bestes / dahin ich euch hab lassen wegführen / (vnd bitte für sie zum HERrn / denn wenn es jhr wolgehet / so gehet es euch auch wol.,so vermahnet jeremias das volck in der babylonischen gefengnuß suchet der stadt bestes dahin ich euch hab lassen wegführen vnd bitte für sie zum herrn denn wenn es jhr wolgehet so gehet es euch auch wol,so uermahnet ieremias das uolck in der babylonischen gefengnuss suchet der stadt bestes dahin ich euch hab lassen wegfuhren und bitte fur sie zum herrn denn wenn es ihr wolgehet so gehet es euch auch wol
sattler_predigt_1613,body,75,0,False,22,Derowegen weil jtzt im Regiment ein enderung ist / vnnd alle enderungen viel gefehrligkeit vnnd beschwerligkeit auff sich haben / so sollen wir für vnsern newen angehenden Regierenden Landeß Fürsten jetzo vnd allezeit / wenn S. F. Gn. im Gebet / wie billig / gedacht wird / Gott fleißig vnd von Hertzen bitten / das er heiligen Muht / guten Raht / vnd rechte Werck schaffe / vnd an allen örten zur Regierung / S. F. G. sein Gnad vnnd Segen verleihen wolle / das / wie gehört / in vnserm Land Ehre wohne / Güte vnd Trew einander begegne / Gerechtigkeit vnnd Fried sich küssen.,derowegen weil jtzt im regiment ein enderung ist vnnd alle enderungen viel gefehrligkeit vnnd beschwerligkeit auff sich haben so sollen wir für vnsern newen angehenden regierenden landeß fürsten jetzo vnd allezeit wenn s f gn im gebet wie billig gedacht wird gott fleißig vnd von hertzen bitten das er heiligen muht guten raht vnd rechte werck schaffe vnd an allen örten zur regierung s f g sein gnad vnnd segen verleihen wolle das wie gehört in vnserm land ehre wohne güte vnd trew einander begegne gerechtigkeit vnnd fried sich küssen,derowegen weil itzt im regiment ein enderung ist unnd alle enderungen uiel gefehrligkeit unnd beschwerligkeit auff sich haben so sollen wir fur unsern newen angehenden regierenden landess fursten ietzo und allezeit wenn s f gn im gebet wie billig gedacht wird gott fleissig und uon hertzen bitten das er heiligen muht guten raht und rechte werck schaffe und an allen orten zur regierung s f g sein gnad unnd segen uerleihen wolle das wie gehort in unserm land ehre wohne gute und trew einander begegne gerechtigkeit unnd fried sich kussen
sattler_predigt_1613,body,75,1,True,23,Psalm 85 oder / wie Paulus hie schreibt / das wir ein stilles vnd ruhiges Leben führen mögen / in aller Gottseligkeit vnd Erbarkeit.,psalm oder wie paulus hie schreibt das wir ein stilles vnd ruhiges leben führen mögen in aller gottseligkeit vnd erbarkeit,psalm oder wie paulus hie schreibt das wir ein stilles und ruhiges leben fuhren mogen in aller gottseligkeit und erbarkeit
sattler_predigt_1613,body,76,0,False,23,Vnd taug gar nicht / das etliche Leute auß Haß / wieder die Oberkeit / ein zeithero das gemeine Gebet außgelassen.,vnd taug gar nicht das etliche leute auß haß wieder die oberkeit ein zeithero das gemeine gebet außgelassen,und taug gar nicht das etliche leute auss hass wieder die oberkeit ein zeithero das gemeine gebet aussgelassen
sattler_predigt_1613,body,76,1,False,23,Deñ wenn schon die Oberkeit nicht eben ist / wie sie seyn sol / sol man darumb jhr nicht das Gebet verwegern / sondern desto fleißiger bitten / das es GOtt endern vnnd bessern wölle / wie denn hie Paulus auch für Heydnische Oberkeit bitten heisset.,deñ wenn schon die oberkeit nicht eben ist wie sie seyn sol sol man darumb jhr nicht das gebet verwegern sondern desto fleißiger bitten das es gott endern vnnd bessern wölle wie denn hie paulus auch für heydnische oberkeit bitten heisset,denn wenn schon die oberkeit nicht eben ist wie sie seyn sol sol man darumb ihr nicht das gebet uerwegern sondern desto fleissiger bitten das es gott endern unnd bessern wolle wie denn hie paulus auch fur heydnische oberkeit bitten heisset
sattler_predigt_1613,body,76,2,False,23,Wie viel mehr sollen wir für Christliche Oberkeit bittẽ / die Gottes Wort nicht verfolget / sondern demselben seinen freyen lauff lest / ja auch fortsetzet vnd befördert?,wie viel mehr sollen wir für christliche oberkeit bittẽ die gottes wort nicht verfolget sondern demselben seinen freyen lauff lest ja auch fortsetzet vnd befördert,wie uiel mehr sollen wir fur christliche oberkeit bitten die gottes wort nicht uerfolget sondern demselben seinen freyen lauff lest ia auch fortsetzet und befordert
sattler_predigt_1613,body,76,3,False,23,Vnd haben wir ohn zweiffel offt selber schuldt / wenn es im Regiment nicht wol hergehet / dieweil wir nicht von Hertzen vnd mit ernst für die Oberkeit bitten.,vnd haben wir ohn zweiffel offt selber schuldt wenn es im regiment nicht wol hergehet dieweil wir nicht von hertzen vnd mit ernst für die oberkeit bitten,und haben wir ohn zweiffel offt selber schuldt wenn es im regiment nicht wol hergehet dieweil wir nicht uon hertzen und mit ernst fur die oberkeit bitten
sattler_predigt_1613,body,76,4,False,23,Wo man aber für die Oberkeit fleißig bittet / da wil Gott hören vnd helffen / wie David Psalm 20. sagt: Nu mercke ich / das der HErr seinem gesalbten hilfft / vnd erhöret jhn von seinem heiligen Himmel / seine rechte Hand hilfft gewaltiglich.,wo man aber für die oberkeit fleißig bittet da wil gott hören vnd helffen wie david psalm sagt nu mercke ich das der herr seinem gesalbten hilfft vnd erhöret jhn von seinem heiligen himmel seine rechte hand hilfft gewaltiglich,wo man aber fur die oberkeit fleissig bittet da wil gott horen und helffen wie dauid psalm sagt nu mercke ich das der herr seinem gesalbten hilfft und erhoret ihn uon seinem heiligen himmel seine rechte hand hilfft gewaltiglich
sattler_predigt_1613,body,76,5,True,23,Wie denn auch Paulus in verlesenen spruch zuverstehen gibt / daß das Gebet für die Oberkeit nicht vergebens sey / sondern grossen Nutz schaffe: Wir sollen / spricht er / Gebet thun / auff das wir ein stilles geruhiges leben führen / in aller Gottseligkeit vnd Erbarkeit / als wolt er sagen / Gott muß solchs geben / vnd wir könnens durchs Gebet bey jhm erlangen.,wie denn auch paulus in verlesenen spruch zuverstehen gibt daß das gebet für die oberkeit nicht vergebens sey sondern grossen nutz schaffe wir sollen spricht er gebet thun auff das wir ein stilles geruhiges leben führen in aller gottseligkeit vnd erbarkeit als wolt er sagen gott muß solchs geben vnd wir könnens durchs gebet bey jhm erlangen,wie denn auch paulus in uerlesenen spruch zuuerstehen gibt dass das gebet fur die oberkeit nicht uergebens sey sondern grossen nutz schaffe wir sollen spricht er gebet thun auff das wir ein stilles geruhiges leben fuhren in aller gottseligkeit und erbarkeit als wolt er sagen gott muss solchs geben und wir konnens durchs gebet bey ihm erlangen
sattler_predigt_1613,head,77,0,True,24,Die vierdte Lehr.,die vierdte lehr,die uierdte lehr
sattler_predigt_1613,body,78,0,True,24,DIe letzte vnd fürnembste Lehr ist diese mit / so sichauff gegenwertigen Fall wol schickt / ob die Herrn vnd gewaltige auch im Himmel kommen / vnd Gott sie selig machen wolle.,die letzte vnd fürnembste lehr ist diese mit so sichauff gegenwertigen fall wol schickt ob die herrn vnd gewaltige auch im himmel kommen vnd gott sie selig machen wolle,die letzte und furnembste lehr ist diese mit so sichauff gegenwertigen fall wol schickt ob die herrn und gewaltige auch im himmel kommen und gott sie selig machen wolle
sattler_predigt_1613,body,79,0,False,24,Nun lessets sich fast ansehen / als wenn sie Gott nicht wolte selig machen / vnd jhnen die Seligkeit nicht gönnete / weil viel Gewaltige verdampt werden: So findet man auch in der Schrifft sprüche / die einen kleinmütig machen könten / wie denn im Buch der Weißheit am 6. stehet / den geringen wiederfehret Gnade / aber die gewaltigen werden gewaltig gestrafft werden.,nun lessets sich fast ansehen als wenn sie gott nicht wolte selig machen vnd jhnen die seligkeit nicht gönnete weil viel gewaltige verdampt werden so findet man auch in der schrifft sprüche die einen kleinmütig machen könten wie denn im buch der weißheit am stehet den geringen wiederfehret gnade aber die gewaltigen werden gewaltig gestrafft werden,nun lessets sich fast ansehen als wenn sie gott nicht wolte selig machen und ihnen die seligkeit nicht gonnete weil uiel gewaltige uerdampt werden so findet man auch in der schrifft spruche die einen kleinmutig machen konten wie denn im buch der weissheit am stehet den geringen wiederfehret gnade aber die gewaltigen werden gewaltig gestrafft werden
sattler_predigt_1613,body,79,1,False,24,Vnd Christus sagt / Es sey schwer / das ein Reicher / (darunter auch grosse Herrn gerechnet werden) Selig werde.,vnd christus sagt es sey schwer das ein reicher darunter auch grosse herrn gerechnet werden selig werde,und christus sagt es sey schwer das ein reicher darunter auch grosse herrn gerechnet werden selig werde
sattler_predigt_1613,body,79,2,True,24,Vnd Paulus 1. Cor. 1. schreibt: Nicht viel weise nach dẽ fleisch / nicht viel gewaltige / nicht viel Edle sind beruffen / sondern was Thöricht ist / hat Gott er wehlet / das er die Weisen zu schanden mache / vñ was schwach ist für der Welt / hat er erwehlet / das er zu schanden mache / was starck ist auff Erden / vnd das Vnedle für der Welt / vnd das verachte hat Gott erwehlet / vnd das da nichts ist / das er zu nicht mache was etwas ist / Wie denn auch im Volck Gottes vnter den Königen Juda die meisten verdampt sind / vnd die Heyden auch gesagt: Dz Könige gemeinlich schrecklich zu grunde gehen / dahero man auch fast ein Sprichwort gemacht / das grosse Herrn sind Wiltprät im Himel.,vnd paulus cor schreibt nicht viel weise nach dẽ fleisch nicht viel gewaltige nicht viel edle sind beruffen sondern was thöricht ist hat gott er wehlet das er die weisen zu schanden mache vñ was schwach ist für der welt hat er erwehlet das er zu schanden mache was starck ist auff erden vnd das vnedle für der welt vnd das verachte hat gott erwehlet vnd das da nichts ist das er zu nicht mache was etwas ist wie denn auch im volck gottes vnter den königen juda die meisten verdampt sind vnd die heyden auch gesagt dz könige gemeinlich schrecklich zu grunde gehen dahero man auch fast ein sprichwort gemacht das grosse herrn sind wiltprät im himel,und paulus cor schreibt nicht uiel weise nach den fleisch nicht uiel gewaltige nicht uiel edle sind beruffen sondern was thoricht ist hat gott er wehlet das er die weisen zu schanden mache und was schwach ist fur der welt hat er erwehlet das er zu schanden mache was starck ist auff erden und das unedle fur der welt und das uerachte hat gott erwehlet und das da nichts ist das er zu nicht mache was etwas ist wie denn auch im uolck gottes unter den konigen iuda die meisten uerdampt sind und die heyden auch gesagt dz konige gemeinlich schrecklich zu grunde gehen dahero man auch fast ein sprichwort gemacht das grosse herrn sind wiltprat im himel
sattler_predigt_1613,body,80,0,False,24,Dieses möcht nu einen wol fürn Kopff stossen / jhn kleinmütig / vnd fast die Gedancken machen / als wenn es etwa bey Gott hafftete / das sie nicht selig werden / vnd er jnen feindt were / vnd jnen die Selig keit nicht gönnete: Welche Gedancken / wenn sie im Hertzen vberhand nehmen / einen Regenten wol so weit bringen möchten / das er entweder verzagte / oder sich gar in die Schantze schlüge / vnd gedechte / so wolte er eben so mehr in die Helle rennen / als traben.,dieses möcht nu einen wol fürn kopff stossen jhn kleinmütig vnd fast die gedancken machen als wenn es etwa bey gott hafftete das sie nicht selig werden vnd er jnen feindt were vnd jnen die selig keit nicht gönnete welche gedancken wenn sie im hertzen vberhand nehmen einen regenten wol so weit bringen möchten das er entweder verzagte oder sich gar in die schantze schlüge vnd gedechte so wolte er eben so mehr in die helle rennen als traben,dieses mocht nu einen wol furn kopff stossen ihn kleinmutig und fast die gedancken machen als wenn es etwa bey gott hafftete das sie nicht selig werden und er inen feindt were und inen die selig keit nicht gonnete welche gedancken wenn sie im hertzen uberhand nehmen einen regenten wol so weit bringen mochten das er entweder uerzagte oder sich gar in die schantze schluge und gedechte so wolte er eben so mehr in die helle rennen als traben
sattler_predigt_1613,body,80,1,False,24,Vnnd zwar wenn wir / wie etliche rhun / diese Frag hoch anfangen wolten dz Gott etliche schlecht zum ewigen Verdamnß / die andern zur Seligkeit verordnet habe / würden wir auch wenig trost finden.,vnnd zwar wenn wir wie etliche rhun diese frag hoch anfangen wolten dz gott etliche schlecht zum ewigen verdamnß die andern zur seligkeit verordnet habe würden wir auch wenig trost finden,unnd zwar wenn wir wie etliche rhun diese frag hoch anfangen wolten dz gott etliche schlecht zum ewigen uerdamnss die andern zur seligkeit uerordnet habe wurden wir auch wenig trost finden
sattler_predigt_1613,body,80,2,False,24,Aber Paulus führet vns allhie von diesen hohen Gedancken ab / auff den geoffenbaretẽ willen Gottes / welcher vns nicht fehlen kan: Dahin auch Gott vns selber wetset / vnd lehret nu / das Gott klin Person ansehe / sie sey Herr od Knecht / Oberkeit oder Vnderthan.,aber paulus führet vns allhie von diesen hohen gedancken ab auff den geoffenbaretẽ willen gottes welcher vns nicht fehlen kan dahin auch gott vns selber wetset vnd lehret nu das gott klin person ansehe sie sey herr od knecht oberkeit oder vnderthan,aber paulus fuhret uns allhie uon diesen hohen gedancken ab auff den geoffenbareten willen gottes welcher uns nicht fehlen kan dahin auch gott uns selber wetset und lehret nu das gott klin person ansehe sie sey herr od knecht oberkeit oder underthan
sattler_predigt_1613,body,80,3,False,24,Wie Petrus Act. 10. zeuget / vñ es vielmal in der Apostel schrifft widerholet wird.,wie petrus act zeuget vñ es vielmal in der apostel schrifft widerholet wird,wie petrus act zeuget und es uielmal in der apostel schrifft widerholet wird
sattler_predigt_1613,body,80,4,False,25,Gal. 2 Eph. 6. Col. 3 Vñ von der Obrigkeit insonderheit spricht Elihu / Job. 36. GOtt verwirfft den mächtigen nit / denn er ist auch mächtig.,gal eph col vñ von der obrigkeit insonderheit spricht elihu job gott verwirfft den mächtigen nit denn er ist auch mächtig,gal eph col und uon der obrigkeit insonderheit spricht elihu iob gott uerwirfft den machtigen nit denn er ist auch machtig
sattler_predigt_1613,body,80,5,True,25,Es komen aber solche gedancken allein aus der vernunfft her / welche jhr solch rechnung macht / wenn Gott sie wolte gern Selig haben / so würde er sie wol selig machen.,es komen aber solche gedancken allein aus der vernunfft her welche jhr solch rechnung macht wenn gott sie wolte gern selig haben so würde er sie wol selig machen,es komen aber solche gedancken allein aus der uernunfft her welche ihr solch rechnung macht wenn gott sie wolte gern selig haben so wurde er sie wol selig machen
sattler_predigt_1613,body,81,0,False,25,Aber Paulus setzt solche hochfliegende Gedancken gar zu rück / vñ spricht: Gott wil das allen Menschen geholffen werde / vnd sie zum erkäntnis der Warheit kommen / vnd das redet er insonderheit von der Obrigkeit: Er sagt weiter es ist ein Gott / so wol des einen als des andern / er hat sie alle geschaffen / er hat jn allen seinen Son geschenckt.,aber paulus setzt solche hochfliegende gedancken gar zu rück vñ spricht gott wil das allen menschen geholffen werde vnd sie zum erkäntnis der warheit kommen vnd das redet er insonderheit von der obrigkeit er sagt weiter es ist ein gott so wol des einen als des andern er hat sie alle geschaffen er hat jn allen seinen son geschenckt,aber paulus setzt solche hochfliegende gedancken gar zu ruck und spricht gott wil das allen menschen geholffen werde und sie zum erkantnis der warheit kommen und das redet er insonderheit uon der obrigkeit er sagt weiter es ist ein gott so wol des einen als des andern er hat sie alle geschaffen er hat in allen seinen son geschenckt
sattler_predigt_1613,body,81,1,False,25,Wie er auch Rom. 10. sagt: Es ist hie kein vnterscheit / er ist allerzumal ein HErr / reich vber alle die jn anruffen.,wie er auch rom sagt es ist hie kein vnterscheit er ist allerzumal ein herr reich vber alle die jn anruffen,wie er auch rom sagt es ist hie kein unterscheit er ist allerzumal ein herr reich uber alle die in anruffen
sattler_predigt_1613,body,81,2,False,25,So ist auch spricht er / hie ein Micler / so wol der Gewaltigen als der geringen / so wol der Obrigkeit vnd Königen / als des gemeinen volcks vnd vnterthanen / vnnd der Mitler ist nicht für etliche gestorben / sondern hat sich selber gegeben zur Erlösung für alle / vnnd aller Menschen schuld vnd sünd bezalet / vnd das Ranzungelt für sie erlegt / sie sein hohes oder niderstandes / da ist kein mangel an. Johannes der Teuffer spricht: Das ist Gottes Lamb / welches der Welt Sünde tregt.,so ist auch spricht er hie ein micler so wol der gewaltigen als der geringen so wol der obrigkeit vnd königen als des gemeinen volcks vnd vnterthanen vnnd der mitler ist nicht für etliche gestorben sondern hat sich selber gegeben zur erlösung für alle vnnd aller menschen schuld vnd sünd bezalet vnd das ranzungelt für sie erlegt sie sein hohes oder niderstandes da ist kein mangel an johannes der teuffer spricht das ist gottes lamb welches der welt sünde tregt,so ist auch spricht er hie ein micler so wol der gewaltigen als der geringen so wol der obrigkeit und konigen als des gemeinen uolcks und unterthanen unnd der mitler ist nicht fur etliche gestorben sondern hat sich selber gegeben zur erlosung fur alle unnd aller menschen schuld und sund bezalet und das ranzungelt fur sie erlegt sie sein hohes oder niderstandes da ist kein mangel an iohannes der teuffer spricht das ist gottes lamb welches der welt sunde tregt
sattler_predigt_1613,body,81,3,False,25,Vnd Christus selber sagt Joh. 3. Gott hat seinen Sohn nicht gesandt in die welt / das er die Welt richte / sondern das die Welt durch jn selig werde.,vnd christus selber sagt joh gott hat seinen sohn nicht gesandt in die welt das er die welt richte sondern das die welt durch jn selig werde,und christus selber sagt ioh gott hat seinen sohn nicht gesandt in die welt das er die welt richte sondern das die welt durch in selig werde
sattler_predigt_1613,body,81,4,False,25,Vnd Johan. der Evangelist 1. Cap. am 2. Er ist die versünung nicht allein für vnsere / sondern auch fur der gantzen welt Sünde.,vnd johan der evangelist cap am er ist die versünung nicht allein für vnsere sondern auch fur der gantzen welt sünde,und iohan der euangelist cap am er ist die uersunung nicht allein fur unsere sondern auch fur der gantzen welt sunde
sattler_predigt_1613,body,81,5,False,25,So lest er vns auch predigen vnd sein gnad anbiet en / so wol den Herrn als den Vnterthanen / vnd nimpt sie nicht aus / Marc. 15. Gehet hin in alle Welt / vnnd prediget das Evangelium allen Creaturen: Darumb stehet im 148 Ps. Jr Könige auff Erden vnd alle Leute / Fürsten vnd alle Richter auff Erden / Jünglinge vnd Jungfrawen / alte mit den jungen / sollen loben den Nahmen des HErru.,so lest er vns auch predigen vnd sein gnad anbiet en so wol den herrn als den vnterthanen vnd nimpt sie nicht aus marc gehet hin in alle welt vnnd prediget das evangelium allen creaturen darumb stehet im ps jr könige auff erden vnd alle leute fürsten vnd alle richter auff erden jünglinge vnd jungfrawen alte mit den jungen sollen loben den nahmen des herru,so lest er uns auch predigen und sein gnad anbiet en so wol den herrn als den unterthanen und nimpt sie nicht aus marc gehet hin in alle welt unnd prediget das euangelium allen creaturen darumb stehet im ps ir konige auff erden und alle leute fursten und alle richter auff erden iunglinge und iungfrawen alte mit den iungen sollen loben den nahmen des herru
sattler_predigt_1613,body,81,6,False,25,Wie auch Jesat also geweissaget: Die Heyden werden in deinem Licht wandeln / vnd die Könige im Glantz der vber dir auffge. het.,wie auch jesat also geweissaget die heyden werden in deinem licht wandeln vnd die könige im glantz der vber dir auffge het,wie auch iesat also geweissaget die heyden werden in deinem licht wandeln und die konige im glantz der uber dir auffge het
sattler_predigt_1613,body,81,7,False,25,Aus welchem allen zuersehen / das Gott die Könige / Fürsten vnnd Herrn aus seinem gnaden Reich außschliesse / wie denn derselben viel beydes alten im vnd newen Testament / eben so wol als andere Leut selig worden sind.,aus welchem allen zuersehen das gott die könige fürsten vnnd herrn aus seinem gnaden reich außschliesse wie denn derselben viel beydes alten im vnd newen testament eben so wol als andere leut selig worden sind,aus welchem allen zuersehen das gott die konige fursten unnd herrn aus seinem gnaden reich aussschliesse wie denn derselben uiel beydes alten im und newen testament eben so wol als andere leut selig worden sind
sattler_predigt_1613,body,81,8,False,25,Das aber wenig selig werden / das rüret eigentlich nicht von Gott her / welcher so wol von Herrn als von andern sagt: So wahr ich lebe / hab ich nit gefallen am todt des Gottlosen sondern das er sich bekehre vnd lebe.,das aber wenig selig werden das rüret eigentlich nicht von gott her welcher so wol von herrn als von andern sagt so wahr ich lebe hab ich nit gefallen am todt des gottlosen sondern das er sich bekehre vnd lebe,das aber wenig selig werden das ruret eigentlich nicht uon gott her welcher so wol uon herrn als uon andern sagt so wahr ich lebe hab ich nit gefallen am todt des gottlosen sondern das er sich bekehre und lebe
sattler_predigt_1613,body,81,9,False,25,Vnd gehören sie mit vnter den Spruch Petri 2. Cap. 3. Gott wil nicht das jemand verloren werde / sondern dz jederman sich zur busse bekere.,vnd gehören sie mit vnter den spruch petri cap gott wil nicht das jemand verloren werde sondern dz jederman sich zur busse bekere,und gehoren sie mit unter den spruch petri cap gott wil nicht das iemand uerloren werde sondern dz iederman sich zur busse bekere
sattler_predigt_1613,body,81,10,False,26,Sondern der mangel ist bey jnen / den Königen vnd Herrn selber.,sondern der mangel ist bey jnen den königen vnd herrn selber,sondern der mangel ist bey inen den konigen und herrn selber
sattler_predigt_1613,body,81,11,False,26,Non bene conveniunt nec in una sede morantur virtus & summa po testas.,non bene conveniunt nec in una sede morantur virtus & summa po testas,non bene conueniunt nec in una sede morantur uirtus et summa po testas
sattler_predigt_1613,body,81,12,False,26,Haben auch die Heyden gesagt.,haben auch die heyden gesagt,haben auch die heyden gesagt
sattler_predigt_1613,body,81,13,False,26,"Denn sie sich offt jrer gewalt vber heben / Gottes wort / dardurch Gott allein selig machet / nit achten / es nit annemen / sich nit bekeren / sondern meinen / weil sie hie auff Erden keinen Oberherrn haben / so mögen sie thun was sie selber wollen / Si libet, licet.",denn sie sich offt jrer gewalt vber heben gottes wort dardurch gott allein selig machet nit achten es nit annemen sich nit bekeren sondern meinen weil sie hie auff erden keinen oberherrn haben so mögen sie thun was sie selber wollen si libet licet,denn sie sich offt irer gewalt uber heben gottes wort dardurch gott allein selig machet nit achten es nit annemen sich nit bekeren sondern meinen weil sie hie auff erden keinen oberherrn haben so mogen sie thun was sie selber wollen si libet licet
sattler_predigt_1613,body,81,14,False,26,Wie auch Isabel zu Ahab sagte / was were Israel wenn du nicht thetest?,wie auch isabel zu ahab sagte was were israel wenn du nicht thetest,wie auch isabel zu ahab sagte was were israel wenn du nicht thetest
sattler_predigt_1613,body,81,15,False,26,Vnd weil sie meinet / es sey niemand vber sie / lest sie ein Gericht halten vber Naboth / vnd jhn vnverschulter sachen vmbringeu.,vnd weil sie meinet es sey niemand vber sie lest sie ein gericht halten vber naboth vnd jhn vnverschulter sachen vmbringeu,und weil sie meinet es sey niemand uber sie lest sie ein gericht halten uber naboth und ihn unuerschulter sachen umbringeu
sattler_predigt_1613,body,81,16,True,26,Also spricht auch Pilatus zu Christo: Antwortestu nicht / weistu nicht / das ich macht habe dich zu Creutzigen vnd loß zu geben.,also spricht auch pilatus zu christo antwortestu nicht weistu nicht das ich macht habe dich zu creutzigen vnd loß zu geben,also spricht auch pilatus zu christo antwortestu nicht weistu nicht das ich macht habe dich zu creutzigen und loss zu geben
sattler_predigt_1613,body,82,0,False,26,So gehets noch offtmals her / das die Herrn jnen auch mit Gottes wort nit wollen einreden lassen / vnd sprechen / wie Ps 2. steht.,so gehets noch offtmals her das die herrn jnen auch mit gottes wort nit wollen einreden lassen vnd sprechen wie ps steht,so gehets noch offtmals her das die herrn inen auch mit gottes wort nit wollen einreden lassen und sprechen wie ps steht
sattler_predigt_1613,body,82,1,False,26,Lasset vns zureissen jre Bande / vnnd von vns werffen jhre Seyle?,lasset vns zureissen jre bande vnnd von vns werffen jhre seyle,lasset uns zureissen ire bande unnd uon uns werffen ihre seyle
sattler_predigt_1613,body,82,2,False,26,Darzu denn etliche Schmeichler redlich helffen / E. Gn. müssen sich die Pfaffen nicht regieren lassen / sondern sie auff die Finger klopffen.,darzu denn etliche schmeichler redlich helffen e gn müssen sich die pfaffen nicht regieren lassen sondern sie auff die finger klopffen,darzu denn etliche schmeichler redlich helffen e gn mussen sich die pfaffen nicht regieren lassen sondern sie auff die finger klopffen
sattler_predigt_1613,body,82,3,False,26,Aber es folget bald im selben Ps. nicht allein / der im Himel wonet / Lachet jr sondern auch / er wirmit jnen eins reden in seinem zorn / vud in seinem grim wird er sie erschre eken.,aber es folget bald im selben ps nicht allein der im himel wonet lachet jr sondern auch er wirmit jnen eins reden in seinem zorn vud in seinem grim wird er sie erschre eken,aber es folget bald im selben ps nicht allein der im himel wonet lachet ir sondern auch er wirmit inen eins reden in seinem zorn uud in seinem grim wird er sie erschre eken
sattler_predigt_1613,body,82,4,False,26,Item: Sein zorn wird bald anbrennen.,item sein zorn wird bald anbrennen,item sein zorn wird bald anbrennen
sattler_predigt_1613,body,82,5,False,26,Das thut dem Saul Jeroe beam / dem Ahab den schaden / das sie den Propheten / welche sie zur busse vermanet / nit folgen wolten / vnd nicht das / das Gott jnen die seligkeit nit gönnete.,das thut dem saul jeroe beam dem ahab den schaden das sie den propheten welche sie zur busse vermanet nit folgen wolten vnd nicht das das gott jnen die seligkeit nit gönnete,das thut dem saul ieroe beam dem ahab den schaden das sie den propheten welche sie zur busse uermanet nit folgen wolten und nicht das das gott inen die seligkeit nit gonnete
sattler_predigt_1613,body,82,6,False,26,Diesem grossen vnheil zubegegnen / sol die Obrikeit sich jhret gewalt nit vberheben / sondern gedencken / sie sind vnter Gott / wie Joseps sagt zu seenen Brüdern / Gen. 50. vnd wie im 82 Ps. stehet.,diesem grossen vnheil zubegegnen sol die obrikeit sich jhret gewalt nit vberheben sondern gedencken sie sind vnter gott wie joseps sagt zu seenen brüdern gen vnd wie im ps stehet,diesem grossen unheil zubegegnen sol die obrikeit sich ihret gewalt nit uberheben sondern gedencken sie sind unter gott wie ioseps sagt zu seenen brudern gen und wie im ps stehet
sattler_predigt_1613,body,82,7,False,26,Gott stehet in der Gemeine Gottes / vnd ist Richter vnter den Göttern.,gott stehet in der gemeine gottes vnd ist richter vnter den göttern,gott stehet in der gemeine gottes und ist richter unter den gottern
sattler_predigt_1613,body,82,8,False,26,Sie sind woll Götter / vnd Kinder des Allerhöchsten.,sie sind woll götter vnd kinder des allerhöchsten,sie sind woll gotter und kinder des allerhochsten
sattler_predigt_1613,body,82,9,False,26,Aber sie müssen sterben wie Menschen. vnd Sap. 6. Vber die mechtigen wird ein starck Gericht gehalten werden.,aber sie müssen sterben wie menschen vnd sap vber die mechtigen wird ein starck gericht gehalten werden,aber sie mussen sterben wie menschen und sap uber die mechtigen wird ein starck gericht gehalten werden
sattler_predigt_1613,body,82,10,False,26,Derowegen sollen sie wol betrachten / das im 2. Ps. stehet.,derowegen sollen sie wol betrachten das im ps stehet,derowegen sollen sie wol betrachten das im ps stehet
sattler_predigt_1613,body,82,11,False,26,So isser euch nu weisen jr Könige im Lande / vnd last euch züchtigen jr Richter auff Erden. dienet dem HErrn mtefurcht / vnd frewet euch mit zitteru.,so isser euch nu weisen jr könige im lande vnd last euch züchtigen jr richter auff erden dienet dem herrn mtefurcht vnd frewet euch mit zitteru,so isser euch nu weisen ir konige im lande und last euch zuchtigen ir richter auff erden dienet dem herrn mtefurcht und frewet euch mit zitteru
sattler_predigt_1613,body,82,12,False,26,Küsset den Sohn.,küsset den sohn,kusset den sohn
sattler_predigt_1613,body,82,13,False,26,Oder wenn sie es ja versehen / sollen sie / wie David durch Nathan / Josaphat durch Jehu / Ezeichas durch Jesatam / sich zur Busse letten lassen.,oder wenn sie es ja versehen sollen sie wie david durch nathan josaphat durch jehu ezeichas durch jesatam sich zur busse letten lassen,oder wenn sie es ia uersehen sollen sie wie dauid durch nathan iosaphat durch iehu ezeichas durch iesatam sich zur busse letten lassen
sattler_predigt_1613,body,82,14,False,26,Summa sie sollen zuseheu das sie mit vnter den Königen sein / von welchen Christus sagt / Luc. 10 Viel Könige wolten sehen das jr sehet / das ist / sie ollen Christum mit seinen Wolthaten nicht verachten sondern mit bußfertigem vnd gleubigem Hertzen annemen / so haben sie es zu geniessen / vnd dessen sich zuerfrewen / das Paulus hie sagt.,summa sie sollen zuseheu das sie mit vnter den königen sein von welchen christus sagt luc viel könige wolten sehen das jr sehet das ist sie ollen christum mit seinen wolthaten nicht verachten sondern mit bußfertigem vnd gleubigem hertzen annemen so haben sie es zu geniessen vnd dessen sich zuerfrewen das paulus hie sagt,summa sie sollen zuseheu das sie mit unter den konigen sein uon welchen christus sagt luc uiel konige wolten sehen das ir sehet das ist sie ollen christum mit seinen wolthaten nicht uerachten sondern mit bussfertigem und gleubigem hertzen annemen so haben sie es zu geniessen und dessen sich zuerfrewen das paulus hie sagt
sattler_predigt_1613,body,82,15,False,27,Gott wil das allen Menschen geholffen werde / vnd sie zum erkentnis der warheit kommen / denn es ist ein Gott vnd ein Mitler / zwischen Gott vñ den Menschen / der Mensch Jesus Christus / welcher sich selbst gegebẽ hat zur Erlösung für alle.,gott wil das allen menschen geholffen werde vnd sie zum erkentnis der warheit kommen denn es ist ein gott vnd ein mitler zwischen gott vñ den menschen der mensch jesus christus welcher sich selbst gegebẽ hat zur erlösung für alle,gott wil das allen menschen geholffen werde und sie zum erkentnis der warheit kommen denn es ist ein gott und ein mitler zwischen gott und den menschen der mensch iesus christus welcher sich selbst gegeben hat zur erlosung fur alle
sattler_predigt_1613,body,82,16,False,27,Das wird jnen auch geprediget / vnd haben sich dessen anzunemen vnd zu trösten / als denn werwirfft sie Gott nicht / sondern sie bekommen den ehren Titul / den David hat / Act. 13. Er hat zu seiner zeit dem willen Gottes gedienet.,das wird jnen auch geprediget vnd haben sich dessen anzunemen vnd zu trösten als denn werwirfft sie gott nicht sondern sie bekommen den ehren titul den david hat act er hat zu seiner zeit dem willen gottes gedienet,das wird inen auch geprediget und haben sich dessen anzunemen und zu trosten als denn werwirfft sie gott nicht sondern sie bekommen den ehren titul den dauid hat act er hat zu seiner zeit dem willen gottes gedienet
sattler_predigt_1613,body,82,17,False,27,Vnd dem Josaphat 2. Paral. 17. Er wandelt in den vorigen wegen seines Vaters Davids.,vnd dem josaphat paral er wandelt in den vorigen wegen seines vaters davids,und dem iosaphat paral er wandelt in den uorigen wegen seines uaters dauids
sattler_predigt_1613,body,82,18,False,27,Vnd von Hißkia vnd Josia spricht die Schrifft / Er thet das dem HErrn wolgefiel: Mit den Königen vnd Herrn wirds am jüngsten Tag heissen: Ey du frommer Knecht / du bist im geringsten trew gewesen.,vnd von hißkia vnd josia spricht die schrifft er thet das dem herrn wolgefiel mit den königen vnd herrn wirds am jüngsten tag heissen ey du frommer knecht du bist im geringsten trew gewesen,und uon hisskia und iosia spricht die schrifft er thet das dem herrn wolgefiel mit den konigen und herrn wirds am iungsten tag heissen ey du frommer knecht du bist im geringsten trew gewesen
sattler_predigt_1613,body,82,19,True,27,Ich wil / dich vber viel setzen / gehe ein zu deines HErrn frewde / Matth. 25.,ich wil dich vber viel setzen gehe ein zu deines herrn frewde matth,ich wil dich uber uiel setzen gehe ein zu deines herrn frewde matth
sattler_predigt_1613,head,83,0,True,27,Beschluß.,beschluß,beschluss
sattler_predigt_1613,body,84,0,False,27,WAs wir nun bißhero von der Obrigkeit / jrem Ampt / vnd Wolthat gehandelt / vnd das man in solchem standt Gott wolgefalle / vnd seltg werden könne / das ziehen wir jetziger zeit nicht vn billig auff den Weyland / Hochwürdigen / Durchleuchtigen / Hochgebornen Fürsten vnd Herrn / Herrn Heinrich Julium / Postulirten Bischoffen des Stiffts Halberstadt / vnd Hertzogen zu Braunschweig vnd Lüneburg / etc.,was wir nun bißhero von der obrigkeit jrem ampt vnd wolthat gehandelt vnd das man in solchem standt gott wolgefalle vnd seltg werden könne das ziehen wir jetziger zeit nicht vn billig auff den weyland hochwürdigen durchleuchtigen hochgebornen fürsten vnd herrn herrn heinrich julium postulirten bischoffen des stiffts halberstadt vnd hertzogen zu braunschweig vnd lüneburg etc,was wir nun bisshero uon der obrigkeit irem ampt und wolthat gehandelt und das man in solchem standt gott wolgefalle und seltg werden konne das ziehen wir ietziger zeit nicht un billig auff den weyland hochwurdigen durchleuchtigen hochgebornen fursten und herrn herrn heinrich iulium postulirten bischoffen des stiffts halberstadt und hertzogen zu braunschweig und luneburg etc
sattler_predigt_1613,body,84,1,False,27,Vnsern gewesenen gnedigen lieben Landßfürsten vnd Herrn / dessen F. G. Leichnamb wir jtzunder zu seiner Ruhestet gebracht.,vnsern gewesenen gnedigen lieben landßfürsten vnd herrn dessen f g leichnamb wir jtzunder zu seiner ruhestet gebracht,unsern gewesenen gnedigen lieben landssfursten und herrn dessen f g leichnamb wir itzunder zu seiner ruhestet gebracht
sattler_predigt_1613,body,84,2,False,27,Vnd weil S. F. G. in dem Stand / als vnser hohe Obrigkeit / Gott gedie net hat / rümen wir billig S. F. G. vnd die wolthaten / die Gott durch S. F. G. vns erzeiget hat.,vnd weil s f g in dem stand als vnser hohe obrigkeit gott gedie net hat rümen wir billig s f g vnd die wolthaten die gott durch s f g vns erzeiget hat,und weil s f g in dem stand als unser hohe obrigkeit gott gedie net hat rumen wir billig s f g und die wolthaten die gott durch s f g uns erzeiget hat
sattler_predigt_1613,body,84,3,False,27,Was nun S. F. G. Ankunfft vnd hohes Geschlecht betrifft / ist solches männiglich bekant.,was nun s f g ankunfft vnd hohes geschlecht betrifft ist solches männiglich bekant,was nun s f g ankunfft und hohes geschlecht betrifft ist solches manniglich bekant
sattler_predigt_1613,body,84,4,False,27,Aber für Gott ist davon nit hoch zu rümen.,aber für gott ist davon nit hoch zu rümen,aber fur gott ist dauon nit hoch zu rumen
sattler_predigt_1613,body,84,5,False,27,Denn mir alle / wir sein Edel oder Vnedel / Hohes oder niderstands Personen / in Sünden empfangen vnd geboren werden / vnd sind von natur Kinder des zorns / wir werden aber Gottes Kinder geboren / nicht von dem geblüt / noch von dem willen des Fleisches / noch von dem willen des Mannes / sondern von Gott.,denn mir alle wir sein edel oder vnedel hohes oder niderstands personen in sünden empfangen vnd geboren werden vnd sind von natur kinder des zorns wir werden aber gottes kinder geboren nicht von dem geblüt noch von dem willen des fleisches noch von dem willen des mannes sondern von gott,denn mir alle wir sein edel oder unedel hohes oder niderstands personen in sunden empfangen und geboren werden und sind uon natur kinder des zorns wir werden aber gottes kinder geboren nicht uon dem geblut noch uon dem willen des fleisches noch uon dem willen des mannes sondern uon gott
sattler_predigt_1613,body,84,6,True,27,Joh. 1.,joh,ioh
sattler_predigt_1613,body,85,0,False,27,Es hats aber gleichwol Gott geschickt / das S. F. G. nicht allein von hohen vhraltem Stam / sondern auch Gottseligen Eltern jhre ankunfft haben.,es hats aber gleichwol gott geschickt das s f g nicht allein von hohen vhraltem stam sondern auch gottseligen eltern jhre ankunfft haben,es hats aber gleichwol gott geschickt das s f g nicht allein uon hohen uhraltem stam sondern auch gottseligen eltern ihre ankunfft haben
sattler_predigt_1613,body,85,1,False,27,"S. F. G. Herr Vater ist gewesen / der Durchleuchtige hochgeborne Fürst vnd Herr / Herr Julius / Hertzog zu Braunschweig vnd Lüneb. etc. dessen F. G. erst Gottes reines Wort in diesen Landen predigen / vñ die Kirch nach Gottes wort reformiren lassen: auch die Julius Vniversitet fundiret, vnd zu beförderung der vnter etlichen Chur vnd Fürsten auff gerichten sormula concordiae, neben Hertzog Christoff zu Würtenb. hochlöbl. andenckens / den ersten Stein gelegt.",s f g herr vater ist gewesen der durchleuchtige hochgeborne fürst vnd herr herr julius hertzog zu braunschweig vnd lüneb etc dessen f g erst gottes reines wort in diesen landen predigen vñ die kirch nach gottes wort reformiren lassen auch die julius vniversitet fundiret vnd zu beförderung der vnter etlichen chur vnd fürsten auff gerichten sormula concordiae neben hertzog christoff zu würtenb hochlöbl andenckens den ersten stein gelegt,s f g herr uater ist gewesen der durchleuchtige hochgeborne furst und herr herr iulius hertzog zu braunschweig und luneb etc dessen f g erst gottes reines wort in diesen landen predigen und die kirch nach gottes wort reformiren lassen auch die iulius uniuersitet fundiret und zu beforderung der unter etlichen chur und fursten auff gerichten sormula concordiae neben hertzog christoff zu wurtenb hochlobl andenckens den ersten stein gelegt
sattler_predigt_1613,body,85,2,False,28,S. F. G. Fraw Mutter ist gewesen / die auch Durchleuchtige Hochgeborne F. vnd Fraw / Fraw Hedewig / Geborne aus Churf.,s f g fraw mutter ist gewesen die auch durchleuchtige hochgeborne f vnd fraw fraw hedewig geborne aus churf,s f g fraw mutter ist gewesen die auch durchleuchtige hochgeborne f und fraw fraw hedewig geborne aus churf
sattler_predigt_1613,body,85,3,True,28,Stam Brandenburg / deren F. G. Gottselig von allen denen / die sie gekant / noch diese stunde gerühmet wird.,stam brandenburg deren f g gottselig von allen denen die sie gekant noch diese stunde gerühmet wird,stam brandenburg deren f g gottselig uon allen denen die sie gekant noch diese stunde geruhmet wird
sattler_predigt_1613,body,86,0,False,28,Der Geburtstag S. F. G. ist der 15. Oct. des 1564. Jahrs / an welchen tag 12. Jar hernach die löbliche Julius Vniversitet solenniter introduciret ist.,der geburtstag s f g ist der oct des jahrs an welchen tag jar hernach die löbliche julius vniversitet solenniter introduciret ist,der geburtstag s f g ist der oct des iahrs an welchen tag iar hernach die lobliche iulius uniuersitet solenniter introduciret ist
sattler_predigt_1613,body,86,1,False,28,Es haben aber S. F. G. das jren Christlichen Eltern sonderlich zu dancken gehabt / das dieselbige nicht allein solchen jhren Sohn in. der H. Tauff Christo einverleiben lassen / sondern S. F. G. mit höchsten fleiß in warer Gottseligkeit / Fürstlichen Tugenden vnd löblichen freyen künsten die einem Herrn wol anstehen / vnd nützlich / ja fast nötig sind / erziehen lassen.,es haben aber s f g das jren christlichen eltern sonderlich zu dancken gehabt das dieselbige nicht allein solchen jhren sohn in der h tauff christo einverleiben lassen sondern s f g mit höchsten fleiß in warer gottseligkeit fürstlichen tugenden vnd löblichen freyen künsten die einem herrn wol anstehen vnd nützlich ja fast nötig sind erziehen lassen,es haben aber s f g das iren christlichen eltern sonderlich zu dancken gehabt das dieselbige nicht allein solchen ihren sohn in der h tauff christo einuerleiben lassen sondern s f g mit hochsten fleiss in warer gottseligkeit furstlichen tugenden und loblichen freyen kunsten die einem herrn wol anstehen und nutzlich ia fast notig sind erziehen lassen
sattler_predigt_1613,body,86,2,False,28,Vnd weil Gott S. F. G. mit einem schönen Ingenio vnd sehr richtigen Iudicio begabet / haben sie sich bald in der jungend sehr wol angelassen / vnd im 12. Jar ires alters bey einfürung der Julius Vniversitet ein latinam orationem gar zierlich recitiret.,vnd weil gott s f g mit einem schönen ingenio vnd sehr richtigen iudicio begabet haben sie sich bald in der jungend sehr wol angelassen vnd im jar ires alters bey einfürung der julius vniversitet ein latinam orationem gar zierlich recitiret,und weil gott s f g mit einem schonen ingenio und sehr richtigen iudicio begabet haben sie sich bald in der iungend sehr wol angelassen und im iar ires alters bey einfurung der iulius uniuersitet ein latinam orationem gar zierlich recitiret
sattler_predigt_1613,body,86,3,True,28,Summa es sind S. F. G. durch fleissige instruction jr er Praeceptorum so weit kommen / das sie / nach dem sie auch den usum vnd die erfarung erlanget / in Iure manchem / der Titulum Doctoris erlanget / zuviel gewesen / wie S. F. G. schrifften in den Braunschweigischen sachen in Druck verfertigt / bezeugen.,summa es sind s f g durch fleissige instruction jr er praeceptorum so weit kommen das sie nach dem sie auch den usum vnd die erfarung erlanget in iure manchem der titulum doctoris erlanget zuviel gewesen wie s f g schrifften in den braunschweigischen sachen in druck verfertigt bezeugen,summa es sind s f g durch fleissige instruction ir er praeceptorum so weit kommen das sie nach dem sie auch den usum und die erfarung erlanget in iure manchem der titulum doctoris erlanget zuuiel gewesen wie s f g schrifften in den braunschweigischen sachen in druck uerfertigt bezeugen
sattler_predigt_1613,body,87,0,True,28,"Wie sie dann auch in Theologia so weit proficiret das sie einsmahls mit einem Jesuiter sich in disputation eingelassen / der aber aus der heiligẽ schrifft nit disputiren wollen denn er bald gemercket / das er wieder S. F, G. darauß nicht hafften köndte.",wie sie dann auch in theologia so weit proficiret das sie einsmahls mit einem jesuiter sich in disputation eingelassen der aber aus der heiligẽ schrifft nit disputiren wollen denn er bald gemercket das er wieder s f g darauß nicht hafften köndte,wie sie dann auch in theologia so weit proficiret das sie einsmahls mit einem iesuiter sich in disputation eingelassen der aber aus der heiligen schrifft nit disputiren wollen denn er bald gemercket das er wieder s f g darauss nicht hafften kondte
sattler_predigt_1613,body,88,0,True,28,"In Medicina darauff sich S. F. gn. auch endlich begeben / haben sie gleichfals dermassen excellirt, sonderlich aber in Chimicis, das sie in gefehrlichen Kranckheiten pleurisi dysenteria, vnd andern erlichen / Hohes vnd Niderstandes Personen guten Kath gegeben vnnd geholffen / Wie dann dißfals nach gantze Bücher verhanden / darin S. F. G. solche stück vnd Recept mit eigner Hand geschrieben.",in medicina darauff sich s f gn auch endlich begeben haben sie gleichfals dermassen excellirt sonderlich aber in chimicis das sie in gefehrlichen kranckheiten pleurisi dysenteria vnd andern erlichen hohes vnd niderstandes personen guten kath gegeben vnnd geholffen wie dann dißfals nach gantze bücher verhanden darin s f g solche stück vnd recept mit eigner hand geschrieben,in medicina darauff sich s f gn auch endlich begeben haben sie gleichfals dermassen excellirt sonderlich aber in chimicis das sie in gefehrlichen kranckheiten pleurisi dysenteria und andern erlichen hohes und niderstandes personen guten kath gegeben unnd geholffen wie dann dissfals nach gantze bucher uerhanden darin s f g solche stuck und recept mit eigner hand geschrieben
sattler_predigt_1613,body,89,0,False,28,Anno 1585. haben sich seine F. G erstmahls mit rath vnd vorwiffen S. F. G. vielgeliehten Eltern / verheyrathet mit der Durchleuchtigen Hochgebornen Fürstin vnnd Frawen / Frawen Dorotheen / des Hothberümbten Churf.,anno haben sich seine f g erstmahls mit rath vnd vorwiffen s f g vielgeliehten eltern verheyrathet mit der durchleuchtigen hochgebornen fürstin vnnd frawen frawen dorotheen des hothberümbten churf,anno haben sich seine f g erstmahls mit rath und uorwiffen s f g uielgeliehten eltern uerheyrathet mit der durchleuchtigen hochgebornen furstin unnd frawen frawen dorotheen des hothberumbten churf
sattler_predigt_1613,body,89,1,False,29,Hertzogen Augusti zu Sachsen hochlöbligster gedechtnis / Tochter / einer Gottseligen Fürstin.,hertzogen augusti zu sachsen hochlöbligster gedechtnis tochter einer gottseligen fürstin,hertzogen augusti zu sachsen hochlobligster gedechtnis tochter einer gottseligen furstin
sattler_predigt_1613,body,89,2,True,29,Aber bald im andern Jar J. F. G. durch den todt widerumb verloren.,aber bald im andern jar j f g durch den todt widerumb verloren,aber bald im andern iar i f g durch den todt widerumb uerloren
sattler_predigt_1613,body,90,0,False,29,Anno 1589. sind S. F. G. in die Regierung getreten / vnd als bald zum guten anfang / die Gottslesterliche verfluchte Jüden aus jhrem gantzen Land / jrem HErrn vnd Heyland Jesu Christo zu ehren / mit höchstem S. F. G. ruhm abgeschaffet.,anno sind s f g in die regierung getreten vnd als bald zum guten anfang die gottslesterliche verfluchte jüden aus jhrem gantzen land jrem herrn vnd heyland jesu christo zu ehren mit höchstem s f g ruhm abgeschaffet,anno sind s f g in die regierung getreten und als bald zum guten anfang die gottslesterliche uerfluchte iuden aus ihrem gantzen land irem herrn und heyland iesu christo zu ehren mit hochstem s f g ruhm abgeschaffet
sattler_predigt_1613,body,90,1,True,29,"Gott vergebe es denen Leuten / die in den letzten Jaren S. F. G. hintergangen / vnd sie wider einzunehmen verursacht haben / denn es je ein schreckliche Sünd / die Leute lieben / die den HErrn hassen / 2 Paral. 20. Vnd wer Christum nicht lieb hat / der sey anathema, Maparam, Motha, das ist verbannet zum Todt / sagt Paul. 1. Cor. 16.",gott vergebe es denen leuten die in den letzten jaren s f g hintergangen vnd sie wider einzunehmen verursacht haben denn es je ein schreckliche sünd die leute lieben die den herrn hassen paral vnd wer christum nicht lieb hat der sey anathema maparam motha das ist verbannet zum todt sagt paul cor,gott uergebe es denen leuten die in den letzten iaren s f g hintergangen und sie wider einzunehmen uerursacht haben denn es ie ein schreckliche sund die leute lieben die den herrn hassen paral und wer christum nicht lieb hat der sey anathema maparam motha das ist uerbannet zum todt sagt paul cor
sattler_predigt_1613,body,91,0,True,29,Anno 1590. haben S. F. G. zum andernmahl mit vorhergehender bewilligung S. F. G. geliebten Eltern / sich verehlichtmit der Durchleuchtigsten / Hochgebornen Fürstin vnd Frawen / Frawen Elisabeth / Gebornen auß Königlichem Stammen Dennemarck / die jetziger zeit gegenwertige hochbetrübte Wittibe / vnd mit J. F. G. durch Gottes gnedigen segen ein friedsammen vnd fruchtbahren Ehestandt gehabt.,anno haben s f g zum andernmahl mit vorhergehender bewilligung s f g geliebten eltern sich verehlichtmit der durchleuchtigsten hochgebornen fürstin vnd frawen frawen elisabeth gebornen auß königlichem stammen dennemarck die jetziger zeit gegenwertige hochbetrübte wittibe vnd mit j f g durch gottes gnedigen segen ein friedsammen vnd fruchtbahren ehestandt gehabt,anno haben s f g zum andernmahl mit uorhergehender bewilligung s f g geliebten eltern sich uerehlichtmit der durchleuchtigsten hochgebornen furstin und frawen frawen elisabeth gebornen auss koniglichem stammen dennemarck die ietziger zeit gegenwertige hochbetrubte wittibe und mit i f g durch gottes gnedigen segen ein friedsammen und fruchtbahren ehestandt gehabt
sattler_predigt_1613,body,92,0,True,29,Belangent S. F. G. Regierung / haben sie dieselbige nach diesem Spruch S. Pauli angesteflet: Also das wir die meiste zeit ein feines stilles ruhiges Leben führen können in aller Gottseligkeit vnd Ebarkeit / vnd dißfals an S. F. G. kein mangel gewesen.,belangent s f g regierung haben sie dieselbige nach diesem spruch s pauli angesteflet also das wir die meiste zeit ein feines stilles ruhiges leben führen können in aller gottseligkeit vnd ebarkeit vnd dißfals an s f g kein mangel gewesen,belangent s f g regierung haben sie dieselbige nach diesem spruch s pauli angesteflet also das wir die meiste zeit ein feines stilles ruhiges leben fuhren konnen in aller gottseligkeit und ebarkeit und dissfals an s f g kein mangel gewesen
sattler_predigt_1613,body,93,0,True,29,Denn so viel die Christliche Religion belanget / sein S. F. G. darbey beständig biß an jhr seliges Ende verharret / vnangesehn S. F. Gn. für etlichen Jahren van einem vnd andern ein anders zugemuttet werden wollen.,denn so viel die christliche religion belanget sein s f g darbey beständig biß an jhr seliges ende verharret vnangesehn s f gn für etlichen jahren van einem vnd andern ein anders zugemuttet werden wollen,denn so uiel die christliche religion belanget sein s f g darbey bestandig biss an ihr seliges ende uerharret unangesehn s f gn fur etlichen iahren uan einem und andern ein anders zugemuttet werden wollen
sattler_predigt_1613,body,94,0,True,29,Es haben aber S. F. G. so gar keine enderung vorgenommen im geringsten / das sie auch da für S. F. G. vom gantzen Land vnd der Pofleritet ewiger Danckgebühret / die gantze löbliche Landschafft der Religion halber affecurirt vnd verwahret / das jhnen nun vnd in Ewigkeit / keine andere Religion auffgedrungen werden solle.,es haben aber s f g so gar keine enderung vorgenommen im geringsten das sie auch da für s f g vom gantzen land vnd der pofleritet ewiger danckgebühret die gantze löbliche landschafft der religion halber affecurirt vnd verwahret das jhnen nun vnd in ewigkeit keine andere religion auffgedrungen werden solle,es haben aber s f g so gar keine enderung uorgenommen im geringsten das sie auch da fur s f g uom gantzen land und der pofleritet ewiger danckgebuhret die gantze lobliche landschafft der religion halber affecurirt und uerwahret das ihnen nun und in ewigkeit keine andere religion auffgedrungen werden solle
sattler_predigt_1613,body,95,0,False,29,Es haben auch S. F. G. so viel in dieser Schwachheit jmmer müglich einem jeden Vnparteyisch Recht vnnd Gerechtigkeit wiederfahren lassen / die Vbelthäter / Zauberer / Mörder / Dieb / etc.,es haben auch s f g so viel in dieser schwachheit jmmer müglich einem jeden vnparteyisch recht vnnd gerechtigkeit wiederfahren lassen die vbelthäter zauberer mörder dieb etc,es haben auch s f g so uiel in dieser schwachheit immer muglich einem ieden unparteyisch recht unnd gerechtigkeit wiederfahren lassen die ubelthater zauberer morder dieb etc
sattler_predigt_1613,body,95,1,False,29,Mit grossem Ernst gestraffet.,mit grossem ernst gestraffet,mit grossem ernst gestraffet
sattler_predigt_1613,body,95,2,True,29,Die Frommen aber verthetiget vnnd beschützet / vnt wissentlich memand vnrecht gethan / auch solches in S. F. G. abwesen deroselben Rähten ernstlich befohlen.,die frommen aber verthetiget vnnd beschützet vnt wissentlich memand vnrecht gethan auch solches in s f g abwesen deroselben rähten ernstlich befohlen,die frommen aber uerthetiget unnd beschutzet unt wissentlich memand unrecht gethan auch solches in s f g abwesen deroselben rahten ernstlich befohlen
sattler_predigt_1613,body,96,0,False,30,Vnd haben S. F. G. die sonderliche Tugent an sich gehabt / das wenn schon der ein oder ander bey S. F. G. angeben worden / sie nicht alsbald gegleubet / sondern den andern theil auch gehöret.,vnd haben s f g die sonderliche tugent an sich gehabt das wenn schon der ein oder ander bey s f g angeben worden sie nicht alsbald gegleubet sondern den andern theil auch gehöret,und haben s f g die sonderliche tugent an sich gehabt das wenn schon der ein oder ander bey s f g angeben worden sie nicht alsbald gegleubet sondern den andern theil auch gehoret
sattler_predigt_1613,body,96,1,True,30,Auch nichts wenigers als verunglimpffung anderer Leut / Zanck vnd Haß vnter S. F. G Dienern leiden können.,auch nichts wenigers als verunglimpffung anderer leut zanck vnd haß vnter s f g dienern leiden können,auch nichts wenigers als uerunglimpffung anderer leut zanck und hass unter s f g dienern leiden konnen
sattler_predigt_1613,body,97,0,False,30,Das aber etliche S. F. G. durch gantz Teutschland diffamiret vnnd vbel außgetragen haben / vnnd S. F. gnaden. fast für einen Tyrannen außgeruffen werden wollen / das sie mit jhrer Erb. vnnd Landstadt Braunschweig nicht einig seyn / vnd sich nicht vergleichen können / daran ist S. F gn. zu viel vnd vnrecht geschehen.,das aber etliche s f g durch gantz teutschland diffamiret vnnd vbel außgetragen haben vnnd s f gnaden fast für einen tyrannen außgeruffen werden wollen das sie mit jhrer erb vnnd landstadt braunschweig nicht einig seyn vnd sich nicht vergleichen können daran ist s f gn zu viel vnd vnrecht geschehen,das aber etliche s f g durch gantz teutschland diffamiret unnd ubel aussgetragen haben unnd s f gnaden fast fur einen tyrannen aussgeruffen werden wollen das sie mit ihrer erb unnd landstadt braunschweig nicht einig seyn und sich nicht uergleichen konnen daran ist s f gn zu uiel und unrecht geschehen
sattler_predigt_1613,body,97,1,False,30,Vnd würden solche Leute / wenn sie des grunds der sachen berichtet würden / S. F. gn. wol entschüldiget nemen.,vnd würden solche leute wenn sie des grunds der sachen berichtet würden s f gn wol entschüldiget nemen,und wurden solche leute wenn sie des grunds der sachen berichtet wurden s f gn wol entschuldiget nemen
sattler_predigt_1613,body,97,2,True,30,Vnd weil das Achte gebot des Nechsten Vnschuld retten heist / mus ich etwas nothwendigst davon berichten / beruff mich auch dißfals auff die notorietet vnd S. F gn. in den Truck verfertigte Schrifften darauß solchs klärlich zuersehen.,vnd weil das achte gebot des nechsten vnschuld retten heist mus ich etwas nothwendigst davon berichten beruff mich auch dißfals auff die notorietet vnd s f gn in den truck verfertigte schrifften darauß solchs klärlich zuersehen,und weil das achte gebot des nechsten unschuld retten heist mus ich etwas nothwendigst dauon berichten beruff mich auch dissfals auff die notorietet und s f gn in den truck uerfertigte schrifften darauss solchs klarlich zuersehen
sattler_predigt_1613,body,98,0,False,30,Denn je S. F. gn. sich zu der Stadt nicht genotiget / sondern wie sie selbst bekennen müssen / anfenglich das gesucht / (damit sie auch befugt) eas jhnen / wie derselben Herr Vater vnnd Vorfahren die gebührliche schüldige Huldigung geleistet würde / vnnd haben sich S. F. gn. als bold gnedig erbotten / jhnen alle Privilegien zu confirmiren.,denn je s f gn sich zu der stadt nicht genotiget sondern wie sie selbst bekennen müssen anfenglich das gesucht damit sie auch befugt eas jhnen wie derselben herr vater vnnd vorfahren die gebührliche schüldige huldigung geleistet würde vnnd haben sich s f gn als bold gnedig erbotten jhnen alle privilegien zu confirmiren,denn ie s f gn sich zu der stadt nicht genotiget sondern wie sie selbst bekennen mussen anfenglich das gesucht damit sie auch befugt eas ihnen wie derselben herr uater unnd uorfahren die gebuhrliche schuldige huldigung geleistet wurde unnd haben sich s f gn als bold gnedig erbotten ihnen alle priuilegien zu confirmiren
sattler_predigt_1613,body,98,1,True,30,Aber sie haben Recht die Huldigung S. F. G. verweigert / S. F. G. auch fast die Regirung / ob jhnen dieselbige zustünde / streitig machen wollen.,aber sie haben recht die huldigung s f g verweigert s f g auch fast die regirung ob jhnen dieselbige zustünde streitig machen wollen,aber sie haben recht die huldigung s f g uerweigert s f g auch fast die regirung ob ihnen dieselbige zustunde streitig machen wollen
sattler_predigt_1613,body,99,0,False,30,Ob nun wol Hochweise Leute S. F. G. gerahten / wider sie via facti zuverfahren / so haben sie doch anfangs nicht gethan / sondern ander gelinde / glimpffliche / rechtmässige Mittel vnd Wege für: Vnnd an die Hand genommen / auch an dem Kay.,ob nun wol hochweise leute s f g gerahten wider sie via facti zuverfahren so haben sie doch anfangs nicht gethan sondern ander gelinde glimpffliche rechtmässige mittel vnd wege für vnnd an die hand genommen auch an dem kay,ob nun wol hochweise leute s f g gerahten wider sie uia facti zuuerfahren so haben sie doch anfangs nicht gethan sondern ander gelinde glimpffliche rechtmassige mittel und wege fur unnd an die hand genommen auch an dem kay
sattler_predigt_1613,body,99,1,True,30,Cammergericht zu Speyer zum vberfluß erstritten / das S. F. G. jhre vnmittelbare hohe Landesfürstliche Obrigkeit sey.,cammergericht zu speyer zum vberfluß erstritten das s f g jhre vnmittelbare hohe landesfürstliche obrigkeit sey,cammergericht zu speyer zum uberfluss erstritten das s f g ihre unmittelbare hohe landesfurstliche obrigkeit sey
sattler_predigt_1613,body,100,0,False,30,Es hoben aber S. F. G. gleichwol bey jhneu kein folg haben können / sondern hat man sich zu S F. G. in viel weg genötiget.,es hoben aber s f g gleichwol bey jhneu kein folg haben können sondern hat man sich zu s f g in viel weg genötiget,es hoben aber s f g gleichwol bey ihneu kein folg haben konnen sondern hat man sich zu s f g in uiel weg genotiget
sattler_predigt_1613,body,100,1,False,30,Denn zu geschweigen / das S. F. G. für 25. Jahr / als sie Hoffgericht halten wollen / die Thor allda zugemacht / haben sie S. F. G. Herrn Vater / dessen F. G. sie so grosse stattliche nur verpändete Stücke / für 44. Jahren abzupracticiren / sich nicht entferbet / die letzte Ehr versagt / vnd nicht zu Grab folgen wöllen.,denn zu geschweigen das s f g für jahr als sie hoffgericht halten wollen die thor allda zugemacht haben sie s f g herrn vater dessen f g sie so grosse stattliche nur verpändete stücke für jahren abzupracticiren sich nicht entferbet die letzte ehr versagt vnd nicht zu grab folgen wöllen,denn zu geschweigen das s f g fur iahr als sie hoffgericht halten wollen die thor allda zugemacht haben sie s f g herrn uater dessen f g sie so grosse stattliche nur uerpandete stucke fur iahren abzupracticiren sich nicht entferbet die letzte ehr uersagt und nicht zu grab folgen wollen
sattler_predigt_1613,body,100,2,False,31,Hernach S. F. G. selber / als sie zu Gefattern gebeten / die Gefatterschafft versagt / vnd vber das S. F. G. zustehende Bley / vngeachtet der F. Rähte trewhertzigen vielfaltigen vermahnung Ha starriglich vorenthalten.,hernach s f g selber als sie zu gefattern gebeten die gefatterschafft versagt vnd vber das s f g zustehende bley vngeachtet der f rähte trewhertzigen vielfaltigen vermahnung ha starriglich vorenthalten,hernach s f g selber als sie zu gefattern gebeten die gefatterschafft uersagt und uber das s f g zustehende bley ungeachtet der f rahte trewhertzigen uielfaltigen uermahnung ha starriglich uorenthalten
sattler_predigt_1613,body,100,3,False,31,Vnd da sie für Rebellen mit vrthel vnnd Recht erklärt / S. F. G. Land / vnnd arme vnschüldige Leut jämmerlich verderbet.,vnd da sie für rebellen mit vrthel vnnd recht erklärt s f g land vnnd arme vnschüldige leut jämmerlich verderbet,und da sie fur rebellen mit urthel unnd recht erklart s f g land unnd arme unschuldige leut iammerlich uerderbet
sattler_predigt_1613,body,100,4,False,31,Es dabey noch nicht bewenden lassen / sondern auch noch etliche viel Personen / die zu allen dingen nicht ja gesagt / als Verrehter ablesen vnd hinrichten lassen.,es dabey noch nicht bewenden lassen sondern auch noch etliche viel personen die zu allen dingen nicht ja gesagt als verrehter ablesen vnd hinrichten lassen,es dabey noch nicht bewenden lassen sondern auch noch etliche uiel personen die zu allen dingen nicht ia gesagt als uerrehter ablesen und hinrichten lassen
sattler_predigt_1613,body,100,5,False,31,Vnd ob man sich schon zur Confrontation erbotten / deren nicht abwarten wollen.,vnd ob man sich schon zur confrontation erbotten deren nicht abwarten wollen,und ob man sich schon zur confrontation erbotten deren nicht abwarten wollen
sattler_predigt_1613,body,100,6,False,31,Welches denn S. F. G. billig sehr zu Hertzen gangen / vnd sie derowegen entlich als vngehorsame vnd offenbahre Landfriedbrüchige Vnterthanen wofür sie dann auch die Kay.,welches denn s f g billig sehr zu hertzen gangen vnd sie derowegen entlich als vngehorsame vnd offenbahre landfriedbrüchige vnterthanen wofür sie dann auch die kay,welches denn s f g billig sehr zu hertzen gangen und sie derowegen entlich als ungehorsame und offenbahre landfriedbruchige unterthanen wofur sie dann auch die kay
sattler_predigt_1613,body,100,7,True,31,Commissarien Chur vnnd deputirte Fürsten des Reichs Anno 1600. zu Speyer erkant durch ein Stratagema zum gehorsam bringen wollen / vnd das ohn eintz Blutvergiessen / dergestalt / das auch S. F. G. der wacht zu schonen befohlen / wie mit lebendigen Leuten zu beweisen / Die eins theils hie zugegen sind.,commissarien chur vnnd deputirte fürsten des reichs anno zu speyer erkant durch ein stratagema zum gehorsam bringen wollen vnd das ohn eintz blutvergiessen dergestalt das auch s f g der wacht zu schonen befohlen wie mit lebendigen leuten zu beweisen die eins theils hie zugegen sind,commissarien chur unnd deputirte fursten des reichs anno zu speyer erkant durch ein stratagema zum gehorsam bringen wollen und das ohn eintz blutuergiessen dergestalt das auch s f g der wacht zu schonen befohlen wie mit lebendigen leuten zu beweisen die eins theils hie zugegen sind
sattler_predigt_1613,body,101,0,False,31,Wobey denn Gott beyden theilen gepredigt: S. F. G. das ohne Gott alle Menschliche Anschläge vergeblich / der Stadt aber / das sie nit vnvberwindlich / sondern wol zu zwingen seyn.,wobey denn gott beyden theilen gepredigt s f g das ohne gott alle menschliche anschläge vergeblich der stadt aber das sie nit vnvberwindlich sondern wol zu zwingen seyn,wobey denn gott beyden theilen gepredigt s f g das ohne gott alle menschliche anschlage uergeblich der stadt aber das sie nit unuberwindlich sondern wol zu zwingen seyn
sattler_predigt_1613,body,101,1,False,31,Ob nun wol darauff seine F. G. die Stadt belägert aber sie doch Kay. May. zu ehren davon ab: vnd allen gehabten Vortheil auß Händen gelassen / der Gegentheil aber sich an J. Kay. May.,ob nun wol darauff seine f g die stadt belägert aber sie doch kay may zu ehren davon ab vnd allen gehabten vortheil auß händen gelassen der gegentheil aber sich an j kay may,ob nun wol darauff seine f g die stadt belagert aber sie doch kay may zu ehren dauon ab und allen gehabten uortheil auss handen gelassen der gegentheil aber sich an i kay may
sattler_predigt_1613,body,101,2,False,31,Mandat / ja jhre eigene Brieffe vnd zusage vber allnichts gekehrt / sondern vber alle andere Landtfeiedbrüchige thaten / S. F. G. jhren rechten einigen Landes fürsten / nach Leib vnd Leben gestanden / derowegen sie endlich in der Kay. May. vnd des H. Röm.,mandat ja jhre eigene brieffe vnd zusage vber allnichts gekehrt sondern vber alle andere landtfeiedbrüchige thaten s f g jhren rechten einigen landes fürsten nach leib vnd leben gestanden derowegen sie endlich in der kay may vnd des h röm,mandat ia ihre eigene brieffe und zusage uber allnichts gekehrt sondern uber alle andere landtfeiedbruchige thaten s f g ihren rechten einigen landes fursten nach leib und leben gestanden derowegen sie endlich in der kay may und des h rom
sattler_predigt_1613,body,101,3,False,31,Reichs Acht erkläret.,reichs acht erkläret,reichs acht erklaret
sattler_predigt_1613,body,101,4,False,31,Vnd ob wol S. F G. auch hernacher zu vntersebiedlichen malen einen andern Ernst zugebrauchen / grosse vrsach gegeben / S. F. G. auch darzu gute gelegenheit gehabt / sonderlich nach erhaltenem Vrtheil / da des gogentheils Reuter auff jhr F. G. Grund vnnd Bobem braviret S. F. G. Leut vnd Dtener gefangen genommen / aus S. F. G. Grund vnd Bodem weggeführt / vnd gar hingericht.,vnd ob wol s f g auch hernacher zu vntersebiedlichen malen einen andern ernst zugebrauchen grosse vrsach gegeben s f g auch darzu gute gelegenheit gehabt sonderlich nach erhaltenem vrtheil da des gogentheils reuter auff jhr f g grund vnnd bobem braviret s f g leut vnd dtener gefangen genommen aus s f g grund vnd bodem weggeführt vnd gar hingericht,und ob wol s f g auch hernacher zu untersebiedlichen malen einen andern ernst zugebrauchen grosse ursach gegeben s f g auch darzu gute gelegenheit gehabt sonderlich nach erhaltenem urtheil da des gogentheils reuter auff ihr f g grund unnd bobem brauiret s f g leut und dtener gefangen genommen aus s f g grund und bodem weggefuhrt und gar hingericht
sattler_predigt_1613,body,101,5,True,31,So haben sie doch als ein langmütiger Herr / wie sie wol gekont / gewalt mit gewalt so bald nicht stewren lassen / das man nicht leichtlich einen Herrn in der welt finden solte / der solchs alles also verschmertzen könte.,so haben sie doch als ein langmütiger herr wie sie wol gekont gewalt mit gewalt so bald nicht stewren lassen das man nicht leichtlich einen herrn in der welt finden solte der solchs alles also verschmertzen könte,so haben sie doch als ein langmutiger herr wie sie wol gekont gewalt mit gewalt so bald nicht stewren lassen das man nicht leichtlich einen herrn in der welt finden solte der solchs alles also uerschmertzen konte
sattler_predigt_1613,body,102,0,True,32,Da vrtheile nun Himmel vnd Erden / vnd w̃er vrthellen kan / Ob nicht mit dieser diffamation S. F. G. zuviel vnd vnrecht geschehen.,da vrtheile nun himmel vnd erden vnd w̃er vrthellen kan ob nicht mit dieser diffamation s f g zuviel vnd vnrecht geschehen,da urtheile nun himmel und erden und wer urthellen kan ob nicht mit dieser diffamation s f g zuuiel und unrecht geschehen
sattler_predigt_1613,body,103,0,True,32,Der Allmechtige Gott gebe / das sie vnserm jetzt Regierenden Lant desfürsten vnd Herrn mit gebührender schüldiger Vnterthenigkeit / Ehr erbietung vnd satisfaction begegnen / vnd S. F. G. hinwider sich als ein Christlich Obrigkeit aller vnverweißlichen gebühr zuerzeigen / Vrsach geben / das wir doch dermahl eins / mit einem Munde loben Gott vnnd dem Vater vnsers HErrn Jefu Christi.,der allmechtige gott gebe das sie vnserm jetzt regierenden lant desfürsten vnd herrn mit gebührender schüldiger vnterthenigkeit ehr erbietung vnd satisfaction begegnen vnd s f g hinwider sich als ein christlich obrigkeit aller vnverweißlichen gebühr zuerzeigen vrsach geben das wir doch dermahl eins mit einem munde loben gott vnnd dem vater vnsers herrn jefu christi,der allmechtige gott gebe das sie unserm ietzt regierenden lant desfursten und herrn mit gebuhrender schuldiger unterthenigkeit ehr erbietung und satisfaction begegnen und s f g hinwider sich als ein christlich obrigkeit aller unuerweisslichen gebuhr zuerzeigen ursach geben das wir doch dermahl eins mit einem munde loben gott unnd dem uater unsers herrn iefu christi
sattler_predigt_1613,body,104,0,True,32,So viel sonst seiner F. G. privat belanget / haben sie Gottes Wort wie sie dieser örter gewesen / mit fleiß gehört / vnnd nicht leichtlich eine Predigt versenmet / vnnd ob wol bißweilen scharffe Erinnerungen geschehen / wie bekandt / haben doch S. F. G. zur Vngnade vnnd Verfolgung sich nicht bewegen lassen / Sondern alles in gnaden auffgenommen.,so viel sonst seiner f g privat belanget haben sie gottes wort wie sie dieser örter gewesen mit fleiß gehört vnnd nicht leichtlich eine predigt versenmet vnnd ob wol bißweilen scharffe erinnerungen geschehen wie bekandt haben doch s f g zur vngnade vnnd verfolgung sich nicht bewegen lassen sondern alles in gnaden auffgenommen,so uiel sonst seiner f g priuat belanget haben sie gottes wort wie sie dieser orter gewesen mit fleiss gehort unnd nicht leichtlich eine predigt uersenmet unnd ob wol bissweilen scharffe erinnerungen geschehen wie bekandt haben doch s f g zur ungnade unnd uerfolgung sich nicht bewegen lassen sondern alles in gnaden auffgenommen
sattler_predigt_1613,body,105,0,True,32,Ich weis mich zu erinnern / das für etlich Jahren ein grosser Herr / so trewe Prediger verfolgt / Jung dahin starb / das S. F. G. sagten: wenn man sich an Predigern vergreifft / pflegt es keinen langen lauff zu haben.,ich weis mich zu erinnern das für etlich jahren ein grosser herr so trewe prediger verfolgt jung dahin starb das s f g sagten wenn man sich an predigern vergreifft pflegt es keinen langen lauff zu haben,ich weis mich zu erinnern das fur etlich iahren ein grosser herr so trewe prediger uerfolgt iung dahin starb das s f g sagten wenn man sich an predigern uergreifft pflegt es keinen langen lauff zu haben
sattler_predigt_1613,body,106,0,True,32,S. F. G. Eltern / vnd sonderlich auch derselben Fraw Mutter / so noch 13. Jahr nach des Herrn Vaters Todt gelebet / haben S. F. Gn. hoch geliebet vnd geehret / vnnd meines wissens niemahls erzürnet.,s f g eltern vnd sonderlich auch derselben fraw mutter so noch jahr nach des herrn vaters todt gelebet haben s f gn hoch geliebet vnd geehret vnnd meines wissens niemahls erzürnet,s f g eltern und sonderlich auch derselben fraw mutter so noch iahr nach des herrn uaters todt gelebet haben s f gn hoch geliebet und geehret unnd meines wissens niemahls erzurnet
sattler_predigt_1613,body,107,0,False,32,Wie dann auch S. F. G. die Kay.,wie dann auch s f g die kay,wie dann auch s f g die kay
sattler_predigt_1613,body,107,1,True,32,"My. als jhre höchste Obrigkeit / Inmassen von derselben Vorfahren auch geschehen / Inn Vnterthenigkeit respectiret, vnd was S. F. G. bey nechst verstorbenen Kay. Mayest. in deroselben Widerwertigkeit gethan / ist Weltkündig.",my als jhre höchste obrigkeit inmassen von derselben vorfahren auch geschehen inn vnterthenigkeit respectiret vnd was s f g bey nechst verstorbenen kay mayest in deroselben widerwertigkeit gethan ist weltkündig,my als ihre hochste obrigkeit inmassen uon derselben uorfahren auch geschehen inn unterthenigkeit respectiret und was s f g bey nechst uerstorbenen kay mayest in deroselben widerwertigkeit gethan ist weltkundig
sattler_predigt_1613,body,108,0,True,32,Wie denn auch die jtzige Kay. May. vnserallergnädigster Herr / was sie an S. F. G. für einen getrewen Fürsten verlohren / mit Worten vnd gebärden / als sie von deroselben Todt berichtet gnugsam bezeiget.,wie denn auch die jtzige kay may vnserallergnädigster herr was sie an s f g für einen getrewen fürsten verlohren mit worten vnd gebärden als sie von deroselben todt berichtet gnugsam bezeiget,wie denn auch die itzige kay may unserallergnadigster herr was sie an s f g fur einen getrewen fursten uerlohren mit worten und gebarden als sie uon deroselben todt berichtet gnugsam bezeiget
sattler_predigt_1613,body,109,0,True,32,Da auch frembd Kriegsvolck sich in Teutschland einlagern wolte / haben S. F. G. jhnen die gemeine Walfahrt des Vaterlandes zum höch sten lassen angelegen seyn.,da auch frembd kriegsvolck sich in teutschland einlagern wolte haben s f g jhnen die gemeine walfahrt des vaterlandes zum höch sten lassen angelegen seyn,da auch frembd kriegsuolck sich in teutschland einlagern wolte haben s f g ihnen die gemeine walfahrt des uaterlandes zum hoch sten lassen angelegen seyn
sattler_predigt_1613,body,110,0,True,32,Im gleichen auch / wie vnterschiedliche weit außgesehede Krtegsge. fahr im H. Reich zwischen hohen Potentaten sich erreget / haben S. F. G. jrem hohen beywonenden verstand nach / keinen fleiß mühe vñ arbeit auch mit zusetzung J. gesundheit gesparet / damit solch fewr bald im anvnd ehe es vberhand nehme / gedempfft würde: Darzu denn Gott auch seinen Segen gegeben: Das es freylich heist: Selig sind die Friedfertigen / denn sie werden Gottes Kinder heissen.,im gleichen auch wie vnterschiedliche weit außgesehede krtegsge fahr im h reich zwischen hohen potentaten sich erreget haben s f g jrem hohen beywonenden verstand nach keinen fleiß mühe vñ arbeit auch mit zusetzung j gesundheit gesparet damit solch fewr bald im anvnd ehe es vberhand nehme gedempfft würde darzu denn gott auch seinen segen gegeben das es freylich heist selig sind die friedfertigen denn sie werden gottes kinder heissen,im gleichen auch wie unterschiedliche weit aussgesehede krtegsge fahr im h reich zwischen hohen potentaten sich erreget haben s f g irem hohen beywonenden uerstand nach keinen fleiss muhe und arbeit auch mit zusetzung i gesundheit gesparet damit solch fewr bald im anund ehe es uberhand nehme gedempfft wurde darzu denn gott auch seinen segen gegeben das es freylich heist selig sind die friedfertigen denn sie werden gottes kinder heissen
sattler_predigt_1613,body,111,0,True,33,Der Messigkeit haben S. F. G. dermassen sich beflissen / das sie wol vnter hohen Personen kaum jres gleichen gehabt.,der messigkeit haben s f g dermassen sich beflissen das sie wol vnter hohen personen kaum jres gleichen gehabt,der messigkeit haben s f g dermassen sich beflissen das sie wol unter hohen personen kaum ires gleichen gehabt
sattler_predigt_1613,body,112,0,True,33,S. F. G. Diener vnd andere / vnd wol andere Leut / haben S. F. G. nicht vnbegabet gelassen / sondern gegen jedermänniglichẽ sich also bezeigt / das sie jenem hohen Potentaten nicht vngleich / der nicht wol leiden konte / das jemand trawrig von jhm hinweg ginge.,s f g diener vnd andere vnd wol andere leut haben s f g nicht vnbegabet gelassen sondern gegen jedermänniglichẽ sich also bezeigt das sie jenem hohen potentaten nicht vngleich der nicht wol leiden konte das jemand trawrig von jhm hinweg ginge,s f g diener und andere und wol andere leut haben s f g nicht unbegabet gelassen sondern gegen iedermanniglichen sich also bezeigt das sie ienem hohen potentaten nicht ungleich der nicht wol leiden konte das iemand trawrig uon ihm hinweg ginge
sattler_predigt_1613,body,113,0,True,33,Für Verleumbdung vnd Schmähung anderer Leut / Item für aller falschheit / haben S. F. G. sich fleissig gewahret / sind auch wie zuvor gemelt / denselben spinnenfeind gewesen / vnnd es nicht leiden können / das man abwesender vñ verstorbener Leut in vngutem gedechte: De mor & absentibus nihil nisi bonum haben wol ehe seine F. G. gesagt.,für verleumbdung vnd schmähung anderer leut item für aller falschheit haben s f g sich fleissig gewahret sind auch wie zuvor gemelt denselben spinnenfeind gewesen vnnd es nicht leiden können das man abwesender vñ verstorbener leut in vngutem gedechte de mor & absentibus nihil nisi bonum haben wol ehe seine f g gesagt,fur uerleumbdung und schmahung anderer leut item fur aller falschheit haben s f g sich fleissig gewahret sind auch wie zuuor gemelt denselben spinnenfeind gewesen unnd es nicht leiden konnen das man abwesender und uerstorbener leut in ungutem gedechte de mor et absentibus nihil nisi bonum haben wol ehe seine f g gesagt
sattler_predigt_1613,body,114,0,False,33,Wie aber vnter allen Königen in Juda nicht einer gewesen ist / dem nicht der böse Feind einklack hette angehenckt.,wie aber vnter allen königen in juda nicht einer gewesen ist dem nicht der böse feind einklack hette angehenckt,wie aber unter allen konigen in iuda nicht einer gewesen ist dem nicht der bose feind einklack hette angehenckt
sattler_predigt_1613,body,114,1,True,33,Denn er gehet vmbher / wie ein brüllender Löw / vnnd sucht wen er mög verschlingen: Also können wir nicht leugnen / das sein Fürstl G ein Mensch gewesen / vnd zwar ein sündiger Mensch / so seine feyl vnd mangel an sich gehabt / vnd wie auch fürnehmen vnd sonst in Gottes Wort hochberümbten Leuten / dem sonst frommen König David / vnd dem hochweisen Salomon / vnnd andern gleicher gestalt widerfahren / in jrre gerahten / vnd wie Josia inn etwas aus jhrem beruff getreten / Ihr Gemahl / Junge Herrlein vnd Fräwlein / Land vnd Leut / lenger denn es nützlig vnd gut gewesen / verlassen / vnnd sich ausserhalb Landes verhalten Gott vergeb es denen / die darzu vrsach gegeben / wenn es jhnen leid ist.,denn er gehet vmbher wie ein brüllender löw vnnd sucht wen er mög verschlingen also können wir nicht leugnen das sein fürstl g ein mensch gewesen vnd zwar ein sündiger mensch so seine feyl vnd mangel an sich gehabt vnd wie auch fürnehmen vnd sonst in gottes wort hochberümbten leuten dem sonst frommen könig david vnd dem hochweisen salomon vnnd andern gleicher gestalt widerfahren in jrre gerahten vnd wie josia inn etwas aus jhrem beruff getreten ihr gemahl junge herrlein vnd fräwlein land vnd leut lenger denn es nützlig vnd gut gewesen verlassen vnnd sich ausserhalb landes verhalten gott vergeb es denen die darzu vrsach gegeben wenn es jhnen leid ist,denn er gehet umbher wie ein brullender low unnd sucht wen er mog uerschlingen also konnen wir nicht leugnen das sein furstl g ein mensch gewesen und zwar ein sundiger mensch so seine feyl und mangel an sich gehabt und wie auch furnehmen und sonst in gottes wort hochberumbten leuten dem sonst frommen konig dauid und dem hochweisen salomon unnd andern gleicher gestalt widerfahren in irre gerahten und wie iosia inn etwas aus ihrem beruff getreten ihr gemahl iunge herrlein und frawlein land und leut lenger denn es nutzlig und gut gewesen uerlassen unnd sich ausserhalb landes uerhalten gott uergeb es denen die darzu ursach gegeben wenn es ihnen leid ist
sattler_predigt_1613,body,115,0,False,33,Es hat aber Gott der Allmechtige S. F. G mit einer hefftigen Kranchheit angegriffen / da denn / wie die That bezeuget / die vorhergehende vnd S. F. G. geschehene vielfaltige trewhertzige Vermahnungen ohn zweiffel recht gewircket.,es hat aber gott der allmechtige s f g mit einer hefftigen kranchheit angegriffen da denn wie die that bezeuget die vorhergehende vnd s f g geschehene vielfaltige trewhertzige vermahnungen ohn zweiffel recht gewircket,es hat aber gott der allmechtige s f g mit einer hefftigen kranchheit angegriffen da denn wie die that bezeuget die uorhergehende und s f g geschehene uielfaltige trewhertzige uermahnungen ohn zweiffel recht gewircket
sattler_predigt_1613,body,115,1,True,33,"Denn S, F. G. in sich gan gen vnd gesagt: Hie lieg ich nicht wie ein Herr / sondern wie em armer Mensch: Den Diener Göttlichs Worts des orts / so vnser waren Augspurgischen Confession zugethan zu sich kommen lassen / seine Sünde bekan / Gott vmb verzethung gebeten sich auch zu vnterschiedlichen mahlen erkleret / das sie bey jhrem HErrn vnd Heyland Jesu Christo bleiben wollen / das es denn heist: Selig sind die Todten / die in dem HErrn sterben / Apocal. 14.",denn s f g in sich gan gen vnd gesagt hie lieg ich nicht wie ein herr sondern wie em armer mensch den diener göttlichs worts des orts so vnser waren augspurgischen confession zugethan zu sich kommen lassen seine sünde bekan gott vmb verzethung gebeten sich auch zu vnterschiedlichen mahlen erkleret das sie bey jhrem herrn vnd heyland jesu christo bleiben wollen das es denn heist selig sind die todten die in dem herrn sterben apocal,denn s f g in sich gan gen und gesagt hie lieg ich nicht wie ein herr sondern wie em armer mensch den diener gottlichs worts des orts so unser waren augspurgischen confession zugethan zu sich kommen lassen seine sunde bekan gott umb uerzethung gebeten sich auch zu unterschiedlichen mahlen erkleret das sie bey ihrem herrn und heyland iesu christo bleiben wollen das es denn heist selig sind die todten die in dem herrn sterben apocal
sattler_predigt_1613,body,116,0,False,34,Vnd ist das ein seyr gut Zeichen / das obwol S. F. G. zu vielen vnterschiedlichen malen eben scharff erinnert / sie gleichwol die Prediger / so sie gewarnet nicht beungnadet / wie.,vnd ist das ein seyr gut zeichen das obwol s f g zu vielen vnterschiedlichen malen eben scharff erinnert sie gleichwol die prediger so sie gewarnet nicht beungnadet wie,und ist das ein seyr gut zeichen das obwol s f g zu uielen unterschiedlichen malen eben scharff erinnert sie gleichwol die prediger so sie gewarnet nicht beungnadet wie
sattler_predigt_1613,body,116,1,True,34,Jerobeam vnd Ahab / Sondern wie zuorweise / dieselbige biß an jhr Ende / geliebet / gelobet / befordert vnd begnadet.,jerobeam vnd ahab sondern wie zuorweise dieselbige biß an jhr ende geliebet gelobet befordert vnd begnadet,ierobeam und ahab sondern wie zuorweise dieselbige biss an ihr ende geliebet gelobet befordert und begnadet
sattler_predigt_1613,body,117,0,False,34,Da aber hie etliche kommen / vnnd Gott in sein Gericht fallen wollen denen geben wir zubedencken den Spruch Panli Rom 14. Wer bistu das du einen frembden Knecht richtest?,da aber hie etliche kommen vnnd gott in sein gericht fallen wollen denen geben wir zubedencken den spruch panli rom wer bistu das du einen frembden knecht richtest,da aber hie etliche kommen unnd gott in sein gericht fallen wollen denen geben wir zubedencken den spruch panli rom wer bistu das du einen frembden knecht richtest
sattler_predigt_1613,body,117,1,False,34,"Er stehet oder felt seinem Herrn / Vnd das jener alten Kirchenlehrer sagt / Peccatum vidisti, suspiria non vidisti.",er stehet oder felt seinem herrn vnd das jener alten kirchenlehrer sagt peccatum vidisti suspiria non vidisti,er stehet oder felt seinem herrn und das iener alten kirchenlehrer sagt peccatum uidisti suspiria non uidisti
sattler_predigt_1613,body,117,2,True,34,Hastu des Nächsten Sünd gesehn / So hastu aber sein seufftzen nicht gesehn.,hastu des nächsten sünd gesehn so hastu aber sein seufftzen nicht gesehn,hastu des nachsten sund gesehn so hastu aber sein seufftzen nicht gesehn
sattler_predigt_1613,body,118,0,True,34,Wir sollen dieses alles / das von seiner F. G. gesagtist / darzu gebrauchen / das wir GOtt von hertzen dancken / das er vns in diesen Land solchen hochweisen gütigen Fürsten 24. Jahr gegönnet hat / das wir vnter S. F. G. Schutz vnd Schirm / ein stilles ruhigesleben geführet / in aller Gottseligkeit vnd Erbarkeit.,wir sollen dieses alles das von seiner f g gesagtist darzu gebrauchen das wir gott von hertzen dancken das er vns in diesen land solchen hochweisen gütigen fürsten jahr gegönnet hat das wir vnter s f g schutz vnd schirm ein stilles ruhigesleben geführet in aller gottseligkeit vnd erbarkeit,wir sollen dieses alles das uon seiner f g gesagtist darzu gebrauchen das wir gott uon hertzen dancken das er uns in diesen land solchen hochweisen gutigen fursten iahr gegonnet hat das wir unter s f g schutz und schirm ein stilles ruhigesleben gefuhret in aller gottseligkeit und erbarkeit
sattler_predigt_1613,body,119,0,True,34,Vnd ob wol den armen Leuten schaden zugefüget / haben sie doch durch Gottes Gnad / weil sie ja kein Vrsach geben / vnnd durch Gottes Segen es wider vberwunden.,vnd ob wol den armen leuten schaden zugefüget haben sie doch durch gottes gnad weil sie ja kein vrsach geben vnnd durch gottes segen es wider vberwunden,und ob wol den armen leuten schaden zugefuget haben sie doch durch gottes gnad weil sie ia kein ursach geben unnd durch gottes segen es wider uberwunden
sattler_predigt_1613,body,120,0,True,34,"Wir sollen auch hiemit vermahnet seyn / zu bitten / für dieses F. gantze Hauß / für den angehenden Jungen Herrn / vnsern gnedigen Landsfürsten / Das Gott S. F. G. regiere mit seinem H, Geist / jnen ein langes Leben verleyhe / das sie / wie derselben Herr Vater / vber der einmal erkanten Warheit bestendiglich halten / Gottes Wort lieb haben / sich darnach richten / halten vber Recht vnd Gerechtigkeit / vnd befördern den gemeinen Nutz vnd Frieden.",wir sollen auch hiemit vermahnet seyn zu bitten für dieses f gantze hauß für den angehenden jungen herrn vnsern gnedigen landsfürsten das gott s f g regiere mit seinem h geist jnen ein langes leben verleyhe das sie wie derselben herr vater vber der einmal erkanten warheit bestendiglich halten gottes wort lieb haben sich darnach richten halten vber recht vnd gerechtigkeit vnd befördern den gemeinen nutz vnd frieden,wir sollen auch hiemit uermahnet seyn zu bitten fur dieses f gantze hauss fur den angehenden iungen herrn unsern gnedigen landsfursten das gott s f g regiere mit seinem h geist inen ein langes leben uerleyhe das sie wie derselben herr uater uber der einmal erkanten warheit bestendiglich halten gottes wort lieb haben sich darnach richten halten uber recht und gerechtigkeit und befordern den gemeinen nutz und frieden
sattler_predigt_1613,body,121,0,False,34,Gott gebe S. F. G. gehorsame Vnterthanen / fromme getrewe Leut / vnd behüte sie für vngetrewen Rähten vnd Dienern / Welche wie an Rehabeam vnd Joas zuersehen / Ihre Herrn verleiten / vnd in ewigen vnwiderbringlichen Schaden führen.,gott gebe s f g gehorsame vnterthanen fromme getrewe leut vnd behüte sie für vngetrewen rähten vnd dienern welche wie an rehabeam vnd joas zuersehen ihre herrn verleiten vnd in ewigen vnwiderbringlichen schaden führen,gott gebe s f g gehorsame unterthanen fromme getrewe leut und behute sie fur ungetrewen rahten und dienern welche wie an rehabeam und ioas zuersehen ihre herrn uerleiten und in ewigen unwiderbringlichen schaden fuhren
sattler_predigt_1613,body,121,1,True,34,Gott gebe aucht / das S. F. G. guten Raht folgen / auff Kirchen / Schulen / Regiment vnd Haußhaltung selber ein wachendes Aug habẽ / damit wir auch hinfüro vnter S. F. G. Schutz vnd Schirm lange zeit / nach Gottes Wolgefallen / ein stiles ruhiges Leben führen mögen / in aller Gotseligkeit vnd Erbarkeit / Vnnd an seiner F. G. einen solchen Herrn haben / wie S. F. G. Tauffaam mitbringt / nemlich einen Fried: vnd Huldreichen Fürsten.,gott gebe aucht das s f g guten raht folgen auff kirchen schulen regiment vnd haußhaltung selber ein wachendes aug habẽ damit wir auch hinfüro vnter s f g schutz vnd schirm lange zeit nach gottes wolgefallen ein stiles ruhiges leben führen mögen in aller gotseligkeit vnd erbarkeit vnnd an seiner f g einen solchen herrn haben wie s f g tauffaam mitbringt nemlich einen fried vnd huldreichen fürsten,gott gebe aucht das s f g guten raht folgen auff kirchen schulen regiment und hausshaltung selber ein wachendes aug haben damit wir auch hinfuro unter s f g schutz und schirm lange zeit nach gottes wolgefallen ein stiles ruhiges leben fuhren mogen in aller gotseligkeit und erbarkeit unnd an seiner f g einen solchen herrn haben wie s f g tauffaam mitbringt nemlich einen fried und huldreichen fursten
sattler_predigt_1613,body,122,0,False,35,Gott tröst die Hochbetrübte Fürstliche Witwe / vnd gebe das J. F. G sich mit Gedult in Gottes Willen ergeben / vnd sich trösten / das Gott sich einen Vater der Waisen / vnnd Richter der Witwen nennet.,gott tröst die hochbetrübte fürstliche witwe vnd gebe das j f g sich mit gedult in gottes willen ergeben vnd sich trösten das gott sich einen vater der waisen vnnd richter der witwen nennet,gott trost die hochbetrubte furstliche witwe und gebe das i f g sich mit gedult in gottes willen ergeben und sich trosten das gott sich einen uater der waisen unnd richter der witwen nennet
sattler_predigt_1613,body,122,1,True,35,Wie wir denn nicht zweiffeln / das vnser gnediger Fürst vñ Herr / sich J F. G. wie auch der Jungen Herrn vnd Frewlein insonderheit mta allen trewen annehmenwerden,wie wir denn nicht zweiffeln das vnser gnediger fürst vñ herr sich j f g wie auch der jungen herrn vnd frewlein insonderheit mta allen trewen annehmenwerden,wie wir denn nicht zweiffeln das unser gnediger furst und herr sich i f g wie auch der iungen herrn und frewlein insonderheit mta allen trewen annehmenwerden
sattler_predigt_1613,body,123,0,True,35,Alle Herrlein vnd Fräwlein dieses Fürstlichen Hausns / laß jhm Gott in gnaden befohlen seyn / vnd verleyhe seine gnad / das die Junge Herrn vnd Fräwlein in warer Gottseligkeit vnd Christlichen Tugenden erzogen werden vnd erwachsen / Vnd sonderlich allerseids sich für einem Gottlosen Leben hüten / Vnnd gebe seine gnade / das sie vnd wir alle / Gottselig gerecht vnd züchtig leben in dieser Welt / vnd warten auff die Erscheinung des grossen Gottes / vnd vnsers Heylandes JEsu Christi / die nicht fern ist / Vnd neben Hochgedachtem vnserm seligen Fürsten vnd Herrn / jhn mit frewden empfahen / vnd mit vnerschrockenem Hertzen für jhm stehen / vnd ewig bey jhm bleiben vnd leben / AMEN.,alle herrlein vnd fräwlein dieses fürstlichen hausns laß jhm gott in gnaden befohlen seyn vnd verleyhe seine gnad das die junge herrn vnd fräwlein in warer gottseligkeit vnd christlichen tugenden erzogen werden vnd erwachsen vnd sonderlich allerseids sich für einem gottlosen leben hüten vnnd gebe seine gnade das sie vnd wir alle gottselig gerecht vnd züchtig leben in dieser welt vnd warten auff die erscheinung des grossen gottes vnd vnsers heylandes jesu christi die nicht fern ist vnd neben hochgedachtem vnserm seligen fürsten vnd herrn jhn mit frewden empfahen vnd mit vnerschrockenem hertzen für jhm stehen vnd ewig bey jhm bleiben vnd leben amen,alle herrlein und frawlein dieses furstlichen hausns lass ihm gott in gnaden befohlen seyn und uerleyhe seine gnad das die iunge herrn und frawlein in warer gottseligkeit und christlichen tugenden erzogen werden und erwachsen und sonderlich allerseids sich fur einem gottlosen leben huten unnd gebe seine gnade das sie und wir alle gottselig gerecht und zuchtig leben in dieser welt und warten auff die erscheinung des grossen gottes und unsers heylandes iesu christi die nicht fern ist und neben hochgedachtem unserm seligen fursten und herrn ihn mit frewden empfahen und mit unerschrockenem hertzen fur ihm stehen und ewig bey ihm bleiben und leben amen
sattler_predigt_1613,head,124,0,True,36,"& votum ad nomen Illustrissimi principis & Domini, Dn. FRIDERICI VLRICI, Ducis Brunsuicensis & Luneburgensis, alludens.",& votum ad nomen illustrissimi principis & domini dn friderici vlrici ducis brunsuicensis & luneburgensis alludens,et uotum ad nomen illustrissimi principis et domini dn friderici ulrici ducis brunsuicensis et luneburgensis alludens
sattler_predigt_1613,body,125,0,False,36,"GRatià cui nomen dedit & pax plurima, Princeps;",gratià cui nomen dedit & pax plurima princeps,gratia cui nomen dedit et pax plurima princeps
sattler_predigt_1613,body,125,1,False,36,Conveniant rebus nomina laeta tuis.,conveniant rebus nomina laeta tuis,conueniant rebus nomina laeta tuis
sattler_predigt_1613,body,125,2,False,36,"Te Duce sub toto vigeat pax aurea coelo,",te duce sub toto vigeat pax aurea coelo,te duce sub toto uigeat pax aurea coelo
sattler_predigt_1613,body,125,3,True,36,Magnaque sit coeptis gratia ubique tuis.,magnaque sit coeptis gratia ubique tuis,magnaque sit coeptis gratia ubique tuis
