doc_id,block_type,para_id,sent_id,is_para_final,page_n,textstring_orig,textstring_rich,textstring_simple
sattler_trostpredigt_1592,head,0,0,True,1,Trostpredigt Von dem spruch Pauli / Roman. 8. Ist Gott für vns / wer mag wieder vns sein etc. Gethan Bey der Begrebnis Der Edlen vñd vieltugentsamen Frawen / Magdalena / gebornen von Stöckem / Des Edlen vnd Ehrnuesten Frantzen von Rheden/ F. B. Hoffmarschalcks zu Wolfenbüttel ehelichen Hausfrauwen/den 18. Januarij Anno 1592. Durch Basilium Satler D. Braunschweigischen Hoffprediger zu Wolffenbüttel. Heinrichstadt Durch Conradum Horn / Im Jahr 1592.,trostpredigt von dem spruch pauli roman ist gott für vns wer mag wieder vns sein etc gethan bey der begrebnis der edlen vñd vieltugentsamen frawen magdalena gebornen von stöckem des edlen vnd ehrnuesten frantzen von rheden f b hoffmarschalcks zu wolfenbüttel ehelichen hausfrauwen den januarij anno durch basilium satler d braunschweigischen hoffprediger zu wolffenbüttel heinrichstadt durch conradum horn im jahr,trostpredigt uon dem spruch pauli roman ist gott fur uns wer mag wieder uns sein etc gethan bey der begrebnis der edlen unnd uieltugentsamen frawen magdalena gebornen uon stockem des edlen und ehrnuesten frantzen uon rheden f b hoffmarschalcks zu wolfenbuttel ehelichen hausfrauwen den ianuarii anno durch basilium satler d braunschweigischen hoffprediger zu wolffenbuttel heinrichstadt durch conradum horn im iahr
sattler_trostpredigt_1592,head,1,0,True,1,Epitaphium.,epitaphium,epitaphium
sattler_trostpredigt_1592,body,2,0,True,3,"Mag dala Stockhemiae stirpis generosa propago, Redeniae decus & pulcra corona domus. Corporis exuvijs hac est tellure sepulta, Septimi ubi partus victa dolore fuit. Spiritus aethereâ laetus sed in arce triumphans, Praemia pro paruo magna labore capit. Te duce Christe, brevi redeant in corpora mentes, Et canat angelicus claßica laeta chorus.",mag dala stockhemiae stirpis generosa propago redeniae decus & pulcra corona domus corporis exuvijs hac est tellure sepulta septimi ubi partus victa dolore fuit spiritus aethereâ laetus sed in arce triumphans praemia pro paruo magna labore capit te duce christe brevi redeant in corpora mentes et canat angelicus claßica laeta chorus,mag dala stockhemiae stirpis generosa propago redeniae decus et pulcra corona domus corporis exuuiis hac est tellure sepulta septimi ubi partus uicta dolore fuit spiritus aetherea laetus sed in arce triumphans praemia pro paruo magna labore capit te duce christe breui redeant in corpora mentes et canat angelicus classica laeta chorus
sattler_trostpredigt_1592,head,3,0,True,3,Rom. 8.,rom,rom
sattler_trostpredigt_1592,body,4,0,False,3,WAs wöllen wir dañ weiter sagen?,was wöllen wir dañ weiter sagen,was wollen wir dann weiter sagen
sattler_trostpredigt_1592,body,4,1,False,3,Ist Gott für vns / wer mag wider vns sem?,ist gott für vns wer mag wider vns sem,ist gott fur uns wer mag wider uns sem
sattler_trostpredigt_1592,body,4,2,False,3,Welcher auch seines eigen Sons nicht hat verschonet / sondern hat jhn für vns alle dahin gegeben / Wie solt er vns mit jhm nicht alles schencken?,welcher auch seines eigen sons nicht hat verschonet sondern hat jhn für vns alle dahin gegeben wie solt er vns mit jhm nicht alles schencken,welcher auch seines eigen sons nicht hat uerschonet sondern hat ihn fur uns alle dahin gegeben wie solt er uns mit ihm nicht alles schencken
sattler_trostpredigt_1592,body,4,3,False,3,Wer wil die Ausserwehlten GOttes beschüldigen?,wer wil die ausserwehlten gottes beschüldigen,wer wil die ausserwehlten gottes beschuldigen
sattler_trostpredigt_1592,body,4,4,False,3,GOtt ist hie / der da gerecht machet / Wer wil verdammen?,gott ist hie der da gerecht machet wer wil verdammen,gott ist hie der da gerecht machet wer wil uerdammen
sattler_trostpredigt_1592,body,4,5,True,3,Christus ist hie / der gestorben / jha viel mehr / der auch aufferwecket ist / welcher ist zur Rechten Gottes / vnd vertrit vns.,christus ist hie der gestorben jha viel mehr der auch aufferwecket ist welcher ist zur rechten gottes vnd vertrit vns,christus ist hie der gestorben iha uiel mehr der auch aufferwecket ist welcher ist zur rechten gottes und uertrit uns
sattler_trostpredigt_1592,body,5,0,False,3,Wer wil vns scheiden von der liebe GOttes?,wer wil vns scheiden von der liebe gottes,wer wil uns scheiden uon der liebe gottes
sattler_trostpredigt_1592,body,5,1,False,3,Trübsal oder angst?,trübsal oder angst,trubsal oder angst
sattler_trostpredigt_1592,body,5,2,False,3,oder verfolgung: oder hunger?,oder verfolgung oder hunger,oder uerfolgung oder hunger
sattler_trostpredigt_1592,body,5,3,False,3,oder blösse?,oder blösse,oder blosse
sattler_trostpredigt_1592,body,5,4,False,3,oder fehrligkeit?,oder fehrligkeit,oder fehrligkeit
sattler_trostpredigt_1592,body,5,5,False,3,oder Schwerdt?,oder schwerdt,oder schwerdt
sattler_trostpredigt_1592,body,5,6,False,3,Wie geschrieben stehet: Vmb deinen willen werden wir getödtet den gantzen Tag / wir sind geachtet für schlachtschaffe.,wie geschrieben stehet vmb deinen willen werden wir getödtet den gantzen tag wir sind geachtet für schlachtschaffe,wie geschrieben stehet umb deinen willen werden wir getodtet den gantzen tag wir sind geachtet fur schlachtschaffe
sattler_trostpredigt_1592,body,5,7,False,4,Aber in dem allen vberwinden wir weit / vmb des willen / der vns geliebet hat.,aber in dem allen vberwinden wir weit vmb des willen der vns geliebet hat,aber in dem allen uberwinden wir weit umb des willen der uns geliebet hat
sattler_trostpredigt_1592,body,5,8,True,4,Denn ich bin gewiß / das weder Tod noch Leben / weder Engel noch Fürstenthumb / noch gewalt / weder gegenwertiges noch zukünfftiges / weder Hohes noch Tieffes / noch kein ander Creatur mag vns scheiden von der Liebe Gottes / die in Christo Jesu ist vnserm Herrn.,denn ich bin gewiß das weder tod noch leben weder engel noch fürstenthumb noch gewalt weder gegenwertiges noch zukünfftiges weder hohes noch tieffes noch kein ander creatur mag vns scheiden von der liebe gottes die in christo jesu ist vnserm herrn,denn ich bin gewiss das weder tod noch leben weder engel noch furstenthumb noch gewalt weder gegenwertiges noch zukunfftiges weder hohes noch tieffes noch kein ander creatur mag uns scheiden uon der liebe gottes die in christo iesu ist unserm herrn
sattler_trostpredigt_1592,head,6,0,True,4,Außlegung.,außlegung,ausslegung
sattler_trostpredigt_1592,body,7,0,True,4,GEliebte im HERRN / wir lesen im Ersten Buch Mose am 35. Capitel / Als der Ertzuater Jacob lange Jahr in frembden Landen bey seiner Mutter Bruder / gantz beschwerlich gedienet / vnd nun wieder nach Haus zoge / vnd nicht mehr weit zu seinem Vater hatte / Da sey jhme vnder wegen / nach vielem anderm vnglück auch das begegnet / das sein allerliebste Hausfraw Rahel / jhm im Kindbett / als sie jhren andern son Benjamin geboren hatte / gestorben sey.,geliebte im herrn wir lesen im ersten buch mose am capitel als der ertzuater jacob lange jahr in frembden landen bey seiner mutter bruder gantz beschwerlich gedienet vnd nun wieder nach haus zoge vnd nicht mehr weit zu seinem vater hatte da sey jhme vnder wegen nach vielem anderm vnglück auch das begegnet das sein allerliebste hausfraw rahel jhm im kindbett als sie jhren andern son benjamin geboren hatte gestorben sey,geliebte im herrn wir lesen im ersten buch mose am capitel als der ertzuater iacob lange iahr in frembden landen bey seiner mutter bruder gantz beschwerlich gedienet und nun wieder nach haus zoge und nicht mehr weit zu seinem uater hatte da sey ihme under wegen nach uielem anderm ungluck auch das begegnet das sein allerliebste hausfraw rahel ihm im kindbett als sie ihren andern son beniamin geboren hatte gestorben sey
sattler_trostpredigt_1592,body,8,0,False,5,Welches denn ein rechte betrübte Histori ist.,welches denn ein rechte betrübte histori ist,welches denn ein rechte betrubte histori ist
sattler_trostpredigt_1592,body,8,1,False,5,Denn es je erbermlich / das die gute Fraw / in der geburth es jhr so sawr werden lest / vnd gleichwol / da andere Sechswöcherin nach der geburth mit grosser frewd alles jhres leids ergetzet werden / Ihr die Seel ausgehet.,denn es je erbermlich das die gute fraw in der geburth es jhr so sawr werden lest vnd gleichwol da andere sechswöcherin nach der geburth mit grosser frewd alles jhres leids ergetzet werden ihr die seel ausgehet,denn es ie erbermlich das die gute fraw in der geburth es ihr so sawr werden lest und gleichwol da andere sechswocherin nach der geburth mit grosser frewd alles ihres leids ergetzet werden ihr die seel ausgehet
sattler_trostpredigt_1592,body,8,2,True,5,So ist auch das erbermlich / das dem lieben Jacob nach anderm schweren vielfeltigen Creutz / nun fast das alter antrit / vnd er sich geduncken lest / das er etlicher massen zur ruhe kommen wölle / jhm GOTT solche getrewe gehülffin nimbt / vnd also dis fleisch von seinem fleisch / vnd bein von seinem bein jhm hinweg reist.,so ist auch das erbermlich das dem lieben jacob nach anderm schweren vielfeltigen creutz nun fast das alter antrit vnd er sich geduncken lest das er etlicher massen zur ruhe kommen wölle jhm gott solche getrewe gehülffin nimbt vnd also dis fleisch von seinem fleisch vnd bein von seinem bein jhm hinweg reist,so ist auch das erbermlich das dem lieben iacob nach anderm schweren uielfeltigen creutz nun fast das alter antrit und er sich geduncken lest das er etlicher massen zur ruhe kommen wolle ihm gott solche getrewe gehulffin nimbt und also dis fleisch uon seinem fleisch und bein uon seinem bein ihm hinweg reist
sattler_trostpredigt_1592,body,9,0,True,5,Endlich ist auch erbermlich / das das kleine Kindt / da es kaum zur Welt geboren / vnd noch von seiner Mutter nichts zusagen weis / dazu der Mutter getrewen pfleg noch wol bedürffte / albereith solchs seines besten freunds in der Welt entrahten mus.,endlich ist auch erbermlich das das kleine kindt da es kaum zur welt geboren vnd noch von seiner mutter nichts zusagen weis dazu der mutter getrewen pfleg noch wol bedürffte albereith solchs seines besten freunds in der welt entrahten mus,endlich ist auch erbermlich das das kleine kindt da es kaum zur welt geboren und noch uon seiner mutter nichts zusagen weis dazu der mutter getrewen pfleg noch wol bedurffte albereith solchs seines besten freunds in der welt entrahten mus
sattler_trostpredigt_1592,body,10,0,True,5,Solche Histori hat der H. Geist darumb mit allen vmbstenden durch Mosen beschreiben lassen / auff das wir dieselbige in dergleichen fällen / vnd also auch jetzund gebrauchen könten.,solche histori hat der h geist darumb mit allen vmbstenden durch mosen beschreiben lassen auff das wir dieselbige in dergleichen fällen vnd also auch jetzund gebrauchen könten,solche histori hat der h geist darumb mit allen umbstenden durch mosen beschreiben lassen auff das wir dieselbige in dergleichen fallen und also auch ietzund gebrauchen konten
sattler_trostpredigt_1592,body,11,0,True,5,Deñ wir hie als in einem Spiegel sehen / das GOtt seine heiligen wünderlich führe / vnd das solch vnglück nicht allein vns treffe / sonder auch vor vns andern / vnd zwar heiligen Leuten / die GOTt lieb vnd wert gehabt / wiederfahren sey / damit wir vns jha nicht einbilden / wir seins allein / oder es sey ein zeichen des Zorns GOttes / Sondern wissen / das neben andern diß Crcutz GOTT auch seinen lieben Kindern auffzulegen pflege.,deñ wir hie als in einem spiegel sehen das gott seine heiligen wünderlich führe vnd das solch vnglück nicht allein vns treffe sonder auch vor vns andern vnd zwar heiligen leuten die gott lieb vnd wert gehabt wiederfahren sey damit wir vns jha nicht einbilden wir seins allein oder es sey ein zeichen des zorns gottes sondern wissen das neben andern diß crcutz gott auch seinen lieben kindern auffzulegen pflege,denn wir hie als in einem spiegel sehen das gott seine heiligen wunderlich fuhre und das solch ungluck nicht allein uns treffe sonder auch uor uns andern und zwar heiligen leuten die gott lieb und wert gehabt wiederfahren sey damit wir uns iha nicht einbilden wir seins allein oder es sey ein zeichen des zorns gottes sondern wissen das neben andern diss crcutz gott auch seinen lieben kindern auffzulegen pflege
sattler_trostpredigt_1592,body,12,0,False,6,Wie vns denn hie auch gewiesen wirdt / das GOTT der Weibspersonen sich in sölchen nöten nicht eussere / sonder dabey sey / alles ansehe / vnd genaw darauff achtung gebe / was jhnen da begegne / Iha auch jhnen / beiden Mutter vnd Kindt helffe / wie der 22. vnd 71. Psalm zeuget / Du hast mich aus Mutter leib gezogen.,wie vns denn hie auch gewiesen wirdt das gott der weibspersonen sich in sölchen nöten nicht eussere sonder dabey sey alles ansehe vnd genaw darauff achtung gebe was jhnen da begegne iha auch jhnen beiden mutter vnd kindt helffe wie der vnd psalm zeuget du hast mich aus mutter leib gezogen,wie uns denn hie auch gewiesen wirdt das gott der weibspersonen sich in solchen noten nicht eussere sonder dabey sey alles ansehe und genaw darauff achtung gebe was ihnen da begegne iha auch ihnen beiden mutter und kindt helffe wie der und psalm zeuget du hast mich aus mutter leib gezogen
sattler_trostpredigt_1592,body,12,1,True,6,Wie denn Gott allzeit nahe ist bey den zerbrochnen Hertzen / die jhn mit ernst anruffen / vnd nicht allein jhnen hilfft / Psalm 34. vnd 145. sonder auch wie der 56. Psal. bezeuget jhre flucht zelet / vnd der gleubigen threnen in seinen Sack samlet.,wie denn gott allzeit nahe ist bey den zerbrochnen hertzen die jhn mit ernst anruffen vnd nicht allein jhnen hilfft psalm vnd sonder auch wie der psal bezeuget jhre flucht zelet vnd der gleubigen threnen in seinen sack samlet,wie denn gott allzeit nahe ist bey den zerbrochnen hertzen die ihn mit ernst anruffen und nicht allein ihnen hilfft psalm und sonder auch wie der psal bezeuget ihre flucht zelet und der gleubigen threnen in seinen sack samlet
sattler_trostpredigt_1592,body,13,0,True,6,Denn Kinder geberen ist bey Gott nicht so vnrein / vnd verechtlich / wie die Papisten vnd andere meinen / sonder es ist ein solch herlich werck / das dauon Paulus schreibt / Das Weib wird selig durch Kinderzeugen / so sie bleiben jm glauben / vnnd in der Liebe vnnd in der Heiligung sampt der zucht.,denn kinder geberen ist bey gott nicht so vnrein vnd verechtlich wie die papisten vnd andere meinen sonder es ist ein solch herlich werck das dauon paulus schreibt das weib wird selig durch kinderzeugen so sie bleiben jm glauben vnnd in der liebe vnnd in der heiligung sampt der zucht,denn kinder geberen ist bey gott nicht so unrein und uerechtlich wie die papisten und andere meinen sonder es ist ein solch herlich werck das dauon paulus schreibt das weib wird selig durch kinderzeugen so sie bleiben im glauben unnd in der liebe unnd in der heiligung sampt der zucht
sattler_trostpredigt_1592,body,14,0,False,6,Es gibt auch die Histori den hinderlassenen Witwer vnd Waisen einen mechtigen Trost / weil sie an Vaters vnd Kindes / Jacobs vnd Ben Jamins Histori augenscheinlich sehen / das Gott an der Haußmutter stet trete / jrer pflege / vñ sie gantz Väterlich versorge / wie er den Jacob vnd Ben Jamin / auch nach der Rahel Todt gar gnediglich erhalten vnd gesegnet hat.,es gibt auch die histori den hinderlassenen witwer vnd waisen einen mechtigen trost weil sie an vaters vnd kindes jacobs vnd ben jamins histori augenscheinlich sehen das gott an der haußmutter stet trete jrer pflege vñ sie gantz väterlich versorge wie er den jacob vnd ben jamin auch nach der rahel todt gar gnediglich erhalten vnd gesegnet hat,es gibt auch die histori den hinderlassenen witwer und waisen einen mechtigen trost weil sie an uaters und kindes iacobs und ben iamins histori augenscheinlich sehen das gott an der haussmutter stet trete irer pflege und sie gantz uaterlich uersorge wie er den iacob und ben iamin auch nach der rahel todt gar gnediglich erhalten und gesegnet hat
sattler_trostpredigt_1592,body,14,1,False,7,Welches fromme guthertzige Christen in jetzigem vnd dergleichen fellen jhnen wol einbilden sollen.,welches fromme guthertzige christen in jetzigem vnd dergleichen fellen jhnen wol einbilden sollen,welches fromme guthertzige christen in ietzigem und dergleichen fellen ihnen wol einbilden sollen
sattler_trostpredigt_1592,body,14,2,True,7,Darumb ich zum eingang der Predigt diese Historj einführen wöllen.,darumb ich zum eingang der predigt diese historj einführen wöllen,darumb ich zum eingang der predigt diese histori einfuhren wollen
sattler_trostpredigt_1592,body,15,0,True,7,Aldieweil aber zu ander zeit von solcher geschicht / vnd was wir darauß für Lehr vnd Trost nehmen sollen / außfürlich gehandelt worden ist / wöllen wir es für dißmal bey dieser kurtzen erinnerung beruhen lassen / Vnd das wir lebendigen in solchem vnd allen andern Creutz vnd anfechtung mit trost desto besser gefasset sein / ferner den verlesenen Spruch auß der Epistel an die Röm. am 8. Capit. für vns nemen.,aldieweil aber zu ander zeit von solcher geschicht vnd was wir darauß für lehr vnd trost nehmen sollen außfürlich gehandelt worden ist wöllen wir es für dißmal bey dieser kurtzen erinnerung beruhen lassen vnd das wir lebendigen in solchem vnd allen andern creutz vnd anfechtung mit trost desto besser gefasset sein ferner den verlesenen spruch auß der epistel an die röm am capit für vns nemen,aldieweil aber zu ander zeit uon solcher geschicht und was wir darauss fur lehr und trost nehmen sollen aussfurlich gehandelt worden ist wollen wir es fur dissmal bey dieser kurtzen erinnerung beruhen lassen und das wir lebendigen in solchem und allen andern creutz und anfechtung mit trost desto besser gefasset sein ferner den uerlesenen spruch auss der epistel an die rom am capit fur uns nemen
sattler_trostpredigt_1592,body,16,0,False,7,Vnd soll E. L. diesen Spruch darumb desto besser mercken / dieweil er wo nicht der Allerfürnembste ist / im Alten vnd Newen Testament / dafür ich jn für mein einfalt halte / so ist er doch der fürnembsten einer.,vnd soll e l diesen spruch darumb desto besser mercken dieweil er wo nicht der allerfürnembste ist im alten vnd newen testament dafür ich jn für mein einfalt halte so ist er doch der fürnembsten einer,und soll e l diesen spruch darumb desto besser mercken dieweil er wo nicht der allerfurnembste ist im alten und newen testament dafur ich in fur mein einfalt halte so ist er doch der furnembsten einer
sattler_trostpredigt_1592,body,16,1,True,7,Wie deñ kein noth vnd anfechtung ist / Geistlich oder leiblich / da wir nicht diesen spruch heilsamlich gebrauchen köñen / Als jn denn auch diese Person / die wir jetzt zu jhrer ruhstet gebracht / gewust / vnd in jhren höchsten nöten gebraucht hat.,wie deñ kein noth vnd anfechtung ist geistlich oder leiblich da wir nicht diesen spruch heilsamlich gebrauchen köñen als jn denn auch diese person die wir jetzt zu jhrer ruhstet gebracht gewust vnd in jhren höchsten nöten gebraucht hat,wie denn kein noth und anfechtung ist geistlich oder leiblich da wir nicht diesen spruch heilsamlich gebrauchen konnen als in denn auch diese person die wir ietzt zu ihrer ruhstet gebracht gewust und in ihren hochsten noten gebraucht hat
sattler_trostpredigt_1592,body,17,0,True,8,Damit wir aber diesen spruch desto besser fassen vnd vns einbilden / denselben auch in fürfallenden nöten seliglich vns zu nutz machen können / wöllen wir jhn in 2. Puncten abtheilen.,damit wir aber diesen spruch desto besser fassen vnd vns einbilden denselben auch in fürfallenden nöten seliglich vns zu nutz machen können wöllen wir jhn in puncten abtheilen,damit wir aber diesen spruch desto besser fassen und uns einbilden denselben auch in furfallenden noten seliglich uns zu nutz machen konnen wollen wir ihn in puncten abtheilen
sattler_trostpredigt_1592,body,18,0,True,8,Erstlich zeigt Paulus an / was der Christen höchster trost / Ja der grund alles jhres trosts sey im leben vnd sterben.,erstlich zeigt paulus an was der christen höchster trost ja der grund alles jhres trosts sey im leben vnd sterben,erstlich zeigt paulus an was der christen hochster trost ia der grund alles ihres trosts sey im leben und sterben
sattler_trostpredigt_1592,body,19,0,True,8,Zum andern lehrt er mit seinem Exempel / wie wir solchẽ trost in geistlichẽ vnd leiblichen anfechtungen vns nütz machen vnd gebrauchen sollen.,zum andern lehrt er mit seinem exempel wie wir solchẽ trost in geistlichẽ vnd leiblichen anfechtungen vns nütz machen vnd gebrauchen sollen,zum andern lehrt er mit seinem exempel wie wir solchen trost in geistlichen und leiblichen anfechtungen uns nutz machen und gebrauchen sollen
sattler_trostpredigt_1592,body,20,0,True,8,GOTT geb vns dazu die gnad seines Heiligen Geists / das er vns nicht allein bekand werde / sondern wir jhn auch seliglich im Leben vnd sterben gebrauchen / Amen.,gott geb vns dazu die gnad seines heiligen geists das er vns nicht allein bekand werde sondern wir jhn auch seliglich im leben vnd sterben gebrauchen amen,gott geb uns dazu die gnad seines heiligen geists das er uns nicht allein bekand werde sondern wir ihn auch seliglich im leben und sterben gebrauchen amen
sattler_trostpredigt_1592,head,21,0,True,8,Der Erste Punct.,der erste punct,der erste punct
sattler_trostpredigt_1592,body,22,0,False,8,ANfenglich spricht Paulus.,anfenglich spricht paulus,anfenglich spricht paulus
sattler_trostpredigt_1592,body,22,1,True,8,Was wöllen wir denn weiter sagen: Das wir diese wort eigentlich vnd gründlich verstehen / müssen wir erstlich erwegen / was Paulo zu diesen tröstlichen Worten vrsach geben / vnd wie er darauff kommen sey.,was wöllen wir denn weiter sagen das wir diese wort eigentlich vnd gründlich verstehen müssen wir erstlich erwegen was paulo zu diesen tröstlichen worten vrsach geben vnd wie er darauff kommen sey,was wollen wir denn weiter sagen das wir diese wort eigentlich und grundlich uerstehen mussen wir erstlich erwegen was paulo zu diesen trostlichen worten ursach geben und wie er darauff kommen sey
sattler_trostpredigt_1592,body,23,0,True,8,Es ist die Epistel an die Römer ein rechter ausbund aller Episteln Pauli / vnd fast das fürnembste Buch des Newen Testaments / darin der rechte kern der Christlichen Lehr / sonderlich aber wie ein armer Sünder für GOtt Gerecht vnd selig werden möge / notürfftiglich vnd reichlich verfast ist.,es ist die epistel an die römer ein rechter ausbund aller episteln pauli vnd fast das fürnembste buch des newen testaments darin der rechte kern der christlichen lehr sonderlich aber wie ein armer sünder für gott gerecht vnd selig werden möge notürfftiglich vnd reichlich verfast ist,es ist die epistel an die romer ein rechter ausbund aller episteln pauli und fast das furnembste buch des newen testaments darin der rechte kern der christlichen lehr sonderlich aber wie ein armer sunder fur gott gerecht und selig werden moge noturfftiglich und reichlich uerfast ist
sattler_trostpredigt_1592,body,24,0,True,9,Vnd hat nun Paulus vorher in dieser Epistel angezeigt / das alle Menschen Heiden vnd Jüden / Sünder vnd für GOtt schuldig sein / Damit sie nicht in jhrer sicherheit / wenn sie meinen / es feile jhnen nichts / verdampt werden / Sonder solche jre noth erkennen / vnd jhnen helffen lassen.,vnd hat nun paulus vorher in dieser epistel angezeigt das alle menschen heiden vnd jüden sünder vnd für gott schuldig sein damit sie nicht in jhrer sicherheit wenn sie meinen es feile jhnen nichts verdampt werden sonder solche jre noth erkennen vnd jhnen helffen lassen,und hat nun paulus uorher in dieser epistel angezeigt das alle menschen heiden und iuden sunder und fur gott schuldig sein damit sie nicht in ihrer sicherheit wenn sie meinen es feile ihnen nichts uerdampt werden sonder solche ire noth erkennen und ihnen helffen lassen
sattler_trostpredigt_1592,body,25,0,True,9,Darauff hat er weiter berichtet / wie nun ein armer Sünder mit GOTT vertragen vnd selig werden möge / Nemlich / ohn allen Verdienst / aus lauter gnaden / durch dẽ Glauben an Jesum Christum / welchen GOtt selbs zu vnserm Gnadenstuem fürgestellet habe.,darauff hat er weiter berichtet wie nun ein armer sünder mit gott vertragen vnd selig werden möge nemlich ohn allen verdienst aus lauter gnaden durch dẽ glauben an jesum christum welchen gott selbs zu vnserm gnadenstuem fürgestellet habe,darauff hat er weiter berichtet wie nun ein armer sunder mit gott uertragen und selig werden moge nemlich ohn allen uerdienst aus lauter gnaden durch den glauben an iesum christum welchen gott selbs zu unserm gnadenstuem furgestellet habe
sattler_trostpredigt_1592,body,26,0,True,9,Solche Wolthat streicht er nun gar herrlich vnd gewaltig auß / das wir / wenn wir durch den glauben gerecht wordẽ sein / haben ein friedsam gewissen / ein freyen zugang zu Gott / vnd wissen es wiederfahre vns auch in dieser Welt / was es wolle / so müsse es vns nicht schaden / sonder wir werden gleichwol durch Christum selig / der hab volliglich alles wieder gut gemacht / was Adam verdorben hat.,solche wolthat streicht er nun gar herrlich vnd gewaltig auß das wir wenn wir durch den glauben gerecht wordẽ sein haben ein friedsam gewissen ein freyen zugang zu gott vnd wissen es wiederfahre vns auch in dieser welt was es wolle so müsse es vns nicht schaden sonder wir werden gleichwol durch christum selig der hab volliglich alles wieder gut gemacht was adam verdorben hat,solche wolthat streicht er nun gar herrlich und gewaltig auss das wir wenn wir durch den glauben gerecht worden sein haben ein friedsam gewissen ein freyen zugang zu gott und wissen es wiederfahre uns auch in dieser welt was es wolle so musse es uns nicht schaden sonder wir werden gleichwol durch christum selig der hab uolliglich alles wieder gut gemacht was adam uerdorben hat
sattler_trostpredigt_1592,body,27,0,True,9,Damit aber nicht jemandt die Lehr zu einem sündlichen leben mißbrauche / So zeigt er weiter an / das man darumb nicht auff GOttes Gnad sündigen / Sonder viel mehr des Fleisches geschefft tödten sol.,damit aber nicht jemandt die lehr zu einem sündlichen leben mißbrauche so zeigt er weiter an das man darumb nicht auff gottes gnad sündigen sonder viel mehr des fleisches geschefft tödten sol,damit aber nicht iemandt die lehr zu einem sundlichen leben missbrauche so zeigt er weiter an das man darumb nicht auff gottes gnad sundigen sonder uiel mehr des fleisches geschefft todten sol
sattler_trostpredigt_1592,body,28,0,True,10,Ob nun wol solches in grosser schwacheit hergehet / darüber er auch selber klagt / so berichtet er doch / das die Gleubigen vmb solcher schwacheit willen nicht verdampt werden / sonder es werden jhnen dieselbigen vmb Christi willen vergeben.,ob nun wol solches in grosser schwacheit hergehet darüber er auch selber klagt so berichtet er doch das die gleubigen vmb solcher schwacheit willen nicht verdampt werden sonder es werden jhnen dieselbigen vmb christi willen vergeben,ob nun wol solches in grosser schwacheit hergehet daruber er auch selber klagt so berichtet er doch das die gleubigen umb solcher schwacheit willen nicht uerdampt werden sonder es werden ihnen dieselbigen umb christi willen uergeben
sattler_trostpredigt_1592,body,29,0,True,10,Desgleichen lehrt er auch / das kein Creutz vnd leiden jhnen schaden könne / sonder müsse jhnen alles zum besten dienen / dieweil die also Buß thun vnd an Christum Gleuben / willen / das sie GOtt zum Ewigen Leben erwehlet vnd beruffen hab.,desgleichen lehrt er auch das kein creutz vnd leiden jhnen schaden könne sonder müsse jhnen alles zum besten dienen dieweil die also buß thun vnd an christum gleuben willen das sie gott zum ewigen leben erwehlet vnd beruffen hab,desgleichen lehrt er auch das kein creutz und leiden ihnen schaden konne sonder musse ihnen alles zum besten dienen dieweil die also buss thun und an christum gleuben willen das sie gott zum ewigen leben erwehlet und beruffen hab
sattler_trostpredigt_1592,body,30,0,False,10,Solche lehr beschleust er nun mit diesen verlesenen Worten / vnd spricht / Was wöllen wir denn nun weiter sagen?,solche lehr beschleust er nun mit diesen verlesenen worten vnd spricht was wöllen wir denn nun weiter sagen,solche lehr beschleust er nun mit diesen uerlesenen worten und spricht was wollen wir denn nun weiter sagen
sattler_trostpredigt_1592,body,30,1,False,10,Als wolte er sagen?,als wolte er sagen,als wolte er sagen
sattler_trostpredigt_1592,body,30,2,False,10,Dieweil es mit den Gleubigen diese gelegen heit hat / was plagen wir vns lang / das wir so kleinmütig vnd zaghafft sein?,dieweil es mit den gleubigen diese gelegen heit hat was plagen wir vns lang das wir so kleinmütig vnd zaghafft sein,dieweil es mit den gleubigen diese gelegen heit hat was plagen wir uns lang das wir so kleinmutig und zaghafft sein
sattler_trostpredigt_1592,body,30,3,True,10,Wenn wir Gott auff vnser seiten haben / so sein wir ja allen vnsern Feinden vnd allen Anfechtungen gewachsen vnd vberlegen.,wenn wir gott auff vnser seiten haben so sein wir ja allen vnsern feinden vnd allen anfechtungen gewachsen vnd vberlegen,wenn wir gott auff unser seiten haben so sein wir ia allen unsern feinden und allen anfechtungen gewachsen und uberlegen
sattler_trostpredigt_1592,body,31,0,False,10,Denn wer wolte vns nun den schaden thun?,denn wer wolte vns nun den schaden thun,denn wer wolte uns nun den schaden thun
sattler_trostpredigt_1592,body,31,1,False,10,Nun haben wir Gott auff vnser seiten / Denn er hat Ja das grosse Freundtstück bey vns gethan / Vnd das wir nicht verlohren würden / vns seinen einigen Sohn geschencket / Darumb wird ers nu nirgend an mangeln lassen.,nun haben wir gott auff vnser seiten denn er hat ja das grosse freundtstück bey vns gethan vnd das wir nicht verlohren würden vns seinen einigen sohn geschencket darumb wird ers nu nirgend an mangeln lassen,nun haben wir gott auff unser seiten denn er hat ia das grosse freundtstuck bey uns gethan und das wir nicht uerlohren wurden uns seinen einigen sohn geschencket darumb wird ers nu nirgend an mangeln lassen
sattler_trostpredigt_1592,body,31,2,True,11,Denn jhm Ja nichts anders so lieb ist / Als dieser sein eingeborner Sohn.,denn jhm ja nichts anders so lieb ist als dieser sein eingeborner sohn,denn ihm ia nichts anders so lieb ist als dieser sein eingeborner sohn
sattler_trostpredigt_1592,body,32,0,True,11,Da weiset vns nun Paulus den höchsten vnd fürnembsten Trost / den die Christen in allen jhren nöthen vnd Anfechtungen haben / nemlich / das sie gleuben vnd wissen / das sie durch Christum einen gnedigen GOTT haben / der nicht wieder sie ist / Sonder auff jhrer seiten stehet / es mit jhnen helt / vnd sie wieder alle jhre Feindt vnnd alle noth / so jhnen begegnen mag / verteidiget.,da weiset vns nun paulus den höchsten vnd fürnembsten trost den die christen in allen jhren nöthen vnd anfechtungen haben nemlich das sie gleuben vnd wissen das sie durch christum einen gnedigen gott haben der nicht wieder sie ist sonder auff jhrer seiten stehet es mit jhnen helt vnd sie wieder alle jhre feindt vnnd alle noth so jhnen begegnen mag verteidiget,da weiset uns nun paulus den hochsten und furnembsten trost den die christen in allen ihren nothen und anfechtungen haben nemlich das sie gleuben und wissen das sie durch christum einen gnedigen gott haben der nicht wieder sie ist sonder auff ihrer seiten stehet es mit ihnen helt und sie wieder alle ihre feindt unnd alle noth so ihnen begegnen mag uerteidiget
sattler_trostpredigt_1592,body,33,0,False,11,Ehe denn wir aber solchen Trost weiter erkleren vnd außführen / müssen wir mercken / wem solcher Trost gelte / vnd wer sich des anzunehmen habe.,ehe denn wir aber solchen trost weiter erkleren vnd außführen müssen wir mercken wem solcher trost gelte vnd wer sich des anzunehmen habe,ehe denn wir aber solchen trost weiter erkleren und aussfuhren mussen wir mercken wem solcher trost gelte und wer sich des anzunehmen habe
sattler_trostpredigt_1592,body,33,1,False,11,Denn es gehet gemeinlich also zu / das die des Trosts / der vns in GOTtes Wort gezeiget wird / sich anmassen / denen er nicht gilt / nemlich die Sichern vnd Ruchlosen Hertzen.,denn es gehet gemeinlich also zu das die des trosts der vns in gottes wort gezeiget wird sich anmassen denen er nicht gilt nemlich die sichern vnd ruchlosen hertzen,denn es gehet gemeinlich also zu das die des trosts der uns in gottes wort gezeiget wird sich anmassen denen er nicht gilt nemlich die sichern und ruchlosen hertzen
sattler_trostpredigt_1592,body,33,2,True,11,Dagegen aber sein die jenigen / denen er zu gut auffgeschrieben ist / Nemlich die Bußfertigen Sünder offtmals so Blöd / das sie solchen Trost auff sich nicht ziehen dürffen.,dagegen aber sein die jenigen denen er zu gut auffgeschrieben ist nemlich die bußfertigen sünder offtmals so blöd das sie solchen trost auff sich nicht ziehen dürffen,dagegen aber sein die ienigen denen er zu gut auffgeschrieben ist nemlich die bussfertigen sunder offtmals so blod das sie solchen trost auff sich nicht ziehen durffen
sattler_trostpredigt_1592,body,34,0,False,11,Solchem Mißverstand vnnd Mißbrauch zuwehren / Sollen wir wissen / das Paulus selber vorher in dieser Epistel sich gnugsam erkleret / wen er mit diesem Trost meine / nemlich die jenigen / die jre Sünde erkennen / vnd derwegen sich für Gottes Zorn vnd Gericht fürchten / aber nicht verzagen / Sonder glauben / das jhnen Gott auß gnaden vmb Christi willen jhre Sünde vergeben wölle / vnd mißbrauchen doch solche lehr nicht zu einem Ruchlosen leben / Sonder Töden durch krafft des Geistes den alten Menschen / wiewol es in grosser schwacheit hergehet.,solchem mißverstand vnnd mißbrauch zuwehren sollen wir wissen das paulus selber vorher in dieser epistel sich gnugsam erkleret wen er mit diesem trost meine nemlich die jenigen die jre sünde erkennen vnd derwegen sich für gottes zorn vnd gericht fürchten aber nicht verzagen sonder glauben das jhnen gott auß gnaden vmb christi willen jhre sünde vergeben wölle vnd mißbrauchen doch solche lehr nicht zu einem ruchlosen leben sonder töden durch krafft des geistes den alten menschen wiewol es in grosser schwacheit hergehet,solchem missuerstand unnd missbrauch zuwehren sollen wir wissen das paulus selber uorher in dieser epistel sich gnugsam erkleret wen er mit diesem trost meine nemlich die ienigen die ire sunde erkennen und derwegen sich fur gottes zorn und gericht furchten aber nicht uerzagen sonder glauben das ihnen gott auss gnaden umb christi willen ihre sunde uergeben wolle und missbrauchen doch solche lehr nicht zu einem ruchlosen leben sonder toden durch krafft des geistes den alten menschen wiewol es in grosser schwacheit hergehet
sattler_trostpredigt_1592,body,34,1,True,12,Denn diesen Proceß mus man halten / den hie Paulus helt.,denn diesen proceß mus man halten den hie paulus helt,denn diesen process mus man halten den hie paulus helt
sattler_trostpredigt_1592,body,35,0,True,12,Wer nun vnbusfertig ist / seine Sünd nicht erkennet / noch rew vñ leidt darüber hat / sonder rühmet sich noch derselben wol / oder aber schlecht sie in Wind / der hat auch keinen Glauben an CHristum / den gehet dieser Trost nichts an.,wer nun vnbusfertig ist seine sünd nicht erkennet noch rew vñ leidt darüber hat sonder rühmet sich noch derselben wol oder aber schlecht sie in wind der hat auch keinen glauben an christum den gehet dieser trost nichts an,wer nun unbusfertig ist seine sund nicht erkennet noch rew und leidt daruber hat sonder ruhmet sich noch derselben wol oder aber schlecht sie in wind der hat auch keinen glauben an christum den gehet dieser trost nichts an
sattler_trostpredigt_1592,body,36,0,True,12,Die Bußfertigen vnnd Gleubigen aber / die nun vnter dem Creutze liegen / vnd mit jrer schwacheit vnd andern Feinden kempffen / die tröstet hie der Apostel damit / das sie wissen / GOtt sey jhnen nicht mehr zu wieder / sonder halte es nun mit jhnen / Ja er sey jhr lieber Vater / der sie nicht könne oder wölle verlassen vnd vbergeben.,die bußfertigen vnnd gleubigen aber die nun vnter dem creutze liegen vnd mit jrer schwacheit vnd andern feinden kempffen die tröstet hie der apostel damit das sie wissen gott sey jhnen nicht mehr zu wieder sonder halte es nun mit jhnen ja er sey jhr lieber vater der sie nicht könne oder wölle verlassen vnd vbergeben,die bussfertigen unnd gleubigen aber die nun unter dem creutze liegen und mit irer schwacheit und andern feinden kempffen die trostet hie der apostel damit das sie wissen gott sey ihnen nicht mehr zu wieder sonder halte es nun mit ihnen ia er sey ihr lieber uater der sie nicht konne oder wolle uerlassen und ubergeben
sattler_trostpredigt_1592,body,37,0,False,12,Dieser Trost ist so gross / das er mit Worten nicht kan ausgesprochen werden.,dieser trost ist so gross das er mit worten nicht kan ausgesprochen werden,dieser trost ist so gross das er mit worten nicht kan ausgesprochen werden
sattler_trostpredigt_1592,body,37,1,False,12,Denn er fasset GOTT in sich / der grösser ist denn Himmel vnd Erden / Ja er ist vnentlich / Denn GOtt den Allmechtigen stellet Paulus auff ein seiten / Auff die andern Seiten stellet er alle vnser noth vnd alle feind / die zweiffels ohn gegen GOtt nichts zuachten sein.,denn er fasset gott in sich der grösser ist denn himmel vnd erden ja er ist vnentlich denn gott den allmechtigen stellet paulus auff ein seiten auff die andern seiten stellet er alle vnser noth vnd alle feind die zweiffels ohn gegen gott nichts zuachten sein,denn er fasset gott in sich der grosser ist denn himmel und erden ia er ist unentlich denn gott den allmechtigen stellet paulus auff ein seiten auff die andern seiten stellet er alle unser noth und alle feind die zweiffels ohn gegen gott nichts zuachten sein
sattler_trostpredigt_1592,body,37,2,False,13,Es ist ein grosser Trost / das Elisa zu seinem Diener sagt / wie sie belegert waren / vnd die Engel jhnen erschienen / der sind mehr / die bey vns sein / als die bey jhnen sein.,es ist ein grosser trost das elisa zu seinem diener sagt wie sie belegert waren vnd die engel jhnen erschienen der sind mehr die bey vns sein als die bey jhnen sein,es ist ein grosser trost das elisa zu seinem diener sagt wie sie belegert waren und die engel ihnen erschienen der sind mehr die bey uns sein als die bey ihnen sein
sattler_trostpredigt_1592,body,37,3,False,13,Aber dieser Trost der Christen / ist noch grösser.,aber dieser trost der christen ist noch grösser,aber dieser trost der christen ist noch grosser
sattler_trostpredigt_1592,body,37,4,True,13,Denn bey Elisa ist ein gewisse anzahl der erschaffnen Geister / die er seinem Diener weiset / hie ist der allmechtige Gott / des Gewalt kein ende hat.,denn bey elisa ist ein gewisse anzahl der erschaffnen geister die er seinem diener weiset hie ist der allmechtige gott des gewalt kein ende hat,denn bey elisa ist ein gewisse anzahl der erschaffnen geister die er seinem diener weiset hie ist der allmechtige gott des gewalt kein ende hat
sattler_trostpredigt_1592,body,38,0,False,13,Das wir es ein weinig verstehen / oder je im etwas nach dencken können / wöllen wir / was sonst Gewaltig ist / dagegen halten.,das wir es ein weinig verstehen oder je im etwas nach dencken können wöllen wir was sonst gewaltig ist dagegen halten,das wir es ein weinig uerstehen oder ie im etwas nach dencken konnen wollen wir was sonst gewaltig ist dagegen halten
sattler_trostpredigt_1592,body,38,1,False,13,Der Teuffel ist ein mechtiger Geist / darumb jhn Christus einen Fürsten / vnd Paulus einen Gott der Welt nennet / weil erin vnd durch die Gotlosen viel grosse ding außrichtet.,der teuffel ist ein mechtiger geist darumb jhn christus einen fürsten vnd paulus einen gott der welt nennet weil erin vnd durch die gotlosen viel grosse ding außrichtet,der teuffel ist ein mechtiger geist darumb ihn christus einen fursten und paulus einen gott der welt nennet weil erin und durch die gotlosen uiel grosse ding aussrichtet
sattler_trostpredigt_1592,body,38,2,False,13,Aber gegen Gott vnd seiner Gewalt ist er nichts / wie denn daraus zusehen / das er Hiob nichts thun kan / so lang es GOTT nicht haben wil.,aber gegen gott vnd seiner gewalt ist er nichts wie denn daraus zusehen das er hiob nichts thun kan so lang es gott nicht haben wil,aber gegen gott und seiner gewalt ist er nichts wie denn daraus zusehen das er hiob nichts thun kan so lang es gott nicht haben wil
sattler_trostpredigt_1592,body,38,3,False,13,Hernacher aber / dar er jhm schon grossen schaden zufügt / kan er jhm doch mehr nicht thun / Als jhm GOtt vergönnet vnd erleubet.,hernacher aber dar er jhm schon grossen schaden zufügt kan er jhm doch mehr nicht thun als jhm gott vergönnet vnd erleubet,hernacher aber dar er ihm schon grossen schaden zufugt kan er ihm doch mehr nicht thun als ihm gott uergonnet und erleubet
sattler_trostpredigt_1592,body,38,4,True,13,Vnd das noch weiniger ist / kan er in einen hauffen Schwein nicht fahren / er muß zuuor von Christo erleubnis haben / Matth. 8.,vnd das noch weiniger ist kan er in einen hauffen schwein nicht fahren er muß zuuor von christo erleubnis haben matth,und das noch weiniger ist kan er in einen hauffen schwein nicht fahren er muss zuuor uon christo erleubnis haben matth
sattler_trostpredigt_1592,body,39,0,False,13,Also haben die viel Menschen / so in der Welt wohnen ein gross ansehen / wenn sie jhr macht zusamen thun wolten.,also haben die viel menschen so in der welt wohnen ein gross ansehen wenn sie jhr macht zusamen thun wolten,also haben die uiel menschen so in der welt wohnen ein gross ansehen wenn sie ihr macht zusamen thun wolten
sattler_trostpredigt_1592,body,39,1,False,14,Aber was sind sie gegen GOtt gerechnet?,aber was sind sie gegen gott gerechnet,aber was sind sie gegen gott gerechnet
sattler_trostpredigt_1592,body,39,2,False,14,Jesaias schreibt dauon / Cap. 40. Siehe die Heiden sind geacht / wie ein Tropff / so im Eymer bleibet.,jesaias schreibt dauon cap siehe die heiden sind geacht wie ein tropff so im eymer bleibet,iesaias schreibt dauon cap siehe die heiden sind geacht wie ein tropff so im eymer bleibet
sattler_trostpredigt_1592,body,39,3,False,14,Vnd wie ein Schäfflein / so in der wag bleibet.,vnd wie ein schäfflein so in der wag bleibet,und wie ein schafflein so in der wag bleibet
sattler_trostpredigt_1592,body,39,4,True,14,Siehe / die Insulen sind wie ein steublein / vnd hernach: Alle Heiden sind für jhm nichts / vnd wie ein nichtiges vnd eitels geacht.,siehe die insulen sind wie ein steublein vnd hernach alle heiden sind für jhm nichts vnd wie ein nichtiges vnd eitels geacht,siehe die insulen sind wie ein steublein und hernach alle heiden sind fur ihm nichts und wie ein nichtiges und eitels geacht
sattler_trostpredigt_1592,body,40,0,False,14,Dieweil nun die Bussfertigen vnd Gleubigen Christen wissen / das sie auff jhrer seiten einen solchen gewaltigen beystandt vnnd starcken hinderhalt haben / Warumb solt jhnen für jhren Feinden ja für allen Creaturen grawen?,dieweil nun die bussfertigen vnd gleubigen christen wissen das sie auff jhrer seiten einen solchen gewaltigen beystandt vnnd starcken hinderhalt haben warumb solt jhnen für jhren feinden ja für allen creaturen grawen,dieweil nun die bussfertigen und gleubigen christen wissen das sie auff ihrer seiten einen solchen gewaltigen beystandt unnd starcken hinderhalt haben warumb solt ihnen fur ihren feinden ia fur allen creaturen grawen
sattler_trostpredigt_1592,body,40,1,True,14,Warumb wolten sie in einiger noth / wie die auch nahmen haben möchte / verzagen?,warumb wolten sie in einiger noth wie die auch nahmen haben möchte verzagen,warumb wolten sie in einiger noth wie die auch nahmen haben mochte uerzagen
sattler_trostpredigt_1592,body,41,0,False,14,Dauid hat diesen Trost jm selbs wol eingebildet / vnd in seinen nöthen nütz gemacht / wie aus vielen seinen Psalmen zusehen ist: Als im Dritten Psalm / Ich fürcht mich nicht für viel Hundert Tausenten / die sich vmbher wieder mich legen / Auff HErr etc.,dauid hat diesen trost jm selbs wol eingebildet vnd in seinen nöthen nütz gemacht wie aus vielen seinen psalmen zusehen ist als im dritten psalm ich fürcht mich nicht für viel hundert tausenten die sich vmbher wieder mich legen auff herr etc,dauid hat diesen trost im selbs wol eingebildet und in seinen nothen nutz gemacht wie aus uielen seinen psalmen zusehen ist als im dritten psalm ich furcht mich nicht fur uiel hundert tausenten die sich umbher wieder mich legen auff herr etc
sattler_trostpredigt_1592,body,41,1,False,14,Damit fordert er seinen beystant vñ spricht weiter / Deñ du schlegst alle meine Feinde auff den Backen.,damit fordert er seinen beystant vñ spricht weiter deñ du schlegst alle meine feinde auff den backen,damit fordert er seinen beystant und spricht weiter denn du schlegst alle meine feinde auff den backen
sattler_trostpredigt_1592,body,41,2,False,14,Deßgleichen im 23. Psalm / Wenn ich schon wandert im finstern thal / So fürcht ich doch kein vnglück / denn du bist bey mir.,deßgleichen im psalm wenn ich schon wandert im finstern thal so fürcht ich doch kein vnglück denn du bist bey mir,dessgleichen im psalm wenn ich schon wandert im finstern thal so furcht ich doch kein ungluck denn du bist bey mir
sattler_trostpredigt_1592,body,41,3,False,14,Vnd im 73. Wenn ich nur dich habe / so frag ich nicht nach Himmel vnd Erden / vnd wenn gleich Leib vnd Seel in mir verschmachtet / so bistu doch Gott mein theil vnd meines Hertzen trost.,vnd im wenn ich nur dich habe so frag ich nicht nach himmel vnd erden vnd wenn gleich leib vnd seel in mir verschmachtet so bistu doch gott mein theil vnd meines hertzen trost,und im wenn ich nur dich habe so frag ich nicht nach himmel und erden und wenn gleich leib und seel in mir uerschmachtet so bistu doch gott mein theil und meines hertzen trost
sattler_trostpredigt_1592,body,41,4,False,15,Item im 118. Der HERr ist mit mir / darumb fürchte ich mich nicht / Was können mir Menschen thun?,item im der herr ist mit mir darumb fürchte ich mich nicht was können mir menschen thun,item im der herr ist mit mir darumb furchte ich mich nicht was konnen mir menschen thun
sattler_trostpredigt_1592,body,41,5,False,15,Der HErr ist mit mir / mir zuhelffen / vnd ich wil meinen lust sehen an meinen Feinden.,der herr ist mit mir mir zuhelffen vnd ich wil meinen lust sehen an meinen feinden,der herr ist mit mir mir zuhelffen und ich wil meinen lust sehen an meinen feinden
sattler_trostpredigt_1592,body,41,6,False,15,Das hat jm auch nicht gefeilet / deñ ob er wol ein floch war gegen dem König Saul zu rechnen / dazu der Verrheter eben viel warẽ / das er für sein Person sagt / 1. Sam. 27. Ich werde der malen eins Saul in die Hend fallen / vnd Samuel 23. stehet / Saul sucht jhn sein lebenlang / ist er doch für jhm sicher geblieben.,das hat jm auch nicht gefeilet deñ ob er wol ein floch war gegen dem könig saul zu rechnen dazu der verrheter eben viel warẽ das er für sein person sagt sam ich werde der malen eins saul in die hend fallen vnd samuel stehet saul sucht jhn sein lebenlang ist er doch für jhm sicher geblieben,das hat im auch nicht gefeilet denn ob er wol ein floch war gegen dem konig saul zu rechnen dazu der uerrheter eben uiel waren das er fur sein person sagt sam ich werde der malen eins saul in die hend fallen und samuel stehet saul sucht ihn sein lebenlang ist er doch fur ihm sicher geblieben
sattler_trostpredigt_1592,body,41,7,True,15,Denn der HErr (bey dem alles stehet) gab jhn nicht in sein Hand / sagt daselbs der H. Geist.,denn der herr bey dem alles stehet gab jhn nicht in sein hand sagt daselbs der h geist,denn der herr bey dem alles stehet gab ihn nicht in sein hand sagt daselbs der h geist
sattler_trostpredigt_1592,body,42,0,False,15,Den trost gibt Gott selbst dem Ertzvater Abraham Gene. 15. Fürchte dich nicht / Ich bin dein schilt / vñ dein sehr grosser lohn / vñ 28. spricht er zu Jacob / Siehe / Ich bin mit dir / Ich wil dich behüten / wo du hin zeuchst.,den trost gibt gott selbst dem ertzvater abraham gene fürchte dich nicht ich bin dein schilt vñ dein sehr grosser lohn vñ spricht er zu jacob siehe ich bin mit dir ich wil dich behüten wo du hin zeuchst,den trost gibt gott selbst dem ertzuater abraham gene furchte dich nicht ich bin dein schilt und dein sehr grosser lohn und spricht er zu iacob siehe ich bin mit dir ich wil dich behuten wo du hin zeuchst
sattler_trostpredigt_1592,body,42,1,False,15,Vñ zur gantzẽ Christlichen Kirchen spricht er Jes. 41. Fürchte dich nicht / Ich bin mit dir.,vñ zur gantzẽ christlichen kirchen spricht er jes fürchte dich nicht ich bin mit dir,und zur gantzen christlichen kirchen spricht er ies furchte dich nicht ich bin mit dir
sattler_trostpredigt_1592,body,42,2,True,15,Item zu Jere. 1. Fürchte dich nicht für jnen / denn ich bin bey dir / vnd wil dich erretten / spricht der HErr / darumb Jeremias in der eröberung der Stat Jerus. so wünderlich erhalten ist.,item zu jere fürchte dich nicht für jnen denn ich bin bey dir vnd wil dich erretten spricht der herr darumb jeremias in der eröberung der stat jerus so wünderlich erhalten ist,item zu iere furchte dich nicht fur inen denn ich bin bey dir und wil dich erretten spricht der herr darumb ieremias in der eroberung der stat ierus so wunderlich erhalten ist
sattler_trostpredigt_1592,body,43,0,False,15,Darumb Singt die Christliche Kirche gar frewdig im 46. Psalm / GOTT ist vnser zuuersicht vnnd stercke / ein Hülff in den grossen nöthen / die vns troffen haben / darumb fürchten wir vns nicht / Wenn gleich die Welt vntergieng / vnd die berg mitten ins Meer süncken.,darumb singt die christliche kirche gar frewdig im psalm gott ist vnser zuuersicht vnnd stercke ein hülff in den grossen nöthen die vns troffen haben darumb fürchten wir vns nicht wenn gleich die welt vntergieng vnd die berg mitten ins meer süncken,darumb singt die christliche kirche gar frewdig im psalm gott ist unser zuuersicht unnd stercke ein hulff in den grossen nothen die uns troffen haben darumb furchten wir uns nicht wenn gleich die welt untergieng und die berg mitten ins meer suncken
sattler_trostpredigt_1592,body,43,1,False,16,Vñ hernach Gott ist bey jhr (der stat Gottes) darinnen / Darumb wird sie wol bleiben / Gott hilfft jhr früe.,vñ hernach gott ist bey jhr der stat gottes darinnen darumb wird sie wol bleiben gott hilfft jhr früe,und hernach gott ist bey ihr der stat gottes darinnen darumb wird sie wol bleiben gott hilfft ihr frue
sattler_trostpredigt_1592,body,43,2,False,16,Vnd im Teutschẽ singen wir / Vnd weñ die Welt voll Teuffel wer / vñ woltẽ vns verschlingẽ / so fürchten wir vnsnicht so sehr / Vnd hernach.,vnd im teutschẽ singen wir vnd weñ die welt voll teuffel wer vñ woltẽ vns verschlingẽ so fürchten wir vnsnicht so sehr vnd hernach,und im teutschen singen wir und wenn die welt uoll teuffel wer und wolten uns uerschlingen so furchten wir unsnicht so sehr und hernach
sattler_trostpredigt_1592,body,43,3,True,16,Er ist bey vns wol auff dem plan / mit seinem Geist vnd gaben.,er ist bey vns wol auff dem plan mit seinem geist vnd gaben,er ist bey uns wol auff dem plan mit seinem geist und gaben
sattler_trostpredigt_1592,body,44,0,True,16,Das ist der grosse Trost / der die Christen in allen nöthen so mutig vnd getrost macht / Das sie die gantze Welt / wie auch kein Marter nicht achten / als wir hernach weiter hören werden.,das ist der grosse trost der die christen in allen nöthen so mutig vnd getrost macht das sie die gantze welt wie auch kein marter nicht achten als wir hernach weiter hören werden,das ist der grosse trost der die christen in allen nothen so mutig und getrost macht das sie die gantze welt wie auch kein marter nicht achten als wir hernach weiter horen werden
sattler_trostpredigt_1592,body,45,0,False,16,Hie möchte nun einer gedencken / das ist wahr / Wenn GOtt mit einem Menschen ist / so kan er freilich wol vnuerzagt sein / wie es jhm auch gehet in dieser Welt.,hie möchte nun einer gedencken das ist wahr wenn gott mit einem menschen ist so kan er freilich wol vnuerzagt sein wie es jhm auch gehet in dieser welt,hie mochte nun einer gedencken das ist wahr wenn gott mit einem menschen ist so kan er freilich wol unuerzagt sein wie es ihm auch gehet in dieser welt
sattler_trostpredigt_1592,body,45,1,False,16,Vnd wenn ich das wuste / wolte ich selber getrost sein / Es möchte mir gehen wie GOTT wolte / vnd wolte ich den Trost für aller Welt Güter nicht geben.,vnd wenn ich das wuste wolte ich selber getrost sein es möchte mir gehen wie gott wolte vnd wolte ich den trost für aller welt güter nicht geben,und wenn ich das wuste wolte ich selber getrost sein es mochte mir gehen wie gott wolte und wolte ich den trost fur aller welt guter nicht geben
sattler_trostpredigt_1592,body,45,2,True,16,Aber da mangelt es an / das ich mich eines solchen gegen GOtt nicht versehen darff / das er mir so geneigt sey / vnd es mit mir halte.,aber da mangelt es an das ich mich eines solchen gegen gott nicht versehen darff das er mir so geneigt sey vnd es mit mir halte,aber da mangelt es an das ich mich eines solchen gegen gott nicht uersehen darff das er mir so geneigt sey und es mit mir halte
sattler_trostpredigt_1592,body,46,0,False,16,Freilich ist es schwer zu gleuben / denn man siehet GOtt nicht / Vnd wenn er sich schon vns sehen liesse / würden wir doch vns für jhm wegen vnser Sünden vnd vnreinigkeit entsetzen / wie wir denn bald den zeter Pfennig geben / Wenn GOtt sich ein weinig gegen vns mercken lest.,freilich ist es schwer zu gleuben denn man siehet gott nicht vnd wenn er sich schon vns sehen liesse würden wir doch vns für jhm wegen vnser sünden vnd vnreinigkeit entsetzen wie wir denn bald den zeter pfennig geben wenn gott sich ein weinig gegen vns mercken lest,freilich ist es schwer zu gleuben denn man siehet gott nicht und wenn er sich schon uns sehen liesse wurden wir doch uns fur ihm wegen unser sunden und unreinigkeit entsetzen wie wir denn bald den zeter pfennig geben wenn gott sich ein weinig gegen uns mercken lest
sattler_trostpredigt_1592,body,46,1,True,17,Aber da lehrt vns Paulus die Güldene Kunst / wie wir dessen in vnserm Hertzen können versichert vnnd vergwisset werden / Das GOtt vns mit trewen meine / vnd auff vnser seiten stehn / vnd es mit vns halten wölle.,aber da lehrt vns paulus die güldene kunst wie wir dessen in vnserm hertzen können versichert vnnd vergwisset werden das gott vns mit trewen meine vnd auff vnser seiten stehn vnd es mit vns halten wölle,aber da lehrt uns paulus die guldene kunst wie wir dessen in unserm hertzen konnen uersichert unnd uergwisset werden das gott uns mit trewen meine und auff unser seiten stehn und es mit uns halten wolle
sattler_trostpredigt_1592,body,47,0,True,17,Wir dürffen da nicht auff Gottes blosse versehung sehen / Wie vnsere Wiedersacher gern vns dahin weisen wolten / denn das ist ein vnerförschlicher abgrund / Sonder wir sollen vns halten an GOttes Wort / denn darin / sonderlich aber in der Lehr des heiligen Euangelij / hat Gott selber seinen Rath vnd willen vns geoffenbaret.,wir dürffen da nicht auff gottes blosse versehung sehen wie vnsere wiedersacher gern vns dahin weisen wolten denn das ist ein vnerförschlicher abgrund sonder wir sollen vns halten an gottes wort denn darin sonderlich aber in der lehr des heiligen euangelij hat gott selber seinen rath vnd willen vns geoffenbaret,wir durffen da nicht auff gottes blosse uersehung sehen wie unsere wiedersacher gern uns dahin weisen wolten denn das ist ein unerforschlicher abgrund sonder wir sollen uns halten an gottes wort denn darin sonderlich aber in der lehr des heiligen euangelii hat gott selber seinen rath und willen uns geoffenbaret
sattler_trostpredigt_1592,body,48,0,True,17,Es ist aber das die Sum̃ dauon / das Christus Johan. 3. zu Nicodemo sagt / Also hat GOtt die Welt geliebet / das er seinen eingebornen Sohn gab / Auff das alle die an jhn Gleuben / nicht verlohren werden / sonder das Ewige Leben haben.,es ist aber das die sum̃ dauon das christus johan zu nicodemo sagt also hat gott die welt geliebet das er seinen eingebornen sohn gab auff das alle die an jhn gleuben nicht verlohren werden sonder das ewige leben haben,es ist aber das die summ dauon das christus iohan zu nicodemo sagt also hat gott die welt geliebet das er seinen eingebornen sohn gab auff das alle die an ihn gleuben nicht uerlohren werden sonder das ewige leben haben
sattler_trostpredigt_1592,body,49,0,True,17,Eben dahin weiset hie vns Paulus auch / der solches võ Christo auch anders nicht gelernet hat / da er spricht / GOTT hat seines eignen Sohns nicht verschonet / Sonder jhn für vns alle dahin gegeben / Wie solte er vns nicht mit jhm alles schencken?,eben dahin weiset hie vns paulus auch der solches võ christo auch anders nicht gelernet hat da er spricht gott hat seines eignen sohns nicht verschonet sonder jhn für vns alle dahin gegeben wie solte er vns nicht mit jhm alles schencken,eben dahin weiset hie uns paulus auch der solches uon christo auch anders nicht gelernet hat da er spricht gott hat seines eignen sohns nicht uerschonet sonder ihn fur uns alle dahin gegeben wie solte er uns nicht mit ihm alles schencken
sattler_trostpredigt_1592,body,50,0,True,17,Hie hat GOTT den abgrund seines Hertzens gegen vns eröfnet vnd auffgethan / das wir jhm nun hinein in das Hertz sehen können / nemlich / das er vns nicht zu wieder sey / vnd vns verdammen / vnd verderben wölle / Wie wir vns eben starck einbilden / Sonder er halts mit vns / vnd wölle vns vertretten.,hie hat gott den abgrund seines hertzens gegen vns eröfnet vnd auffgethan das wir jhm nun hinein in das hertz sehen können nemlich das er vns nicht zu wieder sey vnd vns verdammen vnd verderben wölle wie wir vns eben starck einbilden sonder er halts mit vns vnd wölle vns vertretten,hie hat gott den abgrund seines hertzens gegen uns erofnet und auffgethan das wir ihm nun hinein in das hertz sehen konnen nemlich das er uns nicht zu wieder sey und uns uerdammen und uerderben wolle wie wir uns eben starck einbilden sonder er halts mit uns und wolle uns uertretten
sattler_trostpredigt_1592,body,51,0,False,18,Denn da wir von jhm abgefallen waren / vnd zu seinen Feinden vns geschlagen hatten / Ja selbsseine Feinde worden waren / hat er sich nicht wieder vns zu verdienter Straff gebrauchen lassen / Wie er wol hette thun mögen / Sonder er ist auff vnser seiten getretten / hat sich vnser / vnnd zwar mit rechtem ernst angenommen / vnd hat sich kosten lassen nicht ein geringes / Sonder das höchste Gut / das er im Himmel vnd Erden hatte.,denn da wir von jhm abgefallen waren vnd zu seinen feinden vns geschlagen hatten ja selbsseine feinde worden waren hat er sich nicht wieder vns zu verdienter straff gebrauchen lassen wie er wol hette thun mögen sonder er ist auff vnser seiten getretten hat sich vnser vnnd zwar mit rechtem ernst angenommen vnd hat sich kosten lassen nicht ein geringes sonder das höchste gut das er im himmel vnd erden hatte,denn da wir uon ihm abgefallen waren und zu seinen feinden uns geschlagen hatten ia selbsseine feinde worden waren hat er sich nicht wieder uns zu uerdienter straff gebrauchen lassen wie er wol hette thun mogen sonder er ist auff unser seiten getretten hat sich unser unnd zwar mit rechtem ernst angenommen und hat sich kosten lassen nicht ein geringes sonder das hochste gut das er im himmel und erden hatte
sattler_trostpredigt_1592,body,51,1,False,18,Denn er hat nicht noch ein andere Welt geschaffen / Welches jhn so Sawer nicht an kommen were / Sonder hat sich noch neher vnnd besser angegriffen / vnd vns gegeben seinen eignen vnd eingebornen Sohn / vnd den hat er nicht gegeben in gute Tage / Sonder das er hat müssen ein Armer Elender Mensch werden / vnd nicht allein im Leben / viel vnd mancherley Leiden außstehen / Sonder auch endlich des bittern vnd Schmelichen Todes des Creutzes sterben.,denn er hat nicht noch ein andere welt geschaffen welches jhn so sawer nicht an kommen were sonder hat sich noch neher vnnd besser angegriffen vnd vns gegeben seinen eignen vnd eingebornen sohn vnd den hat er nicht gegeben in gute tage sonder das er hat müssen ein armer elender mensch werden vnd nicht allein im leben viel vnd mancherley leiden außstehen sonder auch endlich des bittern vnd schmelichen todes des creutzes sterben,denn er hat nicht noch ein andere welt geschaffen welches ihn so sawer nicht an kommen were sonder hat sich noch neher unnd besser angegriffen und uns gegeben seinen eignen und eingebornen sohn und den hat er nicht gegeben in gute tage sonder das er hat mussen ein armer elender mensch werden und nicht allein im leben uiel und mancherley leiden aussstehen sonder auch endlich des bittern und schmelichen todes des creutzes sterben
sattler_trostpredigt_1592,body,51,2,True,18,Das meinet Paulus / wenn er sagt / GOTT hab seines einigen Sohns nicht verschonet / Das heist Ja sich wol angreiffen / Vnd sein grosse Liebe gewaltig beweisen / vnd vns dißfals allen zweifel benehmen.,das meinet paulus wenn er sagt gott hab seines einigen sohns nicht verschonet das heist ja sich wol angreiffen vnd sein grosse liebe gewaltig beweisen vnd vns dißfals allen zweifel benehmen,das meinet paulus wenn er sagt gott hab seines einigen sohns nicht uerschonet das heist ia sich wol angreiffen und sein grosse liebe gewaltig beweisen und uns dissfals allen zweifel benehmen
sattler_trostpredigt_1592,body,52,0,False,19,Wenn du Gefangen legest / vnter dem Türcken / oder dergleichen Feinden / Vnd es kem einer / der legte für dich auß etliche Tausent Ducaten / Da würdestu freilich zu demselben dich gutes versehen / vnd jhn für deinen guten Freundt halten.,wenn du gefangen legest vnter dem türcken oder dergleichen feinden vnd es kem einer der legte für dich auß etliche tausent ducaten da würdestu freilich zu demselben dich gutes versehen vnd jhn für deinen guten freundt halten,wenn du gefangen legest unter dem turcken oder dergleichen feinden und es kem einer der legte fur dich auss etliche tausent ducaten da wurdestu freilich zu demselben dich gutes uersehen und ihn fur deinen guten freundt halten
sattler_trostpredigt_1592,body,52,1,False,19,Wie aber wenn du Sterben soltest / vnnd einer seinen Sohn in den Todt gebe / das du beym Leben bleiben möchtest / heist das nicht sein Hertz vnd Zuneigung gegen dir gnugsam bewiesen?,wie aber wenn du sterben soltest vnnd einer seinen sohn in den todt gebe das du beym leben bleiben möchtest heist das nicht sein hertz vnd zuneigung gegen dir gnugsam bewiesen,wie aber wenn du sterben soltest unnd einer seinen sohn in den todt gebe das du beym leben bleiben mochtest heist das nicht sein hertz und zuneigung gegen dir gnugsam bewiesen
sattler_trostpredigt_1592,body,52,2,False,19,Du mussest dich Iha selber vber solche grosse Liebe verwundern.,du mussest dich iha selber vber solche grosse liebe verwundern,du mussest dich iha selber uber solche grosse liebe uerwundern
sattler_trostpredigt_1592,body,52,3,False,19,Was dünckt dich denn dabey / das der Allmechtig Ewige GOTT seines eingen eingeboren Sohns nicht verschonet hat / Was kan er mehr thun?,was dünckt dich denn dabey das der allmechtig ewige gott seines eingen eingeboren sohns nicht verschonet hat was kan er mehr thun,was dunckt dich denn dabey das der allmechtig ewige gott seines eingen eingeboren sohns nicht uerschonet hat was kan er mehr thun
sattler_trostpredigt_1592,body,52,4,False,19,Wie kan er sein grosse Liebe herrlicher bezeugen?,wie kan er sein grosse liebe herrlicher bezeugen,wie kan er sein grosse liebe herrlicher bezeugen
sattler_trostpredigt_1592,body,52,5,False,19,Wie kanstu doch zweifelen / ob ers gut mit dir meine / oder nicht?,wie kanstu doch zweifelen ob ers gut mit dir meine oder nicht,wie kanstu doch zweifelen ob ers gut mit dir meine oder nicht
sattler_trostpredigt_1592,body,52,6,True,19,Ist nicht dieser leidige zweiffel ein grosse blindheit.,ist nicht dieser leidige zweiffel ein grosse blindheit,ist nicht dieser leidige zweiffel ein grosse blindheit
sattler_trostpredigt_1592,body,53,0,True,19,Ach sagt einer / Ich bin vielleicht damit nicht gemeinet / es sein sonderliche Leuth / die GOTT dazu von Ewigkeit Außerwehlet vnd ersehen hat / Ich darff mich des grossen Trosts nicht anmassen.,ach sagt einer ich bin vielleicht damit nicht gemeinet es sein sonderliche leuth die gott dazu von ewigkeit außerwehlet vnd ersehen hat ich darff mich des grossen trosts nicht anmassen,ach sagt einer ich bin uielleicht damit nicht gemeinet es sein sonderliche leuth die gott dazu uon ewigkeit ausserwehlet und ersehen hat ich darff mich des grossen trosts nicht anmassen
sattler_trostpredigt_1592,body,54,0,False,20,Antwort lieber Mensch / wie kümpstu auff die gedancken?,antwort lieber mensch wie kümpstu auff die gedancken,antwort lieber mensch wie kumpstu auff die gedancken
sattler_trostpredigt_1592,body,54,1,False,20,Was hastu des für vrsach / das du dich von denen absonderst / denen es zu gut geschehen ist?,was hastu des für vrsach das du dich von denen absonderst denen es zu gut geschehen ist,was hastu des fur ursach das du dich uon denen absonderst denen es zu gut geschehen ist
sattler_trostpredigt_1592,body,54,2,True,20,Es were gnug / das dir GOtt selber abgesagt / vnd dich auß der zahl der jenigen / die es geniessen sollen / selber außgeschlossen hette.,es were gnug das dir gott selber abgesagt vnd dich auß der zahl der jenigen die es geniessen sollen selber außgeschlossen hette,es were gnug das dir gott selber abgesagt und dich auss der zahl der ienigen die es geniessen sollen selber aussgeschlossen hette
sattler_trostpredigt_1592,body,55,0,True,20,Nun aber hat er es nicht gethan / da findestu nicht einen Buchstaben von in GOttes Wort / sonder solche Sprüch findestu / daraus du billich schleussest / das du auch gemeinet seist.,nun aber hat er es nicht gethan da findestu nicht einen buchstaben von in gottes wort sonder solche sprüch findestu daraus du billich schleussest das du auch gemeinet seist,nun aber hat er es nicht gethan da findestu nicht einen buchstaben uon in gottes wort sonder solche spruch findestu daraus du billich schleussest das du auch gemeinet seist
sattler_trostpredigt_1592,body,56,0,False,20,Denn hie schreibet Paulus von sich vnd den Römern in gemein / an welche er diesen Brieff geschickt hat: GOtt hat seinen Sohn für vns alle dahin gegeben.,denn hie schreibet paulus von sich vnd den römern in gemein an welche er diesen brieff geschickt hat gott hat seinen sohn für vns alle dahin gegeben,denn hie schreibet paulus uon sich und den romern in gemein an welche er diesen brieff geschickt hat gott hat seinen sohn fur uns alle dahin gegeben
sattler_trostpredigt_1592,body,56,1,False,20,Derwegen braucht auch sonst GOtt in seinem Wort / so reiche vnd herrliche zusag / die alle begreiffen vnnd niemand außschliessen / zubezeugen / das an seinem guten willen gar nichts mangle.,derwegen braucht auch sonst gott in seinem wort so reiche vnd herrliche zusag die alle begreiffen vnnd niemand außschliessen zubezeugen das an seinem guten willen gar nichts mangle,derwegen braucht auch sonst gott in seinem wort so reiche und herrliche zusag die alle begreiffen unnd niemand aussschliessen zubezeugen das an seinem guten willen gar nichts mangle
sattler_trostpredigt_1592,body,56,2,False,20,Darumb sagt CHristus: Also hat GOTT die Welt geliebet.,darumb sagt christus also hat gott die welt geliebet,darumb sagt christus also hat gott die welt geliebet
sattler_trostpredigt_1592,body,56,3,False,20,Item / GOtt hat seinen Sohn gesand in die Welt / das die Welt durch jhn Selig werde / Vnd Johañes der Teuffer sagt von Christo / Das ist GOTtes Lamb / das der Welt Sünd tregt.,item gott hat seinen sohn gesand in die welt das die welt durch jhn selig werde vnd johañes der teuffer sagt von christo das ist gottes lamb das der welt sünd tregt,item gott hat seinen sohn gesand in die welt das die welt durch ihn selig werde und iohannes der teuffer sagt uon christo das ist gottes lamb das der welt sund tregt
sattler_trostpredigt_1592,body,56,4,False,20,Vnd Johannes in seiner 1. Epistel am 2. ca. schreibet / CHristus ist die versönung nicht allein für vnsere Sünd / Sonder auch für der gantzen Welt Sünd.,vnd johannes in seiner epistel am ca schreibet christus ist die versönung nicht allein für vnsere sünd sonder auch für der gantzen welt sünd,und iohannes in seiner epistel am ca schreibet christus ist die uersonung nicht allein fur unsere sund sonder auch fur der gantzen welt sund
sattler_trostpredigt_1592,body,56,5,False,20,Ja Christus selber sagt / Kombt her zu mir alle die jhr mühselig vnd beladen seit / Ich wil euch erquicken.,ja christus selber sagt kombt her zu mir alle die jhr mühselig vnd beladen seit ich wil euch erquicken,ia christus selber sagt kombt her zu mir alle die ihr muhselig und beladen seit ich wil euch erquicken
sattler_trostpredigt_1592,body,56,6,False,21,Bistu nun mühselig / vnd mit der Sünden als einer schweren Last beladen?,bistu nun mühselig vnd mit der sünden als einer schweren last beladen,bistu nun muhselig und mit der sunden als einer schweren last beladen
sattler_trostpredigt_1592,body,56,7,True,21,Ach ja. Wolan so meint dich Christus / denn das einer gedencken wolte / Christus sagte wol also / aber er meinte es nicht / das ist Gottslesterlich / Was er redet / das meinet er / es ist nie kein betrug in seinem Mund gefunden.,ach ja wolan so meint dich christus denn das einer gedencken wolte christus sagte wol also aber er meinte es nicht das ist gottslesterlich was er redet das meinet er es ist nie kein betrug in seinem mund gefunden,ach ia wolan so meint dich christus denn das einer gedencken wolte christus sagte wol also aber er meinte es nicht das ist gottslesterlich was er redet das meinet er es ist nie kein betrug in seinem mund gefunden
sattler_trostpredigt_1592,body,57,0,False,21,Das aber einem weiter einfelt / Es werden gleichwol so viel Leut / ja die meisten verdampt vñ verlorẽ / ist wol war.,das aber einem weiter einfelt es werden gleichwol so viel leut ja die meisten verdampt vñ verlorẽ ist wol war,das aber einem weiter einfelt es werden gleichwol so uiel leut ia die meisten uerdampt und uerloren ist wol war
sattler_trostpredigt_1592,body,57,1,False,21,Aber das kömpt nicht daher / als wir vns einbilden / als weñ GOtt etlichen die Seligkeit nicht gönnete / Sonder lust vñ gefallen hette sie zuuerdam̃en / Denn das verneinet GOt / Ezech. 33. Vermittelst eines Eyds / Sonder das ist die vrsach / Das sie GOttes Gnad vnd Wolthaten die er jhnen anbeut / nicht achten / noch annehmen / Sonder ausschlagen / vnd verachten / Wie CHRistus selber mit deutlichen Worten lehret / Johan. 3. Von Gott spricht er / GOtt hat seinen Sohn nicht gesandt in die Welt / das er die Welt richten soll / Sonder das die Welt durch jhn Selig werde.,aber das kömpt nicht daher als wir vns einbilden als weñ gott etlichen die seligkeit nicht gönnete sonder lust vñ gefallen hette sie zuuerdam̃en denn das verneinet got ezech vermittelst eines eyds sonder das ist die vrsach das sie gottes gnad vnd wolthaten die er jhnen anbeut nicht achten noch annehmen sonder ausschlagen vnd verachten wie christus selber mit deutlichen worten lehret johan von gott spricht er gott hat seinen sohn nicht gesandt in die welt das er die welt richten soll sonder das die welt durch jhn selig werde,aber das kompt nicht daher als wir uns einbilden als wenn gott etlichen die seligkeit nicht gonnete sonder lust und gefallen hette sie zuuerdammen denn das uerneinet got ezech uermittelst eines eyds sonder das ist die ursach das sie gottes gnad und wolthaten die er ihnen anbeut nicht achten noch annehmen sonder ausschlagen und uerachten wie christus selber mit deutlichen worten lehret iohan uon gott spricht er gott hat seinen sohn nicht gesandt in die welt das er die welt richten soll sonder das die welt durch ihn selig werde
sattler_trostpredigt_1592,body,57,2,False,21,Wer an jhn gleubt / der wird nicht gerichtet.,wer an jhn gleubt der wird nicht gerichtet,wer an ihn gleubt der wird nicht gerichtet
sattler_trostpredigt_1592,body,57,3,True,21,Von den Menschen aber sagt er. Das ist aber das Gericht / das daß Liecht in die Welt kommen ist / die Menschen aber liebten die Finsterniß mehr denn das Liecht: Bistu nun nicht ein solcher Mensch / der lust hette in Sünden zu bleiben / sonder du woltest jhr gern loß werden / vndkömpst zu Gott durch den Glauben / vnd das Gebet / vnd sagest / Gott sey mir Sünder gnedig / so wirt er dich nicht von sich stossen / sonder erquicken.,von den menschen aber sagt er das ist aber das gericht das daß liecht in die welt kommen ist die menschen aber liebten die finsterniß mehr denn das liecht bistu nun nicht ein solcher mensch der lust hette in sünden zu bleiben sonder du woltest jhr gern loß werden vndkömpst zu gott durch den glauben vnd das gebet vnd sagest gott sey mir sünder gnedig so wirt er dich nicht von sich stossen sonder erquicken,uon den menschen aber sagt er das ist aber das gericht das dass liecht in die welt kommen ist die menschen aber liebten die finsterniss mehr denn das liecht bistu nun nicht ein solcher mensch der lust hette in sunden zu bleiben sonder du woltest ihr gern loss werden undkompst zu gott durch den glauben und das gebet und sagest gott sey mir sunder gnedig so wirt er dich nicht uon sich stossen sonder erquicken
sattler_trostpredigt_1592,body,58,0,False,22,Ach sprichstu / die Sünd ist / die mir im Weg ligt / das ich mich zu GOtt nichts guts versehen kan.,ach sprichstu die sünd ist die mir im weg ligt das ich mich zu gott nichts guts versehen kan,ach sprichstu die sund ist die mir im weg ligt das ich mich zu gott nichts guts uersehen kan
sattler_trostpredigt_1592,body,58,1,False,22,Antwort / dawieder trösten die Wort / Gott hat seines eignen Sohns nicht verschonet.,antwort dawieder trösten die wort gott hat seines eignen sohns nicht verschonet,antwort dawieder trosten die wort gott hat seines eignen sohns nicht uerschonet
sattler_trostpredigt_1592,body,58,2,True,22,Denn das ist darumb geschehen / damit du erlöset würdest / vnd GOtt dir könte gnedig sein / der hat für dich gnug gethan vnd bezalet.,denn das ist darumb geschehen damit du erlöset würdest vnd gott dir könte gnedig sein der hat für dich gnug gethan vnd bezalet,denn das ist darumb geschehen damit du erloset wurdest und gott dir konte gnedig sein der hat fur dich gnug gethan und bezalet
sattler_trostpredigt_1592,body,59,0,True,22,Deñ die weil der Mensch gesündiget / vnd nach GOttes gerechtem vrtheil hette sollen des Todes sterben / hat Gott seinen Son Menschlich Natur lassen annemen / dem Gesetz volkomnen gehorsam zuleisten / vnd den Tod auß zustehen / das wie wir durch einen Menschen Sünder worden sein / also wir auch durch einen menschen Gerecht wurden / Vnd sollen wir alle Wort wol mercken / denn sehr tröstlich ists / das er sagt / Gott hat seinen Son gegeben / zeigt also an / dieser Rath von der Erlösung des menschlichẽ geschlechts / komme von keiner Creatur / sonder võ Gott selber her / der hat jn erfundẽ.,deñ die weil der mensch gesündiget vnd nach gottes gerechtem vrtheil hette sollen des todes sterben hat gott seinen son menschlich natur lassen annemen dem gesetz volkomnen gehorsam zuleisten vnd den tod auß zustehen das wie wir durch einen menschen sünder worden sein also wir auch durch einen menschen gerecht wurden vnd sollen wir alle wort wol mercken denn sehr tröstlich ists das er sagt gott hat seinen son gegeben zeigt also an dieser rath von der erlösung des menschlichẽ geschlechts komme von keiner creatur sonder võ gott selber her der hat jn erfundẽ,denn die weil der mensch gesundiget und nach gottes gerechtem urtheil hette sollen des todes sterben hat gott seinen son menschlich natur lassen annemen dem gesetz uolkomnen gehorsam zuleisten und den tod auss zustehen das wie wir durch einen menschen sunder worden sein also wir auch durch einen menschen gerecht wurden und sollen wir alle wort wol mercken denn sehr trostlich ists das er sagt gott hat seinen son gegeben zeigt also an dieser rath uon der erlosung des menschlichen geschlechts komme uon keiner creatur sonder uon gott selber her der hat in erfunden
sattler_trostpredigt_1592,body,60,0,False,22,Darumb kan er auch nicht feilen.,darumb kan er auch nicht feilen,darumb kan er auch nicht feilen
sattler_trostpredigt_1592,body,60,1,True,22,Denn Gott sagt Jesa. 46. mein Anschlag bestehet / vnd Ich thue alles was mir gefellt Wie wir vns denn an dem wünderlicherlichen anschlag nicht gnug verwundern köñen / das dardurch Gottes Gerechtigkeit vnd Warheit / da er zum Menschen gesagt / Du solt des Todts sterben / gar nicht geschwecht oder gekrencket / Sonder viel mehr gestercket wirt.,denn gott sagt jesa mein anschlag bestehet vnd ich thue alles was mir gefellt wie wir vns denn an dem wünderlicherlichen anschlag nicht gnug verwundern köñen das dardurch gottes gerechtigkeit vnd warheit da er zum menschen gesagt du solt des todts sterben gar nicht geschwecht oder gekrencket sonder viel mehr gestercket wirt,denn gott sagt iesa mein anschlag bestehet und ich thue alles was mir gefellt wie wir uns denn an dem wunderlicherlichen anschlag nicht gnug uerwundern konnen das dardurch gottes gerechtigkeit und warheit da er zum menschen gesagt du solt des todts sterben gar nicht geschwecht oder gekrencket sonder uiel mehr gestercket wirt
sattler_trostpredigt_1592,body,61,0,False,23,So ist es mit der bezahlung also geschaffen / das weil es der gehorsam vnd das Leiden des Sohns GOttes ist / GOtt solches billich annimbt für die bezahlung der gantzen Welt Sünd.,so ist es mit der bezahlung also geschaffen das weil es der gehorsam vnd das leiden des sohns gottes ist gott solches billich annimbt für die bezahlung der gantzen welt sünd,so ist es mit der bezahlung also geschaffen das weil es der gehorsam und das leiden des sohns gottes ist gott solches billich annimbt fur die bezahlung der gantzen welt sund
sattler_trostpredigt_1592,body,61,1,False,23,Dauon Petrus sagt / Wir sein nicht mit vergenglichem Golt oder Silber erlöset / sonder mit dem tewren Bluth des vnschüldigẽ Lambs etc.,dauon petrus sagt wir sein nicht mit vergenglichem golt oder silber erlöset sonder mit dem tewren bluth des vnschüldigẽ lambs etc,dauon petrus sagt wir sein nicht mit uergenglichem golt oder silber erloset sonder mit dem tewren bluth des unschuldigen lambs etc
sattler_trostpredigt_1592,body,61,2,True,23,Paulus sagt hie / Gott hat seines eignen Sons nicht verschonet.,paulus sagt hie gott hat seines eignen sons nicht verschonet,paulus sagt hie gott hat seines eignen sons nicht uerschonet
sattler_trostpredigt_1592,body,62,0,False,23,Das ist der grund alles Trosts / da haben wir nicht allein in gemein Gottes Lieb vnd zuneigung gegen vns / sonder auch seinen wünderlichen rath / damit seiner Gerechtigkeit vnd Warheit gnug geschehen ist / also das nu seine Gerechtigkeit seiner lieb gegen vns nicht im weg stehet / sonder es ist alles richtig / vnd ist vns Gott auch billich vnd von rechts wegẽ geneigt.,das ist der grund alles trosts da haben wir nicht allein in gemein gottes lieb vnd zuneigung gegen vns sonder auch seinen wünderlichen rath damit seiner gerechtigkeit vnd warheit gnug geschehen ist also das nu seine gerechtigkeit seiner lieb gegen vns nicht im weg stehet sonder es ist alles richtig vnd ist vns gott auch billich vnd von rechts wegẽ geneigt,das ist der grund alles trosts da haben wir nicht allein in gemein gottes lieb und zuneigung gegen uns sonder auch seinen wunderlichen rath damit seiner gerechtigkeit und warheit gnug geschehen ist also das nu seine gerechtigkeit seiner lieb gegen uns nicht im weg stehet sonder es ist alles richtig und ist uns gott auch billich und uon rechts wegen geneigt
sattler_trostpredigt_1592,body,62,1,False,23,Derwegen da sie Ezech. 33. sagen / vnser Missethat ligt auff vns / wie köñen wir genesen / spricht Gott vñ erklert sich dahin / das sol vns den schadẽ nicht thun.,derwegen da sie ezech sagen vnser missethat ligt auff vns wie köñen wir genesen spricht gott vñ erklert sich dahin das sol vns den schadẽ nicht thun,derwegen da sie ezech sagen unser missethat ligt auff uns wie konnen wir genesen spricht gott und erklert sich dahin das sol uns den schaden nicht thun
sattler_trostpredigt_1592,body,62,2,True,23,So sprich zu jnen / sagt er zum Prophetẽ / so war ich leb / hab ich nicht gefal len am Todt des Gottlosen.,so sprich zu jnen sagt er zum prophetẽ so war ich leb hab ich nicht gefal len am todt des gottlosen,so sprich zu inen sagt er zum propheten so war ich leb hab ich nicht gefal len am todt des gottlosen
sattler_trostpredigt_1592,body,63,0,False,23,Also schleust Paulus gar fein / Gott hab vns mit Christo alles geschenckt.,also schleust paulus gar fein gott hab vns mit christo alles geschenckt,also schleust paulus gar fein gott hab uns mit christo alles geschenckt
sattler_trostpredigt_1592,body,63,1,False,23,Zuuor war durch die Sünd alles verloren / Als sonderlich die Him lische Weisheit / Gerechtigkeit / Fried / Frewd / vnd Seligkeit / Ja Leib vnd Seel / vnd auch alle zeitliche Güter waren verloren.,zuuor war durch die sünd alles verloren als sonderlich die him lische weisheit gerechtigkeit fried frewd vnd seligkeit ja leib vnd seel vnd auch alle zeitliche güter waren verloren,zuuor war durch die sund alles uerloren als sonderlich die him lische weisheit gerechtigkeit fried frewd und seligkeit ia leib und seel und auch alle zeitliche guter waren uerloren
sattler_trostpredigt_1592,body,63,2,False,24,Aber Christus hat es alles wiederbracht / nicht allein die Himlische Güter / Geistliche Weißheit / Gerechtigkeit / vnd denn ein newes Leben / etc.,aber christus hat es alles wiederbracht nicht allein die himlische güter geistliche weißheit gerechtigkeit vnd denn ein newes leben etc,aber christus hat es alles wiederbracht nicht allein die himlische guter geistliche weissheit gerechtigkeit und denn ein newes leben etc
sattler_trostpredigt_1592,body,63,3,False,24,Sonder auch die zeitliche Güter / Das nun alle Creaturen dem Gleubigen dienen müssen.,sonder auch die zeitliche güter das nun alle creaturen dem gleubigen dienen müssen,sonder auch die zeitliche guter das nun alle creaturen dem gleubigen dienen mussen
sattler_trostpredigt_1592,body,63,4,True,24,Summa weil GOtt vns seinen Sohn geschencket / so hat er nichts jhm vorbehalten / das er vns nicht schencken wolte.,summa weil gott vns seinen sohn geschencket so hat er nichts jhm vorbehalten das er vns nicht schencken wolte,summa weil gott uns seinen sohn geschencket so hat er nichts ihm uorbehalten das er uns nicht schencken wolte
sattler_trostpredigt_1592,body,64,0,False,24,Sagt einer / Die Wort vnnd Zusagung sind gut / aber die That ist gering.,sagt einer die wort vnnd zusagung sind gut aber die that ist gering,sagt einer die wort unnd zusagung sind gut aber die that ist gering
sattler_trostpredigt_1592,body,64,1,False,24,Denn es mangelt den Christen gemeinlich an allen örthen / sonderlich auch in den zeitlichen Gütern.,denn es mangelt den christen gemeinlich an allen örthen sonderlich auch in den zeitlichen gütern,denn es mangelt den christen gemeinlich an allen orthen sonderlich auch in den zeitlichen gutern
sattler_trostpredigt_1592,body,64,2,False,24,Denn wer hat weiniger von den zeitlichen Gütern / als die Heiligen?,denn wer hat weiniger von den zeitlichen gütern als die heiligen,denn wer hat weiniger uon den zeitlichen gutern als die heiligen
sattler_trostpredigt_1592,body,64,3,False,24,Abraham hat nicht eines Fußbreit eigens im gelobten Land.,abraham hat nicht eines fußbreit eigens im gelobten land,abraham hat nicht eines fussbreit eigens im gelobten land
sattler_trostpredigt_1592,body,64,4,False,24,Lazaro mögen die Brosamen nicht werden / die von des Reichen Tisch fallen / vnd wol den Hunden fürgeworffen werden / er kan sich auch nicht bedecken.,lazaro mögen die brosamen nicht werden die von des reichen tisch fallen vnd wol den hunden fürgeworffen werden er kan sich auch nicht bedecken,lazaro mogen die brosamen nicht werden die uon des reichen tisch fallen und wol den hunden furgeworffen werden er kan sich auch nicht bedecken
sattler_trostpredigt_1592,body,64,5,False,24,Aber das stöst sölche zusagung nicht vmb / Sonder ist gleichwol vnd bleibt wahr / Das die Schrifft von Abraham sagt / GOtt hab jhm Verhetssen / er solt der Welt Erb sein / Vnd das Paulus sagt in diesem Capittel / Denen die GOtt lieben / muß alles zum besten dienen.,aber das stöst sölche zusagung nicht vmb sonder ist gleichwol vnd bleibt wahr das die schrifft von abraham sagt gott hab jhm verhetssen er solt der welt erb sein vnd das paulus sagt in diesem capittel denen die gott lieben muß alles zum besten dienen,aber das stost solche zusagung nicht umb sonder ist gleichwol und bleibt wahr das die schrifft uon abraham sagt gott hab ihm uerhetssen er solt der welt erb sein und das paulus sagt in diesem capittel denen die gott lieben muss alles zum besten dienen
sattler_trostpredigt_1592,body,64,6,False,24,Vnd 1. Corinth. 3. Es ist alles ewer / es sey Paulus oder Apollo / Cephas oder die Welt / es sey das Leben oder der Todt / das gegenwertige oder das zukünfftige / alles ists ewer / Ihr aber seyt Christi / Christus aber ist GOttes.,vnd corinth es ist alles ewer es sey paulus oder apollo cephas oder die welt es sey das leben oder der todt das gegenwertige oder das zukünfftige alles ists ewer ihr aber seyt christi christus aber ist gottes,und corinth es ist alles ewer es sey paulus oder apollo cephas oder die welt es sey das leben oder der todt das gegenwertige oder das zukunfftige alles ists ewer ihr aber seyt christi christus aber ist gottes
sattler_trostpredigt_1592,body,64,7,True,25,Denn so wir Gott auff vnser seiten haben / der alles in seinen Henden hat / So muß es sich alles nach Gott / vnd also auch nach vns richten.,denn so wir gott auff vnser seiten haben der alles in seinen henden hat so muß es sich alles nach gott vnd also auch nach vns richten,denn so wir gott auff unser seiten haben der alles in seinen henden hat so muss es sich alles nach gott und also auch nach uns richten
sattler_trostpredigt_1592,body,65,0,False,25,Das wir aber nicht alles nach vnserm willen vnd wolgefallen geniessen / da thut GOtt bey vns / wie wir bey vnsern Kindern thun / denen wir / wenn wir es schon wol haben / nicht alles in die Hend thun / Als ein Vater / der schon etliche Tausent Gülden vermag / vnd einen Sohn auff einer hohen Schul Studieren hat / steckt jhm darumb nicht alles Geld in den Beutel / denn es wolt sein schad vnd verderben sein / Sonder gibt jhm so viel / als jhm nötig ist / vnd da er mit hin komen kan.,das wir aber nicht alles nach vnserm willen vnd wolgefallen geniessen da thut gott bey vns wie wir bey vnsern kindern thun denen wir wenn wir es schon wol haben nicht alles in die hend thun als ein vater der schon etliche tausent gülden vermag vnd einen sohn auff einer hohen schul studieren hat steckt jhm darumb nicht alles geld in den beutel denn es wolt sein schad vnd verderben sein sonder gibt jhm so viel als jhm nötig ist vnd da er mit hin komen kan,das wir aber nicht alles nach unserm willen und wolgefallen geniessen da thut gott bey uns wie wir bey unsern kindern thun denen wir wenn wir es schon wol haben nicht alles in die hend thun als ein uater der schon etliche tausent gulden uermag und einen sohn auff einer hohen schul studieren hat steckt ihm darumb nicht alles geld in den beutel denn es wolt sein schad und uerderben sein sonder gibt ihm so uiel als ihm notig ist und da er mit hin komen kan
sattler_trostpredigt_1592,body,65,1,True,25,Also gibt auch Gott einem jeden so viel vnter die Hend von den zeitlichen Gütern / als er weis / das jhm nütz vnd Selig ist.,also gibt auch gott einem jeden so viel vnter die hend von den zeitlichen gütern als er weis das jhm nütz vnd selig ist,also gibt auch gott einem ieden so uiel unter die hend uon den zeitlichen gutern als er weis das ihm nutz und selig ist
sattler_trostpredigt_1592,body,66,0,False,25,Wenn es aber je die noth erfordert / vnd man mit dem / das GOtt gegeben hat / nicht wol zukommen kan / so siehet man / wie da alle Creaturen bereit sein / vnd den Außerwehlten Kindern GOttes dienen / vnd zuschiessen müssen.,wenn es aber je die noth erfordert vnd man mit dem das gott gegeben hat nicht wol zukommen kan so siehet man wie da alle creaturen bereit sein vnd den außerwehlten kindern gottes dienen vnd zuschiessen müssen,wenn es aber ie die noth erfordert und man mit dem das gott gegeben hat nicht wol zukommen kan so siehet man wie da alle creaturen bereit sein und den ausserwehlten kindern gottes dienen und zuschiessen mussen
sattler_trostpredigt_1592,body,66,1,False,25,Als dem Jacob / als er im Elend ist / mus Laban vnterhalt geben / Die Herd müssen jetzt schwartze / jetzt weisse jetzt fleckete Lemmer tragen / wenn jhm die Laban verheist.,als dem jacob als er im elend ist mus laban vnterhalt geben die herd müssen jetzt schwartze jetzt weisse jetzt fleckete lemmer tragen wenn jhm die laban verheist,als dem iacob als er im elend ist mus laban unterhalt geben die herd mussen ietzt schwartze ietzt weisse ietzt fleckete lemmer tragen wenn ihm die laban uerheist
sattler_trostpredigt_1592,body,66,2,False,26,Denn der HErr segnet jhn / Laban darff jhm nicht schaden / da er jhm nachjagt / Die Engel müssen auff jhn warten / da er seinem Bruder entgegen zeucht / Sein Bruder Esau der mit 400. Man / als ein Feind wieder jhn außgezogen war / mus jm freundlich zusprechen / vnd jhn Küssen / als Simeon vnd Leui zu Sichem ein Blut Badt angericht / verhütet Gott / das gleichwol die benachtbarten jn nicht vberfallen / da ein grosse langwirige tewrung kömpt / mus der König in Egypten / jhm vnd seinem gantzen Hauß Herberg vnd alle notturfft geben.,denn der herr segnet jhn laban darff jhm nicht schaden da er jhm nachjagt die engel müssen auff jhn warten da er seinem bruder entgegen zeucht sein bruder esau der mit man als ein feind wieder jhn außgezogen war mus jm freundlich zusprechen vnd jhn küssen als simeon vnd leui zu sichem ein blut badt angericht verhütet gott das gleichwol die benachtbarten jn nicht vberfallen da ein grosse langwirige tewrung kömpt mus der könig in egypten jhm vnd seinem gantzen hauß herberg vnd alle notturfft geben,denn der herr segnet ihn laban darff ihm nicht schaden da er ihm nachiagt die engel mussen auff ihn warten da er seinem bruder entgegen zeucht sein bruder esau der mit man als ein feind wieder ihn aussgezogen war mus im freundlich zusprechen und ihn kussen als simeon und leui zu sichem ein blut badt angericht uerhutet gott das gleichwol die benachtbarten in nicht uberfallen da ein grosse langwirige tewrung kompt mus der konig in egypten ihm und seinem gantzen hauss herberg und alle notturfft geben
sattler_trostpredigt_1592,body,66,3,True,26,Weiset sich da nicht auß / das Gott denen / die an Christum gleuben / alles schencket / vnd allese jnen nach Gottes willen zu jhrem besten zu dienen bereit sein mus?,weiset sich da nicht auß das gott denen die an christum gleuben alles schencket vnd allese jnen nach gottes willen zu jhrem besten zu dienen bereit sein mus,weiset sich da nicht auss das gott denen die an christum gleuben alles schencket und allese inen nach gottes willen zu ihrem besten zu dienen bereit sein mus
sattler_trostpredigt_1592,body,67,0,False,26,Ach das wir das recht bedechtẽ / wir würden vnser Datũ nicht also auff andere ding setzen / vñ vnsern trost nicht suchen bey zeitlichen Gütern / grosser ehr vñ gewalt / grosser leut gunst / oder im Bier oder Wein glaß / denn das alles ist eitel / sonder bey Gott.,ach das wir das recht bedechtẽ wir würden vnser datũ nicht also auff andere ding setzen vñ vnsern trost nicht suchen bey zeitlichen gütern grosser ehr vñ gewalt grosser leut gunst oder im bier oder wein glaß denn das alles ist eitel sonder bey gott,ach das wir das recht bedechten wir wurden unser datum nicht also auff andere ding setzen und unsern trost nicht suchen bey zeitlichen gutern grosser ehr und gewalt grosser leut gunst oder im bier oder wein glass denn das alles ist eitel sonder bey gott
sattler_trostpredigt_1592,body,67,1,True,26,O wie würden wir tag vnd nacht darnach trachten / das wir Gott möchten zũ freund haben / vñ ehe wir solches erlanget / würden wir vns nicht können zu frieden geben / wie würden Christum vñ seine Wolthaten / nemlich / Gottes gnad nicht so schendlich verachten / weñ wir bedechten / Wol dem Volck des der HErr ein Gott ist.,o wie würden wir tag vnd nacht darnach trachten das wir gott möchten zũ freund haben vñ ehe wir solches erlanget würden wir vns nicht können zu frieden geben wie würden christum vñ seine wolthaten nemlich gottes gnad nicht so schendlich verachten weñ wir bedechten wol dem volck des der herr ein gott ist,o wie wurden wir tag und nacht darnach trachten das wir gott mochten zum freund haben und ehe wir solches erlanget wurden wir uns nicht konnen zu frieden geben wie wurden christum und seine wolthaten nemlich gottes gnad nicht so schendlich uerachten wenn wir bedechten wol dem uolck des der herr ein gott ist
sattler_trostpredigt_1592,body,68,0,True,27,Also gleichsfals / wenn wir dieses vns wol einbildeten / würden wir in allen vnsern nöthen / nicht halb so trawrig sein / als sonsten / Sondern allezeit getrost vnd frewdig sein nicht anders / als weñ einer in einer festen Burg / sich die Feind so baldt nicht schrecken lest.,also gleichsfals wenn wir dieses vns wol einbildeten würden wir in allen vnsern nöthen nicht halb so trawrig sein als sonsten sondern allezeit getrost vnd frewdig sein nicht anders als weñ einer in einer festen burg sich die feind so baldt nicht schrecken lest,also gleichsfals wenn wir dieses uns wol einbildeten wurden wir in allen unsern nothen nicht halb so trawrig sein als sonsten sondern allezeit getrost und frewdig sein nicht anders als wenn einer in einer festen burg sich die feind so baldt nicht schrecken lest
sattler_trostpredigt_1592,body,69,0,False,27,Hilff Gott / wie vberheben sich die Weltkinder / wenn sie etwa eins grossen Herrn Gnad / Ja wol nur eins fürnemen Rathts oder Secretarij gunst haben?,hilff gott wie vberheben sich die weltkinder wenn sie etwa eins grossen herrn gnad ja wol nur eins fürnemen rathts oder secretarij gunst haben,hilff gott wie uberheben sich die weltkinder wenn sie etwa eins grossen herrn gnad ia wol nur eins furnemen rathts oder secretarii gunst haben
sattler_trostpredigt_1592,body,69,1,True,27,Da fragen sie nach niemandt / wie die erfahrung gibt.,da fragen sie nach niemandt wie die erfahrung gibt,da fragen sie nach niemandt wie die erfahrung gibt
sattler_trostpredigt_1592,body,70,0,False,27,"Aber dauon sagt Dauid Vana salus hominis, Menschen hülff ist kein nutz.",aber dauon sagt dauid vana salus hominis menschen hülff ist kein nutz,aber dauon sagt dauid uana salus hominis menschen hulff ist kein nutz
sattler_trostpredigt_1592,body,70,1,False,27,Denn des Menschen Athem mus dauon.,denn des menschen athem mus dauon,denn des menschen athem mus dauon
sattler_trostpredigt_1592,body,70,2,False,27,Warumb wollen wir nicht auff Gott den Allmechtigen vns verlassen / wieder all vnsere Feinde / noth / vnd vnglück?,warumb wollen wir nicht auff gott den allmechtigen vns verlassen wieder all vnsere feinde noth vnd vnglück,warumb wollen wir nicht auff gott den allmechtigen uns uerlassen wieder all unsere feinde noth und ungluck
sattler_trostpredigt_1592,body,70,3,False,27,Wie komen wir doch dazu / das wir in Got ein solch mißtrawen setzen / Kleinmütig werden / oder wol gar verzagen?,wie komen wir doch dazu das wir in got ein solch mißtrawen setzen kleinmütig werden oder wol gar verzagen,wie komen wir doch dazu das wir in got ein solch misstrawen setzen kleinmutig werden oder wol gar uerzagen
sattler_trostpredigt_1592,body,70,4,True,27,Aber wie wir diesen trost nützlich gebrauchen sollen / werden wir im andern theil weiter hören.,aber wie wir diesen trost nützlich gebrauchen sollen werden wir im andern theil weiter hören,aber wie wir diesen trost nutzlich gebrauchen sollen werden wir im andern theil weiter horen
sattler_trostpredigt_1592,head,71,0,True,27,Der Ander Punct.,der ander punct,der ander punct
sattler_trostpredigt_1592,body,72,0,False,27,Ein grosses ist es / das man einen solchen mechtigen starcken trost hat in allẽ vnglück.,ein grosses ist es das man einen solchen mechtigen starcken trost hat in allẽ vnglück,ein grosses ist es das man einen solchen mechtigen starcken trost hat in allen ungluck
sattler_trostpredigt_1592,body,72,1,True,27,Aber da ligt nicht weiniger / Sonder eben so viel an / das ein Mensch demselbigen jm zu rechter zeit / wens noth thut / wisse nutz zu machen vnd zugebrauchen.,aber da ligt nicht weiniger sonder eben so viel an das ein mensch demselbigen jm zu rechter zeit wens noth thut wisse nutz zu machen vnd zugebrauchen,aber da ligt nicht weiniger sonder eben so uiel an das ein mensch demselbigen im zu rechter zeit wens noth thut wisse nutz zu machen und zugebrauchen
sattler_trostpredigt_1592,body,73,0,False,28,Denn das es schwer sey / was man gelernet / in das werck zurichten vnd zu Practiciren / das siehet man wol an allen dingen / nicht allein in der heiligen Schrifft vnd GOttes Wort / Sonder auch in Rechtsachen / in der Artzney / in allen Künsten auch Handwercken.,denn das es schwer sey was man gelernet in das werck zurichten vnd zu practiciren das siehet man wol an allen dingen nicht allein in der heiligen schrifft vnd gottes wort sonder auch in rechtsachen in der artzney in allen künsten auch handwercken,denn das es schwer sey was man gelernet in das werck zurichten und zu practiciren das siehet man wol an allen dingen nicht allein in der heiligen schrifft und gottes wort sonder auch in rechtsachen in der artzney in allen kunsten auch handwercken
sattler_trostpredigt_1592,body,73,1,True,28,Denn es lest sich fein von sachen viel reden / wie man jhm thun sol / Aber weñ man es angreifft / feilet es wol zumalen weit.,denn es lest sich fein von sachen viel reden wie man jhm thun sol aber weñ man es angreifft feilet es wol zumalen weit,denn es lest sich fein uon sachen uiel reden wie man ihm thun sol aber wenn man es angreifft feilet es wol zumalen weit
sattler_trostpredigt_1592,body,74,0,False,28,Derwegen wir auch auff den andern theil / da vns solches gewiesen wirt / gute achtung geben sollen.,derwegen wir auch auff den andern theil da vns solches gewiesen wirt gute achtung geben sollen,derwegen wir auch auff den andern theil da uns solches gewiesen wirt gute achtung geben sollen
sattler_trostpredigt_1592,body,74,1,True,28,Denn die Schrifft bedarff keines verblümens / Sonder das man sie recht verstehe / vnd mit der that erfahre / vnd fühle / das es sich also verhalte / wie darin stehet / sagt der alte Lehrer Epiphanius.,denn die schrifft bedarff keines verblümens sonder das man sie recht verstehe vnd mit der that erfahre vnd fühle das es sich also verhalte wie darin stehet sagt der alte lehrer epiphanius,denn die schrifft bedarff keines uerblumens sonder das man sie recht uerstehe und mit der that erfahre und fuhle das es sich also uerhalte wie darin stehet sagt der alte lehrer epiphanius
sattler_trostpredigt_1592,body,75,0,False,28,Wir sollen aber diesen zuuor angezeigten trost / den GOtt von Himmel vns in seinem Euangelio geoffenbahret hat / in allem leiden / vnd nöthen / wie sie nahmen haben mögen / herfür suchen / vnd gebrauchen.,wir sollen aber diesen zuuor angezeigten trost den gott von himmel vns in seinem euangelio geoffenbahret hat in allem leiden vnd nöthen wie sie nahmen haben mögen herfür suchen vnd gebrauchen,wir sollen aber diesen zuuor angezeigten trost den gott uon himmel uns in seinem euangelio geoffenbahret hat in allem leiden und nothen wie sie nahmen haben mogen herfur suchen und gebrauchen
sattler_trostpredigt_1592,body,75,1,True,28,Denn so wünderlich / so seltzam / so groß kan kein noth sein / dieser Trost schicket sich darauff / vnd kan einen Menschen Hertzhafft vnd frewdig machen.,denn so wünderlich so seltzam so groß kan kein noth sein dieser trost schicket sich darauff vnd kan einen menschen hertzhafft vnd frewdig machen,denn so wunderlich so seltzam so gross kan kein noth sein dieser trost schicket sich darauff und kan einen menschen hertzhafft und frewdig machen
sattler_trostpredigt_1592,body,76,0,False,28,Es ist Medicamentum Catholicum ein algemeine Artzney wieder allen schaden / schmertzen vnd vnfall.,es ist medicamentum catholicum ein algemeine artzney wieder allen schaden schmertzen vnd vnfall,es ist medicamentum catholicum ein algemeine artzney wieder allen schaden schmertzen und unfall
sattler_trostpredigt_1592,body,76,1,False,28,Es sein aber in gemein zweierley Anfechtungen / die einem Menschen in diesem Leben begegnen / vnd zu handen stossen / Geistliche vnd Leibliche.,es sein aber in gemein zweierley anfechtungen die einem menschen in diesem leben begegnen vnd zu handen stossen geistliche vnd leibliche,es sein aber in gemein zweierley anfechtungen die einem menschen in diesem leben begegnen und zu handen stossen geistliche und leibliche
sattler_trostpredigt_1592,body,76,2,True,29,Die nimpt Paulus nach einander für.,die nimpt paulus nach einander für,die nimpt paulus nach einander fur
sattler_trostpredigt_1592,body,77,0,False,29,Erstlich nimpt er für die Geistlichen Feind.,erstlich nimpt er für die geistlichen feind,erstlich nimpt er fur die geistlichen feind
sattler_trostpredigt_1592,body,77,1,False,29,Denn ob wol die Weltkinder sie nicht achten / wie sie denn offtmals / wegen grosser sicherheit nichts dauon fühlen.,denn ob wol die weltkinder sie nicht achten wie sie denn offtmals wegen grosser sicherheit nichts dauon fühlen,denn ob wol die weltkinder sie nicht achten wie sie denn offtmals wegen grosser sicherheit nichts dauon fuhlen
sattler_trostpredigt_1592,body,77,2,False,29,Denn mit der Sünd / Gottes zorn vnd Gericht bekümmern sie sich nicht viel.,denn mit der sünd gottes zorn vnd gericht bekümmern sie sich nicht viel,denn mit der sund gottes zorn und gericht bekummern sie sich nicht uiel
sattler_trostpredigt_1592,body,77,3,False,29,So sind es doch die aller schwereste vnnd höchste Anfechtungen / die einen Menschen vngeschlaffen legen / das marck in den Beinen verzehren / vnd wo jhm nicht gerathen vnd geholffen wirt / jhn in verzweifflung vnd verdamnis stürtzen.,so sind es doch die aller schwereste vnnd höchste anfechtungen die einen menschen vngeschlaffen legen das marck in den beinen verzehren vnd wo jhm nicht gerathen vnd geholffen wirt jhn in verzweifflung vnd verdamnis stürtzen,so sind es doch die aller schwereste unnd hochste anfechtungen die einen menschen ungeschlaffen legen das marck in den beinen uerzehren und wo ihm nicht gerathen und geholffen wirt ihn in uerzweifflung und uerdamnis sturtzen
sattler_trostpredigt_1592,body,77,4,True,29,Vnd sein freilich die Leibliche Anfechtungen dagegen gering / vnd schier für Kinderspiel zu achten.,vnd sein freilich die leibliche anfechtungen dagegen gering vnd schier für kinderspiel zu achten,und sein freilich die leibliche anfechtungen dagegen gering und schier fur kinderspiel zu achten
sattler_trostpredigt_1592,body,78,0,False,29,Diese Feind nun / vnd Geistliche Anfechtungen nimbt Paulus erstlich für / vnd zeigt mit seinem Exempel an / wie man denselbigen mit diesem Trost begegnen / vnd sie vberwinden möge / vnd spricht / Wer wil die Außerwehlten Gottes beschüldigen?,diese feind nun vnd geistliche anfechtungen nimbt paulus erstlich für vnd zeigt mit seinem exempel an wie man denselbigen mit diesem trost begegnen vnd sie vberwinden möge vnd spricht wer wil die außerwehlten gottes beschüldigen,diese feind nun und geistliche anfechtungen nimbt paulus erstlich fur und zeigt mit seinem exempel an wie man denselbigen mit diesem trost begegnen und sie uberwinden moge und spricht wer wil die ausserwehlten gottes beschuldigen
sattler_trostpredigt_1592,body,78,1,False,29,GOTt ist hie der da Gerecht macht.,gott ist hie der da gerecht macht,gott ist hie der da gerecht macht
sattler_trostpredigt_1592,body,78,2,False,29,Wer wil sie verdammen?,wer wil sie verdammen,wer wil sie uerdammen
sattler_trostpredigt_1592,body,78,3,True,29,Christus ist hie der gestorben ist / Ja der auch aufferwecket ist / vnd ist zur rechten GOttes / vnd vertrit vns.,christus ist hie der gestorben ist ja der auch aufferwecket ist vnd ist zur rechten gottes vnd vertrit vns,christus ist hie der gestorben ist ia der auch aufferwecket ist und ist zur rechten gottes und uertrit uns
sattler_trostpredigt_1592,body,79,0,True,29,Mit diesen Worten fasset vnd begreifft Paulus / die Geistliche Feind / Nemlich / die Sünd / das Gesetz / den zorn GOttes / das böss gewissen / den Teuffel vnd das ewig verdamnis.,mit diesen worten fasset vnd begreifft paulus die geistliche feind nemlich die sünd das gesetz den zorn gottes das böss gewissen den teuffel vnd das ewig verdamnis,mit diesen worten fasset und begreifft paulus die geistliche feind nemlich die sund das gesetz den zorn gottes das boss gewissen den teuffel und das ewig uerdamnis
sattler_trostpredigt_1592,body,80,0,True,30,Das sey nun gewaltige mechtige vnd eben die Feind / die die Menschen vmb Leib vnd Seel / vnd ins ewig verdamniß bringen / nicht mit vnördentlicher gewalt / sonder (das vns den schaden thut) mit einem gerechten rechtspruch Gottes / dem ein Mensch nicht entfliehen kan / wenn er diesen trost vnd rath Pauli nicht gefast hat.,das sey nun gewaltige mechtige vnd eben die feind die die menschen vmb leib vnd seel vnd ins ewig verdamniß bringen nicht mit vnördentlicher gewalt sonder das vns den schaden thut mit einem gerechten rechtspruch gottes dem ein mensch nicht entfliehen kan wenn er diesen trost vnd rath pauli nicht gefast hat,das sey nun gewaltige mechtige und eben die feind die die menschen umb leib und seel und ins ewig uerdamniss bringen nicht mit unordentlicher gewalt sonder das uns den schaden thut mit einem gerechten rechtspruch gottes dem ein mensch nicht entfliehen kan wenn er diesen trost und rath pauli nicht gefast hat
sattler_trostpredigt_1592,body,81,0,False,30,Vnd gehet nun hiermit also zu: Dieweil wir Menschen sünder sein von wegen vnser Empfengnis / Geburt vnd Lebens / so sitzt Gott / als ein Gerechter Richter / das Gericht vber vns.,vnd gehet nun hiermit also zu dieweil wir menschen sünder sein von wegen vnser empfengnis geburt vnd lebens so sitzt gott als ein gerechter richter das gericht vber vns,und gehet nun hiermit also zu dieweil wir menschen sunder sein uon wegen unser empfengnis geburt und lebens so sitzt gott als ein gerechter richter das gericht uber uns
sattler_trostpredigt_1592,body,81,1,False,30,Da tritt nun Moses als vnsers HErrn Gotts fiscal vnd procurator auff / vnd klagt vns an / wie Christus Joh. 8. lehret / Vnd zwar so klagt er vns an zu Leib vnd zu Leben / zu Haut vnd zu Haar / vnd das in Weltlichen Gerichten nicht geschicht / auch vmb die Seel vnd alles gut / das wir besitzen oder möchten zu gewarten haben.,da tritt nun moses als vnsers herrn gotts fiscal vnd procurator auff vnd klagt vns an wie christus joh lehret vnd zwar so klagt er vns an zu leib vnd zu leben zu haut vnd zu haar vnd das in weltlichen gerichten nicht geschicht auch vmb die seel vnd alles gut das wir besitzen oder möchten zu gewarten haben,da tritt nun moses als unsers herrn gotts fiscal und procurator auff und klagt uns an wie christus ioh lehret und zwar so klagt er uns an zu leib und zu leben zu haut und zu haar und das in weltlichen gerichten nicht geschicht auch umb die seel und alles gut das wir besitzen oder mochten zu gewarten haben
sattler_trostpredigt_1592,body,81,2,True,30,Denn das haben die Wort auff sich / wenn Moses sagt / Verflucht sey ein jeder / der da nicht helt / alles was im Buch des Gesetzes geschrieben stehet.,denn das haben die wort auff sich wenn moses sagt verflucht sey ein jeder der da nicht helt alles was im buch des gesetzes geschrieben stehet,denn das haben die wort auff sich wenn moses sagt uerflucht sey ein ieder der da nicht helt alles was im buch des gesetzes geschrieben stehet
sattler_trostpredigt_1592,body,82,0,True,30,Dazu können wir nu nicht nein sagen / Sonder Moses führet zum zeugen vnser Gewissen / das so gut ist / als Tausent ander Zeugen / Ja es ist vnser eigen Handtschrifft / die wir nicht leugnen können / das vberzeuget vns.,dazu können wir nu nicht nein sagen sonder moses führet zum zeugen vnser gewissen das so gut ist als tausent ander zeugen ja es ist vnser eigen handtschrifft die wir nicht leugnen können das vberzeuget vns,dazu konnen wir nu nicht nein sagen sonder moses fuhret zum zeugen unser gewissen das so gut ist als tausent ander zeugen ia es ist unser eigen handtschrifft die wir nicht leugnen konnen das uberzeuget uns
sattler_trostpredigt_1592,body,83,0,False,31,"Weil wir nun der Anklag gestendig sein / so heist es in confessum nulloe sunt partes, nisi cõdemnatio, Wenn einer die Missethat gestendig ist / so gehört mehr nichts dazu / Als das er verurtheilt werde.",weil wir nun der anklag gestendig sein so heist es in confessum nulloe sunt partes nisi cõdemnatio wenn einer die missethat gestendig ist so gehört mehr nichts dazu als das er verurtheilt werde,weil wir nun der anklag gestendig sein so heist es in confessum nulloe sunt partes nisi condemnatio wenn einer die missethat gestendig ist so gehort mehr nichts dazu als das er uerurtheilt werde
sattler_trostpredigt_1592,body,83,1,True,31,Also wirt auß Gottes Mund / das vrtheil vber vns gefellt / nach dem Gesetz / das wir sollen verdampt sein.,also wirt auß gottes mund das vrtheil vber vns gefellt nach dem gesetz das wir sollen verdampt sein,also wirt auss gottes mund das urtheil uber uns gefellt nach dem gesetz das wir sollen uerdampt sein
sattler_trostpredigt_1592,body,84,0,True,31,Da stehet hinder dem Mose der Teuffel / als vnsers HErrn Gottes nachrichter / der nimpt solches für bekant an / vnd wart trewlich auff / vnd wil mit vns / weil er Gottes vrtheil für sich hat / der Hellen vnd dem ewigen Todt zu.,da stehet hinder dem mose der teuffel als vnsers herrn gottes nachrichter der nimpt solches für bekant an vnd wart trewlich auff vnd wil mit vns weil er gottes vrtheil für sich hat der hellen vnd dem ewigen todt zu,da stehet hinder dem mose der teuffel als unsers herrn gottes nachrichter der nimpt solches fur bekant an und wart trewlich auff und wil mit uns weil er gottes urtheil fur sich hat der hellen und dem ewigen todt zu
sattler_trostpredigt_1592,body,85,0,True,31,Die Hell ist auch da / als vnsers HErrn Gottes Rabenstein / vnd walstet / vnd hat wie der Prophet sagt / Ihren Rachen weit auffgethan / vnd will vns verschlingen.,die hell ist auch da als vnsers herrn gottes rabenstein vnd walstet vnd hat wie der prophet sagt ihren rachen weit auffgethan vnd will vns verschlingen,die hell ist auch da als unsers herrn gottes rabenstein und walstet und hat wie der prophet sagt ihren rachen weit auffgethan und will uns uerschlingen
sattler_trostpredigt_1592,body,86,0,True,31,Dieses nun sind nicht leere Wort / Sonder es erhelt sich in der That also / Vnnd kan man von diesen Feinden / vnd der grossen Anfechtung so grewlich vnnd schrecklich nicht Reden / Sie ist in der That noch schrecklicher / Vnnd ist das so ein schrecklicher Anblick / Wenn das also einem Menschen im Hertzen für kömpt / das jhm der Muth gantz enfellet / vnd jhm die weite Welt zu eng wirt.,dieses nun sind nicht leere wort sonder es erhelt sich in der that also vnnd kan man von diesen feinden vnd der grossen anfechtung so grewlich vnnd schrecklich nicht reden sie ist in der that noch schrecklicher vnnd ist das so ein schrecklicher anblick wenn das also einem menschen im hertzen für kömpt das jhm der muth gantz enfellet vnd jhm die weite welt zu eng wirt,dieses nun sind nicht leere wort sonder es erhelt sich in der that also unnd kan man uon diesen feinden und der grossen anfechtung so grewlich unnd schrecklich nicht reden sie ist in der that noch schrecklicher unnd ist das so ein schrecklicher anblick wenn das also einem menschen im hertzen fur kompt das ihm der muth gantz enfellet und ihm die weite welt zu eng wirt
sattler_trostpredigt_1592,body,87,0,False,31,Das sehẽ wir an Cain / der war anfenglich nach begangner Sünd / gar sicher dagegen / das er auch sagt / Bin ich meins Bruders Hüter?,das sehẽ wir an cain der war anfenglich nach begangner sünd gar sicher dagegen das er auch sagt bin ich meins bruders hüter,das sehen wir an cain der war anfenglich nach begangner sund gar sicher dagegen das er auch sagt bin ich meins bruders huter
sattler_trostpredigt_1592,body,87,1,False,32,Aber da diese Feind jhm recht vnter Augen tretten / da verzweiffelt er gar vnd spricht / Mein Sünd ist grösser / deñ das sie mir möge vergebẽ werden.,aber da diese feind jhm recht vnter augen tretten da verzweiffelt er gar vnd spricht mein sünd ist grösser deñ das sie mir möge vergebẽ werden,aber da diese feind ihm recht unter augen tretten da uerzweiffelt er gar und spricht mein sund ist grosser denn das sie mir moge uergeben werden
sattler_trostpredigt_1592,body,87,2,False,32,Wie Judas eben auch also thut / vnd endlich verzweiffelt / vnd sich selbs erhenget.,wie judas eben auch also thut vnd endlich verzweiffelt vnd sich selbs erhenget,wie iudas eben auch also thut und endlich uerzweiffelt und sich selbs erhenget
sattler_trostpredigt_1592,body,87,3,False,32,Wo kömbt das her?,wo kömbt das her,wo kombt das her
sattler_trostpredigt_1592,body,87,4,True,32,Moses klagt sie an durch das Gesetz / Ir gewissen vberzeugt sie / das vrtheil GOttes wieder solche vnd andere Sünd / ist in jr Hertz geschrieben / Der Teuffel wil mit jhnen dauon / weil er solch vrtheil für sich hat / nach der Hellen zu / vnd sperret die Hell gegen jhnen jhren Rachen auff / vnd wil sie verschlingen.,moses klagt sie an durch das gesetz ir gewissen vberzeugt sie das vrtheil gottes wieder solche vnd andere sünd ist in jr hertz geschrieben der teuffel wil mit jhnen dauon weil er solch vrtheil für sich hat nach der hellen zu vnd sperret die hell gegen jhnen jhren rachen auff vnd wil sie verschlingen,moses klagt sie an durch das gesetz ir gewissen uberzeugt sie das urtheil gottes wieder solche und andere sund ist in ir hertz geschrieben der teuffel wil mit ihnen dauon weil er solch urtheil fur sich hat nach der hellen zu und sperret die hell gegen ihnen ihren rachen auff und wil sie uerschlingen
sattler_trostpredigt_1592,body,88,0,False,32,"Der Exempel köndten wir sehr viel erzehlen / sonderlich auch an mechtigen leuten / die so weinig / als die geringsten dauon befreyet sein / Als / das ist die vrsach gewesen des schwermuhts Alexandri Magni, als er Clitum vmbgebracht / Antiochj. 2. Machab. 6. Als er die Heiligen so hart verfolget hatte.",der exempel köndten wir sehr viel erzehlen sonderlich auch an mechtigen leuten die so weinig als die geringsten dauon befreyet sein als das ist die vrsach gewesen des schwermuhts alexandri magni als er clitum vmbgebracht antiochj machab als er die heiligen so hart verfolget hatte,der exempel kondten wir sehr uiel erzehlen sonderlich auch an mechtigen leuten die so weinig als die geringsten dauon befreyet sein als das ist die ursach gewesen des schwermuhts alexandri magni als er clitum umbgebracht antiochi machab als er die heiligen so hart uerfolget hatte
sattler_trostpredigt_1592,body,88,1,False,32,"Theodorici Veronensis, da er Symmachum vnd Boëtium vmbgebracht / das er hernach ob einem grossen Fischkopff erschrocken ist.",theodorici veronensis da er symmachum vnd boëtium vmbgebracht das er hernach ob einem grossen fischkopff erschrocken ist,theodorici ueronensis da er symmachum und boetium umbgebracht das er hernach ob einem grossen fischkopff erschrocken ist
sattler_trostpredigt_1592,body,88,2,False,32,Denn diese vorerzelte Feind sein es / die sie also engsten / vnd mit jhnen dauon wollen.,denn diese vorerzelte feind sein es die sie also engsten vnd mit jhnen dauon wollen,denn diese uorerzelte feind sein es die sie also engsten und mit ihnen dauon wollen
sattler_trostpredigt_1592,body,88,3,True,32,Aber solches alles zuerzehlen wolte zu lang wern.,aber solches alles zuerzehlen wolte zu lang wern,aber solches alles zuerzehlen wolte zu lang wern
sattler_trostpredigt_1592,body,89,0,False,32,Vnd diese Anfechtungen kommen allen Menschen / aldieweil sie allzumal sünder sein / geschichts nicht zu einer zeit / so geschicht es zur andern / sonderlich / wenn man etwa in noth kömpt / oder sterben sol / vnd das macht auch dem Todt vnd alles Leiden schwer.,vnd diese anfechtungen kommen allen menschen aldieweil sie allzumal sünder sein geschichts nicht zu einer zeit so geschicht es zur andern sonderlich wenn man etwa in noth kömpt oder sterben sol vnd das macht auch dem todt vnd alles leiden schwer,und diese anfechtungen kommen allen menschen aldieweil sie allzumal sunder sein geschichts nicht zu einer zeit so geschicht es zur andern sonderlich wenn man etwa in noth kompt oder sterben sol und das macht auch dem todt und alles leiden schwer
sattler_trostpredigt_1592,body,89,1,False,33,Denn die Sünd ist des Todes stachel / die krafft der Sünd aber ist das Gesetz.,denn die sünd ist des todes stachel die krafft der sünd aber ist das gesetz,denn die sund ist des todes stachel die krafft der sund aber ist das gesetz
sattler_trostpredigt_1592,body,89,2,True,33,Derwegen wir in Gottes Wort sehen / sonderlich aber in den Psalmen / wie auch die Heiligen GOttes vber diese Anfechtung so jem̃erlich klagen.,derwegen wir in gottes wort sehen sonderlich aber in den psalmen wie auch die heiligen gottes vber diese anfechtung so jem̃erlich klagen,derwegen wir in gottes wort sehen sonderlich aber in den psalmen wie auch die heiligen gottes uber diese anfechtung so iemmerlich klagen
sattler_trostpredigt_1592,body,90,0,True,33,Da ist nun guter rath tewer / da weis der arm Mensch nicht / wo er sich hin kehren oder wenden soll.,da ist nun guter rath tewer da weis der arm mensch nicht wo er sich hin kehren oder wenden soll,da ist nun guter rath tewer da weis der arm mensch nicht wo er sich hin kehren oder wenden soll
sattler_trostpredigt_1592,body,91,0,True,33,Aber Paulus weiset vns hie diesen richtigen Trost / dauon wir oben gehöret / das GOtt auff vnser seiten sey / der vns durch vrtheil / vnd Recht von Sünden loß zehlet / vnd vns quit / frey vnd ledig schilt.,aber paulus weiset vns hie diesen richtigen trost dauon wir oben gehöret das gott auff vnser seiten sey der vns durch vrtheil vnd recht von sünden loß zehlet vnd vns quit frey vnd ledig schilt,aber paulus weiset uns hie diesen richtigen trost dauon wir oben gehoret das gott auff unser seiten sey der uns durch urtheil und recht uon sunden loss zehlet und uns quit frey und ledig schilt
sattler_trostpredigt_1592,body,92,0,False,33,Ja sagt das Gesetz vnd Gewissen / ja der böse Feind dazu / wie kan das sein?,ja sagt das gesetz vnd gewissen ja der böse feind dazu wie kan das sein,ia sagt das gesetz und gewissen ia der bose feind dazu wie kan das sein
sattler_trostpredigt_1592,body,92,1,False,33,GOtt ist Gerecht / vnd der vns durch sein Gesetz selbs verurtheilt vnd verdampt.,gott ist gerecht vnd der vns durch sein gesetz selbs verurtheilt vnd verdampt,gott ist gerecht und der uns durch sein gesetz selbs uerurtheilt und uerdampt
sattler_trostpredigt_1592,body,92,2,False,33,Antwort / es ist war.,antwort es ist war,antwort es ist war
sattler_trostpredigt_1592,body,92,3,True,33,Aber da zeiget vns Gottes Wort / diesen Rath Gottes / das er seinen Sohn zu vnserm Mitler verordnet / vnd hab der Sohn GOttes / aus grosser Liebe vnd Barmhertzigkeit / sich vnser angenommen / sey Mensch geboren / vnd hab für vns das Gesetz erfüllet / vnd im Fleisch die straff so er nicht verdienet / auff sich genommen / vnd gelitten alles was wir mit vnserm Sünden verdienet haben / vnd hab also den Himlischen Vater Contentieret vnd zu frieden gestellet.,aber da zeiget vns gottes wort diesen rath gottes das er seinen sohn zu vnserm mitler verordnet vnd hab der sohn gottes aus grosser liebe vnd barmhertzigkeit sich vnser angenommen sey mensch geboren vnd hab für vns das gesetz erfüllet vnd im fleisch die straff so er nicht verdienet auff sich genommen vnd gelitten alles was wir mit vnserm sünden verdienet haben vnd hab also den himlischen vater contentieret vnd zu frieden gestellet,aber da zeiget uns gottes wort diesen rath gottes das er seinen sohn zu unserm mitler uerordnet und hab der sohn gottes aus grosser liebe und barmhertzigkeit sich unser angenommen sey mensch geboren und hab fur uns das gesetz erfullet und im fleisch die straff so er nicht uerdienet auff sich genommen und gelitten alles was wir mit unserm sunden uerdienet haben und hab also den himlischen uater contentieret und zu frieden gestellet
sattler_trostpredigt_1592,body,93,0,False,34,Hier durch wirt nun GOttes gerechtes Gericht vnd vrtheil nicht geschwechet / Sonder viel mehr gestercket vnd bekrefftiget.,hier durch wirt nun gottes gerechtes gericht vnd vrtheil nicht geschwechet sonder viel mehr gestercket vnd bekrefftiget,hier durch wirt nun gottes gerechtes gericht und urtheil nicht geschwechet sonder uiel mehr gestercket und bekrefftiget
sattler_trostpredigt_1592,body,93,1,True,34,Denn wie für jhm recht ist / das vmb eines Menschen vngehorsam willen / viel Sterben / also ists auch recht / das durch den gehorsam eines Menschen / der zugleich GOTTes eigner Sohn ist viel Gerechte werden.,denn wie für jhm recht ist das vmb eines menschen vngehorsam willen viel sterben also ists auch recht das durch den gehorsam eines menschen der zugleich gottes eigner sohn ist viel gerechte werden,denn wie fur ihm recht ist das umb eines menschen ungehorsam willen uiel sterben also ists auch recht das durch den gehorsam eines menschen der zugleich gottes eigner sohn ist uiel gerechte werden
sattler_trostpredigt_1592,body,94,0,False,34,Dauon sagt Jesa. 53. Fürwar er trug vnser Kranckheit / vnd lude auff sich vnsere schmertzen / Die Straff ligt auff jhm / auff das wir Friede haben / vnnd durch seine Wunden sein wir geheilet.,dauon sagt jesa fürwar er trug vnser kranckheit vnd lude auff sich vnsere schmertzen die straff ligt auff jhm auff das wir friede haben vnnd durch seine wunden sein wir geheilet,dauon sagt iesa furwar er trug unser kranckheit und lude auff sich unsere schmertzen die straff ligt auff ihm auff das wir friede haben unnd durch seine wunden sein wir geheilet
sattler_trostpredigt_1592,body,94,1,True,34,Vnd Paulus 2. Corinth. 5. schreibet / Gott hat den / der von keiner Sünden wuste / für vns zur Sünd gemacht / Auff das wir in jhm würden die Gerechtigkeit / die für GOtt gilt: Christus sagt / Also hat GOTT die Welt geliebet / das er seinen eingebornen Sohn gab / Auff das alle / die an jhn Gleuben / nicht Verloren werden / Sonder das Ewige Leben haben.,vnd paulus corinth schreibet gott hat den der von keiner sünden wuste für vns zur sünd gemacht auff das wir in jhm würden die gerechtigkeit die für gott gilt christus sagt also hat gott die welt geliebet das er seinen eingebornen sohn gab auff das alle die an jhn gleuben nicht verloren werden sonder das ewige leben haben,und paulus corinth schreibet gott hat den der uon keiner sunden wuste fur uns zur sund gemacht auff das wir in ihm wurden die gerechtigkeit die fur gott gilt christus sagt also hat gott die welt geliebet das er seinen eingebornen sohn gab auff das alle die an ihn gleuben nicht uerloren werden sonder das ewige leben haben
sattler_trostpredigt_1592,body,95,0,False,34,Also ist nun CHRIstus als vnser Burg worden / vnd hat für vns dem Himlischen Vater bezahlet / der jhn auch zum Bürgen / vnd sein bezahlung für voll angenommen hat.,also ist nun christus als vnser burg worden vnd hat für vns dem himlischen vater bezahlet der jhn auch zum bürgen vnd sein bezahlung für voll angenommen hat,also ist nun christus als unser burg worden und hat fur uns dem himlischen uater bezahlet der ihn auch zum burgen und sein bezahlung fur uoll angenommen hat
sattler_trostpredigt_1592,body,95,1,True,34,Wie nun einer / dem man ein Summ Geldts schuldig ist / muß zu frieden sein / Wenn dasselbig einmal vergnüget ist.,wie nun einer dem man ein summ geldts schuldig ist muß zu frieden sein wenn dasselbig einmal vergnüget ist,wie nun einer dem man ein summ geldts schuldig ist muss zu frieden sein wenn dasselbig einmal uergnuget ist
sattler_trostpredigt_1592,body,96,0,True,35,Also kan GOTT / vnd wil vns auch nicht mehr besprechen / Iha GOtt selber hat den Rath erfunden / vnd geoffenbahret / vnd sich gnediglich erboten / Das er mit denen / die sich an diesen Bürgen / vnnd seine bezahlung mit festem Glauben halten / wölle zu frieden sein / vnd heist nun der Rechtspruch / vnd das Vrtheil / Wie JESVS selber Lehret / Johannis am Dritten / Wer an jhn Gleubet / der wird nicht Gerichtet.,also kan gott vnd wil vns auch nicht mehr besprechen iha gott selber hat den rath erfunden vnd geoffenbahret vnd sich gnediglich erboten das er mit denen die sich an diesen bürgen vnnd seine bezahlung mit festem glauben halten wölle zu frieden sein vnd heist nun der rechtspruch vnd das vrtheil wie jesvs selber lehret johannis am dritten wer an jhn gleubet der wird nicht gerichtet,also kan gott und wil uns auch nicht mehr besprechen iha gott selber hat den rath erfunden und geoffenbahret und sich gnediglich erboten das er mit denen die sich an diesen burgen unnd seine bezahlung mit festem glauben halten wolle zu frieden sein und heist nun der rechtspruch und das urtheil wie iesus selber lehret iohannis am dritten wer an ihn gleubet der wird nicht gerichtet
sattler_trostpredigt_1592,body,97,0,True,35,Derwegen wenn auff Mosis schwere anklag / das Vrtheil in GOttes Wort / vnd in vnserm Hertzen / vber vns ergehet / das wir Verflucht vnd verdampt sein solten: Sollen wir an CHristum Appellieren / der für vns dem Himlischen Vater gnug gethan / vnd vns mit Recht Erlöset hat / vmb welches willen / GOtt vns die Sünde vergibt.,derwegen wenn auff mosis schwere anklag das vrtheil in gottes wort vnd in vnserm hertzen vber vns ergehet das wir verflucht vnd verdampt sein solten sollen wir an christum appellieren der für vns dem himlischen vater gnug gethan vnd vns mit recht erlöset hat vmb welches willen gott vns die sünde vergibt,derwegen wenn auff mosis schwere anklag das urtheil in gottes wort und in unserm hertzen uber uns ergehet das wir uerflucht und uerdampt sein solten sollen wir an christum appellieren der fur uns dem himlischen uater gnug gethan und uns mit recht erloset hat umb welches willen gott uns die sunde uergibt
sattler_trostpredigt_1592,body,98,0,True,35,Denn das CHRISTus den Himmlischen Vater volkommen zu frieden gestellet habe / ist daraus abzunehmen / Das er jhn nicht im Todt bleiben lest / Sondern am Dritten Tage / wieder von den Todten Aufferwecket / Welches der Himmlische Vater nicht würde gethan / noch Christum loß gelassen haben / wo jhm nicht volkomlich gnug geschehen were.,denn das christus den himmlischen vater volkommen zu frieden gestellet habe ist daraus abzunehmen das er jhn nicht im todt bleiben lest sondern am dritten tage wieder von den todten aufferwecket welches der himmlische vater nicht würde gethan noch christum loß gelassen haben wo jhm nicht volkomlich gnug geschehen were,denn das christus den himmlischen uater uolkommen zu frieden gestellet habe ist daraus abzunehmen das er ihn nicht im todt bleiben lest sondern am dritten tage wieder uon den todten aufferwecket welches der himmlische uater nicht wurde gethan noch christum loss gelassen haben wo ihm nicht uolkomlich gnug geschehen were
sattler_trostpredigt_1592,body,99,0,False,36,Also haben sich dieses die Heiligen GOTtes getröstet.,also haben sich dieses die heiligen gottes getröstet,also haben sich dieses die heiligen gottes getrostet
sattler_trostpredigt_1592,body,99,1,False,36,Denn Hiob hat auch für diesem Gericht gegrawet / Wie er denn sagt / Cap. 9. Es könne ein Mensch GOtt auff Tausent nicht eins Antworten / wenn er lust habe mit jm zu hadern / noch versiehet er sich zu GOtt / das er jhn werde ewig Selig machẽ.,denn hiob hat auch für diesem gericht gegrawet wie er denn sagt cap es könne ein mensch gott auff tausent nicht eins antworten wenn er lust habe mit jm zu hadern noch versiehet er sich zu gott das er jhn werde ewig selig machẽ,denn hiob hat auch fur diesem gericht gegrawet wie er denn sagt cap es konne ein mensch gott auff tausent nicht eins antworten wenn er lust habe mit im zu hadern noch uersiehet er sich zu gott das er ihn werde ewig selig machen
sattler_trostpredigt_1592,body,99,2,False,36,Worauff verlest er sich deñ?,worauff verlest er sich deñ,worauff uerlest er sich denn
sattler_trostpredigt_1592,body,99,3,False,36,Er sagt / 19. Ich weiß das mein Erlöser lebt / der wirt aus der Erden aufferstehen.,er sagt ich weiß das mein erlöser lebt der wirt aus der erden aufferstehen,er sagt ich weiss das mein erloser lebt der wirt aus der erden aufferstehen
sattler_trostpredigt_1592,body,99,4,False,36,Desgleichen Dauid im 130. Psalm spricht / So du HErr wilt Sünd zurechnen / HERr wer wirt bestehen?,desgleichen dauid im psalm spricht so du herr wilt sünd zurechnen herr wer wirt bestehen,desgleichen dauid im psalm spricht so du herr wilt sund zurechnen herr wer wirt bestehen
sattler_trostpredigt_1592,body,99,5,False,36,Vnd im 143. Psal.,vnd im psal,und im psal
sattler_trostpredigt_1592,body,99,6,False,36,Gehe nicht ins Gericht mit deinem Knecht / Das macht auch jhn so trawrig / Psalm 6. das sein gestalt verfelt etc.,gehe nicht ins gericht mit deinem knecht das macht auch jhn so trawrig psalm das sein gestalt verfelt etc,gehe nicht ins gericht mit deinem knecht das macht auch ihn so trawrig psalm das sein gestalt uerfelt etc
sattler_trostpredigt_1592,body,99,7,True,36,Aber er fasst ein hertz / vñ Appellirt an den gnedigen Richterstuel Gottes / da er vmb Christi willen die Sünd vergibt / des tröstet er sich / vnd spricht / Psalm 130. Bey dem HErrn ist die Gnad / vnd viel Erlösung bey jhm / Vnd er wird Israel erlösen / aus allen seinen Sünden.,aber er fasst ein hertz vñ appellirt an den gnedigen richterstuel gottes da er vmb christi willen die sünd vergibt des tröstet er sich vnd spricht psalm bey dem herrn ist die gnad vnd viel erlösung bey jhm vnd er wird israel erlösen aus allen seinen sünden,aber er fasst ein hertz und appellirt an den gnedigen richterstuel gottes da er umb christi willen die sund uergibt des trostet er sich und spricht psalm bey dem herrn ist die gnad und uiel erlosung bey ihm und er wird israel erlosen aus allen seinen sunden
sattler_trostpredigt_1592,body,100,0,False,36,Eben also thut jhm hie Paulus / er sagt zwar im 7. Capittel / das in jhm nichts guts / Sonder eitel Sünde wohne / vnd seufftzet darüber.,eben also thut jhm hie paulus er sagt zwar im capittel das in jhm nichts guts sonder eitel sünde wohne vnd seufftzet darüber,eben also thut ihm hie paulus er sagt zwar im capittel das in ihm nichts guts sonder eitel sunde wohne und seufftzet daruber
sattler_trostpredigt_1592,body,100,1,False,36,Wie er denn auch nicht leugnet / das er schüldig sey / vnd das erst vrtheil im Gesetz verloren hab.,wie er denn auch nicht leugnet das er schüldig sey vnd das erst vrtheil im gesetz verloren hab,wie er denn auch nicht leugnet das er schuldig sey und das erst urtheil im gesetz uerloren hab
sattler_trostpredigt_1592,body,100,2,False,36,Aber darumb gibt er sich nicht / Sonder trotzt solche Feind im Glauben / vnd schlecht jhnen ein Knippichen vor / vnd sagt / Wer wil die Außerwelhten GOttes beschüldigen / GOtt ist hie / der Gerecht macht / Das ist / der durch ein gleichmessig vrtheil die sünd vergibt.,aber darumb gibt er sich nicht sonder trotzt solche feind im glauben vnd schlecht jhnen ein knippichen vor vnd sagt wer wil die außerwelhten gottes beschüldigen gott ist hie der gerecht macht das ist der durch ein gleichmessig vrtheil die sünd vergibt,aber darumb gibt er sich nicht sonder trotzt solche feind im glauben und schlecht ihnen ein knippichen uor und sagt wer wil die ausserwelhten gottes beschuldigen gott ist hie der gerecht macht das ist der durch ein gleichmessig urtheil die sund uergibt
sattler_trostpredigt_1592,body,100,3,False,37,Wer wil verdammen?,wer wil verdammen,wer wil uerdammen
sattler_trostpredigt_1592,body,100,4,False,37,Christus ist der gestorben ist / als wolter sagẽ / Der hat bezalet / nu gebürt sich nicht ein Schuld zweymal zu manen vnd zu bezalen.,christus ist der gestorben ist als wolter sagẽ der hat bezalet nu gebürt sich nicht ein schuld zweymal zu manen vnd zu bezalen,christus ist der gestorben ist als wolter sagen der hat bezalet nu geburt sich nicht ein schuld zweymal zu manen und zu bezalen
sattler_trostpredigt_1592,body,100,5,False,37,Das aber Christus bezalet hab / vñ da nichts an mangle / lehrt er auch / in dem er sagt / Ja der aufferweckt ist von den Toden / welches nicht geschehen were / wenn er nicht für die schuld vnd Sünd des Menschlichen Geschlechts / die er auff sich genommen / gentzlich bezalet hette.,das aber christus bezalet hab vñ da nichts an mangle lehrt er auch in dem er sagt ja der aufferweckt ist von den toden welches nicht geschehen were wenn er nicht für die schuld vnd sünd des menschlichen geschlechts die er auff sich genommen gentzlich bezalet hette,das aber christus bezalet hab und da nichts an mangle lehrt er auch in dem er sagt ia der aufferweckt ist uon den toden welches nicht geschehen were wenn er nicht fur die schuld und sund des menschlichen geschlechts die er auff sich genommen gentzlich bezalet hette
sattler_trostpredigt_1592,body,100,6,True,37,Ja er ist nun bey Gott im Himmel / vnd ist da vnser Vorsprach wieder Mosen / vnd helt dem Himlischen Vater für / sein Leiden vnd Sterben / der kan jm vns nicht versagen / Sonder schencket vns jhm billich / Wie er im 2. Psalm sagt / Heische von mir / so wil ich dir die Heiden zum Erbe geben / vnd der Welt ende zum Eigenthumb.,ja er ist nun bey gott im himmel vnd ist da vnser vorsprach wieder mosen vnd helt dem himlischen vater für sein leiden vnd sterben der kan jm vns nicht versagen sonder schencket vns jhm billich wie er im psalm sagt heische von mir so wil ich dir die heiden zum erbe geben vnd der welt ende zum eigenthumb,ia er ist nun bey gott im himmel und ist da unser uorsprach wieder mosen und helt dem himlischen uater fur sein leiden und sterben der kan im uns nicht uersagen sonder schencket uns ihm billich wie er im psalm sagt heische uon mir so wil ich dir die heiden zum erbe geben und der welt ende zum eigenthumb
sattler_trostpredigt_1592,body,101,0,True,37,Da man nun diesen Punct also mercket / vnd der Sünd / dem Gesetz / dem Zorn Gottes / dem bösen Gewissen / dem Teuffel vnd der Hellen / also mit wahren Glauben begegnet / so müssen sie die klagen einstellen / vnd vns zu frieden lassen.,da man nun diesen punct also mercket vnd der sünd dem gesetz dem zorn gottes dem bösen gewissen dem teuffel vnd der hellen also mit wahren glauben begegnet so müssen sie die klagen einstellen vnd vns zu frieden lassen,da man nun diesen punct also mercket und der sund dem gesetz dem zorn gottes dem bosen gewissen dem teuffel und der hellen also mit wahren glauben begegnet so mussen sie die klagen einstellen und uns zu frieden lassen
sattler_trostpredigt_1592,body,102,0,False,37,Derwegen wir nur darauff sehen sollen / das wir dieses Meister stück auch also gebrauchen / das wenn wir in nöthen sein / oder mit dem Todt ringen / vnd vns für kömpt vnsere Sünd / vnd als bald das Gesetz vns anklagt / vns GOttes Zorn vnd straff verkündiget / vnd gleich der Teuffel vnd Hell für vns stehen / vnd mit vns dauon wöllen / das wir denn jhnenalso begegnen / vnd sagen / Es ist wahr / Ich bin ein armer Sünder / vnd solte billich verdampt werden / aber GOtt hat seinen eignen Sohn lassen Mensch werden / Leiden vnd Sterben / Warumb ist das geschehen?,derwegen wir nur darauff sehen sollen das wir dieses meister stück auch also gebrauchen das wenn wir in nöthen sein oder mit dem todt ringen vnd vns für kömpt vnsere sünd vnd als bald das gesetz vns anklagt vns gottes zorn vnd straff verkündiget vnd gleich der teuffel vnd hell für vns stehen vnd mit vns dauon wöllen das wir denn jhnenalso begegnen vnd sagen es ist wahr ich bin ein armer sünder vnd solte billich verdampt werden aber gott hat seinen eignen sohn lassen mensch werden leiden vnd sterben warumb ist das geschehen,derwegen wir nur darauff sehen sollen das wir dieses meister stuck auch also gebrauchen das wenn wir in nothen sein oder mit dem todt ringen und uns fur kompt unsere sund und als bald das gesetz uns anklagt uns gottes zorn und straff uerkundiget und gleich der teuffel und hell fur uns stehen und mit uns dauon wollen das wir denn ihnenalso begegnen und sagen es ist wahr ich bin ein armer sunder und solte billich uerdampt werden aber gott hat seinen eignen sohn lassen mensch werden leiden und sterben warumb ist das geschehen
sattler_trostpredigt_1592,body,102,1,False,38,er hats nicht verdienet.,er hats nicht verdienet,er hats nicht uerdienet
sattler_trostpredigt_1592,body,102,2,True,38,So ists auch nicht vmbsonst geschehen / Sonder GOTT hat mir in seinem Wort geoffenbahret / das er mich mit seinem Bluth Ranzaunet / vnd erlöset hab.,so ists auch nicht vmbsonst geschehen sonder gott hat mir in seinem wort geoffenbahret das er mich mit seinem bluth ranzaunet vnd erlöset hab,so ists auch nicht umbsonst geschehen sonder gott hat mir in seinem wort geoffenbahret das er mich mit seinem bluth ranzaunet und erloset hab
sattler_trostpredigt_1592,body,103,0,True,38,Derwegen ich von diesem schrecklichen Richterstuel vnd vrtheil Appelliere / zu dem gnedigen Gericht / dauon CHristus sagt / Wer an jhn Gleube / der komme nicht ins Gericht / Johannis am 3. vnnd 5. Vnd bin ich euch nun also nichts mehr gestendig / Sprechet CHristum an / der ist mein Burg / Bezahler vnd Vorsprach / an den halte ich mich / der wird mich wol loss lauffen.,derwegen ich von diesem schrecklichen richterstuel vnd vrtheil appelliere zu dem gnedigen gericht dauon christus sagt wer an jhn gleube der komme nicht ins gericht johannis am vnnd vnd bin ich euch nun also nichts mehr gestendig sprechet christum an der ist mein burg bezahler vnd vorsprach an den halte ich mich der wird mich wol loss lauffen,derwegen ich uon diesem schrecklichen richterstuel und urtheil appelliere zu dem gnedigen gericht dauon christus sagt wer an ihn gleube der komme nicht ins gericht iohannis am unnd und bin ich euch nun also nichts mehr gestendig sprechet christum an der ist mein burg bezahler und uorsprach an den halte ich mich der wird mich wol loss lauffen
sattler_trostpredigt_1592,body,104,0,False,38,Also thet jener Mensch / wie er Sterben wolte / Da jhm der Teuffel auch einen solchen Proceß anstellete / vnd jhm sein Sünd fürhielte etc.,also thet jener mensch wie er sterben wolte da jhm der teuffel auch einen solchen proceß anstellete vnd jhm sein sünd fürhielte etc,also thet iener mensch wie er sterben wolte da ihm der teuffel auch einen solchen process anstellete und ihm sein sund furhielte etc
sattler_trostpredigt_1592,body,104,1,False,39,Gestunders / Hieß aber den Teuffel dabey schreiben / des Weibs Sam wird der Schlangen den Kopff zertretten.,gestunders hieß aber den teuffel dabey schreiben des weibs sam wird der schlangen den kopff zertretten,gestunders hiess aber den teuffel dabey schreiben des weibs sam wird der schlangen den kopff zertretten
sattler_trostpredigt_1592,body,104,2,True,39,Da der Teuffel jhn alßbaldt verlassen müssen / vnd mit grossem gestanck dauon gescheiden ist.,da der teuffel jhn alßbaldt verlassen müssen vnd mit grossem gestanck dauon gescheiden ist,da der teuffel ihn alssbaldt uerlassen mussen und mit grossem gestanck dauon gescheiden ist
sattler_trostpredigt_1592,body,105,0,False,39,Wenn aber der böß Feind / oder das Sündliche Fleisch weiter für wirfft / es gelte dir nicht / Du habest dich des nicht anzunehmen.,wenn aber der böß feind oder das sündliche fleisch weiter für wirfft es gelte dir nicht du habest dich des nicht anzunehmen,wenn aber der boss feind oder das sundliche fleisch weiter fur wirfft es gelte dir nicht du habest dich des nicht anzunehmen
sattler_trostpredigt_1592,body,105,1,False,39,Soltu hinwieder sagen / Ich bin jha Getaufft / vnd hab für mein Person in der Tauff CHristum angezogen.,soltu hinwieder sagen ich bin jha getaufft vnd hab für mein person in der tauff christum angezogen,soltu hinwieder sagen ich bin iha getaufft und hab fur mein person in der tauff christum angezogen
sattler_trostpredigt_1592,body,105,2,False,39,Ich werde Insonderheit von Predigern von Sünden loß gezehlet / auff den Befehl Christi / Da er sagt / Johannis am Zwantzigsten / Welchen jr die Sünd vergebet / denen sind sie vergeben / Es spricht Christus zu mir Insonderheit / Wenn ich sein Heilig Nachtmal empfange / Nim hin vnd Iß / das ist mein Leib / der für dich gegeben ist / mein Bluth / das für dich vergossen ist / zu Vergebung der Sünden.,ich werde insonderheit von predigern von sünden loß gezehlet auff den befehl christi da er sagt johannis am zwantzigsten welchen jr die sünd vergebet denen sind sie vergeben es spricht christus zu mir insonderheit wenn ich sein heilig nachtmal empfange nim hin vnd iß das ist mein leib der für dich gegeben ist mein bluth das für dich vergossen ist zu vergebung der sünden,ich werde insonderheit uon predigern uon sunden loss gezehlet auff den befehl christi da er sagt iohannis am zwantzigsten welchen ir die sund uergebet denen sind sie uergeben es spricht christus zu mir insonderheit wenn ich sein heilig nachtmal empfange nim hin und iss das ist mein leib der fur dich gegeben ist mein bluth das fur dich uergossen ist zu uergebung der sunden
sattler_trostpredigt_1592,body,105,3,False,39,So gilt es jha mir / vnd bekomme Ich der ich mich auff die lauter Gnaden Verheissung verlasse / vnd allein an CHristum Gleube / Also in sonderheit ein Quitantz / darin mich GOtt von allen meinen Sünden loß zelet.,so gilt es jha mir vnd bekomme ich der ich mich auff die lauter gnaden verheissung verlasse vnd allein an christum gleube also in sonderheit ein quitantz darin mich gott von allen meinen sünden loß zelet,so gilt es iha mir und bekomme ich der ich mich auff die lauter gnaden uerheissung uerlasse und allein an christum gleube also in sonderheit ein quitantz darin mich gott uon allen meinen sunden loss zelet
sattler_trostpredigt_1592,body,105,4,True,39,Weil nun Gott selber / der der Richter aller Menschen ist / also sich gegen mir erkleret / so halte ich mich billich daran / vnd lasse mich Mosen / mein gewissen / oder den bösen Feind / die der sachen nicht zuthun / vnd vber mich nicht zurichten haben / nicht anfechten / weiß jhnen auch gantz vnd gar nichts zu willen,weil nun gott selber der der richter aller menschen ist also sich gegen mir erkleret so halte ich mich billich daran vnd lasse mich mosen mein gewissen oder den bösen feind die der sachen nicht zuthun vnd vber mich nicht zurichten haben nicht anfechten weiß jhnen auch gantz vnd gar nichts zu willen,weil nun gott selber der der richter aller menschen ist also sich gegen mir erkleret so halte ich mich billich daran und lasse mich mosen mein gewissen oder den bosen feind die der sachen nicht zuthun und uber mich nicht zurichten haben nicht anfechten weiss ihnen auch gantz und gar nichts zu willen
sattler_trostpredigt_1592,body,106,0,True,40,Also vnd auff diese weise mus man den trost / das GOTT durch Christum es mit vns halt / wieder die Geistliche Feind / vnd Anfechtung gebrauchen.,also vnd auff diese weise mus man den trost das gott durch christum es mit vns halt wieder die geistliche feind vnd anfechtung gebrauchen,also und auff diese weise mus man den trost das gott durch christum es mit uns halt wieder die geistliche feind und anfechtung gebrauchen
sattler_trostpredigt_1592,body,107,0,False,40,Es bleibet aber dabey nicht / Sonder wenn man diese Feind vberwunden hat / so tretten andere zu mit grossen hauffen / vnnd ob sie wol den andern feinden / dauon jetzunt gehandelt / nicht gleichsein / so sein sie doch auch mechtig / vnd kan einer allein einem Menschen so bang machen / das er nicht weiß / was er anfangen soll.,es bleibet aber dabey nicht sonder wenn man diese feind vberwunden hat so tretten andere zu mit grossen hauffen vnnd ob sie wol den andern feinden dauon jetzunt gehandelt nicht gleichsein so sein sie doch auch mechtig vnd kan einer allein einem menschen so bang machen das er nicht weiß was er anfangen soll,es bleibet aber dabey nicht sonder wenn man diese feind uberwunden hat so tretten andere zu mit grossen hauffen unnd ob sie wol den andern feinden dauon ietzunt gehandelt nicht gleichsein so sein sie doch auch mechtig und kan einer allein einem menschen so bang machen das er nicht weiss was er anfangen soll
sattler_trostpredigt_1592,body,107,1,False,40,Viel mehr aber / wenn einer neben dem andern kömpt / oderstracks hinder dem andernhergehet.,viel mehr aber wenn einer neben dem andern kömpt oderstracks hinder dem andernhergehet,uiel mehr aber wenn einer neben dem andern kompt oderstracks hinder dem andernhergehet
sattler_trostpredigt_1592,body,107,2,True,40,Denn ein vnglück ist selten allein.,denn ein vnglück ist selten allein,denn ein ungluck ist selten allein
sattler_trostpredigt_1592,body,108,0,False,40,Aber Paulus gibt sich da auch nicht / Sonder braucht eben den Trost / das GOtl durch Christum jhm versünet / vnd sein gnediger Vater sey / der es nun mit jhm halte / derwegen er des gewiß ist / das sie jhm nichts anhaben / oder abgewinnen können.,aber paulus gibt sich da auch nicht sonder braucht eben den trost das gotl durch christum jhm versünet vnd sein gnediger vater sey der es nun mit jhm halte derwegen er des gewiß ist das sie jhm nichts anhaben oder abgewinnen können,aber paulus gibt sich da auch nicht sonder braucht eben den trost das gotl durch christum ihm uersunet und sein gnediger uater sey der es nun mit ihm halte derwegen er des gewiss ist das sie ihm nichts anhaben oder abgewinnen konnen
sattler_trostpredigt_1592,body,108,1,True,40,Spricht derwegen weiter.,spricht derwegen weiter,spricht derwegen weiter
sattler_trostpredigt_1592,body,109,0,True,40,Wer wil vns scheiden von der Liebe Gottes als wolte er sagen / da es die Geistliche Feind nicht gethan haben / so werden diese mir es auch nicht thun / lasse sie nur herkommen.,wer wil vns scheiden von der liebe gottes als wolte er sagen da es die geistliche feind nicht gethan haben so werden diese mir es auch nicht thun lasse sie nur herkommen,wer wil uns scheiden uon der liebe gottes als wolte er sagen da es die geistliche feind nicht gethan haben so werden diese mir es auch nicht thun lasse sie nur herkommen
sattler_trostpredigt_1592,body,110,0,True,41,Vnd erzehlet nun auff den rigen / das fürnembste leiblich Leiden vnnd Vnglück / so einem Menschen in dieser Welt zu handen stoßt.,vnd erzehlet nun auff den rigen das fürnembste leiblich leiden vnnd vnglück so einem menschen in dieser welt zu handen stoßt,und erzehlet nun auff den rigen das furnembste leiblich leiden unnd ungluck so einem menschen in dieser welt zu handen stosst
sattler_trostpredigt_1592,body,111,0,False,41,Erstlich ist Trübsal.,erstlich ist trübsal,erstlich ist trubsal
sattler_trostpredigt_1592,body,111,1,False,41,Denn wie Acto. 14. stehet / Wir müssen durch viel Trübsal in das Reich GOttes eingehen / es ist ein enger Weg / darin einer vom Teuffel vnd der Welt wol getrucket / vnd gepresset wirt / wie das Wort in seiner sprach klinget.,denn wie acto stehet wir müssen durch viel trübsal in das reich gottes eingehen es ist ein enger weg darin einer vom teuffel vnd der welt wol getrucket vnd gepresset wirt wie das wort in seiner sprach klinget,denn wie acto stehet wir mussen durch uiel trubsal in das reich gottes eingehen es ist ein enger weg darin einer uom teuffel und der welt wol getrucket und gepresset wirt wie das wort in seiner sprach klinget
sattler_trostpredigt_1592,body,111,2,False,41,Aber das schadet den Christen so gar nicht / das die Trübsal sie nur auff dem rechten Weg behalten / zum Ewigen Leben.,aber das schadet den christen so gar nicht das die trübsal sie nur auff dem rechten weg behalten zum ewigen leben,aber das schadet den christen so gar nicht das die trubsal sie nur auff dem rechten weg behalten zum ewigen leben
sattler_trostpredigt_1592,body,111,3,True,41,Ehe ich gedemütiget ward / Irret ich / spricht Dauid Psalm 119. Nun aber halte ich dein Wort.,ehe ich gedemütiget ward irret ich spricht dauid psalm nun aber halte ich dein wort,ehe ich gedemutiget ward irret ich spricht dauid psalm nun aber halte ich dein wort
sattler_trostpredigt_1592,body,112,0,True,41,Zum Andern erzehlet Paulus Angst / wie denn die Christen nicht allein eusserlich getruckt werden / Sonder auch jnnerliche Bangigkeit zum offtermal fühlen / als wenn es vbel geht / oder sonsten / da sie schier selbs nicht wissen / wo es jhnen herkömpt / Was betrübstu dich mein Seel / vnd bist so vnruhig in mir / spricht Dauid Psalm 42. Summa es gehet offt einem Christen / als einem der einen Dampff schnufen hat / das jhm jmmerdar der Athem ausbleiben will / Aber weil die Gleubigen / einen gnedigen Gott haben / so ruffen sie den an / der jnen raum zum Hertzen macht / wie im 118. Ps. steht In der angst ruff ich den HErn an / vnd der HEr erhöret mich / vñ tröstet mich / das ist / macht mir raum zum hertzẽ.,zum andern erzehlet paulus angst wie denn die christen nicht allein eusserlich getruckt werden sonder auch jnnerliche bangigkeit zum offtermal fühlen als wenn es vbel geht oder sonsten da sie schier selbs nicht wissen wo es jhnen herkömpt was betrübstu dich mein seel vnd bist so vnruhig in mir spricht dauid psalm summa es gehet offt einem christen als einem der einen dampff schnufen hat das jhm jmmerdar der athem ausbleiben will aber weil die gleubigen einen gnedigen gott haben so ruffen sie den an der jnen raum zum hertzen macht wie im ps steht in der angst ruff ich den hern an vnd der her erhöret mich vñ tröstet mich das ist macht mir raum zum hertzẽ,zum andern erzehlet paulus angst wie denn die christen nicht allein eusserlich getruckt werden sonder auch innerliche bangigkeit zum offtermal fuhlen als wenn es ubel geht oder sonsten da sie schier selbs nicht wissen wo es ihnen herkompt was betrubstu dich mein seel und bist so unruhig in mir spricht dauid psalm summa es gehet offt einem christen als einem der einen dampff schnufen hat das ihm immerdar der athem ausbleiben will aber weil die gleubigen einen gnedigen gott haben so ruffen sie den an der inen raum zum hertzen macht wie im ps steht in der angst ruff ich den hern an und der her erhoret mich und trostet mich das ist macht mir raum zum hertzen
sattler_trostpredigt_1592,body,113,0,False,42,Zum Dritten / Kömpt noch ein plag / die bey den Christen gar gemein ist / die höchste Verfolgung / da man die Christen / sonderlich die Prediger nicht leiden kan / Sonder setzet jhnen zu / siehet das man sie heb vnd abschaffe / Johannis am 15. Haben sie mich verfolget / so werden sie euch auch verfolgen.,zum dritten kömpt noch ein plag die bey den christen gar gemein ist die höchste verfolgung da man die christen sonderlich die prediger nicht leiden kan sonder setzet jhnen zu siehet das man sie heb vnd abschaffe johannis am haben sie mich verfolget so werden sie euch auch verfolgen,zum dritten kompt noch ein plag die bey den christen gar gemein ist die hochste uerfolgung da man die christen sonderlich die prediger nicht leiden kan sonder setzet ihnen zu siehet das man sie heb und abschaffe iohannis am haben sie mich uerfolget so werden sie euch auch uerfolgen
sattler_trostpredigt_1592,body,113,1,False,42,Ja alle die da wollen Gottselig in Christo leben / die müssẽ verfolgung leiden / 2. Tim. 3. Die Apostel müssen hinweg von Jerusalem / so gehets Paulo vnd Barnaba / zu Antiochia / zu Athen.,ja alle die da wollen gottselig in christo leben die müssẽ verfolgung leiden tim die apostel müssen hinweg von jerusalem so gehets paulo vnd barnaba zu antiochia zu athen,ia alle die da wollen gottselig in christo leben die mussen uerfolgung leiden tim die apostel mussen hinweg uon ierusalem so gehets paulo und barnaba zu antiochia zu athen
sattler_trostpredigt_1592,body,113,2,True,42,Aber das schadet nicht / Sonder dienet zu GOTtes Ehr / andern Christen zum Trost / vnd vns selbs zur ewigen herrligkeit.,aber das schadet nicht sonder dienet zu gottes ehr andern christen zum trost vnd vns selbs zur ewigen herrligkeit,aber das schadet nicht sonder dienet zu gottes ehr andern christen zum trost und uns selbs zur ewigen herrligkeit
sattler_trostpredigt_1592,body,114,0,False,42,Zum Vierden / Kömpt hunger vnd blösse.,zum vierden kömpt hunger vnd blösse,zum uierden kompt hunger und blosse
sattler_trostpredigt_1592,body,114,1,False,42,Denn die Christen müssen gemeinlich gleich werden / dem Ebenbild Christi / der nicht hatte / da er sein Haubt hin neigete.,denn die christen müssen gemeinlich gleich werden dem ebenbild christi der nicht hatte da er sein haubt hin neigete,denn die christen mussen gemeinlich gleich werden dem ebenbild christi der nicht hatte da er sein haubt hin neigete
sattler_trostpredigt_1592,body,114,2,False,42,Der Lazarus hat nicht die Brosamen / da er sein Hunger mit stillen / oder so viel Kleider / das er sich bedecken köndte.,der lazarus hat nicht die brosamen da er sein hunger mit stillen oder so viel kleider das er sich bedecken köndte,der lazarus hat nicht die brosamen da er sein hunger mit stillen oder so uiel kleider das er sich bedecken kondte
sattler_trostpredigt_1592,body,114,3,False,42,Aber was hat jhm das geschadt / hat jhn GOtt darumb verschmahet?,aber was hat jhm das geschadt hat jhn gott darumb verschmahet,aber was hat ihm das geschadt hat ihn gott darumb uerschmahet
sattler_trostpredigt_1592,body,114,4,True,42,Keins wegs nicht / Sonder er ist so wol bey GOtt enthalten gewesen / das GOtt so bald er stirbt / jhn durch die Engel in Abrahams schoß tragen lest / da er getröstet vnd alles Leids ergetzet wird.,keins wegs nicht sonder er ist so wol bey gott enthalten gewesen das gott so bald er stirbt jhn durch die engel in abrahams schoß tragen lest da er getröstet vnd alles leids ergetzet wird,keins wegs nicht sonder er ist so wol bey gott enthalten gewesen das gott so bald er stirbt ihn durch die engel in abrahams schoss tragen lest da er getrostet und alles leids ergetzet wird
sattler_trostpredigt_1592,body,115,0,False,42,Zum Fünfften / Kommen Christen offt in Fehrligkeit / da sie wol selbs nicht viel von wissen / vnd Leibs vnd Lebens nicht sicher sein / Als die Weisen / Matth. 2. Weil jhnen Herodes zu listig war / Paulus ist in gefahr / in Stetten / vnter Mördern / zu Wasser / Land / vnd vnter falschen Brüdern / vnd hilfft der böse Feind gewaltig dazu / begert vns zu sichten / wie man den Weitzẽ sichter.,zum fünfften kommen christen offt in fehrligkeit da sie wol selbs nicht viel von wissen vnd leibs vnd lebens nicht sicher sein als die weisen matth weil jhnen herodes zu listig war paulus ist in gefahr in stetten vnter mördern zu wasser land vnd vnter falschen brüdern vnd hilfft der böse feind gewaltig dazu begert vns zu sichten wie man den weitzẽ sichter,zum funfften kommen christen offt in fehrligkeit da sie wol selbs nicht uiel uon wissen und leibs und lebens nicht sicher sein als die weisen matth weil ihnen herodes zu listig war paulus ist in gefahr in stetten unter mordern zu wasser land und unter falschen brudern und hilfft der bose feind gewaltig dazu begert uns zu sichten wie man den weitzen sichter
sattler_trostpredigt_1592,body,115,1,False,43,Aber das scheidet so gar nicht von GOTtes Liebe / das Gott auch der Albern Vormünder ist / von den Weisen / von Paulo / Dauid / vnd andern Gleubigen / alle gefahr abwendet.,aber das scheidet so gar nicht von gottes liebe das gott auch der albern vormünder ist von den weisen von paulo dauid vnd andern gleubigen alle gefahr abwendet,aber das scheidet so gar nicht uon gottes liebe das gott auch der albern uormunder ist uon den weisen uon paulo dauid und andern gleubigen alle gefahr abwendet
sattler_trostpredigt_1592,body,115,2,True,43,Er hat seinen Engeln befohlen ober dir / das sie dich behütẽ / auff allen deinen Wegen / das sie dich auff den Henden tragen / vnd du deinen Fuß nicht an einen Stein stössest.,er hat seinen engeln befohlen ober dir das sie dich behütẽ auff allen deinen wegen das sie dich auff den henden tragen vnd du deinen fuß nicht an einen stein stössest,er hat seinen engeln befohlen ober dir das sie dich behuten auff allen deinen wegen das sie dich auff den henden tragen und du deinen fuss nicht an einen stein stossest
sattler_trostpredigt_1592,body,116,0,False,43,Zum Sechsten / Es müssen auch die Christen vnterweilen den kopff her halten / denn darauff lauffts endlich aus / als Johannes der Teuffer / Jacobus / Paulus / oder müssen eins andern Tods sterben / eben als weñ die Christen Schlachtschaffe werẽ / Wie im 44. Psal. stehet / Da ist niemand der sich jrer annehme: Sonder sie gehn darauff.,zum sechsten es müssen auch die christen vnterweilen den kopff her halten denn darauff lauffts endlich aus als johannes der teuffer jacobus paulus oder müssen eins andern tods sterben eben als weñ die christen schlachtschaffe werẽ wie im psal stehet da ist niemand der sich jrer annehme sonder sie gehn darauff,zum sechsten es mussen auch die christen unterweilen den kopff her halten denn darauff lauffts endlich aus als iohannes der teuffer iacobus paulus oder mussen eins andern tods sterben eben als wenn die christen schlachtschaffe weren wie im psal stehet da ist niemand der sich irer annehme sonder sie gehn darauff
sattler_trostpredigt_1592,body,116,1,True,43,Da / meint die vernunfft / ziehe Gott die hand gar ab. Aber es ist nicht / sonder da Ehret man Gott / vnd ist der Todt werd gehalten für dem HErrn.,da meint die vernunfft ziehe gott die hand gar ab aber es ist nicht sonder da ehret man gott vnd ist der todt werd gehalten für dem herrn,da meint die uernunfft ziehe gott die hand gar ab aber es ist nicht sonder da ehret man gott und ist der todt werd gehalten fur dem herrn
sattler_trostpredigt_1592,body,117,0,False,43,In dem allen lassen wir vns gedüncken / es werde vns zu letzt zuuiel werden / wir werdens nicht außstehen können.,in dem allen lassen wir vns gedüncken es werde vns zu letzt zuuiel werden wir werdens nicht außstehen können,in dem allen lassen wir uns geduncken es werde uns zu letzt zuuiel werden wir werdens nicht aussstehen konnen
sattler_trostpredigt_1592,body,117,1,False,43,Nein sagt Paulus / wir vberwinden vnd dazu weit / vnd zwar nicht wir / sonder Gott durch Christum auff vnser seitẽ.,nein sagt paulus wir vberwinden vnd dazu weit vnd zwar nicht wir sonder gott durch christum auff vnser seitẽ,nein sagt paulus wir uberwinden und dazu weit und zwar nicht wir sonder gott durch christum auff unser seiten
sattler_trostpredigt_1592,body,117,2,False,44,Ja es geht nicht knap her / sonder weit vberwinden wir / vnd kom̃en vngeschlagen dauon.,ja es geht nicht knap her sonder weit vberwinden wir vnd kom̃en vngeschlagen dauon,ia es geht nicht knap her sonder weit uberwinden wir und kommen ungeschlagen dauon
sattler_trostpredigt_1592,body,117,3,False,44,Deñ auff vnser seiten ist ein vnendliche hülff / vnd weñ wir schon schwach werden / so ist doch Gottes krafft in den schwachen mechtig.,deñ auff vnser seiten ist ein vnendliche hülff vnd weñ wir schon schwach werden so ist doch gottes krafft in den schwachen mechtig,denn auff unser seiten ist ein unendliche hulff und wenn wir schon schwach werden so ist doch gottes krafft in den schwachen mechtig
sattler_trostpredigt_1592,body,117,4,True,44,Er erholet aber den grundt des Trosts wider / vñ sagt vmb des willẽ der vns geliebet hat.,er erholet aber den grundt des trosts wider vñ sagt vmb des willẽ der vns geliebet hat,er erholet aber den grundt des trosts wider und sagt umb des willen der uns geliebet hat
sattler_trostpredigt_1592,body,118,0,False,44,Was hat Hiob geschadet / alles vnglück / so jm begegnet?,was hat hiob geschadet alles vnglück so jm begegnet,was hat hiob geschadet alles ungluck so im begegnet
sattler_trostpredigt_1592,body,118,1,False,44,nichts vberal / sonder es ist sein bests gewesen / vnd er hat vberwunden.,nichts vberal sonder es ist sein bests gewesen vnd er hat vberwunden,nichts uberal sonder es ist sein bests gewesen und er hat uberwunden
sattler_trostpredigt_1592,body,118,2,False,44,Also ist nicht dieses alles / das bißhero erzelt / Paulo selber zu handen gestossen / der eben ein Mensch gewesen wie wir / Aber weil er an Christum gleubet / so vberwind ers alles / vnd tröstet sich der krönung / 2. Timoth 4. Ich hab einen guten Kampff gekempffet / Ich hab meinen Lauff vollendet / Ich hab Glauben gehalten.,also ist nicht dieses alles das bißhero erzelt paulo selber zu handen gestossen der eben ein mensch gewesen wie wir aber weil er an christum gleubet so vberwind ers alles vnd tröstet sich der krönung timoth ich hab einen guten kampff gekempffet ich hab meinen lauff vollendet ich hab glauben gehalten,also ist nicht dieses alles das bisshero erzelt paulo selber zu handen gestossen der eben ein mensch gewesen wie wir aber weil er an christum gleubet so uberwind ers alles und trostet sich der kronung timoth ich hab einen guten kampff gekempffet ich hab meinen lauff uollendet ich hab glauben gehalten
sattler_trostpredigt_1592,body,118,3,True,44,Hinfurt ist mir beygelegt / die Kron der Gerechtigkeit.,hinfurt ist mir beygelegt die kron der gerechtigkeit,hinfurt ist mir beygelegt die kron der gerechtigkeit
sattler_trostpredigt_1592,body,119,0,False,44,Vnd fasset nun Paulus im Glauben alles zusamen / das einen Menschẽschrecken / oder jm einfallen mag / vnd zeigt an / das vns solches von Gott vnd vnserm HERrn Jesu Christo nicht scheiden / noch auß seiner Gnad reissen möge / vnd spricht / Ich bin gewiß / damit er lehrt / ein Christen sol nicht zweifflen an seiner Seligkeit / wie die Papisten zweifflen / vñ heissen zweifflẽ / sonder sol sich zu Gott gewiß versehẽ / das er jn wolle erhalten / vñ Selig machen.,vnd fasset nun paulus im glauben alles zusamen das einen menschẽschrecken oder jm einfallen mag vnd zeigt an das vns solches von gott vnd vnserm herrn jesu christo nicht scheiden noch auß seiner gnad reissen möge vnd spricht ich bin gewiß damit er lehrt ein christen sol nicht zweifflen an seiner seligkeit wie die papisten zweifflen vñ heissen zweifflẽ sonder sol sich zu gott gewiß versehẽ das er jn wolle erhalten vñ selig machen,und fasset nun paulus im glauben alles zusamen das einen menschenschrecken oder im einfallen mag und zeigt an das uns solches uon gott und unserm herrn iesu christo nicht scheiden noch auss seiner gnad reissen moge und spricht ich bin gewiss damit er lehrt ein christen sol nicht zweifflen an seiner seligkeit wie die papisten zweifflen und heissen zweifflen sonder sol sich zu gott gewiss uersehen das er in wolle erhalten und selig machen
sattler_trostpredigt_1592,body,119,1,False,45,Denn ein Christen sagt nicht / Ich fahr vnd weiß nicht wohin / Sonder ich weiß wol wohin.,denn ein christen sagt nicht ich fahr vnd weiß nicht wohin sonder ich weiß wol wohin,denn ein christen sagt nicht ich fahr und weiss nicht wohin sonder ich weiss wol wohin
sattler_trostpredigt_1592,body,119,2,True,45,Ich wil / sagt Paulus / erzehlen alles was gewaltig vnd groß ist / vnd da einer sich vor fürchten möchte / vnd sage / das mir oder keinem Gleubigen der keines schaden soll.,ich wil sagt paulus erzehlen alles was gewaltig vnd groß ist vnd da einer sich vor fürchten möchte vnd sage das mir oder keinem gleubigen der keines schaden soll,ich wil sagt paulus erzehlen alles was gewaltig und gross ist und da einer sich uor furchten mochte und sage das mir oder keinem gleubigen der keines schaden soll
sattler_trostpredigt_1592,body,120,0,False,45,Erstlich setzt er fornen an die Spitzen den Todt / der alle Menschen auffreibt / dawieder niemand schützen kan / vnd der das allerschrecklichst vnglück ist vnter allem / das in dieser Welt einem Menschen begegnet / da fürchtet sich Fleisch vnd Bluth vor / vnd besorgt sich / es werde da nicht bestehen können.,erstlich setzt er fornen an die spitzen den todt der alle menschen auffreibt dawieder niemand schützen kan vnd der das allerschrecklichst vnglück ist vnter allem das in dieser welt einem menschen begegnet da fürchtet sich fleisch vnd bluth vor vnd besorgt sich es werde da nicht bestehen können,erstlich setzt er fornen an die spitzen den todt der alle menschen auffreibt dawieder niemand schutzen kan und der das allerschrecklichst ungluck ist unter allem das in dieser welt einem menschen begegnet da furchtet sich fleisch und bluth uor und besorgt sich es werde da nicht bestehen konnen
sattler_trostpredigt_1592,body,120,1,False,45,Ach wer den Berg hinan wer / sagt jene fromme Fraw.,ach wer den berg hinan wer sagt jene fromme fraw,ach wer den berg hinan wer sagt iene fromme fraw
sattler_trostpredigt_1592,body,120,2,False,45,Aber Paulus sagt / der gewaltig Feind / so Leib vnd Seel scheidet / sol vnß von der Lieb GOttes / die in Christo Jesu ist / nicht scheiden.,aber paulus sagt der gewaltig feind so leib vnd seel scheidet sol vnß von der lieb gottes die in christo jesu ist nicht scheiden,aber paulus sagt der gewaltig feind so leib und seel scheidet sol unss uon der lieb gottes die in christo iesu ist nicht scheiden
sattler_trostpredigt_1592,body,120,3,False,45,Denn wer an Christum gleubet / der schmecket den Todt nicht.,denn wer an christum gleubet der schmecket den todt nicht,denn wer an christum gleubet der schmecket den todt nicht
sattler_trostpredigt_1592,body,120,4,False,45,Wie wir an Simeone sehen Item / an Stephano / Darumb sie auch im Todt sich wol zu frieden geben.,wie wir an simeone sehen item an stephano darumb sie auch im todt sich wol zu frieden geben,wie wir an simeone sehen item an stephano darumb sie auch im todt sich wol zu frieden geben
sattler_trostpredigt_1592,body,120,5,True,45,Ja Paulus begert abzuscheiden / vnd bey Christo zu sein.,ja paulus begert abzuscheiden vnd bey christo zu sein,ia paulus begert abzuscheiden und bey christo zu sein
sattler_trostpredigt_1592,body,121,0,False,45,2. Sagt Paulus / Oder Leben.,sagt paulus oder leben,sagt paulus oder leben
sattler_trostpredigt_1592,body,121,1,False,45,Marchen schreckt das Leben / das er gönnete vnd wünschte / das er schon Todt were / denn da stöst jhm so viel zuhanden / da wird man mit Irthumb oder falscher Lehr verfüret.,marchen schreckt das leben das er gönnete vnd wünschte das er schon todt were denn da stöst jhm so viel zuhanden da wird man mit irthumb oder falscher lehr verfüret,marchen schreckt das leben das er gonnete und wunschte das er schon todt were denn da stost ihm so uiel zuhanden da wird man mit irthumb oder falscher lehr uerfuret
sattler_trostpredigt_1592,body,121,2,False,45,Da stellet einem der Teuffel nach / da versucht sich die Welt an jhm.,da stellet einem der teuffel nach da versucht sich die welt an jhm,da stellet einem der teuffel nach da uersucht sich die welt an ihm
sattler_trostpredigt_1592,body,121,3,False,46,Aber das sols vns auch nicht thun.,aber das sols vns auch nicht thun,aber das sols uns auch nicht thun
sattler_trostpredigt_1592,body,121,4,True,46,Der HErr keñet die seinen / vnd sagt Christus / meine Schaff wirt mir niemand aus meiner Hand reissen / Joha. 10. vnd Johan. 17. Ich bitte nicht / das du sie hinweg nehmest von der Welt / Sondern das du sie bewarest für dem vbel / Gott kan dich / dein Weib vnd Kinder in dieser bösen Welt wol erhalten.,der herr keñet die seinen vnd sagt christus meine schaff wirt mir niemand aus meiner hand reissen joha vnd johan ich bitte nicht das du sie hinweg nehmest von der welt sondern das du sie bewarest für dem vbel gott kan dich dein weib vnd kinder in dieser bösen welt wol erhalten,der herr kennet die seinen und sagt christus meine schaff wirt mir niemand aus meiner hand reissen ioha und iohan ich bitte nicht das du sie hinweg nehmest uon der welt sondern das du sie bewarest fur dem ubel gott kan dich dein weib und kinder in dieser bosen welt wol erhalten
sattler_trostpredigt_1592,body,122,0,False,46,3. Es scheinet alles biß weilen wieder vns sein / darumb nimpt Paulus mit / was gewaltig ist / oder gedacht werden kan / vnd sind von den mechtigsten Creaturn die Engel / deren einer in einer Nacht 185000. Man erschlecht.,es scheinet alles biß weilen wieder vns sein darumb nimpt paulus mit was gewaltig ist oder gedacht werden kan vnd sind von den mechtigsten creaturn die engel deren einer in einer nacht man erschlecht,es scheinet alles biss weilen wieder uns sein darumb nimpt paulus mit was gewaltig ist oder gedacht werden kan und sind uon den mechtigsten creaturn die engel deren einer in einer nacht man erschlecht
sattler_trostpredigt_1592,body,122,1,True,46,Aber die / wenns müglich were / das sie sich vns wieder setzen / sollen vns auch nicht von Gott hinweg reissen.,aber die wenns müglich were das sie sich vns wieder setzen sollen vns auch nicht von gott hinweg reissen,aber die wenns muglich were das sie sich uns wieder setzen sollen uns auch nicht uon gott hinweg reissen
sattler_trostpredigt_1592,body,123,0,True,46,4. Noch Fürstenthumb / noch gewalt / ob schon der Teuffel von Christo selber ein Fürst / von Paulo ein Gott der Welt genennet wirt / so kan er vns doch nicht schaden an der Seligkeit / der Sathanas hat ewer begert / spricht Christus / das er euch sichten möchte / wie man den Weitzen sichtet / aber ich hab für dich gebeten / vnd abermal / der Fürst der Welt ist Gericht.,noch fürstenthumb noch gewalt ob schon der teuffel von christo selber ein fürst von paulo ein gott der welt genennet wirt so kan er vns doch nicht schaden an der seligkeit der sathanas hat ewer begert spricht christus das er euch sichten möchte wie man den weitzen sichtet aber ich hab für dich gebeten vnd abermal der fürst der welt ist gericht,noch furstenthumb noch gewalt ob schon der teuffel uon christo selber ein furst uon paulo ein gott der welt genennet wirt so kan er uns doch nicht schaden an der seligkeit der sathanas hat ewer begert spricht christus das er euch sichten mochte wie man den weitzen sichtet aber ich hab fur dich gebeten und abermal der furst der welt ist gericht
sattler_trostpredigt_1592,body,124,0,False,46,5. Noch Gewalt / kein Tyrann sol vns scheiden.,noch gewalt kein tyrann sol vns scheiden,noch gewalt kein tyrann sol uns scheiden
sattler_trostpredigt_1592,body,124,1,False,46,Da schon Decius Laurentium Braten lest / gewint er jhm doch nicht ab / Sonder Laurentius trotzet jhn noch.,da schon decius laurentium braten lest gewint er jhm doch nicht ab sonder laurentius trotzet jhn noch,da schon decius laurentium braten lest gewint er ihm doch nicht ab sonder laurentius trotzet ihn noch
sattler_trostpredigt_1592,body,124,2,True,46,Denn Gott hat jhn gefast.,denn gott hat jhn gefast,denn gott hat ihn gefast
sattler_trostpredigt_1592,body,125,0,False,47,6. Weder gegenwertiges.,weder gegenwertiges,weder gegenwertiges
sattler_trostpredigt_1592,body,125,1,False,47,Bißweilen sehen wir die grosse noth für Augen / jha wir stecken darin biß vber die Ohren / das wir bey vns selber sagen / das wird mirs thun.,bißweilen sehen wir die grosse noth für augen jha wir stecken darin biß vber die ohren das wir bey vns selber sagen das wird mirs thun,bissweilen sehen wir die grosse noth fur augen iha wir stecken darin biss uber die ohren das wir bey uns selber sagen das wird mirs thun
sattler_trostpredigt_1592,body,125,2,True,47,Da sagt Gott / Psal. 91. Ich bin bey dir in der noth / vnd Jes. 41. Fürchte dich nicht / ich bin mit dir.,da sagt gott psal ich bin bey dir in der noth vnd jes fürchte dich nicht ich bin mit dir,da sagt gott psal ich bin bey dir in der noth und ies furchte dich nicht ich bin mit dir
sattler_trostpredigt_1592,body,126,0,False,47,7. Noch zukünfftiges / da plagen wir vns am meisten mit / was hin ist / das köñen wir vergessen / aber da machen wir Allmanach / vnd fürchten vns / was vns noch im Alter oder im Todt begegnen mag.,noch zukünfftiges da plagen wir vns am meisten mit was hin ist das köñen wir vergessen aber da machen wir allmanach vnd fürchten vns was vns noch im alter oder im todt begegnen mag,noch zukunfftiges da plagen wir uns am meisten mit was hin ist das konnen wir uergessen aber da machen wir allmanach und furchten uns was uns noch im alter oder im todt begegnen mag
sattler_trostpredigt_1592,body,126,1,True,47,Aber da sollen wir gedencken / das Gott verheist / Jesa. 46. Ich wil euch biß ins Alter tragen / vnd jn darumb auß dem 71. Psalm anruffen: Verlaß mich nicht wenn ich Alt werde.,aber da sollen wir gedencken das gott verheist jesa ich wil euch biß ins alter tragen vnd jn darumb auß dem psalm anruffen verlaß mich nicht wenn ich alt werde,aber da sollen wir gedencken das gott uerheist iesa ich wil euch biss ins alter tragen und in darumb auss dem psalm anruffen uerlass mich nicht wenn ich alt werde
sattler_trostpredigt_1592,body,127,0,False,47,8. Sagt er / Wedder hohes noch tieffes / was in der Welt ist / das ist entweder hoch oder gewaltig / oder tieff.,sagt er wedder hohes noch tieffes was in der welt ist das ist entweder hoch oder gewaltig oder tieff,sagt er wedder hohes noch tieffes was in der welt ist das ist entweder hoch oder gewaltig oder tieff
sattler_trostpredigt_1592,body,127,1,True,47,Jos eph / vnd Daniel sein hoch komen in dieser Welt / aber das sol vns nicht aus Christi Henden reissen,jos eph vnd daniel sein hoch komen in dieser welt aber das sol vns nicht aus christi henden reissen,ios eph und daniel sein hoch komen in dieser welt aber das sol uns nicht aus christi henden reissen
sattler_trostpredigt_1592,body,128,0,True,47,9. Also ist kein noth so tieff / Gott kan vnd will vns herauß reissen / er führet in die Hell / vnd wieder heraus / du hast mich Lebend behalten / da jene zur Hellen furen spricht Dauid.,also ist kein noth so tieff gott kan vnd will vns herauß reissen er führet in die hell vnd wieder heraus du hast mich lebend behalten da jene zur hellen furen spricht dauid,also ist kein noth so tieff gott kan und will uns herauss reissen er fuhret in die hell und wieder heraus du hast mich lebend behalten da iene zur hellen furen spricht dauid
sattler_trostpredigt_1592,body,129,0,False,47,10. Noch kein Creatur / da fasset er alles zusammen / vnd spricht / Was ist es denn mehr / da man sich so für fürchtet / als GOTts Geschöpff / als ein Topff in der Hand eiues Töpffers / das Geschöpff wirt jha GOTT den Schöpffer nicht bezwingen.,noch kein creatur da fasset er alles zusammen vnd spricht was ist es denn mehr da man sich so für fürchtet als gotts geschöpff als ein topff in der hand eiues töpffers das geschöpff wirt jha gott den schöpffer nicht bezwingen,noch kein creatur da fasset er alles zusammen und spricht was ist es denn mehr da man sich so fur furchtet als gotts geschopff als ein topff in der hand eiues topffers das geschopff wirt iha gott den schopffer nicht bezwingen
sattler_trostpredigt_1592,body,129,1,True,48,Joseph sagt zu seinen Brüdern / Fürchtet euch nicht / denn ich bin vnter Gott / das mus alle Creature sagen / er hat Him̃el / Erden / Meer vnd alles in seiner Hand.,joseph sagt zu seinen brüdern fürchtet euch nicht denn ich bin vnter gott das mus alle creature sagen er hat him̃el erden meer vnd alles in seiner hand,ioseph sagt zu seinen brudern furchtet euch nicht denn ich bin unter gott das mus alle creature sagen er hat himmel erden meer und alles in seiner hand
sattler_trostpredigt_1592,body,130,0,False,48,Wie aber Paulus angefangen / also beschleust er auch vnd sagt / Kein Creatur kan vns scheiden / von der Liebe Gottes / die da ist in Christo Jesu vnserm HErrn.,wie aber paulus angefangen also beschleust er auch vnd sagt kein creatur kan vns scheiden von der liebe gottes die da ist in christo jesu vnserm herrn,wie aber paulus angefangen also beschleust er auch und sagt kein creatur kan uns scheiden uon der liebe gottes die da ist in christo iesu unserm herrn
sattler_trostpredigt_1592,body,130,1,True,48,Damit er abermal wie im anfang / mittel vnd ende dieses Spruchs anzeiget / worauff sich solcher sein Glaube gründe / nemlich / nicht auff GOttes sondbahre Offenbarung / wie die Papisten dichten / vnnd darumb vns dieses Trosts berauben / Sonder Paulus zeigts nochmals an / Niemand kan vns scheiden von der Liebe GOTTes / die da ist in Christo Jesu vnserm HErrn / Als wolte er sagen / Er halte sich an das Euangelium / daraus er gelernet / das GOtt also die Welt geliebet / das er seinen eingebornen Son gegeben / auff das alle die an jhn Gleuben / nicht verloren werden / sonder das Ewige Leben haben.,damit er abermal wie im anfang mittel vnd ende dieses spruchs anzeiget worauff sich solcher sein glaube gründe nemlich nicht auff gottes sondbahre offenbarung wie die papisten dichten vnnd darumb vns dieses trosts berauben sonder paulus zeigts nochmals an niemand kan vns scheiden von der liebe gottes die da ist in christo jesu vnserm herrn als wolte er sagen er halte sich an das euangelium daraus er gelernet das gott also die welt geliebet das er seinen eingebornen son gegeben auff das alle die an jhn gleuben nicht verloren werden sonder das ewige leben haben,damit er abermal wie im anfang mittel und ende dieses spruchs anzeiget worauff sich solcher sein glaube grunde nemlich nicht auff gottes sondbahre offenbarung wie die papisten dichten unnd darumb uns dieses trosts berauben sonder paulus zeigts nochmals an niemand kan uns scheiden uon der liebe gottes die da ist in christo iesu unserm herrn als wolte er sagen er halte sich an das euangelium daraus er gelernet das gott also die welt geliebet das er seinen eingebornen son gegeben auff das alle die an ihn gleuben nicht uerloren werden sonder das ewige leben haben
sattler_trostpredigt_1592,body,131,0,False,48,Diß Meisterstück / Geliebte im HErrn / lernet Paulo nachthun / brauchet also den andern Artickel des Glaubens.,diß meisterstück geliebte im herrn lernet paulo nachthun brauchet also den andern artickel des glaubens,diss meisterstuck geliebte im herrn lernet paulo nachthun brauchet also den andern artickel des glaubens
sattler_trostpredigt_1592,body,131,1,False,48,Ich Gleub das Jesus Christus warhafftiger GOtt / vom Vater in Ewigkeit geboren / vnd auch warhafftiger Mensch / von der Junckfrawen Maria geboren / Sey mein HErr / der mich verlornen vnd verdampten Menschen erlöset hat / erworben / gewoñen / von allen sünden / vom Todt / vnd von der macht / vnd gewalt des Teuffels / nicht mit Golde / oder Silber / Sonder mit seinem Heiligen tewren Bluth / vnd mit seinem vnschüldigen Leiden vnd Sterben: Auff das ich sein eigen sey / vnter jhm Lebe / vnd jhm diene / in ewiger vnschuldt vnd Seligkeit / gleich wie er ist aufferstanden von den Todten / lebet vnd regieret in ewig keit / das ist gewißlich wahr: Gedencket jhr habt durch Christum einen gnedigen GOtt / Darumb könne euch kein noth oder Feind schaden.,ich gleub das jesus christus warhafftiger gott vom vater in ewigkeit geboren vnd auch warhafftiger mensch von der junckfrawen maria geboren sey mein herr der mich verlornen vnd verdampten menschen erlöset hat erworben gewoñen von allen sünden vom todt vnd von der macht vnd gewalt des teuffels nicht mit golde oder silber sonder mit seinem heiligen tewren bluth vnd mit seinem vnschüldigen leiden vnd sterben auff das ich sein eigen sey vnter jhm lebe vnd jhm diene in ewiger vnschuldt vnd seligkeit gleich wie er ist aufferstanden von den todten lebet vnd regieret in ewig keit das ist gewißlich wahr gedencket jhr habt durch christum einen gnedigen gott darumb könne euch kein noth oder feind schaden,ich gleub das iesus christus warhafftiger gott uom uater in ewigkeit geboren und auch warhafftiger mensch uon der iunckfrawen maria geboren sey mein herr der mich uerlornen und uerdampten menschen erloset hat erworben gewonnen uon allen sunden uom todt und uon der macht und gewalt des teuffels nicht mit golde oder silber sonder mit seinem heiligen tewren bluth und mit seinem unschuldigen leiden und sterben auff das ich sein eigen sey unter ihm lebe und ihm diene in ewiger unschuldt und seligkeit gleich wie er ist aufferstanden uon den todten lebet und regieret in ewig keit das ist gewisslich wahr gedencket ihr habt durch christum einen gnedigen gott darumb konne euch kein noth oder feind schaden
sattler_trostpredigt_1592,body,131,2,False,49,Derwegen haltet euch nur an Christum / vnd durch Christum an GOtt den Himlischen Vater / so hats kein noth / Sonder alles vnglück das euch begegnet / mus ewer glück sein.,derwegen haltet euch nur an christum vnd durch christum an gott den himlischen vater so hats kein noth sonder alles vnglück das euch begegnet mus ewer glück sein,derwegen haltet euch nur an christum und durch christum an gott den himlischen uater so hats kein noth sonder alles ungluck das euch begegnet mus ewer gluck sein
sattler_trostpredigt_1592,body,131,3,False,49,Der liebe Vater kan es jha nicht böß meinen / er hat jha alles in Henden / er wird allen sachen wol rathen / vnd euch nicht verrhaten / Sonder wol beraten.,der liebe vater kan es jha nicht böß meinen er hat jha alles in henden er wird allen sachen wol rathen vnd euch nicht verrhaten sonder wol beraten,der liebe uater kan es iha nicht boss meinen er hat iha alles in henden er wird allen sachen wol rathen und euch nicht uerrhaten sonder wol beraten
sattler_trostpredigt_1592,body,131,4,True,49,Aber er führet seine Heiligen wünderlich.,aber er führet seine heiligen wünderlich,aber er fuhret seine heiligen wunderlich
sattler_trostpredigt_1592,body,132,0,False,49,Ach das wir das bedechten / wie würden wir vns doch so wol in aller noth zu frieden geben / vnd frölich vnd frewdig sein / da vns jetzt leider / das allergeringst Vnglück den muth nimpt.,ach das wir das bedechten wie würden wir vns doch so wol in aller noth zu frieden geben vnd frölich vnd frewdig sein da vns jetzt leider das allergeringst vnglück den muth nimpt,ach das wir das bedechten wie wurden wir uns doch so wol in aller noth zu frieden geben und frolich und frewdig sein da uns ietzt leider das allergeringst ungluck den muth nimpt
sattler_trostpredigt_1592,body,132,1,True,49,Ach Gott hilff vnser Schwacheit / hilff das wir auff dich sehen / vnd vns deines beystandes trösten.,ach gott hilff vnser schwacheit hilff das wir auff dich sehen vnd vns deines beystandes trösten,ach gott hilff unser schwacheit hilff das wir auff dich sehen und uns deines beystandes trosten
sattler_trostpredigt_1592,head,133,0,True,49,Beschluß.,beschluß,beschluss
sattler_trostpredigt_1592,body,134,0,False,49,Also haben wir jetzund ein Erbare Fraw vom Adel zur Erden bestattet / die ist jhrer empfengnis vnd Geburt halben gewesen / wie wir alle sein ein Sünderin / vnd ob sie wol für der Welt vnstrefflich / still vnd eingezogen gelebet hat / so ist sie doch so weinig / als wir andern Engelrein gewesen / sonder hat teglich mit allen Heiligen vmb vergebung der Sünden bitten müssen / Wie sie denn selbs allzeit / sonderlich auch auffs letzte noch bekant hat.,also haben wir jetzund ein erbare fraw vom adel zur erden bestattet die ist jhrer empfengnis vnd geburt halben gewesen wie wir alle sein ein sünderin vnd ob sie wol für der welt vnstrefflich still vnd eingezogen gelebet hat so ist sie doch so weinig als wir andern engelrein gewesen sonder hat teglich mit allen heiligen vmb vergebung der sünden bitten müssen wie sie denn selbs allzeit sonderlich auch auffs letzte noch bekant hat,also haben wir ietzund ein erbare fraw uom adel zur erden bestattet die ist ihrer empfengnis und geburt halben gewesen wie wir alle sein ein sunderin und ob sie wol fur der welt unstrefflich still und eingezogen gelebet hat so ist sie doch so weinig als wir andern engelrein gewesen sonder hat teglich mit allen heiligen umb uergebung der sunden bitten mussen wie sie denn selbs allzeit sonderlich auch auffs letzte noch bekant hat
sattler_trostpredigt_1592,body,134,1,False,50,Aber das ist tröstlich / das sie durch das Wasser vnd den heiligen Geist wiedergeboren / vnd das sie Gottes Wort nicht allein gehört / sonder auch mit warem Glauben angenommen / solchen Glauben bekant / auch sonsten / vnd kurtz für jrem End / noch solchen Glauben bezeuget / mit empfahung des wahren Leibs vnd Bluts Christi / im heiligen Nachtmal.,aber das ist tröstlich das sie durch das wasser vnd den heiligen geist wiedergeboren vnd das sie gottes wort nicht allein gehört sonder auch mit warem glauben angenommen solchen glauben bekant auch sonsten vnd kurtz für jrem end noch solchen glauben bezeuget mit empfahung des wahren leibs vnd bluts christi im heiligen nachtmal,aber das ist trostlich das sie durch das wasser und den heiligen geist wiedergeboren und das sie gottes wort nicht allein gehort sonder auch mit warem glauben angenommen solchen glauben bekant auch sonsten und kurtz fur irem end noch solchen glauben bezeuget mit empfahung des wahren leibs und bluts christi im heiligen nachtmal
sattler_trostpredigt_1592,body,134,2,False,50,Vnd ob sie wol GOtt in jhrem Weiblichen beruff / vnd Kinderzucht hart mit genommen / auch andere schwacheit zugeschlagen / ist sie doch im Glauben verharret / Denn wenn jhr ein Trostspruch von Christo fürgehalten / deren sie selber viel gewust / hat sie gesagt / dabey wil ich bleiben.,vnd ob sie wol gott in jhrem weiblichen beruff vnd kinderzucht hart mit genommen auch andere schwacheit zugeschlagen ist sie doch im glauben verharret denn wenn jhr ein trostspruch von christo fürgehalten deren sie selber viel gewust hat sie gesagt dabey wil ich bleiben,und ob sie wol gott in ihrem weiblichen beruff und kinderzucht hart mit genommen auch andere schwacheit zugeschlagen ist sie doch im glauben uerharret denn wenn ihr ein trostspruch uon christo furgehalten deren sie selber uiel gewust hat sie gesagt dabey wil ich bleiben
sattler_trostpredigt_1592,body,134,3,False,50,Auch hat sie solchẽ glauben damit bezeuget / das sie sich gedültig in Gottes willen ergeben / vnd außtrücklich gesagt / wo sie Gott fristen wölle / sey sie des Lebens so müd nicht / das sie darumb / wenn es Gott gefiel nicht lenger leben wolte / doch gab sie so viel zuuerstehen / das sie lieber wolte sterben / wenn es Gottes will were.,auch hat sie solchẽ glauben damit bezeuget das sie sich gedültig in gottes willen ergeben vnd außtrücklich gesagt wo sie gott fristen wölle sey sie des lebens so müd nicht das sie darumb wenn es gott gefiel nicht lenger leben wolte doch gab sie so viel zuuerstehen das sie lieber wolte sterben wenn es gottes will were,auch hat sie solchen glauben damit bezeuget das sie sich gedultig in gottes willen ergeben und ausstrucklich gesagt wo sie gott fristen wolle sey sie des lebens so mud nicht das sie darumb wenn es gott gefiel nicht lenger leben wolte doch gab sie so uiel zuuerstehen das sie lieber wolte sterben wenn es gottes will were
sattler_trostpredigt_1592,body,134,4,False,50,Vnd das nicht einer meinte sie hette doch also gesagt / hat sie damit bewiesen / das es jhr von Hertzen gangen / das sie mehr für jhren Haußwirt als für sich selbs gesorget / vnd gesagt / er solte sich nun wol zu frieden geben / Gott hette jn vorher erhalten / che er sie geehlichet / er würde auch forthin jhn wol erhalten.,vnd das nicht einer meinte sie hette doch also gesagt hat sie damit bewiesen das es jhr von hertzen gangen das sie mehr für jhren haußwirt als für sich selbs gesorget vnd gesagt er solte sich nun wol zu frieden geben gott hette jn vorher erhalten che er sie geehlichet er würde auch forthin jhn wol erhalten,und das nicht einer meinte sie hette doch also gesagt hat sie damit bewiesen das es ihr uon hertzen gangen das sie mehr fur ihren hausswirt als fur sich selbs gesorget und gesagt er solte sich nun wol zu frieden geben gott hette in uorher erhalten che er sie geehlichet er wurde auch forthin ihn wol erhalten
sattler_trostpredigt_1592,body,134,5,True,51,Daraus man wol siehet / das sie für jhr Person / das schrecken des Tods vberwunden / wie sie denn alles zeitlichen guts / vnd jrer Kinder sich gern begeben.,daraus man wol siehet das sie für jhr person das schrecken des tods vberwunden wie sie denn alles zeitlichen guts vnd jrer kinder sich gern begeben,daraus man wol siehet das sie fur ihr person das schrecken des tods uberwunden wie sie denn alles zeitlichen guts und irer kinder sich gern begeben
sattler_trostpredigt_1592,body,135,0,False,51,Wodurch sie aber den Todt vberwunden / vnd was solchen Glauben in jhr erweckt vnd erhalten / das mus ich auch berichten.,wodurch sie aber den todt vberwunden vnd was solchen glauben in jhr erweckt vnd erhalten das mus ich auch berichten,wodurch sie aber den todt uberwunden und was solchen glauben in ihr erweckt und erhalten das mus ich auch berichten
sattler_trostpredigt_1592,body,135,1,False,51,Das war Gottes Wort / wie Christus sagt / Wer mein Wort helt / das ist / Gleubt / der wirt den Todt nicht sehen.,das war gottes wort wie christus sagt wer mein wort helt das ist gleubt der wirt den todt nicht sehen,das war gottes wort wie christus sagt wer mein wort helt das ist gleubt der wirt den todt nicht sehen
sattler_trostpredigt_1592,body,135,2,False,51,Danon kunt man jhr nicht gnug sagen.,danon kunt man jhr nicht gnug sagen,danon kunt man ihr nicht gnug sagen
sattler_trostpredigt_1592,body,135,3,False,51,Ja wenn wir Prediger still hielten / wie man denn bißweilen der Krancken gelegenheit nach billich thut / hieß sie vns forth fahren / Eben wie die beiden Jünger Luc. 24. Als Christus von jhnen gehen wolte / sagten / HErr bleib bey vns es will Abend werden / vnnd wir also müder worden mit trösten / als sie mit zuhören.,ja wenn wir prediger still hielten wie man denn bißweilen der krancken gelegenheit nach billich thut hieß sie vns forth fahren eben wie die beiden jünger luc als christus von jhnen gehen wolte sagten herr bleib bey vns es will abend werden vnnd wir also müder worden mit trösten als sie mit zuhören,ia wenn wir prediger still hielten wie man denn bissweilen der krancken gelegenheit nach billich thut hiess sie uns forth fahren eben wie die beiden iunger luc als christus uon ihnen gehen wolte sagten herr bleib bey uns es will abend werden unnd wir also muder worden mit trosten als sie mit zuhoren
sattler_trostpredigt_1592,body,135,4,False,51,Welches das es also vnd nicht anders ergangen / wissen alle vmbstehende hohe vnd andere Personen.,welches das es also vnd nicht anders ergangen wissen alle vmbstehende hohe vnd andere personen,welches das es also und nicht anders ergangen wissen alle umbstehende hohe und andere personen
sattler_trostpredigt_1592,body,135,5,False,51,Also ist sie entlich eingeschlaffen / mit dem Gebet.,also ist sie entlich eingeschlaffen mit dem gebet,also ist sie entlich eingeschlaffen mit dem gebet
sattler_trostpredigt_1592,body,135,6,False,51,Ach bleib jha nicht lang auß lieber Immanuel / darauff er bald kommen ist.,ach bleib jha nicht lang auß lieber immanuel darauff er bald kommen ist,ach bleib iha nicht lang auss lieber immanuel darauff er bald kommen ist
sattler_trostpredigt_1592,body,135,7,True,51,Das hab ich kürtzlich GOtt zu Ehren / vnd andern zum Exempel / trost vnd vermanung / erinnern wöllen / Das sie auch vnser / Iha Gottes Wort annehmen / denn da siehet man / was es für krafft habe.,das hab ich kürtzlich gott zu ehren vnd andern zum exempel trost vnd vermanung erinnern wöllen das sie auch vnser iha gottes wort annehmen denn da siehet man was es für krafft habe,das hab ich kurtzlich gott zu ehren und andern zum exempel trost und uermanung erinnern wollen das sie auch unser iha gottes wort annehmen denn da siehet man was es fur krafft habe
sattler_trostpredigt_1592,body,136,0,False,52,Darumb wir als Christen / von jhr nicht anders können oder sollen vrtheilen / als das Gott jhr lieber Vater / sie so gewiß gefast / das ob jr schon nicht einer ley kranckheit vnd noth begegnet / es sich auch ansehen liesse / als wolte es zu lang weren / gleich wol sie nichts aus seiner Hand gerissen hat.,darumb wir als christen von jhr nicht anders können oder sollen vrtheilen als das gott jhr lieber vater sie so gewiß gefast das ob jr schon nicht einer ley kranckheit vnd noth begegnet es sich auch ansehen liesse als wolte es zu lang weren gleich wol sie nichts aus seiner hand gerissen hat,darumb wir als christen uon ihr nicht anders konnen oder sollen urtheilen als das gott ihr lieber uater sie so gewiss gefast das ob ir schon nicht einer ley kranckheit und noth begegnet es sich auch ansehen liesse als wolte es zu lang weren gleich wol sie nichts aus seiner hand gerissen hat
sattler_trostpredigt_1592,body,136,1,True,52,Summa sie ist gestorben in jhrem beruff / dauon Paulus schreibt / 1. Tim. 2. Das Weib wird Selig / durch Kinderzeugen / so sie bleiben im Glauben / vnd in der Lieb / vnd in der Heiligung sampt der zucht / das wir jrenthalben nicht vrsach haben vns zubekümmern / sonder Gott zu dancken / das er abermal ein Mitglied seiner Gemein aus diesem Jammerthal erlöset hat.,summa sie ist gestorben in jhrem beruff dauon paulus schreibt tim das weib wird selig durch kinderzeugen so sie bleiben im glauben vnd in der lieb vnd in der heiligung sampt der zucht das wir jrenthalben nicht vrsach haben vns zubekümmern sonder gott zu dancken das er abermal ein mitglied seiner gemein aus diesem jammerthal erlöset hat,summa sie ist gestorben in ihrem beruff dauon paulus schreibt tim das weib wird selig durch kinderzeugen so sie bleiben im glauben und in der lieb und in der heiligung sampt der zucht das wir irenthalben nicht ursach haben uns zubekummern sonder gott zu dancken das er abermal ein mitglied seiner gemein aus diesem iammerthal erloset hat
sattler_trostpredigt_1592,body,137,0,False,52,Den hinderlasnen Witwer vnd Kindern können wir nicht besser rathen / als das sie in jhre Fußstapffen tretten / so haben sie den Trost / das Gott auff jhrer seiten / der seines Sohns nicht verschonet / sonder für vns alle dahin gegeben hat / der ist nicht gestorben / Sonder lebt noch.,den hinderlasnen witwer vnd kindern können wir nicht besser rathen als das sie in jhre fußstapffen tretten so haben sie den trost das gott auff jhrer seiten der seines sohns nicht verschonet sonder für vns alle dahin gegeben hat der ist nicht gestorben sonder lebt noch,den hinderlasnen witwer und kindern konnen wir nicht besser rathen als das sie in ihre fussstapffen tretten so haben sie den trost das gott auff ihrer seiten der seines sohns nicht uerschonet sonder fur uns alle dahin gegeben hat der ist nicht gestorben sonder lebt noch
sattler_trostpredigt_1592,body,137,1,False,52,Darumb sollen wir nicht trawren / wie die Heiden.,darumb sollen wir nicht trawren wie die heiden,darumb sollen wir nicht trawren wie die heiden
sattler_trostpredigt_1592,body,137,2,True,52,Denn ist GOtt für vns / so mag niemand wieder vns sein / vnd kan vns nichts scheiden von der liebe Gottes / die da ist in Christo Jesu vnserm HErrn.,denn ist gott für vns so mag niemand wieder vns sein vnd kan vns nichts scheiden von der liebe gottes die da ist in christo jesu vnserm herrn,denn ist gott fur uns so mag niemand wieder uns sein und kan uns nichts scheiden uon der liebe gottes die da ist in christo iesu unserm herrn
sattler_trostpredigt_1592,body,138,0,True,52,Gott wölle diesen grossen Trost / durch seinen heiligen Geist in vnser Hertz geben / vnd darin versiegeln vmb Jesu Christi / vnsers HERRN willen / AMEN.,gott wölle diesen grossen trost durch seinen heiligen geist in vnser hertz geben vnd darin versiegeln vmb jesu christi vnsers herrn willen amen,gott wolle diesen grossen trost durch seinen heiligen geist in unser hertz geben und darin uersiegeln umb iesu christi unsers herrn willen amen
