doc_id,block_type,para_id,sent_id,is_para_final,page_n,textstring_orig,textstring_rich,textstring_simple
sattler_leichpredigt_1595,head,0,0,True,1,"Ein Leichpredigt. Gethan bey der Begrebniß des Ehrnuesten vnd Hochgelarten Joachim Gagelman / der Artzney Doctoris, vnd F. Braunschweigischen Leib Medici zu Wolffenbüttel/ den 30. Aprilis, Anno &c. 95. Durch Basilium Satler D. Hoffprediger daselbst. Gedruckt zur Heinrichstadt durch Conrad Horn.",ein leichpredigt gethan bey der begrebniß des ehrnuesten vnd hochgelarten joachim gagelman der artzney doctoris vnd f braunschweigischen leib medici zu wolffenbüttel den aprilis anno &c durch basilium satler d hoffprediger daselbst gedruckt zur heinrichstadt durch conrad horn,ein leichpredigt gethan bey der begrebniss des ehrnuesten und hochgelarten ioachim gagelman der artzney doctoris und f braunschweigischen leib medici zu wolffenbuttel den aprilis anno etc durch basilium satler d hoffprediger daselbst gedruckt zur heinrichstadt durch conrad horn
sattler_leichpredigt_1595,head,1,0,True,2,Dem Wirdigen vnd wolgelarten / HErrn PETRO Gagelman / Pastori zur Newenkirchen in der Kremper Marsch / wünsche ich Basilius Satler D.,dem wirdigen vnd wolgelarten herrn petro gagelman pastori zur newenkirchen in der kremper marsch wünsche ich basilius satler d,dem wirdigen und wolgelarten herrn petro gagelman pastori zur newenkirchen in der kremper marsch wunsche ich basilius satler d
sattler_leichpredigt_1595,head,2,0,True,2,GOttes gnad vnd fried Durch vnsern HErrn Jesum Christum.,gottes gnad vnd fried durch vnsern herrn jesum christum,gottes gnad und fried durch unsern herrn iesum christum
sattler_leichpredigt_1595,body,3,0,False,2,WIrdiger vnd Wolgelarter lieber Herr vnd freund / auff ewer begeren / vberschicke ich euch die Predigt / so ich bey der begrebnis Weiland des Ernuesten vnd Hochgelarten Herrn Jochim Gagelmans / ewers gelibten Bruders seligen gethan.,wirdiger vnd wolgelarter lieber herr vnd freund auff ewer begeren vberschicke ich euch die predigt so ich bey der begrebnis weiland des ernuesten vnd hochgelarten herrn jochim gagelmans ewers gelibten bruders seligen gethan,wirdiger und wolgelarter lieber herr und freund auff ewer begeren uberschicke ich euch die predigt so ich bey der begrebnis weiland des ernuesten und hochgelarten herrn iochim gagelmans ewers gelibten bruders seligen gethan
sattler_leichpredigt_1595,body,3,1,False,2,Denn ich nicht allein Euch / als einem mitarbeiter am worte Gottes gerne wilfaren / sondern auch gegen gemelten ewern bruder seligen mich danckbar erzeigen wollen.,denn ich nicht allein euch als einem mitarbeiter am worte gottes gerne wilfaren sondern auch gegen gemelten ewern bruder seligen mich danckbar erzeigen wollen,denn ich nicht allein euch als einem mitarbeiter am worte gottes gerne wilfaren sondern auch gegen gemelten ewern bruder seligen mich danckbar erzeigen wollen
sattler_leichpredigt_1595,body,3,2,False,2,Sintemal er mir nun viel Jar hero / in meiner vielfaltigen leibs schwacheit / wie auch den meinen mit rhat vnd that trewlich vnd gutwillig gedienet.,sintemal er mir nun viel jar hero in meiner vielfaltigen leibs schwacheit wie auch den meinen mit rhat vnd that trewlich vnd gutwillig gedienet,sintemal er mir nun uiel iar hero in meiner uielfaltigen leibs schwacheit wie auch den meinen mit rhat und that trewlich und gutwillig gedienet
sattler_leichpredigt_1595,body,3,3,True,2,Vnd weil ich sonst in seinem leben / es nicht also verschulden vnd gleichmachen können / Wie ich gerne gewolt / Als ist mir lieb gewesen / weil es je Gott wolgefallen / jhn also durch den Todt dißmal abzufordern / das ich jhm in seinem Letzten beyzuwohnen / vnd nach seinem seligen abscheid diesen letzten dienst zuerzeigen / vnd etlicher massen auch / so viel an mir / sein gedechtnis bey bekanten vnd vnbekanten zu erhalten / vnd auff die nachkomen zubringen vrsach vnd gelegenheit gehabt.,vnd weil ich sonst in seinem leben es nicht also verschulden vnd gleichmachen können wie ich gerne gewolt als ist mir lieb gewesen weil es je gott wolgefallen jhn also durch den todt dißmal abzufordern das ich jhm in seinem letzten beyzuwohnen vnd nach seinem seligen abscheid diesen letzten dienst zuerzeigen vnd etlicher massen auch so viel an mir sein gedechtnis bey bekanten vnd vnbekanten zu erhalten vnd auff die nachkomen zubringen vrsach vnd gelegenheit gehabt,und weil ich sonst in seinem leben es nicht also uerschulden und gleichmachen konnen wie ich gerne gewolt als ist mir lieb gewesen weil es ie gott wolgefallen ihn also durch den todt dissmal abzufordern das ich ihm in seinem letzten beyzuwohnen und nach seinem seligen abscheid diesen letzten dienst zuerzeigen und etlicher massen auch so uiel an mir sein gedechtnis bey bekanten und unbekanten zu erhalten und auff die nachkomen zubringen ursach und gelegenheit gehabt
sattler_leichpredigt_1595,body,4,0,False,4,Es ist ja ein grosse Wolthat vnd habt jhr Gott dafür zudancken / das er euch in seinem Testament mit seiner verlassenschafft wolbedacht vnd angesehen.,es ist ja ein grosse wolthat vnd habt jhr gott dafür zudancken das er euch in seinem testament mit seiner verlassenschafft wolbedacht vnd angesehen,es ist ia ein grosse wolthat und habt ihr gott dafur zudancken das er euch in seinem testament mit seiner uerlassenschafft wolbedacht und angesehen
sattler_leichpredigt_1595,body,4,1,True,4,Aber nicht weniger sol euch lieb sein / das er einen guten Namen vnd gut gerücht / welches Köstlicher ist den Salben / wie der weise man redet / hinder sich verlassen hat.,aber nicht weniger sol euch lieb sein das er einen guten namen vnd gut gerücht welches köstlicher ist den salben wie der weise man redet hinder sich verlassen hat,aber nicht weniger sol euch lieb sein das er einen guten namen und gut gerucht welches kostlicher ist den salben wie der weise man redet hinder sich uerlassen hat
sattler_leichpredigt_1595,body,5,0,False,4,Denn das ich von seiner geschicklicheit vnd erfaren heit nicht sage / die jhn dieser örterberümt gemacht / so ist hie menniglich bekandt / das er ein fleissiger zuhörer des Göttichen Worts gewesen.,denn das ich von seiner geschicklicheit vnd erfaren heit nicht sage die jhn dieser örterberümt gemacht so ist hie menniglich bekandt das er ein fleissiger zuhörer des göttichen worts gewesen,denn das ich uon seiner geschicklicheit und erfaren heit nicht sage die ihn dieser orterberumt gemacht so ist hie menniglich bekandt das er ein fleissiger zuhorer des gottichen worts gewesen
sattler_leichpredigt_1595,body,5,1,False,4,So hat er auch in seinem caelibatu sich eingezogen vnd vnuerweißlich verhalten.,so hat er auch in seinem caelibatu sich eingezogen vnd vnuerweißlich verhalten,so hat er auch in seinem caelibatu sich eingezogen und unuerweisslich uerhalten
sattler_leichpredigt_1595,body,5,2,True,4,"Insonderheit aber hat jhm das grossen ruhm gegeben / das er ab dem geitz vnd eigennutz / der fast alle drey Faculteten, Theologiam, Iuris prudentiam vnd Medicinam verderbet / einen abschewen gehabt / vnd Reichen vnd Armen / in seinem beruff gern vnd williglich gedienet hat.",insonderheit aber hat jhm das grossen ruhm gegeben das er ab dem geitz vnd eigennutz der fast alle drey faculteten theologiam iuris prudentiam vnd medicinam verderbet einen abschewen gehabt vnd reichen vnd armen in seinem beruff gern vnd williglich gedienet hat,insonderheit aber hat ihm das grossen ruhm gegeben das er ab dem geitz und eigennutz der fast alle drey faculteten theologiam iuris prudentiam und medicinam uerderbet einen abschewen gehabt und reichen und armen in seinem beruff gern und williglich gedienet hat
sattler_leichpredigt_1595,body,6,0,False,4,Derwegen er von meñiglich / sonderlich auch der lieben Armut sehr beklagt worden.,derwegen er von meñiglich sonderlich auch der lieben armut sehr beklagt worden,derwegen er uon menniglich sonderlich auch der lieben armut sehr beklagt worden
sattler_leichpredigt_1595,body,6,1,True,4,Wie gantz getrew vnd fleissig er in seinem beruff in die 30. Jahr gewesen / können alhie fürneme / Ja auch Fürstliche Personen bezeugen Andere tugenten / als das er niemants vbergeben / noch in vngutem / Welches sonst an den höfen sehr gemein ist / gedacht / vielweniger andere verachtet / sich auch nicht in frembde Hendel gemenget / sonder bey seinem beruff geblieben vnd des mit trewem fleiß abgewartet / Will ich jetzo geschweigen.,wie gantz getrew vnd fleissig er in seinem beruff in die jahr gewesen können alhie fürneme ja auch fürstliche personen bezeugen andere tugenten als das er niemants vbergeben noch in vngutem welches sonst an den höfen sehr gemein ist gedacht vielweniger andere verachtet sich auch nicht in frembde hendel gemenget sonder bey seinem beruff geblieben vnd des mit trewem fleiß abgewartet will ich jetzo geschweigen,wie gantz getrew und fleissig er in seinem beruff in die iahr gewesen konnen alhie furneme ia auch furstliche personen bezeugen andere tugenten als das er niemants ubergeben noch in ungutem welches sonst an den hofen sehr gemein ist gedacht uielweniger andere uerachtet sich auch nicht in frembde hendel gemenget sonder bey seinem beruff geblieben und des mit trewem fleiss abgewartet will ich ietzo geschweigen
sattler_leichpredigt_1595,body,7,0,False,4,Als er auch vermercket / Das das ende seines lebens verhanden were / hat er in acht gehabt / das Jesaias zum König Hiskia sagt / Bestelle dein haus / denn du wirst sterben vnd nicht Leben.,als er auch vermercket das das ende seines lebens verhanden were hat er in acht gehabt das jesaias zum könig hiskia sagt bestelle dein haus denn du wirst sterben vnd nicht leben,als er auch uermercket das das ende seines lebens uerhanden were hat er in acht gehabt das iesaias zum konig hiskia sagt bestelle dein haus denn du wirst sterben und nicht leben
sattler_leichpredigt_1595,body,7,1,False,4,Denn er mich als seinen Seelsorger zu sich forderen lassen / das bekentnis seiner sünde / wie auch seines glaubens gethan / vnd zu Christi gedechtnis vnd sterckung solches seines glaubens / den waren Leib vnd Blut Christi empfangen / auch wie es mit seinen Gütern gehalten werden solte bey gutem verstand verordnet.,denn er mich als seinen seelsorger zu sich forderen lassen das bekentnis seiner sünde wie auch seines glaubens gethan vnd zu christi gedechtnis vnd sterckung solches seines glaubens den waren leib vnd blut christi empfangen auch wie es mit seinen gütern gehalten werden solte bey gutem verstand verordnet,denn er mich als seinen seelsorger zu sich forderen lassen das bekentnis seiner sunde wie auch seines glaubens gethan und zu christi gedechtnis und sterckung solches seines glaubens den waren leib und blut christi empfangen auch wie es mit seinen gutern gehalten werden solte bey gutem uerstand uerordnet
sattler_leichpredigt_1595,body,7,2,False,5,Vnd weil der Weise man sagt Prouerbiorum 3. Ehre den Herrn von deinem gut / hat er solches auch in acht gehabt / das jhm die Kirch alhie dießfals zu dancken hat.,vnd weil der weise man sagt prouerbiorum ehre den herrn von deinem gut hat er solches auch in acht gehabt das jhm die kirch alhie dießfals zu dancken hat,und weil der weise man sagt prouerbiorum ehre den herrn uon deinem gut hat er solches auch in acht gehabt das ihm die kirch alhie diessfals zu dancken hat
sattler_leichpredigt_1595,body,7,3,False,5,Als ich jhn auch kaum ein stund für seinem abscheid besucht / hat er das bekentnis seines Glaubens wiederholet / vnd bey seinem vnd vnserm Herrn vnd Heiland Jesu Christo zu bleiben / sich erkleret.,als ich jhn auch kaum ein stund für seinem abscheid besucht hat er das bekentnis seines glaubens wiederholet vnd bey seinem vnd vnserm herrn vnd heiland jesu christo zu bleiben sich erkleret,als ich ihn auch kaum ein stund fur seinem abscheid besucht hat er das bekentnis seines glaubens wiederholet und bey seinem und unserm herrn und heiland iesu christo zu bleiben sich erkleret
sattler_leichpredigt_1595,body,7,4,False,5,Derwegen vns die furcht Gottes vnd Christliche liebe ihn vnder die mit rechnen heissen / Dauon Johannes Apoc. 14. schreibet / Selig sind die Todten / die in dem HErrn Sterben.,derwegen vns die furcht gottes vnd christliche liebe ihn vnder die mit rechnen heissen dauon johannes apoc schreibet selig sind die todten die in dem herrn sterben,derwegen uns die furcht gottes und christliche liebe ihn under die mit rechnen heissen dauon iohannes apoc schreibet selig sind die todten die in dem herrn sterben
sattler_leichpredigt_1595,body,7,5,False,5,Der allmechtige Gott vnd Vater vnsers HERrn Jesu Christi / gebe euch vnd ewern lieben Kindern sein gnad / das wie jr seiner güter vnd verlassenschafft erben worden seit / Also auch allerseits mit Christlichen tugenten solchen ehrlichen Namen in ewerem geschlecht erhalten / vnd dermalen eins / wenn das von Gott vreordnete stündlein kömpt / dis leben seliglich beschlissen / vnd mit jhm an jenem tag zum ewigen leben aufferstehen möget.,der allmechtige gott vnd vater vnsers herrn jesu christi gebe euch vnd ewern lieben kindern sein gnad das wie jr seiner güter vnd verlassenschafft erben worden seit also auch allerseits mit christlichen tugenten solchen ehrlichen namen in ewerem geschlecht erhalten vnd dermalen eins wenn das von gott vreordnete stündlein kömpt dis leben seliglich beschlissen vnd mit jhm an jenem tag zum ewigen leben aufferstehen möget,der allmechtige gott und uater unsers herrn iesu christi gebe euch und ewern lieben kindern sein gnad das wie ir seiner guter und uerlassenschafft erben worden seit also auch allerseits mit christlichen tugenten solchen ehrlichen namen in ewerem geschlecht erhalten und dermalen eins wenn das uon gott ureordnete stundlein kompt dis leben seliglich beschlissen und mit ihm an ienem tag zum ewigen leben aufferstehen moget
sattler_leichpredigt_1595,body,7,6,True,5,Datum Wolffenbüttel den 10. Maij Anno 95.,datum wolffenbüttel den maij anno,datum wolffenbuttel den maii anno
sattler_leichpredigt_1595,body,8,0,True,5,E. W.,e w,e w
sattler_leichpredigt_1595,body,9,0,True,5,Basilius Satler D. Hofprediger daselbst.,basilius satler d hofprediger daselbst,basilius satler d hofprediger daselbst
sattler_leichpredigt_1595,head,10,0,True,6,Hiob 19.,hiob,hiob
sattler_leichpredigt_1595,body,11,0,True,6,ABer ich weis das mein erlöser lebet / vnd er wird mich hernach aus der erden Aufferwecken / vnd werde darnach mit dieser meiner haut vmbgeben werden / vnd werde in meinem fleisch Gott sehen / denselben werde ich mir sehen / vnd meine augen werden jhn schawen / vnd kein frembder.,aber ich weis das mein erlöser lebet vnd er wird mich hernach aus der erden aufferwecken vnd werde darnach mit dieser meiner haut vmbgeben werden vnd werde in meinem fleisch gott sehen denselben werde ich mir sehen vnd meine augen werden jhn schawen vnd kein frembder,aber ich weis das mein erloser lebet und er wird mich hernach aus der erden aufferwecken und werde darnach mit dieser meiner haut umbgeben werden und werde in meinem fleisch gott sehen denselben werde ich mir sehen und meine augen werden ihn schawen und kein frembder
sattler_leichpredigt_1595,head,12,0,True,6,Auslegung.,auslegung,auslegung
sattler_leichpredigt_1595,body,13,0,True,6,GEliebte im HErrn / dieweil wir für dißmal einen Alten Fürstlichen diener / vnd zwar einen Doctorem der Artzney zur erden bestattet haben / sollen wir alle / sonderlich aber wir Herrn diener vns erinnern / das wir auch sterben müssen / vnd wird vns dawieder weder langwiriger dienst / noch vnser Ehrnstand / weder Herrn gunst / noch einige Kunstschützen.,geliebte im herrn dieweil wir für dißmal einen alten fürstlichen diener vnd zwar einen doctorem der artzney zur erden bestattet haben sollen wir alle sonderlich aber wir herrn diener vns erinnern das wir auch sterben müssen vnd wird vns dawieder weder langwiriger dienst noch vnser ehrnstand weder herrn gunst noch einige kunstschützen,geliebte im herrn dieweil wir fur dissmal einen alten furstlichen diener und zwar einen doctorem der artzney zur erden bestattet haben sollen wir alle sonderlich aber wir herrn diener uns erinnern das wir auch sterben mussen und wird uns dawieder weder langwiriger dienst noch unser ehrnstand weder herrn gunst noch einige kunstschutzen
sattler_leichpredigt_1595,body,14,0,False,6,Wie dañ auch wir darauff vns nicht verlassen sollen / das wir noch an vnserm Leib vnd gesundheit nicht viel schwacheit gefület / vnd also noch starck vnd bey guten krefften sein.,wie dañ auch wir darauff vns nicht verlassen sollen das wir noch an vnserm leib vnd gesundheit nicht viel schwacheit gefület vnd also noch starck vnd bey guten krefften sein,wie dann auch wir darauff uns nicht uerlassen sollen das wir noch an unserm leib und gesundheit nicht uiel schwacheit gefulet und also noch starck und bey guten krefften sein
sattler_leichpredigt_1595,body,14,1,True,6,Denn fast die wenigesten leut alters vnd vnuermöglicheit halben sterben / als weñ ein Liecht von sich selber ausgehet / weil es kein fett mehr hat / oder wie die reisfen Apffel abfallen / Sondern die meisten sterben von andern zufellen / die jnen Gott zuschicket / eben als wenn man ein Liecht mit gewalt dempffet vnd auslesschet / Oder / wie ein hefftig Wind vnzeitige Apffel mit gewalt abwirfft.,denn fast die wenigesten leut alters vnd vnuermöglicheit halben sterben als weñ ein liecht von sich selber ausgehet weil es kein fett mehr hat oder wie die reisfen apffel abfallen sondern die meisten sterben von andern zufellen die jnen gott zuschicket eben als wenn man ein liecht mit gewalt dempffet vnd auslesschet oder wie ein hefftig wind vnzeitige apffel mit gewalt abwirfft,denn fast die wenigesten leut alters und unuermoglicheit halben sterben als wenn ein liecht uon sich selber ausgehet weil es kein fett mehr hat oder wie die reisfen apffel abfallen sondern die meisten sterben uon andern zufellen die inen gott zuschicket eben als wenn man ein liecht mit gewalt dempffet und auslesschet oder wie ein hefftig wind unzeitige apffel mit gewalt abwirfft
sattler_leichpredigt_1595,body,15,0,True,7,Derwegen keinem Menschen zurhaten / auch nicht zuuerantworten / das er sagen / vnd jhm einbilden wil / Ich bin bey guten krefften / vnd fühle mich noch wol / darumb hat es kein noth mit mir.,derwegen keinem menschen zurhaten auch nicht zuuerantworten das er sagen vnd jhm einbilden wil ich bin bey guten krefften vnd fühle mich noch wol darumb hat es kein noth mit mir,derwegen keinem menschen zurhaten auch nicht zuuerantworten das er sagen und ihm einbilden wil ich bin bey guten krefften und fuhle mich noch wol darumb hat es kein noth mit mir
sattler_leichpredigt_1595,body,16,0,True,7,Dann eben diese Person / so wir jetzund zu jhrer ruhestedt beleitet / weñ sie solche gedancken gehabt / were betrogen worden / Denn sie wenig jhr lebenlang gekrancket / Auch kurtz fur dieser schwacheit starck vnd wol bey krefften gewesen / aber nicht desto minder in wenig tagen darauff gangen ist.,dann eben diese person so wir jetzund zu jhrer ruhestedt beleitet weñ sie solche gedancken gehabt were betrogen worden denn sie wenig jhr lebenlang gekrancket auch kurtz fur dieser schwacheit starck vnd wol bey krefften gewesen aber nicht desto minder in wenig tagen darauff gangen ist,dann eben diese person so wir ietzund zu ihrer ruhestedt beleitet wenn sie solche gedancken gehabt were betrogen worden denn sie wenig ihr lebenlang gekrancket auch kurtz fur dieser schwacheit starck und wol bey krefften gewesen aber nicht desto minder in wenig tagen darauff gangen ist
sattler_leichpredigt_1595,body,17,0,False,7,Darumb ist nicht bessers / als das man / wie Moses im 90. Psalm redet / klug sey / vnd bedencke / das man gewisse sterben müsse / vnd das / wenn man sichs am wenigsten vermuhtet / Damit man also stets zum Tod bereit vnd gefasset sey / vñ nicht vnuersehens dauon vberfallen werde.,darumb ist nicht bessers als das man wie moses im psalm redet klug sey vnd bedencke das man gewisse sterben müsse vnd das wenn man sichs am wenigsten vermuhtet damit man also stets zum tod bereit vnd gefasset sey vñ nicht vnuersehens dauon vberfallen werde,darumb ist nicht bessers als das man wie moses im psalm redet klug sey und bedencke das man gewisse sterben musse und das wenn man sichs am wenigsten uermuhtet damit man also stets zum tod bereit und gefasset sey und nicht unuersehens dauon uberfallen werde
sattler_leichpredigt_1595,body,17,1,True,7,Vnd wie sonst offt gesagt wird / sol vns anders nicht zusinnen sein bey den Begrebnissen / als wenn der todte Mensch aus dem Sarck vns gleich auff diß leben die loß thete / vnd zu vns spreche / Gestern wars an mir / heut ists an dir.,vnd wie sonst offt gesagt wird sol vns anders nicht zusinnen sein bey den begrebnissen als wenn der todte mensch aus dem sarck vns gleich auff diß leben die loß thete vnd zu vns spreche gestern wars an mir heut ists an dir,und wie sonst offt gesagt wird sol uns anders nicht zusinnen sein bey den begrebnissen als wenn der todte mensch aus dem sarck uns gleich auff diss leben die loss thete und zu uns spreche gestern wars an mir heut ists an dir
sattler_leichpredigt_1595,body,18,0,True,8,Also hat der Edle Knab / (Adolff von Detfort) den wir newlich begraben / diesen Doctor angeredet / also redet dieser Doctor jtziger zeit vns auch an.,also hat der edle knab adolff von detfort den wir newlich begraben diesen doctor angeredet also redet dieser doctor jtziger zeit vns auch an,also hat der edle knab adolff uon detfort den wir newlich begraben diesen doctor angeredet also redet dieser doctor itziger zeit uns auch an
sattler_leichpredigt_1595,body,19,0,True,8,Wer das nicht achtet / sondern aus dem sinn / vnd in den wind schlegt / den heisset die Schrifft einẽ nerrischen Menschen / vñ wird mit den fünff törichten Jungfrawen Matth. 25. von Christi Zukunfft vberfallen / ehe er sich vermuhtet / vnd weil da kein Oel in den Lampen / das ist keine ware Buß vnd Glauben vorhanden ist / wird er von der ewigen Himlischen Hochzeit ausgeschlossen.,wer das nicht achtet sondern aus dem sinn vnd in den wind schlegt den heisset die schrifft einẽ nerrischen menschen vñ wird mit den fünff törichten jungfrawen matth von christi zukunfft vberfallen ehe er sich vermuhtet vnd weil da kein oel in den lampen das ist keine ware buß vnd glauben vorhanden ist wird er von der ewigen himlischen hochzeit ausgeschlossen,wer das nicht achtet sondern aus dem sinn und in den wind schlegt den heisset die schrifft einen nerrischen menschen und wird mit den funff torichten iungfrawen matth uon christi zukunfft uberfallen ehe er sich uermuhtet und weil da kein oel in den lampen das ist keine ware buss und glauben uorhanden ist wird er uon der ewigen himlischen hochzeit ausgeschlossen
sattler_leichpredigt_1595,body,20,0,True,8,Wer aber sich alle stunde vnd augenblick zu einem seligen Ende gefasset machet / der thut weißlich vnd wol / vnd ist ein seliger Mensch / wie Luc. 12. Christus saget / Selig sind die Knechte / so der HErr / wenn er kömpt / wachend findet / Warlich ich sage euch / er wird sich auffschürtzen / vnd wird sie zu Tisch setzen / vnd fur jhnen gehen / vnd jhnen dienen.,wer aber sich alle stunde vnd augenblick zu einem seligen ende gefasset machet der thut weißlich vnd wol vnd ist ein seliger mensch wie luc christus saget selig sind die knechte so der herr wenn er kömpt wachend findet warlich ich sage euch er wird sich auffschürtzen vnd wird sie zu tisch setzen vnd fur jhnen gehen vnd jhnen dienen,wer aber sich alle stunde und augenblick zu einem seligen ende gefasset machet der thut weisslich und wol und ist ein seliger mensch wie luc christus saget selig sind die knechte so der herr wenn er kompt wachend findet warlich ich sage euch er wird sich auffschurtzen und wird sie zu tisch setzen und fur ihnen gehen und ihnen dienen
sattler_leichpredigt_1595,body,21,0,True,8,Das wir nun alle dieses jetz / vnd sonsten alle wege bedencken vnd behertzigen / dasverleihe vns Gott Vater / Son / vnd heiliger Geist / Amen.,das wir nun alle dieses jetz vnd sonsten alle wege bedencken vnd behertzigen dasverleihe vns gott vater son vnd heiliger geist amen,das wir nun alle dieses ietz und sonsten alle wege bedencken und behertzigen dasuerleihe uns gott uater son und heiliger geist amen
sattler_leichpredigt_1595,body,22,0,True,8,Damit wir aber jetziger zeit nicht one Lehr vnd Trost von einander gehen / hab ich vns lebendigen zu gut / diesen Spruch zuhandeln furgenommen / vnd das darumb / dieweil dieser Spruch ettliche furnheme Artickel vnsers Glaubens / als von der Person vnd wolthaten vnsers HErrn Jesu Christi / Item / von der Aufferstehung vnsers Fleisches / vnd vom Ewigen Leben / erkleret / Vnd sich also fein schicket auff diese gegenwertige Osterliche zeit / gibt vns mechtigen trost / vñ stercket vns auch im Glauben / dieweil wir hören / das der heilige Man Hiob / der albereit fur Drey Tausendt Jahren gelebet / so deutlich von der Person vnd Wolthaten Christi / Insonderheit aber von der Aufferstehung des Fleisches / vnd Ewigem Leben redet / als einer im gantzen Alten Testament thun mag / Vnd thut solchs nicht / da es noch wol vmb seine sache stund / sondern in seiner grössesten not / da es auffs eusserste vnd höchste mit jhm kommen war.,damit wir aber jetziger zeit nicht one lehr vnd trost von einander gehen hab ich vns lebendigen zu gut diesen spruch zuhandeln furgenommen vnd das darumb dieweil dieser spruch ettliche furnheme artickel vnsers glaubens als von der person vnd wolthaten vnsers herrn jesu christi item von der aufferstehung vnsers fleisches vnd vom ewigen leben erkleret vnd sich also fein schicket auff diese gegenwertige osterliche zeit gibt vns mechtigen trost vñ stercket vns auch im glauben dieweil wir hören das der heilige man hiob der albereit fur drey tausendt jahren gelebet so deutlich von der person vnd wolthaten christi insonderheit aber von der aufferstehung des fleisches vnd ewigem leben redet als einer im gantzen alten testament thun mag vnd thut solchs nicht da es noch wol vmb seine sache stund sondern in seiner grössesten not da es auffs eusserste vnd höchste mit jhm kommen war,damit wir aber ietziger zeit nicht one lehr und trost uon einander gehen hab ich uns lebendigen zu gut diesen spruch zuhandeln furgenommen und das darumb dieweil dieser spruch ettliche furnheme artickel unsers glaubens als uon der person und wolthaten unsers herrn iesu christi item uon der aufferstehung unsers fleisches und uom ewigen leben erkleret und sich also fein schicket auff diese gegenwertige osterliche zeit gibt uns mechtigen trost und stercket uns auch im glauben dieweil wir horen das der heilige man hiob der albereit fur drey tausendt iahren gelebet so deutlich uon der person und wolthaten christi insonderheit aber uon der aufferstehung des fleisches und ewigem leben redet als einer im gantzen alten testament thun mag und thut solchs nicht da es noch wol umb seine sache stund sondern in seiner grossesten not da es auffs eusserste und hochste mit ihm kommen war
sattler_leichpredigt_1595,body,23,0,True,9,Wir alle / vnd ein jeder insonderheit sollen darumb diesen Spruch vns lassen befohlen sein / vnd jhn mit fleis mercken / dieweil er vnsern höhesten trost begreifft / vnd an vnserm letzten ende vns bewerete / vnd bestendige Ertzney / trost vnd erquickung gibt / die wir wieder das schrecken des Todes heilsamlich gebrauchen können vnd sollen.,wir alle vnd ein jeder insonderheit sollen darumb diesen spruch vns lassen befohlen sein vnd jhn mit fleis mercken dieweil er vnsern höhesten trost begreifft vnd an vnserm letzten ende vns bewerete vnd bestendige ertzney trost vnd erquickung gibt die wir wieder das schrecken des todes heilsamlich gebrauchen können vnd sollen,wir alle und ein ieder insonderheit sollen darumb diesen spruch uns lassen befohlen sein und ihn mit fleis mercken dieweil er unsern hohesten trost begreifft und an unserm letzten ende uns bewerete und bestendige ertzney trost und erquickung gibt die wir wieder das schrecken des todes heilsamlich gebrauchen konnen und sollen
sattler_leichpredigt_1595,body,24,0,False,9,ES ist aber vnnötig weitleufftig zuuermelden / wer Hiob / der diese wort geredet hat / gewesen sey / alldieweil im anfang seines Buchs solchs deutlich angezeiget wird / nemlich / das er schlecht vnd recht vnd Gottfürchtig gewesen / vnd das böse gemeidet habe / also / das der zeit seines gleichen im Lande nicht zufinden gewesen.,es ist aber vnnötig weitleufftig zuuermelden wer hiob der diese wort geredet hat gewesen sey alldieweil im anfang seines buchs solchs deutlich angezeiget wird nemlich das er schlecht vnd recht vnd gottfürchtig gewesen vnd das böse gemeidet habe also das der zeit seines gleichen im lande nicht zufinden gewesen,es ist aber unnotig weitleufftig zuuermelden wer hiob der diese wort geredet hat gewesen sey alldieweil im anfang seines buchs solchs deutlich angezeiget wird nemlich das er schlecht und recht und gottfurchtig gewesen und das bose gemeidet habe also das der zeit seines gleichen im lande nicht zufinden gewesen
sattler_leichpredigt_1595,body,24,1,False,10,Vnd hat / wie gemeldet / solche Wort eben zu der zeit gesprochen / da es Menschlicher weise zureden / nicht allein vbel vmb sein sache stundt / Sondern auch mit jhm auffs letzt kommen war.,vnd hat wie gemeldet solche wort eben zu der zeit gesprochen da es menschlicher weise zureden nicht allein vbel vmb sein sache stundt sondern auch mit jhm auffs letzt kommen war,und hat wie gemeldet solche wort eben zu der zeit gesprochen da es menschlicher weise zureden nicht allein ubel umb sein sache stundt sondern auch mit ihm auffs letzt kommen war
sattler_leichpredigt_1595,body,24,2,False,10,In solcher seiner höhesten noth nun / die in kurtz vorher gehenden worten beschrieben wird / erholet er sich einmal / vnd fasset ein Hertz / gibt sich williglich in den Tod / vnd spricht: Ich weis / das mein Erlöser lebet etc.,in solcher seiner höhesten noth nun die in kurtz vorher gehenden worten beschrieben wird erholet er sich einmal vnd fasset ein hertz gibt sich williglich in den tod vnd spricht ich weis das mein erlöser lebet etc,in solcher seiner hohesten noth nun die in kurtz uorher gehenden worten beschrieben wird erholet er sich einmal und fasset ein hertz gibt sich williglich in den tod und spricht ich weis das mein erloser lebet etc
sattler_leichpredigt_1595,body,24,3,False,10,Das ist / Ob es sich wol mit mir seltzam anlesset / vnd ich fast nichts anders für augen siehe / als das ich mus sterben / in die Erden begraben werden / vnd verwesen: jedoch so verzage ich keines weges / sondern weis / es gehe mir wie es wölle / das es einmal wieder anders vnd gut mit mir werden wird.,das ist ob es sich wol mit mir seltzam anlesset vnd ich fast nichts anders für augen siehe als das ich mus sterben in die erden begraben werden vnd verwesen jedoch so verzage ich keines weges sondern weis es gehe mir wie es wölle das es einmal wieder anders vnd gut mit mir werden wird,das ist ob es sich wol mit mir seltzam anlesset und ich fast nichts anders fur augen siehe als das ich mus sterben in die erden begraben werden und uerwesen iedoch so uerzage ich keines weges sondern weis es gehe mir wie es wolle das es einmal wieder anders und gut mit mir werden wird
sattler_leichpredigt_1595,body,24,4,True,10,Denn Gott hat vns verlornen verdambten menschen einen Heilandt verheissen / Der vns aus aller not erlösen sol / der wird sich meiner annemen / in der Letzten zeit für mich leiden vnd sterben / aber er wird wiederumb von den Toden aufferstehen / vnd werde ich diese Haut / die nun so gar verderbet ist / wieder bekommen / Vnd so vbel es jetzt vmb meine sachen stehet / / so gut wird es alsdenn mit mir werden / denn eben Ich / der ich jetzundt an meinem gantzem leib so vbel zugerichtet bin / werde da den Almechtigen Gott anschawen / vnd daher recht selig vnd frölich sein / welches den Gotlosen Leuten wol feylen wird.,denn gott hat vns verlornen verdambten menschen einen heilandt verheissen der vns aus aller not erlösen sol der wird sich meiner annemen in der letzten zeit für mich leiden vnd sterben aber er wird wiederumb von den toden aufferstehen vnd werde ich diese haut die nun so gar verderbet ist wieder bekommen vnd so vbel es jetzt vmb meine sachen stehet so gut wird es alsdenn mit mir werden denn eben ich der ich jetzundt an meinem gantzem leib so vbel zugerichtet bin werde da den almechtigen gott anschawen vnd daher recht selig vnd frölich sein welches den gotlosen leuten wol feylen wird,denn gott hat uns uerlornen uerdambten menschen einen heilandt uerheissen der uns aus aller not erlosen sol der wird sich meiner annemen in der letzten zeit fur mich leiden und sterben aber er wird wiederumb uon den toden aufferstehen und werde ich diese haut die nun so gar uerderbet ist wieder bekommen und so ubel es ietzt umb meine sachen stehet so gut wird es alsdenn mit mir werden denn eben ich der ich ietzundt an meinem gantzem leib so ubel zugerichtet bin werde da den almechtigen gott anschawen und daher recht selig und frolich sein welches den gotlosen leuten wol feylen wird
sattler_leichpredigt_1595,body,25,0,True,11,Die weil aber fast ein jedes Wort was auff sich hat / vnd lehr vnd trost giebt / wollen wir eines nach dem andern erwegen / Als erstlich das er sagt / Ich Weis. 2. Das er allen trost auff sein person zeucht / 3. Wollen wir erwegen das Wort / Erlöser. 4. Das er sagt / Er wolle Aufferstehen vnd Gott schawen. 5. Wollen wir dis letzte wort erwegen / Vnd kein fremder.,die weil aber fast ein jedes wort was auff sich hat vnd lehr vnd trost giebt wollen wir eines nach dem andern erwegen als erstlich das er sagt ich weis das er allen trost auff sein person zeucht wollen wir erwegen das wort erlöser das er sagt er wolle aufferstehen vnd gott schawen wollen wir dis letzte wort erwegen vnd kein fremder,die weil aber fast ein iedes wort was auff sich hat und lehr und trost giebt wollen wir eines nach dem andern erwegen als erstlich das er sagt ich weis das er allen trost auff sein person zeucht wollen wir erwegen das wort erloser das er sagt er wolle aufferstehen und gott schawen wollen wir dis letzte wort erwegen und kein fremder
sattler_leichpredigt_1595,head,26,0,True,11,Der Erste theil.,der erste theil,der erste theil
sattler_leichpredigt_1595,body,27,0,False,11,ES ist sehr ein starck Wort / das er von solchen dingen / die er nicht siehet / vnd die noch nicht geschehen sein / ja die der vernunfft zuwieder lauffen / vnd da er stracks das wieder spiel bey sich fület / sagen darff / er wisse es vnd zweiffel gar nicht daran / sondern sey des gewis / als das er einen erlöser habe / vnd das der jhn werde aufferwecken vnd selig machen / wie wir hernach hören werden.,es ist sehr ein starck wort das er von solchen dingen die er nicht siehet vnd die noch nicht geschehen sein ja die der vernunfft zuwieder lauffen vnd da er stracks das wieder spiel bey sich fület sagen darff er wisse es vnd zweiffel gar nicht daran sondern sey des gewis als das er einen erlöser habe vnd das der jhn werde aufferwecken vnd selig machen wie wir hernach hören werden,es ist sehr ein starck wort das er uon solchen dingen die er nicht siehet und die noch nicht geschehen sein ia die der uernunfft zuwieder lauffen und da er stracks das wieder spiel bey sich fulet sagen darff er wisse es und zweiffel gar nicht daran sondern sey des gewis als das er einen erloser habe und das der ihn werde aufferwecken und selig machen wie wir hernach horen werden
sattler_leichpredigt_1595,body,27,1,True,11,Stellet sich doch Gott / als sey er sein Feind / hat jhm alles genomen / hat jhn von seinem Scheitel bis auff seine Fussolen mit schweren geschlagen / vnd höret noch nicht auff / Sondern es wird je lenger je erger mit seiner Kranckheit / vnd er hoffet gleichwol da so gewis grosse gnade vnd gutthaten von Gott.,stellet sich doch gott als sey er sein feind hat jhm alles genomen hat jhn von seinem scheitel bis auff seine fussolen mit schweren geschlagen vnd höret noch nicht auff sondern es wird je lenger je erger mit seiner kranckheit vnd er hoffet gleichwol da so gewis grosse gnade vnd gutthaten von gott,stellet sich doch gott als sey er sein feind hat ihm alles genomen hat ihn uon seinem scheitel bis auff seine fussolen mit schweren geschlagen und horet noch nicht auff sondern es wird ie lenger ie erger mit seiner kranckheit und er hoffet gleichwol da so gewis grosse gnade und gutthaten uon gott
sattler_leichpredigt_1595,body,28,0,False,12,Wa kombt doch dem lieben Hiob die grosse Künheit vud gewisse zuuersicht her?,wa kombt doch dem lieben hiob die grosse künheit vud gewisse zuuersicht her,wa kombt doch dem lieben hiob die grosse kunheit uud gewisse zuuersicht her
sattler_leichpredigt_1595,body,28,1,False,12,Antwort / Er verlesset sich auff Gottes Wort / darin Gott einen solchen erlöser verheissen hat / Der der Schlangen den Kopff zertreten soll.,antwort er verlesset sich auff gottes wort darin gott einen solchen erlöser verheissen hat der der schlangen den kopff zertreten soll,antwort er uerlesset sich auff gottes wort darin gott einen solchen erloser uerheissen hat der der schlangen den kopff zertreten soll
sattler_leichpredigt_1595,body,28,2,False,12,So ist jhm ohn zweiffel bekandt gewesen die widerholte verheissung von Christo dem Abraham geschehen / in deinem samen sollen alle Völcker der erden gesegnet werden.,so ist jhm ohn zweiffel bekandt gewesen die widerholte verheissung von christo dem abraham geschehen in deinem samen sollen alle völcker der erden gesegnet werden,so ist ihm ohn zweiffel bekandt gewesen die widerholte uerheissung uon christo dem abraham geschehen in deinem samen sollen alle uolcker der erden gesegnet werden
sattler_leichpredigt_1595,body,28,3,True,12,Da gedenckt nun Hiob / Ich habe Gottes zusag / die kan mir nicht feilẽ / Er ist gütig / hat sich erboten vns menschen aus aller not helffen zulassen / So ist er auch warhafftig / vnd kan nicht liegen / Er ist auch allmechtig / der vberschwencklich thun kan vber alles / das wir bitten oder verstehen: Der wegen bin ich dieses Heilandts / das er Mensch werden / vnd vns erlösen wird / so gewis / als wenn ich es für augen sehe / Kere mich derwegen weniger den nichts an meine vernunfft / die mir sonderlich in diesem meinem jetzigen zustand gern ein anders einbilden wolte / Lasse mich auch an solcher hoffnung meine grosse noth nicht jrre machen.,da gedenckt nun hiob ich habe gottes zusag die kan mir nicht feilẽ er ist gütig hat sich erboten vns menschen aus aller not helffen zulassen so ist er auch warhafftig vnd kan nicht liegen er ist auch allmechtig der vberschwencklich thun kan vber alles das wir bitten oder verstehen der wegen bin ich dieses heilandts das er mensch werden vnd vns erlösen wird so gewis als wenn ich es für augen sehe kere mich derwegen weniger den nichts an meine vernunfft die mir sonderlich in diesem meinem jetzigen zustand gern ein anders einbilden wolte lasse mich auch an solcher hoffnung meine grosse noth nicht jrre machen,da gedenckt nun hiob ich habe gottes zusag die kan mir nicht feilen er ist gutig hat sich erboten uns menschen aus aller not helffen zulassen so ist er auch warhafftig und kan nicht liegen er ist auch allmechtig der uberschwencklich thun kan uber alles das wir bitten oder uerstehen der wegen bin ich dieses heilandts das er mensch werden und uns erlosen wird so gewis als wenn ich es fur augen sehe kere mich derwegen weniger den nichts an meine uernunfft die mir sonderlich in diesem meinem ietzigen zustand gern ein anders einbilden wolte lasse mich auch an solcher hoffnung meine grosse noth nicht irre machen
sattler_leichpredigt_1595,body,29,0,True,13,Vnd lehret vns da der Heilige Man Hiobwas die rechte Art / vnd eigenschafft sey eines reinen vnuerfelscheten Glaubens / nemlich / das ein mensch nicht folge seiner vernunfft / sondern wie Paulus in der 2. Cor. 10. redet / nehme die vernunfft gefangen in dem gehorsam Christi / vnd sehe schlecht auff Gottes wort / vnd verlasse sich gantz vnd gahr darauff / ob er schon nicht verstehet / wie solches sein vnd geschehen könne / das jhm darin verheissen ist / wie Lutherus fein sagt / ein glaubiger thue die Augen zu / vnd die ohren auff.,vnd lehret vns da der heilige man hiobwas die rechte art vnd eigenschafft sey eines reinen vnuerfelscheten glaubens nemlich das ein mensch nicht folge seiner vernunfft sondern wie paulus in der cor redet nehme die vernunfft gefangen in dem gehorsam christi vnd sehe schlecht auff gottes wort vnd verlasse sich gantz vnd gahr darauff ob er schon nicht verstehet wie solches sein vnd geschehen könne das jhm darin verheissen ist wie lutherus fein sagt ein glaubiger thue die augen zu vnd die ohren auff,und lehret uns da der heilige man hiobwas die rechte art und eigenschafft sey eines reinen unuerfelscheten glaubens nemlich das ein mensch nicht folge seiner uernunfft sondern wie paulus in der cor redet nehme die uernunfft gefangen in dem gehorsam christi und sehe schlecht auff gottes wort und uerlasse sich gantz und gahr darauff ob er schon nicht uerstehet wie solches sein und geschehen konne das ihm darin uerheissen ist wie lutherus fein sagt ein glaubiger thue die augen zu und die ohren auff
sattler_leichpredigt_1595,body,30,0,False,13,Vnd daher ist der Glaub Hebr. 11. ein gewisse zuuersicht des / das man hoffet / Vnd nicht zweiffele an dem / das man nicht sihet.,vnd daher ist der glaub hebr ein gewisse zuuersicht des das man hoffet vnd nicht zweiffele an dem das man nicht sihet,und daher ist der glaub hebr ein gewisse zuuersicht des das man hoffet und nicht zweiffele an dem das man nicht sihet
sattler_leichpredigt_1595,body,30,1,True,13,Weil er auff Gottes Wort / das die Warheit ist / sich gründet.,weil er auff gottes wort das die warheit ist sich gründet,weil er auff gottes wort das die warheit ist sich grundet
sattler_leichpredigt_1595,body,31,0,True,13,Darumb sagt Paulus Rom. 10. Der Glaub kömpt aus der Predigt / die Predigt aber durch das Wort Gottes / Ist also das Wort Gottes als die Seele des Glaubens / darauff er sich gründet / vnd dauon er lebet / Vnd es nicht allein so gewiß / sondern auch noch gewisser helt / als wenn ers mit leiblichen augen sehe: Denn das gesicht kan einen Menschen betriegen / aber GOttes Wort betreugt nicht.,darumb sagt paulus rom der glaub kömpt aus der predigt die predigt aber durch das wort gottes ist also das wort gottes als die seele des glaubens darauff er sich gründet vnd dauon er lebet vnd es nicht allein so gewiß sondern auch noch gewisser helt als wenn ers mit leiblichen augen sehe denn das gesicht kan einen menschen betriegen aber gottes wort betreugt nicht,darumb sagt paulus rom der glaub kompt aus der predigt die predigt aber durch das wort gottes ist also das wort gottes als die seele des glaubens darauff er sich grundet und dauon er lebet und es nicht allein so gewiss sondern auch noch gewisser helt als wenn ers mit leiblichen augen sehe denn das gesicht kan einen menschen betriegen aber gottes wort betreugt nicht
sattler_leichpredigt_1595,body,32,0,True,13,Derowegen sollen wir alle Artickel des Glaubens / vnd vnsers gantzen Catechismi nicht allein wissen / Sondern wir sollen auch aus GOttes Wort gefasset haben / wie dieselbigen darin gegründet sein: Also sollen wir vns jha nichts lassen weiß machen / das in Gottes Wort keinen grund hat / Hinwieder aber / was in GOttes Wort stehet / da sollen wir vns nicht lange bedencken / ob wir dasselbige wollen gleuben oder nicht / Sondern wir sollen es fur gewiß halten.,derowegen sollen wir alle artickel des glaubens vnd vnsers gantzen catechismi nicht allein wissen sondern wir sollen auch aus gottes wort gefasset haben wie dieselbigen darin gegründet sein also sollen wir vns jha nichts lassen weiß machen das in gottes wort keinen grund hat hinwieder aber was in gottes wort stehet da sollen wir vns nicht lange bedencken ob wir dasselbige wollen gleuben oder nicht sondern wir sollen es fur gewiß halten,derowegen sollen wir alle artickel des glaubens und unsers gantzen catechismi nicht allein wissen sondern wir sollen auch aus gottes wort gefasset haben wie dieselbigen darin gegrundet sein also sollen wir uns iha nichts lassen weiss machen das in gottes wort keinen grund hat hinwieder aber was in gottes wort stehet da sollen wir uns nicht lange bedencken ob wir dasselbige wollen gleuben oder nicht sondern wir sollen es fur gewiss halten
sattler_leichpredigt_1595,body,33,0,True,14,Als / das ein GOtt sey / vnd Drey Personen / sehen wir nicht allein nicht / sondern es ist vnser vernunfft zuwieder / aber weil Christus selbst heisset teuffen im Namen des Vaters / des Sons / vnd des heiligen Geistes / sollen wir es in keinen zweiffel ziehen.,als das ein gott sey vnd drey personen sehen wir nicht allein nicht sondern es ist vnser vernunfft zuwieder aber weil christus selbst heisset teuffen im namen des vaters des sons vnd des heiligen geistes sollen wir es in keinen zweiffel ziehen,als das ein gott sey und drey personen sehen wir nicht allein nicht sondern es ist unser uernunfft zuwieder aber weil christus selbst heisset teuffen im namen des uaters des sons und des heiligen geistes sollen wir es in keinen zweiffel ziehen
sattler_leichpredigt_1595,body,34,0,True,14,Also das GOtt aus nichts alle ding erschaffen habe / Das JEsus Christus GOtt vnnd Mensch sey in einer Person / sey fur vns gestorben / aufferstanden / gen Himmel gefahren / sollen wir in keinen zweiffel ziehen / Denn wir haben dauon viel helle vnd klare zeugnissen in GOttes Wort.,also das gott aus nichts alle ding erschaffen habe das jesus christus gott vnnd mensch sey in einer person sey fur vns gestorben aufferstanden gen himmel gefahren sollen wir in keinen zweiffel ziehen denn wir haben dauon viel helle vnd klare zeugnissen in gottes wort,also das gott aus nichts alle ding erschaffen habe das iesus christus gott unnd mensch sey in einer person sey fur uns gestorben aufferstanden gen himmel gefahren sollen wir in keinen zweiffel ziehen denn wir haben dauon uiel helle und klare zeugnissen in gottes wort
sattler_leichpredigt_1595,body,35,0,False,14,Also / das der heilige Geist allezeit eine Kirche auff Erden samle / erleuchte / erhalte / Das er vns durch das Predigampt die Sünde vergebe / vns am Jüngstentag von Todten erwecken / vnd vns ein Ewiges Leben geben werde / das sollen wir / wie auch Hiob thut / so fur gewiß halten / als weñ es schon geschehen were / Denn GOtt / der es vns in seinem Wort zugesagt hat / ist warhafftig / kan nicht liegen.,also das der heilige geist allezeit eine kirche auff erden samle erleuchte erhalte das er vns durch das predigampt die sünde vergebe vns am jüngstentag von todten erwecken vnd vns ein ewiges leben geben werde das sollen wir wie auch hiob thut so fur gewiß halten als weñ es schon geschehen were denn gott der es vns in seinem wort zugesagt hat ist warhafftig kan nicht liegen,also das der heilige geist allezeit eine kirche auff erden samle erleuchte erhalte das er uns durch das predigampt die sunde uergebe uns am iungstentag uon todten erwecken und uns ein ewiges leben geben werde das sollen wir wie auch hiob thut so fur gewiss halten als wenn es schon geschehen were denn gott der es uns in seinem wort zugesagt hat ist warhafftig kan nicht liegen
sattler_leichpredigt_1595,body,35,1,True,15,So ist er auch Allmechtig / das er seine Zusage wol halten kan.,so ist er auch allmechtig das er seine zusage wol halten kan,so ist er auch allmechtig das er seine zusage wol halten kan
sattler_leichpredigt_1595,body,36,0,True,15,Also vertröstet vns GOttes Wort / das wir in der heiligen Tauffe Christum angezogen haben / das erscheinet an einem Menschen nicht / Man sihet an jhm / nach dem er getaufft / keine eusserliche enderung: Aber weil GOttes Wort saget / wir werden wieder geboren durch das Wasser vnd heiligen Geist / sollen wirs gentzlich dafur halten / das vns verdampte Menschen GOtt in der heiligen Tauffe zu seinen Kindern vnd Erben des ewigen Lebens auffgenommen habe.,also vertröstet vns gottes wort das wir in der heiligen tauffe christum angezogen haben das erscheinet an einem menschen nicht man sihet an jhm nach dem er getaufft keine eusserliche enderung aber weil gottes wort saget wir werden wieder geboren durch das wasser vnd heiligen geist sollen wirs gentzlich dafur halten das vns verdampte menschen gott in der heiligen tauffe zu seinen kindern vnd erben des ewigen lebens auffgenommen habe,also uertrostet uns gottes wort das wir in der heiligen tauffe christum angezogen haben das erscheinet an einem menschen nicht man sihet an ihm nach dem er getaufft keine eusserliche enderung aber weil gottes wort saget wir werden wieder geboren durch das wasser und heiligen geist sollen wirs gentzlich dafur halten das uns uerdampte menschen gott in der heiligen tauffe zu seinen kindern und erben des ewigen lebens auffgenommen habe
sattler_leichpredigt_1595,body,37,0,False,15,Also verheisset vns Christus in seinem heiligen Nachtmal deutlich / er wolle vns nicht allein mit Brodt vnd Wein / sondern zugleich auch mit seinem Leib vnd Blut speisen / Wie der Euangelisten vnd Pauli Wort mitbringen.,also verheisset vns christus in seinem heiligen nachtmal deutlich er wolle vns nicht allein mit brodt vnd wein sondern zugleich auch mit seinem leib vnd blut speisen wie der euangelisten vnd pauli wort mitbringen,also uerheisset uns christus in seinem heiligen nachtmal deutlich er wolle uns nicht allein mit brodt und wein sondern zugleich auch mit seinem leib und blut speisen wie der euangelisten und pauli wort mitbringen
sattler_leichpredigt_1595,body,37,1,True,15,Derowegen sind wir schüldig / solches zugleuben / ob wir schon nicht begreiffen oder verstehen können / wie solches zugehe.,derowegen sind wir schüldig solches zugleuben ob wir schon nicht begreiffen oder verstehen können wie solches zugehe,derowegen sind wir schuldig solches zugleuben ob wir schon nicht begreiffen oder uerstehen konnen wie solches zugehe
sattler_leichpredigt_1595,body,38,0,True,15,Vnd ist eine sonderliche arth der Gleubigen / das sie fest vnd vnzweiffelhafftig vber GOttes Wort halten / da die Vngleubigen hergegen sich nicht schewen / GOtt in seinem Wort zuwiedersprechen / vnd jhn lügen zustraffen.,vnd ist eine sonderliche arth der gleubigen das sie fest vnd vnzweiffelhafftig vber gottes wort halten da die vngleubigen hergegen sich nicht schewen gott in seinem wort zuwiedersprechen vnd jhn lügen zustraffen,und ist eine sonderliche arth der gleubigen das sie fest und unzweiffelhafftig uber gottes wort halten da die ungleubigen hergegen sich nicht schewen gott in seinem wort zuwiedersprechen und ihn lugen zustraffen
sattler_leichpredigt_1595,body,39,0,False,15,Also rhümet den heiligen Ertzvater Abraham der Apostel Paulus / Roman. 4. Er hat gegleubet auff hoffnung / da nicht zu hoffen war / auff das er würde ein Vater vieler Heiden / Wie denn zu jhme gesagt war / Also sol dein Same sein.,also rhümet den heiligen ertzvater abraham der apostel paulus roman er hat gegleubet auff hoffnung da nicht zu hoffen war auff das er würde ein vater vieler heiden wie denn zu jhme gesagt war also sol dein same sein,also rhumet den heiligen ertzuater abraham der apostel paulus roman er hat gegleubet auff hoffnung da nicht zu hoffen war auff das er wurde ein uater uieler heiden wie denn zu ihme gesagt war also sol dein same sein
sattler_leichpredigt_1595,body,39,1,True,16,Vnd er ward nicht schwach im Glauben / Sahe auch nicht an seinen eigen Leib / welcher schon erstorben war / weil er fast Hundert Järig war / Auch nicht den erstorbenen Leib der Sara / Denn er zweiffelt nicht an der Verheissung GOttes durch Vnglauben / Sondern ward starck im Glauben / vnd gab GOtt die Ehr / vnd wusst auffs aller gewissest / das / was GOtt verheisset / das kan er auch thun.,vnd er ward nicht schwach im glauben sahe auch nicht an seinen eigen leib welcher schon erstorben war weil er fast hundert järig war auch nicht den erstorbenen leib der sara denn er zweiffelt nicht an der verheissung gottes durch vnglauben sondern ward starck im glauben vnd gab gott die ehr vnd wusst auffs aller gewissest das was gott verheisset das kan er auch thun,und er ward nicht schwach im glauben sahe auch nicht an seinen eigen leib welcher schon erstorben war weil er fast hundert iarig war auch nicht den erstorbenen leib der sara denn er zweiffelt nicht an der uerheissung gottes durch unglauben sondern ward starck im glauben und gab gott die ehr und wusst auffs aller gewissest das was gott uerheisset das kan er auch thun
sattler_leichpredigt_1595,body,40,0,True,16,So thut jhme Dauid in seiner tieffen noth / Psalm. 130. Ich harre des HERRN / Das ist / Ich weis / das er mir aus dieser meiner noth helffen wird / vnd ich hoffe auff sein Wort.,so thut jhme dauid in seiner tieffen noth psalm ich harre des herrn das ist ich weis das er mir aus dieser meiner noth helffen wird vnd ich hoffe auff sein wort,so thut ihme dauid in seiner tieffen noth psalm ich harre des herrn das ist ich weis das er mir aus dieser meiner noth helffen wird und ich hoffe auff sein wort
sattler_leichpredigt_1595,body,41,0,False,16,Ein solchen spiegel des Glaubens haben wir an viel Personen im Newen Testament / als an Maria / die ob es jr schon seltzam ist / es auch mit jrer vernunfft nicht fassen kan / das sie durch Gottes vberschattung ohn beywohnung eines Mannes mit dem Sohn GOttes schwanger werden / vnd jhn in die Welt geberen soll / so zweiffelt sie doch nicht daran / sondern helt sich an das Wort des Engels / vnd spricht / Sihe / ich bin des HERRN Magd / mir geschehe wie du gesagt hast.,ein solchen spiegel des glaubens haben wir an viel personen im newen testament als an maria die ob es jr schon seltzam ist es auch mit jrer vernunfft nicht fassen kan das sie durch gottes vberschattung ohn beywohnung eines mannes mit dem sohn gottes schwanger werden vnd jhn in die welt geberen soll so zweiffelt sie doch nicht daran sondern helt sich an das wort des engels vnd spricht sihe ich bin des herrn magd mir geschehe wie du gesagt hast,ein solchen spiegel des glaubens haben wir an uiel personen im newen testament als an maria die ob es ir schon seltzam ist es auch mit irer uernunfft nicht fassen kan das sie durch gottes uberschattung ohn beywohnung eines mannes mit dem sohn gottes schwanger werden und ihn in die welt geberen soll so zweiffelt sie doch nicht daran sondern helt sich an das wort des engels und spricht sihe ich bin des herrn magd mir geschehe wie du gesagt hast
sattler_leichpredigt_1595,body,41,1,False,16,Also sagt der Heidnisch Heuptman zu Capernaum auch / Sprich nur ein Wort / so wird mein Knecht gesundt.,also sagt der heidnisch heuptman zu capernaum auch sprich nur ein wort so wird mein knecht gesundt,also sagt der heidnisch heuptman zu capernaum auch sprich nur ein wort so wird mein knecht gesundt
sattler_leichpredigt_1595,body,41,2,False,17,Petrus hatte Luc. 5. die gantze Nacht gefischet / vnd nichts gefangen / aber auff Christi Wort wirffet er das Netz aus.,petrus hatte luc die gantze nacht gefischet vnd nichts gefangen aber auff christi wort wirffet er das netz aus,petrus hatte luc die gantze nacht gefischet und nichts gefangen aber auff christi wort wirffet er das netz aus
sattler_leichpredigt_1595,body,41,3,True,17,Der Königische Johan. 4. so seinen Sohn in den letzten zügen gelassen hatte / gleubet stracks dem Wort Christi / der da sagt / Gehe hin / dein Kind lebet / vnd findets auch also.,der königische johan so seinen sohn in den letzten zügen gelassen hatte gleubet stracks dem wort christi der da sagt gehe hin dein kind lebet vnd findets auch also,der konigische iohan so seinen sohn in den letzten zugen gelassen hatte gleubet stracks dem wort christi der da sagt gehe hin dein kind lebet und findets auch also
sattler_leichpredigt_1595,body,42,0,False,17,O das gefellet GOtt aus dermassen wol / wenn also ein Mensch sich fur jhm demütiget / vnd jhm die Ehre gibt / das er warhafftig vnd allmechtig sey.,o das gefellet gott aus dermassen wol wenn also ein mensch sich fur jhm demütiget vnd jhm die ehre gibt das er warhafftig vnd allmechtig sey,o das gefellet gott aus dermassen wol wenn also ein mensch sich fur ihm demutiget und ihm die ehre gibt das er warhafftig und allmechtig sey
sattler_leichpredigt_1595,body,42,1,True,17,Wie er hergegen je vnd allweg den Vnglauben / als an Mose / der nicht in das gelobte Land kommen / an dem Ritter / auff des Handt sich der König lehnet / 2. Reg. 7. der da meinet / es were vnmüglich / das es so bald wolfeil würde / vnd vertretten worden / an Zacharia Johannis Vater / der verstummet / vnd andern gestraffet hat.,wie er hergegen je vnd allweg den vnglauben als an mose der nicht in das gelobte land kommen an dem ritter auff des handt sich der könig lehnet reg der da meinet es were vnmüglich das es so bald wolfeil würde vnd vertretten worden an zacharia johannis vater der verstummet vnd andern gestraffet hat,wie er hergegen ie und allweg den unglauben als an mose der nicht in das gelobte land kommen an dem ritter auff des handt sich der konig lehnet reg der da meinet es were unmuglich das es so bald wolfeil wurde und uertretten worden an zacharia iohannis uater der uerstummet und andern gestraffet hat
sattler_leichpredigt_1595,body,43,0,True,17,Derowegen wenn wir von eim ding GOttes Wort haben / sollen wir mit Hiob sagen / Ich weiß das dem also / vnd nicht anders ist / vnd wenn schon die gantze Welt dawieder were.,derowegen wenn wir von eim ding gottes wort haben sollen wir mit hiob sagen ich weiß das dem also vnd nicht anders ist vnd wenn schon die gantze welt dawieder were,derowegen wenn wir uon eim ding gottes wort haben sollen wir mit hiob sagen ich weiss das dem also und nicht anders ist und wenn schon die gantze welt dawieder were
sattler_leichpredigt_1595,head,44,0,True,17,Der Ander Teil.,der ander teil,der ander teil
sattler_leichpredigt_1595,body,45,0,True,17,ES scheinet ein grosse künheit vnd trotzigkeit / das Hiob nicht allein in gemein gleubet / Christus sey ein Erlöser / werde leiden / sterben / vnd aufferstehen / vnd die Todten erweckẽ / vnd jhnẽ ein Ewiges leben geben / Sondern er zeucht auch allen solchen trost stracks auff sich / das er jhm gelte / lesst andere leute aus / eben als wenn er allein / vnd sonst niemand mehr in der Welt were / Ich weiß / das Mein Erlöser lebet / Ich werde mit Meiner Haut vmbgeben werden / Ich werde GOtt sehen / Meine Augen werden jhn schawen.,es scheinet ein grosse künheit vnd trotzigkeit das hiob nicht allein in gemein gleubet christus sey ein erlöser werde leiden sterben vnd aufferstehen vnd die todten erweckẽ vnd jhnẽ ein ewiges leben geben sondern er zeucht auch allen solchen trost stracks auff sich das er jhm gelte lesst andere leute aus eben als wenn er allein vnd sonst niemand mehr in der welt were ich weiß das mein erlöser lebet ich werde mit meiner haut vmbgeben werden ich werde gott sehen meine augen werden jhn schawen,es scheinet ein grosse kunheit und trotzigkeit das hiob nicht allein in gemein gleubet christus sey ein erloser werde leiden sterben und aufferstehen und die todten erwecken und ihnen ein ewiges leben geben sondern er zeucht auch allen solchen trost stracks auff sich das er ihm gelte lesst andere leute aus eben als wenn er allein und sonst niemand mehr in der welt were ich weiss das mein erloser lebet ich werde mit meiner haut umbgeben werden ich werde gott sehen meine augen werden ihn schawen
sattler_leichpredigt_1595,body,46,0,True,18,Dabey wir dann sehen / das Hiob nicht einen Papistischen Glauben gehabt / welcher denn auch nicht taug / sondern den rechten Christlichen glauben.,dabey wir dann sehen das hiob nicht einen papistischen glauben gehabt welcher denn auch nicht taug sondern den rechten christlichen glauben,dabey wir dann sehen das hiob nicht einen papistischen glauben gehabt welcher denn auch nicht taug sondern den rechten christlichen glauben
sattler_leichpredigt_1595,body,47,0,True,18,Denn die Papisten heissen allein in gemein dahin gleuben / was in dem Christlichen Glauben stehet / als das Christus den Menschen zu gut geboren / gestorben / anfferstanden / gen Him̃el gefahren / Item / das eine aufferstehung des Fleisches vnd Ewiges leben sey: Aber das ein jeder solches auff sich ziehe / sich gentzlich darauff verlasse / das lehren sie nicht allein ander leute nicht / sondern sie verbietens auch / vnd heissen die leute an vergebung jhrer Sünden / vnd aufferstehung zum ewigen leben zweiffeln: Denn das sey eine vnleidenliche vermessen heit / vnd künheit / das einer wolle gleuben / jhm sein alle seine Sünde vergeben / vnd er sey ein Kindt des Ewigen lebens / Man sol auch die leute nicht also lehren.,denn die papisten heissen allein in gemein dahin gleuben was in dem christlichen glauben stehet als das christus den menschen zu gut geboren gestorben anfferstanden gen him̃el gefahren item das eine aufferstehung des fleisches vnd ewiges leben sey aber das ein jeder solches auff sich ziehe sich gentzlich darauff verlasse das lehren sie nicht allein ander leute nicht sondern sie verbietens auch vnd heissen die leute an vergebung jhrer sünden vnd aufferstehung zum ewigen leben zweiffeln denn das sey eine vnleidenliche vermessen heit vnd künheit das einer wolle gleuben jhm sein alle seine sünde vergeben vnd er sey ein kindt des ewigen lebens man sol auch die leute nicht also lehren,denn die papisten heissen allein in gemein dahin gleuben was in dem christlichen glauben stehet als das christus den menschen zu gut geboren gestorben anfferstanden gen himmel gefahren item das eine aufferstehung des fleisches und ewiges leben sey aber das ein ieder solches auff sich ziehe sich gentzlich darauff uerlasse das lehren sie nicht allein ander leute nicht sondern sie uerbietens auch und heissen die leute an uergebung ihrer sunden und aufferstehung zum ewigen leben zweiffeln denn das sey eine unleidenliche uermessen heit und kunheit das einer wolle gleuben ihm sein alle seine sunde uergeben und er sey ein kindt des ewigen lebens man sol auch die leute nicht also lehren
sattler_leichpredigt_1595,body,48,0,True,19,Vnd ist jhnẽ eigentlich darumb zuthũ / das jhr gantzer Kram des Ablaß / der Vigiliẽ vñ Seelmessen / vnd dergleichen jhnen geleget vnd verdorben würde / wenn die leute allein auff Christi Verdienst vnzweiffelhafftig sich verliessen / Vnd ist also jhr Glaube nur ein solcher Glaube / den Jacobus auch den Teuffeln zuschreibet / das sie gleuben / vnd erzittern.,vnd ist jhnẽ eigentlich darumb zuthũ das jhr gantzer kram des ablaß der vigiliẽ vñ seelmessen vnd dergleichen jhnen geleget vnd verdorben würde wenn die leute allein auff christi verdienst vnzweiffelhafftig sich verliessen vnd ist also jhr glaube nur ein solcher glaube den jacobus auch den teuffeln zuschreibet das sie gleuben vnd erzittern,und ist ihnen eigentlich darumb zuthum das ihr gantzer kram des ablass der uigilien und seelmessen und dergleichen ihnen geleget und uerdorben wurde wenn die leute allein auff christi uerdienst unzweiffelhafftig sich uerliessen und ist also ihr glaube nur ein solcher glaube den iacobus auch den teuffeln zuschreibet das sie gleuben und erzittern
sattler_leichpredigt_1595,body,49,0,True,19,Wir aber sollen vns fur solchem grossen vnd schedlichen Irrthumb / der den grundt vnsers Glaubens vmbreisst / vnd vns allen bestendigen Trost im leben vnd sterben entzeucht / fleissig hüten / Vnd wie Hiob thut / den Verheissungen des Göttlichen Worts nicht allein also glauben zustellen / das wir sie fur gewiß halten / Sondern wir sollen sie auch auff vns ziehen / das sie vns gelten / vnd also derselbigen vns trösten / als wenn sonst niemand mehr in der Welt were / den sie angiengen.,wir aber sollen vns fur solchem grossen vnd schedlichen irrthumb der den grundt vnsers glaubens vmbreisst vnd vns allen bestendigen trost im leben vnd sterben entzeucht fleissig hüten vnd wie hiob thut den verheissungen des göttlichen worts nicht allein also glauben zustellen das wir sie fur gewiß halten sondern wir sollen sie auch auff vns ziehen das sie vns gelten vnd also derselbigen vns trösten als wenn sonst niemand mehr in der welt were den sie angiengen,wir aber sollen uns fur solchem grossen und schedlichen irrthumb der den grundt unsers glaubens umbreisst und uns allen bestendigen trost im leben und sterben entzeucht fleissig huten und wie hiob thut den uerheissungen des gottlichen worts nicht allein also glauben zustellen das wir sie fur gewiss halten sondern wir sollen sie auch auff uns ziehen das sie uns gelten und also derselbigen uns trosten als wenn sonst niemand mehr in der welt were den sie angiengen
sattler_leichpredigt_1595,body,50,0,False,19,Wie wir denn in vnserm Catechismo gelehret werden / Ich gleube / das Jesus Christus etc. mein HErr sey / der mich verlornen / verdampten Menschen erworben / gewonnen / vnd erlöset hat von allen Sünden etc.,wie wir denn in vnserm catechismo gelehret werden ich gleube das jesus christus etc mein herr sey der mich verlornen verdampten menschen erworben gewonnen vnd erlöset hat von allen sünden etc,wie wir denn in unserm catechismo gelehret werden ich gleube das iesus christus etc mein herr sey der mich uerlornen uerdampten menschen erworben gewonnen und erloset hat uon allen sunden etc
sattler_leichpredigt_1595,body,50,1,True,20,Item / ich gleube das Gott der Heilige Geist mir teglich alle Sünde reichlich vergibt / vnd mir sampt allen gleubigen ein Ewiges leben geben wirdt.,item ich gleube das gott der heilige geist mir teglich alle sünde reichlich vergibt vnd mir sampt allen gleubigen ein ewiges leben geben wirdt,item ich gleube das gott der heilige geist mir teglich alle sunde reichlich uergibt und mir sampt allen gleubigen ein ewiges leben geben wirdt
sattler_leichpredigt_1595,body,51,0,False,20,Denn gleich wie Ich die Gesetz vnd Straffpredigt / da Gott der Sünden halben vns Menschen anklaget / billich auff mich ziehen / vnd mich nicht daraus werffen soll / eben so wol soll ich auch die allgemeine Verheissung der gnaden auff mich ziehen / Das mir Gott durch Christum gnedig sein / vnd die Sünde vergeben wölle.,denn gleich wie ich die gesetz vnd straffpredigt da gott der sünden halben vns menschen anklaget billich auff mich ziehen vnd mich nicht daraus werffen soll eben so wol soll ich auch die allgemeine verheissung der gnaden auff mich ziehen das mir gott durch christum gnedig sein vnd die sünde vergeben wölle,denn gleich wie ich die gesetz und straffpredigt da gott der sunden halben uns menschen anklaget billich auff mich ziehen und mich nicht daraus werffen soll eben so wol soll ich auch die allgemeine uerheissung der gnaden auff mich ziehen das mir gott durch christum gnedig sein und die sunde uergeben wolle
sattler_leichpredigt_1595,body,51,1,False,20,Denn darumb hat Christus heissen predigen Buß vnd Vergebung der Sünden vnder allen Völckern.,denn darumb hat christus heissen predigen buß vnd vergebung der sünden vnder allen völckern,denn darumb hat christus heissen predigen buss und uergebung der sunden under allen uolckern
sattler_leichpredigt_1595,body,51,2,True,20,Item das Enangelium heist Christus predigen aller Creatur.,item das enangelium heist christus predigen aller creatur,item das enangelium heist christus predigen aller creatur
sattler_leichpredigt_1595,body,52,0,False,20,Daher weissaget Jesaias 44. dieser wird sagen / Ich bin des HERRN / vnd mit dem Namen Jacob genennet werden / vnd Jener wird mit seiner Handt sich dem HERRN zuschreiben.,daher weissaget jesaias dieser wird sagen ich bin des herrn vnd mit dem namen jacob genennet werden vnd jener wird mit seiner handt sich dem herrn zuschreiben,daher weissaget iesaias dieser wird sagen ich bin des herrn und mit dem namen iacob genennet werden und iener wird mit seiner handt sich dem herrn zuschreiben
sattler_leichpredigt_1595,body,52,1,False,20,Wie denn auch die Verheissung dem Abraham geschehen in seiner sprach also Lautet / Genesis 22. In deinem Samen werden sich segenen alle Völcker auff Erden.,wie denn auch die verheissung dem abraham geschehen in seiner sprach also lautet genesis in deinem samen werden sich segenen alle völcker auff erden,wie denn auch die uerheissung dem abraham geschehen in seiner sprach also lautet genesis in deinem samen werden sich segenen alle uolcker auff erden
sattler_leichpredigt_1595,body,52,2,False,20,Das wil Habacuc / da er spricht / der gerecht wird seines Glaubens leben.,das wil habacuc da er spricht der gerecht wird seines glaubens leben,das wil habacuc da er spricht der gerecht wird seines glaubens leben
sattler_leichpredigt_1595,body,52,3,False,20,Darumb sagt Jacob für seine Person / HERR Ich hoffe oder warte auff dein Heil.,darumb sagt jacob für seine person herr ich hoffe oder warte auff dein heil,darumb sagt iacob fur seine person herr ich hoffe oder warte auff dein heil
sattler_leichpredigt_1595,body,52,4,True,20,Vnd Paulus Gal. 2. Schreibet / Was ich lebe / das lebe ich im Glauben des Sonhs Gottes der mich geliebet / vnd sich selber für mich gegeben hat / Vnd 2. Tim. 4. Mir ist beygelegt die Kron der Gerechtigkeit.,vnd paulus gal schreibet was ich lebe das lebe ich im glauben des sonhs gottes der mich geliebet vnd sich selber für mich gegeben hat vnd tim mir ist beygelegt die kron der gerechtigkeit,und paulus gal schreibet was ich lebe das lebe ich im glauben des sonhs gottes der mich geliebet und sich selber fur mich gegeben hat und tim mir ist beygelegt die kron der gerechtigkeit
sattler_leichpredigt_1595,body,53,0,False,21,Sagt einer / das wolte ich auch gerne thun / vnd solte mir nichts liebers sein / als das ich alle gnaden Verheissung auff mich ziehen möchte / denn also könte ich desto frölicher leben vnd sterben / wenn ichs nur thun dürffte / vnd des gewissen grund hette / das sie auch auff mich giengen.,sagt einer das wolte ich auch gerne thun vnd solte mir nichts liebers sein als das ich alle gnaden verheissung auff mich ziehen möchte denn also könte ich desto frölicher leben vnd sterben wenn ichs nur thun dürffte vnd des gewissen grund hette das sie auch auff mich giengen,sagt einer das wolte ich auch gerne thun und solte mir nichts liebers sein als das ich alle gnaden uerheissung auff mich ziehen mochte denn also konte ich desto frolicher leben und sterben wenn ichs nur thun durffte und des gewissen grund hette das sie auch auff mich giengen
sattler_leichpredigt_1595,body,53,1,True,21,Antwort / du darffst es wol thun / ja / du solt Gottes gnaden Verheissung auff dich ziehen / wa du nur nicht vnbußfertig / sonder bußfertig bist / vnd nach der gnad Gottes ein Hertzlich verlangen hast.,antwort du darffst es wol thun ja du solt gottes gnaden verheissung auff dich ziehen wa du nur nicht vnbußfertig sonder bußfertig bist vnd nach der gnad gottes ein hertzlich verlangen hast,antwort du darffst es wol thun ia du solt gottes gnaden uerheissung auff dich ziehen wa du nur nicht unbussfertig sonder bussfertig bist und nach der gnad gottes ein hertzlich uerlangen hast
sattler_leichpredigt_1595,body,54,0,True,21,Vnd darffstu dißfals nicht auff ein sonderliche offenbarung vom Himmel warten / wie die Papisten felschlich fürgeben / Sonder du solt dich erstlich halten an Gottes allgemeine Verheissung / darin Gott seinen Rath vnd willen offenbaret / denn wie Gott alles vnder die Sünde geschlossen hat / also wil er sich auch aller erbarmen / vnd wil er nicht das jemand verloren werde / 2. Petri 3.,vnd darffstu dißfals nicht auff ein sonderliche offenbarung vom himmel warten wie die papisten felschlich fürgeben sonder du solt dich erstlich halten an gottes allgemeine verheissung darin gott seinen rath vnd willen offenbaret denn wie gott alles vnder die sünde geschlossen hat also wil er sich auch aller erbarmen vnd wil er nicht das jemand verloren werde petri,und darffstu dissfals nicht auff ein sonderliche offenbarung uom himmel warten wie die papisten felschlich furgeben sonder du solt dich erstlich halten an gottes allgemeine uerheissung darin gott seinen rath und willen offenbaret denn wie gott alles under die sunde geschlossen hat also wil er sich auch aller erbarmen und wil er nicht das iemand uerloren werde petri
sattler_leichpredigt_1595,body,55,0,True,21,Du solt dich auch erinnern / das Christus nicht eines Menschen / sonder der gantzen Welt Sünde getragen hat / das ist Gottes Lamb / das der Welt Sünde tregt / spricht Johannes der Teuffer Johannis 1. Vnd zu Nicodemo spricht Christus Johan. 3. Also hat Gott die Welt geliebet / Item / Gott hat seinen Sohn nicht gesand in die Welt / das er die Welt richten soll / sondern das die Welt durch jhn selig werde.,du solt dich auch erinnern das christus nicht eines menschen sonder der gantzen welt sünde getragen hat das ist gottes lamb das der welt sünde tregt spricht johannes der teuffer johannis vnd zu nicodemo spricht christus johan also hat gott die welt geliebet item gott hat seinen sohn nicht gesand in die welt das er die welt richten soll sondern das die welt durch jhn selig werde,du solt dich auch erinnern das christus nicht eines menschen sonder der gantzen welt sunde getragen hat das ist gottes lamb das der welt sunde tregt spricht iohannes der teuffer iohannis und zu nicodemo spricht christus iohan also hat gott die welt geliebet item gott hat seinen sohn nicht gesand in die welt das er die welt richten soll sondern das die welt durch ihn selig werde
sattler_leichpredigt_1595,body,56,0,False,22,Wie nun das Verdienst Christi für der gantzen Welt Sünde genugsam ist / also sein auch die Verheissungen des Euangelij nicht enger gespannet / sondern erstrecken sich eben so weit.,wie nun das verdienst christi für der gantzen welt sünde genugsam ist also sein auch die verheissungen des euangelij nicht enger gespannet sondern erstrecken sich eben so weit,wie nun das uerdienst christi fur der gantzen welt sunde genugsam ist also sein auch die uerheissungen des euangelii nicht enger gespannet sondern erstrecken sich eben so weit
sattler_leichpredigt_1595,body,56,1,True,22,Wie Jesaias 55. stehet / Wolan alle die jhr Dürstig seit / Kommet her zum Wasser / vnd die jhr nicht Gelt habt / Kommet her / Kauffet vnd esset / vnd Christus spricht / Komet her zu mir alle / die jhr müheselig vnd beladen seit / Ich wil euch erquicken / Vnd auch zu den gesten die ausblieben sprechen Luc: 14. Die Knechte Gottes / Komet / denn es ist alles bereit / So heisset Christus Mar. 16. Predigen das Euangelium aller Creatur / das also Gottes Handt offen stehet vnd ausgereckt ist vns zu helffen / Vnd dürffen wir vns hierüber keine schwere gedancken machen / Er spricht / vnd beteuret mit einem eyd / er habe nicht gefallen am Todt des Gottlosen / sonder das er sich bekehre vnd lebe.,wie jesaias stehet wolan alle die jhr dürstig seit kommet her zum wasser vnd die jhr nicht gelt habt kommet her kauffet vnd esset vnd christus spricht komet her zu mir alle die jhr müheselig vnd beladen seit ich wil euch erquicken vnd auch zu den gesten die ausblieben sprechen luc die knechte gottes komet denn es ist alles bereit so heisset christus mar predigen das euangelium aller creatur das also gottes handt offen stehet vnd ausgereckt ist vns zu helffen vnd dürffen wir vns hierüber keine schwere gedancken machen er spricht vnd beteuret mit einem eyd er habe nicht gefallen am todt des gottlosen sonder das er sich bekehre vnd lebe,wie iesaias stehet wolan alle die ihr durstig seit kommet her zum wasser und die ihr nicht gelt habt kommet her kauffet und esset und christus spricht komet her zu mir alle die ihr muheselig und beladen seit ich wil euch erquicken und auch zu den gesten die ausblieben sprechen luc die knechte gottes komet denn es ist alles bereit so heisset christus mar predigen das euangelium aller creatur das also gottes handt offen stehet und ausgereckt ist uns zu helffen und durffen wir uns hieruber keine schwere gedancken machen er spricht und beteuret mit einem eyd er habe nicht gefallen am todt des gottlosen sonder das er sich bekehre und lebe
sattler_leichpredigt_1595,body,57,0,False,22,Vnd soll vns auch hie die lehre von der Ewigen gnaden wahl Gottes nicht anfechten / Denn das hiesse dieselbigen zu seinem eigenen verderben mißbrauchen / dieweil sie dahin gar nicht gehet / das jemand daher vrsach nehmen soll zuuerzweifeln / oder jhm die gedancken zu machen / Gott lasse wol im Wort sein gnad allen anbieten / aber es sey sein Ernst nicht / sonder er hab heimlich bey sich beschlossen sie zuuerdammen.,vnd soll vns auch hie die lehre von der ewigen gnaden wahl gottes nicht anfechten denn das hiesse dieselbigen zu seinem eigenen verderben mißbrauchen dieweil sie dahin gar nicht gehet das jemand daher vrsach nehmen soll zuuerzweifeln oder jhm die gedancken zu machen gott lasse wol im wort sein gnad allen anbieten aber es sey sein ernst nicht sonder er hab heimlich bey sich beschlossen sie zuuerdammen,und soll uns auch hie die lehre uon der ewigen gnaden wahl gottes nicht anfechten denn das hiesse dieselbigen zu seinem eigenen uerderben missbrauchen dieweil sie dahin gar nicht gehet das iemand daher ursach nehmen soll zuuerzweifeln oder ihm die gedancken zu machen gott lasse wol im wort sein gnad allen anbieten aber es sey sein ernst nicht sonder er hab heimlich bey sich beschlossen sie zuuerdammen
sattler_leichpredigt_1595,body,57,1,False,23,Darzu aber sollen wir die Lehr von der ewigen gnaden wahl Gottes gebrauchen / das wir vns vnder Gottes gewaltige Hand demütigẽ / erkennen das es mit vns / vnsern Krefften vnd wercken / allerding nichts sey / sonder er wolle vns aus lauter gnadẽ selig machen / da er vns eben so wol als den grösten Theil verwerffẽ möchte / vnd das wir bestendigen Trost haben in allen anfechtungen / das vnser Heil nicht in vnsern Henden stehe / da wirs bald verwarlosen würden / sonder in Gottes Allmechtiger Hand / daraus vns niemand Reissen kan / vnd denn das wir Gott fürchten lernen / das wir nicht in sein schrecklich Gericht fallen.,darzu aber sollen wir die lehr von der ewigen gnaden wahl gottes gebrauchen das wir vns vnder gottes gewaltige hand demütigẽ erkennen das es mit vns vnsern krefften vnd wercken allerding nichts sey sonder er wolle vns aus lauter gnadẽ selig machen da er vns eben so wol als den grösten theil verwerffẽ möchte vnd das wir bestendigen trost haben in allen anfechtungen das vnser heil nicht in vnsern henden stehe da wirs bald verwarlosen würden sonder in gottes allmechtiger hand daraus vns niemand reissen kan vnd denn das wir gott fürchten lernen das wir nicht in sein schrecklich gericht fallen,darzu aber sollen wir die lehr uon der ewigen gnaden wahl gottes gebrauchen das wir uns under gottes gewaltige hand demutigen erkennen das es mit uns unsern krefften und wercken allerding nichts sey sonder er wolle uns aus lauter gnaden selig machen da er uns eben so wol als den grosten theil uerwerffen mochte und das wir bestendigen trost haben in allen anfechtungen das unser heil nicht in unsern henden stehe da wirs bald uerwarlosen wurden sonder in gottes allmechtiger hand daraus uns niemand reissen kan und denn das wir gott furchten lernen das wir nicht in sein schrecklich gericht fallen
sattler_leichpredigt_1595,body,57,2,True,23,Das ist der rechte gebrauch dieser Lehr / vnd keines Wegs / das wir daher vrsache nemen an Gottes gnad gegen vns zu zweifeln oder Zuuerzweifeln.,das ist der rechte gebrauch dieser lehr vnd keines wegs das wir daher vrsache nemen an gottes gnad gegen vns zu zweifeln oder zuuerzweifeln,das ist der rechte gebrauch dieser lehr und keines wegs das wir daher ursache nemen an gottes gnad gegen uns zu zweifeln oder zuuerzweifeln
sattler_leichpredigt_1595,body,58,0,False,24,Dieweil aber solche allgemeine Verheissung sich so schwerlich ins hertz bringen lest / das wir sie auff vns ziehen / vnd vns derselbigen trösten dürffen / sonder wir möchten gerne sehen / das Gott mit vns selbst insonderheit handelte / Vns sein gnad zusagete / vnd derselben versicherte / so hat Christus gewalt gegeben / wie er selber dem gichtbrüchtigen die Sünde in sonderheit Vergeben / das also auch einẽ insonderheit seine gnad angeboten werden soll.,dieweil aber solche allgemeine verheissung sich so schwerlich ins hertz bringen lest das wir sie auff vns ziehen vnd vns derselbigen trösten dürffen sonder wir möchten gerne sehen das gott mit vns selbst insonderheit handelte vns sein gnad zusagete vnd derselben versicherte so hat christus gewalt gegeben wie er selber dem gichtbrüchtigen die sünde in sonderheit vergeben das also auch einẽ insonderheit seine gnad angeboten werden soll,dieweil aber solche allgemeine uerheissung sich so schwerlich ins hertz bringen lest das wir sie auff uns ziehen und uns derselbigen trosten durffen sonder wir mochten gerne sehen das gott mit uns selbst insonderheit handelte uns sein gnad zusagete und derselben uersicherte so hat christus gewalt gegeben wie er selber dem gichtbruchtigen die sunde in sonderheit uergeben das also auch einen insonderheit seine gnad angeboten werden soll
sattler_leichpredigt_1595,body,58,1,False,24,Denn er sagt / wie mich mein Vatter gesand hat / so sende ich Euch / welchen jhr die Sünde erlasset denen sind sie erlassen.,denn er sagt wie mich mein vatter gesand hat so sende ich euch welchen jhr die sünde erlasset denen sind sie erlassen,denn er sagt wie mich mein uatter gesand hat so sende ich euch welchen ihr die sunde erlasset denen sind sie erlassen
sattler_leichpredigt_1595,body,58,2,False,24,Also verkündiget Nathan dem Dauid insonderheit Vergebung der Sünden / der HERr hat deine Sünde weggenomen.,also verkündiget nathan dem dauid insonderheit vergebung der sünden der herr hat deine sünde weggenomen,also uerkundiget nathan dem dauid insonderheit uergebung der sunden der herr hat deine sunde weggenomen
sattler_leichpredigt_1595,body,58,3,True,24,Vnd Petrus saget Acto. 2. thut Buß / vnd lasse sich ein jeglicher teuffen zur Vergebung der Sünden.,vnd petrus saget acto thut buß vnd lasse sich ein jeglicher teuffen zur vergebung der sünden,und petrus saget acto thut buss und lasse sich ein ieglicher teuffen zur uergebung der sunden
sattler_leichpredigt_1595,body,59,0,True,24,Vnd darumb hat Gott die Heilige Satrament geordnet / das die Verheissung der gnaden einem jeden zugeeignet vnd versichert werde / dieweil da Gott mit einem jedẽ insonderheit handelt.,vnd darumb hat gott die heilige satrament geordnet das die verheissung der gnaden einem jeden zugeeignet vnd versichert werde dieweil da gott mit einem jedẽ insonderheit handelt,und darumb hat gott die heilige satrament geordnet das die uerheissung der gnaden einem ieden zugeeignet und uersichert werde dieweil da gott mit einem ieden insonderheit handelt
sattler_leichpredigt_1595,body,60,0,False,24,Darumb spricht Paulus Rom. 6. Wisset jhr nicht / das alle die wir in Jesum Christum getaufft sein / die sein in seinen Todt getaufft?,darumb spricht paulus rom wisset jhr nicht das alle die wir in jesum christum getaufft sein die sein in seinen todt getaufft,darumb spricht paulus rom wisset ihr nicht das alle die wir in iesum christum getaufft sein die sein in seinen todt getaufft
sattler_leichpredigt_1595,body,60,1,True,24,Item Gal. 3. So viel ewr getaufft sein / die haben Christum angezogen.,item gal so viel ewr getaufft sein die haben christum angezogen,item gal so uiel ewr getaufft sein die haben christum angezogen
sattler_leichpredigt_1595,body,61,0,True,25,Vnd im Heiligen Nachtmal wird zu einem jeden insonderheit gesagt / Nim hin vnd iß / das ist der leib Christi / der für dich gegeben ist / trinck / das ist das Blut des newen Testaments / das für dich vergossen ist zur Vergebung der Sünden.,vnd im heiligen nachtmal wird zu einem jeden insonderheit gesagt nim hin vnd iß das ist der leib christi der für dich gegeben ist trinck das ist das blut des newen testaments das für dich vergossen ist zur vergebung der sünden,und im heiligen nachtmal wird zu einem ieden insonderheit gesagt nim hin und iss das ist der leib christi der fur dich gegeben ist trinck das ist das blut des newen testaments das fur dich uergossen ist zur uergebung der sunden
sattler_leichpredigt_1595,body,62,0,True,25,Kan sich derwegen ein jeder für seine Person so wol seiner empfangnen Tauff vnd des Heiligen Nachtmals trösten / als sich Dauid wieder den Goliath der bescheidung tröstet.,kan sich derwegen ein jeder für seine person so wol seiner empfangnen tauff vnd des heiligen nachtmals trösten als sich dauid wieder den goliath der bescheidung tröstet,kan sich derwegen ein ieder fur seine person so wol seiner empfangnen tauff und des heiligen nachtmals trosten als sich dauid wieder den goliath der bescheidung trostet
sattler_leichpredigt_1595,body,63,0,True,25,Hierzu kompt auch das zeugnis des Heiligen Geists / das er er vnserm Geist gibt / das wir Gottes Kinder sind Rom: 8.,hierzu kompt auch das zeugnis des heiligen geists das er er vnserm geist gibt das wir gottes kinder sind rom,hierzu kompt auch das zeugnis des heiligen geists das er er unserm geist gibt das wir gottes kinder sind rom
sattler_leichpredigt_1595,body,64,0,True,25,An solchen willen Gottes / den er vns im wort des Euangelij geoffenbaret hat / sollen wir vns mit festem Glauben halten / das wir also mit Hiob sagen / Ich weis das mein Erlöser lebet / Ich werde mit dieser meiner Haut vmbgeben werden / vnd Ich werde in meinem Fleisch Gott sehen / meine Augen werden jhn schawen / denselben werde ich mir sehen.,an solchen willen gottes den er vns im wort des euangelij geoffenbaret hat sollen wir vns mit festem glauben halten das wir also mit hiob sagen ich weis das mein erlöser lebet ich werde mit dieser meiner haut vmbgeben werden vnd ich werde in meinem fleisch gott sehen meine augen werden jhn schawen denselben werde ich mir sehen,an solchen willen gottes den er uns im wort des euangelii geoffenbaret hat sollen wir uns mit festem glauben halten das wir also mit hiob sagen ich weis das mein erloser lebet ich werde mit dieser meiner haut umbgeben werden und ich werde in meinem fleisch gott sehen meine augen werden ihn schawen denselben werde ich mir sehen
sattler_leichpredigt_1595,head,65,0,True,25,Der Dritte Theil.,der dritte theil,der dritte theil
sattler_leichpredigt_1595,body,66,0,True,26,DEr Heilige Man Hiob lesst es dabey nicht bleiben / das er angezeigt / das er wisse / es werde einmal gutt mit jhm werden / vnd er also in seiner not nicht stecken bleiben / wie wir albereit angedeutet vnd hernach weiter hören werden / sondern zeigt auch mit deutlichen worten an / warauff er also trotze / vnd spricht / das mein Erlöser lebet / das ist / das weiß ich / das Gott einen Heiland verordnet hat / der mich retten / vnd an meinem Mörder dem Teuffel rechen soll / alls mein Vetter vnd Blutsfreund (Denn das heist das wort Erlöser in seiner sprache) Darauff hat Gott mich vnd alle Menschen vertröstet / der wird gewiß zu bestimter zeit kommen / vnd Mensch werden / vnd leiden vnd Sterben / vnd durch seinen Todt das Menschliche geschlecht erlösen / vnd jhnen jhre verlorne Güter wiederbringen / derselbige lebet albereit / als warer Gott / vnd hat er ein solch starck leben / Ja er ist das leben selber / das er auch andere seine Brüder kan vnd wil lebendig machen / Vnd ob er wol leiden sterben vnd begraben wird / wenn er nun kompt in der letzten zeit der Welt / so wird er doch aus der Erden aufferstehen / vnd also vns Menschen das Leben vnd alle verlorene Güter widerbringen.,der heilige man hiob lesst es dabey nicht bleiben das er angezeigt das er wisse es werde einmal gutt mit jhm werden vnd er also in seiner not nicht stecken bleiben wie wir albereit angedeutet vnd hernach weiter hören werden sondern zeigt auch mit deutlichen worten an warauff er also trotze vnd spricht das mein erlöser lebet das ist das weiß ich das gott einen heiland verordnet hat der mich retten vnd an meinem mörder dem teuffel rechen soll alls mein vetter vnd blutsfreund denn das heist das wort erlöser in seiner sprache darauff hat gott mich vnd alle menschen vertröstet der wird gewiß zu bestimter zeit kommen vnd mensch werden vnd leiden vnd sterben vnd durch seinen todt das menschliche geschlecht erlösen vnd jhnen jhre verlorne güter wiederbringen derselbige lebet albereit als warer gott vnd hat er ein solch starck leben ja er ist das leben selber das er auch andere seine brüder kan vnd wil lebendig machen vnd ob er wol leiden sterben vnd begraben wird wenn er nun kompt in der letzten zeit der welt so wird er doch aus der erden aufferstehen vnd also vns menschen das leben vnd alle verlorene güter widerbringen,der heilige man hiob lesst es dabey nicht bleiben das er angezeigt das er wisse es werde einmal gutt mit ihm werden und er also in seiner not nicht stecken bleiben wie wir albereit angedeutet und hernach weiter horen werden sondern zeigt auch mit deutlichen worten an warauff er also trotze und spricht das mein erloser lebet das ist das weiss ich das gott einen heiland uerordnet hat der mich retten und an meinem morder dem teuffel rechen soll alls mein uetter und blutsfreund denn das heist das wort erloser in seiner sprache darauff hat gott mich und alle menschen uertrostet der wird gewiss zu bestimter zeit kommen und mensch werden und leiden und sterben und durch seinen todt das menschliche geschlecht erlosen und ihnen ihre uerlorne guter wiederbringen derselbige lebet albereit als warer gott und hat er ein solch starck leben ia er ist das leben selber das er auch andere seine bruder kan und wil lebendig machen und ob er wol leiden sterben und begraben wird wenn er nun kompt in der letzten zeit der welt so wird er doch aus der erden aufferstehen und also uns menschen das leben und alle uerlorene guter widerbringen
sattler_leichpredigt_1595,body,67,0,False,26,Das ist doch ein schöne alte vnd herrliche weissagung vnd bekentniß von vnserm HERRn vnd Heiland Jesu Christo.,das ist doch ein schöne alte vnd herrliche weissagung vnd bekentniß von vnserm herrn vnd heiland jesu christo,das ist doch ein schone alte und herrliche weissagung und bekentniss uon unserm herrn und heiland iesu christo
sattler_leichpredigt_1595,body,67,1,True,27,Denn Hiob hie alles das kurtz fasset / was in vnserm Christlichen Glauben stehet / beides von der Person vnd wolthaten vnsers HERRN Jesu Christi.,denn hiob hie alles das kurtz fasset was in vnserm christlichen glauben stehet beides von der person vnd wolthaten vnsers herrn jesu christi,denn hiob hie alles das kurtz fasset was in unserm christlichen glauben stehet beides uon der person und wolthaten unsers herrn iesu christi
sattler_leichpredigt_1595,body,68,0,True,27,Denn von seiner Person zeuget er / das er sey warhafftiger Gott vom Vater von ewigkeit geborn / darumb ob schon Christus der zeit noch nicht fleisch vnd Blut angenomen hatte / vnd Mensch worden war / sonder solchs lange Ihar hernach erst geschehen ist / sagt er doch er lebe / weil er nun nach der Menschheit das mal noch nicht gelebet / so gibt er vns an die Hand / das er warer Gott sey / wie eben auff die weise Christus zu den Jüden Johan: 8. sagt / ehe denn Abraham war / bin Ich.,denn von seiner person zeuget er das er sey warhafftiger gott vom vater von ewigkeit geborn darumb ob schon christus der zeit noch nicht fleisch vnd blut angenomen hatte vnd mensch worden war sonder solchs lange ihar hernach erst geschehen ist sagt er doch er lebe weil er nun nach der menschheit das mal noch nicht gelebet so gibt er vns an die hand das er warer gott sey wie eben auff die weise christus zu den jüden johan sagt ehe denn abraham war bin ich,denn uon seiner person zeuget er das er sey warhafftiger gott uom uater uon ewigkeit geborn darumb ob schon christus der zeit noch nicht fleisch und blut angenomen hatte und mensch worden war sonder solchs lange ihar hernach erst geschehen ist sagt er doch er lebe weil er nun nach der menschheit das mal noch nicht gelebet so gibt er uns an die hand das er warer gott sey wie eben auff die weise christus zu den iuden iohan sagt ehe denn abraham war bin ich
sattler_leichpredigt_1595,body,69,0,False,27,So lehret er zum andern / das Christus auch warer Mensch sein werde / darumb er in seiner sprach jhn seinen Vetter vnd Blutrecher nennet / denn das heist hie das wort Erlöser / da er denn on zweiffel auff die Verheissung gesehen von des Weibs Samen / vnd Abrahams Samen.,so lehret er zum andern das christus auch warer mensch sein werde darumb er in seiner sprach jhn seinen vetter vnd blutrecher nennet denn das heist hie das wort erlöser da er denn on zweiffel auff die verheissung gesehen von des weibs samen vnd abrahams samen,so lehret er zum andern das christus auch warer mensch sein werde darumb er in seiner sprach ihn seinen uetter und blutrecher nennet denn das heist hie das wort erloser da er denn on zweiffel auff die uerheissung gesehen uon des weibs samen und abrahams samen
sattler_leichpredigt_1595,body,69,1,False,27,Vnd eben mit dem Wort beschreibt er das Ampt vnd wolthaten Christi / vnd zeigt an / das er als vnser Blutfreund sich vnser trewlichen annemen / vns an vnserm Feinde dem Teuffel rechen / vnd die verlorne erbgerechtigkeit vnd güter wieder einlösen werde / vnd das werde er thun durch sein bitter leiden vnd sterben.,vnd eben mit dem wort beschreibt er das ampt vnd wolthaten christi vnd zeigt an das er als vnser blutfreund sich vnser trewlichen annemen vns an vnserm feinde dem teuffel rechen vnd die verlorne erbgerechtigkeit vnd güter wieder einlösen werde vnd das werde er thun durch sein bitter leiden vnd sterben,und eben mit dem wort beschreibt er das ampt und wolthaten christi und zeigt an das er als unser blutfreund sich unser trewlichen annemen uns an unserm feinde dem teuffel rechen und die uerlorne erbgerechtigkeit und guter wieder einlosen werde und das werde er thun durch sein bitter leiden und sterben
sattler_leichpredigt_1595,body,69,2,True,28,Denn weil er der aufferstehung Christi aus dem staub der Erden gedenckt / bezeugt er das Christus leiden vnd sterben vnd begraben werde.,denn weil er der aufferstehung christi aus dem staub der erden gedenckt bezeugt er das christus leiden vnd sterben vnd begraben werde,denn weil er der aufferstehung christi aus dem staub der erden gedenckt bezeugt er das christus leiden und sterben und begraben werde
sattler_leichpredigt_1595,body,70,0,True,28,Sehen also / das dieser Heuptartickel vnsers Christlichen Glaubens / der der grund ist vnser seligkeit / vnd alles trosts im leben vnd sterben / nicht new sonder alt / vnd auch den Ertzvetern bekand gewesen sey / welches denn vns in vnserm Glauben gewaltig stercken soll:,sehen also das dieser heuptartickel vnsers christlichen glaubens der der grund ist vnser seligkeit vnd alles trosts im leben vnd sterben nicht new sonder alt vnd auch den ertzvetern bekand gewesen sey welches denn vns in vnserm glauben gewaltig stercken soll,sehen also das dieser heuptartickel unsers christlichen glaubens der der grund ist unser seligkeit und alles trosts im leben und sterben nicht new sonder alt und auch den ertzuetern bekand gewesen sey welches denn uns in unserm glauben gewaltig stercken soll
sattler_leichpredigt_1595,body,71,0,True,28,Dieweil aber diese lehr sonst ausfürlich gehandelt wird / wöllen wir für dißmal dauon nicht weiter berichten / sonder allein weisen / wie wir dieselbige lehr seliglich gebrauchen / vnd vns recht zu nutz machen sollen.,dieweil aber diese lehr sonst ausfürlich gehandelt wird wöllen wir für dißmal dauon nicht weiter berichten sonder allein weisen wie wir dieselbige lehr seliglich gebrauchen vnd vns recht zu nutz machen sollen,dieweil aber diese lehr sonst ausfurlich gehandelt wird wollen wir fur dissmal dauon nicht weiter berichten sonder allein weisen wie wir dieselbige lehr seliglich gebrauchen und uns recht zu nutz machen sollen
sattler_leichpredigt_1595,body,72,0,True,28,Vnd ist nun dieses der gebrauch der lehr von Christo / das ein armer Sünder / der in grosser not ist / ligt etwa da in Gottes gewalt / erkennet seine Sünde / fület den Zorn Gottes / befürchtet sich für der ewigen straffe vnd Verdamnis / vnd weiß also nicht wo aus oder wo ein / vnd wolte gerne / als einer der ersauffen wil / etwas ergreiffen / daran er sich halten könte / das er nicht vnterginge / Ein solch betrübt vnd geengstigtes Hertz / sage ich / soll sich im Glauben keren zu vnserm Mitler vnd Erlöser Jesu Christo / sich sein trösten / das er nicht allein warer Mensch vnd also vnser Blutsfreund / Fleisch von vnserm Fleisch vnd bein von vnserm bein / sonder auch warer vnd ewiger Gott / vnd dazu vnser Erlöser sey / der aus Göttlichem eifer sich vnser angenomen / vns an vnserm Erb vnd ertzfeind dem Teuffel gerochen hab / für vns gestorben / begraben / vnd aufferstanden sey / vnd also alle Güter die wir durch die Sünde verloren / vns mit recht wider erworben vnd also eingelöset hab.,vnd ist nun dieses der gebrauch der lehr von christo das ein armer sünder der in grosser not ist ligt etwa da in gottes gewalt erkennet seine sünde fület den zorn gottes befürchtet sich für der ewigen straffe vnd verdamnis vnd weiß also nicht wo aus oder wo ein vnd wolte gerne als einer der ersauffen wil etwas ergreiffen daran er sich halten könte das er nicht vnterginge ein solch betrübt vnd geengstigtes hertz sage ich soll sich im glauben keren zu vnserm mitler vnd erlöser jesu christo sich sein trösten das er nicht allein warer mensch vnd also vnser blutsfreund fleisch von vnserm fleisch vnd bein von vnserm bein sonder auch warer vnd ewiger gott vnd dazu vnser erlöser sey der aus göttlichem eifer sich vnser angenomen vns an vnserm erb vnd ertzfeind dem teuffel gerochen hab für vns gestorben begraben vnd aufferstanden sey vnd also alle güter die wir durch die sünde verloren vns mit recht wider erworben vnd also eingelöset hab,und ist nun dieses der gebrauch der lehr uon christo das ein armer sunder der in grosser not ist ligt etwa da in gottes gewalt erkennet seine sunde fulet den zorn gottes befurchtet sich fur der ewigen straffe und uerdamnis und weiss also nicht wo aus oder wo ein und wolte gerne als einer der ersauffen wil etwas ergreiffen daran er sich halten konte das er nicht unterginge ein solch betrubt und geengstigtes hertz sage ich soll sich im glauben keren zu unserm mitler und erloser iesu christo sich sein trosten das er nicht allein warer mensch und also unser blutsfreund fleisch uon unserm fleisch und bein uon unserm bein sonder auch warer und ewiger gott und dazu unser erloser sey der aus gottlichem eifer sich unser angenomen uns an unserm erb und ertzfeind dem teuffel gerochen hab fur uns gestorben begraben und aufferstanden sey und also alle guter die wir durch die sunde uerloren uns mit recht wider erworben und also eingeloset hab
sattler_leichpredigt_1595,body,73,0,False,29,Darumb hat auch Moses mit bilden vnd Worten so vielfaltig von Christo geschrieben / auff das die armen durch das Gesetz wolgeengstigte Hertzen trost an jhm hetten.,darumb hat auch moses mit bilden vnd worten so vielfaltig von christo geschrieben auff das die armen durch das gesetz wolgeengstigte hertzen trost an jhm hetten,darumb hat auch moses mit bilden und worten so uielfaltig uon christo geschrieben auff das die armen durch das gesetz wolgeengstigte hertzen trost an ihm hetten
sattler_leichpredigt_1595,body,73,1,False,29,Darumb sagt er / einen Propheten wie mich wird dir der HERR dein Gott aus deinẽ Brüdern erwecken / den soltu hörẽ.,darumb sagt er einen propheten wie mich wird dir der herr dein gott aus deinẽ brüdern erwecken den soltu hörẽ,darumb sagt er einen propheten wie mich wird dir der herr dein gott aus deinen brudern erwecken den soltu horen
sattler_leichpredigt_1595,body,73,2,False,29,Was sagt denn der Prophet / dauon hie Moses redet?,was sagt denn der prophet dauon hie moses redet,was sagt denn der prophet dauon hie moses redet
sattler_leichpredigt_1595,body,73,3,False,29,Also hat Gott die Welt geliebt / das er sein eingebornen Sohn gab / auff das alle die an jhn gleuben nicht verloren werden sonder das ewige Leben haben.,also hat gott die welt geliebt das er sein eingebornen sohn gab auff das alle die an jhn gleuben nicht verloren werden sonder das ewige leben haben,also hat gott die welt geliebt das er sein eingebornen sohn gab auff das alle die an ihn gleuben nicht uerloren werden sonder das ewige leben haben
sattler_leichpredigt_1595,body,73,4,True,29,Das hat bedeutet die eherne Schlang / des gleiche alle Schuld vnd versünopffer / Ja der hohe Priester selber / der das Volck versünete / vnd denn auch der Altar vnd gnaden stuel bedeutet.,das hat bedeutet die eherne schlang des gleiche alle schuld vnd versünopffer ja der hohe priester selber der das volck versünete vnd denn auch der altar vnd gnaden stuel bedeutet,das hat bedeutet die eherne schlang des gleiche alle schuld und uersunopffer ia der hohe priester selber der das uolck uersunete und denn auch der altar und gnaden stuel bedeutet
sattler_leichpredigt_1595,body,74,0,True,30,Darumb haben von Christo alle Propheten gezeugt Acto: 10. Damit alle arme betrübte Sünder sich seiner zukunfft trösteten / an jhn gleubten / vnd durch jhn selig würden / denn es ist je in keinem andern Heil / auch kein ander Name den Menschẽ gebẽ dariñ wir sollen selig werden Ac: 4.,darumb haben von christo alle propheten gezeugt acto damit alle arme betrübte sünder sich seiner zukunfft trösteten an jhn gleubten vnd durch jhn selig würden denn es ist je in keinem andern heil auch kein ander name den menschẽ gebẽ dariñ wir sollen selig werden ac,darumb haben uon christo alle propheten gezeugt acto damit alle arme betrubte sunder sich seiner zukunfft trosteten an ihn gleubten und durch ihn selig wurden denn es ist ie in keinem andern heil auch kein ander name den menschen geben darinn wir sollen selig werden ac
sattler_leichpredigt_1595,body,75,0,False,30,Sehet / Geliebte / dahin solt jhr in ewern höhesten anfechtungen vnd nöten die Augen ewers Hertzen richten / so werdet jhr getröstet / vnd lebendig werden.,sehet geliebte dahin solt jhr in ewern höhesten anfechtungen vnd nöten die augen ewers hertzen richten so werdet jhr getröstet vnd lebendig werden,sehet geliebte dahin solt ihr in ewern hohesten anfechtungen und noten die augen ewers hertzen richten so werdet ihr getrostet und lebendig werden
sattler_leichpredigt_1595,body,75,1,True,30,Denn wie Moses ein Schlangen in der wüsten erhöhet hat / also ist des Menschen Sohn erhöhet worden / auff das alle die an jhn Gleuben nicht verloren werden / sonder das ewige leben haben.,denn wie moses ein schlangen in der wüsten erhöhet hat also ist des menschen sohn erhöhet worden auff das alle die an jhn gleuben nicht verloren werden sonder das ewige leben haben,denn wie moses ein schlangen in der wusten erhohet hat also ist des menschen sohn erhohet worden auff das alle die an ihn gleuben nicht uerloren werden sonder das ewige leben haben
sattler_leichpredigt_1595,body,76,0,False,30,Denn an jhm haben wir erstlich einen solchen Heilandt / der Almechtiger GOtt ist / durch den der Vater alleding erschaffen hat vnd erhelt.,denn an jhm haben wir erstlich einen solchen heilandt der almechtiger gott ist durch den der vater alleding erschaffen hat vnd erhelt,denn an ihm haben wir erstlich einen solchen heilandt der almechtiger gott ist durch den der uater alleding erschaffen hat und erhelt
sattler_leichpredigt_1595,body,76,1,False,30,Der kan aus aller noth helffen / der kan von allen vnsern feinden / wenn sie noch eines so mechtig weren / erlösen / der kan Gerechtigkeitvnd ewigs leben widerbringen / da sonst kein Bruder den andern erlösen / noch jemandt mit Gott versünen kan / denn es kostet zuuiel ein Seel zuerlösen / das ers muß anstehen lassen ewiglich.,der kan aus aller noth helffen der kan von allen vnsern feinden wenn sie noch eines so mechtig weren erlösen der kan gerechtigkeitvnd ewigs leben widerbringen da sonst kein bruder den andern erlösen noch jemandt mit gott versünen kan denn es kostet zuuiel ein seel zuerlösen das ers muß anstehen lassen ewiglich,der kan aus aller noth helffen der kan uon allen unsern feinden wenn sie noch eines so mechtig weren erlosen der kan gerechtigkeitund ewigs leben widerbringen da sonst kein bruder den andern erlosen noch iemandt mit gott uersunen kan denn es kostet zuuiel ein seel zuerlosen das ers muss anstehen lassen ewiglich
sattler_leichpredigt_1595,body,76,2,True,30,Aber dieser hat sein leben gegeben zum Schuldopffer / ja so vns vnser eigen Hertz verdammet / so ist er grösser / den vnser Hertz.,aber dieser hat sein leben gegeben zum schuldopffer ja so vns vnser eigen hertz verdammet so ist er grösser den vnser hertz,aber dieser hat sein leben gegeben zum schuldopffer ia so uns unser eigen hertz uerdammet so ist er grosser den unser hertz
sattler_leichpredigt_1595,body,77,0,False,31,Zum andern dürffen wir vns nicht besorgen / das er vns zu statlich für sey / vnd sich vnser entschlagen werde / denn / da er des sinnes gewest / were er nicht Mensch worden / vnd hette sich nicht mit vns befreündet.,zum andern dürffen wir vns nicht besorgen das er vns zu statlich für sey vnd sich vnser entschlagen werde denn da er des sinnes gewest were er nicht mensch worden vnd hette sich nicht mit vns befreündet,zum andern durffen wir uns nicht besorgen das er uns zu statlich fur sey und sich unser entschlagen werde denn da er des sinnes gewest were er nicht mensch worden und hette sich nicht mit uns befreundet
sattler_leichpredigt_1595,body,77,1,False,31,Aber darumb ist er ein Fleisch von vnserm Fleisch / vnd Bein von vnserm Bein / Ja vnser Bruder worden.,aber darumb ist er ein fleisch von vnserm fleisch vnd bein von vnserm bein ja vnser bruder worden,aber darumb ist er ein fleisch uon unserm fleisch und bein uon unserm bein ia unser bruder worden
sattler_leichpredigt_1595,body,77,2,True,31,Das er sich vnser annemen wil / sage zu meinen Brüdern / spricht er / Ich fare auff zu meinem Vater / vnd zu ewerm Vater.,das er sich vnser annemen wil sage zu meinen brüdern spricht er ich fare auff zu meinem vater vnd zu ewerm vater,das er sich unser annemen wil sage zu meinen brudern spricht er ich fare auff zu meinem uater und zu ewerm uater
sattler_leichpredigt_1595,body,78,0,False,31,So hat er auch wegen der Verwandnis das recht / vnd die macht vns zuerlösen / die wir verkaufft vnd verstanden waren.,so hat er auch wegen der verwandnis das recht vnd die macht vns zuerlösen die wir verkaufft vnd verstanden waren,so hat er auch wegen der uerwandnis das recht und die macht uns zuerlosen die wir uerkaufft und uerstanden waren
sattler_leichpredigt_1595,body,78,1,False,31,Da aber die zeit erfüllet war / sandte Gott seinen Sohn geboren von einem Weib / vnd vnder das Gesetz gethan / auff das er die / so vnder dem Gesetz waren / erlösete.,da aber die zeit erfüllet war sandte gott seinen sohn geboren von einem weib vnd vnder das gesetz gethan auff das er die so vnder dem gesetz waren erlösete,da aber die zeit erfullet war sandte gott seinen sohn geboren uon einem weib und under das gesetz gethan auff das er die so under dem gesetz waren erlosete
sattler_leichpredigt_1595,body,78,2,False,31,Vnd Jes: 52. Stehe auff du gefangen Jerusalem / vnd mache dich loß von den Banden deines Halses / du gefangene Dochter Zion. denn so spricht der HERr / jhr seit vmbsonst verkaufft / jhr solt auch vmbsonst gelöset werden.,vnd jes stehe auff du gefangen jerusalem vnd mache dich loß von den banden deines halses du gefangene dochter zion denn so spricht der herr jhr seit vmbsonst verkaufft jhr solt auch vmbsonst gelöset werden,und ies stehe auff du gefangen ierusalem und mache dich loss uon den banden deines halses du gefangene dochter zion denn so spricht der herr ihr seit umbsonst uerkaufft ihr solt auch umbsonst geloset werden
sattler_leichpredigt_1595,body,78,3,True,31,Vnd zu Rom. 5. Wie durch eines Menschen vngehorsam viel Sünder worden sein / also werden durch eines MENSCHEN gehorsam viel Gerechten.,vnd zu rom wie durch eines menschen vngehorsam viel sünder worden sein also werden durch eines menschen gehorsam viel gerechten,und zu rom wie durch eines menschen ungehorsam uiel sunder worden sein also werden durch eines menschen gehorsam uiel gerechten
sattler_leichpredigt_1595,body,79,0,False,31,Wer nun also Christum ansihet / der hat bestendigẽ trost wieder alles / das so jhn anfechten mag.,wer nun also christum ansihet der hat bestendigẽ trost wieder alles das so jhn anfechten mag,wer nun also christum ansihet der hat bestendigen trost wieder alles das so ihn anfechten mag
sattler_leichpredigt_1595,body,79,1,True,32,Deñ entsetzt er sich für seiner Sünden / so siehet er an Christo seine Gerechtigkeit vnd heiligung 1. Cor. 1. Schreckt jhn die gewalt vñ Tyranney des Teuffels / so sihet er an CHristo den / der dem Teuffel sein macht genomen hat / Heb. 2. Fürchtet er sich für Gottes Zorn / aus seiner / des HErrn Christi fülle haben wir alle empfangen gnad / vmb gnad Johan 1. Sihet einer gleich die Helle offen / die wil jhn verschlingen / so sihet er an Christo den / der vns aus der Helle erlöset hat Os: 13. Grawet einem für dem Todt / so hat er an Christo den / der da ist die aufferstehung vnd das Leben Johan 11.,deñ entsetzt er sich für seiner sünden so siehet er an christo seine gerechtigkeit vnd heiligung cor schreckt jhn die gewalt vñ tyranney des teuffels so sihet er an christo den der dem teuffel sein macht genomen hat heb fürchtet er sich für gottes zorn aus seiner des herrn christi fülle haben wir alle empfangen gnad vmb gnad johan sihet einer gleich die helle offen die wil jhn verschlingen so sihet er an christo den der vns aus der helle erlöset hat os grawet einem für dem todt so hat er an christo den der da ist die aufferstehung vnd das leben johan,denn entsetzt er sich fur seiner sunden so siehet er an christo seine gerechtigkeit und heiligung cor schreckt ihn die gewalt und tyranney des teuffels so sihet er an christo den der dem teuffel sein macht genomen hat heb furchtet er sich fur gottes zorn aus seiner des herrn christi fulle haben wir alle empfangen gnad umb gnad iohan sihet einer gleich die helle offen die wil ihn uerschlingen so sihet er an christo den der uns aus der helle erloset hat os grawet einem fur dem todt so hat er an christo den der da ist die aufferstehung und das leben iohan
sattler_leichpredigt_1595,body,80,0,False,32,Daher haben sich von anfang der Welt die gleubigen des HERRN Christi getröstet.,daher haben sich von anfang der welt die gleubigen des herrn christi getröstet,daher haben sich uon anfang der welt die gleubigen des herrn christi getrostet
sattler_leichpredigt_1595,body,80,1,True,32,Der Ertzvater Jacob sagt in seinem letzten / HERR / ich hoffe auff dein Heil / da er sich freilich nicht des Simsons / wie Jener Rabiner gar Christlich sagt (den damit wolte jhm wenig geholffen sein) sonder des Messiae tröstet.,der ertzvater jacob sagt in seinem letzten herr ich hoffe auff dein heil da er sich freilich nicht des simsons wie jener rabiner gar christlich sagt den damit wolte jhm wenig geholffen sein sonder des messiae tröstet,der ertzuater iacob sagt in seinem letzten herr ich hoffe auff dein heil da er sich freilich nicht des simsons wie iener rabiner gar christlich sagt den damit wolte ihm wenig geholffen sein sonder des messiae trostet
sattler_leichpredigt_1595,body,81,0,True,32,Also ist kein zweiffel bey den gleubigẽ / das Dauid wol gestorben vnd selig wordẽ sey / war auff er sich aber verlassen habe / zeugt sein Testament / darin er sich neñet dẽ man / der sich verlest auff Messiam / vnd vom Messia (in seinẽ hertzẽ) versichert ist.,also ist kein zweiffel bey den gleubigẽ das dauid wol gestorben vnd selig wordẽ sey war auff er sich aber verlassen habe zeugt sein testament darin er sich neñet dẽ man der sich verlest auff messiam vnd vom messia in seinẽ hertzẽ versichert ist,also ist kein zweiffel bey den gleubigen das dauid wol gestorben und selig worden sey war auff er sich aber uerlassen habe zeugt sein testament darin er sich nennet den man der sich uerlest auff messiam und uom messia in seinen hertzen uersichert ist
sattler_leichpredigt_1595,body,82,0,True,32,Das Simeon mit Frewden / dahin fehret kompt daher das seine Augen den Heiland gesehen haben / welchen Gott für allen Völckern bereitet hat / wie er selber in seinem Lobgesang singet.,das simeon mit frewden dahin fehret kompt daher das seine augen den heiland gesehen haben welchen gott für allen völckern bereitet hat wie er selber in seinem lobgesang singet,das simeon mit frewden dahin fehret kompt daher das seine augen den heiland gesehen haben welchen gott fur allen uolckern bereitet hat wie er selber in seinem lobgesang singet
sattler_leichpredigt_1595,body,83,0,True,33,Paulus fület dauon ein new leben / das ist Trost vnd frewd in seinem hertzen / das er gleubet Christus habe jhn geliebet / vnd sich für jhn gegeben Gal. 2. Vnd tröstet damit Timotheum 2. Thimo. 2. Halte in gedechtniß Jesum Christum / der aufferstanden ist von den Todten.,paulus fület dauon ein new leben das ist trost vnd frewd in seinem hertzen das er gleubet christus habe jhn geliebet vnd sich für jhn gegeben gal vnd tröstet damit timotheum thimo halte in gedechtniß jesum christum der aufferstanden ist von den todten,paulus fulet dauon ein new leben das ist trost und frewd in seinem hertzen das er gleubet christus habe ihn geliebet und sich fur ihn gegeben gal und trostet damit timotheum thimo halte in gedechtniss iesum christum der aufferstanden ist uon den todten
sattler_leichpredigt_1595,body,84,0,False,33,Der wegen sollen wir dem Hiob hierinn nachfolgen / vnd wie er in seinen höchsten nöten an Christum gedacht / vnd sich des wider alle noth vnd vorstehende Todes gefahr getröstet hat / also sollen wir jhn als waren Gott vnd Menschen in vnser Hertz schliessẽ / das er vnser Bruder worden / für vnser Sünde gestorben / vnd vmb vnser Gerechtigkeit willẽ aufferwecket sey / vns von Hertzen trösten.,der wegen sollen wir dem hiob hierinn nachfolgen vnd wie er in seinen höchsten nöten an christum gedacht vnd sich des wider alle noth vnd vorstehende todes gefahr getröstet hat also sollen wir jhn als waren gott vnd menschen in vnser hertz schliessẽ das er vnser bruder worden für vnser sünde gestorben vnd vmb vnser gerechtigkeit willẽ aufferwecket sey vns von hertzen trösten,der wegen sollen wir dem hiob hierinn nachfolgen und wie er in seinen hochsten noten an christum gedacht und sich des wider alle noth und uorstehende todes gefahr getrostet hat also sollen wir ihn als waren gott und menschen in unser hertz schliessen das er unser bruder worden fur unser sunde gestorben und umb unser gerechtigkeit willen aufferwecket sey uns uon hertzen trosten
sattler_leichpredigt_1595,body,84,1,True,33,Denn der hat vns von aller nodt erlöset / vnd ewige Himlische güter zu wegen gebracht / dauon folget im vierden Theil.,denn der hat vns von aller nodt erlöset vnd ewige himlische güter zu wegen gebracht dauon folget im vierden theil,denn der hat uns uon aller nodt erloset und ewige himlische guter zu wegen gebracht dauon folget im uierden theil
sattler_leichpredigt_1595,head,85,0,True,33,Der Vierdte Theil.,der vierdte theil,der uierdte theil
sattler_leichpredigt_1595,body,86,0,True,33,VNd Ich werde mit dieser meiner Haut vmbgeben werden / vnd werde in meinem fleisch Gott sehen / vnd meine augen werden jhn schawen.,vnd ich werde mit dieser meiner haut vmbgeben werden vnd werde in meinem fleisch gott sehen vnd meine augen werden jhn schawen,und ich werde mit dieser meiner haut umbgeben werden und werde in meinem fleisch gott sehen und meine augen werden ihn schawen
sattler_leichpredigt_1595,body,87,0,False,34,Es möchte einer sagen / lieber Hiob / du magst dich fast Christi deines Heilandes frewen / was hilfft es dich?,es möchte einer sagen lieber hiob du magst dich fast christi deines heilandes frewen was hilfft es dich,es mochte einer sagen lieber hiob du magst dich fast christi deines heilandes frewen was hilfft es dich
sattler_leichpredigt_1595,body,87,1,True,34,Du must gleichwol sterbẽ / dein leib ist allbereit vbel zu gerichtet / das man schier nicht bey dir bleiben kan / Vnd weñ du nun stirbst / so wirds noch erger werden / so wird er gar verfaulen vnd verwesen.,du must gleichwol sterbẽ dein leib ist allbereit vbel zu gerichtet das man schier nicht bey dir bleiben kan vnd weñ du nun stirbst so wirds noch erger werden so wird er gar verfaulen vnd verwesen,du must gleichwol sterben dein leib ist allbereit ubel zu gerichtet das man schier nicht bey dir bleiben kan und wenn du nun stirbst so wirds noch erger werden so wird er gar uerfaulen und uerwesen
sattler_leichpredigt_1595,body,88,0,True,34,Da antwortet Hiob / ich weiß es gar wol / das ich sterben werde / Passe auch so gar nicht auff dieses leben / das ich mich des gantz vnd gar begeben hab / vnd bin alle stund des Tods gewertig / aber des frewe ich mich / ich werde im Todte nicht bleiben / sonder wie mein Heiland wider aufferstehen wird / also werde ich zu seiner zeit auch widerumb aufferwecket werden / vnd zwar eben mit dem leibe / den ich jetzund habe / darin ich Gott gedienet / vnd nun auch so grosse schmertzen gelitten habe / aber wie das weitzen Körnlein schöner widerumb herfür kompt / also wird meine Haut vnd Fleisch frisch / gesund vnd herrlich sein / vnd werde nicht ein solch arm elend leben haben in diesem jammerthal / sonder ich werde bey Gott im Himmel sein / denselbigen sehen / das in dieser Welt also nicht geschehen kan / vnd werde ewig selig sein.,da antwortet hiob ich weiß es gar wol das ich sterben werde passe auch so gar nicht auff dieses leben das ich mich des gantz vnd gar begeben hab vnd bin alle stund des tods gewertig aber des frewe ich mich ich werde im todte nicht bleiben sonder wie mein heiland wider aufferstehen wird also werde ich zu seiner zeit auch widerumb aufferwecket werden vnd zwar eben mit dem leibe den ich jetzund habe darin ich gott gedienet vnd nun auch so grosse schmertzen gelitten habe aber wie das weitzen körnlein schöner widerumb herfür kompt also wird meine haut vnd fleisch frisch gesund vnd herrlich sein vnd werde nicht ein solch arm elend leben haben in diesem jammerthal sonder ich werde bey gott im himmel sein denselbigen sehen das in dieser welt also nicht geschehen kan vnd werde ewig selig sein,da antwortet hiob ich weiss es gar wol das ich sterben werde passe auch so gar nicht auff dieses leben das ich mich des gantz und gar begeben hab und bin alle stund des tods gewertig aber des frewe ich mich ich werde im todte nicht bleiben sonder wie mein heiland wider aufferstehen wird also werde ich zu seiner zeit auch widerumb aufferwecket werden und zwar eben mit dem leibe den ich ietzund habe darin ich gott gedienet und nun auch so grosse schmertzen gelitten habe aber wie das weitzen kornlein schoner widerumb herfur kompt also wird meine haut und fleisch frisch gesund und herrlich sein und werde nicht ein solch arm elend leben haben in diesem iammerthal sonder ich werde bey gott im himmel sein denselbigen sehen das in dieser welt also nicht geschehen kan und werde ewig selig sein
sattler_leichpredigt_1595,body,89,0,False,34,Darumb ist mir / das ich dieses leben verlieren soll / ein geringer verlust.,darumb ist mir das ich dieses leben verlieren soll ein geringer verlust,darumb ist mir das ich dieses leben uerlieren soll ein geringer uerlust
sattler_leichpredigt_1595,body,89,1,True,34,Denn ich weiß / das ich ein bessers wider bekomme.,denn ich weiß das ich ein bessers wider bekomme,denn ich weiss das ich ein bessers wider bekomme
sattler_leichpredigt_1595,body,90,0,True,35,Damit liebe Christen / tröstet euch auch in ewerm leiden / vnd sonderlich in Todtes nöten / da es / Traun / einen Menschen sawr ankompt / das er diese schöne Welt mit allen jren gütern / Item Weib Kinder ja auch das leben / das lieb ist / verlassen muß / da sich leib vnd Seel scheiden / vnd wir nicht sehen / wo die Seele bleibt / wir sehen aber für augen an andern leuten / das vnser leib so jemmerlich verrottet vnd verweset / vnd gar zu Erden wird.,damit liebe christen tröstet euch auch in ewerm leiden vnd sonderlich in todtes nöten da es traun einen menschen sawr ankompt das er diese schöne welt mit allen jren gütern item weib kinder ja auch das leben das lieb ist verlassen muß da sich leib vnd seel scheiden vnd wir nicht sehen wo die seele bleibt wir sehen aber für augen an andern leuten das vnser leib so jemmerlich verrottet vnd verweset vnd gar zu erden wird,damit liebe christen trostet euch auch in ewerm leiden und sonderlich in todtes noten da es traun einen menschen sawr ankompt das er diese schone welt mit allen iren gutern item weib kinder ia auch das leben das lieb ist uerlassen muss da sich leib und seel scheiden und wir nicht sehen wo die seele bleibt wir sehen aber fur augen an andern leuten das unser leib so iemmerlich uerrottet und uerweset und gar zu erden wird
sattler_leichpredigt_1595,body,91,0,False,35,Nun ist zwar das albereit ein grosser Trost / das wir wissen in dieser Welt / das wir einen gnedigen Gott haben / der vns die Sünde Vergibt / vnd wir also für seinem Zorn vnd Gericht vns nicht fürchten dürffen.,nun ist zwar das albereit ein grosser trost das wir wissen in dieser welt das wir einen gnedigen gott haben der vns die sünde vergibt vnd wir also für seinem zorn vnd gericht vns nicht fürchten dürffen,nun ist zwar das albereit ein grosser trost das wir wissen in dieser welt das wir einen gnedigen gott haben der uns die sunde uergibt und wir also fur seinem zorn und gericht uns nicht furchten durffen
sattler_leichpredigt_1595,body,91,1,True,35,Aber der Trost gehet vor / vnd ist viel gewaltiger / das nicht allein die Seel vnsterblich / vnd in der Hand des HERRN ist / sonder das auch Gott beschlossen hat / er wölle die Todten wider aufferwecken / Vnd vns denselben leib / der sich hat leiden müssen in dieser Welt / wenn er verwesen ist / wider geben / vnd also leib vnd Seel wider zusamen bringen.,aber der trost gehet vor vnd ist viel gewaltiger das nicht allein die seel vnsterblich vnd in der hand des herrn ist sonder das auch gott beschlossen hat er wölle die todten wider aufferwecken vnd vns denselben leib der sich hat leiden müssen in dieser welt wenn er verwesen ist wider geben vnd also leib vnd seel wider zusamen bringen,aber der trost gehet uor und ist uiel gewaltiger das nicht allein die seel unsterblich und in der hand des herrn ist sonder das auch gott beschlossen hat er wolle die todten wider aufferwecken und uns denselben leib der sich hat leiden mussen in dieser welt wenn er uerwesen ist wider geben und also leib und seel wider zusamen bringen
sattler_leichpredigt_1595,body,92,0,False,35,Solchen seinen Rhat hat vns Gott in seinem Wort offenbaret / wie E L. sonsten höret.,solchen seinen rhat hat vns gott in seinem wort offenbaret wie e l sonsten höret,solchen seinen rhat hat uns gott in seinem wort offenbaret wie e l sonsten horet
sattler_leichpredigt_1595,body,92,1,False,35,Der Prophet Daniel am 12. Schreibet / viel so vnder der Erden schlaffen liegen / werden auffwachen / etliche zum ewigen leben / etliche zur ewigen schmach vnd schande.,der prophet daniel am schreibet viel so vnder der erden schlaffen liegen werden auffwachen etliche zum ewigen leben etliche zur ewigen schmach vnd schande,der prophet daniel am schreibet uiel so under der erden schlaffen liegen werden auffwachen etliche zum ewigen leben etliche zur ewigen schmach und schande
sattler_leichpredigt_1595,body,92,2,False,36,Vnd Christus spricht Joh. 6. Das ist der wille des der mich gesañ hat / das wer den Sohn sihet / vnd gleubet an jhn / der habe das ewige leben / vnd ich wil jhn am Jüngesten tag aufferwecken.,vnd christus spricht joh das ist der wille des der mich gesañ hat das wer den sohn sihet vnd gleubet an jhn der habe das ewige leben vnd ich wil jhn am jüngesten tag aufferwecken,und christus spricht ioh das ist der wille des der mich gesann hat das wer den sohn sihet und gleubet an ihn der habe das ewige leben und ich wil ihn am iungesten tag aufferwecken
sattler_leichpredigt_1595,body,92,3,False,36,Das beweiset Paulus gewaltig 1. Cor. 15. So Christus geprediget wird / das er von den Todten aufferstanden sey / wie sagen etliche vnder euch / die aufferstehung sey nichts?,das beweiset paulus gewaltig cor so christus geprediget wird das er von den todten aufferstanden sey wie sagen etliche vnder euch die aufferstehung sey nichts,das beweiset paulus gewaltig cor so christus geprediget wird das er uon den todten aufferstanden sey wie sagen etliche under euch die aufferstehung sey nichts
sattler_leichpredigt_1595,body,92,4,True,36,Vnd 1. Thes: 4. So wir glauben das Jesus gestorben / vnd aufferwecket ist / also wird Gott auch die so da entschlaffẽ sind durch Jesum / mit jhm füren / vnd beschreibet da den gantzen Proceß / wie es mit der aufferstehung der Todten hergehen werde.,vnd thes so wir glauben das jesus gestorben vnd aufferwecket ist also wird gott auch die so da entschlaffẽ sind durch jesum mit jhm füren vnd beschreibet da den gantzen proceß wie es mit der aufferstehung der todten hergehen werde,und thes so wir glauben das iesus gestorben und aufferwecket ist also wird gott auch die so da entschlaffen sind durch iesum mit ihm furen und beschreibet da den gantzen process wie es mit der aufferstehung der todten hergehen werde
sattler_leichpredigt_1595,body,93,0,False,36,Das kan nun Gott auch wol vnd leichtlich thun / ob es schon für vnser vernunfft etwas seltzam / Ja vnmüglich scheinet.,das kan nun gott auch wol vnd leichtlich thun ob es schon für vnser vernunfft etwas seltzam ja vnmüglich scheinet,das kan nun gott auch wol und leichtlich thun ob es schon fur unser uernunfft etwas seltzam ia unmuglich scheinet
sattler_leichpredigt_1595,body,93,1,True,36,Denn er ist allmechtig jhm ist kein ding vnmüglich / Er schaffet alles was er wil / im Himmel vnd auff Erden.,denn er ist allmechtig jhm ist kein ding vnmüglich er schaffet alles was er wil im himmel vnd auff erden,denn er ist allmechtig ihm ist kein ding unmuglich er schaffet alles was er wil im himmel und auff erden
sattler_leichpredigt_1595,body,94,0,False,36,Solche seine Allmacht hat Gott so viel vnd manchmal bewiesen / das wir jhm billich hier in Glauben zu stellen / das er dieses auch thun könne.,solche seine allmacht hat gott so viel vnd manchmal bewiesen das wir jhm billich hier in glauben zu stellen das er dieses auch thun könne,solche seine allmacht hat gott so uiel und manchmal bewiesen das wir ihm billich hier in glauben zu stellen das er dieses auch thun konne
sattler_leichpredigt_1595,body,94,1,True,36,Denn er hat ja aus nichts Himel vnd Erden / vnd alles was darin ist sichtbar vnd vnsichtbar geschaffen.,denn er hat ja aus nichts himel vnd erden vnd alles was darin ist sichtbar vnd vnsichtbar geschaffen,denn er hat ia aus nichts himel und erden und alles was darin ist sichtbar und unsichtbar geschaffen
sattler_leichpredigt_1595,body,95,0,True,36,So hat auch Gott anfenglich dem Menschen / als er Todt war / einen lebendigen athem eingeblasen Gen. 2. so kan er ja eben so leicht den verstorbenen Menschen den athem widergeben.,so hat auch gott anfenglich dem menschen als er todt war einen lebendigen athem eingeblasen gen so kan er ja eben so leicht den verstorbenen menschen den athem widergeben,so hat auch gott anfenglich dem menschen als er todt war einen lebendigen athem eingeblasen gen so kan er ia eben so leicht den uerstorbenen menschen den athem widergeben
sattler_leichpredigt_1595,body,96,0,False,37,Weil es nun mit vns die gelegenheit hat / das vns Gott leib vnd leben wider geben wil / sollen wir vns wol zu frieden geben.,weil es nun mit vns die gelegenheit hat das vns gott leib vnd leben wider geben wil sollen wir vns wol zu frieden geben,weil es nun mit uns die gelegenheit hat das uns gott leib und leben wider geben wil sollen wir uns wol zu frieden geben
sattler_leichpredigt_1595,body,96,1,False,37,Wenn ein ofen: Oder fenster macher zu vns kompt / vnd den alten ofen / der nichts taug vnd die bösen fenster ab vnd aus nimbt / das er sie wider einsetze vnd gantz mache / das wir damit verwaret sein / so erschrecken wir nicht / sonder lassen es gern geschehen / also lassen wir billig geschehen / das vnser HERR GOtt dieses alte Gebew vnsers Leibs in einen hauffen schlage / das er vns dasselbige vnd zwar besser / wie wir jetzt hören werden wider gebe.,wenn ein ofen oder fenster macher zu vns kompt vnd den alten ofen der nichts taug vnd die bösen fenster ab vnd aus nimbt das er sie wider einsetze vnd gantz mache das wir damit verwaret sein so erschrecken wir nicht sonder lassen es gern geschehen also lassen wir billig geschehen das vnser herr gott dieses alte gebew vnsers leibs in einen hauffen schlage das er vns dasselbige vnd zwar besser wie wir jetzt hören werden wider gebe,wenn ein ofen oder fenster macher zu uns kompt und den alten ofen der nichts taug und die bosen fenster ab und aus nimbt das er sie wider einsetze und gantz mache das wir damit uerwaret sein so erschrecken wir nicht sonder lassen es gern geschehen also lassen wir billig geschehen das unser herr gott dieses alte gebew unsers leibs in einen hauffen schlage das er uns dasselbige und zwar besser wie wir ietzt horen werden wider gebe
sattler_leichpredigt_1595,body,96,2,True,37,Den Trost weiset vns vnser Christlicher Glaube / dar auff wir getaufft sein / denn darin sagen wir / Ich Gleube ein aufferstehung des Fleisches.,den trost weiset vns vnser christlicher glaube dar auff wir getaufft sein denn darin sagen wir ich gleube ein aufferstehung des fleisches,den trost weiset uns unser christlicher glaube dar auff wir getaufft sein denn darin sagen wir ich gleube ein aufferstehung des fleisches
sattler_leichpredigt_1595,body,97,0,True,37,Der ander Trost den vns Hiob hie gibt / den wir auch von Christo vñ seiner aufferstehung haben / ist noch grösser / als der vörige dauon wir jetzt gesagt / vnd ist dieser / das wir nach diesem auch das ewige leben haben sollen.,der ander trost den vns hiob hie gibt den wir auch von christo vñ seiner aufferstehung haben ist noch grösser als der vörige dauon wir jetzt gesagt vnd ist dieser das wir nach diesem auch das ewige leben haben sollen,der ander trost den uns hiob hie gibt den wir auch uon christo und seiner aufferstehung haben ist noch grosser als der uorige dauon wir ietzt gesagt und ist dieser das wir nach diesem auch das ewige leben haben sollen
sattler_leichpredigt_1595,body,98,0,True,37,Es ist ja das leben lieb / vnd einem Menschen ein grosser Trost / das er es wider haben soll / desgleichen / das die 2. Nahe vnd gute Freunde leib vnd Seel wider sollen zusamen komen / aber es ist dieses leben ein jemmerlich elend leben / sonderlich frommen / die mit dem Teuffel vnd der Welt in stetem kampff stehen / würde also / manches leidens gefahr vnd anfechtung halben / einem frommen Hertzen fast bedencklich widerumb zu einem solchen leben auffzustehen.,es ist ja das leben lieb vnd einem menschen ein grosser trost das er es wider haben soll desgleichen das die nahe vnd gute freunde leib vnd seel wider sollen zusamen komen aber es ist dieses leben ein jemmerlich elend leben sonderlich frommen die mit dem teuffel vnd der welt in stetem kampff stehen würde also manches leidens gefahr vnd anfechtung halben einem frommen hertzen fast bedencklich widerumb zu einem solchen leben auffzustehen,es ist ia das leben lieb und einem menschen ein grosser trost das er es wider haben soll desgleichen das die nahe und gute freunde leib und seel wider sollen zusamen komen aber es ist dieses leben ein iemmerlich elend leben sonderlich frommen die mit dem teuffel und der welt in stetem kampff stehen wurde also manches leidens gefahr und anfechtung halben einem frommen hertzen fast bedencklich widerumb zu einem solchen leben auffzustehen
sattler_leichpredigt_1595,body,99,0,False,38,Darumb saget hie Hiob / er werde bey Gott sein.,darumb saget hie hiob er werde bey gott sein,darumb saget hie hiob er werde bey gott sein
sattler_leichpredigt_1595,body,99,1,False,38,Das mangelt vns armen menschen in diesem leben.,das mangelt vns armen menschen in diesem leben,das mangelt uns armen menschen in diesem leben
sattler_leichpredigt_1595,body,99,2,False,38,Denn von Gott haben wir mehr nicht in dieser Welt / als das wir jhn im wort als in einem spiegel erkennen / vnd Trost dauon im Hertzen befinden vnd fülen 1. Cor. 13. Wissen auch das wir sein Tempel sein darinn er wonet.,denn von gott haben wir mehr nicht in dieser welt als das wir jhn im wort als in einem spiegel erkennen vnd trost dauon im hertzen befinden vnd fülen cor wissen auch das wir sein tempel sein darinn er wonet,denn uon gott haben wir mehr nicht in dieser welt als das wir ihn im wort als in einem spiegel erkennen und trost dauon im hertzen befinden und fulen cor wissen auch das wir sein tempel sein darinn er wonet
sattler_leichpredigt_1595,body,99,3,False,38,Aber wir sind nicht also bey jhm / das wir jhn von angesicht zu angesicht anschawen.,aber wir sind nicht also bey jhm das wir jhn von angesicht zu angesicht anschawen,aber wir sind nicht also bey ihm das wir ihn uon angesicht zu angesicht anschawen
sattler_leichpredigt_1595,body,99,4,True,38,Nach diesem leben aber / wenn wir von den Todten aufferstehen / werden wir jhn / vnd zwar mit verklertem leib von angesicht zu angesicht anschawen.,nach diesem leben aber wenn wir von den todten aufferstehen werden wir jhn vnd zwar mit verklertem leib von angesicht zu angesicht anschawen,nach diesem leben aber wenn wir uon den todten aufferstehen werden wir ihn und zwar mit uerklertem leib uon angesicht zu angesicht anschawen
sattler_leichpredigt_1595,body,100,0,False,38,Das wird vnser seligkeit sein / das wir aus diesem jammerthal zu Gott versetzt werden in den Himmel / vnd werden jhn als vnsern gnedigen Vater anschawen / da wird Gott vns sich selber vnd also alle seine Güter mitheilen / Ja er wird alles in allẽ sein.,das wird vnser seligkeit sein das wir aus diesem jammerthal zu gott versetzt werden in den himmel vnd werden jhn als vnsern gnedigen vater anschawen da wird gott vns sich selber vnd also alle seine güter mitheilen ja er wird alles in allẽ sein,das wird unser seligkeit sein das wir aus diesem iammerthal zu gott uersetzt werden in den himmel und werden ihn als unsern gnedigen uater anschawen da wird gott uns sich selber und also alle seine guter mitheilen ia er wird alles in allen sein
sattler_leichpredigt_1595,body,100,1,False,38,Da werdẽ wir weder essen / trinckẽ / kleider oder einige lust begerẽ / sonder an Gott werdẽ wir alles gnug habẽ.,da werdẽ wir weder essen trinckẽ kleider oder einige lust begerẽ sonder an gott werdẽ wir alles gnug habẽ,da werden wir weder essen trincken kleider oder einige lust begeren sonder an gott werden wir alles gnug haben
sattler_leichpredigt_1595,body,100,2,True,38,Der wird alles sein in allen 1. Cor. 15. Insonderheit aber wird dadurch Gottes eben bild an vns recht erstattet werden.,der wird alles sein in allen cor insonderheit aber wird dadurch gottes eben bild an vns recht erstattet werden,der wird alles sein in allen cor insonderheit aber wird dadurch gottes eben bild an uns recht erstattet werden
sattler_leichpredigt_1595,body,101,0,False,39,Dauon stehet im 16. Psalm / für dir ist frewd die fülle / vnd lieblich wesen zu deiner rechten ewiglich / vnd im 17. Psalm / Ich wil schawen dein antlitz in Gerechtigkeit / Ich wil sat werden / wenn ich erwache nach deinem Bilde.,dauon stehet im psalm für dir ist frewd die fülle vnd lieblich wesen zu deiner rechten ewiglich vnd im psalm ich wil schawen dein antlitz in gerechtigkeit ich wil sat werden wenn ich erwache nach deinem bilde,dauon stehet im psalm fur dir ist frewd die fulle und lieblich wesen zu deiner rechten ewiglich und im psalm ich wil schawen dein antlitz in gerechtigkeit ich wil sat werden wenn ich erwache nach deinem bilde
sattler_leichpredigt_1595,body,101,1,True,39,Vnd Christus Johan 17. Spricht / ich wil Vater / das wa ich bin / auch die sein die du mir gegeben hast / auff das sie meine Herrligkeit sehen.,vnd christus johan spricht ich wil vater das wa ich bin auch die sein die du mir gegeben hast auff das sie meine herrligkeit sehen,und christus iohan spricht ich wil uater das wa ich bin auch die sein die du mir gegeben hast auff das sie meine herrligkeit sehen
sattler_leichpredigt_1595,body,102,0,False,39,Vnd 1. Thes: 4. Wir werden bey dem HERrrn sein alle zeit / vnd Johannes in 1. Epist. 3. Schreibet / Es ist noch nicht erschienen / was wir werden sollen / wir wissen aber wenn es erscheinen wird / das wir jhm werden gleich sein / denn wir werden jhn sehen wie er ist.,vnd thes wir werden bey dem herrrn sein alle zeit vnd johannes in epist schreibet es ist noch nicht erschienen was wir werden sollen wir wissen aber wenn es erscheinen wird das wir jhm werden gleich sein denn wir werden jhn sehen wie er ist,und thes wir werden bey dem herrrn sein alle zeit und iohannes in epist schreibet es ist noch nicht erschienen was wir werden sollen wir wissen aber wenn es erscheinen wird das wir ihm werden gleich sein denn wir werden ihn sehen wie er ist
sattler_leichpredigt_1595,body,102,1,True,39,Das erkleret die offenbarung Johannis 7. (Weil Gott wird alles in allen sein) So werde sie die gleubigen nicht mehr Hungern oder dürsten / Es werde auch nicht auff sie fallen die Sonne / oder jrgent eine Hitz / denn das Lamb mitten im Stuel werde sie Weiden vnd füren zu den lebendigen Wasserbrunnen / vnd Gott werde alle threnen abwischen von jhren augen.,das erkleret die offenbarung johannis weil gott wird alles in allen sein so werde sie die gleubigen nicht mehr hungern oder dürsten es werde auch nicht auff sie fallen die sonne oder jrgent eine hitz denn das lamb mitten im stuel werde sie weiden vnd füren zu den lebendigen wasserbrunnen vnd gott werde alle threnen abwischen von jhren augen,das erkleret die offenbarung iohannis weil gott wird alles in allen sein so werde sie die gleubigen nicht mehr hungern oder dursten es werde auch nicht auff sie fallen die sonne oder irgent eine hitz denn das lamb mitten im stuel werde sie weiden und furen zu den lebendigen wasserbrunnen und gott werde alle threnen abwischen uon ihren augen
sattler_leichpredigt_1595,body,103,0,True,39,Das alles begreifft Hiob mit den kurtzen Worten / Ich werde in meinem Fleisch Gott sehen vnd meine augen werden jhn schawen.,das alles begreifft hiob mit den kurtzen worten ich werde in meinem fleisch gott sehen vnd meine augen werden jhn schawen,das alles begreifft hiob mit den kurtzen worten ich werde in meinem fleisch gott sehen und meine augen werden ihn schawen
sattler_leichpredigt_1595,body,104,0,True,40,Damit / vnd dieweil wir ein bessers leben bekomen / als wir verlieren / sollen wir vns Trösten / vnd vns wol zu frieden geben / ja von Hertzen vns frewen / wenn wir dieses jammerthal verlassen sollen / vnd durch den Todt in das ewig leben versetzet werden.,damit vnd dieweil wir ein bessers leben bekomen als wir verlieren sollen wir vns trösten vnd vns wol zu frieden geben ja von hertzen vns frewen wenn wir dieses jammerthal verlassen sollen vnd durch den todt in das ewig leben versetzet werden,damit und dieweil wir ein bessers leben bekomen als wir uerlieren sollen wir uns trosten und uns wol zu frieden geben ia uon hertzen uns frewen wenn wir dieses iammerthal uerlassen sollen und durch den todt in das ewig leben uersetzet werden
sattler_leichpredigt_1595,head,105,0,True,40,Der Fünffte Theil.,der fünffte theil,der funffte theil
sattler_leichpredigt_1595,body,106,0,True,40,ES setzt der Heilige Hiob noch ein Wort an diesen seinen spruch / das heist / Vnd kein Frembder / als wolt er sagen / es mögen die Gottlosen in dieser Welt jubiliren wie sie wollen / so sind es doch frembde Kinder / da Gott in gutem nichts mit zuthun hat / vnd die jhn nicht angehören / wie die frommen / die werden der Frewd vnd seligkeit nicht theilhafftig werden / sonder wen die frommen GOtt in ewiger Frewd vnd Seligkeit anschauwen / werden sie von GOttes gnedigem angesicht abgescheiden sein / vnd jhm ewiglich nicht mehr vnder angen kommen dürffen.,es setzt der heilige hiob noch ein wort an diesen seinen spruch das heist vnd kein frembder als wolt er sagen es mögen die gottlosen in dieser welt jubiliren wie sie wollen so sind es doch frembde kinder da gott in gutem nichts mit zuthun hat vnd die jhn nicht angehören wie die frommen die werden der frewd vnd seligkeit nicht theilhafftig werden sonder wen die frommen gott in ewiger frewd vnd seligkeit anschauwen werden sie von gottes gnedigem angesicht abgescheiden sein vnd jhm ewiglich nicht mehr vnder angen kommen dürffen,es setzt der heilige hiob noch ein wort an diesen seinen spruch das heist und kein frembder als wolt er sagen es mogen die gottlosen in dieser welt iubiliren wie sie wollen so sind es doch frembde kinder da gott in gutem nichts mit zuthun hat und die ihn nicht angehoren wie die frommen die werden der frewd und seligkeit nicht theilhafftig werden sonder wen die frommen gott in ewiger frewd und seligkeit anschauwen werden sie uon gottes gnedigem angesicht abgescheiden sein und ihm ewiglich nicht mehr under angen kommen durffen
sattler_leichpredigt_1595,body,107,0,False,40,Das sind nun schreckliche Wort / die alle Feind vnd Verechter Christi mercken sollen / vnd sie dazu gebrauchen / das sie Gottes Wort lieben / sich bekeren vnd in der gnadenzeit Busse thun.,das sind nun schreckliche wort die alle feind vnd verechter christi mercken sollen vnd sie dazu gebrauchen das sie gottes wort lieben sich bekeren vnd in der gnadenzeit busse thun,das sind nun schreckliche wort die alle feind und uerechter christi mercken sollen und sie dazu gebrauchen das sie gottes wort lieben sich bekeren und in der gnadenzeit busse thun
sattler_leichpredigt_1595,body,107,1,False,40,Denn das sind Freunde Gottes vnd seine bekanten vnd hausgenossen / die sich zum Wort vnd Heiligen Sacramenten halten / vnd das Wort mit Bußfertigem gleubigen Hertzen annemen vnd bewaren / wie Christus sagt / Johan 8. Wer aus Gott ist der höret Gottes Wort.,denn das sind freunde gottes vnd seine bekanten vnd hausgenossen die sich zum wort vnd heiligen sacramenten halten vnd das wort mit bußfertigem gleubigen hertzen annemen vnd bewaren wie christus sagt johan wer aus gott ist der höret gottes wort,denn das sind freunde gottes und seine bekanten und hausgenossen die sich zum wort und heiligen sacramenten halten und das wort mit bussfertigem gleubigen hertzen annemen und bewaren wie christus sagt iohan wer aus gott ist der horet gottes wort
sattler_leichpredigt_1595,body,107,2,False,41,Johan 10. Meine Schaffe hören meine Stimme / Johan 14. Wer mich liebet der wird mein Wort halten / vnd mein Vatter wird jhn lieben / Vnd wir werden zu jhm kommen vnd wohnung bey jhm machen.,johan meine schaffe hören meine stimme johan wer mich liebet der wird mein wort halten vnd mein vatter wird jhn lieben vnd wir werden zu jhm kommen vnd wohnung bey jhm machen,iohan meine schaffe horen meine stimme iohan wer mich liebet der wird mein wort halten und mein uatter wird ihn lieben und wir werden zu ihm kommen und wohnung bey ihm machen
sattler_leichpredigt_1595,body,107,3,False,41,Item Mar. 16. Wer gleubt vnd getaufft wird / der wird selig.,item mar wer gleubt vnd getaufft wird der wird selig,item mar wer gleubt und getaufft wird der wird selig
sattler_leichpredigt_1595,body,107,4,True,41,Aus solchem Glauben folgen allerley gute früchte / damit die gleubigen in jrem leben Gott dienen.,aus solchem glauben folgen allerley gute früchte damit die gleubigen in jrem leben gott dienen,aus solchem glauben folgen allerley gute fruchte damit die gleubigen in irem leben gott dienen
sattler_leichpredigt_1595,body,108,0,False,41,So sind nun frembde / dauon Hiob hie redet / vnd denen er ein schwer Vrtheil fellet / alle die so Gottes Wort nicht hören / vnd die Heilige Sacramenten nicht gebrauchen / wie denn der Verechter hie auch gefunden werden / die die Versamlung verlassen wie die Epistel zun Heb: 10. redet. 2. Alle die es zwar hören / aber nicht annemen / noch sich darnach bessern / Insonderheit aber die Heuchler / die sich from stellen nicht anders / als wen einer eine Person in einer Coemedien hat / vnd sihet das er seiner Person gemeß sich geberde vnd stelle / also erzeigen sie sich eusserlich als fromme Christen / aber im Hertzen meinẽ sie es nicht / thun nicht Buß gleuben nicht / vnd bessern auch jhr leben nicht / dauon sagt Christus Matth. 7. Es werden nicht alle die da sagen HERR HERR / ins Himmelreich komen / sonder die den willen thun meines Vaters im Himel.,so sind nun frembde dauon hiob hie redet vnd denen er ein schwer vrtheil fellet alle die so gottes wort nicht hören vnd die heilige sacramenten nicht gebrauchen wie denn der verechter hie auch gefunden werden die die versamlung verlassen wie die epistel zun heb redet alle die es zwar hören aber nicht annemen noch sich darnach bessern insonderheit aber die heuchler die sich from stellen nicht anders als wen einer eine person in einer coemedien hat vnd sihet das er seiner person gemeß sich geberde vnd stelle also erzeigen sie sich eusserlich als fromme christen aber im hertzen meinẽ sie es nicht thun nicht buß gleuben nicht vnd bessern auch jhr leben nicht dauon sagt christus matth es werden nicht alle die da sagen herr herr ins himmelreich komen sonder die den willen thun meines vaters im himel,so sind nun frembde dauon hiob hie redet und denen er ein schwer urtheil fellet alle die so gottes wort nicht horen und die heilige sacramenten nicht gebrauchen wie denn der uerechter hie auch gefunden werden die die uersamlung uerlassen wie die epistel zun heb redet alle die es zwar horen aber nicht annemen noch sich darnach bessern insonderheit aber die heuchler die sich from stellen nicht anders als wen einer eine person in einer coemedien hat und sihet das er seiner person gemess sich geberde und stelle also erzeigen sie sich eusserlich als fromme christen aber im hertzen meinen sie es nicht thun nicht buss gleuben nicht und bessern auch ihr leben nicht dauon sagt christus matth es werden nicht alle die da sagen herr herr ins himmelreich komen sonder die den willen thun meines uaters im himel
sattler_leichpredigt_1595,body,108,1,False,42,Es werden viel zu mir sagen an jenem tag / HERR HERR haben wir nicht in deinem Namen geweissaget / haben wir nicht in deinem Namen Teuffel ausgetriben / haben wir nicht in deinem Namen viel thaten gethan.,es werden viel zu mir sagen an jenem tag herr herr haben wir nicht in deinem namen geweissaget haben wir nicht in deinem namen teuffel ausgetriben haben wir nicht in deinem namen viel thaten gethan,es werden uiel zu mir sagen an ienem tag herr herr haben wir nicht in deinem namen geweissaget haben wir nicht in deinem namen teuffel ausgetriben haben wir nicht in deinem namen uiel thaten gethan
sattler_leichpredigt_1595,body,108,2,True,42,Denn werde ich jhnen bekennen / Ich hab euch noch nie erkandt.,denn werde ich jhnen bekennen ich hab euch noch nie erkandt,denn werde ich ihnen bekennen ich hab euch noch nie erkandt
sattler_leichpredigt_1595,body,109,0,False,42,Die Straffe aber / die Vber die Gottlosen gehen soll / die hie Hiob andeutet / ist schrecklich vnd vnaussprechlich / kein frembder sol Gott sehen / Darunder ist die ewige Pein vnd Qual begriffen.,die straffe aber die vber die gottlosen gehen soll die hie hiob andeutet ist schrecklich vnd vnaussprechlich kein frembder sol gott sehen darunder ist die ewige pein vnd qual begriffen,die straffe aber die uber die gottlosen gehen soll die hie hiob andeutet ist schrecklich und unaussprechlich kein frembder sol gott sehen darunder ist die ewige pein und qual begriffen
sattler_leichpredigt_1595,body,109,1,False,42,Denn wer von Gottes Gnedigem angesicht ewig abgescheiden ist / dem mag in ewigkeit kein tröpflein der gnaden Gottes / wie vom Reichen Man stehet / widerfaren.,denn wer von gottes gnedigem angesicht ewig abgescheiden ist dem mag in ewigkeit kein tröpflein der gnaden gottes wie vom reichen man stehet widerfaren,denn wer uon gottes gnedigem angesicht ewig abgescheiden ist dem mag in ewigkeit kein tropflein der gnaden gottes wie uom reichen man stehet widerfaren
sattler_leichpredigt_1595,body,109,2,False,42,Das meinet Christus wenn er sagt Matth. 7. Weichet alle von mir jhr vbeltheter Matth. 25. Weichet von mir in das ewige Fewr / das dem Teuffel vnd seinen Engeln bereitet ist.,das meinet christus wenn er sagt matth weichet alle von mir jhr vbeltheter matth weichet von mir in das ewige fewr das dem teuffel vnd seinen engeln bereitet ist,das meinet christus wenn er sagt matth weichet alle uon mir ihr ubeltheter matth weichet uon mir in das ewige fewr das dem teuffel und seinen engeln bereitet ist
sattler_leichpredigt_1595,body,109,3,False,42,Paulus 2. Thes: 1. Sie werden Pein leiden / das ewige verderben von dem angesicht des HERRN / vnd von seiner Herrlichen macht.,paulus thes sie werden pein leiden das ewige verderben von dem angesicht des herrn vnd von seiner herrlichen macht,paulus thes sie werden pein leiden das ewige uerderben uon dem angesicht des herrn und uon seiner herrlichen macht
sattler_leichpredigt_1595,body,109,4,True,42,Apo: 21. Lehrt das sie in den pful geworffen werden / der mit Schwefel vnd Fewr brennet.,apo lehrt das sie in den pful geworffen werden der mit schwefel vnd fewr brennet,apo lehrt das sie in den pful geworffen werden der mit schwefel und fewr brennet
sattler_leichpredigt_1595,body,110,0,True,42,Darumb wer bißhero ein Verechter oder verfolger des Worts Gottes gewesen ist / der stehe ab dauon / desgleichen wem es kein rechter ernst gewesen ist / hat nicht Buß gethan / der bessere sich / vnd gedencke was dassey / von Gottes Gnedigem angesicht on alle gnade abgescheiden vnd verstossen sein.,darumb wer bißhero ein verechter oder verfolger des worts gottes gewesen ist der stehe ab dauon desgleichen wem es kein rechter ernst gewesen ist hat nicht buß gethan der bessere sich vnd gedencke was dassey von gottes gnedigem angesicht on alle gnade abgescheiden vnd verstossen sein,darumb wer bisshero ein uerechter oder uerfolger des worts gottes gewesen ist der stehe ab dauon desgleichen wem es kein rechter ernst gewesen ist hat nicht buss gethan der bessere sich und gedencke was dassey uon gottes gnedigem angesicht on alle gnade abgescheiden und uerstossen sein
sattler_leichpredigt_1595,body,111,0,False,43,Es ist ein grosses da Cain von seines Vaters / vnd wie die Schrifft redet / von des HERrn angesichte (in diser Welt) abgescheiden wird / aber das gehet weit vor / von Gott im Himel vnd zukünfftigen leben Verstossen sein / der der Brunne des lebens / der seligkeit / vnd alles guten ist / da ist nichts den Heulen / Zittern / Zeenklappern / ja ewige noth Pein vnd Qual.,es ist ein grosses da cain von seines vaters vnd wie die schrifft redet von des herrn angesichte in diser welt abgescheiden wird aber das gehet weit vor von gott im himel vnd zukünfftigen leben verstossen sein der der brunne des lebens der seligkeit vnd alles guten ist da ist nichts den heulen zittern zeenklappern ja ewige noth pein vnd qual,es ist ein grosses da cain uon seines uaters und wie die schrifft redet uon des herrn angesichte in diser welt abgescheiden wird aber das gehet weit uor uon gott im himel und zukunfftigen leben uerstossen sein der der brunne des lebens der seligkeit und alles guten ist da ist nichts den heulen zittern zeenklappern ia ewige noth pein und qual
sattler_leichpredigt_1595,body,111,1,True,43,Machet aber mit GOtt in seinem Wort kuntschafft / höret dasselbige / thut Buß / nemet das Wort an mit gleubigem Hertzen / bessert ewer leben / So habt jhr zugewarten / das jhr mit Hiob Gott / ewiglich mit frölichen augen von angesicht zu angesicht anschawen / vnd also selig sein werdet.,machet aber mit gott in seinem wort kuntschafft höret dasselbige thut buß nemet das wort an mit gleubigem hertzen bessert ewer leben so habt jhr zugewarten das jhr mit hiob gott ewiglich mit frölichen augen von angesicht zu angesicht anschawen vnd also selig sein werdet,machet aber mit gott in seinem wort kuntschafft horet dasselbige thut buss nemet das wort an mit gleubigem hertzen bessert ewer leben so habt ihr zugewarten das ihr mit hiob gott ewiglich mit frolichen augen uon angesicht zu angesicht anschawen und also selig sein werdet
sattler_leichpredigt_1595,head,112,0,True,43,Beschluß.,beschluß,beschluss
sattler_leichpredigt_1595,body,113,0,False,43,"WIR haben / als anfenglich gemeldet / für dißmal zu seiner Grab: vnd Ruchstett beleitet einem Fürstlichen Diener vnd Medicum Doctorem Ioachimum Gagelmannum, von Hamburg / so vnsers G. F. vnd Herrn / auch S. F. G. Herrn Vater vnd Frawmutter / wie auch besonders den Jungen Herrn vnd Frewlin / in die 30. Jahr aufrichtig vnd trewlich gedienet.",wir haben als anfenglich gemeldet für dißmal zu seiner grab vnd ruchstett beleitet einem fürstlichen diener vnd medicum doctorem ioachimum gagelmannum von hamburg so vnsers g f vnd herrn auch s f g herrn vater vnd frawmutter wie auch besonders den jungen herrn vnd frewlin in die jahr aufrichtig vnd trewlich gedienet,wir haben als anfenglich gemeldet fur dissmal zu seiner grab und ruchstett beleitet einem furstlichen diener und medicum doctorem ioachimum gagelmannum uon hamburg so unsers g f und herrn auch s f g herrn uater und frawmutter wie auch besonders den iungen herrn und frewlin in die iahr aufrichtig und trewlich gedienet
sattler_leichpredigt_1595,body,113,1,True,44,Aber das hat in alles nicht geholffen / Ehr ist nun hingangen den Weg alles Fleisches.,aber das hat in alles nicht geholffen ehr ist nun hingangen den weg alles fleisches,aber das hat in alles nicht geholffen ehr ist nun hingangen den weg alles fleisches
sattler_leichpredigt_1595,body,114,0,True,44,Das ist aber vnser trost / das er die versamblung nicht verlassen / Sonder als ein Schefflin Christi / Gottes Wort fleissig gehört in vnser gemein / das H. Nachtmal bey gesundem Leib / vnd auch in seiner Kranckheit / nach gethanem Christlichem bekentniß empfangen / ein erbar vnd vnstreflich Leben geführet / vnd das an jhm ein sonderliche Tugent gewesen / reichen vnd armen / auch on allen entgelt / gern vnd willig gedienet / vnd noch in seinem Todtbett zu bezeugen seinen Glauben / die Kirche alhie mit einer ansehnlichen Summen Geldes bedacht.,das ist aber vnser trost das er die versamblung nicht verlassen sonder als ein schefflin christi gottes wort fleissig gehört in vnser gemein das h nachtmal bey gesundem leib vnd auch in seiner kranckheit nach gethanem christlichem bekentniß empfangen ein erbar vnd vnstreflich leben geführet vnd das an jhm ein sonderliche tugent gewesen reichen vnd armen auch on allen entgelt gern vnd willig gedienet vnd noch in seinem todtbett zu bezeugen seinen glauben die kirche alhie mit einer ansehnlichen summen geldes bedacht,das ist aber unser trost das er die uersamblung nicht uerlassen sonder als ein schefflin christi gottes wort fleissig gehort in unser gemein das h nachtmal bey gesundem leib und auch in seiner kranckheit nach gethanem christlichem bekentniss empfangen ein erbar und unstreflich leben gefuhret und das an ihm ein sonderliche tugent gewesen reichen und armen auch on allen entgelt gern und willig gedienet und noch in seinem todtbett zu bezeugen seinen glauben die kirche alhie mit einer ansehnlichen summen geldes bedacht
sattler_leichpredigt_1595,body,115,0,True,44,Derwegen wir auff jhn billig den Trost ziehen / das er werde an jenem Tage / von der Erden aufferwecket / mit seiner Haut wieder vmbgeben werden / vnd in seinem Fleisch Gott mit frölichen Augen anschauwen vnd ewig selig sein / Dazu vns allen auch verhelffe Gott Vater / Sohn / vnd Heiliger Geist / Amen.,derwegen wir auff jhn billig den trost ziehen das er werde an jenem tage von der erden aufferwecket mit seiner haut wieder vmbgeben werden vnd in seinem fleisch gott mit frölichen augen anschauwen vnd ewig selig sein dazu vns allen auch verhelffe gott vater sohn vnd heiliger geist amen,derwegen wir auff ihn billig den trost ziehen das er werde an ienem tage uon der erden aufferwecket mit seiner haut wieder umbgeben werden und in seinem fleisch gott mit frolichen augen anschauwen und ewig selig sein dazu uns allen auch uerhelffe gott uater sohn und heiliger geist amen
sattler_leichpredigt_1595,body,116,0,True,44,ENDE.,ende,ende
