doc_id,block_type,para_id,sent_id,is_para_final,page_n,textstring_orig,textstring_rich,textstring_simple
sattler_predigt_1615,head,0,0,True,1,Ein Predigt / Gethan bey dem Begrebnis/ Des Weyland Hochwürdigen / Durchleuchtigen / Hochgebornen Fürsten vnd Herrn/ Herrn Heinrich Caroli / Postulirten Bischoffen des Stiffts Halberstadt/ Hertzogen zu Braunschweig vnd Lüneburg/etc. So den 11. Junij dieses 1615. Jahrs/ auff der Julius Universitet zu Helmstet/in wahrer anruffung Christi seeliglich entschlaffen. Gethan Durch Basilium Satler D. Hoffprediger zu Wolffenbüttel/den 7. Julij/ Anno 1615. Wolffenbüttel/ Durch Julium Adolphum von Söhne.,ein predigt gethan bey dem begrebnis des weyland hochwürdigen durchleuchtigen hochgebornen fürsten vnd herrn herrn heinrich caroli postulirten bischoffen des stiffts halberstadt hertzogen zu braunschweig vnd lüneburg etc so den junij dieses jahrs auff der julius universitet zu helmstet in wahrer anruffung christi seeliglich entschlaffen gethan durch basilium satler d hoffprediger zu wolffenbüttel den julij anno wolffenbüttel durch julium adolphum von söhne,ein predigt gethan bey dem begrebnis des weyland hochwurdigen durchleuchtigen hochgebornen fursten und herrn herrn heinrich caroli postulirten bischoffen des stiffts halberstadt hertzogen zu braunschweig und luneburg etc so den iunii dieses iahrs auff der iulius uniuersitet zu helmstet in wahrer anruffung christi seeliglich entschlaffen gethan durch basilium satler d hoffprediger zu wolffenbuttel den iulii anno wolffenbuttel durch iulium adolphum uon sohne
sattler_predigt_1615,head,1,0,True,3,Matth: 18.,matth,matth
sattler_predigt_1615,body,2,0,False,3,ZV derselbigen Stunde traten die Jünger zu JEsu / vnd sprahen / wer ist doch der gröste im Him̃elreich?,zv derselbigen stunde traten die jünger zu jesu vnd sprahen wer ist doch der gröste im him̃elreich,zu derselbigen stunde traten die iunger zu iesu und sprahen wer ist doch der groste im himmelreich
sattler_predigt_1615,body,2,1,False,3,Jesus rieff ein Kind zu sich / vnd stellet dz mitten vnter sie / vñ sprach / Warlich ich sage euch / Es sey denn / daß jhr euch vmbkeret / vnnd werdet wie die Kinder / so werdet jhr nicht ins Him̃elreich kom̃en.,jesus rieff ein kind zu sich vnd stellet dz mitten vnter sie vñ sprach warlich ich sage euch es sey denn daß jhr euch vmbkeret vnnd werdet wie die kinder so werdet jhr nicht ins him̃elreich kom̃en,iesus rieff ein kind zu sich und stellet dz mitten unter sie und sprach warlich ich sage euch es sey denn dass ihr euch umbkeret unnd werdet wie die kinder so werdet ihr nicht ins himmelreich kommen
sattler_predigt_1615,body,2,2,False,3,Wer nu sich selbst nidriget / wie dis Kind / der ist der grössest im Himmelreich.,wer nu sich selbst nidriget wie dis kind der ist der grössest im himmelreich,wer nu sich selbst nidriget wie dis kind der ist der grossest im himmelreich
sattler_predigt_1615,body,2,3,True,3,Vnd wer ein solchs Kind auffnimpt in meinem Namen / der nimpt mich auff / wer aber ergert dieser geringsten einen / die an mich gleuben / dem were besser / daß ein Mülstein an seinẽ Halß gehenckt würde / vnd erseufft würde im Meer / da es am tieffesten ist.,vnd wer ein solchs kind auffnimpt in meinem namen der nimpt mich auff wer aber ergert dieser geringsten einen die an mich gleuben dem were besser daß ein mülstein an seinẽ halß gehenckt würde vnd erseufft würde im meer da es am tieffesten ist,und wer ein solchs kind auffnimpt in meinem namen der nimpt mich auff wer aber ergert dieser geringsten einen die an mich gleuben dem were besser dass ein mulstein an seinen halss gehenckt wurde und erseufft wurde im meer da es am tieffesten ist
sattler_predigt_1615,body,3,0,False,4,Wehe der Welt der Ergernis halbẽ.,wehe der welt der ergernis halbẽ,wehe der welt der ergernis halben
sattler_predigt_1615,body,3,1,False,4,Es muß ja Ergerniß kom̃en / doch wehe dem Menschen / durch welchen Ergernis kom̃et.,es muß ja ergerniß kom̃en doch wehe dem menschen durch welchen ergernis kom̃et,es muss ia ergerniss kommen doch wehe dem menschen durch welchen ergernis kommet
sattler_predigt_1615,body,3,2,False,4,So aber deine Hand / oder dein Fuß dich ergert / so hawe jhn abe / vnnd wirff jhn von dir / es ist dir besser / das du zum Leben Lam oder ein Krüppel eingehest / deñ das du zwo Hände oder zween Füsse habest / vnd werdest in das ewige Fewr geworffen.,so aber deine hand oder dein fuß dich ergert so hawe jhn abe vnnd wirff jhn von dir es ist dir besser das du zum leben lam oder ein krüppel eingehest deñ das du zwo hände oder zween füsse habest vnd werdest in das ewige fewr geworffen,so aber deine hand oder dein fuss dich ergert so hawe ihn abe unnd wirff ihn uon dir es ist dir besser das du zum leben lam oder ein kruppel eingehest denn das du zwo hande oder zween fusse habest und werdest in das ewige fewr geworffen
sattler_predigt_1615,body,3,3,False,4,Vnd so dich dein Auge ergert / reiß es aus / vnd wirff es von dir / es ist dir besser / das du eineugig zum Leben eingehest / deñ das du zwey Augẽ habest / vnd werdest in das hellische Fewer geworffen.,vnd so dich dein auge ergert reiß es aus vnd wirff es von dir es ist dir besser das du eineugig zum leben eingehest deñ das du zwey augẽ habest vnd werdest in das hellische fewer geworffen,und so dich dein auge ergert reiss es aus und wirff es uon dir es ist dir besser das du eineugig zum leben eingehest denn das du zwey augen habest und werdest in das hellische fewer geworffen
sattler_predigt_1615,body,3,4,False,4,Sehet zu / das jhr nicht jemand von diesen Kleinen verachtet / Deñ ich sage euch / jhre Engel im Him̃el sehen allezeit das Angesicht meines Vaters im Him̃el.,sehet zu das jhr nicht jemand von diesen kleinen verachtet deñ ich sage euch jhre engel im him̃el sehen allezeit das angesicht meines vaters im him̃el,sehet zu das ihr nicht iemand uon diesen kleinen uerachtet denn ich sage euch ihre engel im himmel sehen allezeit das angesicht meines uaters im himmel
sattler_predigt_1615,body,3,5,False,4,Denn des Menschen Sohn ist kommen / selig zu machen / daß verloren ist.,denn des menschen sohn ist kommen selig zu machen daß verloren ist,denn des menschen sohn ist kommen selig zu machen dass uerloren ist
sattler_predigt_1615,body,3,6,False,4,Was dünckt euch?,was dünckt euch,was dunckt euch
sattler_predigt_1615,body,3,7,False,4,Wenn jrgend ein Mensch hundert Schaffe hette / vnd eins vnter denselbigen sich verjrret?,wenn jrgend ein mensch hundert schaffe hette vnd eins vnter denselbigen sich verjrret,wenn irgend ein mensch hundert schaffe hette und eins unter denselbigen sich uerirret
sattler_predigt_1615,body,3,8,False,5,Lest er nicht die neun vnd neuntzig auff den Bergen / gehet hin / vnnd suchet das verjrrete?,lest er nicht die neun vnd neuntzig auff den bergen gehet hin vnnd suchet das verjrrete,lest er nicht die neun und neuntzig auff den bergen gehet hin unnd suchet das uerirrete
sattler_predigt_1615,body,3,9,False,5,Vñ so sichs begibt / das ers findet / Warlich sage ich euch / er frewet sich darvber mehr / denn vber die neun vnnd neuntzig / die nicht verjrret sind.,vñ so sichs begibt das ers findet warlich sage ich euch er frewet sich darvber mehr denn vber die neun vnnd neuntzig die nicht verjrret sind,und so sichs begibt das ers findet warlich sage ich euch er frewet sich daruber mehr denn uber die neun unnd neuntzig die nicht uerirret sind
sattler_predigt_1615,body,3,10,True,5,Also auch ists für ewrem Vater im Himmel nicht der wille / das jemand von diesen Kleinen verloren werde.,also auch ists für ewrem vater im himmel nicht der wille das jemand von diesen kleinen verloren werde,also auch ists fur ewrem uater im himmel nicht der wille das iemand uon diesen kleinen uerloren werde
sattler_predigt_1615,head,4,0,True,5,Außlegung.,außlegung,ausslegung
sattler_predigt_1615,body,5,0,True,5,GEliebte im HErrn / es schreibt der Prediger Salomo am 9. Cap: der Mensch weis seine Zeit nicht / sonder wie die Fisch gefangen werden mit dem schedlichen Hamen / vnnd die Vögel mit dem Strick gefangen werden / also werden auch die Menschen berücket zur bösen Zeit / wenn sie plötzlich vber sie felt.,geliebte im herrn es schreibt der prediger salomo am cap der mensch weis seine zeit nicht sonder wie die fisch gefangen werden mit dem schedlichen hamen vnnd die vögel mit dem strick gefangen werden also werden auch die menschen berücket zur bösen zeit wenn sie plötzlich vber sie felt,geliebte im herrn es schreibt der prediger salomo am cap der mensch weis seine zeit nicht sonder wie die fisch gefangen werden mit dem schedlichen hamen unnd die uogel mit dem strick gefangen werden also werden auch die menschen berucket zur bosen zeit wenn sie plotzlich uber sie felt
sattler_predigt_1615,body,6,0,False,5,"Des hat vns GOTT diese Zeit aber mahl ein betrübtes Exempel vnd trawrig Spectakel für die Augen gestelt / in dem er aus diesem vergenglichem Leben fast vnvermütlich vnd vnversehens abgefordert / Den Hochwürdigen / Durchleuchtigen / Hochgebornen Fürsten vnd Herrn / Herrn Heinrich Carolum, Postulirten Bischoffen des Stiffts Halberstadt / Hertzogen zu Braunschweig vnd Lüneburg / etc.",des hat vns gott diese zeit aber mahl ein betrübtes exempel vnd trawrig spectakel für die augen gestelt in dem er aus diesem vergenglichem leben fast vnvermütlich vnd vnversehens abgefordert den hochwürdigen durchleuchtigen hochgebornen fürsten vnd herrn herrn heinrich carolum postulirten bischoffen des stiffts halberstadt hertzogen zu braunschweig vnd lüneburg etc,des hat uns gott diese zeit aber mahl ein betrubtes exempel und trawrig spectakel fur die augen gestelt in dem er aus diesem uergenglichem leben fast unuermutlich und unuersehens abgefordert den hochwurdigen durchleuchtigen hochgebornen fursten und herrn herrn heinrich carolum postulirten bischoffen des stiffts halberstadt hertzogen zu braunschweig und luneburg etc
sattler_predigt_1615,body,6,1,False,6,Derowegen wir alle vns die falsche Gedancken nicht machen dörffen / das wir / wie man zu reden pflegt / gleich Brieff vnd Siegel haben / wir werden noch lange zeit Leben / vnd so bald nicht sterben / vñ nicht mit den Gottlosen sagen / Es. 28. wir haben mit dem Todt einen Bund gemacht / wenn ein Flut daher gehet / wird sie vns nicht treffen.,derowegen wir alle vns die falsche gedancken nicht machen dörffen das wir wie man zu reden pflegt gleich brieff vnd siegel haben wir werden noch lange zeit leben vnd so bald nicht sterben vñ nicht mit den gottlosen sagen es wir haben mit dem todt einen bund gemacht wenn ein flut daher gehet wird sie vns nicht treffen,derowegen wir alle uns die falsche gedancken nicht machen dorffen das wir wie man zu reden pflegt gleich brieff und siegel haben wir werden noch lange zeit leben und so bald nicht sterben und nicht mit den gottlosen sagen es wir haben mit dem todt einen bund gemacht wenn ein flut daher gehet wird sie uns nicht treffen
sattler_predigt_1615,body,6,2,True,6,Es ist nichts gewissers den der Todt / vnnd nichts vngewissers den die stund des Todts.,es ist nichts gewissers den der todt vnnd nichts vngewissers den die stund des todts,es ist nichts gewissers den der todt unnd nichts ungewissers den die stund des todts
sattler_predigt_1615,body,7,0,False,6,Vnd geht das alle Menschen an / sie sein wes Stands sie wollen / da hilfft weder hohes Geschlecht / noch Weiß heit / Reichthumb oder Gewalt / wie wir zusingen pflegen / den reichen hilffet nicht sein Gut / den jungen nicht sein stoltzer Muth / er mus aus diesem Meyen / wann einer hette die gantze Welt / Silber vnd Golt vnd alles Gelt / noch mus er an den Reygen.,vnd geht das alle menschen an sie sein wes stands sie wollen da hilfft weder hohes geschlecht noch weiß heit reichthumb oder gewalt wie wir zusingen pflegen den reichen hilffet nicht sein gut den jungen nicht sein stoltzer muth er mus aus diesem meyen wann einer hette die gantze welt silber vnd golt vnd alles gelt noch mus er an den reygen,und geht das alle menschen an sie sein wes stands sie wollen da hilfft weder hohes geschlecht noch weiss heit reichthumb oder gewalt wie wir zusingen pflegen den reichen hilffet nicht sein gut den iungen nicht sein stoltzer muth er mus aus diesem meyen wann einer hette die gantze welt silber und golt und alles gelt noch mus er an den reygen
sattler_predigt_1615,body,7,1,True,6,Denn Gelerten hilffet nicht sein Kunst / der zeitlich Pracht ist gar vmbsonst / wir müssen alle sterben / wer sich in Christo nicht ergeit / weil er noch lebt in der Gnaden zeit / ewig mus er verderben.,denn gelerten hilffet nicht sein kunst der zeitlich pracht ist gar vmbsonst wir müssen alle sterben wer sich in christo nicht ergeit weil er noch lebt in der gnaden zeit ewig mus er verderben,denn gelerten hilffet nicht sein kunst der zeitlich pracht ist gar umbsonst wir mussen alle sterben wer sich in christo nicht ergeit weil er noch lebt in der gnaden zeit ewig mus er uerderben
sattler_predigt_1615,body,8,0,False,6,Dieser Herr / den wir jetz zu seiner Rugstet gebracht / ist aus hohem altem Fürstlichen Stam̃ entsprossen / vnnd in der Kindheit / zu hohen digniteten erhaben / dazu noch gar Jung gewesen / vñ hat sich sehr wol angelassen / aber es hat jhn nichts geholffen: Darumb sollen wir vns erinnern / daß Syrach am 38. sagt / wie er gestorben ist / so mustu auch sterben / gestern war es an mir heut ists an dir.,dieser herr den wir jetz zu seiner rugstet gebracht ist aus hohem altem fürstlichen stam̃ entsprossen vnnd in der kindheit zu hohen digniteten erhaben dazu noch gar jung gewesen vñ hat sich sehr wol angelassen aber es hat jhn nichts geholffen darumb sollen wir vns erinnern daß syrach am sagt wie er gestorben ist so mustu auch sterben gestern war es an mir heut ists an dir,dieser herr den wir ietz zu seiner rugstet gebracht ist aus hohem altem furstlichen stamm entsprossen unnd in der kindheit zu hohen digniteten erhaben dazu noch gar iung gewesen und hat sich sehr wol angelassen aber es hat ihn nichts geholffen darumb sollen wir uns erinnern dass syrach am sagt wie er gestorben ist so mustu auch sterben gestern war es an mir heut ists an dir
sattler_predigt_1615,body,8,1,True,6,Sollen derowegen wacker seyn / vnd alle stund vns zum Todt bereiten vnd gefast machen: Denn ist das ende gut / so ist alles gut.,sollen derowegen wacker seyn vnd alle stund vns zum todt bereiten vnd gefast machen denn ist das ende gut so ist alles gut,sollen derowegen wacker seyn und alle stund uns zum todt bereiten und gefast machen denn ist das ende gut so ist alles gut
sattler_predigt_1615,body,9,0,False,6,Vnd weil wir so verderbt seyn / daß wir es nicht bedencken / sonder jmmer aus dem sinn schlagen / sollen wir mit David Ps. 39. beten / HErr lehre mich doch / das ein end mit mir haben wird / vnd mein leben ein Ziel hat / vnd ich davon mus: Vnd mit Mose Psal. 90. lehr vns bedencken / das wir sterben müssen / auff das wir Klug werden.,vnd weil wir so verderbt seyn daß wir es nicht bedencken sonder jmmer aus dem sinn schlagen sollen wir mit david ps beten herr lehre mich doch das ein end mit mir haben wird vnd mein leben ein ziel hat vnd ich davon mus vnd mit mose psal lehr vns bedencken das wir sterben müssen auff das wir klug werden,und weil wir so uerderbt seyn dass wir es nicht bedencken sonder immer aus dem sinn schlagen sollen wir mit dauid ps beten herr lehre mich doch das ein end mit mir haben wird und mein leben ein ziel hat und ich dauon mus und mit mose psal lehr uns bedencken das wir sterben mussen auff das wir klug werden
sattler_predigt_1615,body,9,1,False,7,Das sind nützliche vnd gute Gedancken / die sollen wir beim Begrebnis haben / darumb der Prediger Salomo sagt / Cap. 7. Es ist besser in das Klaghaus gehen / denn in das Trinckhaus: Denn in jenem ist das ende aller Menschen / vnd der lebendige nimbts zu Hertzen.,das sind nützliche vnd gute gedancken die sollen wir beim begrebnis haben darumb der prediger salomo sagt cap es ist besser in das klaghaus gehen denn in das trinckhaus denn in jenem ist das ende aller menschen vnd der lebendige nimbts zu hertzen,das sind nutzliche und gute gedancken die sollen wir beim begrebnis haben darumb der prediger salomo sagt cap es ist besser in das klaghaus gehen denn in das trinckhaus denn in ienem ist das ende aller menschen und der lebendige nimbts zu hertzen
sattler_predigt_1615,body,9,2,True,7,Vnnd Syr: 7. schreibt / was du thust / so gedenck des endes / so wirstu nimmer vbels thun.,vnnd syr schreibt was du thust so gedenck des endes so wirstu nimmer vbels thun,unnd syr schreibt was du thust so gedenck des endes so wirstu nimmer ubels thun
sattler_predigt_1615,body,10,0,True,7,Dieweil aber ein Christlicher löblicher Brauch ist / daß man bey solchen versamlungen / ein Predig vnd Erinnerung thut aus GOTtes Wort / wollen wir solchen Gebrauch dißmahl auch halten.,dieweil aber ein christlicher löblicher brauch ist daß man bey solchen versamlungen ein predig vnd erinnerung thut aus gottes wort wollen wir solchen gebrauch dißmahl auch halten,dieweil aber ein christlicher loblicher brauch ist dass man bey solchen uersamlungen ein predig und erinnerung thut aus gottes wort wollen wir solchen gebrauch dissmahl auch halten
sattler_predigt_1615,body,11,0,True,7,Vnd hab ich nu die verlesene Histori vnd Predigt Christi von den Kindern fürnemen wollen / dieweil vns darin eben ein Kind / alß vnser seeliges Herrlin gewesen / für gestellet wird / so noch Vnmündig gewesen / vnd nicht zu seinem vollen Verstand kommen ist / auff das wir vrsach haben von solchen Kindern zu reden / vnd berichten / was wir von denselben halten sollen / dieweil diese Histori vns in jetzigem vnd dergleichen fällen bericht vnd bestendigen Trost gibt.,vnd hab ich nu die verlesene histori vnd predigt christi von den kindern fürnemen wollen dieweil vns darin eben ein kind alß vnser seeliges herrlin gewesen für gestellet wird so noch vnmündig gewesen vnd nicht zu seinem vollen verstand kommen ist auff das wir vrsach haben von solchen kindern zu reden vnd berichten was wir von denselben halten sollen dieweil diese histori vns in jetzigem vnd dergleichen fällen bericht vnd bestendigen trost gibt,und hab ich nu die uerlesene histori und predigt christi uon den kindern furnemen wollen dieweil uns darin eben ein kind alss unser seeliges herrlin gewesen fur gestellet wird so noch unmundig gewesen und nicht zu seinem uollen uerstand kommen ist auff das wir ursach haben uon solchen kindern zu reden und berichten was wir uon denselben halten sollen dieweil diese histori uns in ietzigem und dergleichen fallen bericht und bestendigen trost gibt
sattler_predigt_1615,body,12,0,False,7,Wir wollen in GOttes namen solche Histori vnd Predigt Christi von den Kindern kürtzlich erkleren / vnd anzeigen / was wir daraus lernen / vnd wie wir vns dieselbige jetziger Zeit sonderlich zu nutz machen sollen.,wir wollen in gottes namen solche histori vnd predigt christi von den kindern kürtzlich erkleren vnd anzeigen was wir daraus lernen vnd wie wir vns dieselbige jetziger zeit sonderlich zu nutz machen sollen,wir wollen in gottes namen solche histori und predigt christi uon den kindern kurtzlich erkleren und anzeigen was wir daraus lernen und wie wir uns dieselbige ietziger zeit sonderlich zu nutz machen sollen
sattler_predigt_1615,body,12,1,True,7,GOtt gebe vns dazu die gnade seines heiligen Geistes Amen.,gott gebe vns dazu die gnade seines heiligen geistes amen,gott gebe uns dazu die gnade seines heiligen geistes amen
sattler_predigt_1615,body,13,0,True,7,Es Predigt Christus in der verlesenen Histori / fürnemlich von den kleinen noch vnmündigen Kindern / vnnd lehret was man davon halten sol.,es predigt christus in der verlesenen histori fürnemlich von den kleinen noch vnmündigen kindern vnnd lehret was man davon halten sol,es predigt christus in der uerlesenen histori furnemlich uon den kleinen noch unmundigen kindern unnd lehret was man dauon halten sol
sattler_predigt_1615,body,14,0,False,7,Vnd hat Christo zu dieser Predigt vrsach gegeben / daß die Apostel / nicht allein ein fürwitzige / sonder auch hoffertige Frag thun / wer doch der grössest vnd fürnembste im Himmelreich sey.,vnd hat christo zu dieser predigt vrsach gegeben daß die apostel nicht allein ein fürwitzige sonder auch hoffertige frag thun wer doch der grössest vnd fürnembste im himmelreich sey,und hat christo zu dieser predigt ursach gegeben dass die apostel nicht allein ein furwitzige sonder auch hoffertige frag thun wer doch der grossest und furnembste im himmelreich sey
sattler_predigt_1615,body,14,1,True,7,Denn weil sie alles verlassen hatten / vnd Christo nach gefolget waren / hoffeten sie / sie wolten die geringsten nicht seyn / etc.,denn weil sie alles verlassen hatten vnd christo nach gefolget waren hoffeten sie sie wolten die geringsten nicht seyn etc,denn weil sie alles uerlassen hatten und christo nach gefolget waren hoffeten sie sie wolten die geringsten nicht seyn etc
sattler_predigt_1615,body,15,0,False,8,Weil nu solche Hoffart ein verdambliche Sünd ist / braucht Christus allen fleiß / daß er sie davon abbringe vnd sie solcher hohen Gedancken sich entschlagen / vnnd das er jhnen dieselbigen beneme / vnnd sein vermanung jhnen desto tieffer einbilde / stellet er ein Kind das er etwa von der Straß zu sich rufft / neben sie / vnd damit sie verstehen / wie es gemeint / sprieht er / Warlich ich sage euch / so jhr nicht vmbkehret / vnnd werdet wie die Kinder so werdet jhr nicht ins Himmelreich kommen / alß wolte er sagen / liebe Jünger / daß wils jhm nicht thun / daß jhr mit solchen hohen Gedancken vmbgehet / wollet jhr seelig werden so müsset jhr davon abstehen / gar andere Leute werden / eben wie die Kinder seyn.,weil nu solche hoffart ein verdambliche sünd ist braucht christus allen fleiß daß er sie davon abbringe vnd sie solcher hohen gedancken sich entschlagen vnnd das er jhnen dieselbigen beneme vnnd sein vermanung jhnen desto tieffer einbilde stellet er ein kind das er etwa von der straß zu sich rufft neben sie vnd damit sie verstehen wie es gemeint sprieht er warlich ich sage euch so jhr nicht vmbkehret vnnd werdet wie die kinder so werdet jhr nicht ins himmelreich kommen alß wolte er sagen liebe jünger daß wils jhm nicht thun daß jhr mit solchen hohen gedancken vmbgehet wollet jhr seelig werden so müsset jhr davon abstehen gar andere leute werden eben wie die kinder seyn,weil nu solche hoffart ein uerdambliche sund ist braucht christus allen fleiss dass er sie dauon abbringe und sie solcher hohen gedancken sich entschlagen unnd das er ihnen dieselbigen beneme unnd sein uermanung ihnen desto tieffer einbilde stellet er ein kind das er etwa uon der strass zu sich rufft neben sie und damit sie uerstehen wie es gemeint sprieht er warlich ich sage euch so ihr nicht umbkehret unnd werdet wie die kinder so werdet ihr nicht ins himmelreich kommen alss wolte er sagen liebe iunger dass wils ihm nicht thun dass ihr mit solchen hohen gedancken umbgehet wollet ihr seelig werden so musset ihr dauon abstehen gar andere leute werden eben wie die kinder seyn
sattler_predigt_1615,body,15,1,False,8,Dieses Kind sol ewer Schulmeister seyn / daß bekümmert sich darumb nicht / vnd dencket nicht darauff / daß es im Himmel hoch sitzen möge / sonder stellet es seinem lieben GOtt heim.,dieses kind sol ewer schulmeister seyn daß bekümmert sich darumb nicht vnd dencket nicht darauff daß es im himmel hoch sitzen möge sonder stellet es seinem lieben gott heim,dieses kind sol ewer schulmeister seyn dass bekummert sich darumb nicht und dencket nicht darauff dass es im himmel hoch sitzen moge sonder stellet es seinem lieben gott heim
sattler_predigt_1615,body,15,2,False,8,Wer sich also demütiget / wie dies Kind / der ist der grössest im Himmelreich / vnd darff sich im geringsten nicht besorgen / daß er durch solche seine Demut etwas verseume.,wer sich also demütiget wie dies kind der ist der grössest im himmelreich vnd darff sich im geringsten nicht besorgen daß er durch solche seine demut etwas verseume,wer sich also demutiget wie dies kind der ist der grossest im himmelreich und darff sich im geringsten nicht besorgen dass er durch solche seine demut etwas uerseume
sattler_predigt_1615,body,15,3,False,8,Vnd das sie ja wissen / daß GOtt viel von den Kindern halte / so zeigt er ferner an / daß wer ein solch Kind auffneme in seinem Namen / vnnd jhm zugefallen / einem solchen Kind liebs vnd guts thue / daß sey so viel alß wenn es jhm selber / oder seinem himlischen Vater geschehe.,vnd das sie ja wissen daß gott viel von den kindern halte so zeigt er ferner an daß wer ein solch kind auffneme in seinem namen vnnd jhm zugefallen einem solchen kind liebs vnd guts thue daß sey so viel alß wenn es jhm selber oder seinem himlischen vater geschehe,und das sie ia wissen dass gott uiel uon den kindern halte so zeigt er ferner an dass wer ein solch kind auffneme in seinem namen unnd ihm zugefallen einem solchen kind liebs und guts thue dass sey so uiel alss wenn es ihm selber oder seinem himlischen uater geschehe
sattler_predigt_1615,body,15,4,False,8,Dagegen wolle GOtt schrecklich vnnd mit dem Verdamnis straffen / wenn sie nicht Buß thun / die etwas reden oder thun / dadurch ein solch Kind geergert vnd verführt werde in Irthumb / oder in ein Gottlos leben.,dagegen wolle gott schrecklich vnnd mit dem verdamnis straffen wenn sie nicht buß thun die etwas reden oder thun dadurch ein solch kind geergert vnd verführt werde in irthumb oder in ein gottlos leben,dagegen wolle gott schrecklich unnd mit dem uerdamnis straffen wenn sie nicht buss thun die etwas reden oder thun dadurch ein solch kind geergert und uerfuhrt werde in irthumb oder in ein gottlos leben
sattler_predigt_1615,body,15,5,False,8,Das meinet er / wenn er sagt / wer aber ergert dieser geringsten einen / die an mich gleuben / dem were besser / daß ein Mülstein an seinen Halß gehenget würde / vnd lege im Meer da es am treffsten ist.,das meinet er wenn er sagt wer aber ergert dieser geringsten einen die an mich gleuben dem were besser daß ein mülstein an seinen halß gehenget würde vnd lege im meer da es am treffsten ist,das meinet er wenn er sagt wer aber ergert dieser geringsten einen die an mich gleuben dem were besser dass ein mulstein an seinen halss gehenget wurde und lege im meer da es am treffsten ist
sattler_predigt_1615,body,15,6,False,8,Zeiget auch zugleich deutlich an / daß auch solche kleine vnmündige Kinder an jhn gleuben.,zeiget auch zugleich deutlich an daß auch solche kleine vnmündige kinder an jhn gleuben,zeiget auch zugleich deutlich an dass auch solche kleine unmundige kinder an ihn gleuben
sattler_predigt_1615,body,15,7,False,8,Vnd weil er weis / daß wir in den Gedancken stehen / es sey nicht viel an den Kindern gelegen / vnnd man vns solchs schwerlich auß reden kan / thut er die Wort hinzu / Ich (der ich nicht liegen kan) sag euch / GOtt helt so viel von jhnen / daß er jhnen seine Engel zugeordnet / daß sie auff sie achtung geben vnnd warten müssen / vnd die stehen allzeit für GOTtes Angesicht / vnnd berichten gleich / wie es jhnen gehe.,vnd weil er weis daß wir in den gedancken stehen es sey nicht viel an den kindern gelegen vnnd man vns solchs schwerlich auß reden kan thut er die wort hinzu ich der ich nicht liegen kan sag euch gott helt so viel von jhnen daß er jhnen seine engel zugeordnet daß sie auff sie achtung geben vnnd warten müssen vnd die stehen allzeit für gottes angesicht vnnd berichten gleich wie es jhnen gehe,und weil er weis dass wir in den gedancken stehen es sey nicht uiel an den kindern gelegen unnd man uns solchs schwerlich auss reden kan thut er die wort hinzu ich der ich nicht liegen kan sag euch gott helt so uiel uon ihnen dass er ihnen seine engel zugeordnet dass sie auff sie achtung geben unnd warten mussen und die stehen allzeit fur gottes angesicht unnd berichten gleich wie es ihnen gehe
sattler_predigt_1615,body,15,8,False,9,Denn (spricht er weiter) wie des Menschen Sohn in die Welt kommen ist / die andern Sünder seelig zu machen: Also ist er auch der Kinder Mitler / daß er sie von Sünden vnd ewigem Todt erlöse.,denn spricht er weiter wie des menschen sohn in die welt kommen ist die andern sünder seelig zu machen also ist er auch der kinder mitler daß er sie von sünden vnd ewigem todt erlöse,denn spricht er weiter wie des menschen sohn in die welt kommen ist die andern sunder seelig zu machen also ist er auch der kinder mitler dass er sie uon sunden und ewigem todt erlose
sattler_predigt_1615,body,15,9,True,9,Wie die Menschen die verloren Schaff sind / da GOtt mehr auff gedenckt / daß sie wieder zu recht kommen / alß auff die Engel im Himmel die nicht gefallen: So gehören die Kinder mit vnter die verlorne Schaffe / die ich alß der rechte Ertzhirt zu recht bringen mus / vnnd wolte GOtt nicht gern / daß ein solch Kind solte verloren vnnd verdampt werden.,wie die menschen die verloren schaff sind da gott mehr auff gedenckt daß sie wieder zu recht kommen alß auff die engel im himmel die nicht gefallen so gehören die kinder mit vnter die verlorne schaffe die ich alß der rechte ertzhirt zu recht bringen mus vnnd wolte gott nicht gern daß ein solch kind solte verloren vnnd verdampt werden,wie die menschen die uerloren schaff sind da gott mehr auff gedenckt dass sie wieder zu recht kommen alss auff die engel im himmel die nicht gefallen so gehoren die kinder mit unter die uerlorne schaffe die ich alss der rechte ertzhirt zu recht bringen mus unnd wolte gott nicht gern dass ein solch kind solte uerloren unnd uerdampt werden
sattler_predigt_1615,body,16,0,True,9,Aus dieser Histori sollen wir lernen / was GOtt von den kleinen vnd noch vnmündigen Kindern halte / nemblich / daß er sie zehle vnter die Mitglieder seiner Kirchen vnnd Gemein / vnd vnter das Volck / deß sich GOtt annemen / vnd das er seelig machen wil.,aus dieser histori sollen wir lernen was gott von den kleinen vnd noch vnmündigen kindern halte nemblich daß er sie zehle vnter die mitglieder seiner kirchen vnnd gemein vnd vnter das volck deß sich gott annemen vnd das er seelig machen wil,aus dieser histori sollen wir lernen was gott uon den kleinen und noch unmundigen kindern halte nemblich dass er sie zehle unter die mitglieder seiner kirchen unnd gemein und unter das uolck dess sich gott annemen und das er seelig machen wil
sattler_predigt_1615,body,17,0,False,9,An dieser Lehr ist hoch gelegen.,an dieser lehr ist hoch gelegen,an dieser lehr ist hoch gelegen
sattler_predigt_1615,body,17,1,False,9,Denn vnter den Menschen sind nicht allein alte Leut / die zu jhren Jahren vnd zu jhrem Verstand kommen sind / sonder deren ist auch ein grosse anzahl / die noch klein vnd Vnmündig sind.,denn vnter den menschen sind nicht allein alte leut die zu jhren jahren vnd zu jhrem verstand kommen sind sonder deren ist auch ein grosse anzahl die noch klein vnd vnmündig sind,denn unter den menschen sind nicht allein alte leut die zu ihren iahren und zu ihrem uerstand kommen sind sonder deren ist auch ein grosse anzahl die noch klein und unmundig sind
sattler_predigt_1615,body,17,2,True,9,Da wolte man nu gern wissen nicht allein im leben / sonder auch im sterben / was doch GOTt von solchen Kindern halte / ob er auch jhrer achte / vnd nach jhnen frage / vnnd in sonderheit / ob sie auch in Himmel kommen / weil sie noch nichts von sich sagen / vnnd jhren Glauben nicht bekennen können.,da wolte man nu gern wissen nicht allein im leben sonder auch im sterben was doch gott von solchen kindern halte ob er auch jhrer achte vnd nach jhnen frage vnnd in sonderheit ob sie auch in himmel kommen weil sie noch nichts von sich sagen vnnd jhren glauben nicht bekennen können,da wolte man nu gern wissen nicht allein im leben sonder auch im sterben was doch gott uon solchen kindern halte ob er auch ihrer achte und nach ihnen frage unnd in sonderheit ob sie auch in himmel kommen weil sie noch nichts uon sich sagen unnd ihren glauben nicht bekennen konnen
sattler_predigt_1615,body,18,0,True,9,Wenn wir nu hievon Menschliche vernunfft fragen / weis sie nicht allein keinen bescheid davon / sonder wie sie in andern geheimnüssen vnd glaubens Artickeln GOttes Wort wiederstrebt / so thut sie auch in diesem Artickel von den Kindern / vnd meinet / wie sie weder zum Regiment / noch Haußhaltung / oder dergleichen sachen dienen / also könne auch GOtt in geistlichen sachen / in der Kindheit / nichts bey jhnen schaffen vñ außrichten / sollen also auch vnter die gleubigen vnnd feligen nicht gezehlet werden.,wenn wir nu hievon menschliche vernunfft fragen weis sie nicht allein keinen bescheid davon sonder wie sie in andern geheimnüssen vnd glaubens artickeln gottes wort wiederstrebt so thut sie auch in diesem artickel von den kindern vnd meinet wie sie weder zum regiment noch haußhaltung oder dergleichen sachen dienen also könne auch gott in geistlichen sachen in der kindheit nichts bey jhnen schaffen vñ außrichten sollen also auch vnter die gleubigen vnnd feligen nicht gezehlet werden,wenn wir nu hieuon menschliche uernunfft fragen weis sie nicht allein keinen bescheid dauon sonder wie sie in andern geheimnussen und glaubens artickeln gottes wort wiederstrebt so thut sie auch in diesem artickel uon den kindern und meinet wie sie weder zum regiment noch hausshaltung oder dergleichen sachen dienen also konne auch gott in geistlichen sachen in der kindheit nichts bey ihnen schaffen und aussrichten sollen also auch unter die gleubigen unnd feligen nicht gezehlet werden
sattler_predigt_1615,body,19,0,True,10,Daher kömpts / daß wie etliche Elter Mar. 10. die Kinder zu Christo bringen / daß er sie anrühre / die Apostel solche Elter zu rück weisen / vnnd sie anfahren / weil sie meineten sie weren noch zu jung vnd nichts nütz bey Christo / darumb sie jhn damit nicht bemühen solten.,daher kömpts daß wie etliche elter mar die kinder zu christo bringen daß er sie anrühre die apostel solche elter zu rück weisen vnnd sie anfahren weil sie meineten sie weren noch zu jung vnd nichts nütz bey christo darumb sie jhn damit nicht bemühen solten,daher kompts dass wie etliche elter mar die kinder zu christo bringen dass er sie anruhre die apostel solche elter zu ruck weisen unnd sie anfahren weil sie meineten sie weren noch zu iung und nichts nutz bey christo darumb sie ihn damit nicht bemuhen solten
sattler_predigt_1615,body,20,0,False,10,Daher kommen andere Irthumb mehr / alß der Wiederteuffer / die eben aus diesem grund den Kindern die Tauff versagen.,daher kommen andere irthumb mehr alß der wiederteuffer die eben aus diesem grund den kindern die tauff versagen,daher kommen andere irthumb mehr alss der wiederteuffer die eben aus diesem grund den kindern die tauff uersagen
sattler_predigt_1615,body,20,1,False,10,Etliche andere geben für / daß die Kinder durch frẽbden Glauben seelig werdẽ.,etliche andere geben für daß die kinder durch frẽbden glauben seelig werdẽ,etliche andere geben fur dass die kinder durch frembden glauben seelig werden
sattler_predigt_1615,body,20,2,False,10,Etliche setzen es stracks auff die blosse Gnadẽwahl Gottes / die ein vnerforschlicher Abgrund ist habe sie da GOtt erwehlet / so werden sie seelig.,etliche setzen es stracks auff die blosse gnadẽwahl gottes die ein vnerforschlicher abgrund ist habe sie da gott erwehlet so werden sie seelig,etliche setzen es stracks auff die blosse gnadenwahl gottes die ein unerforschlicher abgrund ist habe sie da gott erwehlet so werden sie seelig
sattler_predigt_1615,body,20,3,True,10,Wo nicht / so werden sie verdambt.,wo nicht so werden sie verdambt,wo nicht so werden sie uerdambt
sattler_predigt_1615,body,21,0,True,10,Wir aber sollen / wie in andern Artickeln des Glaubens / also in dieser Lehr nicht vnsern eignen gedancken folgen / die eitel sind / sonder alle vernunfft gefangen nemen in den gehorsamb Christi / vnd schlecht GOttes Wort gleuben vnnd folgen.,wir aber sollen wie in andern artickeln des glaubens also in dieser lehr nicht vnsern eignen gedancken folgen die eitel sind sonder alle vernunfft gefangen nemen in den gehorsamb christi vnd schlecht gottes wort gleuben vnnd folgen,wir aber sollen wie in andern artickeln des glaubens also in dieser lehr nicht unsern eignen gedancken folgen die eitel sind sonder alle uernunfft gefangen nemen in den gehorsamb christi und schlecht gottes wort gleuben unnd folgen
sattler_predigt_1615,body,22,0,True,10,Das Wort GOttes aber lehrt / daß GOTT auch die vnmündige Kinder zehle vnd rechne vnter sein Volck / vnnd halte sie für Glieder seiner Kirchen / deren er sich nicht allein in diesem leben / so wol als der Alten anneme / sonder auch auff sonderliche weise in jhnen krefftig sein vnnd sie seelig machen wolle.,das wort gottes aber lehrt daß gott auch die vnmündige kinder zehle vnd rechne vnter sein volck vnnd halte sie für glieder seiner kirchen deren er sich nicht allein in diesem leben so wol als der alten anneme sonder auch auff sonderliche weise in jhnen krefftig sein vnnd sie seelig machen wolle,das wort gottes aber lehrt dass gott auch die unmundige kinder zehle und rechne unter sein uolck unnd halte sie fur glieder seiner kirchen deren er sich nicht allein in diesem leben so wol als der alten anneme sonder auch auff sonderliche weise in ihnen krefftig sein unnd sie seelig machen wolle
sattler_predigt_1615,body,23,0,False,10,Wir reden aber hie eigentlich nicht von den Vnchristen / alß Juden / Türcken vnd dergleichen / die ausser der Christlichen Kirchen sein vnd bleiben / welche wir GOttes Gericht befehlen / sonder von denen / die in der Christlichen Kirchen sind / da man GOttes Wort hat / vnd die heilige Sacramenta: Alß im Alten Testament die Beschneidung / vnnd im Newen Testament die heilige Tauff / dadurch GOtt sein Volck von andern vnterscheidet.,wir reden aber hie eigentlich nicht von den vnchristen alß juden türcken vnd dergleichen die ausser der christlichen kirchen sein vnd bleiben welche wir gottes gericht befehlen sonder von denen die in der christlichen kirchen sind da man gottes wort hat vnd die heilige sacramenta alß im alten testament die beschneidung vnnd im newen testament die heilige tauff dadurch gott sein volck von andern vnterscheidet,wir reden aber hie eigentlich nicht uon den unchristen alss iuden turcken und dergleichen die ausser der christlichen kirchen sein und bleiben welche wir gottes gericht befehlen sonder uon denen die in der christlichen kirchen sind da man gottes wort hat und die heilige sacramenta alss im alten testament die beschneidung unnd im newen testament die heilige tauff dadurch gott sein uolck uon andern unterscheidet
sattler_predigt_1615,body,23,1,True,11,Von denen haben wir Göttliche verheissung / das GOTT sie vnter sein volck zehle / vnnd seelich machen wolle.,von denen haben wir göttliche verheissung das gott sie vnter sein volck zehle vnnd seelich machen wolle,uon denen haben wir gottliche uerheissung das gott sie unter sein uolck zehle unnd seelich machen wolle
sattler_predigt_1615,body,24,0,False,11,Denn von dem Kind / daß vns in der verlesenen Histori für gestellet wird vnd dergleichen / zeuget Christus deutlich / daß wenn die Apostel wollen seelich werden / müssen sie jhnen gleich werden / wer sich demütige wie dieses Kind / der sey der grössest im Himmelreich / vnd GOtt habe sie so lieb / daß wer ein solch Kind auffneme in seinem Namen / der neme jhn selber auff.,denn von dem kind daß vns in der verlesenen histori für gestellet wird vnd dergleichen zeuget christus deutlich daß wenn die apostel wollen seelich werden müssen sie jhnen gleich werden wer sich demütige wie dieses kind der sey der grössest im himmelreich vnd gott habe sie so lieb daß wer ein solch kind auffneme in seinem namen der neme jhn selber auff,denn uon dem kind dass uns in der uerlesenen histori fur gestellet wird und dergleichen zeuget christus deutlich dass wenn die apostel wollen seelich werden mussen sie ihnen gleich werden wer sich demutige wie dieses kind der sey der grossest im himmelreich und gott habe sie so lieb dass wer ein solch kind auffneme in seinem namen der neme ihn selber auff
sattler_predigt_1615,body,24,1,False,11,Wer sie ergere / dem were besser / daß ein Mülstein an seinen Halß gehenget würde vnd lege im Meer / da es am tieffsten ist.,wer sie ergere dem were besser daß ein mülstein an seinen halß gehenget würde vnd lege im meer da es am tieffsten ist,wer sie ergere dem were besser dass ein mulstein an seinen halss gehenget wurde und lege im meer da es am tieffsten ist
sattler_predigt_1615,body,24,2,False,11,Ja er thut auch in dem der Kinder Wort / das er zeuget / daß sie an jhn gleuben.,ja er thut auch in dem der kinder wort das er zeuget daß sie an jhn gleuben,ia er thut auch in dem der kinder wort das er zeuget dass sie an ihn gleuben
sattler_predigt_1615,body,24,3,False,11,Vnd das er ja sein affection vnd zuneigung gegen das Kind vnd dergleichen beweise / nimbt er es auff von der Erden vnd Hertzet es. Es zeigt Christus auch an / daß Gott ein eigene Guardi der Engel auff sie bestellet.,vnd das er ja sein affection vnd zuneigung gegen das kind vnd dergleichen beweise nimbt er es auff von der erden vnd hertzet es es zeigt christus auch an daß gott ein eigene guardi der engel auff sie bestellet,und das er ia sein affection und zuneigung gegen das kind und dergleichen beweise nimbt er es auff uon der erden und hertzet es es zeigt christus auch an dass gott ein eigene guardi der engel auff sie bestellet
sattler_predigt_1615,body,24,4,True,11,Er zehlet die Kinder vnter die verlorne Schaff / vmb derẽ willen er kom̃en sey sie seelig zu machen / vnd zeuget klärlich / daß des Himlischen Vaters wille nicht sey / das jemand von den Kleinen verloren werde.,er zehlet die kinder vnter die verlorne schaff vmb derẽ willen er kom̃en sey sie seelig zu machen vnd zeuget klärlich daß des himlischen vaters wille nicht sey das jemand von den kleinen verloren werde,er zehlet die kinder unter die uerlorne schaff umb deren willen er kommen sey sie seelig zu machen und zeuget klarlich dass des himlischen uaters wille nicht sey das iemand uon den kleinen uerloren werde
sattler_predigt_1615,body,25,0,False,11,Fast ein gleiche Histori haben wir von Kindern / die noch kleiner gewesen / daß man sie tragen müssen / Mar. 10 die bringen die Elter zu Christo / daß er sie anrüre / da nun die Jünger es hindern wollen / spricht Christus / Lasset die Kindlin zu mir kommen / vnd wehret jhnen nicht / denn solcher (nemblich die zu mir kommen) ist das reich GOttes.,fast ein gleiche histori haben wir von kindern die noch kleiner gewesen daß man sie tragen müssen mar die bringen die elter zu christo daß er sie anrüre da nun die jünger es hindern wollen spricht christus lasset die kindlin zu mir kommen vnd wehret jhnen nicht denn solcher nemblich die zu mir kommen ist das reich gottes,fast ein gleiche histori haben wir uon kindern die noch kleiner gewesen dass man sie tragen mussen mar die bringen die elter zu christo dass er sie anrure da nun die iunger es hindern wollen spricht christus lasset die kindlin zu mir kommen und wehret ihnen nicht denn solcher nemblich die zu mir kommen ist das reich gottes
sattler_predigt_1615,body,25,1,True,11,Warlich ich sag euch / wer das reich GOttes nicht empfähet / alß ein Kindlin / der wird nicht hinein kommen / vnd das er auch mit eusserlichen Geberden vnnd der That beweise / wie hertzlich lieb er die Kinder habe / Hertzet er sie / leget die Händ auff sie / vnnd segenet sie.,warlich ich sag euch wer das reich gottes nicht empfähet alß ein kindlin der wird nicht hinein kommen vnd das er auch mit eusserlichen geberden vnnd der that beweise wie hertzlich lieb er die kinder habe hertzet er sie leget die händ auff sie vnnd segenet sie,warlich ich sag euch wer das reich gottes nicht empfahet alss ein kindlin der wird nicht hinein kommen und das er auch mit eusserlichen geberden unnd der that beweise wie hertzlich lieb er die kinder habe hertzet er sie leget die hand auff sie unnd segenet sie
sattler_predigt_1615,body,26,0,True,12,Des haben wir auch schöne zeugnis im Alten Testament / da GOTT eben so wol / alß im Newen Testament / die Kinder mit vnter sein Volck gerechnet / vnd sie seelig gemacht hat.,des haben wir auch schöne zeugnis im alten testament da gott eben so wol alß im newen testament die kinder mit vnter sein volck gerechnet vnd sie seelig gemacht hat,des haben wir auch schone zeugnis im alten testament da gott eben so wol alss im newen testament die kinder mit unter sein uolck gerechnet und sie seelig gemacht hat
sattler_predigt_1615,body,27,0,False,12,Denn wie GOtt Gen. 17. mit Abraham einen Bund auffgerichtet / spricht er zu Abraham / ich wil auffrichten meinen Bund zwischen mir vnd dir / vnd deinem Samen nach dir / bey jhren Nachkommen / daß es ein ewiger Bund sey / also das ich dein GOtt sey vnd demes Samens nach dir.,denn wie gott gen mit abraham einen bund auffgerichtet spricht er zu abraham ich wil auffrichten meinen bund zwischen mir vnd dir vnd deinem samen nach dir bey jhren nachkommen daß es ein ewiger bund sey also das ich dein gott sey vnd demes samens nach dir,denn wie gott gen mit abraham einen bund auffgerichtet spricht er zu abraham ich wil auffrichten meinen bund zwischen mir und dir und deinem samen nach dir bey ihren nachkommen dass es ein ewiger bund sey also das ich dein gott sey und demes samens nach dir
sattler_predigt_1615,body,27,1,True,12,Vnd das sie wissen / daß auch die Kinder in solchem Bund begriffen seyn / so sagt er / ein jeglich Knäblin / wenn es acht Tag alt ist / solt jhr Beschneiden / bey ewern Nachkommen.,vnd das sie wissen daß auch die kinder in solchem bund begriffen seyn so sagt er ein jeglich knäblin wenn es acht tag alt ist solt jhr beschneiden bey ewern nachkommen,und das sie wissen dass auch die kinder in solchem bund begriffen seyn so sagt er ein ieglich knablin wenn es acht tag alt ist solt ihr beschneiden bey ewern nachkommen
sattler_predigt_1615,body,28,0,False,12,So zeucht Christus selber auff die Kinder / die in seinem einzug zu Jerusalem Hosianna ruffen / die Wort des achten Psal.,so zeucht christus selber auff die kinder die in seinem einzug zu jerusalem hosianna ruffen die wort des achten psal,so zeucht christus selber auff die kinder die in seinem einzug zu ierusalem hosianna ruffen die wort des achten psal
sattler_predigt_1615,body,28,1,True,12,Aus dem Mund der jungen Kinder vnd Seuglingen hastu ein Lob zugerichtet Matth. 21.,aus dem mund der jungen kinder vnd seuglingen hastu ein lob zugerichtet matth,aus dem mund der iungen kinder und seuglingen hastu ein lob zugerichtet matth
sattler_predigt_1615,body,29,0,True,12,Deßgleichen weissagt Jesaja 49. vom Beruff der Heyden also: So spricht der HErr HErr / ich wil mein Hand zu den Heyden auffheben / vnd zu den Völckern mein Panir auffwerffen: So werden sie deine Söhne in den Armẽ her zu bringen / vnd deine Töchter auff den Achseln hertragen.,deßgleichen weissagt jesaja vom beruff der heyden also so spricht der herr herr ich wil mein hand zu den heyden auffheben vnd zu den völckern mein panir auffwerffen so werden sie deine söhne in den armẽ her zu bringen vnd deine töchter auff den achseln hertragen,dessgleichen weissagt iesaia uom beruff der heyden also so spricht der herr herr ich wil mein hand zu den heyden auffheben und zu den uolckern mein panir auffwerffen so werden sie deine sohne in den armen her zu bringen und deine tochter auff den achseln hertragen
sattler_predigt_1615,body,30,0,False,12,Jöelis 2. spricht GOtt: Ich wil meinen Geist außgiessen vber alles Fleisch.,jöelis spricht gott ich wil meinen geist außgiessen vber alles fleisch,ioelis spricht gott ich wil meinen geist aussgiessen uber alles fleisch
sattler_predigt_1615,body,30,1,True,12,Das erkleret Petrus Act: 2. Ewer vnnd ewer Kinder ist diese verheissung.,das erkleret petrus act ewer vnnd ewer kinder ist diese verheissung,das erkleret petrus act ewer unnd ewer kinder ist diese uerheissung
sattler_predigt_1615,body,31,0,False,12,Darumb wie Christus seinen Aposteln befohlen alle Heyden zu Teuffen / Matth. 28. Also haben die Apostel gantze Häuser / vnnd also auch die Kinder getaufft.,darumb wie christus seinen aposteln befohlen alle heyden zu teuffen matth also haben die apostel gantze häuser vnnd also auch die kinder getaufft,darumb wie christus seinen aposteln befohlen alle heyden zu teuffen matth also haben die apostel gantze hauser unnd also auch die kinder getaufft
sattler_predigt_1615,body,31,1,False,12,Wie denn / alß Paulus Col: 2. zeuget / die Tauff an der Beschneidung stätt kommen ist.,wie denn alß paulus col zeuget die tauff an der beschneidung stätt kommen ist,wie denn alss paulus col zeuget die tauff an der beschneidung statt kommen ist
sattler_predigt_1615,body,31,2,False,12,Also lest sich Act: 16. der Kerckermeister Täuffen mit seinem gantzen Hause.,also lest sich act der kerckermeister täuffen mit seinem gantzen hause,also lest sich act der kerckermeister tauffen mit seinem gantzen hause
sattler_predigt_1615,body,31,3,True,12,Vnd Paulus 1. Cor. 1. schreibt / daß er Stephanae Haus getaufft.,vnd paulus cor schreibt daß er stephanae haus getaufft,und paulus cor schreibt dass er stephanae haus getaufft
sattler_predigt_1615,body,32,0,True,13,Solche seine zuneigung gegen den kleinen Kindern hat GOtt / wie GOttes Wort zeuget / an vielen kleinen Kindern mit der that bewiesen vnd sehen lassen.,solche seine zuneigung gegen den kleinen kindern hat gott wie gottes wort zeuget an vielen kleinen kindern mit der that bewiesen vnd sehen lassen,solche seine zuneigung gegen den kleinen kindern hat gott wie gottes wort zeuget an uielen kleinen kindern mit der that bewiesen und sehen lassen
sattler_predigt_1615,body,33,0,True,13,Alß Gen. 21. da Ismael durst leidet vnd zu GOtt rufft erhöret GOtt die stim̃ des Knabens / vnd zeigt der Mutter einen Brunnen.,alß gen da ismael durst leidet vnd zu gott rufft erhöret gott die stim̃ des knabens vnd zeigt der mutter einen brunnen,alss gen da ismael durst leidet und zu gott rufft erhoret gott die stimm des knabens und zeigt der mutter einen brunnen
sattler_predigt_1615,body,34,0,True,13,Wie wunderlich erhelt GOtt das kleine Kind Mosen / daß auch sein Feind Pharao jhn mus aufferziehen lassen Exod. 2. Von Johanne dem Teuffer haben wir noch newlich gehört / daß er in Mutter Leib Christum erkand / sich seiner gegenwart gefrewet / vnd für frewden auffgehüpffet sey.,wie wunderlich erhelt gott das kleine kind mosen daß auch sein feind pharao jhn mus aufferziehen lassen exod von johanne dem teuffer haben wir noch newlich gehört daß er in mutter leib christum erkand sich seiner gegenwart gefrewet vnd für frewden auffgehüpffet sey,wie wunderlich erhelt gott das kleine kind mosen dass auch sein feind pharao ihn mus aufferziehen lassen exod uon iohanne dem teuffer haben wir noch newlich gehort dass er in mutter leib christum erkand sich seiner gegenwart gefrewet und fur frewden auffgehupffet sey
sattler_predigt_1615,body,35,0,True,13,Von den Kindern / die bey Christi einzug Hosianna geruffen / haben wir albereit gehört / daß die auß eingeben des heiligen Geistes Christum für den Heyland der Welt außgeruffen haben.,von den kindern die bey christi einzug hosianna geruffen haben wir albereit gehört daß die auß eingeben des heiligen geistes christum für den heyland der welt außgeruffen haben,uon den kindern die bey christi einzug hosianna geruffen haben wir albereit gehort dass die auss eingeben des heiligen geistes christum fur den heyland der welt aussgeruffen haben
sattler_predigt_1615,body,36,0,True,13,Aus diesen Historien erscheinet augenscheinlich / was GOtt von vnsern vnmündigen Kindern halte / daß er sie halte für Mitglieder der Kirchen / daß sie an jhn gleuben / jhn loben vnd preisen / daß er sie durch seine Engel behüte vnnd endlich ewig seelig machen wolle.,aus diesen historien erscheinet augenscheinlich was gott von vnsern vnmündigen kindern halte daß er sie halte für mitglieder der kirchen daß sie an jhn gleuben jhn loben vnd preisen daß er sie durch seine engel behüte vnnd endlich ewig seelig machen wolle,aus diesen historien erscheinet augenscheinlich was gott uon unsern unmundigen kindern halte dass er sie halte fur mitglieder der kirchen dass sie an ihn gleuben ihn loben und preisen dass er sie durch seine engel behute unnd endlich ewig seelig machen wolle
sattler_predigt_1615,body,37,0,True,13,Hie fraget es sich aber weiter / wenn denn GOTT die Kinder so lieb hat / wie er dazu komme / daß er sie wol vnd zwar jung lest hin sterben / vnnd sie bißweilen auch eben hart / ehe sie jhr leben enden / von GOtt mit genommen werden.,hie fraget es sich aber weiter wenn denn gott die kinder so lieb hat wie er dazu komme daß er sie wol vnd zwar jung lest hin sterben vnnd sie bißweilen auch eben hart ehe sie jhr leben enden von gott mit genommen werden,hie fraget es sich aber weiter wenn denn gott die kinder so lieb hat wie er dazu komme dass er sie wol und zwar iung lest hin sterben unnd sie bissweilen auch eben hart ehe sie ihr leben enden uon gott mit genommen werden
sattler_predigt_1615,body,38,0,False,13,Antwort: Des hat GOtt viel vrsachen.,antwort des hat gott viel vrsachen,antwort des hat gott uiel ursachen
sattler_predigt_1615,body,38,1,True,13,Weil aber in der nechsten Predigt davon außfürlich gehandelt / wollen wir es nur kurtzlich berühren.,weil aber in der nechsten predigt davon außfürlich gehandelt wollen wir es nur kurtzlich berühren,weil aber in der nechsten predigt dauon aussfurlich gehandelt wollen wir es nur kurtzlich beruhren
sattler_predigt_1615,body,39,0,False,13,Alß erstlich Predigt vns GOtt durch den Todt der kleinen Kinder / daß sie / ob wir es schon an jhnen nicht recht mercken können / eben so wol / als die alten / Sünder seyn / vnnd das die Sünd sie nicht erst ankomme / wenn sie zu jhren Jahren kommen / sonder sie / wie David im 51. Psalmen zeuget / in Sünden empfangen vnd geboren werden / vnd also die Sünd jhnen vom Vater vnd Mutter angeerbet werde / darumb sie auch die Erbsünd genand wird.,alß erstlich predigt vns gott durch den todt der kleinen kinder daß sie ob wir es schon an jhnen nicht recht mercken können eben so wol als die alten sünder seyn vnnd das die sünd sie nicht erst ankomme wenn sie zu jhren jahren kommen sonder sie wie david im psalmen zeuget in sünden empfangen vnd geboren werden vnd also die sünd jhnen vom vater vnd mutter angeerbet werde darumb sie auch die erbsünd genand wird,alss erstlich predigt uns gott durch den todt der kleinen kinder dass sie ob wir es schon an ihnen nicht recht mercken konnen eben so wol als die alten sunder seyn unnd das die sund sie nicht erst ankomme wenn sie zu ihren iahren kommen sonder sie wie dauid im psalmen zeuget in sunden empfangen und geboren werden und also die sund ihnen uom uater und mutter angeerbet werde darumb sie auch die erbsund genand wird
sattler_predigt_1615,body,39,1,False,14,Darumb geht auch vber sie / das GOtt Gen. 3. zu den ersten Eltern nach dem Fall sagt / du bist Erden vnd solt zur Erden werden.,darumb geht auch vber sie das gott gen zu den ersten eltern nach dem fall sagt du bist erden vnd solt zur erden werden,darumb geht auch uber sie das gott gen zu den ersten eltern nach dem fall sagt du bist erden und solt zur erden werden
sattler_predigt_1615,body,39,2,False,14,Denn wie Paulus 1. Cor. 15. lehret / köñen Fleisch vnd Blut / daß ist / die Menschen / wie sie jetzt nach dem Fall / durch die Sünd vervnreiniget sind / das Reich GOttes nicht erben / vnd kan dis Verweßliche nicht anziehen das vnverweßliche / sonder sie müssen verwesen vnd gleich vmbgeschmoltzen werden durch den Todt: Wie denn auch / die der jüngste Tag ergreifft / Kinder vnnd Alte müssen verwandelt werden.,denn wie paulus cor lehret köñen fleisch vnd blut daß ist die menschen wie sie jetzt nach dem fall durch die sünd vervnreiniget sind das reich gottes nicht erben vnd kan dis verweßliche nicht anziehen das vnverweßliche sonder sie müssen verwesen vnd gleich vmbgeschmoltzen werden durch den todt wie denn auch die der jüngste tag ergreifft kinder vnnd alte müssen verwandelt werden,denn wie paulus cor lehret konnen fleisch und blut dass ist die menschen wie sie ietzt nach dem fall durch die sund uerunreiniget sind das reich gottes nicht erben und kan dis uerwessliche nicht anziehen das unuerwessliche sonder sie mussen uerwesen und gleich umbgeschmoltzen werden durch den todt wie denn auch die der iungste tag ergreifft kinder unnd alte mussen uerwandelt werden
sattler_predigt_1615,body,39,3,False,14,Diesen schaden haben die Kinder eben so wol an jhnen / alß die Alten.,diesen schaden haben die kinder eben so wol an jhnen alß die alten,diesen schaden haben die kinder eben so wol an ihnen alss die alten
sattler_predigt_1615,body,39,4,True,14,Das erinnert GOtt dadurch / daß er auch die Kinder sterben lest.,das erinnert gott dadurch daß er auch die kinder sterben lest,das erinnert gott dadurch dass er auch die kinder sterben lest
sattler_predigt_1615,body,40,0,False,14,Zum Andern / Predigt vns der frommen vnd gerechten / vnd also auch der Kider Todt / von GOttes Zorn wieder die Sünd / daß vnangesehen GOtt jhnen die Sünd vergibt / sie gleichwol sterben müssen / ja auch offtmahls grosse Qual leiden / daß es / wie man pflegt zu sagen / einem Stein erbarmen möchte.,zum andern predigt vns der frommen vnd gerechten vnd also auch der kider todt von gottes zorn wieder die sünd daß vnangesehen gott jhnen die sünd vergibt sie gleichwol sterben müssen ja auch offtmahls grosse qual leiden daß es wie man pflegt zu sagen einem stein erbarmen möchte,zum andern predigt uns der frommen und gerechten und also auch der kider todt uon gottes zorn wieder die sund dass unangesehen gott ihnen die sund uergibt sie gleichwol sterben mussen ia auch offtmahls grosse qual leiden dass es wie man pflegt zu sagen einem stein erbarmen mochte
sattler_predigt_1615,body,40,1,False,14,Da sollen wir nun bedencken / das Salomo Prov: 11. sagt: So der gerechte auff Erden leiden mus / wie viel mehr der Gottlos vnd Sünder?,da sollen wir nun bedencken das salomo prov sagt so der gerechte auff erden leiden mus wie viel mehr der gottlos vnd sünder,da sollen wir nun bedencken das salomo prou sagt so der gerechte auff erden leiden mus wie uiel mehr der gottlos und sunder
sattler_predigt_1615,body,40,2,False,14,Vnd das Petrus 1. Cap. 4. schreibt: Es ist zeit / daß das Gericht anfange vom Haus GOttes.,vnd das petrus cap schreibt es ist zeit daß das gericht anfange vom haus gottes,und das petrus cap schreibt es ist zeit dass das gericht anfange uom haus gottes
sattler_predigt_1615,body,40,3,False,14,So aber zu erst an vns / was wil es für ein ende nemen mit denen / die dem Evangelio nicht gleuben.,so aber zu erst an vns was wil es für ein ende nemen mit denen die dem evangelio nicht gleuben,so aber zu erst an uns was wil es fur ein ende nemen mit denen die dem euangelio nicht gleuben
sattler_predigt_1615,body,40,4,False,14,Vnnd so der Gerecht kaum erhalten wird / wo wil der GOttloß vnd Sünder erscheinen?,vnnd so der gerecht kaum erhalten wird wo wil der gottloß vnd sünder erscheinen,unnd so der gerecht kaum erhalten wird wo wil der gottloss und sunder erscheinen
sattler_predigt_1615,body,40,5,False,14,Vnd steht GOtt hierin nicht zuverdencken.,vnd steht gott hierin nicht zuverdencken,und steht gott hierin nicht zuuerdencken
sattler_predigt_1615,body,40,6,False,14,Denn man singt vnd sagt vns sonst vom Zorn GOttes / was man wolle / so kan man vns das nicht bereden / daß GOtt so hefftig vber die Sünd zürne.,denn man singt vnd sagt vns sonst vom zorn gottes was man wolle so kan man vns das nicht bereden daß gott so hefftig vber die sünd zürne,denn man singt und sagt uns sonst uom zorn gottes was man wolle so kan man uns das nicht bereden dass gott so hefftig uber die sund zurne
sattler_predigt_1615,body,40,7,False,14,Psal. 90. Wer gleubt / das du so sehr zürnest / vnnd wer fürchtet sich für solchem deinem Grim?,psal wer gleubt das du so sehr zürnest vnnd wer fürchtet sich für solchem deinem grim,psal wer gleubt das du so sehr zurnest unnd wer furchtet sich fur solchem deinem grim
sattler_predigt_1615,body,40,8,True,14,Darumb gibt vns GOtt gleich den glauben in die Hand / in dem er auch die kleine Kinder sterben lest / vnd sie so hart mit nimbt / die doch von den eusserlichen groben Sünden noch kein not haben / daß es den Gottlosen ein nachdencken mache / wie es jhnen endlich ergehen werde / wo sie nicht Buß thun.,darumb gibt vns gott gleich den glauben in die hand in dem er auch die kleine kinder sterben lest vnd sie so hart mit nimbt die doch von den eusserlichen groben sünden noch kein not haben daß es den gottlosen ein nachdencken mache wie es jhnen endlich ergehen werde wo sie nicht buß thun,darumb gibt uns gott gleich den glauben in die hand in dem er auch die kleine kinder sterben lest und sie so hart mit nimbt die doch uon den eusserlichen groben sunden noch kein not haben dass es den gottlosen ein nachdencken mache wie es ihnen endlich ergehen werde wo sie nicht buss thun
sattler_predigt_1615,body,41,0,False,15,Zum Dritten / geschicht es den Kindern selber mit zu gut / daß sie GOtt aus diesem ellenden leben hinweg nimbt / derowegen es dieser Predigt Christi nicht zu wieder ist.,zum dritten geschicht es den kindern selber mit zu gut daß sie gott aus diesem ellenden leben hinweg nimbt derowegen es dieser predigt christi nicht zu wieder ist,zum dritten geschicht es den kindern selber mit zu gut dass sie gott aus diesem ellenden leben hinweg nimbt derowegen es dieser predigt christi nicht zu wieder ist
sattler_predigt_1615,body,41,1,False,15,Denn ob wir wol viel von diesem leben halten / vnd sagen / ists schon sürlich / so ist es dennoch natürlich: So ist doch / wenn wir die sach recht bedencken / nichts daran zu thun.,denn ob wir wol viel von diesem leben halten vnd sagen ists schon sürlich so ist es dennoch natürlich so ist doch wenn wir die sach recht bedencken nichts daran zu thun,denn ob wir wol uiel uon diesem leben halten und sagen ists schon surlich so ist es dennoch naturlich so ist doch wenn wir die sach recht bedencken nichts daran zu thun
sattler_predigt_1615,body,41,2,False,15,Denn es geht ja vber alle Menschen / daß GOTT zu Adam sagt / der Acker wird dir Dorn vnd Distel tragen / sie müssen viel sorgen / mühe vnnd schmertzen haben.,denn es geht ja vber alle menschen daß gott zu adam sagt der acker wird dir dorn vnd distel tragen sie müssen viel sorgen mühe vnnd schmertzen haben,denn es geht ia uber alle menschen dass gott zu adam sagt der acker wird dir dorn und distel tragen sie mussen uiel sorgen muhe unnd schmertzen haben
sattler_predigt_1615,body,41,3,False,15,Hiob 7. Muß nicht der Mensch im streit sein auff Erden / vnd seine Jahr wie eines Taglöhners?,hiob muß nicht der mensch im streit sein auff erden vnd seine jahr wie eines taglöhners,hiob muss nicht der mensch im streit sein auff erden und seine iahr wie eines taglohners
sattler_predigt_1615,body,41,4,False,15,Vnnd 14. der Mensch vom Weib geboren lebt kurtze zeit / vnnd ist voller vnruge.,vnnd der mensch vom weib geboren lebt kurtze zeit vnnd ist voller vnruge,unnd der mensch uom weib geboren lebt kurtze zeit unnd ist uoller unruge
sattler_predigt_1615,body,41,5,False,15,Jacob sagt Gen. 47. wenig vnd böß ist die zeit meiner Walfart.,jacob sagt gen wenig vnd böß ist die zeit meiner walfart,iacob sagt gen wenig und boss ist die zeit meiner walfart
sattler_predigt_1615,body,41,6,False,15,Syrach 40. schreibt / es ist ein elend jämmerlich ding vmb aller Menschen leben.,syrach schreibt es ist ein elend jämmerlich ding vmb aller menschen leben,syrach schreibt es ist ein elend iammerlich ding umb aller menschen leben
sattler_predigt_1615,body,41,7,False,15,Lebt man lang / so mus man sich lang plagen vnd quelen in der Welt / die im argen liegt / vnnd in sonderheit haben hohe Personen / vnnd die im Regiment sitzen / viel mehr mühe vnd sorgen / denn andere Leut.,lebt man lang so mus man sich lang plagen vnd quelen in der welt die im argen liegt vnnd in sonderheit haben hohe personen vnnd die im regiment sitzen viel mehr mühe vnd sorgen denn andere leut,lebt man lang so mus man sich lang plagen und quelen in der welt die im argen liegt unnd in sonderheit haben hohe personen unnd die im regiment sitzen uiel mehr muhe und sorgen denn andere leut
sattler_predigt_1615,body,41,8,False,15,Damit werden die Kinder verschonet / wenn sie GOtt in der Jugend hinweg nimbt.,damit werden die kinder verschonet wenn sie gott in der jugend hinweg nimbt,damit werden die kinder uerschonet wenn sie gott in der iugend hinweg nimbt
sattler_predigt_1615,body,41,9,True,15,Wie E.L. aus dem Buch der Weißheit in der nähern Predigt gehört / Sein Seel gefelt GOtt wol / spricht der weise Mann / darumb eilet er mit jhm aus diesem bösen Leben.,wie e l aus dem buch der weißheit in der nähern predigt gehört sein seel gefelt gott wol spricht der weise mann darumb eilet er mit jhm aus diesem bösen leben,wie e l aus dem buch der weissheit in der nahern predigt gehort sein seel gefelt gott wol spricht der weise mann darumb eilet er mit ihm aus diesem bosen leben
sattler_predigt_1615,body,42,0,False,15,Zum Vierden / thut es GOtt auch / das er die Kinder aus dieser Welt abfordert / daß sie dem grossen Vnglück entfliehen / so etwa der Welt vbergehen sol.,zum vierden thut es gott auch das er die kinder aus dieser welt abfordert daß sie dem grossen vnglück entfliehen so etwa der welt vbergehen sol,zum uierden thut es gott auch das er die kinder aus dieser welt abfordert dass sie dem grossen ungluck entfliehen so etwa der welt ubergehen sol
sattler_predigt_1615,body,42,1,False,15,Wie denn offtmahls / wenn ein gemeine Landstraff verhanden / die Kinder vnd andere fromme Leut vorhin sterben.,wie denn offtmahls wenn ein gemeine landstraff verhanden die kinder vnd andere fromme leut vorhin sterben,wie denn offtmahls wenn ein gemeine landstraff uerhanden die kinder und andere fromme leut uorhin sterben
sattler_predigt_1615,body,42,2,False,15,Vnnd thut GOtt eben / wie die liebe Eltern / wenn ein groß Vngewitter vnd Regen verhanden / oder wenn sich sonst ein Lermen erhebt / so bringen sie die Kinder vber die seiten / daß sie nicht auch schaden davon nemen.,vnnd thut gott eben wie die liebe eltern wenn ein groß vngewitter vnd regen verhanden oder wenn sich sonst ein lermen erhebt so bringen sie die kinder vber die seiten daß sie nicht auch schaden davon nemen,unnd thut gott eben wie die liebe eltern wenn ein gross ungewitter und regen uerhanden oder wenn sich sonst ein lermen erhebt so bringen sie die kinder uber die seiten dass sie nicht auch schaden dauon nemen
sattler_predigt_1615,body,42,3,False,16,Also wenn der Welt gros Vnglück vnd Straff vbergehen sol / bringt GOtt zuvor die seinen vber die seiten / daß sie nicht solch gros Vnglück ansehen vnd außstehen müssen.,also wenn der welt gros vnglück vnd straff vbergehen sol bringt gott zuvor die seinen vber die seiten daß sie nicht solch gros vnglück ansehen vnd außstehen müssen,also wenn der welt gros ungluck und straff ubergehen sol bringt gott zuuor die seinen uber die seiten dass sie nicht solch gros ungluck ansehen und aussstehen mussen
sattler_predigt_1615,body,42,4,False,16,Jes: 26. Gehe hin mein Volck in ein Kammer / vnd schleus die Thür hinder dir zu / verbirg dich einen kleinen Augenblick / biß der Zorn fürvber gehe.,jes gehe hin mein volck in ein kammer vnd schleus die thür hinder dir zu verbirg dich einen kleinen augenblick biß der zorn fürvber gehe,ies gehe hin mein uolck in ein kammer und schleus die thur hinder dir zu uerbirg dich einen kleinen augenblick biss der zorn furuber gehe
sattler_predigt_1615,body,42,5,False,16,Vnd Jes 56. die Gerechten werden weggerafft für dem Vnglück.,vnd jes die gerechten werden weggerafft für dem vnglück,und ies die gerechten werden weggerafft fur dem ungluck
sattler_predigt_1615,body,42,6,False,16,So führt er Loth aus Sodoma / daß jhn nicht auch das Fewr vom Himmel verzehre.,so führt er loth aus sodoma daß jhn nicht auch das fewr vom himmel verzehre,so fuhrt er loth aus sodoma dass ihn nicht auch das fewr uom himmel uerzehre
sattler_predigt_1615,body,42,7,False,16,So lest Gott Jerobeams Sohn 1. Reg. 14. in seiner Kindheit sterben / daß er nicht sehe das grosse Vnglück / daß seinem gantzen Hause vnd Geschlecht vbergehn sol.,so lest gott jerobeams sohn reg in seiner kindheit sterben daß er nicht sehe das grosse vnglück daß seinem gantzen hause vnd geschlecht vbergehn sol,so lest gott ierobeams sohn reg in seiner kindheit sterben dass er nicht sehe das grosse ungluck dass seinem gantzen hause und geschlecht ubergehn sol
sattler_predigt_1615,body,42,8,False,16,Augustinus stirbet kurtz zuvor / ehe die Gotten die Stadt Hippona einnemen.,augustinus stirbet kurtz zuvor ehe die gotten die stadt hippona einnemen,augustinus stirbet kurtz zuuor ehe die gotten die stadt hippona einnemen
sattler_predigt_1615,body,42,9,True,16,Das denn vns nicht allein einen Trost giebt / sonder auch eine vermanung zur Buß / wenn GOtt also die seinen aus diesem leben abfordert / vnd vber die seiten bringet.,das denn vns nicht allein einen trost giebt sonder auch eine vermanung zur buß wenn gott also die seinen aus diesem leben abfordert vnd vber die seiten bringet,das denn uns nicht allein einen trost giebt sonder auch eine uermanung zur buss wenn gott also die seinen aus diesem leben abfordert und uber die seiten bringet
sattler_predigt_1615,body,43,0,False,16,Zum Fünfften / ist es GOTt darumb zu thun / daß sie nicht durch falsche Lehr vnd böse Exempel verführet werden / wie denn es jetzt die bösen Zeiten sind / da falsche Lehr vnd allerley ergernis heufftig vber hand nemen / wie Christus geweissagt Matth: 24. die Vngerechtigkeit werde vberhand nemen / es werden viel falsche Propheten vnd falsche Christi auffstehen / vnd viel verführen.,zum fünfften ist es gott darumb zu thun daß sie nicht durch falsche lehr vnd böse exempel verführet werden wie denn es jetzt die bösen zeiten sind da falsche lehr vnd allerley ergernis heufftig vber hand nemen wie christus geweissagt matth die vngerechtigkeit werde vberhand nemen es werden viel falsche propheten vnd falsche christi auffstehen vnd viel verführen,zum funfften ist es gott darumb zu thun dass sie nicht durch falsche lehr und bose exempel uerfuhret werden wie denn es ietzt die bosen zeiten sind da falsche lehr und allerley ergernis heufftig uber hand nemen wie christus geweissagt matth die ungerechtigkeit werde uberhand nemen es werden uiel falsche propheten und falsche christi auffstehen und uiel uerfuhren
sattler_predigt_1615,body,43,1,False,16,Vnd Luc 18. wenn des Menschen Sohn kommen wird / spricht Christus / meinstu er werd auch glauben finden auff Erden.,vnd luc wenn des menschen sohn kommen wird spricht christus meinstu er werd auch glauben finden auff erden,und luc wenn des menschen sohn kommen wird spricht christus meinstu er werd auch glauben finden auff erden
sattler_predigt_1615,body,43,2,True,16,Darumb geschicht denen wol / die also in der Jugendt abgefordert werden / ehe denn solche falsche Lehr vnd Ergernis an jhnen hafften kan.,darumb geschicht denen wol die also in der jugendt abgefordert werden ehe denn solche falsche lehr vnd ergernis an jhnen hafften kan,darumb geschicht denen wol die also in der iugendt abgefordert werden ehe denn solche falsche lehr und ergernis an ihnen hafften kan
sattler_predigt_1615,body,44,0,True,16,Also ist nun der vnzeitige Todt der Kinder dieser Lehr nicht zu wieder / da wir gehöret haben / daß GOTT viel von jhnen halte / vnnd sie liebe / sonder bestetigt vielmehr dieselbige.,also ist nun der vnzeitige todt der kinder dieser lehr nicht zu wieder da wir gehöret haben daß gott viel von jhnen halte vnnd sie liebe sonder bestetigt vielmehr dieselbige,also ist nun der unzeitige todt der kinder dieser lehr nicht zu wieder da wir gehoret haben dass gott uiel uon ihnen halte unnd sie liebe sonder bestetigt uielmehr dieselbige
sattler_predigt_1615,body,45,0,True,17,Wir müssen aber hie auch bedencken / wo doch den Kindern das herkomme / daß GOtt sie so lieb hat / daß er sie zeitlich versorgen / vnd ewig seelig machen wil.,wir müssen aber hie auch bedencken wo doch den kindern das herkomme daß gott sie so lieb hat daß er sie zeitlich versorgen vnd ewig seelig machen wil,wir mussen aber hie auch bedencken wo doch den kindern das herkomme dass gott sie so lieb hat dass er sie zeitlich uersorgen und ewig seelig machen wil
sattler_predigt_1615,body,46,0,False,17,Da solte nu wol ein einfältiger meinen / es keme daher / daß sie vnschüldig weren vnd keine Sünd hetten.,da solte nu wol ein einfältiger meinen es keme daher daß sie vnschüldig weren vnd keine sünd hetten,da solte nu wol ein einfaltiger meinen es keme daher dass sie unschuldig weren und keine sund hetten
sattler_predigt_1615,body,46,1,False,17,Aber solche meinung ist falsch vnd vnrecht.,aber solche meinung ist falsch vnd vnrecht,aber solche meinung ist falsch und unrecht
sattler_predigt_1615,body,46,2,False,17,Denn ob sie wol noch mit eusserlichen groben Sünden / Schand vnd Lastern sich nicht beflecken / daher man sie vnschüldige Kinder heist / weil sie für der Welt vnschüldig seyn / so siehet doch GOtt viel weiter vnd tieffer / vnd ist für GOtt wie Exod: 34. steht / auch der vnschüldige nicht vnschüldig.,denn ob sie wol noch mit eusserlichen groben sünden schand vnd lastern sich nicht beflecken daher man sie vnschüldige kinder heist weil sie für der welt vnschüldig seyn so siehet doch gott viel weiter vnd tieffer vnd ist für gott wie exod steht auch der vnschüldige nicht vnschüldig,denn ob sie wol noch mit eusserlichen groben sunden schand und lastern sich nicht beflecken daher man sie unschuldige kinder heist weil sie fur der welt unschuldig seyn so siehet doch gott uiel weiter und tieffer und ist fur gott wie exod steht auch der unschuldige nicht unschuldig
sattler_predigt_1615,body,46,3,True,17,Sonder es sind die Kinder für GOttes Augen eben so wol Sünder / alß die Alten / vnd wird jhnen wie gehöret / die Sünd angeerbet vnd angeboren.,sonder es sind die kinder für gottes augen eben so wol sünder alß die alten vnd wird jhnen wie gehöret die sünd angeerbet vnd angeboren,sonder es sind die kinder fur gottes augen eben so wol sunder alss die alten und wird ihnen wie gehoret die sund angeerbet und angeboren
sattler_predigt_1615,body,47,0,False,17,Darumb schreibt Moses Gen: 5. Adam zeuget einen Sohn nach seinem Bild / anzuzeigen das die Menschen nu GOttes Ebenbild verloren haben.,darumb schreibt moses gen adam zeuget einen sohn nach seinem bild anzuzeigen das die menschen nu gottes ebenbild verloren haben,darumb schreibt moses gen adam zeuget einen sohn nach seinem bild anzuzeigen das die menschen nu gottes ebenbild uerloren haben
sattler_predigt_1615,body,47,1,False,17,Vnd geht auff vns alle das David sagt / Siehe / ich bin aus sündlichem Samen gezeuget / vnd mein Mutter hat mich in Sünden empffangen.,vnd geht auff vns alle das david sagt siehe ich bin aus sündlichem samen gezeuget vnd mein mutter hat mich in sünden empffangen,und geht auff uns alle das dauid sagt siehe ich bin aus sundlichem samen gezeuget und mein mutter hat mich in sunden empffangen
sattler_predigt_1615,body,47,2,False,17,Vnd trifft auch die Kinder der spruch Christi / Joh: 3. Es sey denn / daß jemand wieder geboren werde / durch das Wasser vnd den heiligen Geist / kan er das Reich GOttes nicht sehen.,vnd trifft auch die kinder der spruch christi joh es sey denn daß jemand wieder geboren werde durch das wasser vnd den heiligen geist kan er das reich gottes nicht sehen,und trifft auch die kinder der spruch christi ioh es sey denn dass iemand wieder geboren werde durch das wasser und den heiligen geist kan er das reich gottes nicht sehen
sattler_predigt_1615,body,47,3,False,17,Denn was vom Fleisch geboren wird / daß ist Fleisch.,denn was vom fleisch geboren wird daß ist fleisch,denn was uom fleisch geboren wird dass ist fleisch
sattler_predigt_1615,body,47,4,False,17,Wie denn Christus in der verlesenen Predig klärlich zuverstehen gibt / da er auch von den Kindern sagt / des Menschen Sohn ist kommen seelig zu machen das verloren ist.,wie denn christus in der verlesenen predig klärlich zuverstehen gibt da er auch von den kindern sagt des menschen sohn ist kommen seelig zu machen das verloren ist,wie denn christus in der uerlesenen predig klarlich zuuerstehen gibt da er auch uon den kindern sagt des menschen sohn ist kommen seelig zu machen das uerloren ist
sattler_predigt_1615,body,47,5,False,17,Vnnd zehlet sie also mit vnter die verloren Schaff.,vnnd zehlet sie also mit vnter die verloren schaff,unnd zehlet sie also mit unter die uerloren schaff
sattler_predigt_1615,body,47,6,True,17,Wie auch Paulus Rom: 5. schreibet / durch einen Menschen ist die Sünd kommen in die Welt / vnnd der Tod durch die Sünd / vnd ist also der Todt auff alle Menschen durch getrungen / dieweil sie alle Sünder seyn.,wie auch paulus rom schreibet durch einen menschen ist die sünd kommen in die welt vnnd der tod durch die sünd vnd ist also der todt auff alle menschen durch getrungen dieweil sie alle sünder seyn,wie auch paulus rom schreibet durch einen menschen ist die sund kommen in die welt unnd der tod durch die sund und ist also der todt auff alle menschen durch getrungen dieweil sie alle sunder seyn
sattler_predigt_1615,body,48,0,True,17,Derowegen die gnad GOttes vnd die seeligkeit den Kindern nicht her kompt von jhrer Frombkeit oder Vnschuld / sonder sie sind auch allzumal Sünder / vnd mangeln des Ruhms GOTTES / wie GOTT auch damit anzeigt / daß er sie sterben lest.,derowegen die gnad gottes vnd die seeligkeit den kindern nicht her kompt von jhrer frombkeit oder vnschuld sonder sie sind auch allzumal sünder vnd mangeln des ruhms gottes wie gott auch damit anzeigt daß er sie sterben lest,derowegen die gnad gottes und die seeligkeit den kindern nicht her kompt uon ihrer frombkeit oder unschuld sonder sie sind auch allzumal sunder und mangeln des ruhms gottes wie gott auch damit anzeigt dass er sie sterben lest
sattler_predigt_1615,body,49,0,False,18,Es kompt auch die seeligkeit den Kindern daher nicht / daß sie von gleubigen Eltern geboren sind / die seeligkeit kompt nicht her von der fleischlichen Geburt / sonder von der Wiedergeburt.,es kompt auch die seeligkeit den kindern daher nicht daß sie von gleubigen eltern geboren sind die seeligkeit kompt nicht her von der fleischlichen geburt sonder von der wiedergeburt,es kompt auch die seeligkeit den kindern daher nicht dass sie uon gleubigen eltern geboren sind die seeligkeit kompt nicht her uon der fleischlichen geburt sonder uon der wiedergeburt
sattler_predigt_1615,body,49,1,False,18,Was vom Fleisch geboren wird / daß ist Fleisch / vnd was von Geist geboren wird / daß ist Geist.,was vom fleisch geboren wird daß ist fleisch vnd was von geist geboren wird daß ist geist,was uom fleisch geboren wird dass ist fleisch und was uon geist geboren wird dass ist geist
sattler_predigt_1615,body,49,2,False,18,Wie man denn an den vngeratenen Kindern Adam / Jacob vñ Davids siehet / daß der glaub vnd die seeligkeit nicht Erben.,wie man denn an den vngeratenen kindern adam jacob vñ davids siehet daß der glaub vnd die seeligkeit nicht erben,wie man denn an den ungeratenen kindern adam iacob und dauids siehet dass der glaub und die seeligkeit nicht erben
sattler_predigt_1615,body,49,3,False,18,Wie Joh: 1. steht.,wie joh steht,wie ioh steht
sattler_predigt_1615,body,49,4,True,18,Die Kinder GOttes werden nicht von dem Geblüt / noch von dem willen des Fleisches / noch von dem willen eines Mannes / sonder von GOtt geboren.,die kinder gottes werden nicht von dem geblüt noch von dem willen des fleisches noch von dem willen eines mannes sonder von gott geboren,die kinder gottes werden nicht uon dem geblut noch uon dem willen des fleisches noch uon dem willen eines mannes sonder uon gott geboren
sattler_predigt_1615,body,50,0,False,18,Das aber die Kinder GOtt gefallen / daß kompt jhnen her wie auch vns / von vnserm lieben Herrn vnd Heyland JEsu Christo: Der sagt hie / deß Menschen Sohn ist kommen seelig zu machen das verloren ist.,das aber die kinder gott gefallen daß kompt jhnen her wie auch vns von vnserm lieben herrn vnd heyland jesu christo der sagt hie deß menschen sohn ist kommen seelig zu machen das verloren ist,das aber die kinder gott gefallen dass kompt ihnen her wie auch uns uon unserm lieben herrn und heyland iesu christo der sagt hie dess menschen sohn ist kommen seelig zu machen das uerloren ist
sattler_predigt_1615,body,50,1,False,18,Denn der ist ein Mensch geboren / daß er alle Menschen / Kinder vnd Alte erlösete Rom: 5. Wie durch eines Menschen vngehorsamb viel Sünder worden / also werden durch eines Menschen gehorsamb viel Gerechte.,denn der ist ein mensch geboren daß er alle menschen kinder vnd alte erlösete rom wie durch eines menschen vngehorsamb viel sünder worden also werden durch eines menschen gehorsamb viel gerechte,denn der ist ein mensch geboren dass er alle menschen kinder und alte erlosete rom wie durch eines menschen ungehorsamb uiel sunder worden also werden durch eines menschen gehorsamb uiel gerechte
sattler_predigt_1615,body,50,2,True,18,Er hat sich auch für alle Menschen am Creutz auffgeopffert / vnd ist für alle gestorben.,er hat sich auch für alle menschen am creutz auffgeopffert vnd ist für alle gestorben,er hat sich auch fur alle menschen am creutz auffgeopffert und ist fur alle gestorben
sattler_predigt_1615,body,51,0,False,18,Darumb Prediget Johannes der Teuffer von Christo / siehe das ist GOttes Lamb / daß der Welt Sünde tregt / darvnter sind auch der Kinder Sünd begriffen.,darumb prediget johannes der teuffer von christo siehe das ist gottes lamb daß der welt sünde tregt darvnter sind auch der kinder sünd begriffen,darumb prediget iohannes der teuffer uon christo siehe das ist gottes lamb dass der welt sunde tregt darunter sind auch der kinder sund begriffen
sattler_predigt_1615,body,51,1,False,18,Vnd Paulus 1. Tim: 2. schreibet: Es ist ein Mitler zwischen GOtt vnd den Menschen / der Mensch JEsus Christus / der sich gegeben hat zur erlösung für alle.,vnd paulus tim schreibet es ist ein mitler zwischen gott vnd den menschen der mensch jesus christus der sich gegeben hat zur erlösung für alle,und paulus tim schreibet es ist ein mitler zwischen gott und den menschen der mensch iesus christus der sich gegeben hat zur erlosung fur alle
sattler_predigt_1615,body,51,2,True,18,Vnnd Hebr: 2. nach dem die Kinder Fleisch vnnd Blut haben / ist ers gleicher massen theilhafftig worden / auff das er durch den Tod / die macht nehme dem / des des Tods gewalt hatte / das ist / dem Teuffel.,vnnd hebr nach dem die kinder fleisch vnnd blut haben ist ers gleicher massen theilhafftig worden auff das er durch den tod die macht nehme dem des des tods gewalt hatte das ist dem teuffel,unnd hebr nach dem die kinder fleisch unnd blut haben ist ers gleicher massen theilhafftig worden auff das er durch den tod die macht nehme dem des des tods gewalt hatte das ist dem teuffel
sattler_predigt_1615,body,52,0,True,18,Das hat bedeutet daß im Alten Testament / wie Levit: 12 steht / die Mütter wann sie aus den Sechßwochen gangen / haben müssen für jhren jungen Sohn oder Tochter ein jährig Lamb Opffern / anzuzeigen das die Kinder Sünder weren: Aber Christus würde sich für sie auff Opffern / vnnd sie mit GOtt versühnen.,das hat bedeutet daß im alten testament wie levit steht die mütter wann sie aus den sechßwochen gangen haben müssen für jhren jungen sohn oder tochter ein jährig lamb opffern anzuzeigen das die kinder sünder weren aber christus würde sich für sie auff opffern vnnd sie mit gott versühnen,das hat bedeutet dass im alten testament wie leuit steht die mutter wann sie aus den sechsswochen gangen haben mussen fur ihren iungen sohn oder tochter ein iahrig lamb opffern anzuzeigen das die kinder sunder weren aber christus wurde sich fur sie auff opffern unnd sie mit gott uersuhnen
sattler_predigt_1615,body,53,0,False,19,Aus diesen gnaden vnnd heilbronnen / nemblich von Christo / kommen her die allgemeine verheissungen der Gnaden / wie Petrus Act: 2. deutlich lehrt / ewer vnd ewer Kinder ist diese verheissung / vnd aller die fern sind / welche der HErr erzuruffen wird.,aus diesen gnaden vnnd heilbronnen nemblich von christo kommen her die allgemeine verheissungen der gnaden wie petrus act deutlich lehrt ewer vnd ewer kinder ist diese verheissung vnd aller die fern sind welche der herr erzuruffen wird,aus diesen gnaden unnd heilbronnen nemblich uon christo kommen her die allgemeine uerheissungen der gnaden wie petrus act deutlich lehrt ewer und ewer kinder ist diese uerheissung und aller die fern sind welche der herr erzuruffen wird
sattler_predigt_1615,body,53,1,False,19,Denn so weit sich Christi verdienst erstrecket / so weit erstrecken sich auch der beruff vnd gnadenreichen verheissungen des Evangelij.,denn so weit sich christi verdienst erstrecket so weit erstrecken sich auch der beruff vnd gnadenreichen verheissungen des evangelij,denn so weit sich christi uerdienst erstrecket so weit erstrecken sich auch der beruff und gnadenreichen uerheissungen des euangelii
sattler_predigt_1615,body,53,2,False,19,Vnd gehören die Kinder mit vnter die verloren Schaff die Christus seelig machen wil.,vnd gehören die kinder mit vnter die verloren schaff die christus seelig machen wil,und gehoren die kinder mit unter die uerloren schaff die christus seelig machen wil
sattler_predigt_1615,body,53,3,False,19,Wie er denn in specie auch von den Kindern sagt / deß Menschen Sohn ist kommen seelig zu machen das verloren ist: Vnd es ist der wille ewers Vaters nicht / daß jemand von diesen Kleinen verloren werde.,wie er denn in specie auch von den kindern sagt deß menschen sohn ist kommen seelig zu machen das verloren ist vnd es ist der wille ewers vaters nicht daß jemand von diesen kleinen verloren werde,wie er denn in specie auch uon den kindern sagt dess menschen sohn ist kommen seelig zu machen das uerloren ist und es ist der wille ewers uaters nicht dass iemand uon diesen kleinen uerloren werde
sattler_predigt_1615,body,53,4,False,19,So sagt er auch nicht allein zu den Alten / kommet her zu mir alle die jhr mühseelig vnd beladen seyd / ich wil euch erquicken / sonder auch von den Kindern / lasset die Kindlin zu mir kommen.,so sagt er auch nicht allein zu den alten kommet her zu mir alle die jhr mühseelig vnd beladen seyd ich wil euch erquicken sonder auch von den kindern lasset die kindlin zu mir kommen,so sagt er auch nicht allein zu den alten kommet her zu mir alle die ihr muhseelig und beladen seyd ich wil euch erquicken sonder auch uon den kindern lasset die kindlin zu mir kommen
sattler_predigt_1615,body,53,5,True,19,Denn solcher ist das Reich GOttes.,denn solcher ist das reich gottes,denn solcher ist das reich gottes
sattler_predigt_1615,body,54,0,True,19,Vnnd damit man destoweniger vrsach hette daran zu zweiffeln / daß GOtt die Kinder für Mitglieder seiner Kirch annemen vnd halten wolle / hat er im Alten Testament nicht allein für die Alten / sonder auch für die Kinder die beschneidung eingesetzet / vnd jhnen dadurch die gnaden verheissungen zugeeignet.,vnnd damit man destoweniger vrsach hette daran zu zweiffeln daß gott die kinder für mitglieder seiner kirch annemen vnd halten wolle hat er im alten testament nicht allein für die alten sonder auch für die kinder die beschneidung eingesetzet vnd jhnen dadurch die gnaden verheissungen zugeeignet,unnd damit man destoweniger ursach hette daran zu zweiffeln dass gott die kinder fur mitglieder seiner kirch annemen und halten wolle hat er im alten testament nicht allein fur die alten sonder auch fur die kinder die beschneidung eingesetzet und ihnen dadurch die gnaden uerheissungen zugeeignet
sattler_predigt_1615,body,55,0,False,19,Im Newen Testament ist an der Beschneidung stätt die heilige Tauff wie Paulus Col: 2. bezeuget.,im newen testament ist an der beschneidung stätt die heilige tauff wie paulus col bezeuget,im newen testament ist an der beschneidung statt die heilige tauff wie paulus col bezeuget
sattler_predigt_1615,body,55,1,False,19,Denn die Tauff ist der Bund eines guten gewissens mit GOtt durch die aufferstehung Christi 1. Pet. 3. Wir werden wieder geboren durch das Wasser vnd den heiligen Geist Joh: 3 Da wird auch einem jeden von GOtt die gemeine verheissung des Evangelij appliciret vnd zugeeignet.,denn die tauff ist der bund eines guten gewissens mit gott durch die aufferstehung christi pet wir werden wieder geboren durch das wasser vnd den heiligen geist joh da wird auch einem jeden von gott die gemeine verheissung des evangelij appliciret vnd zugeeignet,denn die tauff ist der bund eines guten gewissens mit gott durch die aufferstehung christi pet wir werden wieder geboren durch das wasser und den heiligen geist ioh da wird auch einem ieden uon gott die gemeine uerheissung des euangelii appliciret und zugeeignet
sattler_predigt_1615,body,55,2,False,19,Act: 2. Lasse sich ein jeglicher Teuffen zur vergebung der Sünden.,act lasse sich ein jeglicher teuffen zur vergebung der sünden,act lasse sich ein ieglicher teuffen zur uergebung der sunden
sattler_predigt_1615,body,55,3,False,20,Vnd Gal: 3. so viel ewer getaufst sind / die haben Christum angezogen.,vnd gal so viel ewer getaufst sind die haben christum angezogen,und gal so uiel ewer getaufst sind die haben christum angezogen
sattler_predigt_1615,body,55,4,True,20,Vnd Tit: 3. er macht vns seelig durch das Bad der Wiedergeburt / vnd der ernewrung des heiligen Geistes.,vnd tit er macht vns seelig durch das bad der wiedergeburt vnd der ernewrung des heiligen geistes,und tit er macht uns seelig durch das bad der wiedergeburt und der ernewrung des heiligen geistes
sattler_predigt_1615,body,56,0,True,20,Daran sollen wir vns nun halten / daß nicht allein Christus für vns gestorben ist / sonder das auch vns vnd vnsern Kindern in der heiligen Tauff Christi wolthaten appliciret vnd zugeeignet werden.,daran sollen wir vns nun halten daß nicht allein christus für vns gestorben ist sonder das auch vns vnd vnsern kindern in der heiligen tauff christi wolthaten appliciret vnd zugeeignet werden,daran sollen wir uns nun halten dass nicht allein christus fur uns gestorben ist sonder das auch uns und unsern kindern in der heiligen tauff christi wolthaten appliciret und zugeeignet werden
sattler_predigt_1615,body,57,0,True,20,Dieweil aber GOtt vielen seine Gnad anbeut / aber wenige derselben theilhafftig werden vnd geniessen / da es denn am glauben mangelt / denn der Gerechte wird seines glaubens leben Habac: 2. vnd Christus sagt / wer glaubt vnd getauff wird / der wird seelig werden Mar: 16. so fragt es sich weiter / ob denn die jungen Kinder / so noch nicht zum Verstandt kommen sind / auch gleuben.,dieweil aber gott vielen seine gnad anbeut aber wenige derselben theilhafftig werden vnd geniessen da es denn am glauben mangelt denn der gerechte wird seines glaubens leben habac vnd christus sagt wer glaubt vnd getauff wird der wird seelig werden mar so fragt es sich weiter ob denn die jungen kinder so noch nicht zum verstandt kommen sind auch gleuben,dieweil aber gott uielen seine gnad anbeut aber wenige derselben theilhafftig werden und geniessen da es denn am glauben mangelt denn der gerechte wird seines glaubens leben habac und christus sagt wer glaubt und getauff wird der wird seelig werden mar so fragt es sich weiter ob denn die iungen kinder so noch nicht zum uerstandt kommen sind auch gleuben
sattler_predigt_1615,body,58,0,True,20,Wenn wir da nun auch vnser Vernunfft folgen / so wil es dieselbige nicht nachgeben / dieweil sonst der glaub aus der Predigt kompt / die Kinder aber noch nicht wie die Alten GOttes Wort hören / verstehen vnd betrachten / noch den glauben bekennen können.,wenn wir da nun auch vnser vernunfft folgen so wil es dieselbige nicht nachgeben dieweil sonst der glaub aus der predigt kompt die kinder aber noch nicht wie die alten gottes wort hören verstehen vnd betrachten noch den glauben bekennen können,wenn wir da nun auch unser uernunfft folgen so wil es dieselbige nicht nachgeben dieweil sonst der glaub aus der predigt kompt die kinder aber noch nicht wie die alten gottes wort horen uerstehen und betrachten noch den glauben bekennen konnen
sattler_predigt_1615,body,59,0,False,20,Aber / Geliebte / der Sohn GOttes der erwas weiter siehet / alß wir / vnd guten bescheid weis / ob die Kinder gleuben oder nicht / der zeuget außtrücklich / daß auch die vnmündigen Kinder an jhn gleuben / der thut hie jhr Wort vnd sagt: Wer ergert dieser geringsten einen die an mich gleuben / da weiset er mit auff das vnmündige Kind / daß er neben die Apostel stellet / vnd rechnet es vnter die gleubigen.,aber geliebte der sohn gottes der erwas weiter siehet alß wir vnd guten bescheid weis ob die kinder gleuben oder nicht der zeuget außtrücklich daß auch die vnmündigen kinder an jhn gleuben der thut hie jhr wort vnd sagt wer ergert dieser geringsten einen die an mich gleuben da weiset er mit auff das vnmündige kind daß er neben die apostel stellet vnd rechnet es vnter die gleubigen,aber geliebte der sohn gottes der erwas weiter siehet alss wir und guten bescheid weis ob die kinder gleuben oder nicht der zeuget ausstrucklich dass auch die unmundigen kinder an ihn gleuben der thut hie ihr wort und sagt wer ergert dieser geringsten einen die an mich gleuben da weiset er mit auff das unmundige kind dass er neben die apostel stellet und rechnet es unter die gleubigen
sattler_predigt_1615,body,59,1,True,20,Wie er denn auch Mar: 10. von den Kindern sagt / solcher ist das Reich GOttes / wer das Reich Gottes nicht empfehet als ein Kind / der wird nicht hinnein kommen.,wie er denn auch mar von den kindern sagt solcher ist das reich gottes wer das reich gottes nicht empfehet als ein kind der wird nicht hinnein kommen,wie er denn auch mar uon den kindern sagt solcher ist das reich gottes wer das reich gottes nicht empfehet als ein kind der wird nicht hinnein kommen
sattler_predigt_1615,body,60,0,True,20,Vnnd das es vns nicht so vnmüglich für komme / hat GOtt solches an Johanne dem Teuffer bewiessen / vnd auff zeichnen lassen / daß er vnsern HErrn JEsum Christ in Mutter Leib erkandt / an jhn gegleubet / vnd sich seiner gefrewet / vnd für frewden gehüpffet hab.,vnnd das es vns nicht so vnmüglich für komme hat gott solches an johanne dem teuffer bewiessen vnd auff zeichnen lassen daß er vnsern herrn jesum christ in mutter leib erkandt an jhn gegleubet vnd sich seiner gefrewet vnd für frewden gehüpffet hab,unnd das es uns nicht so unmuglich fur komme hat gott solches an iohanne dem teuffer bewiessen und auff zeichnen lassen dass er unsern herrn iesum christ in mutter leib erkandt an ihn gegleubet und sich seiner gefrewet und fur frewden gehupffet hab
sattler_predigt_1615,body,61,0,False,21,Daher der alte Kirchen Lehrer Augustinus sagt: Wo sollen wir die getauffte Kinder vnter rechnen / alß vnter die gleubigen / wie die gantze Kirch an allen orten mit lauter stimm ansehnlich bezeuget.,daher der alte kirchen lehrer augustinus sagt wo sollen wir die getauffte kinder vnter rechnen alß vnter die gleubigen wie die gantze kirch an allen orten mit lauter stimm ansehnlich bezeuget,daher der alte kirchen lehrer augustinus sagt wo sollen wir die getauffte kinder unter rechnen alss unter die gleubigen wie die gantze kirch an allen orten mit lauter stimm ansehnlich bezeuget
sattler_predigt_1615,body,61,1,True,21,"Ubi ponimus parvulos Baptizatos nisi inter fideles, sicut universae ubique Ecclesiae clamat autoritas.",ubi ponimus parvulos baptizatos nisi inter fideles sicut universae ubique ecclesiae clamat autoritas,ubi ponimus paruulos baptizatos nisi inter fideles sicut uniuersae ubique ecclesiae clamat autoritas
sattler_predigt_1615,body,62,0,False,21,Das man auch fürgeben wolte / daß die Kinder durch Todsünd / alß Abgötterey Zeuberey / Fressen / Sauffen / Hurerey / Ehebruch / Geitz / Vngerechtigkeit / etc.,das man auch fürgeben wolte daß die kinder durch todsünd alß abgötterey zeuberey fressen sauffen hurerey ehebruch geitz vngerechtigkeit etc,das man auch furgeben wolte dass die kinder durch todsund alss abgotterey zeuberey fressen sauffen hurerey ehebruch geitz ungerechtigkeit etc
sattler_predigt_1615,body,62,1,True,21,Denn glauben vnd den heiligen Geist verlieren / wie von den Alten stehet Rom: 8. So jhr nach dem Fleisch lebet / so werdet jhr sterben müssen / Item 1. Cor: 6. vnd Gal: 5. die solches thun / sollen das Reich GOttes nicht Erben / daß kan man von Kinder nicht sagen.,denn glauben vnd den heiligen geist verlieren wie von den alten stehet rom so jhr nach dem fleisch lebet so werdet jhr sterben müssen item cor vnd gal die solches thun sollen das reich gottes nicht erben daß kan man von kinder nicht sagen,denn glauben und den heiligen geist uerlieren wie uon den alten stehet rom so ihr nach dem fleisch lebet so werdet ihr sterben mussen item cor und gal die solches thun sollen das reich gottes nicht erben dass kan man uon kinder nicht sagen
sattler_predigt_1615,body,63,0,True,21,Dieses alles / daß wir jetzt von Kindern gehöret / sol vns dienen zum vnderricht / daß wir dißfals von den Kindern nicht vrtheilen nach vnser Vernunfft / die vermeint / was glaubens sachen vnd die seeligkeit belangt / sey allerdings noch zur zeit an jhnen nichts zu thun / biß sie erst zu jhrem Verstand kommen: Aber wir sollen GOttes Worthören / vnnd demselben gleuben / vnd darnach die Kinder ansehen / daß sie mit gehören vnter GOttes Volck / vnter die Glieder der Christlichen Kirchen / deren heupt Christus ist / dem sein sie in der heiligen Tauff einverleibt / vnd sey jhr das Reich GOttes / sie gleuben an Christum / GOtt hab ein Aug auff sie / habe die Engel auff sie bestelt / daß Himmelreich sey jhr / ja sie sein die grösten im Himmelreich / vnd sey der wille des himlischen Vaters nicht / daß eines von den Kleinen verloren werde.,dieses alles daß wir jetzt von kindern gehöret sol vns dienen zum vnderricht daß wir dißfals von den kindern nicht vrtheilen nach vnser vernunfft die vermeint was glaubens sachen vnd die seeligkeit belangt sey allerdings noch zur zeit an jhnen nichts zu thun biß sie erst zu jhrem verstand kommen aber wir sollen gottes worthören vnnd demselben gleuben vnd darnach die kinder ansehen daß sie mit gehören vnter gottes volck vnter die glieder der christlichen kirchen deren heupt christus ist dem sein sie in der heiligen tauff einverleibt vnd sey jhr das reich gottes sie gleuben an christum gott hab ein aug auff sie habe die engel auff sie bestelt daß himmelreich sey jhr ja sie sein die grösten im himmelreich vnd sey der wille des himlischen vaters nicht daß eines von den kleinen verloren werde,dieses alles dass wir ietzt uon kindern gehoret sol uns dienen zum underricht dass wir dissfals uon den kindern nicht urtheilen nach unser uernunfft die uermeint was glaubens sachen und die seeligkeit belangt sey allerdings noch zur zeit an ihnen nichts zu thun biss sie erst zu ihrem uerstand kommen aber wir sollen gottes worthoren unnd demselben gleuben und darnach die kinder ansehen dass sie mit gehoren unter gottes uolck unter die glieder der christlichen kirchen deren heupt christus ist dem sein sie in der heiligen tauff einuerleibt und sey ihr das reich gottes sie gleuben an christum gott hab ein aug auff sie habe die engel auff sie bestelt dass himmelreich sey ihr ia sie sein die grosten im himmelreich und sey der wille des himlischen uaters nicht dass eines uon den kleinen uerloren werde
sattler_predigt_1615,body,64,0,True,21,Zum Andern / sol vns diese lehr von Kindern zum Trost dienen / die Kinder leben oder sterben.,zum andern sol vns diese lehr von kindern zum trost dienen die kinder leben oder sterben,zum andern sol uns diese lehr uon kindern zum trost dienen die kinder leben oder sterben
sattler_predigt_1615,body,65,0,False,22,Leben sie so sollen wir für sie nicht Vnchristlich sorgen / ich sage Vnchristlich.,leben sie so sollen wir für sie nicht vnchristlich sorgen ich sage vnchristlich,leben sie so sollen wir fur sie nicht unchristlich sorgen ich sage unchristlich
sattler_predigt_1615,body,65,1,False,22,Denn sonst versorgen auch die vnvernünfftigen Thier jhre Jungen / viel billicher sollen es Menschẽ thun?,denn sonst versorgen auch die vnvernünfftigen thier jhre jungen viel billicher sollen es menschẽ thun,denn sonst uersorgen auch die unuernunfftigen thier ihre iungen uiel billicher sollen es menschen thun
sattler_predigt_1615,body,65,2,False,22,Wer seine Haußgenossen nicht versorget sagt Paulus 1. Tim: 5. der hat den glauben verleugnet vnd ist erger denn ein Heyd.,wer seine haußgenossen nicht versorget sagt paulus tim der hat den glauben verleugnet vnd ist erger denn ein heyd,wer seine haussgenossen nicht uersorget sagt paulus tim der hat den glauben uerleugnet und ist erger denn ein heyd
sattler_predigt_1615,body,65,3,True,22,Aber es ist ein sonderliche plage so wol bey hohes alß niedriges Standßpersonen / daß wir vns der Kinder halben vnchristlich bekümmern Denn es ist vns jmmer leid / sie haben zu wenig / sie werden nicht zu kommen können / sonder not leiden müssen: Darumb in etlichen fürnemen Geschlechten / etliche Kinder nicht Hewrahten sollen / daraus denn folget / weil das Wort vom ehelosen leben nicht alle fassen / wie Christus Matth: 19. lehret / daß sie sich in Sünd / Schand vnd das verderben stürtzen / dadurch auch Gott bißweilen vervrsacht wird / daß er gantze Geschlecht vndergehn lest.,aber es ist ein sonderliche plage so wol bey hohes alß niedriges standßpersonen daß wir vns der kinder halben vnchristlich bekümmern denn es ist vns jmmer leid sie haben zu wenig sie werden nicht zu kommen können sonder not leiden müssen darumb in etlichen fürnemen geschlechten etliche kinder nicht hewrahten sollen daraus denn folget weil das wort vom ehelosen leben nicht alle fassen wie christus matth lehret daß sie sich in sünd schand vnd das verderben stürtzen dadurch auch gott bißweilen vervrsacht wird daß er gantze geschlecht vndergehn lest,aber es ist ein sonderliche plage so wol bey hohes alss niedriges standsspersonen dass wir uns der kinder halben unchristlich bekummern denn es ist uns immer leid sie haben zu wenig sie werden nicht zu kommen konnen sonder not leiden mussen darumb in etlichen furnemen geschlechten etliche kinder nicht hewrahten sollen daraus denn folget weil das wort uom ehelosen leben nicht alle fassen wie christus matth lehret dass sie sich in sund schand und das uerderben sturtzen dadurch auch gott bissweilen uerursacht wird dass er gantze geschlecht undergehn lest
sattler_predigt_1615,body,66,0,False,22,Solcher vnglaub vnd vnchristliches sorgen kompt vnter andern auch daher / daß man diese lehr von den Kindern zu rück setzet / vnd sich stracks einbildet / GOtt frage nichts nach den Kindern / vnd wolle sich jhrer nicht annemen / wir müssens allein thun.,solcher vnglaub vnd vnchristliches sorgen kompt vnter andern auch daher daß man diese lehr von den kindern zu rück setzet vnd sich stracks einbildet gott frage nichts nach den kindern vnd wolle sich jhrer nicht annemen wir müssens allein thun,solcher unglaub und unchristliches sorgen kompt unter andern auch daher dass man diese lehr uon den kindern zu ruck setzet und sich stracks einbildet gott frage nichts nach den kindern und wolle sich ihrer nicht annemen wir mussens allein thun
sattler_predigt_1615,body,66,1,False,22,Aber der Sohn GOttes berichtet vns hie eines andern / daß GOtt der himlische Vater / nicht weniger / sonder eben sowol / ja weil sie das wol bedörffen / noch schier mehr / alß für die Alten sorge.,aber der sohn gottes berichtet vns hie eines andern daß gott der himlische vater nicht weniger sonder eben sowol ja weil sie das wol bedörffen noch schier mehr alß für die alten sorge,aber der sohn gottes berichtet uns hie eines andern dass gott der himlische uater nicht weniger sonder eben sowol ia weil sie das wol bedorffen noch schier mehr alss fur die alten sorge
sattler_predigt_1615,body,66,2,False,22,Derowegen wir thun sollen was an vns ist / daß vbrige aber GOtt befehlen.,derowegen wir thun sollen was an vns ist daß vbrige aber gott befehlen,derowegen wir thun sollen was an uns ist dass ubrige aber gott befehlen
sattler_predigt_1615,body,66,3,False,22,Gibt er doch den jungen Raben jhre speise / die / wie man sagt / wenn sie noch gar jung / von den Alten verlassen werden / vnd er solte nicht die Kinder versorgen / die nicht allein anfänglich in Adam zu GOttes Ebenbild erschaffen / sonder auch durch das tewre Blut Christi erlöset / vnd Tempel vnd Wohnung des heiligen Geistes sind?,gibt er doch den jungen raben jhre speise die wie man sagt wenn sie noch gar jung von den alten verlassen werden vnd er solte nicht die kinder versorgen die nicht allein anfänglich in adam zu gottes ebenbild erschaffen sonder auch durch das tewre blut christi erlöset vnd tempel vnd wohnung des heiligen geistes sind,gibt er doch den iungen raben ihre speise die wie man sagt wenn sie noch gar iung uon den alten uerlassen werden und er solte nicht die kinder uersorgen die nicht allein anfanglich in adam zu gottes ebenbild erschaffen sonder auch durch das tewre blut christi erloset und tempel und wohnung des heiligen geistes sind
sattler_predigt_1615,body,66,4,False,22,Daher vnsere Alten habẽ plegen zu sagen viel Kinder / viel glück / etc.,daher vnsere alten habẽ plegen zu sagen viel kinder viel glück etc,daher unsere alten haben plegen zu sagen uiel kinder uiel gluck etc
sattler_predigt_1615,body,66,5,False,22,Wir Alten essen wol so bald mit den Kindern / alß sie mit vns.,wir alten essen wol so bald mit den kindern alß sie mit vns,wir alten essen wol so bald mit den kindern alss sie mit uns
sattler_predigt_1615,body,66,6,True,22,Item: Wenn die Kinder sterben / so nemen sie jhre Nahrung mit / vnd werden die Elter / wie die erfahrung zeuget / wenn sie schon viel Kinder verlieren / nicht Reicher davon.,item wenn die kinder sterben so nemen sie jhre nahrung mit vnd werden die elter wie die erfahrung zeuget wenn sie schon viel kinder verlieren nicht reicher davon,item wenn die kinder sterben so nemen sie ihre nahrung mit und werden die elter wie die erfahrung zeuget wenn sie schon uiel kinder uerlieren nicht reicher dauon
sattler_predigt_1615,body,67,0,True,23,Derowegen sollen wir vns solcher vnchristlichen sorgentschlagen / vnd vns trösten / daß der himlische Vater die Kinder lieb habe / als sie die leibliche Elter haben / vnd weil er jhnen das Himmelreich gönnet / er es vmb zeitlich Nahrung vnd Vnderhalt nicht werde zu kommen lassen / wie er denn auch jhnen wol zu raten wisse.,derowegen sollen wir vns solcher vnchristlichen sorgentschlagen vnd vns trösten daß der himlische vater die kinder lieb habe als sie die leibliche elter haben vnd weil er jhnen das himmelreich gönnet er es vmb zeitlich nahrung vnd vnderhalt nicht werde zu kommen lassen wie er denn auch jhnen wol zu raten wisse,derowegen sollen wir uns solcher unchristlichen sorgentschlagen und uns trosten dass der himlische uater die kinder lieb habe als sie die leibliche elter haben und weil er ihnen das himmelreich gonnet er es umb zeitlich nahrung und underhalt nicht werde zu kommen lassen wie er denn auch ihnen wol zu raten wisse
sattler_predigt_1615,body,68,0,False,23,Nicht allein aber sollen wir im leben diese lehr zum trost gebrauchen / sonder auch im sterben / wenn GOtt die Kinder wiedervmb aus diesem leben abfordert.,nicht allein aber sollen wir im leben diese lehr zum trost gebrauchen sonder auch im sterben wenn gott die kinder wiedervmb aus diesem leben abfordert,nicht allein aber sollen wir im leben diese lehr zum trost gebrauchen sonder auch im sterben wenn gott die kinder wiederumb aus diesem leben abfordert
sattler_predigt_1615,body,68,1,False,23,Denn weil sie GOtt vnter sein Volck mit rechnet / vnd ist eben so wol jhr GOTT als der Alten / sie sind sein Geschöpff / er hat sie tewer erkaufft durch das Blut seines lieben Sohns / sie gleuben an jhn / er sorget für sie / er gibt jhnen die heilige Engel zu Gleitßleuten zu / die auch im Tod auff die Menschen warten / er sagt das Reich GOttes sey jhr / darin sein sie nicht die geringsten / sonder die fürnembsten / so köñen vnd sollen wir vns auch im Tod zu frieden geben.,denn weil sie gott vnter sein volck mit rechnet vnd ist eben so wol jhr gott als der alten sie sind sein geschöpff er hat sie tewer erkaufft durch das blut seines lieben sohns sie gleuben an jhn er sorget für sie er gibt jhnen die heilige engel zu gleitßleuten zu die auch im tod auff die menschen warten er sagt das reich gottes sey jhr darin sein sie nicht die geringsten sonder die fürnembsten so köñen vnd sollen wir vns auch im tod zu frieden geben,denn weil sie gott unter sein uolck mit rechnet und ist eben so wol ihr gott als der alten sie sind sein geschopff er hat sie tewer erkaufft durch das blut seines lieben sohns sie gleuben an ihn er sorget fur sie er gibt ihnen die heilige engel zu gleitssleuten zu die auch im tod auff die menschen warten er sagt das reich gottes sey ihr darin sein sie nicht die geringsten sonder die furnembsten so konnen und sollen wir uns auch im tod zu frieden geben
sattler_predigt_1615,body,68,2,False,23,Matth: 22. schleust Christus daraus / das Gott sagt / er sey der GOtt Abraham / Isaac vnd Jacob / das Abraham / Isaac vnd Jacob für GOtt leben.,matth schleust christus daraus das gott sagt er sey der gott abraham isaac vnd jacob das abraham isaac vnd jacob für gott leben,matth schleust christus daraus das gott sagt er sey der gott abraham isaac und iacob das abraham isaac und iacob fur gott leben
sattler_predigt_1615,body,68,3,False,23,Nun sagt aber GOTT nicht allein er sey jhr GOtt / sonder auch jhres Samens nach jhnen / so müssen ja auch jhre Kinder für GOtt leben / wann sie schon Tod sind.,nun sagt aber gott nicht allein er sey jhr gott sonder auch jhres samens nach jhnen so müssen ja auch jhre kinder für gott leben wann sie schon tod sind,nun sagt aber gott nicht allein er sey ihr gott sonder auch ihres samens nach ihnen so mussen ia auch ihre kinder fur gott leben wann sie schon tod sind
sattler_predigt_1615,body,68,4,False,23,Vnd ist solcher Tod für GOtt nur ein schlaff / vnd zwar ein kurtzer schlaff / denn tausent Jahr sind für GOtt / wie der Tag der gestern vergangen ist.,vnd ist solcher tod für gott nur ein schlaff vnd zwar ein kurtzer schlaff denn tausent jahr sind für gott wie der tag der gestern vergangen ist,und ist solcher tod fur gott nur ein schlaff und zwar ein kurtzer schlaff denn tausent iahr sind fur gott wie der tag der gestern uergangen ist
sattler_predigt_1615,body,68,5,False,23,Wenn nu die Elter Kinder in frembden Landen haben / oder die Kinder schlaffen / bekümmern sie sich nicht darumb / wenn sie nur wissen / daß sie leben vnd kein not haben.,wenn nu die elter kinder in frembden landen haben oder die kinder schlaffen bekümmern sie sich nicht darumb wenn sie nur wissen daß sie leben vnd kein not haben,wenn nu die elter kinder in frembden landen haben oder die kinder schlaffen bekummern sie sich nicht darumb wenn sie nur wissen dass sie leben und kein not haben
sattler_predigt_1615,body,68,6,False,23,Nun bringt vns GOtt selber von vnsern Kindern die zeitung / sie leben / wiewol in einem andern Land / vnd schlaffen nun.,nun bringt vns gott selber von vnsern kindern die zeitung sie leben wiewol in einem andern land vnd schlaffen nun,nun bringt uns gott selber uon unsern kindern die zeitung sie leben wiewol in einem andern land und schlaffen nun
sattler_predigt_1615,body,68,7,True,23,Warumb wolten wir vns den bekümmern?,warumb wolten wir vns den bekümmern,warumb wolten wir uns den bekummern
sattler_predigt_1615,body,69,0,False,24,Nicht allein aber leben sie für GOTT / der besser siehet als wir / sonder sie werden auch mit Leib vnd Seel für vnsern augen leben / wenn sie GOTT am jüngsten Tag zum ewigen vnd seeligen leben aufferwecken wird.,nicht allein aber leben sie für gott der besser siehet als wir sonder sie werden auch mit leib vnd seel für vnsern augen leben wenn sie gott am jüngsten tag zum ewigen vnd seeligen leben aufferwecken wird,nicht allein aber leben sie fur gott der besser siehet als wir sonder sie werden auch mit leib und seel fur unsern augen leben wenn sie gott am iungsten tag zum ewigen und seeligen leben aufferwecken wird
sattler_predigt_1615,body,69,1,False,24,Denn sie gehören mit vnter die / davon Jes: 26. steht / deine Todten werden leben / vnd mit dem Leichnam aufferstehen (sagt Christus) wachet auff vnd rühmet / die jhr vnter der Erden schlaffen ligt.,denn sie gehören mit vnter die davon jes steht deine todten werden leben vnd mit dem leichnam aufferstehen sagt christus wachet auff vnd rühmet die jhr vnter der erden schlaffen ligt,denn sie gehoren mit unter die dauon ies steht deine todten werden leben und mit dem leichnam aufferstehen sagt christus wachet auff und ruhmet die ihr unter der erden schlaffen ligt
sattler_predigt_1615,body,69,2,False,24,Denn dein taw ist ein taw des grünen Feldes.,denn dein taw ist ein taw des grünen feldes,denn dein taw ist ein taw des grunen feldes
sattler_predigt_1615,body,69,3,False,24,Da wird sein frewd die fülle vnd liebliches wesen.,da wird sein frewd die fülle vnd liebliches wesen,da wird sein frewd die fulle und liebliches wesen
sattler_predigt_1615,body,69,4,False,24,Da werden vnsere Kinder mit Leib vnd Seel zu volkommenem besitz des Himmelreichs kommen / daß jhnen hie Christus verheist.,da werden vnsere kinder mit leib vnd seel zu volkommenem besitz des himmelreichs kommen daß jhnen hie christus verheist,da werden unsere kinder mit leib und seel zu uolkommenem besitz des himmelreichs kommen dass ihnen hie christus uerheist
sattler_predigt_1615,body,69,5,False,24,Vnd darumb haben die Alten gesagt / wenn ein vnmündig Kind gestorben / daß Kind ist ein Engel im Himmel / wie Christus auch von den Alten Matth: 22. sagt / sie werden den Engeln gleich seyn.,vnd darumb haben die alten gesagt wenn ein vnmündig kind gestorben daß kind ist ein engel im himmel wie christus auch von den alten matth sagt sie werden den engeln gleich seyn,und darumb haben die alten gesagt wenn ein unmundig kind gestorben dass kind ist ein engel im himmel wie christus auch uon den alten matth sagt sie werden den engeln gleich seyn
sattler_predigt_1615,body,69,6,True,24,Da ist ja ein Mensch besser / alß in diesem jammerthal auff Erden.,da ist ja ein mensch besser alß in diesem jammerthal auff erden,da ist ia ein mensch besser alss in diesem iammerthal auff erden
sattler_predigt_1615,body,70,0,True,24,Daher kompts / das David / da er vernimbt / das sein Kind Tod ist / sich nicht mehr bekümmert als vorhin / sonder giebt sich zu frieden / vnnd helt Taffel / denn er weis das sein Kind dahin kommen ist / da er auch hoffet hinzukommen / wie er selber sagt / vnd gibt er sich wol zu frieden / vnd gremet sich vmb das kleine Kind nicht / wie hernach vmb Absolon.,daher kompts das david da er vernimbt das sein kind tod ist sich nicht mehr bekümmert als vorhin sonder giebt sich zu frieden vnnd helt taffel denn er weis das sein kind dahin kommen ist da er auch hoffet hinzukommen wie er selber sagt vnd gibt er sich wol zu frieden vnd gremet sich vmb das kleine kind nicht wie hernach vmb absolon,daher kompts das dauid da er uernimbt das sein kind tod ist sich nicht mehr bekummert als uorhin sonder giebt sich zu frieden unnd helt taffel denn er weis das sein kind dahin kommen ist da er auch hoffet hinzukommen wie er selber sagt und gibt er sich wol zu frieden und gremet sich umb das kleine kind nicht wie hernach umb absolon
sattler_predigt_1615,body,71,0,True,24,Diesem Exempel sollen wir folgen / vnd weil vns Gott in seinem Wort offenbahret / wie er gegen die Kinder gesinnet sey / vnd wo sie hin gehören / vnd also auch wo sie bleiben wen sie Tod sind / sollen wir mit GOTT nicht zürnen / noch vns bekümmern / sonder wol zu frieden seyn / weil vnser HERR JEsus Christus von der Kinder glegenheit in dieser Holdseligen Histori gar herlich vnd tröstlich berichtet.,diesem exempel sollen wir folgen vnd weil vns gott in seinem wort offenbahret wie er gegen die kinder gesinnet sey vnd wo sie hin gehören vnd also auch wo sie bleiben wen sie tod sind sollen wir mit gott nicht zürnen noch vns bekümmern sonder wol zu frieden seyn weil vnser herr jesus christus von der kinder glegenheit in dieser holdseligen histori gar herlich vnd tröstlich berichtet,diesem exempel sollen wir folgen und weil uns gott in seinem wort offenbahret wie er gegen die kinder gesinnet sey und wo sie hin gehoren und also auch wo sie bleiben wen sie tod sind sollen wir mit gott nicht zurnen noch uns bekummern sonder wol zu frieden seyn weil unser herr iesus christus uon der kinder glegenheit in dieser holdseligen histori gar herlich und trostlich berichtet
sattler_predigt_1615,body,72,0,True,24,Auch gibt vns diese lehr von den Kindern allerley gute vermanung vnd warnung.,auch gibt vns diese lehr von den kindern allerley gute vermanung vnd warnung,auch gibt uns diese lehr uon den kindern allerley gute uermanung und warnung
sattler_predigt_1615,body,73,0,False,24,Vnd Erstlich zwar / weil die Elter hören / was für einen tewren werten schatz GOTT jhnen an den Kindern vertrawet vnd befohlen habe / daran jhm so hoch gelegen / daß sie ja die Kinder nicht verseumen / verwarlosen sie nicht / wie viel Leut thun / verzerteln / sonder daran seyn / das sie sie GOTT wieder vber antworten / wie er befohlen hat Eph: 6. Ihr Elter reitzet ewer Kinder nicht zu Zorn / sonder ziehet sie auff in der Zucht vnd Vermahnung zum,vnd erstlich zwar weil die elter hören was für einen tewren werten schatz gott jhnen an den kindern vertrawet vnd befohlen habe daran jhm so hoch gelegen daß sie ja die kinder nicht verseumen verwarlosen sie nicht wie viel leut thun verzerteln sonder daran seyn das sie sie gott wieder vber antworten wie er befohlen hat eph ihr elter reitzet ewer kinder nicht zu zorn sonder ziehet sie auff in der zucht vnd vermahnung zum,und erstlich zwar weil die elter horen was fur einen tewren werten schatz gott ihnen an den kindern uertrawet und befohlen habe daran ihm so hoch gelegen dass sie ia die kinder nicht uerseumen uerwarlosen sie nicht wie uiel leut thun uerzerteln sonder daran seyn das sie sie gott wieder uber antworten wie er befohlen hat eph ihr elter reitzet ewer kinder nicht zu zorn sonder ziehet sie auff in der zucht und uermahnung zum
sattler_predigt_1615,body,73,1,True,25,HERRN. Lassen sie sie aber verkommen / daß sie durch jhre schuld das Reich GOttes wieder verlieren / daß jhnen Christus erworben hat vnd geschencket / so wird ein schrecklich Vrteil vber sie gehen.,herrn lassen sie sie aber verkommen daß sie durch jhre schuld das reich gottes wieder verlieren daß jhnen christus erworben hat vnd geschencket so wird ein schrecklich vrteil vber sie gehen,herrn lassen sie sie aber uerkommen dass sie durch ihre schuld das reich gottes wieder uerlieren dass ihnen christus erworben hat und geschencket so wird ein schrecklich urteil uber sie gehen
sattler_predigt_1615,body,74,0,False,25,Wir alle sollen vermanet seyn / vns der Kinder mit allem fleis vnd trew anzunemen / weil Christus sie vns so hoch befohlen hat / vnd gesagt / wer ein solche Kind auff nimbt / der nimbt mich auff / wer aber mich auff nimbt / der nimbt den auff der mich gesand hat.,wir alle sollen vermanet seyn vns der kinder mit allem fleis vnd trew anzunemen weil christus sie vns so hoch befohlen hat vnd gesagt wer ein solche kind auff nimbt der nimbt mich auff wer aber mich auff nimbt der nimbt den auff der mich gesand hat,wir alle sollen uermanet seyn uns der kinder mit allem fleis und trew anzunemen weil christus sie uns so hoch befohlen hat und gesagt wer ein solche kind auff nimbt der nimbt mich auff wer aber mich auff nimbt der nimbt den auff der mich gesand hat
sattler_predigt_1615,body,74,1,False,25,Wer wolte aber nicht gern GOTT den himlischen Vater auff nemen / wenn er gelegenheit hette / vnd jhm liebs vnd gutes thun?,wer wolte aber nicht gern gott den himlischen vater auff nemen wenn er gelegenheit hette vnd jhm liebs vnd gutes thun,wer wolte aber nicht gern gott den himlischen uater auff nemen wenn er gelegenheit hette und ihm liebs und gutes thun
sattler_predigt_1615,body,74,2,True,25,Welch ein herligkeit wird das am jüngsten Tag seyn / wenn GOTT rühmen wird / daß man jhn selber auffgenommen / vnd jhm guts gethan vnd gedienet habe?,welch ein herligkeit wird das am jüngsten tag seyn wenn gott rühmen wird daß man jhn selber auffgenommen vnd jhm guts gethan vnd gedienet habe,welch ein herligkeit wird das am iungsten tag seyn wenn gott ruhmen wird dass man ihn selber auffgenommen und ihm guts gethan und gedienet habe
sattler_predigt_1615,body,75,0,False,25,Sonderlich aber sollen wir vns die Predigt Christi lassen ein ernstliche warnung seyn / daß wir die Kinder im geringsten nicht ergern / das ist / wir sollen zusehen / daß wir nicht etwas reden oder thun / dadurch die Kinder in Irthumb verführet / oder in Sünd gestürtzt werden / wie denn manch junges Hertz mit falscher Lehr eingenommen / oder durch faul Geschwetz vnd ergerliche Exempel verführet wird.,sonderlich aber sollen wir vns die predigt christi lassen ein ernstliche warnung seyn daß wir die kinder im geringsten nicht ergern das ist wir sollen zusehen daß wir nicht etwas reden oder thun dadurch die kinder in irthumb verführet oder in sünd gestürtzt werden wie denn manch junges hertz mit falscher lehr eingenommen oder durch faul geschwetz vnd ergerliche exempel verführet wird,sonderlich aber sollen wir uns die predigt christi lassen ein ernstliche warnung seyn dass wir die kinder im geringsten nicht ergern das ist wir sollen zusehen dass wir nicht etwas reden oder thun dadurch die kinder in irthumb uerfuhret oder in sund gesturtzt werden wie denn manch iunges hertz mit falscher lehr eingenommen oder durch faul geschwetz und ergerliche exempel uerfuhret wird
sattler_predigt_1615,body,75,1,False,25,Darumb man freylich solche leichtfertige vnreine Vögel / die faul Geschwetz vnd vnlätige reden führen / zu jungen Herrn nicht sol kommen lassen.,darumb man freylich solche leichtfertige vnreine vögel die faul geschwetz vnd vnlätige reden führen zu jungen herrn nicht sol kommen lassen,darumb man freylich solche leichtfertige unreine uogel die faul geschwetz und unlatige reden fuhren zu iungen herrn nicht sol kommen lassen
sattler_predigt_1615,body,75,2,False,25,Deñ es sind aus der massen schreckliche Wort die Christus hie redet / da er sagt: Weh dem Menschen durch welchen ergernis kompt.,deñ es sind aus der massen schreckliche wort die christus hie redet da er sagt weh dem menschen durch welchen ergernis kompt,denn es sind aus der massen schreckliche wort die christus hie redet da er sagt weh dem menschen durch welchen ergernis kompt
sattler_predigt_1615,body,75,3,True,25,Item: Wer ergert dieser geringsten einen die an mich gläuben / dem were besser / das ein Mülstein an seinen Hals gehenget würde / vnd lege im Meer da es am tieffsten ist.,item wer ergert dieser geringsten einen die an mich gläuben dem were besser das ein mülstein an seinen hals gehenget würde vnd lege im meer da es am tieffsten ist,item wer ergert dieser geringsten einen die an mich glauben dem were besser das ein mulstein an seinen hals gehenget wurde und lege im meer da es am tieffsten ist
sattler_predigt_1615,body,76,0,False,26,Dieweil auch Christus hie / vnd Mar: 10. die Kinder zu vnsern Schulmeistern verordnet / sollen wir von jhnen lernen / vnd jhnen folgen.,dieweil auch christus hie vnd mar die kinder zu vnsern schulmeistern verordnet sollen wir von jhnen lernen vnd jhnen folgen,dieweil auch christus hie und mar die kinder zu unsern schulmeistern uerordnet sollen wir uon ihnen lernen und ihnen folgen
sattler_predigt_1615,body,76,1,True,26,Hie sagt Christus / wir sollen Demut von jhnen lernen / vns nicht erheben / vnd nach hohen dingen trachten / sonder ein jeder in aller Demut seines beruffs warten.,hie sagt christus wir sollen demut von jhnen lernen vns nicht erheben vnd nach hohen dingen trachten sonder ein jeder in aller demut seines beruffs warten,hie sagt christus wir sollen demut uon ihnen lernen uns nicht erheben und nach hohen dingen trachten sonder ein ieder in aller demut seines beruffs warten
sattler_predigt_1615,body,77,0,False,26,So vermanet Paulus 1. Cor: 14. wir sollen in der bößheit Kinder seyn / vnd nicht am Verstand.,so vermanet paulus cor wir sollen in der bößheit kinder seyn vnd nicht am verstand,so uermanet paulus cor wir sollen in der bossheit kinder seyn und nicht am uerstand
sattler_predigt_1615,body,77,1,False,26,Die Kinder gleuben einfältig / was jhnen die Elter vorsagen / so sollen wir GOTT in seinem Wort auch einfältig gleuben / vnd alle vernunfft gefangen nemen in den gehorsamb Christi / 1. Cor: 10. Kinder sorgen nicht / sonder lassen jhre Elter sorgen / daß sollen wir auch thun.,die kinder gleuben einfältig was jhnen die elter vorsagen so sollen wir gott in seinem wort auch einfältig gleuben vnd alle vernunfft gefangen nemen in den gehorsamb christi cor kinder sorgen nicht sonder lassen jhre elter sorgen daß sollen wir auch thun,die kinder gleuben einfaltig was ihnen die elter uorsagen so sollen wir gott in seinem wort auch einfaltig gleuben und alle uernunfft gefangen nemen in den gehorsamb christi cor kinder sorgen nicht sonder lassen ihre elter sorgen dass sollen wir auch thun
sattler_predigt_1615,body,77,2,False,26,Kinder lassen sich bald wieder versünen / so sollen wir auch einander den Haß nicht nach tragen.,kinder lassen sich bald wieder versünen so sollen wir auch einander den haß nicht nach tragen,kinder lassen sich bald wieder uersunen so sollen wir auch einander den hass nicht nach tragen
sattler_predigt_1615,body,77,3,True,26,Aber davon zu andern zeiten.,aber davon zu andern zeiten,aber dauon zu andern zeiten
sattler_predigt_1615,head,78,0,True,26,Beschlus.,beschlus,beschlus
sattler_predigt_1615,body,79,0,False,26,"WIR haben für dißmahl zu seiner Rugestät gebracht / wie albereit gemeldet / den Weyland Hochwürdigen / Durchleuchtigen / Hochgebornen Fürsten vnd Herrn / Herrn HEINRICH CAROLUM, Postulirten Bischoff des Stiffts Halberstadt / Hertzogen zu Braunschweig vnd Lüneburg / etc.",wir haben für dißmahl zu seiner rugestät gebracht wie albereit gemeldet den weyland hochwürdigen durchleuchtigen hochgebornen fürsten vnd herrn herrn heinrich carolum postulirten bischoff des stiffts halberstadt hertzogen zu braunschweig vnd lüneburg etc,wir haben fur dissmahl zu seiner rugestat gebracht wie albereit gemeldet den weyland hochwurdigen durchleuchtigen hochgebornen fursten und herrn herrn heinrich carolum postulirten bischoff des stiffts halberstadt hertzogen zu braunschweig und luneburg etc
sattler_predigt_1615,body,79,1,False,26,Welcher eben auff den Tag vnd in dem Monat von GOTT aus diesem leben abgefordert ist / an welchem für 47. der auch Durchleuchtig / Hochgeborn Fürst vnd Herr / Herr HEINRICH der Jünger / Hertzog zu Braunschweig vnd Lüneb: etc.,welcher eben auff den tag vnd in dem monat von gott aus diesem leben abgefordert ist an welchem für der auch durchleuchtig hochgeborn fürst vnd herr herr heinrich der jünger hertzog zu braunschweig vnd lüneb etc,welcher eben auff den tag und in dem monat uon gott aus diesem leben abgefordert ist an welchem fur der auch durchleuchtig hochgeborn furst und herr herr heinrich der iunger hertzog zu braunschweig und luneb etc
sattler_predigt_1615,body,79,2,True,26,Vnd denn auch S.F.G. Groß Herr Vater / beyde hochlöblicher gedechtnis für 26. Jaren an diesem Ort begraben.,vnd denn auch s f g groß herr vater beyde hochlöblicher gedechtnis für jaren an diesem ort begraben,und denn auch s f g gross herr uater beyde hochloblicher gedechtnis fur iaren an diesem ort begraben
sattler_predigt_1615,body,80,0,False,27,Welther Tag vnd eigentliche Jahrzeit vns göttlicher Providentz erinnert.,welther tag vnd eigentliche jahrzeit vns göttlicher providentz erinnert,welther tag und eigentliche iahrzeit uns gottlicher prouidentz erinnert
sattler_predigt_1615,body,80,1,False,27,Deñ ja es nicht ongefehr vnd schlumpßweis / sonder aus göttlicher versehung geschehen / daß solche beyde hohe Personen dieses Fürstl: Hauses (proavus vnd pronepos) eben in einem Monat / ja auff einen Tag gestorben.,deñ ja es nicht ongefehr vnd schlumpßweis sonder aus göttlicher versehung geschehen daß solche beyde hohe personen dieses fürstl hauses proavus vnd pronepos eben in einem monat ja auff einen tag gestorben,denn ia es nicht ongefehr und schlumpssweis sonder aus gottlicher uersehung geschehen dass solche beyde hohe personen dieses furstl hauses proauus und pronepos eben in einem monat ia auff einen tag gestorben
sattler_predigt_1615,body,80,2,True,27,Derwegen weil es durch GOttes sonderliche schickung geschehen / wir vns billich mit gedult in die sach ergeben / vnd mit Hiob sagen sollen / wie es dem HErrn gefallen / so ist es geschehen / der Name des HErrn sey gelobet.,derwegen weil es durch gottes sonderliche schickung geschehen wir vns billich mit gedult in die sach ergeben vnd mit hiob sagen sollen wie es dem herrn gefallen so ist es geschehen der name des herrn sey gelobet,derwegen weil es durch gottes sonderliche schickung geschehen wir uns billich mit gedult in die sach ergeben und mit hiob sagen sollen wie es dem herrn gefallen so ist es geschehen der name des herrn sey gelobet
sattler_predigt_1615,body,81,0,True,27,Dieweil es aber weh thut / Kinder vnd nahe Verwanten / so gar Jung verlieren / sollen wir den Trost / den vns die verlesene Histori vnd Predigt Christi von den vnmündigen Kindern gibt / vns wol zu nutz machen.,dieweil es aber weh thut kinder vnd nahe verwanten so gar jung verlieren sollen wir den trost den vns die verlesene histori vnd predigt christi von den vnmündigen kindern gibt vns wol zu nutz machen,dieweil es aber weh thut kinder und nahe uerwanten so gar iung uerlieren sollen wir den trost den uns die uerlesene histori und predigt christi uon den unmundigen kindern gibt uns wol zu nutz machen
sattler_predigt_1615,body,82,0,True,27,Ohne ists nicht / dieses vnser liebes Herrlin / ist wie alle Menschen in Sünden empffangen vnd geboren / vnd von natur wie wir alle ein Kind des Zorns / vnd wie Christus in der verlesenen Predigt sagt / verloren gewesen.,ohne ists nicht dieses vnser liebes herrlin ist wie alle menschen in sünden empffangen vnd geboren vnd von natur wie wir alle ein kind des zorns vnd wie christus in der verlesenen predigt sagt verloren gewesen,ohne ists nicht dieses unser liebes herrlin ist wie alle menschen in sunden empffangen und geboren und uon natur wie wir alle ein kind des zorns und wie christus in der uerlesenen predigt sagt uerloren gewesen
sattler_predigt_1615,body,83,0,False,27,Aber wir ziehen auff vnser liebes Herrlin billich die gnadenreiche verheissung des Evangelij / daß Christus kommen in die Welt / die Sünder seelig zu machen.,aber wir ziehen auff vnser liebes herrlin billich die gnadenreiche verheissung des evangelij daß christus kommen in die welt die sünder seelig zu machen,aber wir ziehen auff unser liebes herrlin billich die gnadenreiche uerheissung des euangelii dass christus kommen in die welt die sunder seelig zu machen
sattler_predigt_1615,body,83,1,False,27,Des Menschen Sohn / spricht Christus von den Kindern insonderheit auch / ist kommen seelig zu machen das verloren ist: Es ist für ewerm Vater im Hmmel nicht der wille / daß jemand von diesen Kleinen verloren werde.,des menschen sohn spricht christus von den kindern insonderheit auch ist kommen seelig zu machen das verloren ist es ist für ewerm vater im hmmel nicht der wille daß jemand von diesen kleinen verloren werde,des menschen sohn spricht christus uon den kindern insonderheit auch ist kommen seelig zu machen das uerloren ist es ist fur ewerm uater im hmmel nicht der wille dass iemand uon diesen kleinen uerloren werde
sattler_predigt_1615,body,83,2,True,27,Das hat dem Kind / vnd vns allen Christus erworben.,das hat dem kind vnd vns allen christus erworben,das hat dem kind und uns allen christus erworben
sattler_predigt_1615,body,84,0,False,27,Das wir aber solchen Trost auff diesen jungen Herrn ziehen / des haben wir gewissen vnd bestendigen Grund.,das wir aber solchen trost auff diesen jungen herrn ziehen des haben wir gewissen vnd bestendigen grund,das wir aber solchen trost auff diesen iungen herrn ziehen des haben wir gewissen und bestendigen grund
sattler_predigt_1615,body,84,1,False,27,Denn er ist ein Mitglied der Kirchen vnd Gemein Christi / vnd ist der Christlichen Kirchen einverleibt durch die heilige Tauff / er ist da wieder geborn / denn die Tauff ist ein Bad der Wiedergeburt Tit 3. da hat er Christum als ein schönes Kleid angezogen / darin er mit allen ehren für dem Angesicht des himlischen Vaters bestehen / vnd mit Jesaja sagen kan / ich frewe mich des HERrn / vnd meine Seel ist frölich in meinem,denn er ist ein mitglied der kirchen vnd gemein christi vnd ist der christlichen kirchen einverleibt durch die heilige tauff er ist da wieder geborn denn die tauff ist ein bad der wiedergeburt tit da hat er christum als ein schönes kleid angezogen darin er mit allen ehren für dem angesicht des himlischen vaters bestehen vnd mit jesaja sagen kan ich frewe mich des herrn vnd meine seel ist frölich in meinem,denn er ist ein mitglied der kirchen und gemein christi und ist der christlichen kirchen einuerleibt durch die heilige tauff er ist da wieder geborn denn die tauff ist ein bad der wiedergeburt tit da hat er christum als ein schones kleid angezogen darin er mit allen ehren fur dem angesicht des himlischen uaters bestehen und mit iesaia sagen kan ich frewe mich des herrn und meine seel ist frolich in meinem
sattler_predigt_1615,body,84,2,False,28,GOTT. Denn er hat mich angezogen mit Kleidern des Heils / vnd mit dem Rock der Gerechtigkeit gekleidet.,gott denn er hat mich angezogen mit kleidern des heils vnd mit dem rock der gerechtigkeit gekleidet,gott denn er hat mich angezogen mit kleidern des heils und mit dem rock der gerechtigkeit gekleidet
sattler_predigt_1615,body,84,3,False,28,Vnd weil Christus hie solchen Kindern das Wort thut das sie gleuben / obs schon vnser Vernunfft zu wieder ist / so gleuben wir solchem seinem Wort.,vnd weil christus hie solchen kindern das wort thut das sie gleuben obs schon vnser vernunfft zu wieder ist so gleuben wir solchem seinem wort,und weil christus hie solchen kindern das wort thut das sie gleuben obs schon unser uernunfft zu wieder ist so gleuben wir solchem seinem wort
sattler_predigt_1615,body,84,4,False,28,Vnd hat sich solcher glaub bey dem lieben Herrlin ereuget / so Jung er auch gewesen / vnd noch nicht recht reden können.,vnd hat sich solcher glaub bey dem lieben herrlin ereuget so jung er auch gewesen vnd noch nicht recht reden können,und hat sich solcher glaub bey dem lieben herrlin ereuget so iung er auch gewesen und noch nicht recht reden konnen
sattler_predigt_1615,body,84,5,True,28,Denn er gern von GOtt vnd göttlichen Sachen geredet / sonderlich aber auch gefragt nach dem heiligen Geist / wer er sey / etc.,denn er gern von gott vnd göttlichen sachen geredet sonderlich aber auch gefragt nach dem heiligen geist wer er sey etc,denn er gern uon gott und gottlichen sachen geredet sonderlich aber auch gefragt nach dem heiligen geist wer er sey etc
sattler_predigt_1615,body,85,0,False,28,Des Morgens wenn er auffgestanden / da andere Kinder von andern sachen sagen / hat er gesagt zum Praeceptore er wolle Beten.,des morgens wenn er auffgestanden da andere kinder von andern sachen sagen hat er gesagt zum praeceptore er wolle beten,des morgens wenn er auffgestanden da andere kinder uon andern sachen sagen hat er gesagt zum praeceptore er wolle beten
sattler_predigt_1615,body,85,1,False,28,Vnd da er gefragt was er Beten wolle / etc. hat er geantwort / himlischer Vater: Gern ist er in die Kirch gangen / vnd sich dazu gefrewet / vnd da es einmahl aus gewissen Vrsachen vnterlassen / ist das Herrlin etwas vnmutig gewesen.,vnd da er gefragt was er beten wolle etc hat er geantwort himlischer vater gern ist er in die kirch gangen vnd sich dazu gefrewet vnd da es einmahl aus gewissen vrsachen vnterlassen ist das herrlin etwas vnmutig gewesen,und da er gefragt was er beten wolle etc hat er geantwort himlischer uater gern ist er in die kirch gangen und sich dazu gefrewet und da es einmahl aus gewissen ursachen unterlassen ist das herrlin etwas unmutig gewesen
sattler_predigt_1615,body,85,2,False,28,Zum Studieren haben S.F.G. zimlichen lust gehabt / vnd nach S.F.G. Alter vnd gelegenheit sich wol angelassen.,zum studieren haben s f g zimlichen lust gehabt vnd nach s f g alter vnd gelegenheit sich wol angelassen,zum studieren haben s f g zimlichen lust gehabt und nach s f g alter und gelegenheit sich wol angelassen
sattler_predigt_1615,body,85,3,False,28,Wenn auch S.F.G. etwa aus dem Fenster im Platz einen Armen gesehen / haben sie mitleidig gesagt / man sol dem armen Menschen einen Thaler geben.,wenn auch s f g etwa aus dem fenster im platz einen armen gesehen haben sie mitleidig gesagt man sol dem armen menschen einen thaler geben,wenn auch s f g etwa aus dem fenster im platz einen armen gesehen haben sie mitleidig gesagt man sol dem armen menschen einen thaler geben
sattler_predigt_1615,body,85,4,False,28,Das gebet hat S.F.G. auch in Todßnöten / biß die kranckheit Vernunfft vnd Sprach hinweg genommen / nicht vnterlassen / sonder viel deutlicher / alß niemahls im leben geschehen das Vater vnser vnd andere Gebet nachgesprochen.,das gebet hat s f g auch in todßnöten biß die kranckheit vernunfft vnd sprach hinweg genommen nicht vnterlassen sonder viel deutlicher alß niemahls im leben geschehen das vater vnser vnd andere gebet nachgesprochen,das gebet hat s f g auch in todssnoten biss die kranckheit uernunfft und sprach hinweg genommen nicht unterlassen sonder uiel deutlicher alss niemahls im leben geschehen das uater unser und andere gebet nachgesprochen
sattler_predigt_1615,body,85,5,False,28,Haben also an diesem Kind von sechs Jaren ein Exempel / daß GOtt der heilige Geist auch in den kleinen Kindern auff seine weise / seine Wirckung habe.,haben also an diesem kind von sechs jaren ein exempel daß gott der heilige geist auch in den kleinen kindern auff seine weise seine wirckung habe,haben also an diesem kind uon sechs iaren ein exempel dass gott der heilige geist auch in den kleinen kindern auff seine weise seine wirckung habe
sattler_predigt_1615,body,85,6,True,28,Ist also gute Hoffnung gewesen / dieses junge Herrlin würde / da jhm GOtt das leben gegönnet / ein löblicher vnd nützlicher Regent worden seyn.,ist also gute hoffnung gewesen dieses junge herrlin würde da jhm gott das leben gegönnet ein löblicher vnd nützlicher regent worden seyn,ist also gute hoffnung gewesen dieses iunge herrlin wurde da ihm gott das leben gegonnet ein loblicher und nutzlicher regent worden seyn
sattler_predigt_1615,body,86,0,True,28,Das nun GOtt einen solchen jungen Herrn / vnd zwar fast vnvermutlich in seiner Kindheit aus diesem leben abgefordert / daß sol vns billich allerley nachdencken machen.,das nun gott einen solchen jungen herrn vnd zwar fast vnvermutlich in seiner kindheit aus diesem leben abgefordert daß sol vns billich allerley nachdencken machen,das nun gott einen solchen iungen herrn und zwar fast unuermutlich in seiner kindheit aus diesem leben abgefordert dass sol uns billich allerley nachdencken machen
sattler_predigt_1615,body,87,0,False,29,Ohne ist es nicht / es ist diesem Fürstlichen Hause vnnd Stamm ein straff / daß ein schon Zweig vnd Ast abgebrochen / vnd dieser Stamm geschwechet / zeigt also GOtt an / wie er es bald geringer machen könte / der getrewe Vater wolle es ja hiebey bewenden lassen / vnd nicht weiter greiffen.,ohne ist es nicht es ist diesem fürstlichen hause vnnd stamm ein straff daß ein schon zweig vnd ast abgebrochen vnd dieser stamm geschwechet zeigt also gott an wie er es bald geringer machen könte der getrewe vater wolle es ja hiebey bewenden lassen vnd nicht weiter greiffen,ohne ist es nicht es ist diesem furstlichen hause unnd stamm ein straff dass ein schon zweig und ast abgebrochen und dieser stamm geschwechet zeigt also gott an wie er es bald geringer machen konte der getrewe uater wolle es ia hiebey bewenden lassen und nicht weiter greiffen
sattler_predigt_1615,body,87,1,False,29,Man mus es auch dafür achten / daß die Welt eines solchen Fürsten nicht werht gewesen / vnd GOtt vns jhn nicht gegönnet habe.,man mus es auch dafür achten daß die welt eines solchen fürsten nicht werht gewesen vnd gott vns jhn nicht gegönnet habe,man mus es auch dafur achten dass die welt eines solchen fursten nicht werht gewesen und gott uns ihn nicht gegonnet habe
sattler_predigt_1615,body,87,2,True,29,Es pflegt auch wie E. L. in der nechsten Predig erinnert / wenn GOTT also die seinen zusammen saml et / vnd vber die seiten bringt / nichts guts / sonder ein bevorstehend vnglück zubedeuten / GOtt wolle es gnediglich abwenden / wie er auch wol thun wil / wenn wir vns diesen betrübten Fall lassen ein Bußpredigt seyn.,es pflegt auch wie e l in der nechsten predig erinnert wenn gott also die seinen zusammen saml et vnd vber die seiten bringt nichts guts sonder ein bevorstehend vnglück zubedeuten gott wolle es gnediglich abwenden wie er auch wol thun wil wenn wir vns diesen betrübten fall lassen ein bußpredigt seyn,es pflegt auch wie e l in der nechsten predig erinnert wenn gott also die seinen zusammen saml et und uber die seiten bringt nichts guts sonder ein beuorstehend ungluck zubedeuten gott wolle es gnediglich abwenden wie er auch wol thun wil wenn wir uns diesen betrubten fall lassen ein busspredigt seyn
sattler_predigt_1615,body,88,0,False,29,Was aber S.F.G. vnsers lieben jungen Herrn seligen eigne Person belanget / haben wir durch aus kein vrsach wegen S.F.G. Todtes vns zugremen vnd zubekümmern.,was aber s f g vnsers lieben jungen herrn seligen eigne person belanget haben wir durch aus kein vrsach wegen s f g todtes vns zugremen vnd zubekümmern,was aber s f g unsers lieben iungen herrn seligen eigne person belanget haben wir durch aus kein ursach wegen s f g todtes uns zugremen und zubekummern
sattler_predigt_1615,body,88,1,False,29,Denn er durch die Engel / so auff die Kinder vnd gleubigen nicht allein im Leben / sonder auch im Tod warten / in Abrahams Schos getragen / vñ nu aller mühe vñ arbeit / so alle Menschen / sonderlich aber grosse Herrn haben vñ außstehen müssen / gentzlich gevbriget / vñ ruge in seiner Kam̃er.,denn er durch die engel so auff die kinder vnd gleubigen nicht allein im leben sonder auch im tod warten in abrahams schos getragen vñ nu aller mühe vñ arbeit so alle menschen sonderlich aber grosse herrn haben vñ außstehen müssen gentzlich gevbriget vñ ruge in seiner kam̃er,denn er durch die engel so auff die kinder und gleubigen nicht allein im leben sonder auch im tod warten in abrahams schos getragen und nu aller muhe und arbeit so alle menschen sonderlich aber grosse herrn haben und aussstehen mussen gentzlich geubriget und ruge in seiner kammer
sattler_predigt_1615,body,88,2,False,29,Er ist nu allem Vnglück vñ Hertzleid / daß vns andern vbergehen möchte / entsprungen / vnd dafür weggerafft.,er ist nu allem vnglück vñ hertzleid daß vns andern vbergehen möchte entsprungen vnd dafür weggerafft,er ist nu allem ungluck und hertzleid dass uns andern ubergehen mochte entsprungen und dafur weggerafft
sattler_predigt_1615,body,88,3,False,29,Nu können falsche Lehr vnd böse Exempel vnd Ergernis S.F.G. kein schaden thun.,nu können falsche lehr vnd böse exempel vnd ergernis s f g kein schaden thun,nu konnen falsche lehr und bose exempel und ergernis s f g kein schaden thun
sattler_predigt_1615,body,88,4,False,29,Er ist nu wol versorgt / vnd besser als zuvor: Er war zuvor zum Bischoff erwehlet.,er ist nu wol versorgt vnd besser als zuvor er war zuvor zum bischoff erwehlet,er ist nu wol uersorgt und besser als zuuor er war zuuor zum bischoff erwehlet
sattler_predigt_1615,body,88,5,False,29,"Aber noch nicht investiret, Christus hat wie Apoc: 1. stehet / jhn gewaschen mit seinem Blut / vnd gemacht zum König vnd Priester / vnd nu auch in die wirckliche possession immittiret vnd investiret, er ist nu für dem Stul GOTtes / vnter denen / von welchen Johannes Apoc: 7. schreibt / die jhm dienen Tag vnd Nacht: Er hat in der Kranckheit grossen Durst gelitten / nu wird jhn / wie andere gleubige / nicht mehr Hungern noch Dürsten / auch wird nicht auff jhn fallen die Sonn oder jrgend eine Hitze / sonder das Lamb mitten im Stull (vnser HERR JEsus Christus) wird jhn weiden vnd führen zu den lebendigen Wasserbrunnen / vnd GOtt wird abwischen alle threnen von seinen Augen.",aber noch nicht investiret christus hat wie apoc stehet jhn gewaschen mit seinem blut vnd gemacht zum könig vnd priester vnd nu auch in die wirckliche possession immittiret vnd investiret er ist nu für dem stul gottes vnter denen von welchen johannes apoc schreibt die jhm dienen tag vnd nacht er hat in der kranckheit grossen durst gelitten nu wird jhn wie andere gleubige nicht mehr hungern noch dürsten auch wird nicht auff jhn fallen die sonn oder jrgend eine hitze sonder das lamb mitten im stull vnser herr jesus christus wird jhn weiden vnd führen zu den lebendigen wasserbrunnen vnd gott wird abwischen alle threnen von seinen augen,aber noch nicht inuestiret christus hat wie apoc stehet ihn gewaschen mit seinem blut und gemacht zum konig und priester und nu auch in die wirckliche possession immittiret und inuestiret er ist nu fur dem stul gottes unter denen uon welchen iohannes apoc schreibt die ihm dienen tag und nacht er hat in der kranckheit grossen durst gelitten nu wird ihn wie andere gleubige nicht mehr hungern noch dursten auch wird nicht auff ihn fallen die sonn oder irgend eine hitze sonder das lamb mitten im stull unser herr iesus christus wird ihn weiden und fuhren zu den lebendigen wasserbrunnen und gott wird abwischen alle threnen uon seinen augen
sattler_predigt_1615,body,88,6,False,30,Der Leib auch / so durch die Kranckheit vbel zugerichtet ist / wird verkleret werden / daß er dem verklerten Leib Christi ehnlich werde.,der leib auch so durch die kranckheit vbel zugerichtet ist wird verkleret werden daß er dem verklerten leib christi ehnlich werde,der leib auch so durch die kranckheit ubel zugerichtet ist wird uerkleret werden dass er dem uerklerten leib christi ehnlich werde
sattler_predigt_1615,body,88,7,True,30,Summa es ist geseet verweßlich / vnd wird aufferstehen vnverweßlich / es ist geseet in vnehr / vnd wird aufferstehen in herrligkeit / es ist geseet in schwachheit / vnd wird aufferstehen in krafft / es wird geseet ein natürlicher Leib / vnd wird aufferstehen ein geistlicher Leib / dazu verhelffe vns allen / GOtt Vater / Sohn vnd heiliger Geist Amen.,summa es ist geseet verweßlich vnd wird aufferstehen vnverweßlich es ist geseet in vnehr vnd wird aufferstehen in herrligkeit es ist geseet in schwachheit vnd wird aufferstehen in krafft es wird geseet ein natürlicher leib vnd wird aufferstehen ein geistlicher leib dazu verhelffe vns allen gott vater sohn vnd heiliger geist amen,summa es ist geseet uerwesslich und wird aufferstehen unuerwesslich es ist geseet in unehr und wird aufferstehen in herrligkeit es ist geseet in schwachheit und wird aufferstehen in krafft es wird geseet ein naturlicher leib und wird aufferstehen ein geistlicher leib dazu uerhelffe uns allen gott uater sohn und heiliger geist amen
sattler_predigt_1615,body,89,0,True,30,ENDC.,endc,endc
