doc_id,block_type,para_id,sent_id,is_para_final,page_n,textstring_orig,textstring_rich,textstring_simple
389840,body,0,0,True,[1],"Moſaicum de Rahele Teſtimonium Guttarum Conſolatoriarum Stillicidium Das iſt Geiſtliche Troſtröpfflein gefloͤſſet Auß der Moſaiſchen Hiſtorien von Rahel Jn deſſen 1. Buch im 35. Cap: Auff das Schmertzlich betruͤbte Hertz Des Ehrenveſten vnd Wohlbenambten Herꝛen Bartholomæi Reimmanni, Wolverordneten Sawermanniſchen Amptmannes der Guͤtter Stein v. Stertzendorff; Beklagendt den Fruͤhzeitigen Abgang ſeiner Hertzgeliebten Ehefrawen der Weilandt Erbaren an Ehren vnd Tugendtwolreichen Fr: Mariæ geborner Benkin, welche den 19 April: An. 1638. in jhrem Kindelbette ſanfft vnd ſeelig entſchlaffen/ vnd den 25. deß/ in der Adelichen Dreſkiſchen Grufft zu Steinerdorff beygeſetzet worden Bey derſelben Chriſtlichen Sepultur in einer kurtzen Leich Sermon vorgetragen/ durch Christophorum Albinum Monſterberg: Dienern am Worte Gottes in Nambßlaw. Gedruckt zur Olſſe.",moſaicum de rahele teſtimonium guttarum conſolatoriarum stillicidium das iſt geiſtliche troſtröpfflein gefloͤſſet auß der moſaiſchen hiſtorien von rahel jn deſſen buch im cap auff das schmertzlich betruͤbte hertz des ehrenveſten vnd wohlbenambten herꝛen bartholomæi reimmanni wolverordneten sawermanniſchen amptmannes der guͤtter stein v stertzendorff beklagendt den fruͤhzeitigen abgang ſeiner hertzgeliebten ehefrawen der weilandt erbaren an ehren vnd tugendtwolreichen fr mariæ geborner benkin welche den april an in jhrem kindelbette ſanfft vnd ſeelig entſchlaffen vnd den deß in der adelichen dreſkiſchen grufft zu steinerdorff beygeſetzet worden bey derſelben chriſtlichen sepultur in einer kurtzen leich sermon vorgetragen durch christophorum albinum monſterberg dienern am worte gottes in nambßlaw gedruckt zur olſſe,mosaicum de rahele testimonium guttarum consolatoriarum stillicidium das ist geistliche trostropfflein geflosset auss der mosaischen historien uon rahel in dessen buch im cap auff das schmertzlich betrubte hertz des ehrenuesten und wohlbenambten heren bartholomaei reimmanni woluerordneten sawermannischen amptmannes der gutter stein u stertzendorff beklagendt den fruhzeitigen abgang seiner hertzgeliebten ehefrawen der weilandt erbaren an ehren und tugendtwolreichen fr mariae geborner benkin welche den april an in ihrem kindelbette sanfft und seelig entschlaffen und den dess in der adelichen dreskischen grufft zu steinerdorff beygesetzet worden bey derselben christlichen sepultur in einer kurtzen leich sermon uorgetragen durch christophorum albinum monsterberg dienern am worte gottes in nambsslaw gedruckt zur olsse
389840,item,1,0,False,[3],IN,in,in
389840,body,1,1,True,[3],NOMINE JESU. Gott der Vater alles Troſtes wohne durch ſeinen H. Geiſt/ als den Hoͤchſten vnd beſten Troͤſter in aller Noth/ bey allen betruͤbten vnd Leydetragenden hertzen/ in Chriſto JEſu vnſerm HERREN/ Amen.,nomine jesu gott der vater alles troſtes wohne durch ſeinen h geiſt als den hoͤchſten vnd beſten troͤſter in aller noth bey allen betruͤbten vnd leydetragenden hertzen in chriſto jeſu vnſerm herren amen,nomine iesu gott der uater alles trostes wohne durch seinen h geist als den hochsten und besten troster in aller noth bey allen betrubten und leydetragenden hertzen in christo iesu unserm herren amen
389840,body,2,0,False,[3],"ANdaͤchtige/ alleſampt geliebte/ auch theils betruͤbte im HErꝛen/ Nach dem Koͤnig David in ſeinem wehrenden Exilio vnd Flucht vor Saul/ hin vnd wider ſich auffgehalten hatte/ kam er entlich auch in der Philiſter Land zum Koͤnige Achis, der nahm jhn zuſampt ſeinen 600 Maͤnnern ſo ſich zu jhm geſchlagen hatten auff/ vnd reumet jhm die Stadt Ziklag ein zur wohnung: Nachmals als die Philiſter jhr Heër verſamleten in Streitt zuziehen wieder Jſraël/ befahl der Koͤnig Achis dem David das er zuſampt ſeinen bey ſich habenden Maͤnnern mit ins Heër außziehen ſolte/ welches denn David nicht außſchlug/ ſondern Zog auff begehren des Koͤniges mit ſeinem Volck inn Krieg: Vnter deſſen fielen die Amalekiter Davids abgeſagte Feinde zu Ziklag ein/ verbrandtẽ die Stadt mit Fewer/ raubeten alles was ſie funden/ vnd fuͤhreten auch alle Weiber darauß mit ſich gefangen hinweg: Weil aber die Fuͤrſten der Philiſter nicht wolten das David mit ſeinen Maͤnnern nebenſt jhnen in Streitt ziehen ſolte/ weil ſie ſich etwa einer Verꝛaͤhterey von jhnen befahreten/ hieß Achis David vnd ſein Volck wieder zu ruͤck ſich begeben: Als ſie nu wiederumb gehn Ziklag kamen/ vnd befunden das nicht allein jhr Haab vnd Gutt geraubet/ ſondern das auch die Kluge vnd Tugentſame Abigail, Davids Weib/ zuſampt allen andern Weibern gefangen weg gefuͤhret waren/ entſtund bey David vñ ſeinen Maͤñern ein ſolch Hertzen leidt/ Jammer vnd Weheklagen/ daß/ wie der Text daſelbſt berichtet/ ſie jhre Stimme erhaben/ vnd dermaſſen geweinet/ biß ſie nicht mehr haben weinen koͤnnen/ wie hiervon zuleſen im 1. Sam: 30. C. Auß dieſer trawrigen Hiſtoria iſt abzunehmen/ was fuͤr ein Hochſchmertzliches vnd faſt vnaußſprechliches Weh vnd Hertzenleidt es ſein muͤſſe/ wann Gott der HERR dem Feinde Menſchliches Lebens dem Tode zuleſſet/ das er in eines fromen Ehrliebenden Mannes Hauß einfellet/ vnd jhm ſeinen liebſten Eheſchatz ploͤtzlich vnd vnverſehens hinreiſſet/ vnd auß den Augen weg fuͤhret/ denn weil der H. Geiſt Syr: 26. einen Mann Gluͤckſelig preiſet/ der ein Tugendtſam Weib hat/ iſt leicht zu erachten/ welch ein Vngluͤckſeliger Mann dieſer ſein muß/ der eines ſolchen Schatzes beraubet wirdt: O des groſſen verluſts!",andaͤchtige alleſampt geliebte auch theils betruͤbte im herꝛen nach dem koͤnig david in ſeinem wehrenden exilio vnd flucht vor saul hin vnd wider ſich auffgehalten hatte kam er entlich auch in der philiſter land zum koͤnige achis der nahm jhn zuſampt ſeinen maͤnnern ſo ſich zu jhm geſchlagen hatten auff vnd reumet jhm die stadt ziklag ein zur wohnung nachmals als die philiſter jhr heër verſamleten in streitt zuziehen wieder jſraël befahl der koͤnig achis dem david das er zuſampt ſeinen bey ſich habenden maͤnnern mit ins heër außziehen ſolte welches denn david nicht außſchlug ſondern zog auff begehren des koͤniges mit ſeinem volck inn krieg vnter deſſen fielen die amalekiter davids abgeſagte feinde zu ziklag ein verbrandtẽ die stadt mit fewer raubeten alles was ſie funden vnd fuͤhreten auch alle weiber darauß mit ſich gefangen hinweg weil aber die fuͤrſten der philiſter nicht wolten das david mit ſeinen maͤnnern nebenſt jhnen in streitt ziehen ſolte weil ſie ſich etwa einer verꝛaͤhterey von jhnen befahreten hieß achis david vnd ſein volck wieder zu ruͤck ſich begeben als ſie nu wiederumb gehn ziklag kamen vnd befunden das nicht allein jhr haab vnd gutt geraubet ſondern das auch die kluge vnd tugentſame abigail davids weib zuſampt allen andern weibern gefangen weg gefuͤhret waren entſtund bey david vñ ſeinen maͤñern ein ſolch hertzen leidt jammer vnd weheklagen daß wie der text daſelbſt berichtet ſie jhre stimme erhaben vnd dermaſſen geweinet biß ſie nicht mehr haben weinen koͤnnen wie hiervon zuleſen im sam c auß dieſer trawrigen hiſtoria iſt abzunehmen was fuͤr ein hochſchmertzliches vnd faſt vnaußſprechliches weh vnd hertzenleidt es ſein muͤſſe wann gott der herr dem feinde menſchliches lebens dem tode zuleſſet das er in eines fromen ehrliebenden mannes hauß einfellet vnd jhm ſeinen liebſten eheſchatz ploͤtzlich vnd vnverſehens hinreiſſet vnd auß den augen weg fuͤhret denn weil der h geiſt syr einen mann gluͤckſelig preiſet der ein tugendtſam weib hat iſt leicht zu erachten welch ein vngluͤckſeliger mann dieſer ſein muß der eines ſolchen schatzes beraubet wirdt o des groſſen verluſts,andachtige allesampt geliebte auch theils betrubte im heren nach dem konig dauid in seinem wehrenden exilio und flucht uor saul hin und wider sich auffgehalten hatte kam er entlich auch in der philister land zum konige achis der nahm ihn zusampt seinen mannern so sich zu ihm geschlagen hatten auff und reumet ihm die stadt ziklag ein zur wohnung nachmals als die philister ihr heer uersamleten in streitt zuziehen wieder israel befahl der konig achis dem dauid das er zusampt seinen bey sich habenden mannern mit ins heer aussziehen solte welches denn dauid nicht aussschlug sondern zog auff begehren des koniges mit seinem uolck inn krieg unter dessen fielen die amalekiter dauids abgesagte feinde zu ziklag ein uerbrandten die stadt mit fewer raubeten alles was sie funden und fuhreten auch alle weiber darauss mit sich gefangen hinweg weil aber die fursten der philister nicht wolten das dauid mit seinen mannern nebenst ihnen in streitt ziehen solte weil sie sich etwa einer uerahterey uon ihnen befahreten hiess achis dauid und sein uolck wieder zu ruck sich begeben als sie nu wiederumb gehn ziklag kamen und befunden das nicht allein ihr haab und gutt geraubet sondern das auch die kluge und tugentsame abigail dauids weib zusampt allen andern weibern gefangen weg gefuhret waren entstund bey dauid und seinen mannern ein solch hertzen leidt iammer und weheklagen dass wie der text daselbst berichtet sie ihre stimme erhaben und dermassen geweinet biss sie nicht mehr haben weinen konnen wie hieruon zulesen im sam c auss dieser trawrigen historia ist abzunehmen was fur ein hochschmertzliches und fast unausssprechliches weh und hertzenleidt es sein musse wann gott der herr dem feinde menschliches lebens dem tode zulesset das er in eines fromen ehrliebenden mannes hauss einfellet und ihm seinen liebsten eheschatz plotzlich und unuersehens hinreisset und auss den augen weg fuhret denn weil der h geist syr einen mann gluckselig preiset der ein tugendtsam weib hat ist leicht zu erachten welch ein ungluckseliger mann dieser sein muss der eines solchen schatzes beraubet wirdt o des grossen uerlusts
389840,body,2,1,False,[4],O der jaͤmmerlichen Angſt vnd Noth!,o der jaͤmmerlichen angſt vnd noth,o der iammerlichen angst und noth
389840,body,2,2,False,[4],O wie anmuttig iſt die ſchoͤne Welt/ wañ die helleleuchtende Sonne mit jhren glaͤntzenden Stralen ſich ſehen leſſet vnd ſcheinet!,o wie anmuttig iſt die ſchoͤne welt wañ die helleleuchtende sonne mit jhren glaͤntzenden stralen ſich ſehen leſſet vnd ſcheinet,o wie anmuttig ist die schone welt wann die helleleuchtende sonne mit ihren glantzenden stralen sich sehen lesset und scheinet
389840,body,2,3,False,[4],O wie Melancoliſch iſt es/ wann die Sonne vnter den tunckelen truͤbẽ Wolcken ſich verbirget vnd nicht ſcheinet; Alſo ſo lange das Weib/ welches Syrach im 26. Cap: mit der Sonnen Compariret/ noch im Hauſe iſt vnd lebet/ da ſtehet es wol/ vnd gehet die Nahrung fort/ ſo bald ſie aber todt vnd hinweg/ iſt nichts als Verluſt vnd Vnordnung/ Angſt vnd Noth; Bevorauß wann es der Allmaͤchtige Gott alſo fuͤget vnd ſchicket/ daß das Weib in Kindesnoͤten einen harten ſtandt gehabt/ vnd entweder in wehrenden Geburtſchmertzen/ oder kurtz darauff jhren Geiſt auffgeben muß.,o wie melancoliſch iſt es wann die sonne vnter den tunckelen truͤbẽ wolcken ſich verbirget vnd nicht ſcheinet alſo ſo lange das weib welches syrach im cap mit der sonnen compariret noch im hauſe iſt vnd lebet da ſtehet es wol vnd gehet die nahrung fort ſo bald ſie aber todt vnd hinweg iſt nichts als verluſt vnd vnordnung angſt vnd noth bevorauß wann es der allmaͤchtige gott alſo fuͤget vnd ſchicket daß das weib in kindesnoͤten einen harten ſtandt gehabt vnd entweder in wehrenden geburtſchmertzen oder kurtz darauff jhren geiſt auffgeben muß,o wie melancolisch ist es wann die sonne unter den tunckelen truben wolcken sich uerbirget und nicht scheinet also so lange das weib welches syrach im cap mit der sonnen compariret noch im hause ist und lebet da stehet es wol und gehet die nahrung fort so bald sie aber todt und hinweg ist nichts als uerlust und unordnung angst und noth beuorauss wann es der allmachtige gott also fuget und schicket dass das weib in kindesnoten einen harten standt gehabt und entweder in wehrenden geburtschmertzen oder kurtz darauff ihren geist auffgeben muss
389840,body,2,4,False,[4],"Demnach iſt leicht zu ermeſſen/ was vor weh vnd Hertzenleidt vnſer hoch betruͤbter Herꝛ Wittiber in derogleichen Caſu an jtzo bey ſich empfinden muͤſſe: Ach der Todt iſt auch bey jhm eingefallen/ vnd hat jhm geraubet ſeine Hertzallerliebſte Abigail, Seine vernuͤnfftige Ehefraw/ Syr: 7. Sein frohmes Weib/ Syr: 9. Seine Trewe gehuͤlffin/ Syr: 37. Die Saͤule derer er ſich troͤſten konte/ Ibidem, das liebe Weib ſeiner jugend/ Prov: 5. den fruchtbaren Weinſtock ſeiner Hanſee/ Pſ. 128. Die koͤſtliche Perle ſeiner Friedreichen Ehe/ Proverb: 31. Auff die ſich ſein Hertz verlaſſen dorffte/ die jhm Liebes vñ kein Leides that jhr Lebenlang/ Proverb. 31. Die Sonne vnd Zierde ſeines Hauſes/ Syr: 26. Solte jhm nicht hieruͤber das Hertz im Leibe trawren/ weinen/ Zittern vnd beben?",demnach iſt leicht zu ermeſſen was vor weh vnd hertzenleidt vnſer hoch betruͤbter herꝛ wittiber in derogleichen caſu an jtzo bey ſich empfinden muͤſſe ach der todt iſt auch bey jhm eingefallen vnd hat jhm geraubet ſeine hertzallerliebſte abigail seine vernuͤnfftige ehefraw syr sein frohmes weib syr seine trewe gehuͤlffin syr die saͤule derer er ſich troͤſten konte ibidem das liebe weib ſeiner jugend prov den fruchtbaren weinſtock ſeiner hanſee pſ die koͤſtliche perle ſeiner friedreichen ehe proverb auff die ſich ſein hertz verlaſſen dorffte die jhm liebes vñ kein leides that jhr lebenlang proverb die sonne vnd zierde ſeines hauſes syr solte jhm nicht hieruͤber das hertz im leibe trawren weinen zittern vnd beben,demnach ist leicht zu ermessen was uor weh und hertzenleidt unser hoch betrubter her wittiber in derogleichen casu an itzo bey sich empfinden musse ach der todt ist auch bey ihm eingefallen und hat ihm geraubet seine hertzallerliebste abigail seine uernunfftige ehefraw syr sein frohmes weib syr seine trewe gehulffin syr die saule derer er sich trosten konte ibidem das liebe weib seiner iugend prou den fruchtbaren weinstock seiner hansee ps die kostliche perle seiner friedreichen ehe prouerb auff die sich sein hertz uerlassen dorffte die ihm liebes und kein leides that ihr lebenlang prouerb die sonne und zierde seines hauses syr solte ihm nicht hieruber das hertz im leibe trawren weinen zittern und beben
389840,body,2,5,True,[5],"Es wird an jhm jtzundt war/ das gemeine Sprichwort: Omne Mel habet ſuum Fel, Das iſt/ keine Lieb iſt ohn Leid/ kaum kan groͤſſer Liebe zwiſchen zweyen Eheleuten gefunden werden/ als zwiſchen dieſen beyden geweſen/ Aber ſo groß die Liebe geweſen/ ſo groß iſt jtzo auch das Leid ſo jhm durch dieſe Schmertzliche Trennung zu geſtanden: Damit aber ſolches ſein Leid vnd Betruͤbnuͤß in etwas gemindert werde/ ſo wollen wir an jtzo Gottes Wort das beſte Troſtbuch auffſchlagen/ vnd jhm darinnen kraͤfftigen Troſt zeigen/ hierzu wir dann die huͤlffe des Heiligen Geiſtes erbitten wollen/ mit dem Gebet das vns der HERR JEſus ſelbſt gelehret hat/ Betet derwegen mit hertzlicher Andacht/ Vater vnſer/ ꝛc.",es wird an jhm jtzundt war das gemeine sprichwort omne mel habet ſuum fel das iſt keine lieb iſt ohn leid kaum kan groͤſſer liebe zwiſchen zweyen eheleuten gefunden werden als zwiſchen dieſen beyden geweſen aber ſo groß die liebe geweſen ſo groß iſt jtzo auch das leid ſo jhm durch dieſe schmertzliche trennung zu geſtanden damit aber ſolches ſein leid vnd betruͤbnuͤß in etwas gemindert werde ſo wollen wir an jtzo gottes wort das beſte troſtbuch auffſchlagen vnd jhm darinnen kraͤfftigen troſt zeigen hierzu wir dann die huͤlffe des heiligen geiſtes erbitten wollen mit dem gebet das vns der herr jeſus ſelbſt gelehret hat betet derwegen mit hertzlicher andacht vater vnſer ꝛc,es wird an ihm itzundt war das gemeine sprichwort omne mel habet suum fel das ist keine lieb ist ohn leid kaum kan grosser liebe zwischen zweyen eheleuten gefunden werden als zwischen diesen beyden gewesen aber so gross die liebe gewesen so gross ist itzo auch das leid so ihm durch diese schmertzliche trennung zu gestanden damit aber solches sein leid und betrubnuss in etwas gemindert werde so wollen wir an itzo gottes wort das beste trostbuch auffschlagen und ihm darinnen krafftigen trost zeigen hierzu wir dann die hulffe des heiligen geistes erbitten wollen mit dem gebet das uns der herr iesus selbst gelehret hat betet derwegen mit hertzlicher andacht uater unser c
389840,body,3,0,True,[5],"Hoͤꝛet an die Hiſtoriam Rahelis vñ jhꝛes Schmertzen Kindes Benoni, welche der Mann Gottes Moſes im 35. Cap: Seines 1. Buchs mit dieſen Worten referiret, vnd beſchreibet.",hoͤꝛet an die hiſtoriam rahelis vñ jhꝛes schmertzen kindes benoni welche der mann gottes moſes im cap seines buchs mit dieſen worten referiret vnd beſchreibet,hoet an die historiam rahelis und ihes schmertzen kindes benoni welche der mann gottes moses im cap seines buchs mit diesen worten referiret und beschreibet
389840,head,4,0,True,[6],EXORDIUM.,exordium,exordium
389840,body,5,0,False,[6],ANdaͤchtige/ im HERREN geliebte/ auch gutten theils Schmertzlich betruͤbte/ An jtzo halten vnd begehen wir einen vnzeitigen/ vngewoͤhnlichen/ ja gantz betruͤbten vnd Trawrigen Kirchgang/ mit einer frohmen Gottſeligen Kindelbetterin/ Der Weilandt Erbahren/ an Ehren vnd Tugendt-Wolreichen Frawen Marien gebohrner Benkin.,andaͤchtige im herren geliebte auch gutten theils schmertzlich betruͤbte an jtzo halten vnd begehen wir einen vnzeitigen vngewoͤhnlichen ja gantz betruͤbten vnd trawrigen kirchgang mit einer frohmen gottſeligen kindelbetterin der weilandt erbahren an ehren vnd tugendtwolreichen frawen marien gebohrner benkin,andachtige im herren geliebte auch gutten theils schmertzlich betrubte an itzo halten und begehen wir einen unzeitigen ungewohnlichen ia gantz betrubten und trawrigen kirchgang mit einer frohmen gottseligen kindelbetterin der weilandt erbahren an ehren und tugendtwolreichen frawen marien gebohrner benkin
389840,body,5,1,False,[6],"Deñ vnzeitig iſt anfaͤnglich dieſer Kirchgang/ Sintemal noch nicht drey Wochen verfloſſen/ als Wolgemelte ſeelige Fraw Maria, den juͤngſt verſtrichenen 7. Tag Aprilis, durch Goͤttliche huͤlffe vnd beyſtandt eines jungen Sohnes geneſen.",deñ vnzeitig iſt anfaͤnglich dieſer kirchgang sintemal noch nicht drey wochen verfloſſen als wolgemelte ſeelige fraw maria den juͤngſt verſtrichenen tag aprilis durch goͤttliche huͤlffe vnd beyſtandt eines jungen sohnes geneſen,denn unzeitig ist anfanglich dieser kirchgang sintemal noch nicht drey wochen uerflossen als wolgemelte seelige fraw maria den iungst uerstrichenen tag aprilis durch gottliche hulffe und beystandt eines iungen sohnes genesen
389840,body,5,2,True,[6],"Nu hat Gott der HERR in ſeinem Geſetze im 3. Buch Moſis am 12. Capit: den Juͤdiſchen Kindelbetterin verordnet vnd befohlen/ daß wenn ſie ein Knaͤblein gebohren/ haben ſie 40 Tage/ das iſt 6. Wochen lang ſich jnnen halten/ vnd zum Heiligthumb nicht kommen duͤrffen/ ſondern nach vollbrachter ſolcher beſtimbten Zeit allererſt jhren Kirchgang halten ſollen; Vnd ob wol die Chriſtlichen Sechswoͤchnerin/ im New: Teſtament/ an ſolche Moſaiſche ſatzung vnd aͤuſſerliche Kirchenordnung nicht verbunden/ ſondern durch Chriſtum davon befreyet worden/ denn das Geſetz iſt vnſer Zuchtmeiſter geweſen auff Chriſtum/ nu aber Er kommen/ vnd ſich vnter das Geſetz gethan/ ſindt wir nicht mehr vnter dem Zuchtmeiſter/ wie S. Paulus Gal: 3. bezenget/ Jedoch weil das Weibliche geſchlecht das Schwechſte Werckzeug iſt/ 1. Petr: 3. Vnd die Geburts ſchmertzen ſo groß/ das auch die Propheten die hoͤchſte Angſt vnd Drangſal dadurch fuͤrbilden/ Eſa: 26. 37. Wie hernach ferner wird gedacht werden/ dadurch die Leibeskraͤfften ſehr geſchwecht werden/ ſo wird zu recuperirung derſelben noch heute zu tage billich Chriſtlichen Kindtbetterin ſolche Zeit vnd Ehre gegoͤnnet/ das ſie ſich gewiſſe Zeit/ benenntlichen 6. Wochen jnne halten/ vnd jhrer geſundheit pflegen/ weil aber ſolche zeit mit vnſer Gottſeligen Frawen mehr als vmb 3 Wochen anticipiret, als iſt dieſes ein vnzeitiger Kirchgang.",nu hat gott der herr in ſeinem geſetze im buch moſis am capit den juͤdiſchen kindelbetterin verordnet vnd befohlen daß wenn ſie ein knaͤblein gebohren haben ſie tage das iſt wochen lang ſich jnnen halten vnd zum heiligthumb nicht kommen duͤrffen ſondern nach vollbrachter ſolcher beſtimbten zeit allererſt jhren kirchgang halten ſollen vnd ob wol die chriſtlichen sechswoͤchnerin im new teſtament an ſolche moſaiſche ſatzung vnd aͤuſſerliche kirchenordnung nicht verbunden ſondern durch chriſtum davon befreyet worden denn das geſetz iſt vnſer zuchtmeiſter geweſen auff chriſtum nu aber er kommen vnd ſich vnter das geſetz gethan ſindt wir nicht mehr vnter dem zuchtmeiſter wie s paulus gal bezenget jedoch weil das weibliche geſchlecht das schwechſte werckzeug iſt petr vnd die geburts ſchmertzen ſo groß das auch die propheten die hoͤchſte angſt vnd drangſal dadurch fuͤrbilden eſa wie hernach ferner wird gedacht werden dadurch die leibeskraͤfften ſehr geſchwecht werden ſo wird zu recuperirung derſelben noch heute zu tage billich chriſtlichen kindtbetterin ſolche zeit vnd ehre gegoͤnnet das ſie ſich gewiſſe zeit benenntlichen wochen jnne halten vnd jhrer geſundheit pflegen weil aber ſolche zeit mit vnſer gottſeligen frawen mehr als vmb wochen anticipiret als iſt dieſes ein vnzeitiger kirchgang,nu hat gott der herr in seinem gesetze im buch mosis am capit den iudischen kindelbetterin uerordnet und befohlen dass wenn sie ein knablein gebohren haben sie tage das ist wochen lang sich innen halten und zum heiligthumb nicht kommen durffen sondern nach uollbrachter solcher bestimbten zeit allererst ihren kirchgang halten sollen und ob wol die christlichen sechswochnerin im new testament an solche mosaische satzung und ausserliche kirchenordnung nicht uerbunden sondern durch christum dauon befreyet worden denn das gesetz ist unser zuchtmeister gewesen auff christum nu aber er kommen und sich unter das gesetz gethan sindt wir nicht mehr unter dem zuchtmeister wie s paulus gal bezenget iedoch weil das weibliche geschlecht das schwechste werckzeug ist petr und die geburts schmertzen so gross das auch die propheten die hochste angst und drangsal dadurch furbilden esa wie hernach ferner wird gedacht werden dadurch die leibeskrafften sehr geschwecht werden so wird zu recuperirung derselben noch heute zu tage billich christlichen kindtbetterin solche zeit und ehre gegonnet das sie sich gewisse zeit benenntlichen wochen inne halten und ihrer gesundheit pflegen weil aber solche zeit mit unser gottseligen frawen mehr als umb wochen anticipiret als ist dieses ein unzeitiger kirchgang
389840,body,6,0,True,[7],Vngewoͤhnlich aber iſt/ vors ander/ auch dieſer Kirchgang/ dieweil ſonſten ein Sechswöchnerin pfleget mit Weibes Perſonen/ mit jhren Gevatterinnen vnd nechſten Freundinen zur Kirchen zu gehen: Bey dieſem Kirchgang aber befinden ſich Mannes vnd Weibes Perſonen inn anſehlicher Verſamlung/ vnd traͤgt nicht die Fraw Sechswoͤchnerin jhr Kindlein auff jhren Armen zur Kirchen/ ſondern Sie wird ſelber inn einer Todtenbaar zur Kirchen getragen/ welches vngewoͤhnlich.,vngewoͤhnlich aber iſt vors ander auch dieſer kirchgang dieweil ſonſten ein sechswöchnerin pfleget mit weibes perſonen mit jhren gevatterinnen vnd nechſten freundinen zur kirchen zu gehen bey dieſem kirchgang aber befinden ſich mannes vnd weibes perſonen inn anſehlicher verſamlung vnd traͤgt nicht die fraw sechswoͤchnerin jhr kindlein auff jhren armen zur kirchen ſondern sie wird ſelber inn einer todtenbaar zur kirchen getragen welches vngewoͤhnlich,ungewohnlich aber ist uors ander auch dieser kirchgang dieweil sonsten ein sechswochnerin pfleget mit weibes personen mit ihren geuatterinnen und nechsten freundinen zur kirchen zu gehen bey diesem kirchgang aber befinden sich mannes und weibes personen inn ansehlicher uersamlung und tragt nicht die fraw sechswochnerin ihr kindlein auff ihren armen zur kirchen sondern sie wird selber inn einer todtenbaar zur kirchen getragen welches ungewohnlich
389840,body,7,0,False,[7],Ein ſehr betruͤbter Kirchgang iſts auch/ dieweil daruͤber der hinterlaſſene Herꝛ Wittiber/ der Liebe Alte Herꝛ Vater/ geſchwiſter vnd Kinder der ſeeligen Frawen/ vnd gantze zugethane Freundtſchafft/ wie auch viel andere frohme hertzen hoͤchlich betruͤbet werden/ vnd denſelbigen mit vielen Seufftzen/ bittern vnd heiſſen Thraͤnen begehen.,ein ſehr betruͤbter kirchgang iſts auch dieweil daruͤber der hinterlaſſene herꝛ wittiber der liebe alte herꝛ vater geſchwiſter vnd kinder der ſeeligen frawen vnd gantze zugethane freundtſchafft wie auch viel andere frohme hertzen hoͤchlich betruͤbet werden vnd denſelbigen mit vielen seufftzen bittern vnd heiſſen thraͤnen begehen,ein sehr betrubter kirchgang ists auch dieweil daruber der hinterlassene her wittiber der liebe alte her uater geschwister und kinder der seeligen frawen und gantze zugethane freundtschafft wie auch uiel andere frohme hertzen hochlich betrubet werden und denselbigen mit uielen seufftzen bittern und heissen thranen begehen
389840,body,7,1,True,[7],Ach leicht iſt es zu erachten/ wie Weh vnſerm Herꝛen Wittiber der geſchehene Riß vnd Stoß/ So er an ſein Hertze/ durch toͤdtliche Abfoderung ſeiner lieben Haußehre empfangen/ thun muͤſſe; Es thut ja hefftig wehe/ wan einem ein Glied an ſeinem Leibe verletzet wirdt/ Es deucht einen der gantze Leib ſey voller Wunden vnd Eiterbeulen/ man darff einen nicht ſehr auff ſolch verletzt Glied ſchlagen oder druͤcken/ ſo fuͤhlet ers durch ſeinen gantzen Leib/ wie vielmehr ſchmiertzet es/ wann das Hertze beſchaͤdiget wirdt/ welches dañ geſchiehet/ wann zwey frohme Ehegatten durch den Todt getrennet werden/ da heiſt es/ wie der Chriſtliche Poët Stigelius ſaget:,ach leicht iſt es zu erachten wie weh vnſerm herꝛen wittiber der geſchehene riß vnd stoß so er an ſein hertze durch toͤdtliche abfoderung ſeiner lieben haußehre empfangen thun muͤſſe es thut ja hefftig wehe wan einem ein glied an ſeinem leibe verletzet wirdt es deucht einen der gantze leib ſey voller wunden vnd eiterbeulen man darff einen nicht ſehr auff ſolch verletzt glied ſchlagen oder druͤcken ſo fuͤhlet ers durch ſeinen gantzen leib wie vielmehr ſchmiertzet es wann das hertze beſchaͤdiget wirdt welches dañ geſchiehet wann zwey frohme ehegatten durch den todt getrennet werden da heiſt es wie der chriſtliche poët stigelius ſaget,ach leicht ist es zu erachten wie weh unserm heren wittiber der geschehene riss und stoss so er an sein hertze durch todtliche abfoderung seiner lieben haussehre empfangen thun musse es thut ia hefftig wehe wan einem ein glied an seinem leibe uerletzet wirdt es deucht einen der gantze leib sey uoller wunden und eiterbeulen man darff einen nicht sehr auff solch uerletzt glied schlagen oder drucken so fuhlet ers durch seinen gantzen leib wie uielmehr schmiertzet es wann das hertze beschadiget wirdt welches dann geschiehet wann zwey frohme ehegatten durch den todt getrennet werden da heist es wie der christliche poet stigelius saget
389840,body,8,0,True,[7],"Non dolor est major, quàm cum violentia mortis",non dolor est major quàm cum violentia mortis,non dolor est maior quam cum uiolentia mortis
389840,body,9,0,True,[7],Unanimi ſoluit corda ligata fide.,unanimi ſoluit corda ligata fide,unanimi soluit corda ligata fide
389840,item,10,0,True,[7],Das iſt:,das iſt,das ist
389840,body,11,0,True,[7],Kein groͤſſer Schmertz auff Erden iſt/,kein groͤſſer schmertz auff erden iſt,kein grosser schmertz auff erden ist
389840,body,12,0,True,[7],Als wann der Todt in ſchneller friſt/,als wann der todt in ſchneller friſt,als wann der todt in schneller frist
389840,body,13,0,True,[7],Zwey Hertzen von einander reiſt/,zwey hertzen von einander reiſt,zwey hertzen uon einander reist
389840,body,14,0,True,[7],Jn den geweſt ein Sinn vnd Geiſt;,jn den geweſt ein sinn vnd geiſt,in den gewest ein sinn und geist
389840,body,15,0,False,[8],Denn ſolches Liebebandt zureiſt nicht ohn groß knacken vnd ſchmertzen des Hertzens/ Sintemal diß iſt das rechte Hertzeleid vnd ſcharffe διχοτομία oder Trennung/ davon der alte Kirchenlehrer Baſilius redet/ wann Gott der HERR gleichſam eines geſunden Menſchen hertzen mitten von einander in zwey ſtuͤck zertheilet/ derer man eines ins Erdreich verſcharꝛet/ das ander aber alſo blutruͤnſtig vnd vnverbunden im Leibe hangen bleibet: Dannher D. Eberus ein vornehmer Profeſſor zu Wittenberg geſagt/ da jhn dergleichen Hertzenleidt betroffen/ wann mir/ ſprach er/ vor deſſen meine Kinder vnterſchiedlich geſtorben ſein/ ſo hab ich ſchmertzen gefuͤhlet/ als wann man mir ein Hand oď Fuß abloͤſete/ aber bey abſterben meines lieben Weibes ſchmirtzet vnd tobet es/ als wann man mir Rieben außm Leibe/ oder das halbe theil vom Hertzen weg riſſe.,denn ſolches liebebandt zureiſt nicht ohn groß knacken vnd ſchmertzen des hertzens sintemal diß iſt das rechte hertzeleid vnd ſcharffe διχοτομία oder trennung davon der alte kirchenlehrer baſilius redet wann gott der herr gleichſam eines geſunden menſchen hertzen mitten von einander in zwey ſtuͤck zertheilet derer man eines ins erdreich verſcharꝛet das ander aber alſo blutruͤnſtig vnd vnverbunden im leibe hangen bleibet dannher d eberus ein vornehmer profeſſor zu wittenberg geſagt da jhn dergleichen hertzenleidt betroffen wann mir ſprach er vor deſſen meine kinder vnterſchiedlich geſtorben ſein ſo hab ich ſchmertzen gefuͤhlet als wann man mir ein hand oď fuß abloͤſete aber bey abſterben meines lieben weibes ſchmirtzet vnd tobet es als wann man mir rieben außm leibe oder das halbe theil vom hertzen weg riſſe,denn solches liebebandt zureist nicht ohn gross knacken und schmertzen des hertzens sintemal diss ist das rechte hertzeleid und scharffe oder trennung dauon der alte kirchenlehrer basilius redet wann gott der herr gleichsam eines gesunden menschen hertzen mitten uon einander in zwey stuck zertheilet derer man eines ins erdreich uerscharet das ander aber also blutrunstig und unuerbunden im leibe hangen bleibet dannher d eberus ein uornehmer professor zu wittenberg gesagt da ihn dergleichen hertzenleidt betroffen wann mir sprach er uor dessen meine kinder unterschiedlich gestorben sein so hab ich schmertzen gefuhlet als wann man mir ein hand od fuss ablosete aber bey absterben meines lieben weibes schmirtzet und tobet es als wann man mir rieben aussm leibe oder das halbe theil uom hertzen weg risse
389840,body,15,1,False,[8],Mit was vor Hertzenleidt auch der liebe alte Herꝛ Vater/ ſeiner liebſten/ einigen Frawen Tochter/ die Armen Waißlein jhrer lieben Mutter/ das Geſchwiſter jhrer lieben Fr. Schweſter/ ja alle Blut- vnd Muthfreunde/ ſolcher angeſtelten Proceſſion an jtzo beywohnen/ kan ein jeder vernuͤnfftiger weißlichen bey ſich ſelbſten abnehmen/ das alſo diß auch ein ſehr betruͤbter vnd trawriger Kirchgang iſt.,mit was vor hertzenleidt auch der liebe alte herꝛ vater ſeiner liebſten einigen frawen tochter die armen waißlein jhrer lieben mutter das geſchwiſter jhrer lieben fr schweſter ja alle blut vnd muthfreunde ſolcher angeſtelten proceſſion an jtzo beywohnen kan ein jeder vernuͤnfftiger weißlichen bey ſich ſelbſten abnehmen das alſo diß auch ein ſehr betruͤbter vnd trawriger kirchgang iſt,mit was uor hertzenleidt auch der liebe alte her uater seiner liebsten einigen frawen tochter die armen waisslein ihrer lieben mutter das geschwister ihrer lieben fr schwester ia alle blut und muthfreunde solcher angestelten procession an itzo beywohnen kan ein ieder uernunfftiger weisslichen bey sich selbsten abnehmen das also diss auch ein sehr betrubter und trawriger kirchgang ist
389840,body,15,2,False,[8],Aber wie zuthun?,aber wie zuthun,aber wie zuthun
389840,body,15,3,False,[8],"Factum eſt ſicut Domino placuit, Es iſt geſchehen/ wie es Gott dem HERREN gefallen; Ferendum eſt quod mutari non poteſt, Man kan es nicht aͤndern/ man muß es Gott befehlen/ vnd ſeinen Nahmen hieruͤber loben vnd Preiſen.",factum eſt ſicut domino placuit es iſt geſchehen wie es gott dem herren gefallen ferendum eſt quod mutari non poteſt man kan es nicht aͤndern man muß es gott befehlen vnd ſeinen nahmen hieruͤber loben vnd preiſen,factum est sicut domino placuit es ist geschehen wie es gott dem herren gefallen ferendum est quod mutari non potest man kan es nicht andern man muss es gott befehlen und seinen nahmen hieruber loben und preisen
389840,body,15,4,True,[8],"Weil aber ein betruͤbtes Hertz in ſeinem groſſen Leidt vñ ſchmertzen ſich nicht alſo bald recolligiren, vnd ſich ſelbſten Troſtes erholen kan/ Als wollen wir die abgeleſene Worte vor vns nehmen/ vnd durch Gottes verleihung kuͤrtzlichẽ anzeigen:",weil aber ein betruͤbtes hertz in ſeinem groſſen leidt vñ ſchmertzen ſich nicht alſo bald recolligiren vnd ſich ſelbſten troſtes erholen kan als wollen wir die abgeleſene worte vor vns nehmen vnd durch gottes verleihung kuͤrtzlichẽ anzeigen,weil aber ein betrubtes hertz in seinem grossen leidt und schmertzen sich nicht also bald recolligiren und sich selbsten trostes erholen kan als wollen wir die abgelesene worte uor uns nehmen und durch gottes uerleihung kurtzlichen anzeigen
389840,body,16,0,False,[8],Was nehmlich vor Geiſtliche/ Hertzerquickende Troſttroͤpfflein auß vnſer Moſaiſchen Hiſtori/ auff das hochbetruͤbte vnd gleichſam lechtzende Hertze vnſers Herꝛen Wittibers/ vnd der andern betruͤbten/ deſtillire vnd flieſſe?,was nehmlich vor geiſtliche hertzerquickende troſttroͤpfflein auß vnſer moſaiſchen hiſtori auff das hochbetruͤbte vnd gleichſam lechtzende hertze vnſers herꝛen wittibers vnd der andern betruͤbten deſtillire vnd flieſſe,was nehmlich uor geistliche hertzerquickende trosttropfflein auss unser mosaischen histori auff das hochbetrubte und gleichsam lechtzende hertze unsers heren wittibers und der andern betrubten destillire und fliesse
389840,body,16,1,True,[8],GOtt verleihe hierzu ſeine Gnadẽ. Amen.,gott verleihe hierzu ſeine gnadẽ amen,gott uerleihe hierzu seine gnaden amen
389840,body,17,0,True,[9],Wan wir nu vnſere Gedancken auff die vorhabende Moſaiſche Geſchicht richten/ ſo deſtilliret vnd fleuſt darauß auff das trawrige/ vnd matte Hertze des Herꝛen Wittibers/ vnd der andern betruͤbten/ dieſes erſte Troſttroͤpfflein/ welches heiſt,wan wir nu vnſere gedancken auff die vorhabende moſaiſche geſchicht richten ſo deſtilliret vnd fleuſt darauß auff das trawrige vnd matte hertze des herꝛen wittibers vnd der andern betruͤbten dieſes erſte troſttroͤpfflein welches heiſt,wan wir nu unsere gedancken auff die uorhabende mosaische geschicht richten so destilliret und fleust darauss auff das trawrige und matte hertze des heren wittibers und der andern betrubten dieses erste trosttropfflein welches heist
389840,body,18,0,False,[9],"I. Omnimoda fortunæ Jacobéæ & Rahelis conformitas, Das Er nehmlich in ſeinem Hauß Creutz dem Patriarchen Jacob/ vnd ſeine ſeelig verſtorbene Fraw Sechswoͤcherin/ der lieben Rahel gleich worden.",i omnimoda fortunæ jacobéæ & rahelis conformitas das er nehmlich in ſeinem hauß creutz dem patriarchen jacob vnd ſeine ſeelig verſtorbene fraw sechswoͤcherin der lieben rahel gleich worden,i omnimoda fortunae iacobeae et rahelis conformitas das er nehmlich in seinem hauss creutz dem patriarchen iacob und seine seelig uerstorbene fraw sechswocherin der lieben rahel gleich worden
389840,body,18,1,False,[9],"Er iſt nicht der Erſte welchen Gott mit einem ſolchen Schmertzhafften HaußCreutze heimſuchet/ ſondern er hat hierinnen den Patriarchen Jacob zum geſellen: Es haben die heiligen Ertzvaͤter/ auch ſonſten viel andere frohme Leute/ in derogleichen Nothſtande auch gelebet/ dann GOtt der HERR machts mit ſeinen liebſten Kindern nichts anders/ Er giebet jhnen ſolche Liebes blicke vnd hertzet ſie/ das jhnen die Seele daruͤber außgehet/ Er greifft ſie gemeiniglich an dem Orte an/ da es jhnen am weheſten thut/ vnd dieſes alles ſindt lauter Liebe vnd Gnade zeichen/ denn welchen der HERR Lieb hat den Zuͤchtiget Er/ vnd hat wolgefallen an jhm/ als ein Vater am Sohne/ Proverb: 3. Hebr: 12. Vnd der alte Kirchenlehrer Auguſtinus ſaget hiervõ gar fein/ Et cum blandiris pater es, & cum cædis pater es, Blandiris ne deficiam, cædis ne peream; Dieſes ſtimmet vberein mit dem heiligen Apoſtel Paulo/ wann er 1. Corinth: 11. ſpricht: Wann wir gerichtet werden/ ſo werden wir vom HERREN gezuͤchtiget/ damit wir nicht ſampt der Welt verdampt werden.",er iſt nicht der erſte welchen gott mit einem ſolchen schmertzhafften haußcreutze heimſuchet ſondern er hat hierinnen den patriarchen jacob zum geſellen es haben die heiligen ertzvaͤter auch ſonſten viel andere frohme leute in derogleichen nothſtande auch gelebet dann gott der herr machts mit ſeinen liebſten kindern nichts anders er giebet jhnen ſolche liebes blicke vnd hertzet ſie das jhnen die seele daruͤber außgehet er greifft ſie gemeiniglich an dem orte an da es jhnen am weheſten thut vnd dieſes alles ſindt lauter liebe vnd gnade zeichen denn welchen der herr lieb hat den zuͤchtiget er vnd hat wolgefallen an jhm als ein vater am sohne proverb hebr vnd der alte kirchenlehrer auguſtinus ſaget hiervõ gar fein et cum blandiris pater es & cum cædis pater es blandiris ne deficiam cædis ne peream dieſes ſtimmet vberein mit dem heiligen apoſtel paulo wann er corinth ſpricht wann wir gerichtet werden ſo werden wir vom herren gezuͤchtiget damit wir nicht ſampt der welt verdampt werden,er ist nicht der erste welchen gott mit einem solchen schmertzhafften hausscreutze heimsuchet sondern er hat hierinnen den patriarchen iacob zum gesellen es haben die heiligen ertzuater auch sonsten uiel andere frohme leute in derogleichen nothstande auch gelebet dann gott der herr machts mit seinen liebsten kindern nichts anders er giebet ihnen solche liebes blicke und hertzet sie das ihnen die seele daruber aussgehet er greifft sie gemeiniglich an dem orte an da es ihnen am wehesten thut und dieses alles sindt lauter liebe und gnade zeichen denn welchen der herr lieb hat den zuchtiget er und hat wolgefallen an ihm als ein uater am sohne prouerb hebr und der alte kirchenlehrer augustinus saget hieruon gar fein et cum blandiris pater es et cum caedis pater es blandiris ne deficiam caedis ne peream dieses stimmet uberein mit dem heiligen apostel paulo wann er corinth spricht wann wir gerichtet werden so werden wir uom herren gezuchtiget damit wir nicht sampt der welt uerdampt werden
389840,body,18,2,False,[9],"Kan demnach vnſer Herꝛ Wittiber in betrachtung vnd Erwegung deſſen ſich deſto eher vñ mehr zu frieden geben/ vnd ſagen mit Elia auß dem 1. Reg: 19. Domine non ſum melior patribus meis, Jch bin nicht beſſer/ HERR/ denn meine Vaͤter.",kan demnach vnſer herꝛ wittiber in betrachtung vnd erwegung deſſen ſich deſto eher vñ mehr zu frieden geben vnd ſagen mit elia auß dem reg domine non ſum melior patribus meis jch bin nicht beſſer herr denn meine vaͤter,kan demnach unser her wittiber in betrachtung und erwegung dessen sich desto eher und mehr zu frieden geben und sagen mit elia auss dem reg domine non sum melior patribus meis ich bin nicht besser herr denn meine uater
389840,body,18,3,False,[9],Seine im HErꝛen verſtorbene Fraw Sechswoͤchnerin iſt gleichsfalls nicht die Erſte/ derer Seele vber der Geburth außgehet/ ſondern Rahel iſt nebens andern vielen frohmen Frawen vorhin/ eben dieſes auch begegnet.,seine im herꝛen verſtorbene fraw sechswoͤchnerin iſt gleichsfalls nicht die erſte derer seele vber der geburth außgehet ſondern rahel iſt nebens andern vielen frohmen frawen vorhin eben dieſes auch begegnet,seine im heren uerstorbene fraw sechswochnerin ist gleichsfalls nicht die erste derer seele uber der geburth aussgehet sondern rahel ist nebens andern uielen frohmen frawen uorhin eben dieses auch begegnet
389840,body,18,4,False,[10],Wie nu die ſelige Fraw in andern ſtuͤcken der Rahel gleich nachgeoͤhmet/ alſo hat ſie auch gleiches Todes mit jhr verfahren ſollen.,wie nu die ſelige fraw in andern ſtuͤcken der rahel gleich nachgeoͤhmet alſo hat ſie auch gleiches todes mit jhr verfahren ſollen,wie nu die selige fraw in andern stucken der rahel gleich nachgeohmet also hat sie auch gleiches todes mit ihr uerfahren sollen
389840,body,18,5,True,[10],"Rahel war frohmer ehrlicher Leute Kindt/ nehmlich Labans des Reichen Syrers zu Haran Tochter; Vnſere in Gott ruhende Fraw Maria, iſt auch von vornehmen/ vnd frohmen Eltern zur Welt gebohren worden.",rahel war frohmer ehrlicher leute kindt nehmlich labans des reichen syrers zu haran tochter vnſere in gott ruhende fraw maria iſt auch von vornehmen vnd frohmen eltern zur welt gebohren worden,rahel war frohmer ehrlicher leute kindt nehmlich labans des reichen syrers zu haran tochter unsere in gott ruhende fraw maria ist auch uon uornehmen und frohmen eltern zur welt gebohren worden
389840,body,19,0,True,[10],"Rahel war Loͤblich vñ wol außgeſtattet/ vnd dem Patriarchen Jacob vormaͤhlet/ welches nicht ein ſchlechtes anſehen damals gehabt/ denn die Patriarchen waren zur ſelbigen Zeit die rechten Luminaria Mundi, die Fuͤrſten vnd Haͤupter im gantzen Lande; Vnſere ſeelige Fraw hatte Gott der HERR auch wol verſorget/ vnd jhr einen frohmen vnd Nuͤtzlichen Mann vormaͤhlen laſſen/ vnd zwar durch mich ſeinen geringſten Diener.",rahel war loͤblich vñ wol außgeſtattet vnd dem patriarchen jacob vormaͤhlet welches nicht ein ſchlechtes anſehen damals gehabt denn die patriarchen waren zur ſelbigen zeit die rechten luminaria mundi die fuͤrſten vnd haͤupter im gantzen lande vnſere ſeelige fraw hatte gott der herr auch wol verſorget vnd jhr einen frohmen vnd nuͤtzlichen mann vormaͤhlen laſſen vnd zwar durch mich ſeinen geringſten diener,rahel war loblich und wol aussgestattet und dem patriarchen iacob uormahlet welches nicht ein schlechtes ansehen damals gehabt denn die patriarchen waren zur selbigen zeit die rechten luminaria mundi die fursten und haupter im gantzen lande unsere seelige fraw hatte gott der herr auch wol uersorget und ihr einen frohmen und nutzlichen mann uormahlen lassen und zwar durch mich seinen geringsten diener
389840,body,20,0,False,[10],Rahel fuͤhrte ein Erbahres Leben vnd Wandel/ ſie war der Pietet vnd Gottes furcht ergeben/ vngeachtet das jhr Vater an den Goͤtzen hing/ ſo erkandte vnd ehrete ſie doch den wahren Lebendigen Gott/ Abraham/ Jſaac vnd Jacob.,rahel fuͤhrte ein erbahres leben vnd wandel ſie war der pietet vnd gottes furcht ergeben vngeachtet das jhr vater an den goͤtzen hing ſo erkandte vnd ehrete ſie doch den wahren lebendigen gott abraham jſaac vnd jacob,rahel fuhrte ein erbahres leben und wandel sie war der pietet und gottes furcht ergeben ungeachtet das ihr uater an den gotzen hing so erkandte und ehrete sie doch den wahren lebendigen gott abraham isaac und iacob
389840,body,20,1,False,[10],Sie war zuͤchtiger vnd keuſcher geberden/ Sie war arbeitſam/ huͤttete jhrem Vater die Schafe/ vnd beſtalte jhm die Wirthſchafft/ auch war ſie verſtaͤndig vñ beſcheiden/ Ach wie vernuͤnfftig wuſte ſie jhren Vater abzuweiſen/ als er im Zorn ſeine Goͤtzen in jhrer Huͤtten ſuchete/ vnd verhuͤttete dadurch groß Vngluͤck.,sie war zuͤchtiger vnd keuſcher geberden sie war arbeitſam huͤttete jhrem vater die schafe vnd beſtalte jhm die wirthſchafft auch war ſie verſtaͤndig vñ beſcheiden ach wie vernuͤnfftig wuſte ſie jhren vater abzuweiſen als er im zorn ſeine goͤtzen in jhrer huͤtten ſuchete vnd verhuͤttete dadurch groß vngluͤck,sie war zuchtiger und keuscher geberden sie war arbeitsam huttete ihrem uater die schafe und bestalte ihm die wirthschafft auch war sie uerstandig und bescheiden ach wie uernunfftig wuste sie ihren uater abzuweisen als er im zorn seine gotzen in ihrer hutten suchete und uerhuttete dadurch gross ungluck
389840,body,20,2,False,[10],"Vnſere im HERREN ſeelig verſtorbene Fraw Maria, iſt in dem fall der Tugendtſamen Rahel nicht vngleich geweſen/ denn ſie auch der rechten Gottesfurcht/ Froͤmigkeit/ Zucht vnd Erbarkeit ſich jederzeit beflieſſen/ alſo/ das ſie in Warheit Mulier Virtutis, Ein Tugendtſam Weib Ruth. 3. Syr: 26. vnd mit Menandro einem Griechiſchen Seribenten βίου σωτηρία, Ein Saͤule des Hauſes/ vnd des Ehemannes langes Leben hette moͤgen genennet werden.",vnſere im herren ſeelig verſtorbene fraw maria iſt in dem fall der tugendtſamen rahel nicht vngleich geweſen denn ſie auch der rechten gottesfurcht froͤmigkeit zucht vnd erbarkeit ſich jederzeit beflieſſen alſo das ſie in warheit mulier virtutis ein tugendtſam weib ruth syr vnd mit menandro einem griechiſchen seribenten βίου σωτηρία ein saͤule des hauſes vnd des ehemannes langes leben hette moͤgen genennet werden,unsere im herren seelig uerstorbene fraw maria ist in dem fall der tugendtsamen rahel nicht ungleich gewesen denn sie auch der rechten gottesfurcht fromigkeit zucht und erbarkeit sich iederzeit befliessen also das sie in warheit mulier uirtutis ein tugendtsam weib ruth syr und mit menandro einem griechischen seribenten ein saule des hauses und des ehemannes langes leben hette mogen genennet werden
389840,body,20,3,True,[10],Wie ſie nu in ob erzehlten Lobwuͤrdigen ſtuͤcken Rahel gleich geweſen/ alſo hat ſie auch durch Gottes ſchickung im abſterben jhr gleich werden ſollen.,wie ſie nu in ob erzehlten lobwuͤrdigen ſtuͤcken rahel gleich geweſen alſo hat ſie auch durch gottes ſchickung im abſterben jhr gleich werden ſollen,wie sie nu in ob erzehlten lobwurdigen stucken rahel gleich gewesen also hat sie auch durch gottes schickung im absterben ihr gleich werden sollen
389840,body,21,0,False,[11],"II. Das ander kraͤfftige Troſttroͤpfflein auß vnſer Moſaiſchen Hiſtoria auff das betruͤbte hertz des Herꝛen Wittibers flieſſende/ iſt Paterna Dei providentis voluntas, das Gott der HERR nach ſeinem Vaͤterlichen Rath ein ſolches Ende jhr auß erſehẽ/ vnd verordnet hat; Sie iſt nicht ohn gefehr dazu kommen/ ſondern gleich wie es dort Gott der HERR wol wuſte/ vnd es zuvor ſahe/ wann Rahel ſolte danieder kommen/ vnd was es fuͤr einen Außgang mit jhrer Geburt nehmen ſolte; Alſo hat Gott der HERR auch ſchon lengſt zuvor abgezirckelt/ wie es mit vnſer ſeelig verſtorbenen Frawen Marien zum froͤlichen/ vnd ſeeligen Ende lauffen ſolte.",ii das ander kraͤfftige troſttroͤpfflein auß vnſer moſaiſchen hiſtoria auff das betruͤbte hertz des herꝛen wittibers flieſſende iſt paterna dei providentis voluntas das gott der herr nach ſeinem vaͤterlichen rath ein ſolches ende jhr auß erſehẽ vnd verordnet hat sie iſt nicht ohn gefehr dazu kommen ſondern gleich wie es dort gott der herr wol wuſte vnd es zuvor ſahe wann rahel ſolte danieder kommen vnd was es fuͤr einen außgang mit jhrer geburt nehmen ſolte alſo hat gott der herr auch ſchon lengſt zuvor abgezirckelt wie es mit vnſer ſeelig verſtorbenen frawen marien zum froͤlichen vnd ſeeligen ende lauffen ſolte,ii das ander krafftige trosttropfflein auss unser mosaischen historia auff das betrubte hertz des heren wittibers fliessende ist paterna dei prouidentis uoluntas das gott der herr nach seinem uaterlichen rath ein solches ende ihr auss ersehen und uerordnet hat sie ist nicht ohn gefehr dazu kommen sondern gleich wie es dort gott der herr wol wuste und es zuuor sahe wann rahel solte danieder kommen und was es fur einen aussgang mit ihrer geburt nehmen solte also hat gott der herr auch schon lengst zuuor abgezirckelt wie es mit unser seelig uerstorbenen frawen marien zum frolichen und seeligen ende lauffen solte
389840,body,21,1,False,[11],"Denn vnſer Gott iſt nicht wie der Heiden Goͤtzen/ von welchen der 115. Pſalm ſaget/ das ſie ohren haben vnd nicht hoͤren/ Augen vnd nicht ſehen/ Maͤuler vnd nicht reden: Er iſt nicht wie Baäl, von dem der Prophet Elias 1. Reg: 18. meldet/ das er tichte oder zuſchaffen habe/ oder ſey vber Feld/ oder ſchlaffe.",denn vnſer gott iſt nicht wie der heiden goͤtzen von welchen der pſalm ſaget das ſie ohren haben vnd nicht hoͤren augen vnd nicht ſehen maͤuler vnd nicht reden er iſt nicht wie baäl von dem der prophet elias reg meldet das er tichte oder zuſchaffen habe oder ſey vber feld oder ſchlaffe,denn unser gott ist nicht wie der heiden gotzen uon welchen der psalm saget das sie ohren haben und nicht horen augen und nicht sehen mauler und nicht reden er ist nicht wie baal uon dem der prophet elias reg meldet das er tichte oder zuschaffen habe oder sey uber feld oder schlaffe
389840,body,21,2,False,[11],Er braucht nicht die Wolcken zur vordecke/ vnd wandelt nicht nur im vmbgange des Himmels/ das er nicht ſehe.,er braucht nicht die wolcken zur vordecke vnd wandelt nicht nur im vmbgange des himmels das er nicht ſehe,er braucht nicht die wolcken zur uordecke und wandelt nicht nur im umbgange des himmels das er nicht sehe
389840,body,21,3,False,[11],"Job. 22. Auch hat er ſich nicht etwa dermaſſen an den Engeln vorliebet/ das er druͤber der ſeinigen auff Erden vergeſſen ſolte/ ſondern delitiæ ejus inter homines, Er hat auch ſeine ſondere Luſt an den Menſchen/ vornehmlich an ſeinen Außerwehlten/ derer Truͤbſal weiß er/ laut der außſage Chriſti Apocal: 2. Er hat alle die jhn angehoͤren in ſeine Haͤnde gezeichnet/ Eſa: 49. Ja alle jhre Haͤrlein auffm Haupt hat er gezehlet/ vnd felt keines ab ohn ſeinen willen/ Matth: 10. Vnd darumb ſo lebet keiner jhm ſelber/ vnd keiner ſtuͤrbet jhm ſelber/ ſondern leben wir/ ſo leben wir dem HErꝛen/ ſterben wir/ ſo ſterben wir dem HErꝛen/ wir leben oder ſterben/ ſo ſindt wir des HErꝛen.",job auch hat er ſich nicht etwa dermaſſen an den engeln vorliebet das er druͤber der ſeinigen auff erden vergeſſen ſolte ſondern delitiæ ejus inter homines er hat auch ſeine ſondere luſt an den menſchen vornehmlich an ſeinen außerwehlten derer truͤbſal weiß er laut der außſage chriſti apocal er hat alle die jhn angehoͤren in ſeine haͤnde gezeichnet eſa ja alle jhre haͤrlein auffm haupt hat er gezehlet vnd felt keines ab ohn ſeinen willen matth vnd darumb ſo lebet keiner jhm ſelber vnd keiner ſtuͤrbet jhm ſelber ſondern leben wir ſo leben wir dem herꝛen ſterben wir ſo ſterben wir dem herꝛen wir leben oder ſterben ſo ſindt wir des herꝛen,iob auch hat er sich nicht etwa dermassen an den engeln uorliebet das er druber der seinigen auff erden uergessen solte sondern delitiae eius inter homines er hat auch seine sondere lust an den menschen uornehmlich an seinen ausserwehlten derer trubsal weiss er laut der ausssage christi apocal er hat alle die ihn angehoren in seine hande gezeichnet esa ia alle ihre harlein auffm haupt hat er gezehlet und felt keines ab ohn seinen willen matth und darumb so lebet keiner ihm selber und keiner sturbet ihm selber sondern leben wir so leben wir dem heren sterben wir so sterben wir dem heren wir leben oder sterben so sindt wir des heren
389840,body,21,4,False,[11],"Rom: 14. Etliche wollen es der Jnfluentz des Himmels oď dem Geſtirn zuſchreiben/ als ſolten ſie dieſes Cauſiren, das ein Weib in Kindesnoͤten ſterben muͤſſe; Aber das iſt falſch vnd vnrecht/ Gott als der Schoͤpffer des Geſtirnes wil ja ſeine Ehre keinem andern geben/ wie Er ſich ſelbſt erklaͤret/ Eſa. 42. Er iſt allein der HERR der ober Todt vnd Leben zu gebietten hat/ Er hat alle vnſere Tage/ auch die ſo noch werden ſollen/ auff ſein Buch geſchrieben/ Pſalm 139. Dieſe ſonderbahre diſpoſition vnd Verordnung Gottes/ muß nu vnſer Herꝛ Wittiber erkennen/ vnd ſich derſelbten in Demuth vnterwerffen/ denn Voluntati ejus quis reſiſtet?",rom etliche wollen es der jnfluentz des himmels oď dem geſtirn zuſchreiben als ſolten ſie dieſes cauſiren das ein weib in kindesnoͤten ſterben muͤſſe aber das iſt falſch vnd vnrecht gott als der schoͤpffer des geſtirnes wil ja ſeine ehre keinem andern geben wie er ſich ſelbſt erklaͤret eſa er iſt allein der herr der ober todt vnd leben zu gebietten hat er hat alle vnſere tage auch die ſo noch werden ſollen auff ſein buch geſchrieben pſalm dieſe ſonderbahre diſpoſition vnd verordnung gottes muß nu vnſer herꝛ wittiber erkennen vnd ſich derſelbten in demuth vnterwerffen denn voluntati ejus quis reſiſtet,rom etliche wollen es der influentz des himmels od dem gestirn zuschreiben als solten sie dieses causiren das ein weib in kindesnoten sterben musse aber das ist falsch und unrecht gott als der schopffer des gestirnes wil ia seine ehre keinem andern geben wie er sich selbst erklaret esa er ist allein der herr der ober todt und leben zu gebietten hat er hat alle unsere tage auch die so noch werden sollen auff sein buch geschrieben psalm diese sonderbahre disposition und uerordnung gottes muss nu unser her wittiber erkennen und sich derselbten in demuth unterwerffen denn uoluntati eius quis resistet
389840,body,21,5,False,[12],Wer kan Gottes des HERREN willen wiederſtreben?,wer kan gottes des herren willen wiederſtreben,wer kan gottes des herren willen wiederstreben
389840,body,21,6,False,[12],"ſaget S. Paulus in ſeiner guͤldenen Epiſtel an die Roͤmer im 9. Cap: Auff ſolchen ſchlag ſchreibet auch Hieronymus in ſeinem Troſtbrieff an einen betruͤbten Wittiber/ ſeiner gutten Freunde einen/ Rapta eſt Uxor tua, dolet?",ſaget s paulus in ſeiner guͤldenen epiſtel an die roͤmer im cap auff ſolchen ſchlag ſchreibet auch hieronymus in ſeinem troſtbrieff an einen betruͤbten wittiber ſeiner gutten freunde einen rapta eſt uxor tua dolet,saget s paulus in seiner guldenen epistel an die romer im cap auff solchen schlag schreibet auch hieronymus in seinem trostbrieff an einen betrubten wittiber seiner gutten freunde einen rapta est uxor tua dolet
389840,body,21,7,False,[12],"ſed rapuit eam is qui dederat, nempe Deus, cujus Voluntati quis poteſt reſiſtere?",ſed rapuit eam is qui dederat nempe deus cujus voluntati quis poteſt reſiſtere,sed rapuit eam is qui dederat nempe deus cuius uoluntati quis potest resistere
389840,body,21,8,False,[12],Jn 1. Sam: 18. leſen wir/ das Michal Koͤnig Saulo Tochter dem David vermaͤhlet wardt/ Aber folgendts im 25. Capit: wirdt berichtet/ das Saul nach dem er ſich auff David erzuͤrnet/ ſolche ſeine Tochter dem David wiedernehmen/ vnd einem andern/ nehmlich dem Phalti dem Sohn Lais von Gallim beylegen laſſen/ welcher mit jhr etliche Jahre Ehelich gelebet.,jn sam leſen wir das michal koͤnig saulo tochter dem david vermaͤhlet wardt aber folgendts im capit wirdt berichtet das saul nach dem er ſich auff david erzuͤrnet ſolche ſeine tochter dem david wiedernehmen vnd einem andern nehmlich dem phalti dem sohn lais von gallim beylegen laſſen welcher mit jhr etliche jahre ehelich gelebet,in sam lesen wir das michal konig saulo tochter dem dauid uermahlet wardt aber folgendts im capit wirdt berichtet das saul nach dem er sich auff dauid erzurnet solche seine tochter dem dauid wiedernehmen und einem andern nehmlich dem phalti dem sohn lais uon gallim beylegen lassen welcher mit ihr etliche iahre ehelich gelebet
389840,body,21,9,False,[12],"Nach dem aber David ins Regiment kommen/ hat er Abner vnd Jsboſeth befohlen/ ſie ſolten jhm ſein Weib Michal, ſo er jhm mit hundert Vorhaͤuten der Philiſter vertrawet/ wieder zubringen/ das theten ſie/ vnd nahmen Palthiel die Michal, vnd brachten ſie zu David: Palthiel war zwar ſchmertzlich betruͤbet vber dieſem verluſt ſeines Weibes/ er konte ſie aber David nicht vorhalten/ in erwegung das ſie dem David ehe Vertrawet war worden/ als jhm; Zwar er gieng mit jhr mit betruͤbtem hertzen/ weinet hinter jhr her biß gehn Bahurim, konte aber nichts mehr außrichten/ denn das er Abner je mehr erzuͤrnete/ Muſte es endlich geſchehen laſſen/ vnd wiederumb vmbkehren/ wie hievon im 2. Sam: im 3. Cap: zu leſen.",nach dem aber david ins regiment kommen hat er abner vnd jsboſeth befohlen ſie ſolten jhm ſein weib michal ſo er jhm mit hundert vorhaͤuten der philiſter vertrawet wieder zubringen das theten ſie vnd nahmen palthiel die michal vnd brachten ſie zu david palthiel war zwar ſchmertzlich betruͤbet vber dieſem verluſt ſeines weibes er konte ſie aber david nicht vorhalten in erwegung das ſie dem david ehe vertrawet war worden als jhm zwar er gieng mit jhr mit betruͤbtem hertzen weinet hinter jhr her biß gehn bahurim konte aber nichts mehr außrichten denn das er abner je mehr erzuͤrnete muſte es endlich geſchehen laſſen vnd wiederumb vmbkehren wie hievon im sam im cap zu leſen,nach dem aber dauid ins regiment kommen hat er abner und isboseth befohlen sie solten ihm sein weib michal so er ihm mit hundert uorhauten der philister uertrawet wieder zubringen das theten sie und nahmen palthiel die michal und brachten sie zu dauid palthiel war zwar schmertzlich betrubet uber diesem uerlust seines weibes er konte sie aber dauid nicht uorhalten in erwegung das sie dem dauid ehe uertrawet war worden als ihm zwar er gieng mit ihr mit betrubtem hertzen weinet hinter ihr her biss gehn bahurim konte aber nichts mehr aussrichten denn das er abner ie mehr erzurnete muste es endlich geschehen lassen und wiederumb umbkehren wie hieuon im sam im cap zu lesen
389840,body,21,10,True,[12],Eben alſo gehet es auch an jtzo vnſerm Herꝛen Wittiber/ Seine ſeelig verſtorbene Fr: Maria iſt in der heiligen Tauffe võ jhren Chriſtlichen Eltern dem HErꝛen JEſu vermaͤhlet worden/ welcher laut ſeines eignen Außſpruchs Oſe: 2. ſich mit jhr vertrawet in Gericht vnd Gerechtigkeit/ in Gnade vnd Barmhertzigkeit/ ja im Glauben hat Er ſich mit jhr Verlobet; Nachmals iſt ſie auch jhm zum Eheweibe gegeben worden/ vnd hat Er mit jhr ins Achte Jahr eine friedliche/ Liebreiche/ gewuͤnſchte/ auch geſegnete Ehe beſeſſen/ jtzo hat es dem HERRN JEſu als dem Himliſchen David gefallen/ Sie als ſeine Vertrawete Spons wieder zu ſich zu nehmen/ Ob nu zwar ſolches dem Herren Wittiber ſchmertzlich vorkombt/ ſeine Liebſte hinzulaſſen/ muß er ſie doch dem HErꝛen JEſu folgen laſſen/ weil Er beſſer Recht zu jhr hat/ vor jhm/ Er muß jhr zwar jtzt mit hertzbrechenden Seufftzen vnd vergieſſung vieler Thraͤnen das Geleyte geben/ hinter jhrem verblichenen Coͤrper hergehen/ Er ſchaffet aber nichts mit ſolchem vbermaͤßigem Trawren/ ſondern muß nur ſeinen willen in Gottes willen ſtellen/ wil er anders nicht mit vngedult Gott den Hoͤchſten erzuͤrnen.,eben alſo gehet es auch an jtzo vnſerm herꝛen wittiber seine ſeelig verſtorbene fr maria iſt in der heiligen tauffe võ jhren chriſtlichen eltern dem herꝛen jeſu vermaͤhlet worden welcher laut ſeines eignen außſpruchs oſe ſich mit jhr vertrawet in gericht vnd gerechtigkeit in gnade vnd barmhertzigkeit ja im glauben hat er ſich mit jhr verlobet nachmals iſt ſie auch jhm zum eheweibe gegeben worden vnd hat er mit jhr ins achte jahr eine friedliche liebreiche gewuͤnſchte auch geſegnete ehe beſeſſen jtzo hat es dem herrn jeſu als dem himliſchen david gefallen sie als ſeine vertrawete spons wieder zu ſich zu nehmen ob nu zwar ſolches dem herren wittiber ſchmertzlich vorkombt ſeine liebſte hinzulaſſen muß er ſie doch dem herꝛen jeſu folgen laſſen weil er beſſer recht zu jhr hat vor jhm er muß jhr zwar jtzt mit hertzbrechenden seufftzen vnd vergieſſung vieler thraͤnen das geleyte geben hinter jhrem verblichenen coͤrper hergehen er ſchaffet aber nichts mit ſolchem vbermaͤßigem trawren ſondern muß nur ſeinen willen in gottes willen ſtellen wil er anders nicht mit vngedult gott den hoͤchſten erzuͤrnen,eben also gehet es auch an itzo unserm heren wittiber seine seelig uerstorbene fr maria ist in der heiligen tauffe uon ihren christlichen eltern dem heren iesu uermahlet worden welcher laut seines eignen aussspruchs ose sich mit ihr uertrawet in gericht und gerechtigkeit in gnade und barmhertzigkeit ia im glauben hat er sich mit ihr uerlobet nachmals ist sie auch ihm zum eheweibe gegeben worden und hat er mit ihr ins achte iahr eine friedliche liebreiche gewunschte auch gesegnete ehe besessen itzo hat es dem herrn iesu als dem himlischen dauid gefallen sie als seine uertrawete spons wieder zu sich zu nehmen ob nu zwar solches dem herren wittiber schmertzlich uorkombt seine liebste hinzulassen muss er sie doch dem heren iesu folgen lassen weil er besser recht zu ihr hat uor ihm er muss ihr zwar itzt mit hertzbrechenden seufftzen und uergiessung uieler thranen das geleyte geben hinter ihrem uerblichenen corper hergehen er schaffet aber nichts mit solchem ubermassigem trawren sondern muss nur seinen willen in gottes willen stellen wil er anders nicht mit ungedult gott den hochsten erzurnen
389840,body,22,0,False,[13],"III. Das dritte kraͤfftige Troſttroͤpfflein auß vorhabender Moſaiſchen Hiſtori flieſſendt/ iſt/ Indubitata vocationis ordinariæ firmitas, Das ſeine ſeelige liebe Haußfraw inn jhrem beſten Weiblichen beruff/ vnd in einem ſolchen Creutze/ ſo Gott ſelber dem Weibe aufferleget/ Todes verfahren.",iii das dritte kraͤfftige troſttroͤpfflein auß vorhabender moſaiſchen hiſtori flieſſendt iſt indubitata vocationis ordinariæ firmitas das ſeine ſeelige liebe haußfraw inn jhrem beſten weiblichen beruff vnd in einem ſolchen creutze ſo gott ſelber dem weibe aufferleget todes verfahren,iii das dritte krafftige trosttropfflein auss uorhabender mosaischen histori fliessendt ist indubitata uocationis ordinariae firmitas das seine seelige liebe haussfraw inn ihrem besten weiblichen beruff und in einem solchen creutze so gott selber dem weibe aufferleget todes uerfahren
389840,body,22,1,True,[13],"Es iſt Gottes des HERREN ſonderliches Werck/ das die Vermehrung Menſchlichen geſchlechtes noch biß auff dieſe Zeit continuiret, das noch taͤglich mehr Menſchen zur Welt gebohren werden/ Sintemal jene Worte ſo Gott bey Einſegnung der erſten Eheleute Adam vnd Evœ geſprochen/ Creſcite & multiplicamini, Wachſet vnd Mehret Euch/ noch heute zu Tage jhren wuͤrcklichen Effectum haben; Denn es beliebet GOtt alſo/ das Er vormittelſt des H. Ehe-Ordens das Geſchlecht der Menſchen erhalten/ auß demſelben jhm eine Kirche colligiren, vnd denn endlich mit jhm den Himmel fuͤllen wil/ Nachmals wañ ſolches geſchehen/ vnd der Numerus der Außerwehlten vollkommen ſein wirdt/ als dann wirdt der geſprochene Segen ſich enden/ vnd ſeine Krafft mit der Welt Vntergang verliehren.",es iſt gottes des herren ſonderliches werck das die vermehrung menſchlichen geſchlechtes noch biß auff dieſe zeit continuiret das noch taͤglich mehr menſchen zur welt gebohren werden sintemal jene worte ſo gott bey einſegnung der erſten eheleute adam vnd evœ geſprochen creſcite & multiplicamini wachſet vnd mehret euch noch heute zu tage jhren wuͤrcklichen effectum haben denn es beliebet gott alſo das er vormittelſt des h eheordens das geſchlecht der menſchen erhalten auß demſelben jhm eine kirche colligiren vnd denn endlich mit jhm den himmel fuͤllen wil nachmals wañ ſolches geſchehen vnd der numerus der außerwehlten vollkommen ſein wirdt als dann wirdt der geſprochene segen ſich enden vnd ſeine krafft mit der welt vntergang verliehren,es ist gottes des herren sonderliches werck das die uermehrung menschlichen geschlechtes noch biss auff diese zeit continuiret das noch taglich mehr menschen zur welt gebohren werden sintemal iene worte so gott bey einsegnung der ersten eheleute adam und euoe gesprochen crescite et multiplicamini wachset und mehret euch noch heute zu tage ihren wurcklichen effectum haben denn es beliebet gott also das er uormittelst des h eheordens das geschlecht der menschen erhalten auss demselben ihm eine kirche colligiren und denn endlich mit ihm den himmel fullen wil nachmals wann solches geschehen und der numerus der ausserwehlten uollkommen sein wirdt als dann wirdt der gesprochene segen sich enden und seine krafft mit der welt untergang uerliehren
389840,body,23,0,False,[14],"Es iſt aber ein ſchweres Kinder gebehren/ darumb der vortreffliche Mann Erasmus Roterodamus hat zuſagen pflegen/ difficilimã eſſe artem gignere liberos, Es ſey die aller ſchwerſte Kunſt vñ haͤrteſte arbeit Kinder zur Welt gebehren.",es iſt aber ein ſchweres kinder gebehren darumb der vortreffliche mann erasmus roterodamus hat zuſagen pflegen difficilimã eſſe artem gignere liberos es ſey die aller ſchwerſte kunſt vñ haͤrteſte arbeit kinder zur welt gebehren,es ist aber ein schweres kinder gebehren darumb der uortreffliche mann erasmus roterodamus hat zusagen pflegen difficiliman esse artem gignere liberos es sey die aller schwerste kunst und harteste arbeit kinder zur welt gebehren
389840,body,23,1,False,[14],"Vnd eben dieſes affirmiret auch die heilige Schrifft/ welche/ wann ſie die groͤſten Schmertzen vnd Angſt exprimiren wil/ ſo vergleicht ſie dieſelben dem Schmertzen einer gebehrerin/ ſo in Kindesnoͤten iſt/ wie zuſehen auß dem 48. Pſalm: Jm Propheten Eſaia im 13. 26. vnd 37. C. Jeremiæ 4. vnd 22. Cap: auch Joh: im 16. Hos maximos ſcriptura dicit dolores qui ſunt parturientis, ſaget Ambroſius.",vnd eben dieſes affirmiret auch die heilige schrifft welche wann ſie die groͤſten schmertzen vnd angſt exprimiren wil ſo vergleicht ſie dieſelben dem schmertzen einer gebehrerin ſo in kindesnoͤten iſt wie zuſehen auß dem pſalm jm propheten eſaia im vnd c jeremiæ vnd cap auch joh im hos maximos ſcriptura dicit dolores qui ſunt parturientis ſaget ambroſius,und eben dieses affirmiret auch die heilige schrifft welche wann sie die grosten schmertzen und angst exprimiren wil so uergleicht sie dieselben dem schmertzen einer gebehrerin so in kindesnoten ist wie zusehen auss dem psalm im propheten esaia im und c ieremiae und cap auch ioh im hos maximos scriptura dicit dolores qui sunt parturientis saget ambrosius
389840,body,23,2,False,[14],Dannher auch Alceſte des Koͤniges Admeti gemaͤhlin geſaget/ Se malle bis in acie ſtare quàm ſemel parere.,dannher auch alceſte des koͤniges admeti gemaͤhlin geſaget se malle bis in acie ſtare quàm ſemel parere,dannher auch alceste des koniges admeti gemahlin gesaget se malle bis in acie stare quam semel parere
389840,body,23,3,False,[14],"Doch aber geſchiehet der Menſchen geburth vnterſchiedlich; Bißweilen vnd zwar meiſtentheiles gehet dieſelbte gluͤcklichen abe/ wiewol nicht ohne groſſe Schmertzen vnd wehtagen/ es formiret Gott den Menſchen in Mutterleibe/ behuͤttet die Mutter fuͤr allem vnfall vnd ſchaden/ bringet endlich zu rechter Zeit den Menſchen ans Tage licht/ vnd erfrewet Eltern mit einem gantz froͤlichen anblick/ leſt drauff dem Kindlein das Bad der heiligen Tauffe wiederfahren/ dadurch es New gebohren/ der Chriſtlichen Kirchen vnd ins Buch der Lebendigen einverleibet wirdt/ Verleihet der Mutter nach jhren vollbrachten Sechswochen/ einen froͤlichen Kirchgang; Wann es nu ſo genedig abgehet/ ſol man es nicht etwa aͤuſſerlichen Mitteln zuſchreiben/ ſondern einig vnd allein GOtt dem HERREN/ welcher außdruͤcklich Eſaiæ 66. Cap. ſagt: Ego ſum, qui facio parere, Jch ſchaffe es das die Menſchen gebohren werden; Dieſem HErꝛen ſol man vor ſolche Trewe gabe vnd geleiſtete trewe huͤlffe hertzlich dancken/ wiewol ſolches offte von vielen wenig in acht genommen wirdt/ dann wie Auguſtinus ſaget/ Majora miracula ſunt tot quotidiè homines naſci qui non erant, quàm paucos reſurrexiſſe qui erant, & tamen iſta miracula nõ conſideratione comprehenſa ſunt, ſed aſſiduitate viluerunt.",doch aber geſchiehet der menſchen geburth vnterſchiedlich bißweilen vnd zwar meiſtentheiles gehet dieſelbte gluͤcklichen abe wiewol nicht ohne groſſe schmertzen vnd wehtagen es formiret gott den menſchen in mutterleibe behuͤttet die mutter fuͤr allem vnfall vnd ſchaden bringet endlich zu rechter zeit den menſchen ans tage licht vnd erfrewet eltern mit einem gantz froͤlichen anblick leſt drauff dem kindlein das bad der heiligen tauffe wiederfahren dadurch es new gebohren der chriſtlichen kirchen vnd ins buch der lebendigen einverleibet wirdt verleihet der mutter nach jhren vollbrachten sechswochen einen froͤlichen kirchgang wann es nu ſo genedig abgehet ſol man es nicht etwa aͤuſſerlichen mitteln zuſchreiben ſondern einig vnd allein gott dem herren welcher außdruͤcklich eſaiæ cap ſagt ego ſum qui facio parere jch ſchaffe es das die menſchen gebohren werden dieſem herꝛen ſol man vor ſolche trewe gabe vnd geleiſtete trewe huͤlffe hertzlich dancken wiewol ſolches offte von vielen wenig in acht genommen wirdt dann wie auguſtinus ſaget majora miracula ſunt tot quotidiè homines naſci qui non erant quàm paucos reſurrexiſſe qui erant & tamen iſta miracula nõ conſideratione comprehenſa ſunt ſed aſſiduitate viluerunt,doch aber geschiehet der menschen geburth unterschiedlich bissweilen und zwar meistentheiles gehet dieselbte glucklichen abe wiewol nicht ohne grosse schmertzen und wehtagen es formiret gott den menschen in mutterleibe behuttet die mutter fur allem unfall und schaden bringet endlich zu rechter zeit den menschen ans tage licht und erfrewet eltern mit einem gantz frolichen anblick lest drauff dem kindlein das bad der heiligen tauffe wiederfahren dadurch es new gebohren der christlichen kirchen und ins buch der lebendigen einuerleibet wirdt uerleihet der mutter nach ihren uollbrachten sechswochen einen frolichen kirchgang wann es nu so genedig abgehet sol man es nicht etwa ausserlichen mitteln zuschreiben sondern einig und allein gott dem herren welcher aussdrucklich esaiae cap sagt ego sum qui facio parere ich schaffe es das die menschen gebohren werden diesem heren sol man uor solche trewe gabe und geleistete trewe hulffe hertzlich dancken wiewol solches offte uon uielen wenig in acht genommen wirdt dann wie augustinus saget maiora miracula sunt tot quotidie homines nasci qui non erant quam paucos resurrexisse qui erant et tamen ista miracula non consideratione comprehensa sunt sed assiduitate uiluerunt
389840,body,23,4,False,[15],Jm Gegentheil aber iſt zuweilen des Menſchẽ geburt betruͤbet vnd ſehr gefehrlich/ dañ ſo bald manche Chriſtliche Ehrenmatron ſich von Gott in jhrem Eheſtande geſegnet befindet/ wird bald an jhr war/ diß was Gott zum erſten Weibe geſprochen: Jch wil dir viel Schmertzen ſchaffen/ wenn du Schwanger wirſt: Kompt dann die Zeit der Geburth herbey/ ſo muß ſie gleichsfalls auch das andere harte Wort Gottes erfahren/ weñ er ſaget/ du ſolt mit Schmertzen Kinder gebehren: Solche ſchmertzen ſindt nu ſo groß/ daß ſie offters Mutter vnd Kindt in wenig ſtunden erwuͤrgen/ bißweilen geneſen die Kinder vnd muͤſſen die Muͤtter das Leben druͤber einbuͤſſen/ wie Rahel/ vnd Pinehas Weib geſchach/ Gen: 35. 1. Sam: 4. Vnter weilen bringet die Mutter kaum das Leben darvon vnd verbleicht die Leibesfrucht.,jm gegentheil aber iſt zuweilen des menſchẽ geburt betruͤbet vnd ſehr gefehrlich dañ ſo bald manche chriſtliche ehrenmatron ſich von gott in jhrem eheſtande geſegnet befindet wird bald an jhr war diß was gott zum erſten weibe geſprochen jch wil dir viel schmertzen ſchaffen wenn du schwanger wirſt kompt dann die zeit der geburth herbey ſo muß ſie gleichsfalls auch das andere harte wort gottes erfahren weñ er ſaget du ſolt mit schmertzen kinder gebehren solche ſchmertzen ſindt nu ſo groß daß ſie offters mutter vnd kindt in wenig ſtunden erwuͤrgen bißweilen geneſen die kinder vnd muͤſſen die muͤtter das leben druͤber einbuͤſſen wie rahel vnd pinehas weib geſchach gen sam vnter weilen bringet die mutter kaum das leben darvon vnd verbleicht die leibesfrucht,im gegentheil aber ist zuweilen des menschen geburt betrubet und sehr gefehrlich dann so bald manche christliche ehrenmatron sich uon gott in ihrem ehestande gesegnet befindet wird bald an ihr war diss was gott zum ersten weibe gesprochen ich wil dir uiel schmertzen schaffen wenn du schwanger wirst kompt dann die zeit der geburth herbey so muss sie gleichsfalls auch das andere harte wort gottes erfahren wenn er saget du solt mit schmertzen kinder gebehren solche schmertzen sindt nu so gross dass sie offters mutter und kindt in wenig stunden erwurgen bissweilen genesen die kinder und mussen die mutter das leben druber einbussen wie rahel und pinehas weib geschach gen sam unter weilen bringet die mutter kaum das leben daruon und uerbleicht die leibesfrucht
389840,body,23,5,False,[15],Bey ſolchen trawrigen faͤllen koͤnnen wir nu Gottes geheimben willen nicht ergruͤnden/ warumb Er es alſo verhengen thut/ ſondern wir muͤſſen mit Eſaia auß dem 45. Cap: ſagen: Fuͤr wahr HErꝛ du biſt ein recht verborgener Gott.,bey ſolchen trawrigen faͤllen koͤnnen wir nu gottes geheimben willen nicht ergruͤnden warumb er es alſo verhengen thut ſondern wir muͤſſen mit eſaia auß dem cap ſagen fuͤr wahr herꝛ du biſt ein recht verborgener gott,bey solchen trawrigen fallen konnen wir nu gottes geheimben willen nicht ergrunden warumb er es also uerhengen thut sondern wir mussen mit esaia auss dem cap sagen fur wahr her du bist ein recht uerborgener gott
389840,body,23,6,False,[15],Wann nu aber GOtt mit ſolchem Creutze bey Chriſtlichen Matronen einkehret/ das ſie in oder bald nach der geburt ſterben/ ſo haben ſie doch das Zeugnuͤß eines gutten Gewiſſens/ vnd ſterben in jhrem Beruff.,wann nu aber gott mit ſolchem creutze bey chriſtlichen matronen einkehret das ſie in oder bald nach der geburt ſterben ſo haben ſie doch das zeugnuͤß eines gutten gewiſſens vnd ſterben in jhrem beruff,wann nu aber gott mit solchem creutze bey christlichen matronen einkehret das sie in oder bald nach der geburt sterben so haben sie doch das zeugnuss eines gutten gewissens und sterben in ihrem beruff
389840,body,23,7,True,[15],"Pulchrum eſt in ſtatione mori, Es iſt recht Loͤblich vnd ruͤhmlich/ wann ein Menſch in ſeinem Beruff ſtuͤrbet/ als/ wann ein Prediger auff der Cantzel/ Ein Soldat in der Schlacht oder Scharmuͤtzel vorm Feinde/ in einem rechtmeßigen billichen Kriege/ vnd ein Fraw in der geburt oder im Kindesbette vnd Sechswochen das Leben enden; Ja es wirdt das Weib ſelig durch Kinderzeugen/ wie S. Paulus berichtet in der 1. an Timoth: 2. Dieſes iſt abermals ein kraͤfftiger Troſt zu linderung des groſſen Kummers vnſers Herꝛen Wittibers/ das er nehmlich zu bedencken/ wie das ſeine liebe Haußfraw in Viis ſuis, auff jhren Beruffswegen geſtorben/ derentwegen auch Gott der HErr laut ſeiner gethanen Zuſage im 91. Pſalm/ ſeinen Engeln vber jhr befehl gethan/ die bey vnd neben jhr auffgewartet/ vnd jhre Seele gantz vngezweiffelt in Abrahams Schoß getragen.",pulchrum eſt in ſtatione mori es iſt recht loͤblich vnd ruͤhmlich wann ein menſch in ſeinem beruff ſtuͤrbet als wann ein prediger auff der cantzel ein soldat in der schlacht oder scharmuͤtzel vorm feinde in einem rechtmeßigen billichen kriege vnd ein fraw in der geburt oder im kindesbette vnd sechswochen das leben enden ja es wirdt das weib ſelig durch kinderzeugen wie s paulus berichtet in der an timoth dieſes iſt abermals ein kraͤfftiger troſt zu linderung des groſſen kummers vnſers herꝛen wittibers das er nehmlich zu bedencken wie das ſeine liebe haußfraw in viis ſuis auff jhren beruffswegen geſtorben derentwegen auch gott der herr laut ſeiner gethanen zuſage im pſalm ſeinen engeln vber jhr befehl gethan die bey vnd neben jhr auffgewartet vnd jhre seele gantz vngezweiffelt in abrahams schoß getragen,pulchrum est in statione mori es ist recht loblich und ruhmlich wann ein mensch in seinem beruff sturbet als wann ein prediger auff der cantzel ein soldat in der schlacht oder scharmutzel uorm feinde in einem rechtmessigen billichen kriege und ein fraw in der geburt oder im kindesbette und sechswochen das leben enden ia es wirdt das weib selig durch kinderzeugen wie s paulus berichtet in der an timoth dieses ist abermals ein krafftiger trost zu linderung des grossen kummers unsers heren wittibers das er nehmlich zu bedencken wie das seine liebe haussfraw in uiis suis auff ihren beruffswegen gestorben derentwegen auch gott der herr laut seiner gethanen zusage im psalm seinen engeln uber ihr befehl gethan die bey und neben ihr auffgewartet und ihre seele gantz ungezweiffelt in abrahams schoss getragen
389840,body,24,0,False,[16],"IV. Das vierdte Troſttroͤpfflein auß vnſer Hiſtori auff des hochbetruͤbten Herꝛen Wittibers hertze fallende/ iſt/ Jucunda Sobolis procreatæ ſoſpitas vel incolumitas, das jhm ſeine liebe Haußehre einen heiligen Sahmen hinter ſich verlaſſen.",iv das vierdte troſttroͤpfflein auß vnſer hiſtori auff des hochbetruͤbten herꝛen wittibers hertze fallende iſt jucunda sobolis procreatæ ſoſpitas vel incolumitas das jhm ſeine liebe haußehre einen heiligen sahmen hinter ſich verlaſſen,iu das uierdte trosttropfflein auss unser histori auff des hochbetrubten heren wittibers hertze fallende ist iucunda sobolis procreatae sospitas uel incolumitas das ihm seine liebe haussehre einen heiligen sahmen hinter sich uerlassen
389840,body,24,1,False,[16],"Rahel ſtarb/ vnd ließ Jacob zwey liebe Kinder Joſeph vñ Ben Jamin, die folgender Zeit wie die ſchoͤnen Oelpflaͤntzlein vmb jhres Vatern Tiſch herumb ſtunden/ an welchen nicht allein Jacob frewde erlebet/ ſondern die gantze Chriſtliche Kirche hat von jhnen mercklichen Nutzen vnd beſſerung empfunden.",rahel ſtarb vnd ließ jacob zwey liebe kinder joſeph vñ ben jamin die folgender zeit wie die ſchoͤnen oelpflaͤntzlein vmb jhres vatern tiſch herumb ſtunden an welchen nicht allein jacob frewde erlebet ſondern die gantze chriſtliche kirche hat von jhnen mercklichen nutzen vnd beſſerung empfunden,rahel starb und liess iacob zwey liebe kinder ioseph und ben iamin die folgender zeit wie die schonen oelpflantzlein umb ihres uatern tisch herumb stunden an welchen nicht allein iacob frewde erlebet sondern die gantze christliche kirche hat uon ihnen mercklichen nutzen und besserung empfunden
389840,body,24,2,False,[16],Ebener maſſen verleuret zwar hier Zeitlichen vnſer Herꝛ Wittiber ſeinen lieben vñ trewen Ehegatten/ Sie leſſet jhm aber an jhrer ſtatt hinter ſich liebe Kinder/ ja es bleibet jhm zu ſonderem Troſt auch beim Leben/ das Schmertzenkindt/ daruͤber ſie Vntergangen/ welches/ weil es in der heiligen Tauffe dem HErꝛen Chriſto einverleibet/ vnd ein wahres Gliedmaß der Chriſtlichen Kirchen worden/ ſo ſol es auch nicht ein Schmertzen oder Trawerkindt/ ſondern ein Liebes werthes Kindt GOttes vnd ſeines lieben Vatern ſein vnd heiſſen/ Es wird Gott der HErꝛ (wie wir wuͤnſchen) es laſſen groß auffwachſen/ vnd wohlgerahten/ das der Herꝛ Vater ſondern Troſt vnd beharꝛliche Frewde an jhm erleben wirdt.,ebener maſſen verleuret zwar hier zeitlichen vnſer herꝛ wittiber ſeinen lieben vñ trewen ehegatten sie leſſet jhm aber an jhrer ſtatt hinter ſich liebe kinder ja es bleibet jhm zu ſonderem troſt auch beim leben das schmertzenkindt daruͤber ſie vntergangen welches weil es in der heiligen tauffe dem herꝛen chriſto einverleibet vnd ein wahres gliedmaß der chriſtlichen kirchen worden ſo ſol es auch nicht ein schmertzen oder trawerkindt ſondern ein liebes werthes kindt gottes vnd ſeines lieben vatern ſein vnd heiſſen es wird gott der herꝛ wie wir wuͤnſchen es laſſen groß auffwachſen vnd wohlgerahten das der herꝛ vater ſondern troſt vnd beharꝛliche frewde an jhm erleben wirdt,ebener massen uerleuret zwar hier zeitlichen unser her wittiber seinen lieben und trewen ehegatten sie lesset ihm aber an ihrer statt hinter sich liebe kinder ia es bleibet ihm zu sonderem trost auch beim leben das schmertzenkindt daruber sie untergangen welches weil es in der heiligen tauffe dem heren christo einuerleibet und ein wahres gliedmass der christlichen kirchen worden so sol es auch nicht ein schmertzen oder trawerkindt sondern ein liebes werthes kindt gottes und seines lieben uatern sein und heissen es wird gott der her wie wir wunschen es lassen gross auffwachsen und wohlgerahten das der her uater sondern trost und beharliche frewde an ihm erleben wirdt
389840,body,24,3,False,[16],"Man helt es ſonſten in gemein nicht vor ein gutt Zeichen/ wann etwa eine Mutter in Kindesnoͤten oder in Sechswochen ſtirbet vnd Vntergehet/ vnd das Kindt lebendig bleibet/ wie man auch wol deſſen Exempel hat/ ſonderlich wird in Chronicis notiret, das Exempel des Koͤniges Wenceslai, deſſen Mutter in der Geburt Vntergangen/ Er aber ſey ſehr vbel gerathen/ alſo das nach dem er ins Regiment kommen/ er ſich in ſeiner Königlichen vnd Kaiſerlichen Regierung gantz Vnmenſchlich erzeiget/ vnd vber alle maſſen ein boͤſes vñ aͤrgerliches Leben gefuͤhret.",man helt es ſonſten in gemein nicht vor ein gutt zeichen wann etwa eine mutter in kindesnoͤten oder in sechswochen ſtirbet vnd vntergehet vnd das kindt lebendig bleibet wie man auch wol deſſen exempel hat ſonderlich wird in chronicis notiret das exempel des koͤniges wenceslai deſſen mutter in der geburt vntergangen er aber ſey ſehr vbel gerathen alſo das nach dem er ins regiment kommen er ſich in ſeiner königlichen vnd kaiſerlichen regierung gantz vnmenſchlich erzeiget vnd vber alle maſſen ein boͤſes vñ aͤrgerliches leben gefuͤhret,man helt es sonsten in gemein nicht uor ein gutt zeichen wann etwa eine mutter in kindesnoten oder in sechswochen stirbet und untergehet und das kindt lebendig bleibet wie man auch wol dessen exempel hat sonderlich wird in chronicis notiret das exempel des koniges wenceslai dessen mutter in der geburt untergangen er aber sey sehr ubel gerathen also das nach dem er ins regiment kommen er sich in seiner koniglichen und kaiserlichen regierung gantz unmenschlich erzeiget und uber alle massen ein boses und argerliches leben gefuhret
389840,body,24,4,False,[16],"Aber diß ſindt nur bloſſe vermuttungen vnd nicht perpetua contingentia, Es treffen ſolche Exempel nicht jmmer gerade ein/ wie an Benoni oď Ben Jamin der lieben Rahel erſcheinet/ welcher gar wol gerahten/ vnangeſehen das ſeine Mutter vber jhm auffgegangen.",aber diß ſindt nur bloſſe vermuttungen vnd nicht perpetua contingentia es treffen ſolche exempel nicht jmmer gerade ein wie an benoni oď ben jamin der lieben rahel erſcheinet welcher gar wol gerahten vnangeſehen das ſeine mutter vber jhm auffgegangen,aber diss sindt nur blosse uermuttungen und nicht perpetua contingentia es treffen solche exempel nicht immer gerade ein wie an benoni od ben iamin der lieben rahel erscheinet welcher gar wol gerahten unangesehen das seine mutter uber ihm auffgegangen
389840,body,24,5,True,[17],Alſo zweiffeln wir nicht/ es werde/ wie gedacht/ dieſes liebe Kindt des Herꝛen Wittibers gar wolgerathen/ vnd jhm manche frewde anrichten.,alſo zweiffeln wir nicht es werde wie gedacht dieſes liebe kindt des herꝛen wittibers gar wolgerathen vnd jhm manche frewde anrichten,also zweiffeln wir nicht es werde wie gedacht dieses liebe kindt des heren wittibers gar wolgerathen und ihm manche frewde anrichten
389840,body,25,0,False,[17],"V. Das Fuͤnffte kraͤfftige Troſttroͤpfflein auß vnſer Hiſtorien flieſſende iſt/ Exoptata ſalvandi commoditas, das vnſer im HErꝛen verſtorbene Fr: Maria, durch ſolchen trawrigen Todesfall zur Ewigen Seligkeit vnd ſeligen Ewigkeit befoͤdert wordẽ/ Viel anſehliche vornehme Weibes Perſonen vnter den Heiden ſindt auch in der Geburth vnd Kindesnoͤten geſtorben/ als geweſen Tulliola Ciceronis Tochter/ von welcher Volaterranus meldet/ das ſie in Kindesnoͤten jhren Geiſt habe auffgegeben.",v das fuͤnffte kraͤfftige troſttroͤpfflein auß vnſer hiſtorien flieſſende iſt exoptata ſalvandi commoditas das vnſer im herꝛen verſtorbene fr maria durch ſolchen trawrigen todesfall zur ewigen seligkeit vnd ſeligen ewigkeit befoͤdert wordẽ viel anſehliche vornehme weibes perſonen vnter den heiden ſindt auch in der geburth vnd kindesnoͤten geſtorben als geweſen tulliola ciceronis tochter von welcher volaterranus meldet das ſie in kindesnoͤten jhren geiſt habe auffgegeben,u das funffte krafftige trosttropfflein auss unser historien fliessende ist exoptata saluandi commoditas das unser im heren uerstorbene fr maria durch solchen trawrigen todesfall zur ewigen seligkeit und seligen ewigkeit befodert worden uiel ansehliche uornehme weibes personen unter den heiden sindt auch in der geburth und kindesnoten gestorben als gewesen tulliola ciceronis tochter uon welcher uolaterranus meldet das sie in kindesnoten ihren geist habe auffgegeben
389840,body,25,1,False,[17],Valerius Maximus ſchreibet võ Julia des Julii Cæſaris Tochter vnd Pompei Gemahl/ das ſie inn der Geburth einer jungen Tochter/ die auch bald hernacher geſtorben/ ſey vmbkommen.,valerius maximus ſchreibet võ julia des julii cæſaris tochter vnd pompei gemahl das ſie inn der geburth einer jungen tochter die auch bald hernacher geſtorben ſey vmbkommen,ualerius maximus schreibet uon iulia des iulii caesaris tochter und pompei gemahl das sie inn der geburth einer iungen tochter die auch bald hernacher gestorben sey umbkommen
389840,body,25,2,False,[17],"Plutarchus gedencket des Koͤniges Darii Gemaͤhlin Statiræ, das ſie gleichsfalls in der Geburt Vntergangen.",plutarchus gedencket des koͤniges darii gemaͤhlin statiræ das ſie gleichsfalls in der geburt vntergangen,plutarchus gedencket des koniges darii gemahlin statirae das sie gleichsfalls in der geburt untergangen
389840,body,25,3,False,[17],Junia Claudilla des Kaiſers Caligulæ Gemahl iſt auch ſolcher geſtalt/ nehmlich an den Geburtsſchmertzen todes verfahren/ wie hiervõ beim Suetonio zuleſen: Aber weil alle dieſe Perſonen auſſer der Kirchen Gottes gelebet/ ohne Chriſti Erkendtnuͤß vnd den Seligmachenden Glauben/ an jhn verſchieden/ ſo ſindt ſie ſehr vbel gefahren/ vnd haben zugleich mit dem Zeitlichen auch das Ewige leben eingebuͤſſet vnd verlohren/ denn die jenigen ſo an Chriſtum nicht glaͤuben ſindt ſchon gerichtet/ darumb das ſie nicht Glauben an den Eingebornen Sohn Gottes Joh: am 3. Hergegen Rahel des Ertzvaters Jacobs Ehefraw iſt in der gemeinſchafft der Heiligen/ derowegen iſt ſie Gerecht vnd vnverlohren/ ob ſie es gleich hier Zeitlich hart vnd ſchwer ankompt/ dennoch ſo ſtirbet ſie ſeelig/ vnd bekompt vor das Zeitliche das Ewige leben.,junia claudilla des kaiſers caligulæ gemahl iſt auch ſolcher geſtalt nehmlich an den geburtsſchmertzen todes verfahren wie hiervõ beim suetonio zuleſen aber weil alle dieſe perſonen auſſer der kirchen gottes gelebet ohne chriſti erkendtnuͤß vnd den seligmachenden glauben an jhn verſchieden ſo ſindt ſie ſehr vbel gefahren vnd haben zugleich mit dem zeitlichen auch das ewige leben eingebuͤſſet vnd verlohren denn die jenigen ſo an chriſtum nicht glaͤuben ſindt ſchon gerichtet darumb das ſie nicht glauben an den eingebornen sohn gottes joh am hergegen rahel des ertzvaters jacobs ehefraw iſt in der gemeinſchafft der heiligen derowegen iſt ſie gerecht vnd vnverlohren ob ſie es gleich hier zeitlich hart vnd ſchwer ankompt dennoch ſo ſtirbet ſie ſeelig vnd bekompt vor das zeitliche das ewige leben,iunia claudilla des kaisers caligulae gemahl ist auch solcher gestalt nehmlich an den geburtsschmertzen todes uerfahren wie hieruon beim suetonio zulesen aber weil alle diese personen ausser der kirchen gottes gelebet ohne christi erkendtnuss und den seligmachenden glauben an ihn uerschieden so sindt sie sehr ubel gefahren und haben zugleich mit dem zeitlichen auch das ewige leben eingebusset und uerlohren denn die ienigen so an christum nicht glauben sindt schon gerichtet darumb das sie nicht glauben an den eingebornen sohn gottes ioh am hergegen rahel des ertzuaters iacobs ehefraw ist in der gemeinschafft der heiligen derowegen ist sie gerecht und unuerlohren ob sie es gleich hier zeitlich hart und schwer ankompt dennoch so stirbet sie seelig und bekompt uor das zeitliche das ewige leben
389840,body,25,4,False,[17],"Alſo auch vnſere ſeelig verſtorbene Fraw Sechswoͤchnerin iſt ein rechtes/ wahres/ Lebendiges/ Gliedmaß der Chriſtlichen Kirchen geweſen/ ſie hat Chriſtum erkandt/ an jhn geglaubet/ auch Chriſtlich gelebet/ dannenhero ſie auch ſelig geſtorben; Denn Haud facilè moritur qui benè vixit, Bene vivite ne malè moriamini, ſagt Auguſtinus, Wer Chriſtlich lebet der ſtirbet nicht leicht Vbel/ darumb laſt vns wohl vnd Chriſtlich vnſer Leben fuͤhren/ damit wir auch wohl vnd nicht vbel ſterben.",alſo auch vnſere ſeelig verſtorbene fraw sechswoͤchnerin iſt ein rechtes wahres lebendiges gliedmaß der chriſtlichen kirchen geweſen ſie hat chriſtum erkandt an jhn geglaubet auch chriſtlich gelebet dannenhero ſie auch ſelig geſtorben denn haud facilè moritur qui benè vixit bene vivite ne malè moriamini ſagt auguſtinus wer chriſtlich lebet der ſtirbet nicht leicht vbel darumb laſt vns wohl vnd chriſtlich vnſer leben fuͤhren damit wir auch wohl vnd nicht vbel ſterben,also auch unsere seelig uerstorbene fraw sechswochnerin ist ein rechtes wahres lebendiges gliedmass der christlichen kirchen gewesen sie hat christum erkandt an ihn geglaubet auch christlich gelebet dannenhero sie auch selig gestorben denn haud facile moritur qui bene uixit bene uiuite ne male moriamini sagt augustinus wer christlich lebet der stirbet nicht leicht ubel darumb last uns wohl und christlich unser leben fuhren damit wir auch wohl und nicht ubel sterben
389840,body,25,5,False,[18],Es iſt der hoͤchſte Schatz auff Erden/ eine liebe Haußfraw haben/ Aber ein ſeliges Ende iſt ein Schatz vber alle Schaͤtze/ vnd ein Ewiger Troſt/ ſchreibet D. Lutherus vnter andern an einen Wittiber/ wie inn ſeinem 12. Tomo fol. 168. zuſehen.,es iſt der hoͤchſte schatz auff erden eine liebe haußfraw haben aber ein ſeliges ende iſt ein schatz vber alle schaͤtze vnd ein ewiger troſt ſchreibet d lutherus vnter andern an einen wittiber wie inn ſeinem tomo fol zuſehen,es ist der hochste schatz auff erden eine liebe haussfraw haben aber ein seliges ende ist ein schatz uber alle schatze und ein ewiger trost schreibet d lutherus unter andern an einen wittiber wie inn seinem tomo fol zusehen
389840,body,25,6,True,[18],Was folget aber anders auff einen ſeeligen todt als die Ewige frewde; Denn der Gerechten Seelen ruhen in Gottes handt da ſie keine qual ruͤhret/ Sap: 3. Die Gerechten werden durch jhren todt vorm Vngluͤck hinweg gerafft/ vnd die da richtig fuͤr ſich gewandelt haben/ die kommen zum Friede vnd ruhen in jhren Kammern/ Eſa: 56. Die im HERREN ſelig verſtorbenen ruhen von jhrer Arbeit Apocal: 14. Darumb ſol nu der Herꝛ Wittiber ſein Leidt vnd Trawren maͤßigen/ in betrachtung das ſeine vielgeliebte Haußfraw durch dieſen jhren Todesfall vnd ſeliges ableiben zur Ewigen Rhu/ Frewde vnd Seligkeit iſt befoͤdert worden.,was folget aber anders auff einen ſeeligen todt als die ewige frewde denn der gerechten seelen ruhen in gottes handt da ſie keine qual ruͤhret sap die gerechten werden durch jhren todt vorm vngluͤck hinweg gerafft vnd die da richtig fuͤr ſich gewandelt haben die kommen zum friede vnd ruhen in jhren kammern eſa die im herren ſelig verſtorbenen ruhen von jhrer arbeit apocal darumb ſol nu der herꝛ wittiber ſein leidt vnd trawren maͤßigen in betrachtung das ſeine vielgeliebte haußfraw durch dieſen jhren todesfall vnd ſeliges ableiben zur ewigen rhu frewde vnd seligkeit iſt befoͤdert worden,was folget aber anders auff einen seeligen todt als die ewige frewde denn der gerechten seelen ruhen in gottes handt da sie keine qual ruhret sap die gerechten werden durch ihren todt uorm ungluck hinweg gerafft und die da richtig fur sich gewandelt haben die kommen zum friede und ruhen in ihren kammern esa die im herren selig uerstorbenen ruhen uon ihrer arbeit apocal darumb sol nu der her wittiber sein leidt und trawren massigen in betrachtung das seine uielgeliebte haussfraw durch diesen ihren todesfall und seliges ableiben zur ewigen rhu frewde und seligkeit ist befodert worden
389840,body,26,0,False,[18],"VI. Das Sechſte vnd Letzte Troſttroͤpfflein ſo auß vorhabender Hiſtori von Rahel/ auff das durch viel Graͤhmen vnd Seufftzen abgemattete/ vnd gleichſam nach Troſt lechtzende hertze vnſers gegenwertigẽ Herꝛen Wittibers deſtilliret, iſt/ Invicta Reſurrectionis & mutuæ conjunctionis in Vità æternâ Veritas, das er am Juͤngſten tage in der Allgemeinen Aufferſtehung der Todten ſeinen Ehe-Schatz wieder bekommen ſol.",vi das sechſte vnd letzte troſttroͤpfflein ſo auß vorhabender hiſtori von rahel auff das durch viel graͤhmen vnd seufftzen abgemattete vnd gleichſam nach troſt lechtzende hertze vnſers gegenwertigẽ herꝛen wittibers deſtilliret iſt invicta reſurrectionis & mutuæ conjunctionis in vità æternâ veritas das er am juͤngſten tage in der allgemeinen aufferſtehung der todten ſeinen eheschatz wieder bekommen ſol,ui das sechste und letzte trosttropfflein so auss uorhabender histori uon rahel auff das durch uiel grahmen und seufftzen abgemattete und gleichsam nach trost lechtzende hertze unsers gegenwertigen heren wittibers destilliret ist inuicta resurrectionis et mutuae coniunctionis in uita aeterna ueritas das er am iungsten tage in der allgemeinen aufferstehung der todten seinen eheschatz wieder bekommen sol
389840,body,26,1,False,[18],"Der heilige Ertzvater Jacob als er ſeinen Trawtſten Schatz die Rahel/ vmb welche er gantzer 14. Jahr lang ſchwer gedienet/ derer halben er viel Vngemach vnd Wiederwertigkeit von jhrem Vater außgeſtanden/ vnd mit welcher er biß ins Sechzehende Jahr eine Liebliche/ vnd Friedſame Ehe beſeſſen/ inn Kindesnoͤten ſterben ſtehet/ bildet er jhm alsbald dieſen Troſt feſt in ſein hertze ein/ Seine Rahel ſey im HERREN/ das iſt/ in der ſeligen Hoffnung auff den verheiſchenen Weibesſahmen verſchieden/ welcher ſein Troſt/ darauß abzunehmen/ daß/ als Rahel vor jhrem tode jhren Sohn BenOni, das iſt/ ein Sohn des Schmertzen nennete/ ſo hieß er jhn Benjamin, das iſt/ der Rechten Sohn/ anzudeuten/ das die Mutter dieſes Kindes eine rechtglaͤubige Mutter/ ja ein Kindt Gottes vnd Erbe des Ewigen lebens ſey/ weil ſie im Glauben an den verheiſchenen Zukuͤnfftigen Meſſiam entſchlaffen.",der heilige ertzvater jacob als er ſeinen trawtſten schatz die rahel vmb welche er gantzer jahr lang ſchwer gedienet derer halben er viel vngemach vnd wiederwertigkeit von jhrem vater außgeſtanden vnd mit welcher er biß ins sechzehende jahr eine liebliche vnd friedſame ehe beſeſſen inn kindesnoͤten ſterben ſtehet bildet er jhm alsbald dieſen troſt feſt in ſein hertze ein seine rahel ſey im herren das iſt in der ſeligen hoffnung auff den verheiſchenen weibesſahmen verſchieden welcher ſein troſt darauß abzunehmen daß als rahel vor jhrem tode jhren sohn benoni das iſt ein sohn des schmertzen nennete ſo hieß er jhn benjamin das iſt der rechten sohn anzudeuten das die mutter dieſes kindes eine rechtglaͤubige mutter ja ein kindt gottes vnd erbe des ewigen lebens ſey weil ſie im glauben an den verheiſchenen zukuͤnfftigen meſſiam entſchlaffen,der heilige ertzuater iacob als er seinen trawtsten schatz die rahel umb welche er gantzer iahr lang schwer gedienet derer halben er uiel ungemach und wiederwertigkeit uon ihrem uater aussgestanden und mit welcher er biss ins sechzehende iahr eine liebliche und friedsame ehe besessen inn kindesnoten sterben stehet bildet er ihm alsbald diesen trost fest in sein hertze ein seine rahel sey im herren das ist in der seligen hoffnung auff den uerheischenen weibessahmen uerschieden welcher sein trost darauss abzunehmen dass als rahel uor ihrem tode ihren sohn benoni das ist ein sohn des schmertzen nennete so hiess er ihn beniamin das ist der rechten sohn anzudeuten das die mutter dieses kindes eine rechtglaubige mutter ia ein kindt gottes und erbe des ewigen lebens sey weil sie im glauben an den uerheischenen zukunfftigen messiam entschlaffen
389840,body,26,2,False,[19],"Vnd zu dieſen Chriſtlichen gedancken gab jhm auch nicht wenig anleytung der Ort vñ Grabſtaͤtt ſeines Weibes/ die war am Wege gehn Bethlehem/ inn welchem Staͤdtlein mit der Zeit der rechte Filius dextræ, der HERRE Chriſtus von Maria ſolte gebohren werdẽ/ bey dieſer Stadt begraͤbt er ſie/ in dem Glauben vnd Zuverſicht/ es werde allda Rahel gleichſam in den armen des HERREN Meſſiæ ruhen.",vnd zu dieſen chriſtlichen gedancken gab jhm auch nicht wenig anleytung der ort vñ grabſtaͤtt ſeines weibes die war am wege gehn bethlehem inn welchem staͤdtlein mit der zeit der rechte filius dextræ der herre chriſtus von maria ſolte gebohren werdẽ bey dieſer stadt begraͤbt er ſie in dem glauben vnd zuverſicht es werde allda rahel gleichſam in den armen des herren meſſiæ ruhen,und zu diesen christlichen gedancken gab ihm auch nicht wenig anleytung der ort und grabstatt seines weibes die war am wege gehn bethlehem inn welchem stadtlein mit der zeit der rechte filius dextrae der herre christus uon maria solte gebohren werden bey dieser stadt begrabt er sie in dem glauben und zuuersicht es werde allda rahel gleichsam in den armen des herren messiae ruhen
389840,body,26,3,False,[19],Vber dieſes beſaget vnſer Hiſtoria/ Er habe jhr daſelbſt ein ſonderlich Ehrengedaͤchtnuͤß vnd Grabmal auffgerichtet/ hiermit hat er gleichsfalls ſeinen Glauben offentlich an tag geben wollen/ das Gott als ein Gott Abraham/ Jſaac vnd Jacob ſey nicht ein GOtt der Todten/ ſondern der Lebendigen/ vnd das er gaͤntzlich dafuͤr halte ſeine liebſte Rahel werde da am Leibe raſten vnd ruhen biß an den Tag der letzten Poſanne/ vnd alsdann jhre ſelige vnd froͤliche Aufferſtehung halten.,vber dieſes beſaget vnſer hiſtoria er habe jhr daſelbſt ein ſonderlich ehrengedaͤchtnuͤß vnd grabmal auffgerichtet hiermit hat er gleichsfalls ſeinen glauben offentlich an tag geben wollen das gott als ein gott abraham jſaac vnd jacob ſey nicht ein gott der todten ſondern der lebendigen vnd das er gaͤntzlich dafuͤr halte ſeine liebſte rahel werde da am leibe raſten vnd ruhen biß an den tag der letzten poſanne vnd alsdann jhre ſelige vnd froͤliche aufferſtehung halten,uber dieses besaget unser historia er habe ihr daselbst ein sonderlich ehrengedachtnuss und grabmal auffgerichtet hiermit hat er gleichsfalls seinen glauben offentlich an tag geben wollen das gott als ein gott abraham isaac und iacob sey nicht ein gott der todten sondern der lebendigen und das er gantzlich dafur halte seine liebste rahel werde da am leibe rasten und ruhen biss an den tag der letzten posanne und alsdann ihre selige und froliche aufferstehung halten
389840,body,26,4,False,[19],Wie nu Jacob ſein betruͤbnuͤß vnd Hertzenleidt vber dem vnverhofften ploͤtzlichen Abgang Rahels/ durch das Erkaͤndtnuͤß Chriſti als des rechten Ben Jamins vberwundẽ/ vnd ſich der Aufferſtehung vnd Wiederſehung ſeiner Rahel getroͤſtet.,wie nu jacob ſein betruͤbnuͤß vnd hertzenleidt vber dem vnverhofften ploͤtzlichen abgang rahels durch das erkaͤndtnuͤß chriſti als des rechten ben jamins vberwundẽ vnd ſich der aufferſtehung vnd wiederſehung ſeiner rahel getroͤſtet,wie nu iacob sein betrubnuss und hertzenleidt uber dem unuerhofften plotzlichen abgang rahels durch das erkandtnuss christi als des rechten ben iamins uberwunden und sich der aufferstehung und wiedersehung seiner rahel getrostet
389840,body,26,5,False,[19],Alſo ſol vnſer Herꝛ Wittiber mit Jacob ſich auch troͤſten/ das er am bald herzu nahenden Juͤngſten tage/ an welchem viel ſo vnter der Erdẽ ſchlaffen liegen werden auffwachen/ Dan: 12. Seine geweſene liebe Haußfraw ſo auch im HERREN jtzo ſchlaͤffet/ wird wiederumb Lebendig vberkommen/ vnd in Lieblicher vnd Himliſcher Frewde in Ewigkeit mit jhr Leben koͤnnen.,alſo ſol vnſer herꝛ wittiber mit jacob ſich auch troͤſten das er am bald herzu nahenden juͤngſten tage an welchem viel ſo vnter der erdẽ ſchlaffen liegen werden auffwachen dan seine geweſene liebe haußfraw ſo auch im herren jtzo ſchlaͤffet wird wiederumb lebendig vberkommen vnd in lieblicher vnd himliſcher frewde in ewigkeit mit jhr leben koͤnnen,also sol unser her wittiber mit iacob sich auch trosten das er am bald herzu nahenden iungsten tage an welchem uiel so unter der erden schlaffen liegen werden auffwachen dan seine gewesene liebe haussfraw so auch im herren itzo schlaffet wird wiederumb lebendig uberkommen und in lieblicher und himlischer frewde in ewigkeit mit ihr leben konnen
389840,body,26,6,False,[20],"Denn dies ſchadet nichts/ das die Verweſung jtzo jhr Vater/ vnd die Wuͤrme jhre Mutter vnd jhre Schweſtern ſein werden/ wie Job im 17 Cap. redet/ weil bey GOtt kein ding vnmoͤglich/ ſondern wann Er ſpricht ſo geſchiehet es/ vnd wann Er gebeuth ſo ſtehet es da/ Pſal: 33. Alſo wird der ſo durch ſein Allmaͤchtiges Wort den Menſchẽ vnd alſo auch ſie auß nichts erſchaffen/ auch leichtlich ebẽ durch ſolches ſein Allmaͤchtiges wort ſie widerumb ex terræ pulvere, auß dem Staube der Erden/ Lebendig hervor bringen koͤnnen/ Facilius enim eſt reparare quã facere, wie Auguſtin’ ſaget/ Es iſt leichter etwas wider zu vernewren vñ anzurichten als von anfangs ſchaffen vnd machen; Wann ſie nu zum Leben wiederumb wirdt auffſtehen/ wird ſie GOtt jhm auffs Newe wieder zufuͤhren/ darauff ſie eine vnzertrenliche Beywohnung haben werden/ vnd ſollen ferner in Ewigkeit von einander vngeſchieden ſein vñ bleiben.",denn dies ſchadet nichts das die verweſung jtzo jhr vater vnd die wuͤrme jhre mutter vnd jhre schweſtern ſein werden wie job im cap redet weil bey gott kein ding vnmoͤglich ſondern wann er ſpricht ſo geſchiehet es vnd wann er gebeuth ſo ſtehet es da pſal alſo wird der ſo durch ſein allmaͤchtiges wort den menſchẽ vnd alſo auch ſie auß nichts erſchaffen auch leichtlich ebẽ durch ſolches ſein allmaͤchtiges wort ſie widerumb ex terræ pulvere auß dem staube der erden lebendig hervor bringen koͤnnen facilius enim eſt reparare quã facere wie auguſtin ſaget es iſt leichter etwas wider zu vernewren vñ anzurichten als von anfangs ſchaffen vnd machen wann ſie nu zum leben wiederumb wirdt auffſtehen wird ſie gott jhm auffs newe wieder zufuͤhren darauff ſie eine vnzertrenliche beywohnung haben werden vnd ſollen ferner in ewigkeit von einander vngeſchieden ſein vñ bleiben,denn dies schadet nichts das die uerwesung itzo ihr uater und die wurme ihre mutter und ihre schwestern sein werden wie iob im cap redet weil bey gott kein ding unmoglich sondern wann er spricht so geschiehet es und wann er gebeuth so stehet es da psal also wird der so durch sein allmachtiges wort den menschen und also auch sie auss nichts erschaffen auch leichtlich eben durch solches sein allmachtiges wort sie widerumb ex terrae puluere auss dem staube der erden lebendig heruor bringen konnen facilius enim est reparare quam facere wie augustin saget es ist leichter etwas wider zu uernewren und anzurichten als uon anfangs schaffen und machen wann sie nu zum leben wiederumb wirdt auffstehen wird sie gott ihm auffs newe wieder zufuhren darauff sie eine unzertrenliche beywohnung haben werden und sollen ferner in ewigkeit uon einander ungeschieden sein und bleiben
389840,body,26,7,False,[20],"Glaͤublich iſt es wol/ es wuͤrde vnſers Herꝛen Wittibers abgeſehmertes hertze nicht wenig erfriſchet vnd erfrewet werden/ wann jhn GOtt der HERR wolte ſo gluͤckſelig machen/ vnd jhm ſeine verſtorbene/ vnd hier vor vns eingeſarckte Haußfrawe/ bald jtzo dieſe ſtunde vnd Augenblick wiederumb ins Leben bringen/ jhm dieſelbte wiederumb zu trewen haͤndẽ zuſtellen/ wie der Prophet Elias der Wittwen Sohn zu Zarpath aufferweckte/ vnd jhn ſeiner Mutter gab vñ ſprach/ Siehe da dein Sohn lebet/ 1. Reg: 17. Oder wie Eliſa der Mutter zu Sunem, 2. Reg: 4. Oder wie Chriſtus der Wittwen Sohn zu Nain, Luc. 7. Des Oberſten Töchterlein zu Capernaum/ Matth: 9. Den Lazarum zu Bethanien aufferweckten/ vnd ſie den jhrigen vberantworteten; Wann jhr auch Gott der HERR das Leben auff 15. Jahr wie dem Koͤnig Hiskiæ erlengern/ oder ja ſo viel Jahr ſie jhm zu Troſt in dieſer Welt erhalten wolte/ biß ſie alt vnd grawe beyſammen wuͤrden: Aber was wehre es damit außgerichtet/ ſie muͤſte doch wiederumb ſterben/ wie auch obgedachte Perſonen wieder zum andern mal haben Todes verfahren muͤſſen.",glaͤublich iſt es wol es wuͤrde vnſers herꝛen wittibers abgeſehmertes hertze nicht wenig erfriſchet vnd erfrewet werden wann jhn gott der herr wolte ſo gluͤckſelig machen vnd jhm ſeine verſtorbene vnd hier vor vns eingeſarckte haußfrawe bald jtzo dieſe ſtunde vnd augenblick wiederumb ins leben bringen jhm dieſelbte wiederumb zu trewen haͤndẽ zuſtellen wie der prophet elias der wittwen sohn zu zarpath aufferweckte vnd jhn ſeiner mutter gab vñ ſprach siehe da dein sohn lebet reg oder wie eliſa der mutter zu sunem reg oder wie chriſtus der wittwen sohn zu nain luc des oberſten töchterlein zu capernaum matth den lazarum zu bethanien aufferweckten vnd ſie den jhrigen vberantworteten wann jhr auch gott der herr das leben auff jahr wie dem koͤnig hiskiæ erlengern oder ja ſo viel jahr ſie jhm zu troſt in dieſer welt erhalten wolte biß ſie alt vnd grawe beyſammen wuͤrden aber was wehre es damit außgerichtet ſie muͤſte doch wiederumb ſterben wie auch obgedachte perſonen wieder zum andern mal haben todes verfahren muͤſſen,glaublich ist es wol es wurde unsers heren wittibers abgesehmertes hertze nicht wenig erfrischet und erfrewet werden wann ihn gott der herr wolte so gluckselig machen und ihm seine uerstorbene und hier uor uns eingesarckte haussfrawe bald itzo diese stunde und augenblick wiederumb ins leben bringen ihm dieselbte wiederumb zu trewen handen zustellen wie der prophet elias der wittwen sohn zu zarpath aufferweckte und ihn seiner mutter gab und sprach siehe da dein sohn lebet reg oder wie elisa der mutter zu sunem reg oder wie christus der wittwen sohn zu nain luc des obersten tochterlein zu capernaum matth den lazarum zu bethanien aufferweckten und sie den ihrigen uberantworteten wann ihr auch gott der herr das leben auff iahr wie dem konig hiskiae erlengern oder ia so uiel iahr sie ihm zu trost in dieser welt erhalten wolte biss sie alt und grawe beysammen wurden aber was wehre es damit aussgerichtet sie muste doch wiederumb sterben wie auch obgedachte personen wieder zum andern mal haben todes uerfahren mussen
389840,body,26,8,True,[21],Dort aber/ wann in der Allgemeinen Aufferſtehung ſie GOtt der HERR wirdt Lebendig machen/ vnd jhm wiedergeben/ ſo werden ſie Ewiglich beyſammen ſein vnd bleiben koͤnnen/ deñ wir werden bey dem HErꝛen ſein allezeit/ ſaget S. Paulus. 1. Theſſal: 4.,dort aber wann in der allgemeinen aufferſtehung ſie gott der herr wirdt lebendig machen vnd jhm wiedergeben ſo werden ſie ewiglich beyſammen ſein vnd bleiben koͤnnen deñ wir werden bey dem herꝛen ſein allezeit ſaget s paulus theſſal,dort aber wann in der allgemeinen aufferstehung sie gott der herr wirdt lebendig machen und ihm wiedergeben so werden sie ewiglich beysammen sein und bleiben konnen denn wir werden bey dem heren sein allezeit saget s paulus thessal
389840,body,27,0,True,[21],"Vnd dieſe erzehlte Troſttroͤpfflein/ habe ich auß der verleſenen trawrigen Hiſtorien von Rahel vnd jhrem BenOni, auff das Schmertzlich verwundte vnd halb todte hertze vnſers gegenwertigen Herꝛen Wittibers floͤſſen wollen.",vnd dieſe erzehlte troſttroͤpfflein habe ich auß der verleſenen trawrigen hiſtorien von rahel vnd jhrem benoni auff das schmertzlich verwundte vnd halb todte hertze vnſers gegenwertigen herꝛen wittibers floͤſſen wollen,und diese erzehlte trosttropfflein habe ich auss der uerlesenen trawrigen historien uon rahel und ihrem benoni auff das schmertzlich uerwundte und halb todte hertze unsers gegenwertigen heren wittibers flossen wollen
389840,body,28,0,True,[21],Helffe GOTT das ſolcher Troſtregen nicht vergebens gefallen/ ſondern wie ſonſten der Regen die welckenden vnd faſt Erſtorbenen Bluͤmlein erquicket/ vnd auffrichtet/ auch alle gegenwertige Trawerhertzen/ beſonders des Herꝛen Wittibers/ dadurch erquicket vnnd getroͤſtet moͤchte worden ſein.,helffe gott das ſolcher troſtregen nicht vergebens gefallen ſondern wie ſonſten der regen die welckenden vnd faſt erſtorbenen bluͤmlein erquicket vnd auffrichtet auch alle gegenwertige trawerhertzen beſonders des herꝛen wittibers dadurch erquicket vnnd getroͤſtet moͤchte worden ſein,helffe gott das solcher trostregen nicht uergebens gefallen sondern wie sonsten der regen die welckenden und fast erstorbenen blumlein erquicket und auffrichtet auch alle gegenwertige trawerhertzen besonders des heren wittibers dadurch erquicket unnd getrostet mochte worden sein
389840,body,29,0,True,[21],Der Trewe GOTT verleihe vnd gebe dem hochbetruͤbten Herꝛen Wittiber ein getroſtes Jacobs hertze/ das er vber ſeinem Todten/ wie Jacob ſich troͤſten moͤge.,der trewe gott verleihe vnd gebe dem hochbetruͤbten herꝛen wittiber ein getroſtes jacobs hertze das er vber ſeinem todten wie jacob ſich troͤſten moͤge,der trewe gott uerleihe und gebe dem hochbetrubten heren wittiber ein getrostes iacobs hertze das er uber seinem todten wie iacob sich trosten moge
389840,body,30,0,True,[21],Er gebe jhm ein geduldiges Jobs hertze/ das er in gedult dem Willen Gottes ſich ergebende/ ſage/ Der HERR hatte mir dieſen meinen Schatz gegeben/ Der HERR hat jhn wieder genommen/ wie es dem HERREN gefallen hat ſo iſt es geſchehen/ der Nahme des HERREN ſey gelobet.,er gebe jhm ein geduldiges jobs hertze das er in gedult dem willen gottes ſich ergebende ſage der herr hatte mir dieſen meinen schatz gegeben der herr hat jhn wieder genommen wie es dem herren gefallen hat ſo iſt es geſchehen der nahme des herren ſey gelobet,er gebe ihm ein geduldiges iobs hertze das er in gedult dem willen gottes sich ergebende sage der herr hatte mir diesen meinen schatz gegeben der herr hat ihn wieder genommen wie es dem herren gefallen hat so ist es geschehen der nahme des herren sey gelobet
389840,body,31,0,True,[21],Er gebe jhm ein recht Davidiſches hertze/ das er der gewiſſen Hoffnung lebe/ das ob zwar ſeine liebe Haußfraw nicht zu jhm wieder in diß Zeitliche leben komme/ das er doch zu jhr kommen werde.,er gebe jhm ein recht davidiſches hertze das er der gewiſſen hoffnung lebe das ob zwar ſeine liebe haußfraw nicht zu jhm wieder in diß zeitliche leben komme das er doch zu jhr kommen werde,er gebe ihm ein recht dauidisches hertze das er der gewissen hoffnung lebe das ob zwar seine liebe haussfraw nicht zu ihm wieder in diss zeitliche leben komme das er doch zu ihr kommen werde
389840,body,32,0,True,[22],Er gebe jhm ein ſolches Helden hertze/ das er ſein Liebſte willig zu dem Himliſchen Vater ziehen laſſe/ vnd ſie mit des Propheten Baruchs worten auß ſeinem Buͤchlein am 4. C. ſelber außſegne/ ſagende/ Ziehet hin/ Lieber Schatz/ Ziehet hin/ Jch laſſe Euch zwar von mir ziehen mit Trawren vnd Weinen/ Gott aber wird Euch mir wiedergeben mit Frewd vnd Wonne Ewiglich.,er gebe jhm ein ſolches helden hertze das er ſein liebſte willig zu dem himliſchen vater ziehen laſſe vnd ſie mit des propheten baruchs worten auß ſeinem buͤchlein am c ſelber außſegne ſagende ziehet hin lieber schatz ziehet hin jch laſſe euch zwar von mir ziehen mit trawren vnd weinen gott aber wird euch mir wiedergeben mit frewd vnd wonne ewiglich,er gebe ihm ein solches helden hertze das er sein liebste willig zu dem himlischen uater ziehen lasse und sie mit des propheten baruchs worten auss seinem buchlein am c selber ausssegne sagende ziehet hin lieber schatz ziehet hin ich lasse euch zwar uon mir ziehen mit trawren und weinen gott aber wird euch mir wiedergeben mit frewd und wonne ewiglich
389840,body,33,0,True,[22],Jn Summa/ GOTT beſtetige an jhm die vnfeilbare Zuverſicht/ das ſie einander wiederumb ſehen werden im Lande der Lebendigen vnd zwar inn ſolcher Frewde/ Wonne/ vnd Luſt/ die noch kein Menſch nie hat gekoſt/ noch nie kein hertz erfahren: Solches thue Gott vmb JEſu Chriſti ſeines lieben Sohnes willen Amen.,jn summa gott beſtetige an jhm die vnfeilbare zuverſicht das ſie einander wiederumb ſehen werden im lande der lebendigen vnd zwar inn ſolcher frewde wonne vnd luſt die noch kein menſch nie hat gekoſt noch nie kein hertz erfahren solches thue gott vmb jeſu chriſti ſeines lieben sohnes willen amen,in summa gott bestetige an ihm die unfeilbare zuuersicht das sie einander wiederumb sehen werden im lande der lebendigen und zwar inn solcher frewde wonne und lust die noch kein mensch nie hat gekost noch nie kein hertz erfahren solches thue gott umb iesu christi seines lieben sohnes willen amen
389840,body,34,0,True,[1],Chriſtliches Ehrenzeugniß/ der Seligen Frawen Mariæ Reimannin/ gebohrne Bennckin/ ꝛc.,chriſtliches ehrenzeugniß der seligen frawen mariæ reimannin gebohrne bennckin ꝛc,christliches ehrenzeugniss der seligen frawen mariae reimannin gebohrne bennckin c
389840,body,35,0,False,[1],ANLangende nun G. Chꝛiſten.,anlangende nun g chꝛiſten,anlangende nun g chisten
389840,body,35,1,False,[1],Vnſerer in dem HERREN ruhender Fraw Mitſchweſter in Chriſto/ dieſer Weilandt EhrenTugendreichen Frawen Mariam Reymannin gebohrnen Bennkin/ Chriſtliche Ankunfft/ Leben/ Gottſeligen Wandel/ vnd Seligen abſchiedt.,vnſerer in dem herren ruhender fraw mitſchweſter in chriſto dieſer weilandt ehrentugendreichen frawen mariam reymannin gebohrnen bennkin chriſtliche ankunfft leben gottſeligen wandel vnd seligen abſchiedt,unserer in dem herren ruhender fraw mitschwester in christo dieser weilandt ehrentugendreichen frawen mariam reymannin gebohrnen bennkin christliche ankunfft leben gottseligen wandel und seligen abschiedt
389840,body,35,2,False,[1],So iſt E. C. Liebe/ vnd Gott lob aller Orte hierumb gar wohl bekandt/ auß waß Chriſtlichen Eltern vnd Herkommen ſolche entſproſſen vñ erzeuget worden.,so iſt e c liebe vnd gott lob aller orte hierumb gar wohl bekandt auß waß chriſtlichen eltern vnd herkommen ſolche entſproſſen vñ erzeuget worden,so ist e c liebe und gott lob aller orte hierumb gar wohl bekandt auss wass christlichen eltern und herkommen solche entsprossen und erzeuget worden
389840,body,35,3,False,[1],Als nemlichen Jhr Herꝛ Vater/ Jſt der Ehrw.,als nemlichen jhr herꝛ vater jſt der ehrw,als nemlichen ihr her uater ist der ehrw
389840,body,35,4,False,[1],(Titul) Herr Martin.,titul herr martin,titul herr martin
389840,body,35,5,True,[1],"Bennk, in dieſem Loͤblichen Nambßlawiſchẽ Weichbilde zu Kaulwitz etlich 20 Jahr bey der Kirchen Gottes Wohlverdienter Prieſter/ vnd an jetzo zu Simmelwitz/ Noßadel vnd hieſiger Kirchen zu Steinendorff in das 13. Jahr ordentlicher Pfarꝛer vnd Seelenſorger/ welcher an jetzo nebenſt ſeinem Hertz vielgeliebten Herꝛn Eydam/ Seiner numehr letzten Hertzlieben Frawen Tochter/ mit betruͤbetem Hertz gemuͤth/ vnd Thraͤnflieſſenden Augen/ daß Geleitte zu jhrem Ruhebettlein geben muß.",bennk in dieſem loͤblichen nambßlawiſchẽ weichbilde zu kaulwitz etlich jahr bey der kirchen gottes wohlverdienter prieſter vnd an jetzo zu simmelwitz noßadel vnd hieſiger kirchen zu steinendorff in das jahr ordentlicher pfarꝛer vnd seelenſorger welcher an jetzo nebenſt ſeinem hertz vielgeliebten herꝛn eydam seiner numehr letzten hertzlieben frawen tochter mit betruͤbetem hertz gemuͤth vnd thraͤnflieſſenden augen daß geleitte zu jhrem ruhebettlein geben muß,bennk in diesem loblichen nambsslawischen weichbilde zu kaulwitz etlich iahr bey der kirchen gottes wohluerdienter priester und an ietzo zu simmelwitz nossadel und hiesiger kirchen zu steinendorff in das iahr ordentlicher pfarer und seelensorger welcher an ietzo nebenst seinem hertz uielgeliebten hern eydam seiner numehr letzten hertzlieben frawen tochter mit betrubetem hertz gemuth und thranfliessenden augen dass geleitte zu ihrem ruhebettlein geben muss
389840,body,36,0,True,[1],"Jhre Fraw Mutter iſt geweſen/ Die Weylandt Erbahre Viel Ehrentugendreiche Fraw Anna Bennkin, gebohrne Baͤhrin/ Des Weylandt Ehrwuͤrdigen/ Achtbahren/ Wohlgelahrten Herꝛen Georg Urſini, geweſenen Wohlverdienten Pfarꝛers zu Milowitz/ Vnd des Olßniſchen Fuͤrſtenthumbs Herꝛn Senioris, ſo daſelbſt Anno 1601. Jm 72 Jahre ſeines alters im HERRN entſchlaffen/ geweſene Ehleibliche Tochter.",jhre fraw mutter iſt geweſen die weylandt erbahre viel ehrentugendreiche fraw anna bennkin gebohrne baͤhrin des weylandt ehrwuͤrdigen achtbahren wohlgelahrten herꝛen georg urſini geweſenen wohlverdienten pfarꝛers zu milowitz vnd des olßniſchen fuͤrſtenthumbs herꝛn senioris ſo daſelbſt anno jm jahre ſeines alters im herrn entſchlaffen geweſene ehleibliche tochter,ihre fraw mutter ist gewesen die weylandt erbahre uiel ehrentugendreiche fraw anna bennkin gebohrne bahrin des weylandt ehrwurdigen achtbahren wohlgelahrten heren georg ursini gewesenen wohluerdienten pfarers zu milowitz und des olssnischen furstenthumbs hern senioris so daselbst anno im iahre seines alters im herrn entschlaffen gewesene ehleibliche tochter
389840,body,37,0,False,[1],"Von dieſen recht Chriſtlichen/ Prieſterlichen herkommens vnd Standes Eltern/ Jſt nu vnſere ſelige Fraw Reymannin/ zu Kaulwitz auff dem Pfarꝛhoffe des 1607 Jahres/ den 17 Sept. war die Mittwoch nach Matthæi, durch den Gnaͤdigen Segen des Allerhoͤchſten erzeuget vnd gebohren worden.",von dieſen recht chriſtlichen prieſterlichen herkommens vnd standes eltern jſt nu vnſere ſelige fraw reymannin zu kaulwitz auff dem pfarꝛhoffe des jahres den sept war die mittwoch nach matthæi durch den gnaͤdigen segen des allerhoͤchſten erzeuget vnd gebohren worden,uon diesen recht christlichen priesterlichen herkommens und standes eltern ist nu unsere selige fraw reymannin zu kaulwitz auff dem pfarhoffe des iahres den sept war die mittwoch nach matthaei durch den gnadigen segen des allerhochsten erzeuget und gebohren worden
389840,body,37,1,False,[2],Welche jhre Chriſtliche Eltern ſolch jhres liebes Toͤchterlein/ vnd domaln in werendem Eheſtande vierdtes Kindt/ angebohrner Erbſuͤndhalber/ dem HERRRN Chriſto vnverzuͤglichen/ als den 23. Septembr. zur Heiligen Tauffe befoͤdert.,welche jhre chriſtliche eltern ſolch jhres liebes toͤchterlein vnd domaln in werendem eheſtande vierdtes kindt angebohrner erbſuͤndhalber dem herrrn chriſto vnverzuͤglichen als den septembr zur heiligen tauffe befoͤdert,welche ihre christliche eltern solch ihres liebes tochterlein und domaln in werendem ehestande uierdtes kindt angebohrner erbsundhalber dem herrrn christo unuerzuglichen als den septembr zur heiligen tauffe befodert
389840,body,37,2,False,[2],Vnd inn gegenwart vnd beyſein vieler anſehlichen Tauffzeugen/ den ſchoͤnen Namen Maria geben laſſen.,vnd inn gegenwart vnd beyſein vieler anſehlichen tauffzeugen den ſchoͤnen namen maria geben laſſen,und inn gegenwart und beysein uieler ansehlichen tauffzeugen den schonen namen maria geben lassen
389840,body,37,3,False,[2],Wie nun Wohlgemelte Chriſtliche Eltern nebenſt den anďn Kindern allen/ auch ſolche jhres liebes Toͤchterlein hertzlich geliebet: Alſo haben ſie ſich des HERRN Chꝛiſti befehlich nach dermaſſen fleißig in jhrer Hauß diſciplin dahin beflieſſen/ wie jhre liebſte Chepflaͤntzlein dem HERRN aller Herꝛen/ ſo Vater vber alles waß da Kinder heiſſet/ alleine iſt/ moͤchten zuehren auch wolgefallen vnd nutz andern frohmen Leuten/ aufferzogen werden.,wie nun wohlgemelte chriſtliche eltern nebenſt den anďn kindern allen auch ſolche jhres liebes toͤchterlein hertzlich geliebet alſo haben ſie ſich des herrn chꝛiſti befehlich nach dermaſſen fleißig in jhrer hauß diſciplin dahin beflieſſen wie jhre liebſte chepflaͤntzlein dem herrn aller herꝛen ſo vater vber alles waß da kinder heiſſet alleine iſt moͤchten zuehren auch wolgefallen vnd nutz andern frohmen leuten aufferzogen werden,wie nun wohlgemelte christliche eltern nebenst den andn kindern allen auch solche ihres liebes tochterlein hertzlich geliebet also haben sie sich des herrn chisti befehlich nach dermassen fleissig in ihrer hauss disciplin dahin befliessen wie ihre liebste chepflantzlein dem herrn aller heren so uater uber alles wass da kinder heisset alleine ist mochten zuehren auch wolgefallen und nutz andern frohmen leuten aufferzogen werden
389840,body,37,4,False,[2],Dannenher denn ſelbige auch ſolch jhr liebes Kindt/ ſo bald es inn etwas zunehmendem alter nach/ hat informiret werden koͤnnen.,dannenher denn ſelbige auch ſolch jhr liebes kindt ſo bald es inn etwas zunehmendem alter nach hat informiret werden koͤnnen,dannenher denn selbige auch solch ihr liebes kindt so bald es inn etwas zunehmendem alter nach hat informiret werden konnen
389840,body,37,5,False,[2],Bevorauß in der Gottſeligkeit/ Zucht vnd Erbahrkeit/ auch andern Chriſtlichen Gott wohlgefaͤlligen Tugenden auffzuziehen ſich hoͤchlich/ wie ſchuldig bemuͤhet.,bevorauß in der gottſeligkeit zucht vnd erbahrkeit auch andern chriſtlichen gott wohlgefaͤlligen tugenden auffzuziehen ſich hoͤchlich wie ſchuldig bemuͤhet,beuorauss in der gottseligkeit zucht und erbahrkeit auch andern christlichen gott wohlgefalligen tugenden auffzuziehen sich hochlich wie schuldig bemuhet
389840,body,37,6,False,[2],Welche jhre Vaͤterlich/ Muͤtterliche Sorgfaͤltigkeit an ſolchem jhrem lieben Kinde nicht vergebens zuſein/ ſich alſo bald von Kindt auff hervor gethan/ vnd offentlich bewieſen.,welche jhre vaͤterlich muͤtterliche sorgfaͤltigkeit an ſolchem jhrem lieben kinde nicht vergebens zuſein ſich alſo bald von kindt auff hervor gethan vnd offentlich bewieſen,welche ihre uaterlich mutterliche sorgfaltigkeit an solchem ihrem lieben kinde nicht uergebens zusein sich also bald uon kindt auff heruor gethan und offentlich bewiesen
389840,body,37,7,False,[2],"Sintemaln Sie alſo bald in der Furchte des HErꝛen vnd ſeinem Erkendtniß zuzunehmen/ in zunehmendem alter/ dermaſſen ſich erwieſen/ daß Sie gerne vnd fleißig daß Hauß des HERREN nebenſt jhrer Fraw Mutter vnd dohmaligen aͤlteſten Jungfraw Schweſter/ Seligen Fraw Anna Brigerin gebohrne Bennkin, beſuchet/ zu Hauſe/ Fruͤhe/ Abendts/ Mittag/ vnd Tiſchgebeth/ verꝛichtet/ auch im Leſen ſich/ mit ſonderlicher Luſt informiren laſſen.",sintemaln sie alſo bald in der furchte des herꝛen vnd ſeinem erkendtniß zuzunehmen in zunehmendem alter dermaſſen ſich erwieſen daß sie gerne vnd fleißig daß hauß des herren nebenſt jhrer fraw mutter vnd dohmaligen aͤlteſten jungfraw schweſter seligen fraw anna brigerin gebohrne bennkin beſuchet zu hauſe fruͤhe abendts mittag vnd tiſchgebeth verꝛichtet auch im leſen ſich mit ſonderlicher luſt informiren laſſen,sintemaln sie also bald in der furchte des heren und seinem erkendtniss zuzunehmen in zunehmendem alter dermassen sich erwiesen dass sie gerne und fleissig dass hauss des herren nebenst ihrer fraw mutter und dohmaligen altesten iungfraw schwester seligen fraw anna brigerin gebohrne bennkin besuchet zu hause fruhe abendts mittag und tischgebeth uerichtet auch im lesen sich mit sonderlicher lust informiren lassen
389840,body,37,8,True,[2],Daran dann jhre liebe Eltern ein beſonders Wohlgefallen getragen.,daran dann jhre liebe eltern ein beſonders wohlgefallen getragen,daran dann ihre liebe eltern ein besonders wohlgefallen getragen
389840,body,38,0,True,[2],"So hat Sie auch jhre liebe gechrte Eltern dermaſſen von Kindt auff mit Ehrerbiettigkeit/ Kindlichem gehorſamb Veneriret, geehret/ geliebet/ daß jedermann Wohl-Adeliches vnd vnadeliches Standes/ bey welchẽ ſie ſich zum offtern/ mit ſonderlicher annehmligkeit befinden muͤſſen/ ein hertzliches belieben vñ wohlgefallen darob getragen.",so hat sie auch jhre liebe gechrte eltern dermaſſen von kindt auff mit ehrerbiettigkeit kindlichem gehorſamb veneriret geehret geliebet daß jedermann wohladeliches vnd vnadeliches standes bey welchẽ ſie ſich zum offtern mit ſonderlicher annehmligkeit befinden muͤſſen ein hertzliches belieben vñ wohlgefallen darob getragen,so hat sie auch ihre liebe gechrte eltern dermassen uon kindt auff mit ehrerbiettigkeit kindlichem gehorsamb ueneriret geehret geliebet dass iedermann wohladeliches und unadeliches standes bey welchen sie sich zum offtern mit sonderlicher annehmligkeit befinden mussen ein hertzliches belieben und wohlgefallen darob getragen
389840,body,39,0,True,[3],Jn jhrem wehrenden Jungfrawen Stande/ hat Sie wie Gottſeligkeit/ Zucht/ Erbarkeit/ Ehrerbiettigkeit/ Schamhafftigkeit/ auffrichtigkeit keuſchheit geliebet/ alſo auch gewiß fleißig trewlich geuͤbet/ Jhrer Seligen Fraw Mutter/ embſich vnd mit willen in jhrer Haußnahrung vnd Wirthſchafft in allem gehorſamb gerne geholffen/ ſich vnterꝛichten laſſen vnd Ehrerbiettiglichen nach kommen.,jn jhrem wehrenden jungfrawen stande hat sie wie gottſeligkeit zucht erbarkeit ehrerbiettigkeit schamhafftigkeit auffrichtigkeit keuſchheit geliebet alſo auch gewiß fleißig trewlich geuͤbet jhrer seligen fraw mutter embſich vnd mit willen in jhrer haußnahrung vnd wirthſchafft in allem gehorſamb gerne geholffen ſich vnterꝛichten laſſen vnd ehrerbiettiglichen nach kommen,in ihrem wehrenden iungfrawen stande hat sie wie gottseligkeit zucht erbarkeit ehrerbiettigkeit schamhafftigkeit auffrichtigkeit keuschheit geliebet also auch gewiss fleissig trewlich geubet ihrer seligen fraw mutter embsich und mit willen in ihrer haussnahrung und wirthschafft in allem gehorsamb gerne geholffen sich unterichten lassen und ehrerbiettiglichen nach kommen
389840,body,40,0,False,[3],Mit jhrem Geſchwiſter/ Freundlich/ Vertraͤglich/ Liebreich gelebet/ welches denn jhren lieben Eltern ein beſonderer Troſt/ vnd angenehme Frewde geweſen.,mit jhrem geſchwiſter freundlich vertraͤglich liebreich gelebet welches denn jhren lieben eltern ein beſonderer troſt vnd angenehme frewde geweſen,mit ihrem geschwister freundlich uertraglich liebreich gelebet welches denn ihren lieben eltern ein besonderer trost und angenehme frewde gewesen
389840,body,40,1,True,[3],Weiln Sie denn GOtt fleißig gedienet/ Herꝛlich/ Andaͤchtig/ gerne Gebetet/ ſich auch fromb/ ſtill/ keuſch/ ruͤhmlichen gehalten/ hat der liebe Gott ſelbige auch in ſeiner Vaͤterlichen obacht trewlichen gehalten/ vnd gnaͤdiglichen zu verſorgen/ jhm angelegen ſein laſſen.,weiln sie denn gott fleißig gedienet herꝛlich andaͤchtig gerne gebetet ſich auch fromb ſtill keuſch ruͤhmlichen gehalten hat der liebe gott ſelbige auch in ſeiner vaͤterlichen obacht trewlichen gehalten vnd gnaͤdiglichen zu verſorgen jhm angelegen ſein laſſen,weiln sie denn gott fleissig gedienet herlich andachtig gerne gebetet sich auch fromb still keusch ruhmlichen gehalten hat der liebe gott selbige auch in seiner uaterlichen obacht trewlichen gehalten und gnadiglichen zu uersorgen ihm angelegen sein lassen
389840,body,41,0,True,[3],Dannenher denn der Allerhoͤheſte vnter andern zu einem kuͤnfftigen Ehegatten erwehlet vnd verordnet/ den Ehrenveſten Wohlbenambten Herꝛen Bartholomæum Reymann/ damaln Jungeſellen/ Wohlverordneten Saurmanniſchen/ der Guͤtter Stein vnd Stertzedorff Amptman/ an jetzo Hertzſchmertzlichẽ hochbetruͤbeten Herꝛ Wittiber/ dehme Chriſtliches Beylager den Dienſtag nach Michaelis/ war der 1. Octobris Anno 1630. Zu Simmelwitz auff dem jetzo abgehrandten Pfarꝛhoffe gehalten worden.,dannenher denn der allerhoͤheſte vnter andern zu einem kuͤnfftigen ehegatten erwehlet vnd verordnet den ehrenveſten wohlbenambten herꝛen bartholomæum reymann damaln jungeſellen wohlverordneten saurmanniſchen der guͤtter stein vnd stertzedorff amptman an jetzo hertzſchmertzlichẽ hochbetruͤbeten herꝛ wittiber dehme chriſtliches beylager den dienſtag nach michaelis war der octobris anno zu simmelwitz auff dem jetzo abgehrandten pfarꝛhoffe gehalten worden,dannenher denn der allerhoheste unter andern zu einem kunfftigen ehegatten erwehlet und uerordnet den ehrenuesten wohlbenambten heren bartholomaeum reymann damaln iungesellen wohluerordneten saurmannischen der gutter stein und stertzedorff amptman an ietzo hertzschmertzlichen hochbetrubeten her wittiber dehme christliches beylager den dienstag nach michaelis war der octobris anno zu simmelwitz auff dem ietzo abgehrandten pfarhoffe gehalten worden
389840,body,42,0,False,[3],Weiln denn ſolche jhre Chriſtliche Ehe/ gewiß von Gott in Gnaden her geruͤhret/ hat auch der Allgewaltige denſelbigen in wehrenden Eheſtande Seine Gnad vnd Segen fruchtbarlich ſcheinen laſſen.,weiln denn ſolche jhre chriſtliche ehe gewiß von gott in gnaden her geruͤhret hat auch der allgewaltige denſelbigen in wehrenden eheſtande seine gnad vnd segen fruchtbarlich ſcheinen laſſen,weiln denn solche ihre christliche ehe gewiss uon gott in gnaden her geruhret hat auch der allgewaltige denselbigen in wehrenden ehestande seine gnad und segen fruchtbarlich scheinen lassen
389840,body,42,1,False,[3],Jhn dehme in jhren Hertzen ein recht trewe beſtaͤndige Eheliche liebe gegruͤndet/ von tag zu tag/ je mehr vnd mehr/ vnaußlaͤſchlich zugenommen vnd gewachſen.,jhn dehme in jhren hertzen ein recht trewe beſtaͤndige eheliche liebe gegruͤndet von tag zu tag je mehr vnd mehr vnaußlaͤſchlich zugenommen vnd gewachſen,ihn dehme in ihren hertzen ein recht trewe bestandige eheliche liebe gegrundet uon tag zu tag ie mehr und mehr unausslaschlich zugenommen und gewachsen
389840,body,42,2,True,[3],Alſo das ſie in wehrendem jhrem Eheſtande/ inn Vnverruͤcklicher trewer Liebe/ ſtets veſter Tewerer Einigkeit/ Friedfertigkeit/ vnd Trewhertzigkeit mit einander gelebet/ kein Groll/ Zwytracht/ Wiederwertigkeit hat der Helliſche Aſmodæus zwiſchen Sie Gott lob nicht einmengen moͤgen nach vermoͤgen,alſo das ſie in wehrendem jhrem eheſtande inn vnverruͤcklicher trewer liebe ſtets veſter tewerer einigkeit friedfertigkeit vnd trewhertzigkeit mit einander gelebet kein groll zwytracht wiederwertigkeit hat der helliſche aſmodæus zwiſchen sie gott lob nicht einmengen moͤgen nach vermoͤgen,also das sie in wehrendem ihrem ehestande inn unuerrucklicher trewer liebe stets uester tewerer einigkeit friedfertigkeit und trewhertzigkeit mit einander gelebet kein groll zwytracht wiederwertigkeit hat der hellische asmodaeus zwischen sie gott lob nicht einmengen mogen nach uermogen
389840,body,43,0,True,[4],Solchen den jhren lieben beyderſeits Eltern ein groſſer troſt vnd Frewde/ jhnen aber beyderſeits ein Liebligkeit geweſen.,solchen den jhren lieben beyderſeits eltern ein groſſer troſt vnd frewde jhnen aber beyderſeits ein liebligkeit geweſen,solchen den ihren lieben beyderseits eltern ein grosser trost und frewde ihnen aber beyderseits ein liebligkeit gewesen
389840,body,44,0,False,[4],Jhr lieber Eheſtandt iſt von dem lieben Gott nicht vngeſegnet gelaſſen: Sondern GOtt Sie hat beyde inn Gnaden mit Sechs Leibesfruͤchten/ als 4 Soͤhnlein vnd zweyen Toͤchterlein geſegnet/ vnd begabet/ derer noch fuͤnff bey Leben/ vnd 4 mit groſſem Hertzeleidt jhrer hertzlieben geweſenen Fraw Mutter/ auch gar zu fruͤhzeitig inn jhrem vnaufferzogen Waiſen ſtande das geleitte an jetzo geben helffen.,jhr lieber eheſtandt iſt von dem lieben gott nicht vngeſegnet gelaſſen sondern gott sie hat beyde inn gnaden mit sechs leibesfruͤchten als soͤhnlein vnd zweyen toͤchterlein geſegnet vnd begabet derer noch fuͤnff bey leben vnd mit groſſem hertzeleidt jhrer hertzlieben geweſenen fraw mutter auch gar zu fruͤhzeitig inn jhrem vnaufferzogen waiſen ſtande das geleitte an jetzo geben helffen,ihr lieber ehestandt ist uon dem lieben gott nicht ungesegnet gelassen sondern gott sie hat beyde inn gnaden mit sechs leibesfruchten als sohnlein und zweyen tochterlein gesegnet und begabet derer noch funff bey leben und mit grossem hertzeleidt ihrer hertzlieben gewesenen fraw mutter auch gar zu fruhzeitig inn ihrem unaufferzogen waisen stande das geleitte an ietzo geben helffen
389840,body,44,1,False,[4],Das letzte aber liebe kleine Wuͤrmlein ſo gleich 18 tage alt/ hat ſeinen beſten Troſt/ vnd Mutter verlohren/ welches ſich Gott auch in Gnaden annehmen/ vnd die beſte Vorſorge ſein vnd bleiben wolle.,das letzte aber liebe kleine wuͤrmlein ſo gleich tage alt hat ſeinen beſten troſt vnd mutter verlohren welches ſich gott auch in gnaden annehmen vnd die beſte vorſorge ſein vnd bleiben wolle,das letzte aber liebe kleine wurmlein so gleich tage alt hat seinen besten trost und mutter uerlohren welches sich gott auch in gnaden annehmen und die beste uorsorge sein und bleiben wolle
389840,body,44,2,False,[4],Ein Toͤchterlein aber/ ſo jhr der liebe Gott vor dem Jahr/ den Montag nach Miſericordias gegeben/ (den Sontage nach gerechnet/ gleich den tag als Sie verſchieden) hat der Allerhoͤheſte wiederumb auß dieſem Thraͤnenthal nach dem es nur gleich 14 tage alt/ vnd deſſelbten nahmen Margaretha geweſen/ zu ſich wieder abgefodert.,ein toͤchterlein aber ſo jhr der liebe gott vor dem jahr den montag nach miſericordias gegeben den sontage nach gerechnet gleich den tag als sie verſchieden hat der allerhoͤheſte wiederumb auß dieſem thraͤnenthal nach dem es nur gleich tage alt vnd deſſelbten nahmen margaretha geweſen zu ſich wieder abgefodert,ein tochterlein aber so ihr der liebe gott uor dem iahr den montag nach misericordias gegeben den sontage nach gerechnet gleich den tag als sie uerschieden hat der allerhoheste wiederumb auss diesem thranenthal nach dem es nur gleich tage alt und desselbten nahmen margaretha gewesen zu sich wieder abgefodert
389840,body,44,3,True,[4],Darob dem Vater in Gott ruhende/ damaln auch Sechswoͤcherin Schmertzlich ſehr/ nebenſt jhrem lieben Ehe Herꝛen betruͤbet geweſen.,darob dem vater in gott ruhende damaln auch sechswoͤcherin schmertzlich ſehr nebenſt jhrem lieben ehe herꝛen betruͤbet geweſen,darob dem uater in gott ruhende damaln auch sechswocherin schmertzlich sehr nebenst ihrem lieben ehe heren betrubet gewesen
389840,body,45,0,True,[4],Jhre liebe Kinderlein hat Sie fleißig vñ trewlich zur Gottes furcht/ vnd in vbungen Chriſtlicher Tugenden jhrem alter gelegenheit nach gehalten/ vnd wie Sie gerne das Gotteshauß beſuchet/ vnd fleißig gebethet/ alſo auch jhre Kinderlein/ vnd vntergebenes geſinde dazu angewieſen/ gehalten vñ gewohnet/ Zum fleiſſigen Gebeth gehalten/ auch im leſen trewlich vnterwieſen/ dermaſſen daß jhr geliebeter Eheherꝛ/ weiln Er inn ſeinen ſchweren vielfaltigen Amptsgeſchaͤfften hin vnd wieder zuverꝛichten/ bey ſeiner Anheimkunfft/ wie ſeiner hertzliebſten/ freundliches empfangen/ alſo der lieben Kinderlichen wohlgezogenheit/ mit Luſt vnd frewde zuempfinden gehabet.,jhre liebe kinderlein hat sie fleißig vñ trewlich zur gottes furcht vnd in vbungen chriſtlicher tugenden jhrem alter gelegenheit nach gehalten vnd wie sie gerne das gotteshauß beſuchet vnd fleißig gebethet alſo auch jhre kinderlein vnd vntergebenes geſinde dazu angewieſen gehalten vñ gewohnet zum fleiſſigen gebeth gehalten auch im leſen trewlich vnterwieſen dermaſſen daß jhr geliebeter eheherꝛ weiln er inn ſeinen ſchweren vielfaltigen amptsgeſchaͤfften hin vnd wieder zuverꝛichten bey ſeiner anheimkunfft wie ſeiner hertzliebſten freundliches empfangen alſo der lieben kinderlichen wohlgezogenheit mit luſt vnd frewde zuempfinden gehabet,ihre liebe kinderlein hat sie fleissig und trewlich zur gottes furcht und in ubungen christlicher tugenden ihrem alter gelegenheit nach gehalten und wie sie gerne das gotteshauss besuchet und fleissig gebethet also auch ihre kinderlein und untergebenes gesinde dazu angewiesen gehalten und gewohnet zum fleissigen gebeth gehalten auch im lesen trewlich unterwiesen dermassen dass ihr geliebeter eheher weiln er inn seinen schweren uielfaltigen amptsgeschafften hin und wieder zuuerichten bey seiner anheimkunfft wie seiner hertzliebsten freundliches empfangen also der lieben kinderlichen wohlgezogenheit mit lust und frewde zuempfinden gehabet
389840,body,46,0,False,[5],Jhr Haͤußligkeit vnd Wirthſchaffts pflegung iſt ſelbige allerſeits wohlerfahren trewfleißig geweſen/ Vnd was von einer Geſtrengen Herꝛſchafft ſelbiger anvertrawet geweſen/ auffrichtig vorgeſtanden/ vnd waß zu nutz vnd beſten gedienet genaw/ trewlich wargenom̃en.,jhr haͤußligkeit vnd wirthſchaffts pflegung iſt ſelbige allerſeits wohlerfahren trewfleißig geweſen vnd was von einer geſtrengen herꝛſchafft ſelbiger anvertrawet geweſen auffrichtig vorgeſtanden vnd waß zu nutz vnd beſten gedienet genaw trewlich wargenom̃en,ihr haussligkeit und wirthschaffts pflegung ist selbige allerseits wohlerfahren trewfleissig gewesen und was uon einer gestrengen herschafft selbiger anuertrawet gewesen auffrichtig uorgestanden und wass zu nutz und besten gedienet genaw trewlich wargenommen
389840,body,46,1,True,[5],Derenthalben denn auch ein Geſtrenge Herꝛſchafft gar wohl zu frieden guͤttig geweſen.,derenthalben denn auch ein geſtrenge herꝛſchafft gar wohl zu frieden guͤttig geweſen,derenthalben denn auch ein gestrenge herschafft gar wohl zu frieden guttig gewesen
389840,body,47,0,True,[5],Gutthaͤtigkeit nach vermoͤgen/ mit rath vnd that gegen armen nothduͤrfftigen vnd Krancken hat Sie gerne erwieſen/ vnd ſo viel moͤglichen Tag vnd Nacht gerne begehrenden gedienet.,gutthaͤtigkeit nach vermoͤgen mit rath vnd that gegen armen nothduͤrfftigen vnd krancken hat sie gerne erwieſen vnd ſo viel moͤglichen tag vnd nacht gerne begehrenden gedienet,gutthatigkeit nach uermogen mit rath und that gegen armen nothdurfftigen und krancken hat sie gerne erwiesen und so uiel moglichen tag und nacht gerne begehrenden gedienet
389840,body,48,0,False,[5],Beſcheidenheit/ Sanfftmuͤttigkeit/ hat Sie geliebet vnd geuͤbet/ vielmehr mit jhrer Sanfftmuͤttigkeit/ als mit vnzeitigen offtern Poltern vnd Schelten außgericht im Hoffe/ auch ſich fleißigſt dahin beflieſſen/ wie nur jhr geliebeter Eheſchatz/ (auſſer Ampts eyver vñ Strenge) nicht moͤchte zu vnnoͤtigen Zorn gevrſachet werden/ mit jederman hat Sie gerne Friede vnd Eintraͤchtigkeit gehalten/ gegen Hoͤhern ſich gebuͤhrlich bequemet/ gegen niedrigen ſich Sanfftmuͤttig erwieſen.,beſcheidenheit sanfftmuͤttigkeit hat sie geliebet vnd geuͤbet vielmehr mit jhrer sanfftmuͤttigkeit als mit vnzeitigen offtern poltern vnd schelten außgericht im hoffe auch ſich fleißigſt dahin beflieſſen wie nur jhr geliebeter eheſchatz auſſer ampts eyver vñ strenge nicht moͤchte zu vnnoͤtigen zorn gevrſachet werden mit jederman hat sie gerne friede vnd eintraͤchtigkeit gehalten gegen hoͤhern ſich gebuͤhrlich bequemet gegen niedrigen ſich sanfftmuͤttig erwieſen,bescheidenheit sanfftmuttigkeit hat sie geliebet und geubet uielmehr mit ihrer sanfftmuttigkeit als mit unzeitigen offtern poltern und schelten aussgericht im hoffe auch sich fleissigst dahin befliessen wie nur ihr geliebeter eheschatz ausser ampts eyuer und strenge nicht mochte zu unnotigen zorn geursachet werden mit iederman hat sie gerne friede und eintrachtigkeit gehalten gegen hohern sich gebuhrlich bequemet gegen niedrigen sich sanfftmuttig erwiesen
389840,body,48,1,True,[5],Wie Sie von maͤnniglichen das Zeugnuͤß haben wirdt.,wie sie von maͤnniglichen das zeugnuͤß haben wirdt,wie sie uon manniglichen das zeugnuss haben wirdt
389840,body,49,0,False,[5],Ohne Gedult im Creutz/ hertzlichem Mitleiden in Betruͤbnuͤß/ iſt Sie niemals zufinden geweſen.,ohne gedult im creutz hertzlichem mitleiden in betruͤbnuͤß iſt sie niemals zufinden geweſen,ohne gedult im creutz hertzlichem mitleiden in betrubnuss ist sie niemals zufinden gewesen
389840,body,49,1,False,[5],Maſſen ſelbige denn auch nicht/ ohne Kummer oder betruͤben hat ſein koͤnnen.,maſſen ſelbige denn auch nicht ohne kummer oder betruͤben hat ſein koͤnnen,massen selbige denn auch nicht ohne kummer oder betruben hat sein konnen
389840,body,49,2,False,[5],"Mit ſchmertzlichem hertzen/ hat ſie vor dem Jahr jhr liebes Newgebohrnes Kindt ſelige Margaretham, von jhrem Sechswochenbeth vñ Wiegen verblichẽ tragen laſſen muͤſſen/ vnd ſelbſt nicht verblichen zu dem Ruhebetlein in hieſige Kirche begleitten koͤnnen.",mit ſchmertzlichem hertzen hat ſie vor dem jahr jhr liebes newgebohrnes kindt ſelige margaretham von jhrem sechswochenbeth vñ wiegen verblichẽ tragen laſſen muͤſſen vnd ſelbſt nicht verblichen zu dem ruhebetlein in hieſige kirche begleitten koͤnnen,mit schmertzlichem hertzen hat sie uor dem iahr ihr liebes newgebohrnes kindt selige margaretham uon ihrem sechswochenbeth und wiegen uerblichen tragen lassen mussen und selbst nicht uerblichen zu dem ruhebetlein in hiesige kirche begleitten konnen
389840,body,49,3,False,[5],Denn Kinder kom̃en von hertzen/ Kinder gehen zu hertzen.,denn kinder kom̃en von hertzen kinder gehen zu hertzen,denn kinder kommen uon hertzen kinder gehen zu hertzen
389840,body,49,4,False,[5],Betruͤbt Kummerhafften ſchmertzen hat Sie freylich empfundẽ.,betruͤbt kummerhafften ſchmertzen hat sie freylich empfundẽ,betrubt kummerhafften schmertzen hat sie freylich empfunden
389840,body,49,5,False,[5],Als jhre Selige Fraw Mutter vnd zwo Schweſtern Anno 34. in der damahligen graßirenden Infection beſtricket/ endlichen vnd geſchwinde Todes verfahren vnd einander folgen muͤſſen.,als jhre selige fraw mutter vnd zwo schweſtern anno in der damahligen graßirenden infection beſtricket endlichen vnd geſchwinde todes verfahren vnd einander folgen muͤſſen,als ihre selige fraw mutter und zwo schwestern anno in der damahligen grassirenden infection bestricket endlichen und geschwinde todes uerfahren und einander folgen mussen
389840,body,49,6,False,[6],Vnd kein Gelegenheit vnd Zutritt zum Kindtlichen beſuchen/ trewen Verſorgen/ vnd Danckbahrer begeltungen/ oder auch Chriſtlichen begleitung zu jhrem Ruhebettlein hat koͤnnen gebrauchet werden.,vnd kein gelegenheit vnd zutritt zum kindtlichen beſuchen trewen verſorgen vnd danckbahrer begeltungen oder auch chriſtlichen begleitung zu jhrem ruhebettlein hat koͤnnen gebrauchet werden,und kein gelegenheit und zutritt zum kindtlichen besuchen trewen uersorgen und danckbahrer begeltungen oder auch christlichen begleitung zu ihrem ruhebettlein hat konnen gebrauchet werden
389840,body,49,7,False,[6],O wie iſt jhr daß ſampt jhrem lieben Ehherꝛen ſo tieff zu Hertzen gedrungen.,o wie iſt jhr daß ſampt jhrem lieben ehherꝛen ſo tieff zu hertzen gedrungen,o wie ist ihr dass sampt ihrem lieben ehheren so tieff zu hertzen gedrungen
389840,body,49,8,True,[6],Jn dem Sie auch jhren lieben Herꝛen Vattern vnd zum theil Bruͤder in ſchwebender gefahr zum hertzlichſten beklagen muͤſſen.,jn dem sie auch jhren lieben herꝛen vattern vnd zum theil bruͤder in ſchwebender gefahr zum hertzlichſten beklagen muͤſſen,in dem sie auch ihren lieben heren uattern und zum theil bruder in schwebender gefahr zum hertzlichsten beklagen mussen
389840,body,50,0,False,[6],Aber vnangeſehen Sie in der Perſohn jhnen in jhrem elende nicht beywohnen koͤnnen/ hat Sie es als ein Trew Danckbar Kindt/ ſampt jhrem Eheherꝛen/ an Gebeth/ hertzlichen Vorbitten bey Gott/ vnd vermoͤgendem zurathen nicht ermangeln laſſen.,aber vnangeſehen sie in der perſohn jhnen in jhrem elende nicht beywohnen koͤnnen hat sie es als ein trew danckbar kindt ſampt jhrem eheherꝛen an gebeth hertzlichen vorbitten bey gott vnd vermoͤgendem zurathen nicht ermangeln laſſen,aber unangesehen sie in der persohn ihnen in ihrem elende nicht beywohnen konnen hat sie es als ein trew danckbar kindt sampt ihrem eheheren an gebeth hertzlichen uorbitten bey gott und uermogendem zurathen nicht ermangeln lassen
389840,body,50,1,True,[6],Denn Sie trewlich jhr liebe Eltern geliebet/ gehorſamlich gefolget/ vnd Kindtlichen geehret.,denn sie trewlich jhr liebe eltern geliebet gehorſamlich gefolget vnd kindtlichen geehret,denn sie trewlich ihr liebe eltern geliebet gehorsamlich gefolget und kindtlichen geehret
389840,body,51,0,True,[6],"Wie Sie denn inn gleichem gegen jhres lieben Eheherꝛen ſeligen Fraw Mutter Bruder vnd Schweſtern/ inn aller Ehrerbiettigkeit/ ſich allerſeits bequemet/ Sie geliebet vnd veneriret, vnd hierumb in gleichen von jhnen aller Ehren werth æſtimiret, vnd trewlichen geliebet worden.",wie sie denn inn gleichem gegen jhres lieben eheherꝛen ſeligen fraw mutter bruder vnd schweſtern inn aller ehrerbiettigkeit ſich allerſeits bequemet sie geliebet vnd veneriret vnd hierumb in gleichen von jhnen aller ehren werth æſtimiret vnd trewlichen geliebet worden,wie sie denn inn gleichem gegen ihres lieben eheheren seligen fraw mutter bruder und schwestern inn aller ehrerbiettigkeit sich allerseits bequemet sie geliebet und ueneriret und hierumb in gleichen uon ihnen aller ehren werth aestimiret und trewlichen geliebet worden
389840,body,52,0,True,[6],Wie nu aber kein Menſch/ Engel rein kan geſchaͤtzet werdẽ: Alſo iſt vnſere Selige Fraw Reymannin ohne Menſchliche Schwachheiten vnd Gebrechligkeiten auch nicht geweſen.,wie nu aber kein menſch engel rein kan geſchaͤtzet werdẽ alſo iſt vnſere selige fraw reymannin ohne menſchliche schwachheiten vnd gebrechligkeiten auch nicht geweſen,wie nu aber kein mensch engel rein kan geschatzet werden also ist unsere selige fraw reymannin ohne menschliche schwachheiten und gebrechligkeiten auch nicht gewesen
389840,body,53,0,False,[6],Welches Sie denn auch vor jhrem GOtt vnd Schoͤpffer/ inn Demuth mit offterem beichten vñ hertzlichem bethen erkennet/ vnd ſich zum offtern zu dem Heil.,welches sie denn auch vor jhrem gott vnd schoͤpffer inn demuth mit offterem beichten vñ hertzlichem bethen erkennet vnd ſich zum offtern zu dem heil,welches sie denn auch uor ihrem gott und schopffer inn demuth mit offterem beichten und hertzlichem bethen erkennet und sich zum offtern zu dem heil
389840,body,53,1,False,[6],Sacrament des Altars eingeſtellet.,sacrament des altars eingeſtellet,sacrament des altars eingestellet
389840,body,53,2,False,[6],Trewlich hat Sie vor die wahre Kirche Gottes vnd derſelbten Diener gebetet/ auch den vertriebenen Geiſtlichen vnd andern Chriſtlichen Perſohnen/ mit Zuſprechung troſtes/ vnd darꝛeichung moͤglicher huͤlffe/ Sich gutthaͤtig erwieſen.,trewlich hat sie vor die wahre kirche gottes vnd derſelbten diener gebetet auch den vertriebenen geiſtlichen vnd andern chriſtlichen perſohnen mit zuſprechung troſtes vnd darꝛeichung moͤglicher huͤlffe sich gutthaͤtig erwieſen,trewlich hat sie uor die wahre kirche gottes und derselbten diener gebetet auch den uertriebenen geistlichen und andern christlichen persohnen mit zusprechung trostes und dareichung moglicher hulffe sich gutthatig erwiesen
389840,body,53,3,True,[6],Dannenher denn auch GOtt jhr wiederumb mit Troſt vnd Segen gnaͤdiger belohner geweſen.,dannenher denn auch gott jhr wiederumb mit troſt vnd segen gnaͤdiger belohner geweſen,dannenher denn auch gott ihr wiederumb mit trost und segen gnadiger belohner gewesen
389840,body,54,0,False,[7],Wann Sie denn abermahln mit dem lieben Eheſegen von dem lieben GOtt begnadet geweſen/ hat Sie ſolche Gnade Gottes mit Danck erkennet/ gewiß fleißig ſich mit tragender Leibesfrucht GOtt empfolen/ vnd vmb erwuͤndſchter rechter Zeit gnaͤdige huͤlffe hertzlich vnnachlaͤßlich gebetet/ auff offentlich in Chriſtlichen verſamlungen vor ſich bitten laſſen.,wann sie denn abermahln mit dem lieben eheſegen von dem lieben gott begnadet geweſen hat sie ſolche gnade gottes mit danck erkennet gewiß fleißig ſich mit tragender leibesfrucht gott empfolen vnd vmb erwuͤndſchter rechter zeit gnaͤdige huͤlffe hertzlich vnnachlaͤßlich gebetet auff offentlich in chriſtlichen verſamlungen vor ſich bitten laſſen,wann sie denn abermahln mit dem lieben ehesegen uon dem lieben gott begnadet gewesen hat sie solche gnade gottes mit danck erkennet gewiss fleissig sich mit tragender leibesfrucht gott empfolen und umb erwundschter rechter zeit gnadige hulffe hertzlich unnachlasslich gebetet auff offentlich in christlichen uersamlungen uor sich bitten lassen
389840,body,54,1,False,[7],Welche jhre vnd jhres lieben Eheherꝛens taͤgliche ſtuͤndtliche Seufftzer gewiß auch bey Gott angenehm geweſen vnd erhoͤret/ auch mit der liebẽ Engelein Schutz/ vnd froͤlicher Entbindung zu rechter Zeit/ ſind gewehret worden.,welche jhre vnd jhres lieben eheherꝛens taͤgliche ſtuͤndtliche seufftzer gewiß auch bey gott angenehm geweſen vnd erhoͤret auch mit der liebẽ engelein schutz vnd froͤlicher entbindung zu rechter zeit ſind gewehret worden,welche ihre und ihres lieben eheherens tagliche stundtliche seufftzer gewiss auch bey gott angenehm gewesen und erhoret auch mit der lieben engelein schutz und frolicher entbindung zu rechter zeit sind gewehret worden
389840,body,54,2,False,[7],Deñ Gott der HErꝛ hat Sie den letzten Heiligen Oſterfeyertag zu Nacht/ nach dem Sie mit den lieben jhrigen die Heil: Oſterfeyertage dem Gottesdienſt durch vnd durch Andaͤchtig Chriſtlich beywohnen koͤnnen/ gar mit einer gnaͤdigen huͤlffreichen Entbindung jhrer tragendẽ Leibesbuͤrden entbunden/ vnd mit einem friſch geſundem liebẽ jungen Soͤhnlein erfrewet.,deñ gott der herꝛ hat sie den letzten heiligen oſterfeyertag zu nacht nach dem sie mit den lieben jhrigen die heil oſterfeyertage dem gottesdienſt durch vnd durch andaͤchtig chriſtlich beywohnen koͤnnen gar mit einer gnaͤdigen huͤlffreichen entbindung jhrer tragendẽ leibesbuͤrden entbunden vnd mit einem friſch geſundem liebẽ jungen soͤhnlein erfrewet,denn gott der her hat sie den letzten heiligen osterfeyertag zu nacht nach dem sie mit den lieben ihrigen die heil osterfeyertage dem gottesdienst durch und durch andachtig christlich beywohnen konnen gar mit einer gnadigen hulffreichen entbindung ihrer tragenden leibesburden entbunden und mit einem frisch gesundem lieben iungen sohnlein erfrewet
389840,body,54,3,True,[7],O wie hat Sie ſampt jhrem hertzliebeſten ſich deſſen hoͤchlich erfrewet/ O wie danckbar ſind ſie dem lieben Gott hiervor geweſen/ deſſen Zubezeugen/ haben Sie jhr liebes Kindt auch alſo bald auff den andern Tag dem HERREN JEſu zutragen vnd zur H. Tauffe befoͤdern laſſen.,o wie hat sie ſampt jhrem hertzliebeſten ſich deſſen hoͤchlich erfrewet o wie danckbar ſind ſie dem lieben gott hiervor geweſen deſſen zubezeugen haben sie jhr liebes kindt auch alſo bald auff den andern tag dem herren jeſu zutragen vnd zur h tauffe befoͤdern laſſen,o wie hat sie sampt ihrem hertzliebesten sich dessen hochlich erfrewet o wie danckbar sind sie dem lieben gott hieruor gewesen dessen zubezeugen haben sie ihr liebes kindt auch also bald auff den andern tag dem herren iesu zutragen und zur h tauffe befodern lassen
389840,body,55,0,False,[7],Es hat ſich auch mehr gemelte vnſere Selige Fraw Sechswoͤcherin/ nach der Gnaͤdigen Entbindung GOttes/ von der Mitwoch an/ biß zum Sonnabendt nicht gar zum vbeleſten befanden/ dorab denn jhr hertzliebſter Ehemañ hertzlich getroͤſtet/ vnd hoͤchlichen erfrewet geweſen/ auch wie Sie ferner durch die Gnade GOttes geſtaͤrcket trewlich gebetet/ vnd mit allerſeits erheiſchender notturfft zum beſten verpfleget werde/ moͤgligſten fleiß vngeſparter muͤhe vnd koſten Tag vnd Nacht ſelbſt trewlichen wargenommen.,es hat ſich auch mehr gemelte vnſere selige fraw sechswoͤcherin nach der gnaͤdigen entbindung gottes von der mitwoch an biß zum sonnabendt nicht gar zum vbeleſten befanden dorab denn jhr hertzliebſter ehemañ hertzlich getroͤſtet vnd hoͤchlichen erfrewet geweſen auch wie sie ferner durch die gnade gottes geſtaͤrcket trewlich gebetet vnd mit allerſeits erheiſchender notturfft zum beſten verpfleget werde moͤgligſten fleiß vngeſparter muͤhe vnd koſten tag vnd nacht ſelbſt trewlichen wargenommen,es hat sich auch mehr gemelte unsere selige fraw sechswocherin nach der gnadigen entbindung gottes uon der mitwoch an biss zum sonnabendt nicht gar zum ubelesten befanden dorab denn ihr hertzliebster ehemann hertzlich getrostet und hochlichen erfrewet gewesen auch wie sie ferner durch die gnade gottes gestarcket trewlich gebetet und mit allerseits erheischender notturfft zum besten uerpfleget werde mogligsten fleiss ungesparter muhe und kosten tag und nacht selbst trewlichen wargenommen
389840,body,55,1,True,[7],Vnd wiewol Sie nu mit Nottuͤrfftiger Pflege/ vnd fleißiger Warnehmung vor ſich vñ den lieben jhrigen hoͤchſtes fleiſſes inn acht genommen worden: Hat ſich doch jhre zimliche Paͤßligkeit/ des Sonnabendts nach Oſtern in eine Schmertzliche Vnpaͤßligkeit plotz vnd vnverſehens verwandelt/ alſo daß ſich ein hertzbrechendes reiſſen/ vnd Schmertzgebrechendes ſtechen/ der Auffwallenden vnd Lufftſtuppenden Mutter ſich bey jhr gefunden/ darab Sie deñ in fernere groͤſſere Mattigkeit vnd fallende Ohnmaͤchtigkeit je mehr vnd mehr gefallen/ daß man ohne vnterlaß an jhr zureiben vñ zu kuͤhlen gehabet/ auch faſt dem Menſchlichen anſehen nach/ des kuͤnfftigen Sontags/ letztes Stuͤndlein befuͤrchtet.,vnd wiewol sie nu mit nottuͤrfftiger pflege vnd fleißiger warnehmung vor ſich vñ den lieben jhrigen hoͤchſtes fleiſſes inn acht genommen worden hat ſich doch jhre zimliche paͤßligkeit des sonnabendts nach oſtern in eine schmertzliche vnpaͤßligkeit plotz vnd vnverſehens verwandelt alſo daß ſich ein hertzbrechendes reiſſen vnd schmertzgebrechendes ſtechen der auffwallenden vnd lufftſtuppenden mutter ſich bey jhr gefunden darab sie deñ in fernere groͤſſere mattigkeit vnd fallende ohnmaͤchtigkeit je mehr vnd mehr gefallen daß man ohne vnterlaß an jhr zureiben vñ zu kuͤhlen gehabet auch faſt dem menſchlichen anſehen nach des kuͤnfftigen sontags letztes stuͤndlein befuͤrchtet,und wiewol sie nu mit notturfftiger pflege und fleissiger warnehmung uor sich und den lieben ihrigen hochstes fleisses inn acht genommen worden hat sich doch ihre zimliche passligkeit des sonnabendts nach ostern in eine schmertzliche unpassligkeit plotz und unuersehens uerwandelt also dass sich ein hertzbrechendes reissen und schmertzgebrechendes stechen der auffwallenden und lufftstuppenden mutter sich bey ihr gefunden darab sie denn in fernere grossere mattigkeit und fallende ohnmachtigkeit ie mehr und mehr gefallen dass man ohne unterlass an ihr zureiben und zu kuhlen gehabet auch fast dem menschlichen ansehen nach des kunfftigen sontags letztes stundlein befurchtet
389840,body,56,0,False,[8],Maſſen ſich denn auch vnſere Gottſelige Fraw Reymannin gedultig darein ergeben/ vnd durch jhren hertzlieben ſehr betruͤbeten Herꝛen/ wie Leiblichen auch Geiſtlichen oder Beicht Vater Troſtſpruͤche gar willig zum Tode bereittet hat.,maſſen ſich denn auch vnſere gottſelige fraw reymannin gedultig darein ergeben vnd durch jhren hertzlieben ſehr betruͤbeten herꝛen wie leiblichen auch geiſtlichen oder beicht vater troſtſpruͤche gar willig zum tode bereittet hat,massen sich denn auch unsere gottselige fraw reymannin gedultig darein ergeben und durch ihren hertzlieben sehr betrubeten heren wie leiblichen auch geistlichen oder beicht uater trostspruche gar willig zum tode bereittet hat
389840,body,56,1,False,[8],Es hat ſich durch Gnade des Allerhoͤheſten aber vmb den Dienſtag/ bey fleißiger Warnehmung/ vnd beſcheidentlichem gebrauch/ Wohldienenden Mitteln etwas geſtillet/ alſo das Sie etlicher maſſen ein wenig ruhe gehabet/ auch etwas ſchlaffen moͤgen: darob jhr hertzlich betruͤbeter/ vnd ſchmertzlich klagender lieber Eheherꝛ/ in ſeinem Hertzenleidt ſehr erfrewet vnd ſeines ſchweren betruͤbnuͤß geſaͤnfftiget worden.,es hat ſich durch gnade des allerhoͤheſten aber vmb den dienſtag bey fleißiger warnehmung vnd beſcheidentlichem gebrauch wohldienenden mitteln etwas geſtillet alſo das sie etlicher maſſen ein wenig ruhe gehabet auch etwas ſchlaffen moͤgen darob jhr hertzlich betruͤbeter vnd ſchmertzlich klagender lieber eheherꝛ in ſeinem hertzenleidt ſehr erfrewet vnd ſeines ſchweren betruͤbnuͤß geſaͤnfftiget worden,es hat sich durch gnade des allerhohesten aber umb den dienstag bey fleissiger warnehmung und bescheidentlichem gebrauch wohldienenden mitteln etwas gestillet also das sie etlicher massen ein wenig ruhe gehabet auch etwas schlaffen mogen darob ihr hertzlich betrubeter und schmertzlich klagender lieber eheher in seinem hertzenleidt sehr erfrewet und seines schweren betrubnuss gesanfftiget worden
389840,body,56,2,False,[8],Weiln jhm auch bevorauß/ Seine hertzliebſte Selige/ mit Troſtworten/ ſeinen Kummer benommen/ vnd des ſchmertzlichen Weinens beuͤbrigen wollen.,weiln jhm auch bevorauß seine hertzliebſte selige mit troſtworten ſeinen kummer benommen vnd des ſchmertzlichen weinens beuͤbrigen wollen,weiln ihm auch beuorauss seine hertzliebste selige mit trostworten seinen kummer benommen und des schmertzlichen weinens beubrigen wollen
389840,body,56,3,False,[8],Jn dem Sie allezeit denſelben freundtlichen anſprache/ Sie hoffete ob GOtt will/ jhm noch lange Zeit zu Troſt zu Leben.,jn dem sie allezeit denſelben freundtlichen anſprache sie hoffete ob gott will jhm noch lange zeit zu troſt zu leben,in dem sie allezeit denselben freundtlichen ansprache sie hoffete ob gott will ihm noch lange zeit zu trost zu leben
389840,body,56,4,False,[8],Sein Kummerhafftes hertz/ vnd Haupt/ biß ins grawe alter/ zu troͤſten/ vnd zu pflegen/ auch die lieben kleinen Wuͤrmlein/ in Gottesfurcht auffzuziehẽ helffen.,sein kummerhafftes hertz vnd haupt biß ins grawe alter zu troͤſten vnd zu pflegen auch die lieben kleinen wuͤrmlein in gottesfurcht auffzuziehẽ helffen,sein kummerhafftes hertz und haupt biss ins grawe alter zu trosten und zu pflegen auch die lieben kleinen wurmlein in gottesfurcht auffzuziehen helffen
389840,body,56,5,False,[8],O das wolte der Allerhoͤheſte Gott gnaͤdigſt erhoͤret/ vnd guͤttigſt gewehret haben!,o das wolte der allerhoͤheſte gott gnaͤdigſt erhoͤret vnd guͤttigſt gewehret haben,o das wolte der allerhoheste gott gnadigst erhoret und guttigst gewehret haben
389840,body,56,6,True,[8],Aber es hat ſich Stundtploͤtzlichen wiederumb geaͤndert/ vnd vorige ſchmertzen wiederumb angelendet/ dann mehr ſie mit beſchwerligkeit in jhrem Sechswochenbettlein des liegens/ ſondern vielmehr faſt des ſitzens ſich gebrauchen muͤſſen/ Vnd vnangeſehen jhr Hertz vielgeliebter Eheherꝛ/ ſam̃t jhrem Hertzlieben Herꝛen Vater/ ſich allerſeits/ wo nur Menſch vnd moͤglich/ vmb trewen rath vnd bequeme Mittel/ embſigſtes fleiſſes bemuͤhet/ bey Wohl Adelichen Hoch verſtaͤndigen Frawen vmb rath gebeten/ So auch nach vermoͤgen ertheilet/ auch ſolche Mittel/ ſo den lieben jhrigen in derogleichen Faͤllen ſehr nuͤtzlich vnd erſprießlich geweſen/ Euſſerlich zugebrauchen/ mit gegeben/ vnd alſo allhier auch beſcheidentlich mit Beywohnung/ Verſtaͤndiger Leute/ aͤrtzte/ vnd Freunde angewendet worden/ hat ſichs/ doch nicht ſonderlich zur beſſerung anlaſſen wollen.,aber es hat ſich stundtploͤtzlichen wiederumb geaͤndert vnd vorige ſchmertzen wiederumb angelendet dann mehr ſie mit beſchwerligkeit in jhrem sechswochenbettlein des liegens ſondern vielmehr faſt des ſitzens ſich gebrauchen muͤſſen vnd vnangeſehen jhr hertz vielgeliebter eheherꝛ ſam̃t jhrem hertzlieben herꝛen vater ſich allerſeits wo nur menſch vnd moͤglich vmb trewen rath vnd bequeme mittel embſigſtes fleiſſes bemuͤhet bey wohl adelichen hoch verſtaͤndigen frawen vmb rath gebeten so auch nach vermoͤgen ertheilet auch ſolche mittel ſo den lieben jhrigen in derogleichen faͤllen ſehr nuͤtzlich vnd erſprießlich geweſen euſſerlich zugebrauchen mit gegeben vnd alſo allhier auch beſcheidentlich mit beywohnung verſtaͤndiger leute aͤrtzte vnd freunde angewendet worden hat ſichs doch nicht ſonderlich zur beſſerung anlaſſen wollen,aber es hat sich stundtplotzlichen wiederumb geandert und uorige schmertzen wiederumb angelendet dann mehr sie mit beschwerligkeit in ihrem sechswochenbettlein des liegens sondern uielmehr fast des sitzens sich gebrauchen mussen und unangesehen ihr hertz uielgeliebter eheher sammt ihrem hertzlieben heren uater sich allerseits wo nur mensch und moglich umb trewen rath und bequeme mittel embsigstes fleisses bemuhet bey wohl adelichen hoch uerstandigen frawen umb rath gebeten so auch nach uermogen ertheilet auch solche mittel so den lieben ihrigen in derogleichen fallen sehr nutzlich und erspriesslich gewesen eusserlich zugebrauchen mit gegeben und also allhier auch bescheidentlich mit beywohnung uerstandiger leute artzte und freunde angewendet worden hat sichs doch nicht sonderlich zur besserung anlassen wollen
389840,body,57,0,False,[9],Jn dehme vielleicht der Allerhoͤheſte ſchon ein anders mit jhr gemeinet/ vnd durch ſolche Zeitliche groſſe Schmertzens angſt/ die Himliſche herꝛliche Frewde anweiſen wollen.,jn dehme vielleicht der allerhoͤheſte ſchon ein anders mit jhr gemeinet vnd durch ſolche zeitliche groſſe schmertzens angſt die himliſche herꝛliche frewde anweiſen wollen,in dehme uielleicht der allerhoheste schon ein anders mit ihr gemeinet und durch solche zeitliche grosse schmertzens angst die himlische herliche frewde anweisen wollen
389840,body,57,1,False,[9],Maſſen ſich vnſere liebe Gottſelige/ mit reichem Troſt/ wie deß allzeit betruͤbeten beywohnenden Herꝛen Vatern: Alſo auch ſelbſt fleiſſig auß GOTtes Wort/ vnd Heilſamen Buͤchern erlerneten Spruͤchen vñ Gebeten/ ſonderlicher weiſe auffzurichten wiſſen.,maſſen ſich vnſere liebe gottſelige mit reichem troſt wie deß allzeit betruͤbeten beywohnenden herꝛen vatern alſo auch ſelbſt fleiſſig auß gottes wort vnd heilſamen buͤchern erlerneten spruͤchen vñ gebeten ſonderlicher weiſe auffzurichten wiſſen,massen sich unsere liebe gottselige mit reichem trost wie dess allzeit betrubeten beywohnenden heren uatern also auch selbst fleissig auss gottes wort und heilsamen buchern erlerneten spruchen und gebeten sonderlicher weise auffzurichten wissen
389840,body,57,2,False,[9],Beſonders aber das Manuale Molleri iſt inn jhrer Hand vnd Hertzen ſo bekañt geweſen/ daß faſt nicht ein Blat zufinden/ ſo deſſen gedruckten jnnhalt Sie nicht wohl wiſſen ſollen.,beſonders aber das manuale molleri iſt inn jhrer hand vnd hertzen ſo bekañt geweſen daß faſt nicht ein blat zufinden ſo deſſen gedruckten jnnhalt sie nicht wohl wiſſen ſollen,besonders aber das manuale molleri ist inn ihrer hand und hertzen so bekannt gewesen dass fast nicht ein blat zufinden so dessen gedruckten innhalt sie nicht wohl wissen sollen
389840,body,57,3,True,[9],So jhr auch in jhre verblichene Hand mit eingeleget worden.,so jhr auch in jhre verblichene hand mit eingeleget worden,so ihr auch in ihre uerblichene hand mit eingeleget worden
389840,body,58,0,False,[9],Daß nun allhier/ bey außſtehenden groſſen Leibesſchmertzen/ auch jhr Hertz nicht in viel Schmertzſtuͤck ſich zutheilen ſolten/ Wann Sie jhren Hertz vielgeliebeten/ ſehr betruͤbeten/ miltiglich Thraͤnlaſſenden Eheherꝛen ſtets vor jhrem Siechbettlein Schmertzlich klagende angeſehen/ vnd betrachtet/ wie Er ſie ſo hertzlich geliebet/ trewlichen gemeinet/ Sorgfaͤltig verſorget/ Friedlich wohlverhalten/ vnd alſo mit einander die kurtze Zeit/ ein ſehr gewuͤndſchte liebe in Einigkeit/ (ſo nicht aller Orte zufinden zu gebracht haben!,daß nun allhier bey außſtehenden groſſen leibesſchmertzen auch jhr hertz nicht in viel schmertzſtuͤck ſich zutheilen ſolten wann sie jhren hertz vielgeliebeten ſehr betruͤbeten miltiglich thraͤnlaſſenden eheherꝛen ſtets vor jhrem siechbettlein schmertzlich klagende angeſehen vnd betrachtet wie er ſie ſo hertzlich geliebet trewlichen gemeinet sorgfaͤltig verſorget friedlich wohlverhalten vnd alſo mit einander die kurtze zeit ein ſehr gewuͤndſchte liebe in einigkeit ſo nicht aller orte zufinden zu gebracht haben,dass nun allhier bey aussstehenden grossen leibesschmertzen auch ihr hertz nicht in uiel schmertzstuck sich zutheilen solten wann sie ihren hertz uielgeliebeten sehr betrubeten miltiglich thranlassenden eheheren stets uor ihrem siechbettlein schmertzlich klagende angesehen und betrachtet wie er sie so hertzlich geliebet trewlichen gemeinet sorgfaltig uersorget friedlich wohluerhalten und also mit einander die kurtze zeit ein sehr gewundschte liebe in einigkeit so nicht aller orte zufinden zu gebracht haben
389840,body,58,1,False,[9],Ja wenn Sie jhre liebe vor ſich vier ſtehende weinende/ vnd daß kleineſte liegende vnerzogene Kindelein angeſehen: Daß ſage Jch/ jhr Hertz ſich nicht vor Trawren brechen ſollen/ kan ein Chriſtliches hertz wohl bey ſich ſelbſt befinden.,ja wenn sie jhre liebe vor ſich vier ſtehende weinende vnd daß kleineſte liegende vnerzogene kindelein angeſehen daß ſage jch jhr hertz ſich nicht vor trawren brechen ſollen kan ein chriſtliches hertz wohl bey ſich ſelbſt befinden,ia wenn sie ihre liebe uor sich uier stehende weinende und dass kleineste liegende unerzogene kindelein angesehen dass sage ich ihr hertz sich nicht uor trawren brechen sollen kan ein christliches hertz wohl bey sich selbst befinden
389840,body,58,2,False,[10],Nichts deſto weniger/ mit Vberwindung ſich ſelber/ hat Sie doch jhren liebſten Eheſchatz vnangeſehen Sie wohl ſchon bey ſich den abſchied ermeſſen/ faſt jhres zum letzten Todesſtuͤndlein nicht mehr betruͤben wollen.,nichts deſto weniger mit vberwindung ſich ſelber hat sie doch jhren liebſten eheſchatz vnangeſehen sie wohl ſchon bey ſich den abſchied ermeſſen faſt jhres zum letzten todesſtuͤndlein nicht mehr betruͤben wollen,nichts desto weniger mit uberwindung sich selber hat sie doch ihren liebsten eheschatz unangesehen sie wohl schon bey sich den abschied ermessen fast ihres zum letzten todesstundlein nicht mehr betruben wollen
389840,body,58,3,False,[10],Sondern ſo offt Er ſie ſchmertzlich weinende angeſprochen.,sondern ſo offt er ſie ſchmertzlich weinende angeſprochen,sondern so offt er sie schmertzlich weinende angesprochen
389840,body,58,4,True,[10],Wo Sie jhn denn mit ſeinen lieben Kinderlein laſſen wolte: Seinen ſchmertzen/ mit einer/ wils Gott gutten beſſerung ſaͤnfftigen wollen.,wo sie jhn denn mit ſeinen lieben kinderlein laſſen wolte seinen ſchmertzen mit einer wils gott gutten beſſerung ſaͤnfftigen wollen,wo sie ihn denn mit seinen lieben kinderlein lassen wolte seinen schmertzen mit einer wils gott gutten besserung sanfftigen wollen
389840,body,59,0,True,[10],Heut acht Tage aber/ als je mehr vnd mehr die Kranckheit zugenommen/ hat Sie jhres lieben Herꝛen Vatern beywohnung bey harter Mattigkeit gewuͤndſchet/ iſt nach ſolchẽ alſo bald in hieſige Kirche/ da Er gleich des Heiligen Gottesdienſts gepfleget/ geſchicket worden/ welcher auch alſo bald angelanget/ vnd vnangeſehe/ Er ſelbſten troſts genug bedurfft hette/ nach Notturfft/ mit Vberwindung ſeines Schmertzens/ mit Troſt derſelben beygewohnet.,heut acht tage aber als je mehr vnd mehr die kranckheit zugenommen hat sie jhres lieben herꝛen vatern beywohnung bey harter mattigkeit gewuͤndſchet iſt nach ſolchẽ alſo bald in hieſige kirche da er gleich des heiligen gottesdienſts gepfleget geſchicket worden welcher auch alſo bald angelanget vnd vnangeſehe er ſelbſten troſts genug bedurfft hette nach notturfft mit vberwindung ſeines schmertzens mit troſt derſelben beygewohnet,heut acht tage aber als ie mehr und mehr die kranckheit zugenommen hat sie ihres lieben heren uatern beywohnung bey harter mattigkeit gewundschet ist nach solchen also bald in hiesige kirche da er gleich des heiligen gottesdiensts gepfleget geschicket worden welcher auch also bald angelanget und unangesehe er selbsten trosts genug bedurfft hette nach notturfft mit uberwindung seines schmertzens mit trost derselben beygewohnet
389840,body,60,0,True,[10],Als Sie auff Hertzliches vnd Demuͤttiges begehren auch/ Die Wohl-Edle/ Viel Ehrentugendtreiche Fraw Marjana Dreßkin/ Erbfraw allhier/ ſampt jhrer Hertz-vielgeliebeten Jungfraw Tochter/ Geſtern/ vnd heut acht tage Großguͤnſtig beſuchet/ hat jhr die liebe Selige/ vor ein ſonderlichen Troſt ſolches ſein laſſen/ auch mit ſonderlicher Danckbarkeit gegen jhnen ſich zuerzeigen wiſſen.,als sie auff hertzliches vnd demuͤttiges begehren auch die wohledle viel ehrentugendtreiche fraw marjana dreßkin erbfraw allhier ſampt jhrer hertzvielgeliebeten jungfraw tochter geſtern vnd heut acht tage großguͤnſtig beſuchet hat jhr die liebe selige vor ein ſonderlichen troſt ſolches ſein laſſen auch mit ſonderlicher danckbarkeit gegen jhnen ſich zuerzeigen wiſſen,als sie auff hertzliches und demuttiges begehren auch die wohledle uiel ehrentugendtreiche fraw mariana dresskin erbfraw allhier sampt ihrer hertzuielgeliebeten iungfraw tochter gestern und heut acht tage grossgunstig besuchet hat ihr die liebe selige uor ein sonderlichen trost solches sein lassen auch mit sonderlicher danckbarkeit gegen ihnen sich zuerzeigen wissen
389840,body,61,0,False,[10],Es haben aber die Schmertzen je haͤrter vnd mehr angeſtrenget/ vnd alſo die kuͤnfftige Nacht acht tage derſelben keine ruhe mehr goͤnnen wollen.,es haben aber die schmertzen je haͤrter vnd mehr angeſtrenget vnd alſo die kuͤnfftige nacht acht tage derſelben keine ruhe mehr goͤnnen wollen,es haben aber die schmertzen ie harter und mehr angestrenget und also die kunfftige nacht acht tage derselben keine ruhe mehr gonnen wollen
389840,body,61,1,False,[10],Dannenher denn die vmbſtehenden vnd beywonenden/ als jhr Hertz vielgeliebeter Eheherꝛ/ Herꝛ Vater/ vnd zwey Bruͤder/ als Chriſtian vnd Godtfriedt/ (weiln jhr geliebeter Herꝛ Bruder/ Herꝛ Johan Pfarꝛer zur Elgott/ wegen damaln ſeiner ſelbſt ſchmertzlichen Niederlage Sie nicht mehr als einmal beſuchen koͤnnen/) auch andere verſtaͤndige Perſohnen Artzt vnd Frawen/ vmbſtaͤndtlich wohl abzunehmen gehabet/ daß das allzufruͤhzeitige letzte ſtuͤndlein/ vnd Ziel jhres Lebens/ Von dem lieben GOtt gewiß verordnet ſeye.,dannenher denn die vmbſtehenden vnd beywonenden als jhr hertz vielgeliebeter eheherꝛ herꝛ vater vnd zwey bruͤder als chriſtian vnd godtfriedt weiln jhr geliebeter herꝛ bruder herꝛ johan pfarꝛer zur elgott wegen damaln ſeiner ſelbſt ſchmertzlichen niederlage sie nicht mehr als einmal beſuchen koͤnnen auch andere verſtaͤndige perſohnen artzt vnd frawen vmbſtaͤndtlich wohl abzunehmen gehabet daß das allzufruͤhzeitige letzte ſtuͤndlein vnd ziel jhres lebens von dem lieben gott gewiß verordnet ſeye,dannenher denn die umbstehenden und beywonenden als ihr hertz uielgeliebeter eheher her uater und zwey bruder als christian und godtfriedt weiln ihr geliebeter her bruder her iohan pfarer zur elgott wegen damaln seiner selbst schmertzlichen niederlage sie nicht mehr als einmal besuchen konnen auch andere uerstandige persohnen artzt und frawen umbstandtlich wohl abzunehmen gehabet dass das allzufruhzeitige letzte stundlein und ziel ihres lebens uon dem lieben gott gewiss uerordnet seye
389840,body,61,2,False,[11],Auch vnſere Selige Fraw Mitſchweſter ſolches gar gewiſſer beruͤhmter Zeugen bey ſich befunden/ hat ſie jhre liebe Seele/ mit deromaſſen hertzlichen Seufftzen/ ſtets wehrenden Betten/ vnd Erjnnerung troͤſtlicher Spruͤche/ Stoß/ vnd Sterbens gebethlein/ mit beywohnung jhrer lieben Herꝛen Vatern/ dem lieben GOtt in Chriſtlicher gedult zu befehlen wiſſen.,auch vnſere selige fraw mitſchweſter ſolches gar gewiſſer beruͤhmter zeugen bey ſich befunden hat ſie jhre liebe seele mit deromaſſen hertzlichen seufftzen ſtets wehrenden betten vnd erjnnerung troͤſtlicher spruͤche stoß vnd sterbens gebethlein mit beywohnung jhrer lieben herꝛen vatern dem lieben gott in chriſtlicher gedult zu befehlen wiſſen,auch unsere selige fraw mitschwester solches gar gewisser beruhmter zeugen bey sich befunden hat sie ihre liebe seele mit deromassen hertzlichen seufftzen stets wehrenden betten und erinnerung trostlicher spruche stoss und sterbens gebethlein mit beywohnung ihrer lieben heren uatern dem lieben gott in christlicher gedult zu befehlen wissen
389840,body,61,3,True,[11],Vnd alſo des Montags/ (wird morgen acht tage ſein/) jhren Hertzliebſten Eheherꝛen trewlichen getroͤſtet/ Denckwuͤrdig zugeſprochen/ vnd daß Er ſich vber jhrem abſchiedt nicht graͤmen wolle/ hoͤchlichen gebethen/ jhre hertzliebſte Waiſelein/ in Seine hertzliche Vaters Trewe vbergeben/ vnd das Sie in den gewohneten Chriſtlichen vbungen der taͤglichen Gebeth moͤchten angehalten werden fleißig gebethen.,vnd alſo des montags wird morgen acht tage ſein jhren hertzliebſten eheherꝛen trewlichen getroͤſtet denckwuͤrdig zugeſprochen vnd daß er ſich vber jhrem abſchiedt nicht graͤmen wolle hoͤchlichen gebethen jhre hertzliebſte waiſelein in seine hertzliche vaters trewe vbergeben vnd das sie in den gewohneten chriſtlichen vbungen der taͤglichen gebeth moͤchten angehalten werden fleißig gebethen,und also des montags wird morgen acht tage sein ihren hertzliebsten eheheren trewlichen getrostet denckwurdig zugesprochen und dass er sich uber ihrem abschiedt nicht gramen wolle hochlichen gebethen ihre hertzliebste waiselein in seine hertzliche uaters trewe ubergeben und das sie in den gewohneten christlichen ubungen der taglichen gebeth mochten angehalten werden fleissig gebethen
389840,body,62,0,True,[11],Darauff jhren Hertzlieben Herꝛn Vatern gekuͤſſet/ Fuͤr die Vaͤterliche Trewe/ Gottſelige Aufferziehung hertzlich gedancket/ vnd ſich zum Kindtlichſten geſegnet.,darauff jhren hertzlieben herꝛn vatern gekuͤſſet fuͤr die vaͤterliche trewe gottſelige aufferziehung hertzlich gedancket vnd ſich zum kindtlichſten geſegnet,darauff ihren hertzlieben hern uatern gekusset fur die uaterliche trewe gottselige aufferziehung hertzlich gedancket und sich zum kindtlichsten gesegnet
389840,body,63,0,True,[11],Jngleichen mit jhren lieben anweſenden Bruͤdern ſich mit Thraͤnflieſſenden Augen gelẽtzet/ auch jhre andere liebe Bruͤder alle/ So jnn vnd Außlaͤndiſch mit Nahmen genennet/ (denn Sie alle/ als einen ſehr hertzlich geliebet/) vnd Zugeſegnen gebethen.,jngleichen mit jhren lieben anweſenden bruͤdern ſich mit thraͤnflieſſenden augen gelẽtzet auch jhre andere liebe bruͤder alle so jnn vnd außlaͤndiſch mit nahmen genennet denn sie alle als einen ſehr hertzlich geliebet vnd zugeſegnen gebethen,ingleichen mit ihren lieben anwesenden brudern sich mit thranfliessenden augen gelentzet auch ihre andere liebe bruder alle so inn und ausslandisch mit nahmen genennet denn sie alle als einen sehr hertzlich geliebet und zugesegnen gebethen
389840,body,64,0,False,[11],Mit allen vmbſtehenden Freunden vnd Geſinde/ eine ſehr bedachtſame gutte Nacht gewuͤndſchet/ vnd darauff ſich nun je mehr/ embſigſt dem lieben GOtt empfolen/ vnd mit ſtetten Seufftzen behtenden Zung vnd Munde dem lieben Gott trewlichen vbergeben/ bey annahenden Mittage aber hat ſich bey jhr je naͤher das liebe Todesſtuͤndlein herzu genahet/ Dannenher Sie denn in fuͤhlung deſſen jhrem liebſten geweſenen Eheſchatz vnd Herꝛen ſam̃t jhren lieben Kinderlein zum hertzlichſten mit Kuͤſſen vnd Letzen dem lieben GOtt befohlen/ auch darauff hertzlich betende jhren Mundt geſchloſſen/ vnd kurtz vor jhrem abſchiede/ mit deutlicher Sprache nicht mehr reden koͤnnen.,mit allen vmbſtehenden freunden vnd geſinde eine ſehr bedachtſame gutte nacht gewuͤndſchet vnd darauff ſich nun je mehr embſigſt dem lieben gott empfolen vnd mit ſtetten seufftzen behtenden zung vnd munde dem lieben gott trewlichen vbergeben bey annahenden mittage aber hat ſich bey jhr je naͤher das liebe todesſtuͤndlein herzu genahet dannenher sie denn in fuͤhlung deſſen jhrem liebſten geweſenen eheſchatz vnd herꝛen ſam̃t jhren lieben kinderlein zum hertzlichſten mit kuͤſſen vnd letzen dem lieben gott befohlen auch darauff hertzlich betende jhren mundt geſchloſſen vnd kurtz vor jhrem abſchiede mit deutlicher sprache nicht mehr reden koͤnnen,mit allen umbstehenden freunden und gesinde eine sehr bedachtsame gutte nacht gewundschet und darauff sich nun ie mehr embsigst dem lieben gott empfolen und mit stetten seufftzen behtenden zung und munde dem lieben gott trewlichen ubergeben bey annahenden mittage aber hat sich bey ihr ie naher das liebe todesstundlein herzu genahet dannenher sie denn in fuhlung dessen ihrem liebsten gewesenen eheschatz und heren sammt ihren lieben kinderlein zum hertzlichsten mit kussen und letzen dem lieben gott befohlen auch darauff hertzlich betende ihren mundt geschlossen und kurtz uor ihrem abschiede mit deutlicher sprache nicht mehr reden konnen
389840,body,64,1,False,[12],Jedoch aber bey guttem bedacht vnd von dem lieben Gott verliehenen Verſtandt/ allzeit mit gutten Zeichen/ auffhebenden Haͤnden vnd Augen zu GOtt geſeufftzet.,jedoch aber bey guttem bedacht vnd von dem lieben gott verliehenen verſtandt allzeit mit gutten zeichen auffhebenden haͤnden vnd augen zu gott geſeufftzet,iedoch aber bey guttem bedacht und uon dem lieben gott uerliehenen uerstandt allzeit mit gutten zeichen auffhebenden handen und augen zu gott geseufftzet
389840,body,64,2,True,[12],Vnter andern in ſolchem jhrem annahenden ende/ jhr liebes einiges Toͤchterlein vor ſich mit wincken erfodert/ Jhre Zwey getragene guͤldene Ringlein von Fingern abgezogen/ vnd das Bildtniß/ ſo ſie am Halſe getragen/ inn jhrer letzten Miltigkeit abbinden wollen/ auch mit huͤlff der beyſtehenden abgenommen/ die Ringlein/ wiewol mit groſſer Mattigkeit/ an die Halßſchnur zu dem Bildtniß angeſtecket/ vnd dem lieben Toͤchterlein inn ſeine Haͤndlein ſelbſt vbergeben/ vnd vielleicht/ ein Denckmal jhren lieben Kinde zu einer vnaußleſchlichen Erjnnerung der lieben Mutter trew/ verlaſſen wollen.,vnter andern in ſolchem jhrem annahenden ende jhr liebes einiges toͤchterlein vor ſich mit wincken erfodert jhre zwey getragene guͤldene ringlein von fingern abgezogen vnd das bildtniß ſo ſie am halſe getragen inn jhrer letzten miltigkeit abbinden wollen auch mit huͤlff der beyſtehenden abgenommen die ringlein wiewol mit groſſer mattigkeit an die halßſchnur zu dem bildtniß angeſtecket vnd dem lieben toͤchterlein inn ſeine haͤndlein ſelbſt vbergeben vnd vielleicht ein denckmal jhren lieben kinde zu einer vnaußleſchlichen erjnnerung der lieben mutter trew verlaſſen wollen,unter andern in solchem ihrem annahenden ende ihr liebes einiges tochterlein uor sich mit wincken erfodert ihre zwey getragene guldene ringlein uon fingern abgezogen und das bildtniss so sie am halse getragen inn ihrer letzten miltigkeit abbinden wollen auch mit hulff der beystehenden abgenommen die ringlein wiewol mit grosser mattigkeit an die halssschnur zu dem bildtniss angestecket und dem lieben tochterlein inn seine handlein selbst ubergeben und uielleicht ein denckmal ihren lieben kinde zu einer unaussleschlichen erinnerung der lieben mutter trew uerlassen wollen
389840,body,65,0,True,[12],Hierauff Sich nach erhebenden Haͤnden/ vnd gen Himmel gewendeten Augen mit ſeufftzen dem lieben Gott letzlich vbergeben/ vnd alſo ſanfft vñ ſtill in dem HERRN eingeſchlaffen/ vngefehr vmb 12 vhr zu Mittage/ da die Soñe zu Mittage am hoͤheſten vnd gewiß die Sonne der Gerechtigkeit/ jhrer lieben Seelen/ recht zu der Hinfarth ins Ewige leben geleuchtet hat.,hierauff sich nach erhebenden haͤnden vnd gen himmel gewendeten augen mit ſeufftzen dem lieben gott letzlich vbergeben vnd alſo ſanfft vñ ſtill in dem herrn eingeſchlaffen vngefehr vmb vhr zu mittage da die soñe zu mittage am hoͤheſten vnd gewiß die sonne der gerechtigkeit jhrer lieben seelen recht zu der hinfarth ins ewige leben geleuchtet hat,hierauff sich nach erhebenden handen und gen himmel gewendeten augen mit seufftzen dem lieben gott letzlich ubergeben und also sanfft und still in dem herrn eingeschlaffen ungefehr umb uhr zu mittage da die sonne zu mittage am hohesten und gewiss die sonne der gerechtigkeit ihrer lieben seelen recht zu der hinfarth ins ewige leben geleuchtet hat
389840,body,66,0,True,[12],Der herꝛlichen ſchoͤnen vnd hertzlichen Gebetlein/ So vnſere Selige Fraw Reymannin in jhrer werender groſſer Kranckheit niemals vergeſſen/ ſondern Tag vnd Nacht gewiß Andaͤchtig gebethet/ ſind ein groſſe Zahl.,der herꝛlichen ſchoͤnen vnd hertzlichen gebetlein so vnſere selige fraw reymannin in jhrer werender groſſer kranckheit niemals vergeſſen ſondern tag vnd nacht gewiß andaͤchtig gebethet ſind ein groſſe zahl,der herlichen schonen und hertzlichen gebetlein so unsere selige fraw reymannin in ihrer werender grosser kranckheit niemals uergessen sondern tag und nacht gewiss andachtig gebethet sind ein grosse zahl
389840,body,67,0,True,[12],Als da ſindt: O HERRE GOTT/ in meiner Noth/ ꝛc. Hilff Helffer hilff in Angſt vnd Noth.,als da ſindt o herre gott in meiner noth ꝛc hilff helffer hilff in angſt vnd noth,als da sindt o herre gott in meiner noth c hilff helffer hilff in angst und noth
389840,body,68,0,True,[13],Jtem/ O HERR biß du mein Zuverſicht/ ꝛc. Jch armer Menſch gar nichtes bin/ ꝛc. HERR JEſu Chriſt du Trewer Hort/ ꝛc. HERR JEſu Chriſt in deine Haͤnd/ ꝛc. O JEſu GOttes Laͤmmelein/ ꝛc.,jtem o herr biß du mein zuverſicht ꝛc jch armer menſch gar nichtes bin ꝛc herr jeſu chriſt du trewer hort ꝛc herr jeſu chriſt in deine haͤnd ꝛc o jeſu gottes laͤmmelein ꝛc,item o herr biss du mein zuuersicht c ich armer mensch gar nichtes bin c herr iesu christ du trewer hort c herr iesu christ in deine hand c o iesu gottes lammelein c
389840,body,69,0,True,[13],Vornemlich aber hat Sie daß Haupt-Gebethlein ſo vns Chriſtus ſelbſt gelehret offt mit Andacht geſprochen.,vornemlich aber hat sie daß hauptgebethlein ſo vns chriſtus ſelbſt gelehret offt mit andacht geſprochen,uornemlich aber hat sie dass hauptgebethlein so uns christus selbst gelehret offt mit andacht gesprochen
389840,body,70,0,True,[13],Nemlich das Heilige Vater Vnſer.,nemlich das heilige vater vnſer,nemlich das heilige uater unser
389840,body,71,0,True,[13],Wie auch das kurtze Stoß-Gebethlein.,wie auch das kurtze stoßgebethlein,wie auch das kurtze stossgebethlein
389840,body,72,0,True,[13],O HERR biß Jngedenck deines groſſen Leidens/ daß du gehabet haſt am Stamme des H. Creutzes/ da deine Seele von deinem Leibe ſcheidt/ biß auch mein jngedenck/ wenn meine arme Seele von meinem Leibe ſcheidt.,o herr biß jngedenck deines groſſen leidens daß du gehabet haſt am stamme des h creutzes da deine seele von deinem leibe ſcheidt biß auch mein jngedenck wenn meine arme seele von meinem leibe ſcheidt,o herr biss ingedenck deines grossen leidens dass du gehabet hast am stamme des h creutzes da deine seele uon deinem leibe scheidt biss auch mein ingedenck wenn meine arme seele uon meinem leibe scheidt
389840,body,73,0,True,[13],O JEſu dir Lebe Jch/ dir Sterbe Jch/ dein bin Jch/ Todt vnd Lebendig. Amen.,o jeſu dir lebe jch dir sterbe jch dein bin jch todt vnd lebendig amen,o iesu dir lebe ich dir sterbe ich dein bin ich todt und lebendig amen
389840,body,74,0,True,[13],Auch ſind Jhr/ vnd mit Jhr andere ſehr herꝛliche troͤſtliche Gebethlein vnd Geſaͤnglein/ vnd Spruͤchlein geſungen gebethet worden/ So geliebter kuͤrtze halben allhiery an jetzo zu erzehlen eingeſtellet werden.,auch ſind jhr vnd mit jhr andere ſehr herꝛliche troͤſtliche gebethlein vnd geſaͤnglein vnd spruͤchlein geſungen gebethet worden so geliebter kuͤrtze halben allhiery an jetzo zu erzehlen eingeſtellet werden,auch sind ihr und mit ihr andere sehr herliche trostliche gebethlein und gesanglein und spruchlein gesungen gebethet worden so geliebter kurtze halben allhiery an ietzo zu erzehlen eingestellet werden
389840,body,75,0,True,[13],Vnter andern aber/,vnter andern aber,unter andern aber
389840,item,76,0,True,[13],Hertzlich Lieb hab Jch dich O HERR/ ꝛc.,hertzlich lieb hab jch dich o herr ꝛc,hertzlich lieb hab ich dich o herr c
389840,body,77,0,True,[13],Hertzlich thut mich Verlangen/ nach einem ſeligen End/ ꝛc.,hertzlich thut mich verlangen nach einem ſeligen end ꝛc,hertzlich thut mich uerlangen nach einem seligen end c
389840,item,78,0,True,[14],Allein nach dir HERR JEſu Chriſt/ ꝛc.,allein nach dir herr jeſu chriſt ꝛc,allein nach dir herr iesu christ c
389840,item,79,0,True,[14],Jch hab Luſt abzuſcheiden. Philip. 1.,jch hab luſt abzuſcheiden philip,ich hab lust abzuscheiden philip
389840,item,80,0,True,[14],Alſo hat Gott die Welt geliebet/ ꝛc.,alſo hat gott die welt geliebet ꝛc,also hat gott die welt geliebet c
389840,body,81,0,True,[14],Vnd andere viel mehr/ Mit welchen vnſere Selige Fraw Maria Reymannin biß an jhr Seliges ende ſich hat ſonderlich zu troͤſten wiſſen/ daß alſo vngezweiffelt jhre Seele bey dieſem jhrem Beruff gewiß durch die Engelein zur Ewigen Frewden eingefuͤhret worden.,vnd andere viel mehr mit welchen vnſere selige fraw maria reymannin biß an jhr seliges ende ſich hat ſonderlich zu troͤſten wiſſen daß alſo vngezweiffelt jhre seele bey dieſem jhrem beruff gewiß durch die engelein zur ewigen frewden eingefuͤhret worden,und andere uiel mehr mit welchen unsere selige fraw maria reymannin biss an ihr seliges ende sich hat sonderlich zu trosten wissen dass also ungezweiffelt ihre seele bey diesem ihrem beruff gewiss durch die engelein zur ewigen frewden eingefuhret worden
389840,body,82,0,False,[14],Jn jhrem lieben friedlichen vnd troͤſtlichen Eheſtande haben Sie mit einander gelebet 7 Jahr/ 27 Wochen/ 6 Tage/ kurtz vnd wenige Zeit haben Sie inn ſo geruhiger Ehe zubracht/ vnd wenn es wuͤndſchens vnd erkauffens guͤlde/ goͤnnet jhm ſehnlich (wenn es Gottes wille geweſen/ vnſer hertzlich betruͤbeter Herr Wittiber/ daß Er in vnzehliche Jahr mit derſelben in der Ehe hette Leben ſollen.,jn jhrem lieben friedlichen vnd troͤſtlichen eheſtande haben sie mit einander gelebet jahr wochen tage kurtz vnd wenige zeit haben sie inn ſo geruhiger ehe zubracht vnd wenn es wuͤndſchens vnd erkauffens guͤlde goͤnnet jhm ſehnlich wenn es gottes wille geweſen vnſer hertzlich betruͤbeter herr wittiber daß er in vnzehliche jahr mit derſelben in der ehe hette leben ſollen,in ihrem lieben friedlichen und trostlichen ehestande haben sie mit einander gelebet iahr wochen tage kurtz und wenige zeit haben sie inn so geruhiger ehe zubracht und wenn es wundschens und erkauffens gulde gonnet ihm sehnlich wenn es gottes wille gewesen unser hertzlich betrubeter herr wittiber dass er in unzehliche iahr mit derselben in der ehe hette leben sollen
389840,body,82,1,False,[14],Sintemaln jhm die 7 Jahr/ nicht als 7. Wochen daucht zu ſein.,sintemaln jhm die jahr nicht als wochen daucht zu ſein,sintemaln ihm die iahr nicht als wochen daucht zu sein
389840,body,82,2,False,[14],Jn ſolchem wehrenden Eheſtande hat Sie der liebe Gott mit 6 Leibesfruͤchten/ als Vier Soͤhnlein/ vnd Zweyen Toͤchterlein geſegnet.,jn ſolchem wehrenden eheſtande hat sie der liebe gott mit leibesfruͤchten als vier soͤhnlein vnd zweyen toͤchterlein geſegnet,in solchem wehrenden ehestande hat sie der liebe gott mit leibesfruchten als uier sohnlein und zweyen tochterlein gesegnet
389840,body,82,3,True,[14],Wie gemelt/ deren ein Töchterlein Margaretha genandt/ vor dem Jahr Gott zuvoran genommen/ vnd anjtzo gewiß mit jhrer lieben Fraw Mutter in groͤſſerer Frewden der Seelen nach/ zuſammen kommen ſindt.,wie gemelt deren ein töchterlein margaretha genandt vor dem jahr gott zuvoran genommen vnd anjtzo gewiß mit jhrer lieben fraw mutter in groͤſſerer frewden der seelen nach zuſammen kommen ſindt,wie gemelt deren ein tochterlein margaretha genandt uor dem iahr gott zuuoran genommen und anitzo gewiss mit ihrer lieben fraw mutter in grosserer frewden der seelen nach zusammen kommen sindt
389840,body,83,0,True,[14],Erſtrecket ſich alſo jhr gantzes Alter/ auff 30 Jahr/ 30. Wochen/ 2. Tage.,erſtrecket ſich alſo jhr gantzes alter auff jahr wochen tage,erstrecket sich also ihr gantzes alter auff iahr wochen tage
389840,body,84,0,True,[14],An jetzo ſol nun dieſer Chriſtlicher verblichener Coͤrper in die/ bey hieſiger Kirchen Adeliche Dreſkiſche Grufft/ welche ehrliche vnd herꝛliche Grabſtaͤdte auß ſonderer Gunſt/ Die Wohl Edele/ Viel Ehrentugendtreiche ErbFraw allhier ſambt den lieben jhrigen Verguͤnſtiget/ So auch der Hochbetruͤbte Wittiber/ Herꝛ Vater/ Herꝛ Bruͤder/ vnd allerſeits jhre gantze Freundtſchafft mit jhrem Andaͤchtigen Gebeth vnd ſchuldigſten Dienſten zubeſchulden erboͤttig ſey geſetzet worden.,an jetzo ſol nun dieſer chriſtlicher verblichener coͤrper in die bey hieſiger kirchen adeliche dreſkiſche grufft welche ehrliche vnd herꝛliche grabſtaͤdte auß ſonderer gunſt die wohl edele viel ehrentugendtreiche erbfraw allhier ſambt den lieben jhrigen verguͤnſtiget so auch der hochbetruͤbte wittiber herꝛ vater herꝛ bruͤder vnd allerſeits jhre gantze freundtſchafft mit jhrem andaͤchtigen gebeth vnd ſchuldigſten dienſten zubeſchulden erboͤttig ſey geſetzet worden,an ietzo sol nun dieser christlicher uerblichener corper in die bey hiesiger kirchen adeliche dreskische grufft welche ehrliche und herliche grabstadte auss sonderer gunst die wohl edele uiel ehrentugendtreiche erbfraw allhier sambt den lieben ihrigen uergunstiget so auch der hochbetrubte wittiber her uater her bruder und allerseits ihre gantze freundtschafft mit ihrem andachtigen gebeth und schuldigsten diensten zubeschulden erbottig sey gesetzet worden
389840,item,85,0,True,[15],Votum.,votum,uotum
389840,body,86,0,True,[15],Der GOTT aller Gnaden/ Gebe numehr dieſem verblichenen Coͤrper inn dieſer Grufft vnnd Ruhbettlein eine ſanffte Ruhe/ dem betruͤbten Herꝛen Wittiber/ ſambt ſeinen lieben kleinen Kinderlein/ auch allen Bluts vnd Muhtsverwandten kraͤfftigen Troſt/ vnd am Juͤngſten tage eine froͤliche herꝛliche Zuſammenkunfft. Amen.,der gott aller gnaden gebe numehr dieſem verblichenen coͤrper inn dieſer grufft vnnd ruhbettlein eine ſanffte ruhe dem betruͤbten herꝛen wittiber ſambt ſeinen lieben kleinen kinderlein auch allen bluts vnd muhtsverwandten kraͤfftigen troſt vnd am juͤngſten tage eine froͤliche herꝛliche zuſammenkunfft amen,der gott aller gnaden gebe numehr diesem uerblichenen corper inn dieser grufft unnd ruhbettlein eine sanffte ruhe dem betrubten heren wittiber sambt seinen lieben kleinen kinderlein auch allen bluts und muhtsuerwandten krafftigen trost und am iungsten tage eine froliche herliche zusammenkunfft amen
