doc_id,block_type,para_id,sent_id,is_para_final,page_n,textstring_orig,textstring_rich,textstring_simple
511317,head,0,0,True,[1],"Triplicatus Luminis illuminantis radius. Das iſt/ Dreyfacher Frewden Strall/ damit das groſſe Liecht der Welt/ Jesvs Christvs/ in ſeinem groſſen Hauſe/ welches iſt die werthe Chriſtenheit/ fuͤr den Augen vnd Hertzen aller ſeiner Glaͤubigen fuͤnckelt vnd leuchtet/ Bey anſehnlicher Sepultur weiland Des Wohl Edlen/ Wohl Ehrnveſten/ Hochgelahrten vnd GroßAchtbarn Herrn MATTHÆI VECH NERI, Philoſophiæ & Medicinæ utriuſq; Doctoris, Koͤniglicher Mayeſtaͤt in Polen/ Trewerkornen Leib Medici, vnd der Stad Frawenſtadt hoͤchſtberuͤmbten Phyſici ordinarij, Welcher den 22. Novemb. vmb 11. Vhr zu Nacht/ des 1630. Jahres/ auff ſeinem Ambtwege zum Karlat/ vnter der Hand Gottes/ ſelig entſchlaffen/ Vnd bald darauff den 10. Decemb. in ſeinem geehrten Patria zur Frawenſtadt/ in ſein Ruhkaͤmmerlein des Grabes beygeſetzet worden; Aus dem Spruͤchlein des Herrn Jeſu/ Joh. 8. v. 12. beym Kripplein Chriſti erklaͤret vnd abgehandelt/ Durch MATTHÆUM ARNHOLDUM, Hainov. Pfarr zur Großen Tſchirna. Gedruckt zu Leipzig bey Gregor. Ritzſch/ Anno 1631.",triplicatus luminis illuminantis radius das iſt dreyfacher frewden strall damit das groſſe liecht der welt jesvs christvs in ſeinem groſſen hauſe welches iſt die werthe chriſtenheit fuͤr den augen vnd hertzen aller ſeiner glaͤubigen fuͤnckelt vnd leuchtet bey anſehnlicher sepultur weiland des wohl edlen wohl ehrnveſten hochgelahrten vnd großachtbarn herrn matthæi vech neri philoſophiæ & medicinæ utriuſq doctoris koͤniglicher mayeſtaͤt in polen trewerkornen leib medici vnd der stad frawenſtadt hoͤchſtberuͤmbten phyſici ordinarij welcher den novemb vmb vhr zu nacht des jahres auff ſeinem ambtwege zum karlat vnter der hand gottes ſelig entſchlaffen vnd bald darauff den decemb in ſeinem geehrten patria zur frawenſtadt in ſein ruhkaͤmmerlein des grabes beygeſetzet worden aus dem spruͤchlein des herrn jeſu joh v beym kripplein chriſti erklaͤret vnd abgehandelt durch matthæum arnholdum hainov pfarr zur großen tſchirna gedruckt zu leipzig bey gregor ritzſch anno,triplicatus luminis illuminantis radius das ist dreyfacher frewden strall damit das grosse liecht der welt iesus christus in seinem grossen hause welches ist die werthe christenheit fur den augen und hertzen aller seiner glaubigen funckelt und leuchtet bey ansehnlicher sepultur weiland des wohl edlen wohl ehrnuesten hochgelahrten und grossachtbarn herrn matthaei uech neri philosophiae et medicinae utriusq doctoris koniglicher mayestat in polen trewerkornen leib medici und der stad frawenstadt hochstberumbten physici ordinarii welcher den nouemb umb uhr zu nacht des iahres auff seinem ambtwege zum karlat unter der hand gottes selig entschlaffen und bald darauff den decemb in seinem geehrten patria zur frawenstadt in sein ruhkammerlein des grabes beygesetzet worden aus dem spruchlein des herrn iesu ioh u beym kripplein christi erklaret und abgehandelt durch matthaeum arnholdum hainou pfarr zur grossen tschirna gedruckt zu leipzig bey gregor ritzsch anno
511317,body,1,0,True,[2],"Dero Erbaren/ WohlEhrenreichen/ Hoch Tugendſamen Frawen REGINA/ Weiland/ des Edlen/ WohlEhrnveſten/ Hochgelahrten/ vnd Groß Achtbarn Heꝛrn MATTHÆI VECHNERI, Philoſophiæ & Medicinæ utriuſq, Doctoris, Auch Koͤniglicher Mayeſtaͤt in Polen Trewerkornen Archiatri, vnd der Stad Frawenſtadt Phyſici Ordinarij, jetzo ſeeligen ꝛc hinterlaſſenen hochbetruͤbten Fraw Wittiben/ Wie in gleichen: Deren holdſeeligen Ehepflaͤntzlein/ Soͤhnen vnd Toͤchtern/ als jetzo Vaterloſen Waißlein",dero erbaren wohlehrenreichen hoch tugendſamen frawen regina weiland des edlen wohlehrnveſten hochgelahrten vnd groß achtbarn heꝛrn matthæi vechneri philoſophiæ & medicinæ utriuſq doctoris auch koͤniglicher mayeſtaͤt in polen trewerkornen archiatri vnd der stad frawenſtadt phyſici ordinarij jetzo ſeeligen ꝛc hinterlaſſenen hochbetruͤbten fraw wittiben wie in gleichen deren holdſeeligen ehepflaͤntzlein soͤhnen vnd toͤchtern als jetzo vaterloſen waißlein,dero erbaren wohlehrenreichen hoch tugendsamen frawen regina weiland des edlen wohlehrnuesten hochgelahrten und gross achtbarn hern matthaei uechneri philosophiae et medicinae utriusq doctoris auch koniglicher mayestat in polen trewerkornen archiatri und der stad frawenstadt physici ordinarii ietzo seeligen c hinterlassenen hochbetrubten fraw wittiben wie in gleichen deren holdseeligen ehepflantzlein sohnen und tochtern als ietzo uaterlosen waisslein
511317,body,2,0,True,[2],Offeriret vnd vbergiebet Dieſen Leichſermon/ mit Hertzbruͤnſtiger verwuͤntſchung kraͤfftigen Troſtes. Autor,offeriret vnd vbergiebet dieſen leichſermon mit hertzbruͤnſtiger verwuͤntſchung kraͤfftigen troſtes autor,offeriret und ubergiebet diesen leichsermon mit hertzbrunstiger uerwuntschung krafftigen trostes autor
511317,head,3,0,True,[3],VERBO PRÆLUCENTE.,verbo prælucente,uerbo praelucente
511317,body,4,0,False,[3],"JEſu lieber Meiſter erbarme dich vnſer: Alſo ruffen die geſambten Patienten/ Luc. 17. O wie viel Patienten ſind heute bey gegenwertiger Funeration, des weiland Edlen/ WohlEhrenveſten/ vnd Hochgelahrten Herrn Matthæi Vechneri, Philoſophiæ & utriuſq; Medicinæ Doctoris, Koͤn. May. in Polen Trewerkornen Leib Medici, vnnd dieſer Stadt Phyſici Ordinarij &c. die kranck an jhren Hertzen/ die vor Leide kranck ſind an jhrer Seelen.",jeſu lieber meiſter erbarme dich vnſer alſo ruffen die geſambten patienten luc o wie viel patienten ſind heute bey gegenwertiger funeration des weiland edlen wohlehrenveſten vnd hochgelahrten herrn matthæi vechneri philoſophiæ & utriuſq medicinæ doctoris koͤn may in polen trewerkornen leib medici vnnd dieſer stadt phyſici ordinarij &c die kranck an jhren hertzen die vor leide kranck ſind an jhrer seelen,iesu lieber meister erbarme dich unser also ruffen die gesambten patienten luc o wie uiel patienten sind heute bey gegenwertiger funeration des weiland edlen wohlehrenuesten und hochgelahrten herrn matthaei uechneri philosophiae et utriusq medicinae doctoris kon may in polen trewerkornen leib medici unnd dieser stadt physici ordinarii etc die kranck an ihren hertzen die uor leide kranck sind an ihrer seelen
511317,body,4,1,True,[3],"Ach mein HErr Jeſu/ du biſt der Meiſter zu helffen/ Eſa. 63. Du biſt der wahre Artz Jſraelis/ Exod. 15. Du biſt 1. Medicus ſcientiſſimus, So ein Artzt/ in deme alle Schaͤtze der Weißheit vnd Erkentnis verborgen liegen/ Coloſſ. 2. HErr du weiſſeſt alle Ding/ Joh. 21. O ſo weiſſeſt vnd erkenneſtu auch aller Leidetragenden Hertzen Truͤbſal/ Apoc. 2. Du weiſt mein Elend vnd Plage viel beſſer/ als ich dir ſelber ſage/ ſpricht ein betruͤbtes Chriſten hertz.",ach mein herr jeſu du biſt der meiſter zu helffen eſa du biſt der wahre artz jſraelis exod du biſt medicus ſcientiſſimus so ein artzt in deme alle schaͤtze der weißheit vnd erkentnis verborgen liegen coloſſ herr du weiſſeſt alle ding joh o ſo weiſſeſt vnd erkenneſtu auch aller leidetragenden hertzen truͤbſal apoc du weiſt mein elend vnd plage viel beſſer als ich dir ſelber ſage ſpricht ein betruͤbtes chriſten hertz,ach mein herr iesu du bist der meister zu helffen esa du bist der wahre artz israelis exod du bist medicus scientissimus so ein artzt in deme alle schatze der weissheit und erkentnis uerborgen liegen coloss herr du weissest alle ding ioh o so weissest und erkennestu auch aller leidetragenden hertzen trubsal apoc du weist mein elend und plage uiel besser als ich dir selber sage spricht ein betrubtes christen hertz
511317,body,5,0,True,[3],"Du biſt 2. Medicus præſentiſſimus, So ein Artzt der da wohnet nicht allein in der Hoͤhe/ vnd im Heiligthumb/ ſondern auch bey denen/ ſo zuſchlagenes vnd demuͤtiges Geiſtes ſind/ daß du ſie er quickeſt/ Eſa. 57. Du biſt bey vns in der Noth/ Pſal. 91. Du wilſt vns nicht verlaſſen/ noch verſeumen/ Hebr. 13.",du biſt medicus præſentiſſimus so ein artzt der da wohnet nicht allein in der hoͤhe vnd im heiligthumb ſondern auch bey denen ſo zuſchlagenes vnd demuͤtiges geiſtes ſind daß du ſie er quickeſt eſa du biſt bey vns in der noth pſal du wilſt vns nicht verlaſſen noch verſeumen hebr,du bist medicus praesentissimus so ein artzt der da wohnet nicht allein in der hohe und im heiligthumb sondern auch bey denen so zuschlagenes und demutiges geistes sind dass du sie er quickest esa du bist bey uns in der noth psal du wilst uns nicht uerlassen noch uerseumen hebr
511317,body,6,0,True,[4],"Du biſt/ 3. Medicus miſericordiſſimus, So ein Artzt/ der ja vorwahr nicht Luſt hat an der Menſchen verderben/ Ezech. 18. Tob. 3. Sondern der mitleiden hat mit vnſerer Schwachheit/ Hebr. 5.",du biſt medicus miſericordiſſimus so ein artzt der ja vorwahr nicht luſt hat an der menſchen verderben ezech tob sondern der mitleiden hat mit vnſerer schwachheit hebr,du bist medicus misericordissimus so ein artzt der ia uorwahr nicht lust hat an der menschen uerderben ezech tob sondern der mitleiden hat mit unserer schwachheit hebr
511317,body,7,0,True,[4],"Du biſt/ 4. Medicus potentiſſimus & feliciſſimus, So ein Artzt/ der alle Gebrechen heilen kan/ Pſal. 103. Sanabat omnes, ſtehet Matth. 4. vnd 12. cap.",du biſt medicus potentiſſimus & feliciſſimus so ein artzt der alle gebrechen heilen kan pſal sanabat omnes ſtehet matth vnd cap,du bist medicus potentissimus et felicissimus so ein artzt der alle gebrechen heilen kan psal sanabat omnes stehet matth und cap
511317,body,8,0,True,[4],Singet die werthe Chriſtenheit aus dem 130. Pſal.,singet die werthe chriſtenheit aus dem pſal,singet die werthe christenheit aus dem psal
511317,body,9,0,True,[4],"Du biſt/ 5. Medicus æternus, So ein Artzt/ der ſeinen Patienten nimmermehr abſtirbet/ vber welche der Todt nicht herrſchet/ Rom. 6. Jeſus Chriſtus geſtern vnd heute/ vnd derſelbte in Ewigkeit/ ſtehet Hebr. 3.",du biſt medicus æternus so ein artzt der ſeinen patienten nimmermehr abſtirbet vber welche der todt nicht herrſchet rom jeſus chriſtus geſtern vnd heute vnd derſelbte in ewigkeit ſtehet hebr,du bist medicus aeternus so ein artzt der seinen patienten nimmermehr abstirbet uber welche der todt nicht herrschet rom iesus christus gestern und heute und derselbte in ewigkeit stehet hebr
511317,body,10,0,False,[4],Demnach jhr M. G. in Chriſto dem HErrn/ O ſo treten wir auch an jetzo zu demſelben vnſern huͤlffreichen Heiland/ ſeufftzen/ bitten/ vnd beten gleichermaſſen: Jeſu lieber Meiſter erbarme dich vnſer.,demnach jhr m g in chriſto dem herrn o ſo treten wir auch an jetzo zu demſelben vnſern huͤlffreichen heiland ſeufftzen bitten vnd beten gleichermaſſen jeſu lieber meiſter erbarme dich vnſer,demnach ihr m g in christo dem herrn o so treten wir auch an ietzo zu demselben unsern hulffreichen heiland seufftzen bitten und beten gleichermassen iesu lieber meister erbarme dich unser
511317,body,10,1,True,[4],Ach hilff durch die beywohnende Krafft des werthen heiligen Geiſtes/ daß deine Troͤſtunge ergoͤtzen die Seelen aller derer/ ſo vber dem Trawrigen Leichenproceſs vnſers ſeeligen vnnd Hochgeehrten Herren Doctoris viel bekuͤmmernis in jhrem Hertzen haben/ Pſalm 94. Freylich heilet ſie weder Kraut noch pflaſter/ ſondern HErr dein Wort/ welches alles heilet/ Saptent. 16.,ach hilff durch die beywohnende krafft des werthen heiligen geiſtes daß deine troͤſtunge ergoͤtzen die seelen aller derer ſo vber dem trawrigen leichenproceſs vnſers ſeeligen vnnd hochgeehrten herren doctoris viel bekuͤmmernis in jhrem hertzen haben pſalm freylich heilet ſie weder kraut noch pflaſter ſondern herr dein wort welches alles heilet saptent,ach hilff durch die beywohnende krafft des werthen heiligen geistes dass deine trostunge ergotzen die seelen aller derer so uber dem trawrigen leichenprocess unsers seeligen unnd hochgeehrten herren doctoris uiel bekummernis in ihrem hertzen haben psalm freylich heilet sie weder kraut noch pflaster sondern herr dein wort welches alles heilet saptent
511317,body,11,0,True,[5],Vnd zwar Jhr M. G. daß wir ſolche heilſame Troſtkrafft des Goͤttlichen Wortes erlangen moͤgen/ wollen wir erſt miteinander die Knie vnſers Leibes vnd Hertzens/ fuͤr dem herrlichen Angeſicht Goͤttlicher Majeſtaͤt im Himmel/ in wahrer Bußfertiger Andacht/ neigen vnd beugen/ Vnd wie vns vnſer aller liebſter Heiland JeſusChriſtus ſelbſt gelehret hat/ alſo beten: Vater vnſer/ ꝛc.,vnd zwar jhr m g daß wir ſolche heilſame troſtkrafft des goͤttlichen wortes erlangen moͤgen wollen wir erſt miteinander die knie vnſers leibes vnd hertzens fuͤr dem herrlichen angeſicht goͤttlicher majeſtaͤt im himmel in wahrer bußfertiger andacht neigen vnd beugen vnd wie vns vnſer aller liebſter heiland jeſuschriſtus ſelbſt gelehret hat alſo beten vater vnſer ꝛc,und zwar ihr m g dass wir solche heilsame trostkrafft des gottlichen wortes erlangen mogen wollen wir erst miteinander die knie unsers leibes und hertzens fur dem herrlichen angesicht gottlicher maiestat im himmel in wahrer bussfertiger andacht neigen und beugen und wie uns unser aller liebster heiland iesuschristus selbst gelehret hat also beten uater unser c
511317,head,12,0,True,[5],TEXTUS.,textus,textus
511317,body,13,0,True,[5],DA redet Jeſus abermal zu jhnen/ vnd ſprach: Jch bin das Liecht der Welt/ wer mir nachfolget/ der wird nicht wandeln im Finſternis/ ſondern wird das Liecht des Lebens haben.,da redet jeſus abermal zu jhnen vnd ſprach jch bin das liecht der welt wer mir nachfolget der wird nicht wandeln im finſternis ſondern wird das liecht des lebens haben,da redet iesus abermal zu ihnen und sprach ich bin das liecht der welt wer mir nachfolget der wird nicht wandeln im finsternis sondern wird das liecht des lebens haben
511317,body,14,0,False,[5],JHr außerwehlte/ von Gott geliebte/ vnd Gott liebende Chriſten Hertzen/ Jn der That vnd Warheit iſt es alſo/ wie der Hochweiſe Koͤnig Salomo ſchreibet: Eccleſ. 1. Nihil novi ſub Sole: Es geſchicht nichts newes vnter der Sonnen: Geſchihet auch etwas davon man ſagen moͤcht/ das iſt New?,jhr außerwehlte von gott geliebte vnd gott liebende chriſten hertzen jn der that vnd warheit iſt es alſo wie der hochweiſe koͤnig salomo ſchreibet eccleſ nihil novi ſub sole es geſchicht nichts newes vnter der sonnen geſchihet auch etwas davon man ſagen moͤcht das iſt new,ihr ausserwehlte uon gott geliebte und gott liebende christen hertzen in der that und warheit ist es also wie der hochweise konig salomo schreibet eccles nihil noui sub sole es geschicht nichts newes unter der sonnen geschihet auch etwas dauon man sagen mocht das ist new
511317,body,14,1,True,[5],Denn es iſt vor auch geſchehen/ in vorigen Zeiten/ die vor vns geweſen ſind.,denn es iſt vor auch geſchehen in vorigen zeiten die vor vns geweſen ſind,denn es ist uor auch geschehen in uorigen zeiten die uor uns gewesen sind
511317,body,15,0,False,[6],Dis haben wir auff eben heutigen Tag gar Augenſcheinlich zuerkennen.,dis haben wir auff eben heutigen tag gar augenſcheinlich zuerkennen,dis haben wir auff eben heutigen tag gar augenscheinlich zuerkennen
511317,body,15,1,False,[6],Was thun wir?,was thun wir,was thun wir
511317,body,15,2,False,[6],Was iſt vnſer begoͤnnen?,was iſt vnſer begoͤnnen,was ist unser begonnen
511317,item,15,3,False,[6],Nichts newes.,nichts newes,nichts newes
511317,body,15,4,True,[6],Freylich nichts newes iſt:,freylich nichts newes iſt,freylich nichts newes ist
511317,body,16,0,False,[6],"1. Conventum funebrem celebrare, etwa einen anſehnlichen Todtenproceſs zu halten: Eben dergleichen hat man vor auch gethan.",conventum funebrem celebrare etwa einen anſehnlichen todtenproceſs zu halten eben dergleichen hat man vor auch gethan,conuentum funebrem celebrare etwa einen ansehnlichen todtenprocess zu halten eben dergleichen hat man uor auch gethan
511317,body,16,1,False,[6],"Als der Patriarch Jacob Todesverbliechen/ ward ſein Leichnam mit gar ſtatlichem comitat, zu ſeiner Grufft vnd Ruhekammer deduciret, Geneſ. 50. Da Hißkia mit ſeinen Vaͤtern entſchlaffen/ thaͤt jhme gantz Juda vnd Jeruſalem ehre an ſeinem Tode/ 2. Chron. 32. Da Joſia geſtorben/ trug gantz Juda/ vnd Jeruſalem Leide vmb jhn.",als der patriarch jacob todesverbliechen ward ſein leichnam mit gar ſtatlichem comitat zu ſeiner grufft vnd ruhekammer deduciret geneſ da hißkia mit ſeinen vaͤtern entſchlaffen thaͤt jhme gantz juda vnd jeruſalem ehre an ſeinem tode chron da joſia geſtorben trug gantz juda vnd jeruſalem leide vmb jhn,als der patriarch iacob todesuerbliechen ward sein leichnam mit gar statlichem comitat zu seiner grufft und ruhekammer deduciret genes da hisskia mit seinen uatern entschlaffen that ihme gantz iuda und ierusalem ehre an seinem tode chron da iosia gestorben trug gantz iuda und ierusalem leide umb ihn
511317,body,16,2,False,[6],Jeremias der erlauchte Prophet vnd Man Gottes thaͤt jhme die Leichpredigt: Alle Saͤnger vnd Saͤngerin redeten jhre Klagelieder vber jhn/ 2. Chronic. 35. Als Lazarus der Vornehme Landherr zu Bethania entſchlaffen/ kamen viel Juͤden biß von Jeruſalem hinaus/ der anſehnlichen funeration bey zu wohnen/ vnd die hochbetruͤbte Freundſchafft zutroͤſten/ Johan. 11. Vnd was doͤrffen wir weiter Zeugnis?,jeremias der erlauchte prophet vnd man gottes thaͤt jhme die leichpredigt alle saͤnger vnd saͤngerin redeten jhre klagelieder vber jhn chronic als lazarus der vornehme landherr zu bethania entſchlaffen kamen viel juͤden biß von jeruſalem hinaus der anſehnlichen funeration bey zu wohnen vnd die hochbetruͤbte freundſchafft zutroͤſten johan vnd was doͤrffen wir weiter zeugnis,ieremias der erlauchte prophet und man gottes that ihme die leichpredigt alle sanger und sangerin redeten ihre klagelieder uber ihn chronic als lazarus der uornehme landherr zu bethania entschlaffen kamen uiel iuden biss uon ierusalem hinaus der ansehnlichen funeration bey zu wohnen und die hochbetrubte freundschafft zutrosten iohan und was dorffen wir weiter zeugnis
511317,body,16,3,True,[6],"Haben wirs doch in taͤglicher continuation, wie der Poet redet:",haben wirs doch in taͤglicher continuation wie der poet redet,haben wirs doch in taglicher continuation wie der poet redet
511317,body,17,0,False,[6],"Nichts newes iſt/ 2. Medicum regium exſpirare, das auch ein Koͤniglicher Archiater, vnd Hochgepreiſter LeibArtzt ſeinen Geiſt auffgiebt.",nichts newes iſt medicum regium exſpirare das auch ein koͤniglicher archiater vnd hochgepreiſter leibartzt ſeinen geiſt auffgiebt,nichts newes ist medicum regium exspirare das auch ein koniglicher archiater und hochgepreister leibartzt seinen geist auffgiebt
511317,body,17,1,False,[6],O das iſt vor auch geſchehen.,o das iſt vor auch geſchehen,o das ist uor auch geschehen
511317,body,17,2,False,[6],"An dem Koͤniglichen Hofe Pharaonis in Egyptenland/ waren gar weit beruͤmbte Medici, welche den verbliechenen Coͤrper des Patriarchen Jacobs Balſimiret/ Gen. 50. Am Koͤniglichen Hofe Aſſæ zu Jeruſalem waren Hocherfahrene vnd Hochgehaltene Medici, 2. Chron. 16. Zu Koͤnig Herodis zeiten waren viel Medici im Gelobten Lande/ deren Rathes auch das Hemorrouſiſche Weiblein ſich gebrauchet/ Marc. 5. Lucas der H. Evangeliſt wird von dem außer wehlten Apoſtoliſchẽ Ruͤſtzeuge Gottes S. Paulo/ als ein Medicus geruͤhmet/ Coloſ. 4. Aber Novem ubi ſunt?",an dem koͤniglichen hofe pharaonis in egyptenland waren gar weit beruͤmbte medici welche den verbliechenen coͤrper des patriarchen jacobs balſimiret gen am koͤniglichen hofe aſſæ zu jeruſalem waren hocherfahrene vnd hochgehaltene medici chron zu koͤnig herodis zeiten waren viel medici im gelobten lande deren rathes auch das hemorrouſiſche weiblein ſich gebrauchet marc lucas der h evangeliſt wird von dem außer wehlten apoſtoliſchẽ ruͤſtzeuge gottes s paulo als ein medicus geruͤhmet coloſ aber novem ubi ſunt,an dem koniglichen hofe pharaonis in egyptenland waren gar weit berumbte medici welche den uerbliechenen corper des patriarchen iacobs balsimiret gen am koniglichen hofe assae zu ierusalem waren hocherfahrene und hochgehaltene medici chron zu konig herodis zeiten waren uiel medici im gelobten lande deren rathes auch das hemorrousische weiblein sich gebrauchet marc lucas der h euangelist wird uon dem ausser wehlten apostolischen rustzeuge gottes s paulo als ein medicus geruhmet colos aber nouem ubi sunt
511317,body,17,3,True,[7],Ach alle dieſe Aertzte haben jhnen ſelber nicht helffen koͤnnen/ der Todt iſt auch zu jhren Fenſtern hinein gefallen/ Jerem. 9.,ach alle dieſe aertzte haben jhnen ſelber nicht helffen koͤnnen der todt iſt auch zu jhren fenſtern hinein gefallen jerem,ach alle diese aertzte haben ihnen selber nicht helffen konnen der todt ist auch zu ihren fenstern hinein gefallen ierem
511317,body,18,0,False,[7],"3. Nichts newes iſt: Peregrinantem extra ſuos lares emigrare, daß einer etwan auff der Reiſe/ vnd auſer ſeinem Hauſe Todes verfehret.",nichts newes iſt peregrinantem extra ſuos lares emigrare daß einer etwan auff der reiſe vnd auſer ſeinem hauſe todes verfehret,nichts newes ist peregrinantem extra suos lares emigrare dass einer etwan auff der reise und auser seinem hause todes uerfehret
511317,body,18,1,False,[7],O es iſt vor vns/ vnd in vorigen zeiten auch geſchehen.,o es iſt vor vns vnd in vorigen zeiten auch geſchehen,o es ist uor uns und in uorigen zeiten auch geschehen
511317,body,18,2,True,[7],"Abel/ das recht glaͤubige Hertz/ Hebr. 11. Spatziret mit ſeinem Bruder/ als in guter vertrewlicher correſpondentz, auff das Feld/ vnd da er ſichs am wenigſten vorſihet/ gibt jhm der vngehewre Todt einen druck in Nacken/ daß er davon zu Boden ſincket/ vnd nicht Lebendig wieder zu Hauſe kompt/ Gen. 4. Der Patriarch Jacob zeucht in ſeinem Beruff von Sichem aus gen Bethel/ Aber vnterweges bricht jhm der Todt zwey mal vnter die Liebſten ſeinen/ vnd leget erſt darnieder die Deboram/ bald darauff die Rahel/ Gen. 35. Moſe vnd Aaron ſterben auff der Reiſe/ ehe ſie ins Gelobte Land kommen koͤnnen/ Num. 20. Deut. 34. Elimelech/ ſambt zweyen ſeinen Soͤhnen/ ſtirbet auff ſeiner Reiſefart im Lande der Moabiter/ Ruth. 1. cap. Vnd ſo heiſt es noch: Quocunq; ingrederis, ſequitur mors corporis umbra.",abel das recht glaͤubige hertz hebr spatziret mit ſeinem bruder als in guter vertrewlicher correſpondentz auff das feld vnd da er ſichs am wenigſten vorſihet gibt jhm der vngehewre todt einen druck in nacken daß er davon zu boden ſincket vnd nicht lebendig wieder zu hauſe kompt gen der patriarch jacob zeucht in ſeinem beruff von sichem aus gen bethel aber vnterweges bricht jhm der todt zwey mal vnter die liebſten ſeinen vnd leget erſt darnieder die deboram bald darauff die rahel gen moſe vnd aaron ſterben auff der reiſe ehe ſie ins gelobte land kommen koͤnnen num deut elimelech ſambt zweyen ſeinen soͤhnen ſtirbet auff ſeiner reiſefart im lande der moabiter ruth cap vnd ſo heiſt es noch quocunq ingrederis ſequitur mors corporis umbra,abel das recht glaubige hertz hebr spatziret mit seinem bruder als in guter uertrewlicher correspondentz auff das feld und da er sichs am wenigsten uorsihet gibt ihm der ungehewre todt einen druck in nacken dass er dauon zu boden sincket und nicht lebendig wieder zu hause kompt gen der patriarch iacob zeucht in seinem beruff uon sichem aus gen bethel aber unterweges bricht ihm der todt zwey mal unter die liebsten seinen und leget erst darnieder die deboram bald darauff die rahel gen mose und aaron sterben auff der reise ehe sie ins gelobte land kommen konnen num deut elimelech sambt zweyen seinen sohnen stirbet auff seiner reisefart im lande der moabiter ruth cap und so heist es noch quocunq ingrederis sequitur mors corporis umbra
511317,body,19,0,False,[8],4. Nichts newes iſt/ Animam ſubito caſu exhalare; Das ein Menſch vhrploͤtzlich ſeinen Geiſt auffgiebet.,nichts newes iſt animam ſubito caſu exhalare das ein menſch vhrploͤtzlich ſeinen geiſt auffgiebet,nichts newes ist animam subito casu exhalare das ein mensch uhrplotzlich seinen geist auffgiebet
511317,body,19,1,False,[8],Wie geſchwinde war es vmb die jungen Leute/ Jobs Soͤhne vnd Toͤchter/ geſchehen/ da ſie doch Friſch vnd Froͤlich in bona charitate beyſammen ſaſſen/ Hiob 1. Wie ſchnelle fiel der Gottliebende Vſa bey der Lade Gottes zu Boden/ 2. Sam. 6. Gedalia ein Hertzfrommer Regent im Volcke Gottes/ ward vnverſehens vom Tode vbereilet/ Jerem. 41. Manaſſe der heiligen Judith Eheman/ gieng Friſch vnd Geſund zu ſeinen Schnittern/ in der Gerſten Erndte/ wird aber ploͤtzlich Kranck vnd ſtirbet dahin/ Judith 8. So ſaget Eſaias/ cap. 56. Die Gerechten werden weggerafft aus dem Leben.,wie geſchwinde war es vmb die jungen leute jobs soͤhne vnd toͤchter geſchehen da ſie doch friſch vnd froͤlich in bona charitate beyſammen ſaſſen hiob wie ſchnelle fiel der gottliebende vſa bey der lade gottes zu boden sam gedalia ein hertzfrommer regent im volcke gottes ward vnverſehens vom tode vbereilet jerem manaſſe der heiligen judith eheman gieng friſch vnd geſund zu ſeinen schnittern in der gerſten erndte wird aber ploͤtzlich kranck vnd ſtirbet dahin judith so ſaget eſaias cap die gerechten werden weggerafft aus dem leben,wie geschwinde war es umb die iungen leute iobs sohne und tochter geschehen da sie doch frisch und frolich in bona charitate beysammen sassen hiob wie schnelle fiel der gottliebende usa bey der lade gottes zu boden sam gedalia ein hertzfrommer regent im uolcke gottes ward unuersehens uom tode ubereilet ierem manasse der heiligen iudith eheman gieng frisch und gesund zu seinen schnittern in der gersten erndte wird aber plotzlich kranck und stirbet dahin iudith so saget esaias cap die gerechten werden weggerafft aus dem leben
511317,body,19,2,True,[8],"Gott eilet offters mit jhnen aus dem boͤſen Leben/ Sap. 4. Dum nos vertimus, immortalitas adeſt, ſaget Seneca.",gott eilet offters mit jhnen aus dem boͤſen leben sap dum nos vertimus immortalitas adeſt ſaget seneca,gott eilet offters mit ihnen aus dem bosen leben sap dum nos uertimus immortalitas adest saget seneca
511317,body,20,0,False,[8],O daß wir nu Weiſe weren/ vnd vernehmen ſolches/ daß wir verſtuͤnden/ was vns hernach begegnen wird/ Wie Moſe den alten Jſraeliten ſolches wuͤntſchet.,o daß wir nu weiſe weren vnd vernehmen ſolches daß wir verſtuͤnden was vns hernach begegnen wird wie moſe den alten jſraeliten ſolches wuͤntſchet,o dass wir nu weise weren und uernehmen solches dass wir uerstunden was uns hernach begegnen wird wie mose den alten israeliten solches wuntschet
511317,body,20,1,False,[8],"Qui enim cogitat, qualis erit in morte, ſemper pavidus erit in actione, ac proinde tanquam in oculis conditoris vivet.",qui enim cogitat qualis erit in morte ſemper pavidus erit in actione ac proinde tanquam in oculis conditoris vivet,qui enim cogitat qualis erit in morte semper pauidus erit in actione ac proinde tanquam in oculis conditoris uiuet
511317,body,20,2,True,[8],Trawn/ der ſeelige Herr Philip. Melanchth. hat gar fein vnd wol von ſich bezeuget:,trawn der ſeelige herr philip melanchth hat gar fein vnd wol von ſich bezeuget,trawn der seelige herr philip melanchth hat gar fein und wol uon sich bezeuget
511317,body,21,0,True,[9],"Dis hat auch in achtgenommen/ vnd gar wol erwogen weiland der Edle/ WohlEhrenveſte/ vnd Hochgelahrte Herr Matthæus Vechnerus Philoſophiæ, & utriuſq; Medicinæ Doctor, Koͤn. May. in Polen/ trew erkorner Leib Medicus, vnd dieſer Stadt Phyſicus Ordinarius & c. Damit aber auch wir ſolches nicht allein wiſſen/ ſondern alles nach Gottes wolgefallen/ vnd zu vnſerer Seelen Heil/ auff eine Chriſtliche praxin zihen/ vnd bringen moͤgen/ So verhelffs vns die Krafft aus der Hoͤhe/ der werthe H. Geiſt.",dis hat auch in achtgenommen vnd gar wol erwogen weiland der edle wohlehrenveſte vnd hochgelahrte herr matthæus vechnerus philoſophiæ & utriuſq medicinæ doctor koͤn may in polen trew erkorner leib medicus vnd dieſer stadt phyſicus ordinarius & c damit aber auch wir ſolches nicht allein wiſſen ſondern alles nach gottes wolgefallen vnd zu vnſerer seelen heil auff eine chriſtliche praxin zihen vnd bringen moͤgen so verhelffs vns die krafft aus der hoͤhe der werthe h geiſt,dis hat auch in achtgenommen und gar wol erwogen weiland der edle wohlehrenueste und hochgelahrte herr matthaeus uechnerus philosophiae et utriusq medicinae doctor kon may in polen trew erkorner leib medicus und dieser stadt physicus ordinarius et c damit aber auch wir solches nicht allein wissen sondern alles nach gottes wolgefallen und zu unserer seelen heil auff eine christliche praxin zihen und bringen mogen so uerhelffs uns die krafft aus der hohe der werthe h geist
511317,body,22,0,False,[9],Wie wir denn zur ſeeligen lebens vnd ſterbens Art gar fein inſtruiert werden/ in dem abverleſenen Machtſpruͤchlein des Sohnes Gottes/ Johan. 8. Darumben ich auch auff erſuchen vnd begehren der hochtruͤbten Frawen Wittiben/ vnd hochanſehnlichen Anverwandten/ daſſelbe an jetzo abzuhandeln vnd zu erklaͤren fuͤr mich genommen habe.,wie wir denn zur ſeeligen lebens vnd ſterbens art gar fein inſtruiert werden in dem abverleſenen machtſpruͤchlein des sohnes gottes johan darumben ich auch auff erſuchen vnd begehren der hochtruͤbten frawen wittiben vnd hochanſehnlichen anverwandten daſſelbe an jetzo abzuhandeln vnd zu erklaͤren fuͤr mich genommen habe,wie wir denn zur seeligen lebens und sterbens art gar fein instruiert werden in dem abuerlesenen machtspruchlein des sohnes gottes iohan darumben ich auch auff ersuchen und begehren der hochtrubten frawen wittiben und hochansehnlichen anuerwandten dasselbe an ietzo abzuhandeln und zu erklaren fur mich genommen habe
511317,body,22,1,True,[9],Wir wollen aber aus demſelben reden vnd handeln:,wir wollen aber aus demſelben reden vnd handeln,wir wollen aber aus demselben reden und handeln
511317,body,23,0,True,[9],"De triplicato Luminis illuminantis radio, von Dreyfachem Frewdenſtrall/ damit das Liecht der Welt Jeſus Chriſtus/ in ſeinem groſſen Hauſe/ welches iſt die werthe Chriſtenheit/ fuͤr den Augen vnd Hertzen aller ſeiner Glaͤubigen fuͤnckelt vnd leuchtet.",de triplicato luminis illuminantis radio von dreyfachem frewdenſtrall damit das liecht der welt jeſus chriſtus in ſeinem groſſen hauſe welches iſt die werthe chriſtenheit fuͤr den augen vnd hertzen aller ſeiner glaͤubigen fuͤnckelt vnd leuchtet,de triplicato luminis illuminantis radio uon dreyfachem frewdenstrall damit das liecht der welt iesus christus in seinem grossen hause welches ist die werthe christenheit fur den augen und hertzen aller seiner glaubigen funckelt und leuchtet
511317,body,24,0,True,[9],"O Domine, da mihi giatiam dicendi, gratiam audiendi, Ach du mein allerliebſter Herr Jeſu/ fuͤlle du mein Hertz mit deiner himliſchen Weißheit vnd Warheit/ gib du mir eine wolredende Zunge/ oͤffne die Ohren vnd Hertzen aller anweſenden Chriſten/ daß ſie auch deinen armen Diener mit Luſt vnd Andacht hoͤren/ durch dein Wort im Glauben geſtaͤrcket/ im Leben gebeſſert/ in Truͤbſal getroͤſtet/ im Tode er quicket/ vnd ja alle zum ewigen Leben erhalten werden/ Amen.",o domine da mihi giatiam dicendi gratiam audiendi ach du mein allerliebſter herr jeſu fuͤlle du mein hertz mit deiner himliſchen weißheit vnd warheit gib du mir eine wolredende zunge oͤffne die ohren vnd hertzen aller anweſenden chriſten daß ſie auch deinen armen diener mit luſt vnd andacht hoͤren durch dein wort im glauben geſtaͤrcket im leben gebeſſert in truͤbſal getroͤſtet im tode er quicket vnd ja alle zum ewigen leben erhalten werden amen,o domine da mihi giatiam dicendi gratiam audiendi ach du mein allerliebster herr iesu fulle du mein hertz mit deiner himlischen weissheit und warheit gib du mir eine wolredende zunge offne die ohren und hertzen aller anwesenden christen dass sie auch deinen armen diener mit lust und andacht horen durch dein wort im glauben gestarcket im leben gebessert in trubsal getrostet im tode er quicket und ia alle zum ewigen leben erhalten werden amen
511317,body,25,0,False,[10],Wir leſen Jhr M. G. in Chriſto dem HErren/ Exod. 25. waſer maſſen auff Anordnung der hohen heiligen Mayeſtaͤt Gottes/ ein gantz kuͤnſtlicher Leuchter von dichtem Golde verfertiget/ vnd in die Huͤtten des Stiffts beygeſetzet worden.,wir leſen jhr m g in chriſto dem herren exod waſer maſſen auff anordnung der hohen heiligen mayeſtaͤt gottes ein gantz kuͤnſtlicher leuchter von dichtem golde verfertiget vnd in die huͤtten des stiffts beygeſetzet worden,wir lesen ihr m g in christo dem herren exod waser massen auff anordnung der hohen heiligen mayestat gottes ein gantz kunstlicher leuchter uon dichtem golde uerfertiget und in die hutten des stiffts beygesetzet worden
511317,body,25,1,False,[10],Dergleichen ſtehet 1. Reg. 7. wie der Hochweiſe Koͤnig Salomo in ſeinem newerbawten Tempel/ wol zehen guͤldene Leuchter dargeſtellet/ auff denen ein jmmer wehrendes Liecht erhalten wuͤrde.,dergleichen ſtehet reg wie der hochweiſe koͤnig salomo in ſeinem newerbawten tempel wol zehen guͤldene leuchter dargeſtellet auff denen ein jmmer wehrendes liecht erhalten wuͤrde,dergleichen stehet reg wie der hochweise konig salomo in seinem newerbawten tempel wol zehen guldene leuchter dargestellet auff denen ein immer wehrendes liecht erhalten wurde
511317,body,25,2,False,[10],"Das ſind traun keine geringſchaͤtzige Sachen: Aber doch uur ein Schatten der zu kuͤnfftigen Guͤter/ da das weſen ſelbſt ſich findet in Chriſto Jeſu/ Coloſſ. 2. Hebr. 10. Dieſer iſt Lux Mundi, das Liecht der Welt/ laut abgeleſenen Textes.",das ſind traun keine geringſchaͤtzige sachen aber doch uur ein schatten der zu kuͤnfftigen guͤter da das weſen ſelbſt ſich findet in chriſto jeſu coloſſ hebr dieſer iſt lux mundi das liecht der welt laut abgeleſenen textes,das sind traun keine geringschatzige sachen aber doch uur ein schatten der zu kunfftigen guter da das wesen selbst sich findet in christo iesu coloss hebr dieser ist lux mundi das liecht der welt laut abgelesenen textes
511317,body,25,3,True,[10],Vnd zwar/ ſo haben wir eben von dieſem Liecht/ vnd was fuͤr dreyfache Frewdenſtralen daſſelbte von ſich giebet/ an jetzo mit mehrem zuvernehmen.,vnd zwar ſo haben wir eben von dieſem liecht vnd was fuͤr dreyfache frewdenſtralen daſſelbte von ſich giebet an jetzo mit mehrem zuvernehmen,und zwar so haben wir eben uon diesem liecht und was fur dreyfache frewdenstralen dasselbte uon sich giebet an ietzo mit mehrem zuuernehmen
511317,head,26,0,True,[10],De I.,de i,de i
511317,body,27,0,False,[10],"DEn I. Frewdenſtrall ſpargiret das Liecht der Welt Jeſus Chriſtus von ſich/ laut abgeleſenen Textes: ſcripta Prophetica canoniſando, So/ das er vns gar mit Sonnenklarem Mittags Schein zuerkennen giebt/ die Heiligkeit vnd Wuͤrdigkeit der Prophetiſchen Schrifften altes vnd newen Teſtamentes/ denn da er ſpricht; Jch bin das Liecht der Welt/ O ſo hat Er ſoches nicht bloß von ſich ſelbſt/ als von ſich ſelbſt ſententioniret, ſondern es hat der Herr Jeſus dieſe Wort repetiret, aus den Schrifften vnd Buͤchern der vhr alten Propheten im Volcke Gottes.",den i frewdenſtrall ſpargiret das liecht der welt jeſus chriſtus von ſich laut abgeleſenen textes ſcripta prophetica canoniſando so das er vns gar mit sonnenklarem mittags schein zuerkennen giebt die heiligkeit vnd wuͤrdigkeit der prophetiſchen schrifften altes vnd newen teſtamentes denn da er ſpricht jch bin das liecht der welt o ſo hat er ſoches nicht bloß von ſich ſelbſt als von ſich ſelbſt ſententioniret ſondern es hat der herr jeſus dieſe wort repetiret aus den schrifften vnd buͤchern der vhr alten propheten im volcke gottes,den i frewdenstrall spargiret das liecht der welt iesus christus uon sich laut abgelesenen textes scripta prophetica canonisando so das er uns gar mit sonnenklarem mittags schein zuerkennen giebt die heiligkeit und wurdigkeit der prophetischen schrifften altes und newen testamentes denn da er spricht ich bin das liecht der welt o so hat er soches nicht bloss uon sich selbst als uon sich selbst sententioniret sondern es hat der herr iesus diese wort repetiret aus den schrifften und buchern der uhr alten propheten im uolcke gottes
511317,body,27,1,False,[11],"Er ſihet hiermit in das 4. Buch Moſis cap. 24. Da der wahre vnd thewerverſprochene Meſſias genennet wird Stella ex Jacob oriunda, ein Stern der aus Jacob auffgehen ſol.",er ſihet hiermit in das buch moſis cap da der wahre vnd thewerverſprochene meſſias genennet wird stella ex jacob oriunda ein stern der aus jacob auffgehen ſol,er sihet hiermit in das buch mosis cap da der wahre und theweruersprochene messias genennet wird stella ex iacob oriunda ein stern der aus iacob auffgehen sol
511317,body,27,2,False,[11],Weil nemlich der Sohn Gottes/ eben aus dem Geſchlecht vnd Nachkoͤmlingen Jacobs entſpruͤſſen ſolte.,weil nemlich der sohn gottes eben aus dem geſchlecht vnd nachkoͤmlingen jacobs entſpruͤſſen ſolte,weil nemlich der sohn gottes eben aus dem geschlecht und nachkomlingen iacobs entsprussen solte
511317,body,27,3,False,[11],Es ſihet der Herre Jeſus in das 4. Cap. des erlauchten Propheten Malachiæ/ allda der Prophet Weiſſaget mit dieſen Worten: Euch/ die jhr meinen Nahmen fuͤrchtet/ Spricht der Herr/ ſol auffgehen die Sonne der Gerechtigkeit vnnd Heil/ vnter deſſelben Fluͤgeln.,es ſihet der herre jeſus in das cap des erlauchten propheten malachiæ allda der prophet weiſſaget mit dieſen worten euch die jhr meinen nahmen fuͤrchtet spricht der herr ſol auffgehen die sonne der gerechtigkeit vnnd heil vnter deſſelben fluͤgeln,es sihet der herre iesus in das cap des erlauchten propheten malachiae allda der prophet weissaget mit diesen worten euch die ihr meinen nahmen furchtet spricht der herr sol auffgehen die sonne der gerechtigkeit unnd heil unter desselben flugeln
511317,body,27,4,True,[11],Dis ſind klare worte/ von der Perſon/ vnd von den wolthaten Meſſiæ: Wie auch zu gleich eine deſcription der jenigen/ ſo ſolcher Wolthaten genieſſen ſollen.,dis ſind klare worte von der perſon vnd von den wolthaten meſſiæ wie auch zu gleich eine deſcription der jenigen ſo ſolcher wolthaten genieſſen ſollen,dis sind klare worte uon der person und uon den wolthaten messiae wie auch zu gleich eine description der ienigen so solcher wolthaten geniessen sollen
511317,body,28,0,False,[11],Es ſihet der Herre Jeſus in das 9. Cap. des Geiſtreichen Propheten Eſaiæ/ in dem alſo ſtehet: Das Volck ſo im Finſtern wandelt/ Sihet ein groß Liecht/ Vnd vber die da wohnen im finſtern Lande ſcheinet es helle.,es ſihet der herre jeſus in das cap des geiſtreichen propheten eſaiæ in dem alſo ſtehet das volck ſo im finſtern wandelt sihet ein groß liecht vnd vber die da wohnen im finſtern lande ſcheinet es helle,es sihet der herre iesus in das cap des geistreichen propheten esaiae in dem also stehet das uolck so im finstern wandelt sihet ein gross liecht und uber die da wohnen im finstern lande scheinet es helle
511317,body,28,1,True,[11],Daß dis groſſe Liecht kein anders/ als Jeſus Chriſtus ſey/ wird Matth. 4. bewehret/ als Chriſtus der HErr in den graͤntzen Galilææ lehret/ vnd wundert.,daß dis groſſe liecht kein anders als jeſus chriſtus ſey wird matth bewehret als chriſtus der herr in den graͤntzen galilææ lehret vnd wundert,dass dis grosse liecht kein anders als iesus christus sey wird matth bewehret als christus der herr in den grantzen galilaeae lehret und wundert
511317,body,29,0,False,[11],Es ſihet der Herr Jeſus in das 42. cap. Eſaiæ/ allda Gott der Vater aller Gnaden vnd Barmhertzigkeit zu ſeinem allerliebſten Sohne ſaget: Jch habe dich zum Bund vnter das Volck gegeben/ zum Liecht der Heiden/ daß du ſolt oͤffnen die Augen der Blinden.,es ſihet der herr jeſus in das cap eſaiæ allda gott der vater aller gnaden vnd barmhertzigkeit zu ſeinem allerliebſten sohne ſaget jch habe dich zum bund vnter das volck gegeben zum liecht der heiden daß du ſolt oͤffnen die augen der blinden,es sihet der herr iesus in das cap esaiae allda gott der uater aller gnaden und barmhertzigkeit zu seinem allerliebsten sohne saget ich habe dich zum bund unter das uolck gegeben zum liecht der heiden dass du solt offnen die augen der blinden
511317,body,29,1,True,[12],Wie den dieſe Wort Matth. 12. alſo von Chriſto vnſerm allerliebſten Heiland erklaͤret vnd bewaͤhret werden.,wie den dieſe wort matth alſo von chriſto vnſerm allerliebſten heiland erklaͤret vnd bewaͤhret werden,wie den diese wort matth also uon christo unserm allerliebsten heiland erklaret und bewahret werden
511317,body,30,0,False,[12],Es ſihet der Herr Jeſus in das 49. Capitel des mehr gedachten Propheten/ allda wiederumb der Mund des Herrn alſo von dem Meſſia redet: Es iſt mir ein geringes/ daß du mein Knecht biſt/ die Staͤmme Jacob auffzurichten/ vnd das verwahrloſete in Jſrael wiederzubringen/ Sondern Jch habe dich auch zum Liecht der Heyden gemacht/ daß du ſeyſt mein Heil/ biß an der Welt Ende.,es ſihet der herr jeſus in das capitel des mehr gedachten propheten allda wiederumb der mund des herrn alſo von dem meſſia redet es iſt mir ein geringes daß du mein knecht biſt die staͤmme jacob auffzurichten vnd das verwahrloſete in jſrael wiederzubringen sondern jch habe dich auch zum liecht der heyden gemacht daß du ſeyſt mein heil biß an der welt ende,es sihet der herr iesus in das capitel des mehr gedachten propheten allda wiederumb der mund des herrn also uon dem messia redet es ist mir ein geringes dass du mein knecht bist die stamme iacob auffzurichten und das uerwahrlosete in israel wiederzubringen sondern ich habe dich auch zum liecht der heyden gemacht dass du seyst mein heil biss an der welt ende
511317,body,30,1,True,[12],Nicht fingiren wir dieſen reſpect/ Jhr M. G. ſondern es ſtehet da das offenbahre Zeugnis des außerwehlten Ruͤſtzeuges S. Pauli/ Act. 13. Jn deme Er eben dieſen Prophetiſchen Text introduciret zum beweiß/ daß das Heil/ vnd die Seligkeit in Chriſto ja vorwar nicht die Juͤden allein/ ſondern alle Menſchen in aller Welt angehoͤre.,nicht fingiren wir dieſen reſpect jhr m g ſondern es ſtehet da das offenbahre zeugnis des außerwehlten ruͤſtzeuges s pauli act jn deme er eben dieſen prophetiſchen text introduciret zum beweiß daß das heil vnd die seligkeit in chriſto ja vorwar nicht die juͤden allein ſondern alle menſchen in aller welt angehoͤre,nicht fingiren wir diesen respect ihr m g sondern es stehet da das offenbahre zeugnis des ausserwehlten rustzeuges s pauli act in deme er eben diesen prophetischen text introduciret zum beweiss dass das heil und die seligkeit in christo ia uorwar nicht die iuden allein sondern alle menschen in aller welt angehore
511317,body,31,0,False,[12],es ſihet der Herr Jeſus in das 60. cap. Eſaiæ/ deſſen Wort an das Volck Gottes alſo lauten: Mache dich auff/ werde liecht/ denn dein Liecht kommet/ vnd die herrligkeit des Herrn gehet auff vber dir/ denn ſihe/ Finſternuͤs bedecket das Erdreich/ vnd Dunckel die Voͤlcker/ Aber vber dir gehet auff der Herr/ vnd ſeine Herrligkeit erſcheinet vber dir.,es ſihet der herr jeſus in das cap eſaiæ deſſen wort an das volck gottes alſo lauten mache dich auff werde liecht denn dein liecht kommet vnd die herrligkeit des herrn gehet auff vber dir denn ſihe finſternuͤs bedecket das erdreich vnd dunckel die voͤlcker aber vber dir gehet auff der herr vnd ſeine herrligkeit erſcheinet vber dir,es sihet der herr iesus in das cap esaiae dessen wort an das uolck gottes also lauten mache dich auff werde liecht denn dein liecht kommet und die herrligkeit des herrn gehet auff uber dir denn sihe finsternus bedecket das erdreich und dunckel die uolcker aber uber dir gehet auff der herr und seine herrligkeit erscheinet uber dir
511317,body,31,1,True,[12],Das dis Ortes/ von dem Herrn Jeſu geweiſſaget worden/ deutet vnd weiſel vns der Juͤnger/ welchen Jeſus lieb hatte/ der Evangeliſt vnd Apoſtel S. Johan. cap. 1. da er ſchreibet: Das Wort ward Fleiſch/ vnd wohnet vnter vns/ vnd wir ſahen ſeine Herrligkeit/ Eine Herrligkeit/ als des Eingebohrnen Sohnes vom Vater/ voller Gnad vnd Warheit.,das dis ortes von dem herrn jeſu geweiſſaget worden deutet vnd weiſel vns der juͤnger welchen jeſus lieb hatte der evangeliſt vnd apoſtel s johan cap da er ſchreibet das wort ward fleiſch vnd wohnet vnter vns vnd wir ſahen ſeine herrligkeit eine herrligkeit als des eingebohrnen sohnes vom vater voller gnad vnd warheit,das dis ortes uon dem herrn iesu geweissaget worden deutet und weisel uns der iunger welchen iesus lieb hatte der euangelist und apostel s iohan cap da er schreibet das wort ward fleisch und wohnet unter uns und wir sahen seine herrligkeit eine herrligkeit als des eingebohrnen sohnes uom uater uoller gnad und warheit
511317,body,32,0,True,[13],Es ſihet der Herr Jeſus auff den Mund des Koͤniglichen Pſalmiſten/ als der ſo mit frewdiger Zuverſicht außſchreyet/ Pſal. 27. Der Herr iſt mein Liecht/ mein Heil/ fuͤr wem ſolt ich mich fuͤrchten.,es ſihet der herr jeſus auff den mund des koͤniglichen pſalmiſten als der ſo mit frewdiger zuverſicht außſchreyet pſal der herr iſt mein liecht mein heil fuͤr wem ſolt ich mich fuͤrchten,es sihet der herr iesus auff den mund des koniglichen psalmisten als der so mit frewdiger zuuersicht aussschreyet psal der herr ist mein liecht mein heil fur wem solt ich mich furchten
511317,body,33,0,True,[13],Es ſihet der HErr Jeſus auff die Wort vnd Weiſſagung des alten Prieſters Zachariæ/ welcher redet von der hertzlichen Barmhertzigkeit Gottes/ durch welche vns beſucht hat der Auffgang aus der Hoͤhe/ daß Er erſcheine denen/ die da ſitzen im Finſternis vnd Schatten des Todes/ vnd richte vnſere Fuͤſſe auff den Weg des Friedes/ Luc. 1.,es ſihet der herr jeſus auff die wort vnd weiſſagung des alten prieſters zachariæ welcher redet von der hertzlichen barmhertzigkeit gottes durch welche vns beſucht hat der auffgang aus der hoͤhe daß er erſcheine denen die da ſitzen im finſternis vnd schatten des todes vnd richte vnſere fuͤſſe auff den weg des friedes luc,es sihet der herr iesus auff die wort und weissagung des alten priesters zachariae welcher redet uon der hertzlichen barmhertzigkeit gottes durch welche uns besucht hat der auffgang aus der hohe dass er erscheine denen die da sitzen im finsternis und schatten des todes und richte unsere fusse auff den weg des friedes luc
511317,body,34,0,True,[13],Es ſihet der Herr Jeſus auff den Schwanen geſang des alten Gottſeligen Simeonis/ welcher etwa 33. Jahr zuvor im Hieroſolymitaniſchen Tempel/ bey dem Kirchgang der hochgebenedeyten Jungfraͤwlichen Mutter Gottes Mariæ/ das newgebohrne Jeſus Kindlein genennet hatte/ ein Liecht zuerleuchten die Heyden/ vnd zum Preiß des Volckes Jſrael/ Luc. 2.,es ſihet der herr jeſus auff den schwanen geſang des alten gottſeligen simeonis welcher etwa jahr zuvor im hieroſolymitaniſchen tempel bey dem kirchgang der hochgebenedeyten jungfraͤwlichen mutter gottes mariæ das newgebohrne jeſus kindlein genennet hatte ein liecht zuerleuchten die heyden vnd zum preiß des volckes jſrael luc,es sihet der herr iesus auff den schwanen gesang des alten gottseligen simeonis welcher etwa iahr zuuor im hierosolymitanischen tempel bey dem kirchgang der hochgebenedeyten iungfrawlichen mutter gottes mariae das newgebohrne iesus kindlein genennet hatte ein liecht zuerleuchten die heyden und zum preiss des uolckes israel luc
511317,body,35,0,False,[13],Sehet jhrs/ hoͤret jhrs/ M. G. woher der Herr Jeſus dieſen ſeinen Ehren Nahmen auff geſucht.,sehet jhrs hoͤret jhrs m g woher der herr jeſus dieſen ſeinen ehren nahmen auff geſucht,sehet ihrs horet ihrs m g woher der herr iesus diesen seinen ehren nahmen auff gesucht
511317,body,35,1,True,[13],Er hats nicht etwa fingiret/ vnd vors erſte mal auff die bahne gebracht/ Sondern es haben ſolches die erlauchten Propheten/ vnd Menſchen Gottes/ alſo von jhm verkuͤndiget/ daß Er dieſer ſey/ vor ſolchen gehalten/ geglaͤubet/ vnd bekant werden ſolle.,er hats nicht etwa fingiret vnd vors erſte mal auff die bahne gebracht sondern es haben ſolches die erlauchten propheten vnd menſchen gottes alſo von jhm verkuͤndiget daß er dieſer ſey vor ſolchen gehalten geglaͤubet vnd bekant werden ſolle,er hats nicht etwa fingiret und uors erste mal auff die bahne gebracht sondern es haben solches die erlauchten propheten und menschen gottes also uon ihm uerkundiget dass er dieser sey uor solchen gehalten geglaubet und bekant werden solle
511317,body,36,0,False,[14],Mercke demnach hierbey/ O du Chriſtglaͤubige Seele/ 1. Scripturæ ſacræ magnificentiam; Wie hoch vnd groß du die Bibliſchen Schrifften Altes vnnd Newes Teſtaments achten/ vnd ſchaͤtzen ſolleſt/ Nemlich fuͤr ein Buch Gottes des heiligen Geiſtes.,mercke demnach hierbey o du chriſtglaͤubige seele scripturæ ſacræ magnificentiam wie hoch vnd groß du die bibliſchen schrifften altes vnnd newes teſtaments achten vnd ſchaͤtzen ſolleſt nemlich fuͤr ein buch gottes des heiligen geiſtes,mercke demnach hierbey o du christglaubige seele scripturae sacrae magnificentiam wie hoch und gross du die biblischen schrifften altes unnd newes testaments achten und schatzen sollest nemlich fur ein buch gottes des heiligen geistes
511317,body,36,1,False,[14],Denn das ſolt jhr fuͤr das erſte wiſſen/ daß keine Weiſſagung der Schrifft geſchicht aus eigener auslegung/ Sondern die heiligen Menſchen Gottes haben geredt/ getrieben vom heiligen Geiſte/ 2. Petr. 1. Alle Schrifft/ ſaget S. Paulus/ ſey von Gott eingegeben/ vnd ſey nuͤtze zur Lehre/ zur Straffe/ zur Beſſerung/ zur Zuͤchtigung in der Gerechtigkeit/ daß ein Menſch Gottes ſey vollkommen/ vnd zu allen guten Wercken geſchickt/ 2. Timoth. 3. Solteſtu nicht die heilige Schrifft hoch vnd groß achten/ Hat doch dein Herr Jeſus/ in dem alle Schaͤtze der Weißheit vnd Erkentnis verborgen ſind/ Coloſſ. 2. Dennoch ſeine Ehre vnd Lehre aus der Schrifft bewehret/ vnd Jhme nach habens auch gethan/ die außerwelteu Apoſtoliſchen Zwoͤlffbothen.,denn das ſolt jhr fuͤr das erſte wiſſen daß keine weiſſagung der schrifft geſchicht aus eigener auslegung sondern die heiligen menſchen gottes haben geredt getrieben vom heiligen geiſte petr alle schrifft ſaget s paulus ſey von gott eingegeben vnd ſey nuͤtze zur lehre zur straffe zur beſſerung zur zuͤchtigung in der gerechtigkeit daß ein menſch gottes ſey vollkommen vnd zu allen guten wercken geſchickt timoth solteſtu nicht die heilige schrifft hoch vnd groß achten hat doch dein herr jeſus in dem alle schaͤtze der weißheit vnd erkentnis verborgen ſind coloſſ dennoch ſeine ehre vnd lehre aus der schrifft bewehret vnd jhme nach habens auch gethan die außerwelteu apoſtoliſchen zwoͤlffbothen,denn das solt ihr fur das erste wissen dass keine weissagung der schrifft geschicht aus eigener auslegung sondern die heiligen menschen gottes haben geredt getrieben uom heiligen geiste petr alle schrifft saget s paulus sey uon gott eingegeben und sey nutze zur lehre zur straffe zur besserung zur zuchtigung in der gerechtigkeit dass ein mensch gottes sey uollkommen und zu allen guten wercken geschickt timoth soltestu nicht die heilige schrifft hoch und gross achten hat doch dein herr iesus in dem alle schatze der weissheit und erkentnis uerborgen sind coloss dennoch seine ehre und lehre aus der schrifft bewehret und ihme nach habens auch gethan die ausserwelteu apostolischen zwolffbothen
511317,body,36,2,False,[14],"Wir haben ein feſtes Prophetiſches Wort/ ſaget S. Petrus 2. Epiſt. cap. 1. Jch ſage nichts/ auſer dem/ was die Propheten geſaget haben/ daß es geſchehen ſol vnd Moſes/ ſpricht S. Paulus Actor. 26. So weiſet vns ja auch alle hierauff der ſelige Patriarch Abraham: da er Luc. 16. ſpricht: Habent Moſen & Prophetas, audiantillos.",wir haben ein feſtes prophetiſches wort ſaget s petrus epiſt cap jch ſage nichts auſer dem was die propheten geſaget haben daß es geſchehen ſol vnd moſes ſpricht s paulus actor so weiſet vns ja auch alle hierauff der ſelige patriarch abraham da er luc ſpricht habent moſen & prophetas audiantillos,wir haben ein festes prophetisches wort saget s petrus epist cap ich sage nichts auser dem was die propheten gesaget haben dass es geschehen sol und moses spricht s paulus actor so weiset uns ia auch alle hierauff der selige patriarch abraham da er luc spricht habent mosen et prophetas audiantillos
511317,body,36,3,True,[14],"Es weiſet vns hierauff der Sohn Gottes/ mit dem Scrutamini Scripturas, Joh. 5.",es weiſet vns hierauff der sohn gottes mit dem scrutamini scripturas joh,es weiset uns hierauff der sohn gottes mit dem scrutamini scripturas ioh
511317,body,37,0,True,[15],"Wie demnach die hohe heilige Majeſtaͤt Gottes/ eine wunderſchoͤne/ vnd vberguͤldete Lade zuzurichten anbefohlen/ in welcher die zwo Taffeln des Goͤttlichen Geſetzes heilig vnd hehr auffgehaben/ vnd verwahrlich beygeleget worden/ Exod. 40. Vnd wie von Alexandro Magno die Hiſtorien melden/ daß als er vnter den Koͤniglichen ſchaͤtzen Darij einzumal koͤſtliches Laͤdlein funden/ welches vom lauterem Goldt/ vnd mit vielen Edleugeſteinen gezieret geweſen/ vnd ſich lange beſonnen/ was er doch wol in daſſelbe thun vnd legen ſolte/ Endlich ſey er auff die Scripta Homeri, des Griechiſchen Poeten kommen/ die habe er fuͤr allen andern am wuͤrdigſten gehalten/ in ſo koͤſtliches Laͤdlein einzuſchlieſſen.",wie demnach die hohe heilige majeſtaͤt gottes eine wunderſchoͤne vnd vberguͤldete lade zuzurichten anbefohlen in welcher die zwo taffeln des goͤttlichen geſetzes heilig vnd hehr auffgehaben vnd verwahrlich beygeleget worden exod vnd wie von alexandro magno die hiſtorien melden daß als er vnter den koͤniglichen ſchaͤtzen darij einzumal koͤſtliches laͤdlein funden welches vom lauterem goldt vnd mit vielen edleugeſteinen gezieret geweſen vnd ſich lange beſonnen was er doch wol in daſſelbe thun vnd legen ſolte endlich ſey er auff die scripta homeri des griechiſchen poeten kommen die habe er fuͤr allen andern am wuͤrdigſten gehalten in ſo koͤſtliches laͤdlein einzuſchlieſſen,wie demnach die hohe heilige maiestat gottes eine wunderschone und uberguldete lade zuzurichten anbefohlen in welcher die zwo taffeln des gottlichen gesetzes heilig und hehr auffgehaben und uerwahrlich beygeleget worden exod und wie uon alexandro magno die historien melden dass als er unter den koniglichen schatzen darii einzumal kostliches ladlein funden welches uom lauterem goldt und mit uielen edleugesteinen gezieret gewesen und sich lange besonnen was er doch wol in dasselbe thun und legen solte endlich sey er auff die scripta homeri des griechischen poeten kommen die habe er fur allen andern am wurdigsten gehalten in so kostliches ladlein einzuschliessen
511317,body,38,0,False,[15],O du Chriſtliche Seele/ Hier iſt mehr denn tauſend Homeri.,o du chriſtliche seele hier iſt mehr denn tauſend homeri,o du christliche seele hier ist mehr denn tausend homeri
511317,body,38,1,True,[15],"Die heilige Bibel iſt Epiſtola omnipotentis Dei, ad creaturam ſuam, in qua verba Dei ſonant, & Cor Dei diſcitur: Wie Gregorius M. ein Roͤmiſcher Bapſt etwa recht vnd wol geſchrieben.",die heilige bibel iſt epiſtola omnipotentis dei ad creaturam ſuam in qua verba dei ſonant & cor dei diſcitur wie gregorius m ein roͤmiſcher bapſt etwa recht vnd wol geſchrieben,die heilige bibel ist epistola omnipotentis dei ad creaturam suam in qua uerba dei sonant et cor dei discitur wie gregorius m ein romischer bapst etwa recht und wol geschrieben
511317,body,39,0,False,[15],Ey ſo lege vnd verwahre nu du auch dieſelbe in das Laͤdlein deines Hertzen.,ey ſo lege vnd verwahre nu du auch dieſelbe in das laͤdlein deines hertzen,ey so lege und uerwahre nu du auch dieselbe in das ladlein deines hertzen
511317,body,39,1,True,[15],Gedencke an das Wort deines HErrn Jeſu: Selig ſind die Gottes Wort hoͤren vnd bewahren/ Luc. 11. Vnd die auff dem guten Lande/ ſind die/ ſo das Wort hoͤren vnd behalten/ in einem feinen guten Hertzen/ Luc. 8.,gedencke an das wort deines herrn jeſu selig ſind die gottes wort hoͤren vnd bewahren luc vnd die auff dem guten lande ſind die ſo das wort hoͤren vnd behalten in einem feinen guten hertzen luc,gedencke an das wort deines herrn iesu selig sind die gottes wort horen und bewahren luc und die auff dem guten lande sind die so das wort horen und behalten in einem feinen guten hertzen luc
511317,body,40,0,False,[15],So aber dem alſo/ wie jhme denn in Ewigkeit alſo vnd nicht anders/ was muͤſſen doch das fuͤr Leute ſeyn/ die ſo gar ſchimpflich von den Bibliſchen ſchrifften reden vnd halten?,so aber dem alſo wie jhme denn in ewigkeit alſo vnd nicht anders was muͤſſen doch das fuͤr leute ſeyn die ſo gar ſchimpflich von den bibliſchen ſchrifften reden vnd halten,so aber dem also wie ihme denn in ewigkeit also und nicht anders was mussen doch das fur leute seyn die so gar schimpflich uon den biblischen schrifften reden und halten
511317,body,40,1,False,[16],"Bey etlicher Juͤdiſcher Koͤnige zeiten/ war das Buch des Geſetzes gleich ſub pulvere templi, gar verfallen/ biß daß Hißkia der Prieſter ſolches endlich wieder herfuͤr gezogen/ vnd abgewiſcht/ 2. Chron. 34. Koͤnig Jojakim ließ das Buch des Propheten Jeremiæ/ mit einem Federmeſſerlein zuſchneiden/ vnd im Camin verbrennen/ Jerem. 36. Antiochus befahl alle Bibeln zu hauffe zu ſuchen/ dieſelben zuzerreiſſen vnd zuverbrennen/ 1. Maccab. 1. Von einem Wider Teuffer ſchreibet Sigiſmundus Svevus, daß er ſich oͤffentlich hoͤren laſſen/ Er wolte fuͤr alle Bibeln nicht einen Heller geben.",bey etlicher juͤdiſcher koͤnige zeiten war das buch des geſetzes gleich ſub pulvere templi gar verfallen biß daß hißkia der prieſter ſolches endlich wieder herfuͤr gezogen vnd abgewiſcht chron koͤnig jojakim ließ das buch des propheten jeremiæ mit einem federmeſſerlein zuſchneiden vnd im camin verbrennen jerem antiochus befahl alle bibeln zu hauffe zu ſuchen dieſelben zuzerreiſſen vnd zuverbrennen maccab von einem wider teuffer ſchreibet sigiſmundus svevus daß er ſich oͤffentlich hoͤren laſſen er wolte fuͤr alle bibeln nicht einen heller geben,bey etlicher iudischer konige zeiten war das buch des gesetzes gleich sub puluere templi gar uerfallen biss dass hisskia der priester solches endlich wieder herfur gezogen und abgewischt chron konig ioiakim liess das buch des propheten ieremiae mit einem federmesserlein zuschneiden und im camin uerbrennen ierem antiochus befahl alle bibeln zu hauffe zu suchen dieselben zuzerreissen und zuuerbrennen maccab uon einem wider teuffer schreibet sigismundus sueuus dass er sich offentlich horen lassen er wolte fur alle bibeln nicht einen heller geben
511317,body,40,2,False,[16],"Schleidanus meldet/ lib. 25. daß zu ſeiner Zeit ein hoch anſehnlicher Præfectus, oder Ambtsverweſer in Franckreich dieſe ſchandboͤſe worte außgegoſſen: Niſi Patres eam Paulo tribuerent autoritatem, ſe non pluris facturum ejus Epiſtolas, quàm Æſopi fabulas.",schleidanus meldet lib daß zu ſeiner zeit ein hoch anſehnlicher præfectus oder ambtsverweſer in franckreich dieſe ſchandboͤſe worte außgegoſſen niſi patres eam paulo tribuerent autoritatem ſe non pluris facturum ejus epiſtolas quàm æſopi fabulas,schleidanus meldet lib dass zu seiner zeit ein hoch ansehnlicher praefectus oder ambtsuerweser in franckreich diese schandbose worte aussgegossen nisi patres eam paulo tribuerent autoritatem se non pluris facturum eius epistolas quam aesopi fabulas
511317,body,40,3,False,[16],"Der alte Herr Mattheſius, Prediger in Joachimsthal gedencket/ daß etwa ein fuͤrnehmer Landherr geweſen/ welcher/ da er per occaſionem gefraget worden/ Ob er auch die Buͤcher Moſis hette/ gar hoͤniſch geantwortet/ was fuͤnff Buͤcher Moſis?",der alte herr mattheſius prediger in joachimsthal gedencket daß etwa ein fuͤrnehmer landherr geweſen welcher da er per occaſionem gefraget worden ob er auch die buͤcher moſis hette gar hoͤniſch geantwortet was fuͤnff buͤcher moſis,der alte herr matthesius prediger in ioachimsthal gedencket dass etwa ein furnehmer landherr gewesen welcher da er per occasionem gefraget worden ob er auch die bucher mosis hette gar honisch geantwortet was funff bucher mosis
511317,body,40,4,False,[16],von dieſen wuͤſte er nicht viel.,von dieſen wuͤſte er nicht viel,uon diesen wuste er nicht uiel
511317,body,40,5,False,[16],Wenn er aber fuͤnff gute Doͤrffer hette/ von denen koͤnte er ſeine Jaͤhrliche gute Zinſe haben.,wenn er aber fuͤnff gute doͤrffer hette von denen koͤnte er ſeine jaͤhrliche gute zinſe haben,wenn er aber funff gute dorffer hette uon denen konte er seine iahrliche gute zinse haben
511317,body,40,6,True,[16],"Ey das ſind Empæctæ wie S. Petrus ſententioniret, 2. Pet. 3.",ey das ſind empæctæ wie s petrus ſententioniret pet,ey das sind empaectae wie s petrus sententioniret pet
511317,body,41,0,False,[16],Du Chriſten Hertze thue wie David/ Pſalm 19. vnd 119. Thue wie ſein weiſer Sohn Salomo/ Prov. 3. Halt Gottes Wort hoͤher/ denn Gold vnd Feingold/ ſchaͤtze es thewrer den Silber/ koͤſtlicher den Perlen.,du chriſten hertze thue wie david pſalm vnd thue wie ſein weiſer sohn salomo prov halt gottes wort hoͤher denn gold vnd feingold ſchaͤtze es thewrer den silber koͤſtlicher den perlen,du christen hertze thue wie dauid psalm und thue wie sein weiser sohn salomo prou halt gottes wort hoher denn gold und feingold schatze es thewrer den silber kostlicher den perlen
511317,body,41,1,True,[17],Sey gewiß/ alles was du wuͤntſchen magſt/ iſt jhme nicht zuvergleichen.,sey gewiß alles was du wuͤntſchen magſt iſt jhme nicht zuvergleichen,sey gewiss alles was du wuntschen magst ist ihme nicht zuuergleichen
511317,body,42,0,False,[17],"Aber mercke auch hierbey/ 2. lectionis & meditationis appetentiam, daß es ja freylich nicht genung/ vnd an deme nicht gelegen/ daß du die Buͤcher heiliger Schrifft habeſt/ vnd groß achteſt/ ſondern da gehoͤret auch darzu/ daß du darinnen fleiſſig leſeſt/ oder ſolche mit auffmerckendem Ohren vnd Hertzen leſen hoͤreſt/ vnd betrachteſt/ wie Pſalm. 1. ſtehet: Wol dem/ der ſeine Luſt hat/ am Geſetz des Herrn/ vnd redet von ſeinem Geſetz Tag vnd Nacht.",aber mercke auch hierbey lectionis & meditationis appetentiam daß es ja freylich nicht genung vnd an deme nicht gelegen daß du die buͤcher heiliger schrifft habeſt vnd groß achteſt ſondern da gehoͤret auch darzu daß du darinnen fleiſſig leſeſt oder ſolche mit auffmerckendem ohren vnd hertzen leſen hoͤreſt vnd betrachteſt wie pſalm ſtehet wol dem der ſeine luſt hat am geſetz des herrn vnd redet von ſeinem geſetz tag vnd nacht,aber mercke auch hierbey lectionis et meditationis appetentiam dass es ia freylich nicht genung und an deme nicht gelegen dass du die bucher heiliger schrifft habest und gross achtest sondern da gehoret auch darzu dass du darinnen fleissig lesest oder solche mit auffmerckendem ohren und hertzen lesen horest und betrachtest wie psalm stehet wol dem der seine lust hat am gesetz des herrn und redet uon seinem gesetz tag und nacht
511317,body,42,1,False,[17],Selig iſt/ der da lieſet/ vnd die da hoͤren/ die wort der Weiſſagung/ vnd behalten/ was darinnen geſchrieben iſt/ exclamiret der groſſe Theologus S. Johannes/ Apocal. 1. Traun Eſaias fordert vnd mahnet alle Leute/ daß ſie ſuchen vnd leſen ſollen im Buch des Herrn/ Eſa. 34. Dem Propheten Habacuc befihlet der Herr/ der Ewiglebendige Gott/ Er ſol ſeine Prophetiſche Viſion ſchreiben/ Er ſol es auff eine Taffel mahlen/ daß es leſe/ wer fuͤrvber gehet/ Habacuc 2. S. Paulus ermahnet alle Gottliebende Chriſtenhertzen/ Sie ſollen das Wort Gottes reichlich vnter jhnen wohnen laſſen.,selig iſt der da lieſet vnd die da hoͤren die wort der weiſſagung vnd behalten was darinnen geſchrieben iſt exclamiret der groſſe theologus s johannes apocal traun eſaias fordert vnd mahnet alle leute daß ſie ſuchen vnd leſen ſollen im buch des herrn eſa dem propheten habacuc befihlet der herr der ewiglebendige gott er ſol ſeine prophetiſche viſion ſchreiben er ſol es auff eine taffel mahlen daß es leſe wer fuͤrvber gehet habacuc s paulus ermahnet alle gottliebende chriſtenhertzen sie ſollen das wort gottes reichlich vnter jhnen wohnen laſſen,selig ist der da lieset und die da horen die wort der weissagung und behalten was darinnen geschrieben ist exclamiret der grosse theologus s iohannes apocal traun esaias fordert und mahnet alle leute dass sie suchen und lesen sollen im buch des herrn esa dem propheten habacuc befihlet der herr der ewiglebendige gott er sol seine prophetische uision schreiben er sol es auff eine taffel mahlen dass es lese wer furuber gehet habacuc s paulus ermahnet alle gottliebende christenhertzen sie sollen das wort gottes reichlich unter ihnen wohnen lassen
511317,body,42,2,False,[17],"Coloſſ. 3. Als denn die Edle Buͤrgerſchafft zu Berrhoen/ daher jhren Ehrenrhum hat/ daß ſie taͤglich in der Schrifft geforſchet/ Actor. 17. D. Hieronymus weis gar herrlich zu ruͤhmen den Nepotianum, daß er aſſidua lectione, durch fleiſſige leſung der heiligen Bibel/ ſein Hertze gleich Bibliothecam Chriſti, zu einem Buchladen des HErr Jeſu gemacht habe.",coloſſ als denn die edle buͤrgerſchafft zu berrhoen daher jhren ehrenrhum hat daß ſie taͤglich in der schrifft geforſchet actor d hieronymus weis gar herrlich zu ruͤhmen den nepotianum daß er aſſidua lectione durch fleiſſige leſung der heiligen bibel ſein hertze gleich bibliothecam chriſti zu einem buchladen des herr jeſu gemacht habe,coloss als denn die edle burgerschafft zu berrhoen daher ihren ehrenrhum hat dass sie taglich in der schrifft geforschet actor d hieronymus weis gar herrlich zu ruhmen den nepotianum dass er assidua lectione durch fleissige lesung der heiligen bibel sein hertze gleich bibliothecam christi zu einem buchladen des herr iesu gemacht habe
511317,body,42,3,True,[18],"Ey du Chriſtliche Seele fac ſimiliter, O gehe hin/ vnd thue deßgleichen/ wie dein HErr Jeſus ſaget/ Luc. 10. Jſt etwa ein Lob/ iſt etwa ein Tugend/ dem dencke nach/ vnd thue es auch/ Philip. 4.",ey du chriſtliche seele fac ſimiliter o gehe hin vnd thue deßgleichen wie dein herr jeſus ſaget luc jſt etwa ein lob iſt etwa ein tugend dem dencke nach vnd thue es auch philip,ey du christliche seele fac similiter o gehe hin und thue dessgleichen wie dein herr iesus saget luc ist etwa ein lob ist etwa ein tugend dem dencke nach und thue es auch philip
511317,body,43,0,False,[18],"Du ſolt aber vors dritte hiebey auch in acht nehmen/ Fixam dictorum fundamentalium memoriam, daß du ja kein vergeßlicher Hoͤrer/ oder Leſer des Worts Gottes ſeyſt/ Jac. 1. Gleiche dich einem rechtſchaffenen Schaͤflein/ welches ſeine Speiſe ruminiret, Du auch O Chriſten Seele/ thue wie Maria/ die ſelig gepreiſte Jungfraͤwliche Mutter des HErrn Jeſu/ die behielt alle dieſe Wort/ vnd beweget ſie in jhrem Hertzen/ Luc. 2. Vnd kanſtu je nicht alles faſſen/ Ey ſo mercke doch die guten Spruͤche/ Syr. 7. Abſit, O das ſey ferne/ daß du ſeyſt/ wie ein zerlechſtes faß/ da alles wieder heraus laͤufft/ was hienein gegoſſen.",du ſolt aber vors dritte hiebey auch in acht nehmen fixam dictorum fundamentalium memoriam daß du ja kein vergeßlicher hoͤrer oder leſer des worts gottes ſeyſt jac gleiche dich einem rechtſchaffenen schaͤflein welches ſeine speiſe ruminiret du auch o chriſten seele thue wie maria die ſelig gepreiſte jungfraͤwliche mutter des herrn jeſu die behielt alle dieſe wort vnd beweget ſie in jhrem hertzen luc vnd kanſtu je nicht alles faſſen ey ſo mercke doch die guten spruͤche syr abſit o das ſey ferne daß du ſeyſt wie ein zerlechſtes faß da alles wieder heraus laͤufft was hienein gegoſſen,du solt aber uors dritte hiebey auch in acht nehmen fixam dictorum fundamentalium memoriam dass du ia kein uergesslicher horer oder leser des worts gottes seyst iac gleiche dich einem rechtschaffenen schaflein welches seine speise ruminiret du auch o christen seele thue wie maria die selig gepreiste iungfrawliche mutter des herrn iesu die behielt alle diese wort und beweget sie in ihrem hertzen luc und kanstu ie nicht alles fassen ey so mercke doch die guten spruche syr absit o das sey ferne dass du seyst wie ein zerlechstes fass da alles wieder heraus laufft was hienein gegossen
511317,body,43,1,False,[18],Bitte Gott den werthen heiligen Geiſt/ daß er dich lehre/ daß er dich erinnere alles deſſen/ was dir zu deiner Seelen Heil zu wiſſen/ vnd glaͤuben von noͤthen iſt.,bitte gott den werthen heiligen geiſt daß er dich lehre daß er dich erinnere alles deſſen was dir zu deiner seelen heil zu wiſſen vnd glaͤuben von noͤthen iſt,bitte gott den werthen heiligen geist dass er dich lehre dass er dich erinnere alles dessen was dir zu deiner seelen heil zu wissen und glauben uon nothen ist
511317,body,43,2,True,[18],Wie Johan. 14. der Mund des HErrn von jhm redet.,wie johan der mund des herrn von jhm redet,wie iohan der mund des herrn uon ihm redet
511317,body,44,0,False,[18],"Mercke endlich 4. Principem ſcripturæ de Chriſto ſententiam, daß du in heiliger Bibelſchrifft darauff zum allerhoͤchſten achtung gebeſt/ was da von deinem HErrn Jeſu zu finden ſey.",mercke endlich principem ſcripturæ de chriſto ſententiam daß du in heiliger bibelſchrifft darauff zum allerhoͤchſten achtung gebeſt was da von deinem herrn jeſu zu finden ſey,mercke endlich principem scripturae de christo sententiam dass du in heiliger bibelschrifft darauff zum allerhochsten achtung gebest was da uon deinem herrn iesu zu finden sey
511317,body,44,1,False,[18],"Ey freylich/ Chriſtus iſt des Geſetzes ende/ Rom. 10. Jm Buch der H. Bibel iſt fuͤrnemlich von Jhm geſchrieben/ Pſal. 40. Hebr. 10. Von Jhme zeugen alle Propheten/ Act. 10. Aller Apoſtel Ambts gebuͤhr iſt teſtari de Chriſto, wie Joh. 15. Actor. 1. zuvernehmen.",ey freylich chriſtus iſt des geſetzes ende rom jm buch der h bibel iſt fuͤrnemlich von jhm geſchrieben pſal hebr von jhme zeugen alle propheten act aller apoſtel ambts gebuͤhr iſt teſtari de chriſto wie joh actor zuvernehmen,ey freylich christus ist des gesetzes ende rom im buch der h bibel ist furnemlich uon ihm geschrieben psal hebr uon ihme zeugen alle propheten act aller apostel ambts gebuhr ist testari de christo wie ioh actor zuuernehmen
511317,body,44,2,False,[19],"Darumb auch S. Paulus ob er wol in dritten Himmel entzuckt geweſen/ ſich dennoch nicht duͤncken laſſen/ daß er etwas wuͤſte/ denn allein Jeſum Chriſtum/ 1. Cor. 2. O wenn wir den finden/ ſo koͤnnen wir mit frewden auffſpringen/ wie der erlauchte Prophet Habacuc Cap. 4. Ego autem in Domino gaudebo, & exultabo in Deo Jesu meo.",darumb auch s paulus ob er wol in dritten himmel entzuckt geweſen ſich dennoch nicht duͤncken laſſen daß er etwas wuͤſte denn allein jeſum chriſtum cor o wenn wir den finden ſo koͤnnen wir mit frewden auffſpringen wie der erlauchte prophet habacuc cap ego autem in domino gaudebo & exultabo in deo jesu meo,darumb auch s paulus ob er wol in dritten himmel entzuckt gewesen sich dennoch nicht duncken lassen dass er etwas wuste denn allein iesum christum cor o wenn wir den finden so konnen wir mit frewden auffspringen wie der erlauchte prophet habacuc cap ego autem in domino gaudebo et exultabo in deo iesu meo
511317,body,44,3,False,[19],Aber ich wil mich frewen des HErrn/ vnd froͤlich ſeyn in Gott meinem Heil.,aber ich wil mich frewen des herrn vnd froͤlich ſeyn in gott meinem heil,aber ich wil mich frewen des herrn und frolich seyn in gott meinem heil
511317,body,44,4,False,[19],Da koͤnnen wir gegen andern davon ruͤhmen/ wie Andreas vnd Philippus/ Johan. 1. Invenimus Meſſiam Jeſum.,da koͤnnen wir gegen andern davon ruͤhmen wie andreas vnd philippus johan invenimus meſſiam jeſum,da konnen wir gegen andern dauon ruhmen wie andreas und philippus iohan inuenimus messiam iesum
511317,item,44,5,True,[19],O freylich:,o freylich,o freylich
511317,body,45,0,True,[19],Saget ein Chriſtlicher Poet aus S. Bernhardo: Nichts erfrewe jhn mehr in ſeinem Hertzen/ als Jeſus: Nichts gebe jhme beſſere erluſtigung in ſeinem Gemuͤthe/ als Jeſus: Jeſus ſey jhme das ſuͤſſeſte Honig auff ſeiner Zungen: Jeſus ſey jhm der lieblichſte Thon/ Hall vnd Schall/ in ſeinen Ohren.,saget ein chriſtlicher poet aus s bernhardo nichts erfrewe jhn mehr in ſeinem hertzen als jeſus nichts gebe jhme beſſere erluſtigung in ſeinem gemuͤthe als jeſus jeſus ſey jhme das ſuͤſſeſte honig auff ſeiner zungen jeſus ſey jhm der lieblichſte thon hall vnd schall in ſeinen ohren,saget ein christlicher poet aus s bernhardo nichts erfrewe ihn mehr in seinem hertzen als iesus nichts gebe ihme bessere erlustigung in seinem gemuthe als iesus iesus sey ihme das susseste honig auff seiner zungen iesus sey ihm der lieblichste thon hall und schall in seinen ohren
511317,body,46,0,False,[19],Ach mein HErr Jeſu/ wenn ich dich habe/ ſo habe ich wol/ was mich ewig erfrewen ſol.,ach mein herr jeſu wenn ich dich habe ſo habe ich wol was mich ewig erfrewen ſol,ach mein herr iesu wenn ich dich habe so habe ich wol was mich ewig erfrewen sol
511317,body,46,1,True,[19],Aber genung vom Erſten.,aber genung vom erſten,aber genung uom ersten
511317,head,47,0,True,[19],De II.,de ii,de ii
511317,body,48,0,False,[19],Jetzt wenden wir vns zu dem Andern.,jetzt wenden wir vns zu dem andern,ietzt wenden wir uns zu dem andern
511317,body,48,1,False,[20],"Denn da ſtrewet das Liecht der Welt Jeſus Chriſtus ſeine Frewdenſtralen ferner aus: Perſonam, officium, & beneficium ſuum publicando.",denn da ſtrewet das liecht der welt jeſus chriſtus ſeine frewdenſtralen ferner aus perſonam officium & beneficium ſuum publicando,denn da strewet das liecht der welt iesus christus seine frewdenstralen ferner aus personam officium et beneficium suum publicando
511317,body,48,2,True,[20],Jch bin das Liecht der Welt/ ſpricht Er im abverleſenem Text/ Wer mir nachfolget der wird nicht Wandeln im Finſternis/ ſondern wird das Liecht des Lebens haben.,jch bin das liecht der welt ſpricht er im abverleſenem text wer mir nachfolget der wird nicht wandeln im finſternis ſondern wird das liecht des lebens haben,ich bin das liecht der welt spricht er im abuerlesenem text wer mir nachfolget der wird nicht wandeln im finsternis sondern wird das liecht des lebens haben
511317,body,49,0,True,[20],O welch ein denckwuͤrdiger Ehren Nahme iſt dis/ daß vnſer aller trawteſter Jmmanuel ſich ein Liecht/ vnd zwar das Liecht der Welt nennet: O wie groß wichtige Lehren wil Er vns damit zu bedencken geben.,o welch ein denckwuͤrdiger ehren nahme iſt dis daß vnſer aller trawteſter jmmanuel ſich ein liecht vnd zwar das liecht der welt nennet o wie groß wichtige lehren wil er vns damit zu bedencken geben,o welch ein denckwurdiger ehren nahme ist dis dass unser aller trawtester immanuel sich ein liecht und zwar das liecht der welt nennet o wie gross wichtige lehren wil er uns damit zu bedencken geben
511317,body,50,0,True,[20],Zwar es hat die Leutſeligkeit vnd Freundligkeit Gottes ſich manchmal/ vnd mancherley weiſe mit dargebung vieler vnterſchiedenen Liechtern in der Welt erwieſen.,zwar es hat die leutſeligkeit vnd freundligkeit gottes ſich manchmal vnd mancherley weiſe mit dargebung vieler vnterſchiedenen liechtern in der welt erwieſen,zwar es hat die leutseligkeit und freundligkeit gottes sich manchmal und mancherley weise mit dargebung uieler unterschiedenen liechtern in der welt erwiesen
511317,body,51,0,False,[20],"Ach welch ein herrlich Liecht der Welt iſt Lumen Solare, der ſchoͤne Sonnenglantz/ ſambt Monden vnd Sternen/ wie davon ſchreibet der Mann Gottes Moſes/ Gen. 1. vnd Syr. 43. Gedencket meine Geliebten/ welch elende Leute wuͤrden wir doch ſeyn/ wenn wir im Finſtern ſitzen/ vnd dis Liecht der Welt nicht haben ſolten?",ach welch ein herrlich liecht der welt iſt lumen solare der ſchoͤne sonnenglantz ſambt monden vnd sternen wie davon ſchreibet der mann gottes moſes gen vnd syr gedencket meine geliebten welch elende leute wuͤrden wir doch ſeyn wenn wir im finſtern ſitzen vnd dis liecht der welt nicht haben ſolten,ach welch ein herrlich liecht der welt ist lumen solare der schone sonnenglantz sambt monden und sternen wie dauon schreibet der mann gottes moses gen und syr gedencket meine geliebten welch elende leute wurden wir doch seyn wenn wir im finstern sitzen und dis liecht der welt nicht haben solten
511317,body,51,1,False,[20],"Wie vbel war den Egyptern/ da ſie nur drey Tage mit Finſternis geplaget worden/ Exod. 10. Wie wiſſen die Seefahrenden ſo viel zu ſagen vnd klagen von der New erfundenen Jnſul Novazembla, vnd anderen mehr/ da es wol auff die helffte des Jahres keinen rechten vnd richtigen Sonnenſchein geben ſol.",wie vbel war den egyptern da ſie nur drey tage mit finſternis geplaget worden exod wie wiſſen die seefahrenden ſo viel zu ſagen vnd klagen von der new erfundenen jnſul novazembla vnd anderen mehr da es wol auff die helffte des jahres keinen rechten vnd richtigen sonnenſchein geben ſol,wie ubel war den egyptern da sie nur drey tage mit finsternis geplaget worden exod wie wissen die seefahrenden so uiel zu sagen und klagen uon der new erfundenen insul nouazembla und anderen mehr da es wol auff die helffte des iahres keinen rechten und richtigen sonnenschein geben sol
511317,body,51,2,False,[20],"Wie haben die Alten ſo viel geſchrieben von den Cimmeriis tenebris, da eine jmmerwerende/ duͤſtere/ vnd neblichte Lufft/ vnd daher erfolgete dunckelung der Sonnen ſeyn ſolle.",wie haben die alten ſo viel geſchrieben von den cimmeriis tenebris da eine jmmerwerende duͤſtere vnd neblichte lufft vnd daher erfolgete dunckelung der sonnen ſeyn ſolle,wie haben die alten so uiel geschrieben uon den cimmeriis tenebris da eine immerwerende dustere und neblichte lufft und daher erfolgete dunckelung der sonnen seyn solle
511317,body,51,3,False,[21],Ey gibts doch bey vns grauſen vnd grawen/ wenn nur etliche wenig Tag vnd Nacht/ durch die ſchwartze Regenwolcken/ der liebliche anblick der Sonnen/ des Monden/ vnd der Sternen verhalten wird/ Was wird denn ſeyn/ wenn man mit ewigen Ketten der Finſternis behalten wuͤrde?,ey gibts doch bey vns grauſen vnd grawen wenn nur etliche wenig tag vnd nacht durch die ſchwartze regenwolcken der liebliche anblick der sonnen des monden vnd der sternen verhalten wird was wird denn ſeyn wenn man mit ewigen ketten der finſternis behalten wuͤrde,ey gibts doch bey uns grausen und grawen wenn nur etliche wenig tag und nacht durch die schwartze regenwolcken der liebliche anblick der sonnen des monden und der sternen uerhalten wird was wird denn seyn wenn man mit ewigen ketten der finsternis behalten wurde
511317,body,51,4,False,[21],Wie traun der gerechte Gott dis/ als eine/ vnter den Hauptſtraffen draͤwet/ daß den Menſchen die Sonne am Mittage vntergehen/ daß Mond vnd Sternen jhren Schein verhalten ſollen.,wie traun der gerechte gott dis als eine vnter den hauptſtraffen draͤwet daß den menſchen die sonne am mittage vntergehen daß mond vnd sternen jhren schein verhalten ſollen,wie traun der gerechte gott dis als eine unter den hauptstraffen drawet dass den menschen die sonne am mittage untergehen dass mond und sternen ihren schein uerhalten sollen
511317,body,51,5,False,[21],Wie Amos 8. Eſa. 13. Ezech. 32. Joel. 2. vnd 3. leicht zu vernehmen.,wie amos eſa ezech joel vnd leicht zu vernehmen,wie amos esa ezech ioel und leicht zu uernehmen
511317,body,51,6,False,[21],Summa/ es iſt das Liecht ſuͤſſe/ vnd den Augen lieblich die Sonne zu ſehen/ Wie Eccleſ.,summa es iſt das liecht ſuͤſſe vnd den augen lieblich die sonne zu ſehen wie eccleſ,summa es ist das liecht susse und den augen lieblich die sonne zu sehen wie eccles
511317,item,51,7,False,[21],Sal. 11. ſtehet.,sal ſtehet,sal stehet
511317,body,51,8,True,[21],Haben demnach der Barmhertzigkeit Gottes fuͤr dis Liecht der Welt zu dancken.,haben demnach der barmhertzigkeit gottes fuͤr dis liecht der welt zu dancken,haben demnach der barmhertzigkeit gottes fur dis liecht der welt zu dancken
511317,body,52,0,False,[21],"Ach welch ein herrlich ding iſt auch lumen oculare, das Auge iſt/ des Leibes liecht/ ſaget der HErr Jeſus/ Matth. 6. Der blinde Barthimæus wie ſeufftzet vnd betet er/ Marc. 10. Luc. 18. Ach HErr/ daß ich ſehen moͤge.",ach welch ein herrlich ding iſt auch lumen oculare das auge iſt des leibes liecht ſaget der herr jeſus matth der blinde barthimæus wie ſeufftzet vnd betet er marc luc ach herr daß ich ſehen moͤge,ach welch ein herrlich ding ist auch lumen oculare das auge ist des leibes liecht saget der herr iesus matth der blinde barthimaeus wie seufftzet und betet er marc luc ach herr dass ich sehen moge
511317,body,52,1,False,[21],Wie ſchmertzet es den thewren Helden Simſon/ als jhme die Philiſter die Augen außgeſtochen/ vnd trachtet auch ſein Leben daran zu ſetzen/ daß er ſich doch nur eineſt an jhnen rechnen moͤchte/ Judic. 16. Wie lamentiret der alte Tobias/ als er durch einen Vnfall vmb ſein Geſichte kommen.,wie ſchmertzet es den thewren helden simſon als jhme die philiſter die augen außgeſtochen vnd trachtet auch ſein leben daran zu ſetzen daß er ſich doch nur eineſt an jhnen rechnen moͤchte judic wie lamentiret der alte tobias als er durch einen vnfall vmb ſein geſichte kommen,wie schmertzet es den thewren helden simson als ihme die philister die augen aussgestochen und trachtet auch sein leben daran zu setzen dass er sich doch nur einest an ihnen rechnen mochte iudic wie lamentiret der alte tobias als er durch einen unfall umb sein gesichte kommen
511317,body,52,2,False,[21],"Was ſol ich fuͤr Frewde haben/ ſpricht er zum Engel Raphael/ der ich im Finſtern ſitze/ vnd das Liecht dieſer Welt nicht ſehen muß/ Tob. 5. Carendo diſcimus, quàm cara fuerint, quæ amiſimus.",was ſol ich fuͤr frewde haben ſpricht er zum engel raphael der ich im finſtern ſitze vnd das liecht dieſer welt nicht ſehen muß tob carendo diſcimus quàm cara fuerint quæ amiſimus,was sol ich fur frewde haben spricht er zum engel raphael der ich im finstern sitze und das liecht dieser welt nicht sehen muss tob carendo discimus quam cara fuerint quae amisimus
511317,body,52,3,True,[22],Solten wir (das Gott vns alle bewahre/) mit Tobia vnd Simſon/ das Jammer erfahren/ da wuͤrden wir lernen/ was fuͤr Danck wir Gott dem Allmaͤchtigen Menſchenſchoͤpffer ſchuͤldig ſeyn/ wie fuͤr andere geſunde Leibes Gliedmaſſen/ alſo auch fuͤr ein ſehendes Auge/ das vns der HErr gemacht hat/ Exod. 4. Prov. 20.,solten wir das gott vns alle bewahre mit tobia vnd simſon das jammer erfahren da wuͤrden wir lernen was fuͤr danck wir gott dem allmaͤchtigen menſchenſchoͤpffer ſchuͤldig ſeyn wie fuͤr andere geſunde leibes gliedmaſſen alſo auch fuͤr ein ſehendes auge das vns der herr gemacht hat exod prov,solten wir das gott uns alle bewahre mit tobia und simson das iammer erfahren da wurden wir lernen was fur danck wir gott dem allmachtigen menschenschopffer schuldig seyn wie fur andere gesunde leibes gliedmassen also auch fur ein sehendes auge das uns der herr gemacht hat exod prou
511317,body,53,0,False,[22],"Ach wie ein herrlich Liecht iſt Lumen rationale, das Liecht der Menſchlichen Vernunfft vnd Verſtandes/ zu mal in erſter Schoͤpffung/ da die Stralen Goͤttlicher Weißheit ſich in des Menſchen Hertzen gebildet haben/ Gen. 1. Vnd obs zwar durch den klaͤglichen Adams Fall/ kaum wie ein kleines Fuͤncklein nach einer gedaͤmpfften groſſen Fewersbrunſt vbrig verblieben/ Wie Sap. 9. vnd 13. ſchmertzlich daruͤber geklaget wird: Dennoch iſt daſſelbte/ zumal in ſachen zu dieſem zeitlichen Weltleben gehoͤrig/ noch ſo groß zu halten/ daß auch Cicero der Edle Roͤmer ſchreiben darff/ Mente nihil homini dedit Deus ipſe divinius, Vnd abermals ſchreibet er: Benè adhibita ratio cernit, quid optimum ſit.",ach wie ein herrlich liecht iſt lumen rationale das liecht der menſchlichen vernunfft vnd verſtandes zu mal in erſter schoͤpffung da die stralen goͤttlicher weißheit ſich in des menſchen hertzen gebildet haben gen vnd obs zwar durch den klaͤglichen adams fall kaum wie ein kleines fuͤncklein nach einer gedaͤmpfften groſſen fewersbrunſt vbrig verblieben wie sap vnd ſchmertzlich daruͤber geklaget wird dennoch iſt daſſelbte zumal in ſachen zu dieſem zeitlichen weltleben gehoͤrig noch ſo groß zu halten daß auch cicero der edle roͤmer ſchreiben darff mente nihil homini dedit deus ipſe divinius vnd abermals ſchreibet er benè adhibita ratio cernit quid optimum ſit,ach wie ein herrlich liecht ist lumen rationale das liecht der menschlichen uernunfft und uerstandes zu mal in erster schopffung da die stralen gottlicher weissheit sich in des menschen hertzen gebildet haben gen und obs zwar durch den klaglichen adams fall kaum wie ein kleines funcklein nach einer gedampfften grossen fewersbrunst ubrig uerblieben wie sap und schmertzlich daruber geklaget wird dennoch ist dasselbte zumal in sachen zu diesem zeitlichen weltleben gehorig noch so gross zu halten dass auch cicero der edle romer schreiben darff mente nihil homini dedit deus ipse diuinius und abermals schreibet er bene adhibita ratio cernit quid optimum sit
511317,body,53,1,False,[22],"Darumb auch Pittacus, als er gefraget worden: Quid in minimo eſſet maximum?",darumb auch pittacus als er gefraget worden quid in minimo eſſet maximum,darumb auch pittacus als er gefraget worden quid in minimo esset maximum
511317,body,53,2,False,[22],Was doch wol in den kleineſten das groͤſte were?,was doch wol in den kleineſten das groͤſte were,was doch wol in den kleinesten das groste were
511317,body,53,3,False,[22],Stracks geantwortet: Bona mens in corpore humano: Ein verſtaͤndiges Gemuͤthe in dem Menſchlichen Leibe.,stracks geantwortet bona mens in corpore humano ein verſtaͤndiges gemuͤthe in dem menſchlichen leibe,stracks geantwortet bona mens in corpore humano ein uerstandiges gemuthe in dem menschlichen leibe
511317,body,53,4,True,[22],Jch meyne an einem Wahnſinnigen oder Aberwitzigen wird man das jnne/ welch ein herrliche gabe Gottes es ſey/ vmb eine vernuͤnfftige Seele.,jch meyne an einem wahnſinnigen oder aberwitzigen wird man das jnne welch ein herrliche gabe gottes es ſey vmb eine vernuͤnfftige seele,ich meyne an einem wahnsinnigen oder aberwitzigen wird man das inne welch ein herrliche gabe gottes es sey umb eine uernunfftige seele
511317,body,54,0,False,[22],"Ach wie ein herrlich Liecht der Welt iſt Lumen hierarchicum, wenn Gott der HErr in Weltlichem Stande/ der Obrigkeit erlauchte Perſonen/ das iſt/ ſo einen Regenten giebt/ der mit Weißheit vnd Rath den Vnterthanen vorleuchtet/ Syr. 10. Das heiſt eine Leichte in Jſrael/ wie von David 2. Sam. 21. von Eſther vnd Mardochai ſtehet/ Eſth. 8. Wenn Gott der Herr im Lehrſtande reine/ vnd richtige Prædicanten in der Kirchen/ auch Profeſſores in den Schulen/ vnd denn ſonſten in allen Faculteten wol qualificirte Practicos giebt.",ach wie ein herrlich liecht der welt iſt lumen hierarchicum wenn gott der herr in weltlichem stande der obrigkeit erlauchte perſonen das iſt ſo einen regenten giebt der mit weißheit vnd rath den vnterthanen vorleuchtet syr das heiſt eine leichte in jſrael wie von david sam von eſther vnd mardochai ſtehet eſth wenn gott der herr im lehrſtande reine vnd richtige prædicanten in der kirchen auch profeſſores in den schulen vnd denn ſonſten in allen faculteten wol qualificirte practicos giebt,ach wie ein herrlich liecht der welt ist lumen hierarchicum wenn gott der herr in weltlichem stande der obrigkeit erlauchte personen das ist so einen regenten giebt der mit weissheit und rath den unterthanen uorleuchtet syr das heist eine leichte in israel wie uon dauid sam uon esther und mardochai stehet esth wenn gott der herr im lehrstande reine und richtige praedicanten in der kirchen auch professores in den schulen und denn sonsten in allen faculteten wol qualificirte practicos giebt
511317,body,54,1,True,[23],"O die heiſſen auch Lucernæ ardentes, Johan. 5. die heiſſen Lumina mundi, Matth. 5. Wenn Gott der HErr im Haußſtande einem ein frommen vnd getrewen Ehgenos giebt/ Ey das iſt eine zierde im Hauſe/ wie die Sonne am hohen Himmel eine zierde iſt/ in jhrem auff gange/ Vnd wie die helle Lampe auff dem heiligen Leichter im Tempel Gottes/ Syr. 26. O wol dem Lande/ O wol der Stad/ dem Hauſe in Ewigkeit/ wenn ſolche luminaria in denſelbten funden werden.",o die heiſſen auch lucernæ ardentes johan die heiſſen lumina mundi matth wenn gott der herr im haußſtande einem ein frommen vnd getrewen ehgenos giebt ey das iſt eine zierde im hauſe wie die sonne am hohen himmel eine zierde iſt in jhrem auff gange vnd wie die helle lampe auff dem heiligen leichter im tempel gottes syr o wol dem lande o wol der stad dem hauſe in ewigkeit wenn ſolche luminaria in denſelbten funden werden,o die heissen auch lucernae ardentes iohan die heissen lumina mundi matth wenn gott der herr im haussstande einem ein frommen und getrewen ehgenos giebt ey das ist eine zierde im hause wie die sonne am hohen himmel eine zierde ist in ihrem auff gange und wie die helle lampe auff dem heiligen leichter im tempel gottes syr o wol dem lande o wol der stad dem hause in ewigkeit wenn solche luminaria in denselbten funden werden
511317,body,55,0,False,[23],"Ach wie ein herrlich Liecht iſt Lumen Angelicum, da der Ewig herrſchende HErre Zebaoth die helle glaͤntzende Seraphim/ die liebe Engelein/ als ſtarcke Helden/ Pſal. 103. Als heilige Waͤchter/ Dan. 4. zu der Menſchen dienſt in allen Orden vnd Staͤnden/ der Chriſtenheit zu Nutz vnd Schutz aus ſendet/ wie Pſal. 34. vnd 91. Matth. 18. Heb. 1. Die klaren Spruͤche vnd ſonſten die vnzehlichen experimenten bezeugen.",ach wie ein herrlich liecht iſt lumen angelicum da der ewig herrſchende herre zebaoth die helle glaͤntzende seraphim die liebe engelein als ſtarcke helden pſal als heilige waͤchter dan zu der menſchen dienſt in allen orden vnd staͤnden der chriſtenheit zu nutz vnd schutz aus ſendet wie pſal vnd matth heb die klaren spruͤche vnd ſonſten die vnzehlichen experimenten bezeugen,ach wie ein herrlich liecht ist lumen angelicum da der ewig herrschende herre zebaoth die helle glantzende seraphim die liebe engelein als starcke helden psal als heilige wachter dan zu der menschen dienst in allen orden und standen der christenheit zu nutz und schutz aus sendet wie psal und matth heb die klaren spruche und sonsten die unzehlichen experimenten bezeugen
511317,body,55,1,False,[23],Ja freylich ſind das alles ſolche Liechter/ davon wir gar wol die Prophetiſchen Davids worte gebrauchen moͤgen/ Pſal. 116. Wie ſol ich dem HErrn vergelten/ alles was er guts an mir gethan hat?,ja freylich ſind das alles ſolche liechter davon wir gar wol die prophetiſchen davids worte gebrauchen moͤgen pſal wie ſol ich dem herrn vergelten alles was er guts an mir gethan hat,ia freylich sind das alles solche liechter dauon wir gar wol die prophetischen dauids worte gebrauchen mogen psal wie sol ich dem herrn uergelten alles was er guts an mir gethan hat
511317,body,55,2,False,[24],Aber doch reichen ſie nun vnd nimmermehr an das Liecht/ davon in vnſerm heutigen Leichthemate der HErr Jeſus ſaget: Jch bin das Liecht der Welt.,aber doch reichen ſie nun vnd nimmermehr an das liecht davon in vnſerm heutigen leichthemate der herr jeſus ſaget jch bin das liecht der welt,aber doch reichen sie nun und nimmermehr an das liecht dauon in unserm heutigen leichthemate der herr iesus saget ich bin das liecht der welt
511317,body,55,3,True,[24],"Denn wenn wir nu in heiliger Schrifft nachſuchen/ warumb der HErr Jeſus Jhme dieſen Ehrentittel attribuire, O ſo befinden ſich ſolche rationes die keinem andern/ weder im Himmel/ noch auff Erden/ zugemeſſen werden koͤnnen.",denn wenn wir nu in heiliger schrifft nachſuchen warumb der herr jeſus jhme dieſen ehrentittel attribuire o ſo befinden ſich ſolche rationes die keinem andern weder im himmel noch auff erden zugemeſſen werden koͤnnen,denn wenn wir nu in heiliger schrifft nachsuchen warumb der herr iesus ihme diesen ehrentittel attribuire o so befinden sich solche rationes die keinem andern weder im himmel noch auff erden zugemessen werden konnen
511317,body,56,0,False,[24],"Freylich iſt der HErr Jeſus das Liecht der Welt: Divina ſubſiſtentia, Alldieweil Er ja eines iſt mit Gott dem Vater/ Johan. 10. Eines mit Vater vnd heiligem Geiſt/ 1. Joh. 5. Nun aber iſt es wahr/ was 1. Joh. 1. ſtehet: Deus lux eſt, Gott iſt ein Liecht/ vnd wie S. Jacobus ſchreibet: Er iſt Pater luminum, ſo ein Vater des Liechtes/ daß bey jhme kein abwechſelung des Liechtes vnd der Finſternis iſt/ Jacob. 1. das iſt/ Gott iſt ein gantz reines vnd heiliges Weſen/ eine ewige Klarheit/ vnd Herrligkeit.",freylich iſt der herr jeſus das liecht der welt divina ſubſiſtentia alldieweil er ja eines iſt mit gott dem vater johan eines mit vater vnd heiligem geiſt joh nun aber iſt es wahr was joh ſtehet deus lux eſt gott iſt ein liecht vnd wie s jacobus ſchreibet er iſt pater luminum ſo ein vater des liechtes daß bey jhme kein abwechſelung des liechtes vnd der finſternis iſt jacob das iſt gott iſt ein gantz reines vnd heiliges weſen eine ewige klarheit vnd herrligkeit,freylich ist der herr iesus das liecht der welt diuina subsistentia alldieweil er ia eines ist mit gott dem uater iohan eines mit uater und heiligem geist ioh nun aber ist es wahr was ioh stehet deus lux est gott ist ein liecht und wie s iacobus schreibet er ist pater luminum so ein uater des liechtes dass bey ihme kein abwechselung des liechtes und der finsternis ist iacob das ist gott ist ein gantz reines und heiliges wesen eine ewige klarheit und herrligkeit
511317,body,56,1,False,[24],"Liecht iſt ſein Kleid/ Pſalm 104. Er wohnet in einem Liecht/ da niemand zukommen kan/ 1. Timoth. 6. Freylich iſt daher der Herr Jeſus waͤhrer vnd weſentlicher Gott/ ſintemal er ja iſt Dominus gloriæ, 1. Corinth. 2. er iſt ſplendor gloriæ, & character divinæ ſubſtantiæ, Heb. 1. Der Glantz der Herrligkeit/ vnd das ebenbild des Goͤttlichen weſens. er iſt das ebenbild des vnſichtbaren Gottes/ Coloſſ. 1. Daher er/ Joh. 14. proteſtiret, Wer Mich ſihet/ der ſihet den Vater.",liecht iſt ſein kleid pſalm er wohnet in einem liecht da niemand zukommen kan timoth freylich iſt daher der herr jeſus waͤhrer vnd weſentlicher gott ſintemal er ja iſt dominus gloriæ corinth er iſt ſplendor gloriæ & character divinæ ſubſtantiæ heb der glantz der herrligkeit vnd das ebenbild des goͤttlichen weſens er iſt das ebenbild des vnſichtbaren gottes coloſſ daher er joh proteſtiret wer mich ſihet der ſihet den vater,liecht ist sein kleid psalm er wohnet in einem liecht da niemand zukommen kan timoth freylich ist daher der herr iesus wahrer und wesentlicher gott sintemal er ia ist dominus gloriae corinth er ist splendor gloriae et character diuinae substantiae heb der glantz der herrligkeit und das ebenbild des gottlichen wesens er ist das ebenbild des unsichtbaren gottes coloss daher er ioh protestiret wer mich sihet der sihet den uater
511317,body,56,2,False,[24],"Das Symbolum Nicenum, ſaget von dem Herrn Jeſu: Er ſey Lumen de lumine, Deus verus de Deo vero.",das symbolum nicenum ſaget von dem herrn jeſu er ſey lumen de lumine deus verus de deo vero,das symbolum nicenum saget uon dem herrn iesu er sey lumen de lumine deus uerus de deo uero
511317,body,56,3,True,[25],"Mercke dir das/ O du Chriſten Hertze/ zu beſtaͤrckung deines Glaubens/ damit nicht der Helliſche Lælaps, dis herrliche Liecht in deinen Gedancken verblaſe/ das iſt/ daß er dich nicht in dieſem Articul von der wahren vnd ewigen Gottheit des Herrn Jeſu jrre/ vnd wirre mache/ wie er ſich zu allen Zeiten zum hoͤchſten bemuͤhet.",mercke dir das o du chriſten hertze zu beſtaͤrckung deines glaubens damit nicht der helliſche lælaps dis herrliche liecht in deinen gedancken verblaſe das iſt daß er dich nicht in dieſem articul von der wahren vnd ewigen gottheit des herrn jeſu jrre vnd wirre mache wie er ſich zu allen zeiten zum hoͤchſten bemuͤhet,mercke dir das o du christen hertze zu bestarckung deines glaubens damit nicht der hellische laelaps dis herrliche liecht in deinen gedancken uerblase das ist dass er dich nicht in diesem articul uon der wahren und ewigen gottheit des herrn iesu irre und wirre mache wie er sich zu allen zeiten zum hochsten bemuhet
511317,body,57,0,False,[25],Freylich iſt der Herr Jeſus das Liecht der Welt/ Humanitatis glorificatæ eminentia.,freylich iſt der herr jeſus das liecht der welt humanitatis glorificatæ eminentia,freylich ist der herr iesus das liecht der welt humanitatis glorificatae eminentia
511317,body,57,1,False,[25],Alldieweil Er jhme die Menſchliche Natur/ das iſt/ vollkommene Leib vnd Seel/ in dem Jungfraͤwlichen Marien Leibe Perſoͤnlich vereiniget/ vnd alſo auch hiermit alle der Goͤttlichen Herrligkeit in der That vnd Wahrheit theilhafftig gemacht hat.,alldieweil er jhme die menſchliche natur das iſt vollkommene leib vnd seel in dem jungfraͤwlichen marien leibe perſoͤnlich vereiniget vnd alſo auch hiermit alle der goͤttlichen herrligkeit in der that vnd wahrheit theilhafftig gemacht hat,alldieweil er ihme die menschliche natur das ist uollkommene leib und seel in dem iungfrawlichen marien leibe personlich uereiniget und also auch hiermit alle der gottlichen herrligkeit in der that und wahrheit theilhafftig gemacht hat
511317,body,57,2,False,[25],Darumben dann S. Johannes der Evangeliſt von dem Herrn Jeſu/ wie der im Gelobten Lande vmbher gezogen/ wie der ſich mit Lehr/ vnd Wundern erwieſen/ ſaget/ Cap. 1. Wir ſahen ſeine Herrligkeit/ eine Herrligkeit/ als des eingebornen Sohnes vom Vater.,darumben dann s johannes der evangeliſt von dem herrn jeſu wie der im gelobten lande vmbher gezogen wie der ſich mit lehr vnd wundern erwieſen ſaget cap wir ſahen ſeine herrligkeit eine herrligkeit als des eingebornen sohnes vom vater,darumben dann s iohannes der euangelist uon dem herrn iesu wie der im gelobten lande umbher gezogen wie der sich mit lehr und wundern erwiesen saget cap wir sahen seine herrligkeit eine herrligkeit als des eingebornen sohnes uom uater
511317,body,57,3,False,[25],Die Klarheit/ darinne der Sohn Gottes in Ewigkeit bey ſeinem himliſchen Vater gefuͤnckelt vnd geleuchtet/ die hat ſich in/ vnd an ſeiner angenommenen Menſchlichen Natur mehr vnd mehr offenbahret/ Johan. 2. vnd 17. Von dem gecreutzigten vnd wieder Aufferweckten Herrn Jeſu ſtehet/ daß Jhn Gott erhoͤhet/ vnd Jhm einen Nahmen gegeben/ der vber alle Nahmen iſt/ daß im Nahmen Jeſu ſich beugen muͤſſen alle Knie/ derer die im Himmel/ auff Erden/ vnd vnter der Erden ſind/ vnd alle Zungen bekennen/ das Jeſus Chriſtus der Herr ſey in der Ehre Gottes des Vaters.,die klarheit darinne der sohn gottes in ewigkeit bey ſeinem himliſchen vater gefuͤnckelt vnd geleuchtet die hat ſich in vnd an ſeiner angenommenen menſchlichen natur mehr vnd mehr offenbahret johan vnd von dem gecreutzigten vnd wieder aufferweckten herrn jeſu ſtehet daß jhn gott erhoͤhet vnd jhm einen nahmen gegeben der vber alle nahmen iſt daß im nahmen jeſu ſich beugen muͤſſen alle knie derer die im himmel auff erden vnd vnter der erden ſind vnd alle zungen bekennen das jeſus chriſtus der herr ſey in der ehre gottes des vaters,die klarheit darinne der sohn gottes in ewigkeit bey seinem himlischen uater gefunckelt und geleuchtet die hat sich in und an seiner angenommenen menschlichen natur mehr und mehr offenbahret iohan und uon dem gecreutzigten und wieder aufferweckten herrn iesu stehet dass ihn gott erhohet und ihm einen nahmen gegeben der uber alle nahmen ist dass im nahmen iesu sich beugen mussen alle knie derer die im himmel auff erden und unter der erden sind und alle zungen bekennen das iesus christus der herr sey in der ehre gottes des uaters
511317,body,57,4,False,[26],"Dencke O du Chriſtglaͤubige Seele/ da der HErre Jeſus in den Tagen ſeines Wandels auff Erden/ ſich nur ein wenig fuͤr ſeinen Juͤngern verklaͤret auff dem heiligen Berge/ Matth. 17. Da leuchtete ſein Angeſicht wie die Sonne: Wie viel/ O wie viel mehr wird Er denn nu leuchten/ da er am Tage ſeiner Himmelfarth geſeſſen iſt zur Rechten der Goͤttlichen Majeſtaͤt/ Hebr. 1. Epheſ. 1. Da Er mit Schmuck vnd Ehren gekroͤnet iſt/ Pſalm 8. Dis kanſtu mercken/ an dem wunderbahren Ehrenglantz/ darinnen Er dem ſchnaubenden Saul er ſcheinet/ Act. 9. Vnd vnter den guͤldenen Kirchen Leuchtern geſehen wird/ Apoc. 1. Frewe dich deſſen du Chriſten Menſch/ vñ mercke die das zuerweckung eines ſehnlichen verlangens nach dem ewigen Leben/ da deine Augen werden deinen Koͤnig in ſeinem Schmuck ſehen/ Eſa. 33. Frewete ſich doch die Koͤnigin aus dem Reich Arabia vber dem anblick der herrligkeit Salomonis 1. Reg. 10. Hier aber iſt mehr denn Salomo/ Matt. 12. O ja Videbis & gaudebis, du wirſt deinen Heiland Jeſum Chriſtum ſehen/ vnnd dein Hertze wird ſich frewen/ Joh. 16. Du wirſt dich frewen mit vnausſprechlicher Frewde/ wenn er wird offenbar werden in ſeiner Herrligkeit/ 1. Petr. 1. vnd 4. cap. Darnach ſehnete ſich Job in ſeinem Leiden/ Cap. 19. David in ſeiner Truͤbſal/ Pſal. 42. Johannes in ſeinem Elend/ 1. Joh. 3. Darnach wuͤntſchet Auguſtinus; Moriar Domine, ut te videam, nolo vivere, volo mori, ut videam Dominum meum.",dencke o du chriſtglaͤubige seele da der herre jeſus in den tagen ſeines wandels auff erden ſich nur ein wenig fuͤr ſeinen juͤngern verklaͤret auff dem heiligen berge matth da leuchtete ſein angeſicht wie die sonne wie viel o wie viel mehr wird er denn nu leuchten da er am tage ſeiner himmelfarth geſeſſen iſt zur rechten der goͤttlichen majeſtaͤt hebr epheſ da er mit schmuck vnd ehren gekroͤnet iſt pſalm dis kanſtu mercken an dem wunderbahren ehrenglantz darinnen er dem ſchnaubenden saul er ſcheinet act vnd vnter den guͤldenen kirchen leuchtern geſehen wird apoc frewe dich deſſen du chriſten menſch vñ mercke die das zuerweckung eines ſehnlichen verlangens nach dem ewigen leben da deine augen werden deinen koͤnig in ſeinem schmuck ſehen eſa frewete ſich doch die koͤnigin aus dem reich arabia vber dem anblick der herrligkeit salomonis reg hier aber iſt mehr denn salomo matt o ja videbis & gaudebis du wirſt deinen heiland jeſum chriſtum ſehen vnnd dein hertze wird ſich frewen joh du wirſt dich frewen mit vnausſprechlicher frewde wenn er wird offenbar werden in ſeiner herrligkeit petr vnd cap darnach ſehnete ſich job in ſeinem leiden cap david in ſeiner truͤbſal pſal johannes in ſeinem elend joh darnach wuͤntſchet auguſtinus moriar domine ut te videam nolo vivere volo mori ut videam dominum meum,dencke o du christglaubige seele da der herre iesus in den tagen seines wandels auff erden sich nur ein wenig fur seinen iungern uerklaret auff dem heiligen berge matth da leuchtete sein angesicht wie die sonne wie uiel o wie uiel mehr wird er denn nu leuchten da er am tage seiner himmelfarth gesessen ist zur rechten der gottlichen maiestat hebr ephes da er mit schmuck und ehren gekronet ist psalm dis kanstu mercken an dem wunderbahren ehrenglantz darinnen er dem schnaubenden saul er scheinet act und unter den guldenen kirchen leuchtern gesehen wird apoc frewe dich dessen du christen mensch und mercke die das zuerweckung eines sehnlichen uerlangens nach dem ewigen leben da deine augen werden deinen konig in seinem schmuck sehen esa frewete sich doch die konigin aus dem reich arabia uber dem anblick der herrligkeit salomonis reg hier aber ist mehr denn salomo matt o ia uidebis et gaudebis du wirst deinen heiland iesum christum sehen unnd dein hertze wird sich frewen ioh du wirst dich frewen mit unaussprechlicher frewde wenn er wird offenbar werden in seiner herrligkeit petr und cap darnach sehnete sich iob in seinem leiden cap dauid in seiner trubsal psal iohannes in seinem elend ioh darnach wuntschet augustinus moriar domine ut te uideam nolo uiuere uolo mori ut uideam dominum meum
511317,body,57,5,True,[27],So ſeufftzet die gantze werthe Chriſtenheit/ Vnd wir jhr/ M. G. ſeufftzen auch mit jhr:,so ſeufftzet die gantze werthe chriſtenheit vnd wir jhr m g ſeufftzen auch mit jhr,so seufftzet die gantze werthe christenheit und wir ihr m g seufftzen auch mit ihr
511317,body,58,0,False,[27],Eyl lieber HErr/ eyl zum Gericht/,eyl lieber herr eyl zum gericht,eyl lieber herr eyl zum gericht
511317,body,58,1,False,[27],Laß ſehn dein herrlich Angeſicht.,laß ſehn dein herrlich angeſicht,lass sehn dein herrlich angesicht
511317,body,58,2,False,[27],Das weſen der Dreyfaltigkeit/,das weſen der dreyfaltigkeit,das wesen der dreyfaltigkeit
511317,body,58,3,True,[27],Daß wir dich lobn in Ewigkeit.,daß wir dich lobn in ewigkeit,dass wir dich lobn in ewigkeit
511317,body,59,0,False,[27],Ey nu HErre ſteh vns bey auff Erden/,ey nu herre ſteh vns bey auff erden,ey nu herre steh uns bey auff erden
511317,body,59,1,False,[27],Bereit vns daß wir wuͤrdig werden,bereit vns daß wir wuͤrdig werden,bereit uns dass wir wurdig werden
511317,body,59,2,True,[27],Zu ſchawen in Ewigkeit Deine Herrligkeit.,zu ſchawen in ewigkeit deine herrligkeit,zu schawen in ewigkeit deine herrligkeit
511317,body,60,0,False,[27],"Freylich iſt der HErr Jeſus das Liecht der Welt/ Creationis potentia, Alldieweil er ja ſampt Gott ſeinem Vater vnd H. Geiſt/ im anfang der Schoͤpffung das Liecht heiſſen aus der Finſternis herfuͤr leuchten/ Gen. 1. Joh. 1. Darumben jhm auch die Angeli lucis, in jhrem himliſchen Ehrenglantz auffwarten/ Luc. 2. Matth. 24. vnd 28. Act. 1. ꝛc. Darumben jhm die Sternen/ Matth. 2. die Sonne/ Matth. 27. famuliret.",freylich iſt der herr jeſus das liecht der welt creationis potentia alldieweil er ja ſampt gott ſeinem vater vnd h geiſt im anfang der schoͤpffung das liecht heiſſen aus der finſternis herfuͤr leuchten gen joh darumben jhm auch die angeli lucis in jhrem himliſchen ehrenglantz auffwarten luc matth vnd act ꝛc darumben jhm die sternen matth die sonne matth famuliret,freylich ist der herr iesus das liecht der welt creationis potentia alldieweil er ia sampt gott seinem uater und h geist im anfang der schopffung das liecht heissen aus der finsternis herfur leuchten gen ioh darumben ihm auch die angeli lucis in ihrem himlischen ehrenglantz auffwarten luc matth und act c darumben ihm die sternen matth die sonne matth famuliret
511317,body,60,1,False,[27],"Wie die Kirche Gottes in jhrem Weihenachtliede davon ſinget: Cui Sol & æthera, luna & ſidera, vernant per tempora.",wie die kirche gottes in jhrem weihenachtliede davon ſinget cui sol & æthera luna & ſidera vernant per tempora,wie die kirche gottes in ihrem weihenachtliede dauon singet cui sol et aethera luna et sidera uernant per tempora
511317,body,60,2,True,[27],Der Himmel/ die Erd/ vnd das Meer/ das gantz himliſche Heer/ dienet ſeiner Ehr.,der himmel die erd vnd das meer das gantz himliſche heer dienet ſeiner ehr,der himmel die erd und das meer das gantz himlische heer dienet seiner ehr
511317,body,61,0,False,[27],Freylich iſt der Herr Jeſus das warhafftige Liecht der Welt/ eruditionis ſanctimonia.,freylich iſt der herr jeſus das warhafftige liecht der welt eruditionis ſanctimonia,freylich ist der herr iesus das warhafftige liecht der welt eruditionis sanctimonia
511317,body,61,1,False,[27],Alldieweil er vns dieſe vberſchwenckliche groſſe Wolthat erweiſet/ vnd offenbahret vns das wahre ſehligmachende erkentnis Gottes/ beydes nach ſeinem Weſen/ vnd denn nach ſeinem Rath vnd Willen.,alldieweil er vns dieſe vberſchwenckliche groſſe wolthat erweiſet vnd offenbahret vns das wahre ſehligmachende erkentnis gottes beydes nach ſeinem weſen vnd denn nach ſeinem rath vnd willen,alldieweil er uns diese uberschwenckliche grosse wolthat erweiset und offenbahret uns das wahre sehligmachende erkentnis gottes beydes nach seinem wesen und denn nach seinem rath und willen
511317,body,61,2,False,[28],Denckt jhr M. G. es ſind alle Menſchen Natuͤrlich eytel/ die von Gott nichts wiſſen/ Sap. 13. Roman. 1. Der Natuͤrliche Menſch weis nichts vom Geiſte Gottes/ 1. Cor. 2. Gar vnbegreifflich ſind ſeine Gerichte/ Gar vnerforſchlich ſind ſeine Wege/ Rom. 11. Nun aber ſihe/ der Sohn/ der in des Vaters Schos iſt/ der hats vns offenbahret/ Joh. 1. Alles/ ſpricht er/ Joh. 15. was ich von meinem Vater gehoͤret habe/ das habe ich euch kund gethan.,denckt jhr m g es ſind alle menſchen natuͤrlich eytel die von gott nichts wiſſen sap roman der natuͤrliche menſch weis nichts vom geiſte gottes cor gar vnbegreifflich ſind ſeine gerichte gar vnerforſchlich ſind ſeine wege rom nun aber ſihe der sohn der in des vaters schos iſt der hats vns offenbahret joh alles ſpricht er joh was ich von meinem vater gehoͤret habe das habe ich euch kund gethan,denckt ihr m g es sind alle menschen naturlich eytel die uon gott nichts wissen sap roman der naturliche mensch weis nichts uom geiste gottes cor gar unbegreifflich sind seine gerichte gar unerforschlich sind seine wege rom nun aber sihe der sohn der in des uaters schos ist der hats uns offenbahret ioh alles spricht er ioh was ich uon meinem uater gehoret habe das habe ich euch kund gethan
511317,body,61,3,True,[28],Was kein Auge geſehen/ kein Ohr gehoͤret/ vnd in keines Menſchen Hertz kommen iſt: Von der ſeligkeit der Kinder Gottes/ das iſt vns offenbahret/ 1. Corinth. 2. Singe/ du Chriſten Hertz/ Singe mit frewdigem auffthun deines Mundes:,was kein auge geſehen kein ohr gehoͤret vnd in keines menſchen hertz kommen iſt von der ſeligkeit der kinder gottes das iſt vns offenbahret corinth singe du chriſten hertz singe mit frewdigem auffthun deines mundes,was kein auge gesehen kein ohr gehoret und in keines menschen hertz kommen ist uon der seligkeit der kinder gottes das ist uns offenbahret corinth singe du christen hertz singe mit frewdigem auffthun deines mundes
511317,body,62,0,True,[28],Er hat vns wiſſen laſſen,er hat vns wiſſen laſſen,er hat uns wissen lassen
511317,body,63,0,True,[28],Sein heimlich Recht vnd ſein Gericht/,sein heimlich recht vnd ſein gericht,sein heimlich recht und sein gericht
511317,body,64,0,True,[28],Dazu ſein Guͤtt ohn maſſen/,dazu ſein guͤtt ohn maſſen,dazu sein gutt ohn massen
511317,body,65,0,True,[28],Es mangelt an ſeiner erbarmung nicht.,es mangelt an ſeiner erbarmung nicht,es mangelt an seiner erbarmung nicht
511317,body,66,0,True,[28],"Nicht allein aber hat der Herre Jeſus ſolches gethan immediatè, als er in eigener Perſon/ im gelobten Lande vmbher gezogen/ vnd gelehret in jhren Schulen/ Matth. 4. Nicht allein hat ers gethan/ mit auſſendung ſeiner außerwehlten Apoſtel in alle Welt/ Matth. 28. Marc. 16. Sondern er thut es auch noch/ vermittels der Schrifft vnd Predigt ſeines heiligen Wortes/ das ſol vns ſeyn/ wie ein heller Morgenſtern im Hertzen/ 2. Petr. 1. Daher ſollen wir haben erleuchtete Augen des Verſtandes/ Epheſ. 1. Das ſol vns ein ſcheinen des Liecht ſeyn/ darauff wir achten in der Finſternis dieſer Welt/ 2. Petr. 1. Das ſol vns ſeyn/ wie die Kirche Gottes ſinget aus dem 19. vnd 119. Pſalm:",nicht allein aber hat der herre jeſus ſolches gethan immediatè als er in eigener perſon im gelobten lande vmbher gezogen vnd gelehret in jhren schulen matth nicht allein hat ers gethan mit auſſendung ſeiner außerwehlten apoſtel in alle welt matth marc sondern er thut es auch noch vermittels der schrifft vnd predigt ſeines heiligen wortes das ſol vns ſeyn wie ein heller morgenſtern im hertzen petr daher ſollen wir haben erleuchtete augen des verſtandes epheſ das ſol vns ein ſcheinen des liecht ſeyn darauff wir achten in der finſternis dieſer welt petr das ſol vns ſeyn wie die kirche gottes ſinget aus dem vnd pſalm,nicht allein aber hat der herre iesus solches gethan immediate als er in eigener person im gelobten lande umbher gezogen und gelehret in ihren schulen matth nicht allein hat ers gethan mit aussendung seiner ausserwehlten apostel in alle welt matth marc sondern er thut es auch noch uermittels der schrifft und predigt seines heiligen wortes das sol uns seyn wie ein heller morgenstern im hertzen petr daher sollen wir haben erleuchtete augen des uerstandes ephes das sol uns ein scheinen des liecht seyn darauff wir achten in der finsternis dieser welt petr das sol uns seyn wie die kirche gottes singet aus dem und psalm
511317,body,67,0,True,[29],Mein Fuͤſſen iſt dein heiliges Wort/,mein fuͤſſen iſt dein heiliges wort,mein fussen ist dein heiliges wort
511317,body,68,0,True,[29],Ein brennende Lucerne/,ein brennende lucerne,ein brennende lucerne
511317,body,69,0,True,[29],Ein Liecht das mir den Weg weiſt fort/,ein liecht das mir den weg weiſt fort,ein liecht das mir den weg weist fort
511317,body,70,0,True,[29],So dieſer Morgenſterne:,so dieſer morgenſterne,so dieser morgensterne
511317,body,71,0,True,[29],Jn vns auffgeht/,jn vns auffgeht,in uns auffgeht
511317,body,72,0,True,[29],So bald verſteht,so bald verſteht,so bald uersteht
511317,body,73,0,True,[29],Der Menſch die hohen Gaben/,der menſch die hohen gaben,der mensch die hohen gaben
511317,body,74,0,True,[29],Die Gottes Geiſt/,die gottes geiſt,die gottes geist
511317,body,75,0,True,[29],Den gwis verheiſt/,den gwis verheiſt,den gwis uerheist
511317,body,76,0,True,[29],Die Hoffnung darein haben.,die hoffnung darein haben,die hoffnung darein haben
511317,body,77,0,False,[29],"Hieher nun/ du Chriſten Hertz/ damit du nicht in deinem Glauben vnd Leben auff ſchaͤdliche Jrrwege geratheſt/ ad legem & teſtimonium, O halt dich an das Geſetz/ vnd Zeugnis Gottes/ Eſa. 8. Venite, ambulemus in lumine Dei.",hieher nun du chriſten hertz damit du nicht in deinem glauben vnd leben auff ſchaͤdliche jrrwege geratheſt ad legem & teſtimonium o halt dich an das geſetz vnd zeugnis gottes eſa venite ambulemus in lumine dei,hieher nun du christen hertz damit du nicht in deinem glauben und leben auff schadliche irrwege gerathest ad legem et testimonium o halt dich an das gesetz und zeugnis gottes esa uenite ambulemus in lumine dei
511317,body,77,1,False,[29],"Kompt/ ſpricht Eſaias/ laſt vns Wandeln im Liecht des HErrn/ Eſa. 2. Ecce verum lumen jam lucet, rufft S. Johannes 1. Joh. 2. O ſo wandelt nu/ dieweil jhr das Liecht habt/ Joh. 12. O betet ja hertzlich vmb erhaltung dieſes Liechtes/ mit Jeremia cap. 15. O HErr erhalt vns dein Wort/ denn das iſt vnſers Hertzens Frewde vnd Troſt.",kompt ſpricht eſaias laſt vns wandeln im liecht des herrn eſa ecce verum lumen jam lucet rufft s johannes joh o ſo wandelt nu dieweil jhr das liecht habt joh o betet ja hertzlich vmb erhaltung dieſes liechtes mit jeremia cap o herr erhalt vns dein wort denn das iſt vnſers hertzens frewde vnd troſt,kompt spricht esaias last uns wandeln im liecht des herrn esa ecce uerum lumen iam lucet rufft s iohannes ioh o so wandelt nu dieweil ihr das liecht habt ioh o betet ia hertzlich umb erhaltung dieses liechtes mit ieremia cap o herr erhalt uns dein wort denn das ist unsers hertzens frewde und trost
511317,body,77,2,True,[29],Mit den Emmauntiſchen Wandersleuten/ Luc. 24.,mit den emmauntiſchen wandersleuten luc,mit den emmauntischen wandersleuten luc
511317,body,78,0,True,[29],"Veſpera jam venit, nobiſcum Chriſte maneto,",veſpera jam venit nobiſcum chriſte maneto,uespera iam uenit nobiscum christe maneto
511317,body,79,0,True,[29],Extingui lucem ne patiare tuam.,extingui lucem ne patiare tuam,extingui lucem ne patiare tuam
511317,body,80,0,True,[29],Ach bleib bey vns HErr Jeſu Chriſt/,ach bleib bey vns herr jeſu chriſt,ach bleib bey uns herr iesu christ
511317,body,81,0,True,[29],Weil es nun Abend worden iſt.,weil es nun abend worden iſt,weil es nun abend worden ist
511317,body,82,0,True,[29],Dein Wort das helle klare Liecht/,dein wort das helle klare liecht,dein wort das helle klare liecht
511317,body,83,0,True,[29],Laß ja bey vns außleſchen nicht.,laß ja bey vns außleſchen nicht,lass ia bey uns aussleschen nicht
511317,body,84,0,True,[29],Jn dieſer letzten detruͤbten Zeit/,jn dieſer letzten detruͤbten zeit,in dieser letzten detrubten zeit
511317,body,85,0,True,[29],Berley vns HErr beſtaͤndigkeit:,berley vns herr beſtaͤndigkeit,berley uns herr bestandigkeit
511317,body,86,0,True,[30],Daß wir dein Wort vnd Sacrament,daß wir dein wort vnd sacrament,dass wir dein wort und sacrament
511317,body,87,0,True,[30],Rein bhalten biß an vnſer End.,rein bhalten biß an vnſer end,rein bhalten biss an unser end
511317,body,88,0,False,[30],"Reiſenden Leuten kommen offte Ignes fatui, ſchaͤdliche Jrrwiſche/ oder ſpringende Liechtlein fuͤr die Augen/ beſonders an wuͤſten Orten/ dadurch ſie weit aus dem rechten Wege/ vnd offte in Leibes vnd Lebens gefaͤhrligkeit verfuͤhret werden.",reiſenden leuten kommen offte ignes fatui ſchaͤdliche jrrwiſche oder ſpringende liechtlein fuͤr die augen beſonders an wuͤſten orten dadurch ſie weit aus dem rechten wege vnd offte in leibes vnd lebens gefaͤhrligkeit verfuͤhret werden,reisenden leuten kommen offte ignes fatui schadliche irrwische oder springende liechtlein fur die augen besonders an wusten orten dadurch sie weit aus dem rechten wege und offte in leibes und lebens gefahrligkeit uerfuhret werden
511317,body,88,1,False,[30],Warlich ein Chriſten Menſch iſt in dieſer Welt nichts anders/ als ein Reiſemann/ in gar einer wilden vnd grauſamen Wuͤſten/ Vita viatoris quaſi tranſitus.,warlich ein chriſten menſch iſt in dieſer welt nichts anders als ein reiſemann in gar einer wilden vnd grauſamen wuͤſten vita viatoris quaſi tranſitus,warlich ein christen mensch ist in dieser welt nichts anders als ein reisemann in gar einer wilden und grausamen wusten uita uiatoris quasi transitus
511317,body,88,2,False,[30],"O da kommet jhm auch manch ignis futuus, manch falſch ſcheinendes Jrrliecht fuͤr/ das jhn gerne von dem ſchmalen Weg/ ſo zum Leben einfuͤhret/ ablocken vnd ableiten wolte.",o da kommet jhm auch manch ignis futuus manch falſch ſcheinendes jrrliecht fuͤr das jhn gerne von dem ſchmalen weg ſo zum leben einfuͤhret ablocken vnd ableiten wolte,o da kommet ihm auch manch ignis futuus manch falsch scheinendes irrliecht fur das ihn gerne uon dem schmalen weg so zum leben einfuhret ablocken und ableiten wolte
511317,body,88,3,False,[30],Wie ſich denn wol ehe der Teuffel in einen Engel des Liechtes verſtellet/ vnd noch ſeine Diener ſich in Prediger der Gerechtigkeit verſtellen/ 2. Cor. 11. Boͤſe geſchwaͤtz verterben gute Sitten/ 1. Cor. 15. Die boͤſen Exempla verterben einem das gute/ Vnd die reitzende Luſt verfuͤhret unſchuͤldige Hertzen/ Sap. 4. Ach die Welt kan gar zu liſtig ſeyn/ Jhr Gottlos weſen ſchmuͤcken fein.,wie ſich denn wol ehe der teuffel in einen engel des liechtes verſtellet vnd noch ſeine diener ſich in prediger der gerechtigkeit verſtellen cor boͤſe geſchwaͤtz verterben gute sitten cor die boͤſen exempla verterben einem das gute vnd die reitzende luſt verfuͤhret unſchuͤldige hertzen sap ach die welt kan gar zu liſtig ſeyn jhr gottlos weſen ſchmuͤcken fein,wie sich denn wol ehe der teuffel in einen engel des liechtes uerstellet und noch seine diener sich in prediger der gerechtigkeit uerstellen cor bose geschwatz uerterben gute sitten cor die bosen exempla uerterben einem das gute und die reitzende lust uerfuhret unschuldige hertzen sap ach die welt kan gar zu listig seyn ihr gottlos wesen schmucken fein
511317,body,88,4,True,[30],"Drumb wie S. Paulus warnet vnd ermahnet/ cautè am bulate, Sehet zu/ wie jhr fuͤrſichtiglich wandelt/ nicht als die Vnweiſen/ ſondern als die Weiſen/ Eph. 5. O meine Seele/ glaͤube nicht einem jeglichen Geiſt/ ſondern pruͤfe die Geiſter/ ob ſie aus Gott ſind/ 1. Joh. 4. Laß dich nicht/ O du vnſchuldiges Hertz/ laß dich nicht verfuͤhren/ durch ſuͤſſe Wort/ vnd praͤchtige Reden/ Rom. 16. Laß dich nicht verfuͤhren/ durch die/ ſo in Gleißnerey Luͤgenredner ſind/ 1. Tim. 4. Laß dich nicht verfuͤhren/ durch die Philoſophiam, vnd loſe verfuͤhrung/ Coloſſ. 2. Laß dich nicht verfuͤhren/ durch die/ ſo in eigener Wahl einher gehen/ in Demut vnd geiſtligkeit der Engel/ Coloſſ. 2.",drumb wie s paulus warnet vnd ermahnet cautè am bulate sehet zu wie jhr fuͤrſichtiglich wandelt nicht als die vnweiſen ſondern als die weiſen eph o meine seele glaͤube nicht einem jeglichen geiſt ſondern pruͤfe die geiſter ob ſie aus gott ſind joh laß dich nicht o du vnſchuldiges hertz laß dich nicht verfuͤhren durch ſuͤſſe wort vnd praͤchtige reden rom laß dich nicht verfuͤhren durch die ſo in gleißnerey luͤgenredner ſind tim laß dich nicht verfuͤhren durch die philoſophiam vnd loſe verfuͤhrung coloſſ laß dich nicht verfuͤhren durch die ſo in eigener wahl einher gehen in demut vnd geiſtligkeit der engel coloſſ,drumb wie s paulus warnet und ermahnet caute am bulate sehet zu wie ihr fursichtiglich wandelt nicht als die unweisen sondern als die weisen eph o meine seele glaube nicht einem ieglichen geist sondern prufe die geister ob sie aus gott sind ioh lass dich nicht o du unschuldiges hertz lass dich nicht uerfuhren durch susse wort und prachtige reden rom lass dich nicht uerfuhren durch die so in gleissnerey lugenredner sind tim lass dich nicht uerfuhren durch die philosophiam und lose uerfuhrung coloss lass dich nicht uerfuhren durch die so in eigener wahl einher gehen in demut und geistligkeit der engel coloss
511317,body,89,0,True,[31],Ey freylich/ ſo jemand anders lehret/ vnd bleibet nicht bey dem heilſamen Worten vnſers HErrn Jeſu Chriſti/ der iſt vorduͤſtert/ 1. Tim. 6. Wer vbertrit/ vnd bleibet nicht in der lehre Chriſti/ der hat keinen Gott/ 2. Joh. v. 9. So jemand anders euch Evangelium predigte/ als die außerwehlten Apoſtel des HErrn Jeſu gepredigt haben/ der iſt verflucht/ wenns auch ein Engel vom Himmel were/ Gal. 1. Ach bewahre vns ja vor ſolchen Jrrliechtern/ die groſſe Barmhertzigkeit Gottes.,ey freylich ſo jemand anders lehret vnd bleibet nicht bey dem heilſamen worten vnſers herrn jeſu chriſti der iſt vorduͤſtert tim wer vbertrit vnd bleibet nicht in der lehre chriſti der hat keinen gott joh v so jemand anders euch evangelium predigte als die außerwehlten apoſtel des herrn jeſu gepredigt haben der iſt verflucht wenns auch ein engel vom himmel were gal ach bewahre vns ja vor ſolchen jrrliechtern die groſſe barmhertzigkeit gottes,ey freylich so iemand anders lehret und bleibet nicht bey dem heilsamen worten unsers herrn iesu christi der ist uordustert tim wer ubertrit und bleibet nicht in der lehre christi der hat keinen gott ioh u so iemand anders euch euangelium predigte als die ausserwehlten apostel des herrn iesu gepredigt haben der ist uerflucht wenns auch ein engel uom himmel were gal ach bewahre uns ia uor solchen irrliechtern die grosse barmhertzigkeit gottes
511317,body,90,0,False,[31],"Freylich iſt der HErr Jeſus Lux mundi, das wahre Liecht der Welt: Operum efficientia.",freylich iſt der herr jeſus lux mundi das wahre liecht der welt operum efficientia,freylich ist der herr iesus lux mundi das wahre liecht der welt operum efficientia
511317,body,90,1,False,[31],Er leuchtet vns fuͤr mit ſeinem Exempel in ſeinem gantzẽ Lebenslauff.,er leuchtet vns fuͤr mit ſeinem exempel in ſeinem gantzẽ lebenslauff,er leuchtet uns fur mit seinem exempel in seinem gantzen lebenslauff
511317,body,90,2,False,[31],"Omnis Chriſti actio, eſt noſtra inſtitutio, das ſaget der HErr Jeſus ſelbſt/ Matth. 11. Lernet von mir/ denn ich bin Sanfftmuͤthig/ vnd von Hertzen Demuͤtig.",omnis chriſti actio eſt noſtra inſtitutio das ſaget der herr jeſus ſelbſt matth lernet von mir denn ich bin sanfftmuͤthig vnd von hertzen demuͤtig,omnis christi actio est nostra institutio das saget der herr iesus selbst matth lernet uon mir denn ich bin sanfftmuthig und uon hertzen demutig
511317,body,90,3,False,[31],Es ſagets S. Petrus 1. Epiſt. cap. 2. Chriſtus/ ſpricht er/ hat vns ein Fuͤrbild gelaſſen/ daß jhr nachfolgen ſolt/ ſeinen Fußſtapffen.,es ſagets s petrus epiſt cap chriſtus ſpricht er hat vns ein fuͤrbild gelaſſen daß jhr nachfolgen ſolt ſeinen fußſtapffen,es sagets s petrus epist cap christus spricht er hat uns ein furbild gelassen dass ihr nachfolgen solt seinen fussstapffen
511317,body,90,4,False,[31],"Drumb/ O M. G. ſicut filii lucis ambulate, Wandelt ja wie die Kinder des Liechtes/ Epheſ. 5. 1. Theſſ. 5. So wir ſagen/ daß wir gemeinſchafft mit jhm haben/ vnd wandeln im Finſternis/ ſo liegen wir/ vnd thun nicht die Warheit.",drumb o m g ſicut filii lucis ambulate wandelt ja wie die kinder des liechtes epheſ theſſ so wir ſagen daß wir gemeinſchafft mit jhm haben vnd wandeln im finſternis ſo liegen wir vnd thun nicht die warheit,drumb o m g sicut filii lucis ambulate wandelt ia wie die kinder des liechtes ephes thess so wir sagen dass wir gemeinschafft mit ihm haben und wandeln im finsternis so liegen wir und thun nicht die warheit
511317,body,90,5,False,[31],"So wir aber im Liechte wandeln/ wie Er im Liechte iſt/ ſo haben wir Gemeinſchafft vnter ein ander/ 1. Joh. 1. Ach dencke ja ein jedes an die ruffende Stimme S. Pauli Rom. 13. Deponamus opera tenebrarum, induamus arma lucis.",so wir aber im liechte wandeln wie er im liechte iſt ſo haben wir gemeinſchafft vnter ein ander joh ach dencke ja ein jedes an die ruffende stimme s pauli rom deponamus opera tenebrarum induamus arma lucis,so wir aber im liechte wandeln wie er im liechte ist so haben wir gemeinschafft unter ein ander ioh ach dencke ia ein iedes an die ruffende stimme s pauli rom deponamus opera tenebrarum induamus arma lucis
511317,body,90,6,False,[32],Ja gedencke ein jedes an die Wort des HErrn Jeſu/ Joh. 3. Wer Arges thut/ der haſſet das Liecht/ vnd kompt nicht an das Liecht/ auff daß ſeine Werck nicht geſtraffet werden/ Wer aber die Warheit thut/ der kompt an das Liecht/ daß ſeine Werck offenbar werden/ denn ſie ſind in Gott gethan.,ja gedencke ein jedes an die wort des herrn jeſu joh wer arges thut der haſſet das liecht vnd kompt nicht an das liecht auff daß ſeine werck nicht geſtraffet werden wer aber die warheit thut der kompt an das liecht daß ſeine werck offenbar werden denn ſie ſind in gott gethan,ia gedencke ein iedes an die wort des herrn iesu ioh wer arges thut der hasset das liecht und kompt nicht an das liecht auff dass seine werck nicht gestraffet werden wer aber die warheit thut der kompt an das liecht dass seine werck offenbar werden denn sie sind in gott gethan
511317,body,90,7,False,[32],Jtem/ Matth. 5. Laſſet ewer Liecht leuchten fuͤr den Menſchen/ daß ſie ewre gute Werck ſehen/ vnd Gott im Himmel preiſen.,jtem matth laſſet ewer liecht leuchten fuͤr den menſchen daß ſie ewre gute werck ſehen vnd gott im himmel preiſen,item matth lasset ewer liecht leuchten fur den menschen dass sie ewre gute werck sehen und gott im himmel preisen
511317,body,90,8,False,[32],Chriſten Leute ſollen mit jhrem Gottſeligen Leben vnd Wandel ſeyn/ tanquam luminaria in medio nationis pravæ.,chriſten leute ſollen mit jhrem gottſeligen leben vnd wandel ſeyn tanquam luminaria in medio nationis pravæ,christen leute sollen mit ihrem gottseligen leben und wandel seyn tanquam luminaria in medio nationis prauae
511317,body,90,9,True,[32],Als die brennende Kertzen mitten vnter den verkehrten Welthimmeln/ Phil. 2. Sie ſollen gleich Kertzen in jhren Haͤnden tragen/ damit ſie andern vorleuchten/ Luc. 12. Auff daß jene durch dieſer Gottſeligen Wandel gewonnen werden/ 1. Petr. 3.,als die brennende kertzen mitten vnter den verkehrten welthimmeln phil sie ſollen gleich kertzen in jhren haͤnden tragen damit ſie andern vorleuchten luc auff daß jene durch dieſer gottſeligen wandel gewonnen werden petr,als die brennende kertzen mitten unter den uerkehrten welthimmeln phil sie sollen gleich kertzen in ihren handen tragen damit sie andern uorleuchten luc auff dass iene durch dieser gottseligen wandel gewonnen werden petr
511317,body,91,0,False,[32],Es iſt der HErr Jeſus das Liecht der Welt: Conſolationis & auxilii gratia.,es iſt der herr jeſus das liecht der welt conſolationis & auxilii gratia,es ist der herr iesus das liecht der welt consolationis et auxilii gratia
511317,body,91,1,False,[32],Alldieweil Er ja wol zu zeiten ſeine Liebſten leſſet ins Finſternis der aller ſchwerſten Truͤbſalen gerathen/ Aber doch kompt Er zu rechter Zeit mit hilffreicher Gnade.,alldieweil er ja wol zu zeiten ſeine liebſten leſſet ins finſternis der aller ſchwerſten truͤbſalen gerathen aber doch kompt er zu rechter zeit mit hilffreicher gnade,alldieweil er ia wol zu zeiten seine liebsten lesset ins finsternis der aller schwersten trubsalen gerathen aber doch kompt er zu rechter zeit mit hilffreicher gnade
511317,body,91,2,False,[32],Wie davon Pſal. 97. ſtehet/ Den Gerechten muß das Liecht jmmer wieder auffgehen/ vnd frewde den frommen Hertzen.,wie davon pſal ſtehet den gerechten muß das liecht jmmer wieder auffgehen vnd frewde den frommen hertzen,wie dauon psal stehet den gerechten muss das liecht immer wieder auffgehen und frewde den frommen hertzen
511317,body,91,3,False,[32],Den frommen gehet das Liecht auff/ von dem Gnaͤdigen/ Barmhertzigen/ vnd Gerechten/ ſtehet im 112. Pſalm.,den frommen gehet das liecht auff von dem gnaͤdigen barmhertzigen vnd gerechten ſtehet im pſalm,den frommen gehet das liecht auff uon dem gnadigen barmhertzigen und gerechten stehet im psalm
511317,body,91,4,False,[32],O freylich/ wenn ſichs offt anſehen leſt/ als wenns nun aus mit jhnen were.,o freylich wenn ſichs offt anſehen leſt als wenns nun aus mit jhnen were,o freylich wenn sichs offt ansehen lest als wenns nun aus mit ihnen were
511317,body,91,5,False,[33],Jhre Hoffnung were nun gantz verlohren/ Ezech. 37. Ey ſo kompt der Herr Jeſus mit einem Frewdenſchein/ wie Jeremias ſaget/ Thren. 3. Der HErr verſtoͤſſet nicht ewiglich/ ſondern Er betruͤbet wol/ vnd erbarmet ſich wieder/ nach ſeiner groſſen Guͤte.,jhre hoffnung were nun gantz verlohren ezech ey ſo kompt der herr jeſus mit einem frewdenſchein wie jeremias ſaget thren der herr verſtoͤſſet nicht ewiglich ſondern er betruͤbet wol vnd erbarmet ſich wieder nach ſeiner groſſen guͤte,ihre hoffnung were nun gantz uerlohren ezech ey so kompt der herr iesus mit einem frewdenschein wie ieremias saget thren der herr uerstosset nicht ewiglich sondern er betrubet wol und erbarmet sich wieder nach seiner grossen gute
511317,body,91,6,True,[33],Deſſen troͤſtete ſich der beaͤngſtigte Prophet Micha/ cap. 7.,deſſen troͤſtete ſich der beaͤngſtigte prophet micha cap,dessen trostete sich der beangstigte prophet micha cap
511317,body,92,0,False,[33],Frewe dich nicht meine Feindin/ daß ich darnieder lige/ Jch werde wieder auffkommen.,frewe dich nicht meine feindin daß ich darnieder lige jch werde wieder auffkommen,frewe dich nicht meine feindin dass ich darnieder lige ich werde wieder auffkommen
511317,body,92,1,False,[33],Vnd ſo ich im Finſtern ſitze/ ſo iſt doch der Herr mein Liecht.,vnd ſo ich im finſtern ſitze ſo iſt doch der herr mein liecht,und so ich im finstern sitze so ist doch der herr mein liecht
511317,body,92,2,False,[33],Deſſen troͤſtete ſich die hochbetruͤbte Wittib/ Die Gottſelige Sara/ Tob. 3. das weis ich vorwahr/ wer Gott dienet/ der wird nach der Anfechtung getroͤſtet/ vnd aus der Truͤbſal erloͤſet/ vnd nach der Zuͤchtigung findet er Gnade/ Denn nach dem Vngewitter leſſet Gott die Sonne wieder ſcheinen/ Vnd nach dem Heulen vnd Weinen/ vberſchuͤttet er vns mit Frewden.,deſſen troͤſtete ſich die hochbetruͤbte wittib die gottſelige sara tob das weis ich vorwahr wer gott dienet der wird nach der anfechtung getroͤſtet vnd aus der truͤbſal erloͤſet vnd nach der zuͤchtigung findet er gnade denn nach dem vngewitter leſſet gott die sonne wieder ſcheinen vnd nach dem heulen vnd weinen vberſchuͤttet er vns mit frewden,dessen trostete sich die hochbetrubte wittib die gottselige sara tob das weis ich uorwahr wer gott dienet der wird nach der anfechtung getrostet und aus der trubsal erloset und nach der zuchtigung findet er gnade denn nach dem ungewitter lesset gott die sonne wieder scheinen und nach dem heulen und weinen uberschuttet er uns mit frewden
511317,body,92,3,False,[33],"Dis hat erfahren der Patriarch Jacob/ welchem/ da er die gantze Nacht in ſchwerem Kampff gelegen/ gieng jhm/ mit dem anbrechenden Tage/ die frewden Sonne auff/ daß er exclamiret vnd jubiliret: Vidi Dominum, & ſalva facta eſt anima mea.",dis hat erfahren der patriarch jacob welchem da er die gantze nacht in ſchwerem kampff gelegen gieng jhm mit dem anbrechenden tage die frewden sonne auff daß er exclamiret vnd jubiliret vidi dominum & ſalva facta eſt anima mea,dis hat erfahren der patriarch iacob welchem da er die gantze nacht in schwerem kampff gelegen gieng ihm mit dem anbrechenden tage die frewden sonne auff dass er exclamiret und iubiliret uidi dominum et salua facta est anima mea
511317,item,92,4,True,[33],Gen. 32.,gen,gen
511317,body,93,0,True,[33],Summa:Dis hat Joſeph der fromme Mann/,summadis hat joſeph der fromme mann,summadis hat ioseph der fromme mann
511317,body,94,0,True,[33],Sehr offt vnd viel erfahren/,sehr offt vnd viel erfahren,sehr offt und uiel erfahren
511317,body,95,0,True,[33],Von David/ Job/ man leſen kan/,von david job man leſen kan,uon dauid iob man lesen kan
511317,body,96,0,True,[33],Wie ſie in Vnfall waren/,wie ſie in vnfall waren,wie sie in unfall waren
511317,body,97,0,True,[33],Noch hat ſie Gott in jhrer Noth Gnaͤdiglich behuͤtet/,noch hat ſie gott in jhrer noth gnaͤdiglich behuͤtet,noch hat sie gott in ihrer noth gnadiglich behutet
511317,body,99,0,True,[33],Wer Gott vertrawt hat wol gebawt/,wer gott vertrawt hat wol gebawt,wer gott uertrawt hat wol gebawt
511317,body,100,0,True,[33],Wenn noch der Feind ſo wuͤtet.,wenn noch der feind ſo wuͤtet,wenn noch der feind so wutet
511317,body,101,0,True,[34],Ach das faſſe/ das behalte zu deinem Troſt/ in ſchweren Zeiten/ befihl dem Herrn deine Wege/ vnd Hoffe auff jhn/ Er wirds wol machen/ vnd wird deine Gerechtigkeit ans Liecht bringen/ vnd dein Recht wie den Mittag/ Pſal. 37.,ach das faſſe das behalte zu deinem troſt in ſchweren zeiten befihl dem herrn deine wege vnd hoffe auff jhn er wirds wol machen vnd wird deine gerechtigkeit ans liecht bringen vnd dein recht wie den mittag pſal,ach das fasse das behalte zu deinem trost in schweren zeiten befihl dem herrn deine wege und hoffe auff ihn er wirds wol machen und wird deine gerechtigkeit ans liecht bringen und dein recht wie den mittag psal
511317,body,102,0,True,[34],Geh deinen Weg/ auff rechtem Steg/,geh deinen weg auff rechtem steg,geh deinen weg auff rechtem steg
511317,body,103,0,True,[34],Fahr fort/ vnd Leid/ trag keinen Neid/,fahr fort vnd leid trag keinen neid,fahr fort und leid trag keinen neid
511317,body,104,0,True,[34],Beth/ hoff auff Gott/ in aller Noth/,beth hoff auff gott in aller noth,beth hoff auff gott in aller noth
511317,body,105,0,True,[34],Sey ſtill vnd Traw/ hab Acht vnd ſchaw/,sey ſtill vnd traw hab acht vnd ſchaw,sey still und traw hab acht und schaw
511317,body,106,0,True,[34],Groß Wunder wirſtu ſehen.,groß wunder wirſtu ſehen,gross wunder wirstu sehen
511317,body,107,0,True,[34],"Freylich iſt der HErr Jeſus Lux mundi, das warhaffte Liecht der Welt/ Redemtionis & beatificationis gloria, Alldieweil er vns elende Adams Soͤhne/ vnd Evæ Toͤchter/ die wir ſaſſen im Finſternis vnd ſchatten des Todes/ Luc. 1. Die wir vnter der Obrigkeit der Finſternis waren/ Coloſſ. 1. Gleichwol von derſelbten errettet/ vnd in das Reich des Liechtes verſetzet hat/ welches Er gethan hat in paſſione, & reſurrectione, da Er mit ſeinem vollkom̃enen gehorfam/ den Er ſeinem himliſchen Vater geleiſtet hat biß zum Tode/ Ja zum Tode am Creutze/ Phil. 2. Fuͤr vnſern Vngehorſam gebuͤſſet hat/ vnd dadurch die Gerechtigkeit erarnet/ die fuͤr Gotte gilt/ vnd vns durch wahren Glauben zugerechnet wird/ Rom. 3. 4. vnd 5. Da Er ſein Leben zum Schuldopffer gegeben/ auff dem fronen Altar des heiligen Creutzes/ Eſa. 53. Da Er mit dieſem ſeinem eigenen Opffer in Ewigkeit vollendet/ die geheiliget werden/ Heb. 9. vnd 10. Da hat Er durch ſeinen Todt/ dem die Macht genommen/ der des Todes gewalt hat/ das iſt/ dem Teuffel/ vnd hat erloͤſet die/ ſo durch furchte des Todes im gantzen Leben Knechte ſein muſten/ Hebr. 2. Da hat er außgetilget durch ſein Blut am Creutze/ die Handſchrifft/ ſo wider vns war/ vnd hat ſie aus dem Mittel gethan/ vnd ans Creutze gehefftet/ Coloſſ. 2. Da hat Er in ſeiner Aufferſtehung dem Tode die Machtgenommen/ vnd das Leben/ vnd vnvergenglich weſen ans Liecht gebracht/ 2. Timoth. 1. Da hat Er in ſeiner Hemmelfarth/ als in einem Triumph/ gefangen gefuͤhret/ vnd oͤffentlich ſchaw getragen/ die Fuͤrſtenthuͤmb vnd Gewaltigen/ Coloſſ. 2. Daß nun fortan nichts verdamliches ſeyn ſol an allen denen/ die in Chriſto Jeſu ſind/ Rom. 8.",freylich iſt der herr jeſus lux mundi das warhaffte liecht der welt redemtionis & beatificationis gloria alldieweil er vns elende adams soͤhne vnd evæ toͤchter die wir ſaſſen im finſternis vnd ſchatten des todes luc die wir vnter der obrigkeit der finſternis waren coloſſ gleichwol von derſelbten errettet vnd in das reich des liechtes verſetzet hat welches er gethan hat in paſſione & reſurrectione da er mit ſeinem vollkom̃enen gehorfam den er ſeinem himliſchen vater geleiſtet hat biß zum tode ja zum tode am creutze phil fuͤr vnſern vngehorſam gebuͤſſet hat vnd dadurch die gerechtigkeit erarnet die fuͤr gotte gilt vnd vns durch wahren glauben zugerechnet wird rom vnd da er ſein leben zum schuldopffer gegeben auff dem fronen altar des heiligen creutzes eſa da er mit dieſem ſeinem eigenen opffer in ewigkeit vollendet die geheiliget werden heb vnd da hat er durch ſeinen todt dem die macht genommen der des todes gewalt hat das iſt dem teuffel vnd hat erloͤſet die ſo durch furchte des todes im gantzen leben knechte ſein muſten hebr da hat er außgetilget durch ſein blut am creutze die handſchrifft ſo wider vns war vnd hat ſie aus dem mittel gethan vnd ans creutze gehefftet coloſſ da hat er in ſeiner aufferſtehung dem tode die machtgenommen vnd das leben vnd vnvergenglich weſen ans liecht gebracht timoth da hat er in ſeiner hemmelfarth als in einem triumph gefangen gefuͤhret vnd oͤffentlich ſchaw getragen die fuͤrſtenthuͤmb vnd gewaltigen coloſſ daß nun fortan nichts verdamliches ſeyn ſol an allen denen die in chriſto jeſu ſind rom,freylich ist der herr iesus lux mundi das warhaffte liecht der welt redemtionis et beatificationis gloria alldieweil er uns elende adams sohne und euae tochter die wir sassen im finsternis und schatten des todes luc die wir unter der obrigkeit der finsternis waren coloss gleichwol uon derselbten errettet und in das reich des liechtes uersetzet hat welches er gethan hat in passione et resurrectione da er mit seinem uollkommenen gehorfam den er seinem himlischen uater geleistet hat biss zum tode ia zum tode am creutze phil fur unsern ungehorsam gebusset hat und dadurch die gerechtigkeit erarnet die fur gotte gilt und uns durch wahren glauben zugerechnet wird rom und da er sein leben zum schuldopffer gegeben auff dem fronen altar des heiligen creutzes esa da er mit diesem seinem eigenen opffer in ewigkeit uollendet die geheiliget werden heb und da hat er durch seinen todt dem die macht genommen der des todes gewalt hat das ist dem teuffel und hat erloset die so durch furchte des todes im gantzen leben knechte sein musten hebr da hat er aussgetilget durch sein blut am creutze die handschrifft so wider uns war und hat sie aus dem mittel gethan und ans creutze gehefftet coloss da hat er in seiner aufferstehung dem tode die machtgenommen und das leben und unuergenglich wesen ans liecht gebracht timoth da hat er in seiner hemmelfarth als in einem triumph gefangen gefuhret und offentlich schaw getragen die furstenthumb und gewaltigen coloss dass nun fortan nichts uerdamliches seyn sol an allen denen die in christo iesu sind rom
511317,body,108,0,False,[35],Es thuts aber auch noch der HErr Jeſus/ daß Er vns verſetzt in das Reich des Liechts/ in Verbi & Sacramentorum applicatione.,es thuts aber auch noch der herr jeſus daß er vns verſetzt in das reich des liechts in verbi & sacramentorum applicatione,es thuts aber auch noch der herr iesus dass er uns uersetzt in das reich des liechts in uerbi et sacramentorum applicatione
511317,body,108,1,True,[35],"Wenn Er vns alle die Krafft ſeiner thewren Erloͤſung durch die Predigt ſeines Wortes antraͤget/ Rom. 10. Durch die Hochwuͤrdigen Sacrament kraͤfftiglich vbergiebet vnd verſiegelt/ Rom. 4. Denn wir werden ja durch die Tauffe in den Todt Chriſti gepflantzet/ daß wir auch ſeiner Aufferſtehung genieſſen koͤnnen/ Rom. 6. Es iſt ja das Brodt im Hochwuͤrdigen Abendmal/ die Gemeinſchafft des Leibes Chriſti/ vnd der geſegnete Kelch/ welchen wir Segenen/ iſt ja die Gemeinſchafft des Blutes Chriſti/ 1. Cor. 10. So wircket dazu der HErre Jeſus durch ſeinen heiligen Geiſt in vnſerm Hertzen/ daß wir ſeinem heiligen Worte gleuben/ vnd vnſer vnwandelbares Vertrawen darauff ſetzen/ 1. Cor. 12. Ey da ſind wir nun alle Gottes Kinder durch den glauben an Jeſum Chriſt/ Galat. 3. Da ſind wir Buͤrger mit den Heiligen/ vnd Gottes Haußgenoſſen/ epheſ. 2. Ja da ſind wir Gottes Erben/ vnd Mit Erben Chriſt/ nemlich in ſpe, Rom. 8. nemlich in ſolcher Hoffnung die nicht zu Schanden werden leſt/ Rom. 5.",wenn er vns alle die krafft ſeiner thewren erloͤſung durch die predigt ſeines wortes antraͤget rom durch die hochwuͤrdigen sacrament kraͤfftiglich vbergiebet vnd verſiegelt rom denn wir werden ja durch die tauffe in den todt chriſti gepflantzet daß wir auch ſeiner aufferſtehung genieſſen koͤnnen rom es iſt ja das brodt im hochwuͤrdigen abendmal die gemeinſchafft des leibes chriſti vnd der geſegnete kelch welchen wir segenen iſt ja die gemeinſchafft des blutes chriſti cor so wircket dazu der herre jeſus durch ſeinen heiligen geiſt in vnſerm hertzen daß wir ſeinem heiligen worte gleuben vnd vnſer vnwandelbares vertrawen darauff ſetzen cor ey da ſind wir nun alle gottes kinder durch den glauben an jeſum chriſt galat da ſind wir buͤrger mit den heiligen vnd gottes haußgenoſſen epheſ ja da ſind wir gottes erben vnd mit erben chriſt nemlich in ſpe rom nemlich in ſolcher hoffnung die nicht zu schanden werden leſt rom,wenn er uns alle die krafft seiner thewren erlosung durch die predigt seines wortes antraget rom durch die hochwurdigen sacrament krafftiglich ubergiebet und uersiegelt rom denn wir werden ia durch die tauffe in den todt christi gepflantzet dass wir auch seiner aufferstehung geniessen konnen rom es ist ia das brodt im hochwurdigen abendmal die gemeinschafft des leibes christi und der gesegnete kelch welchen wir segenen ist ia die gemeinschafft des blutes christi cor so wircket dazu der herre iesus durch seinen heiligen geist in unserm hertzen dass wir seinem heiligen worte gleuben und unser unwandelbares uertrawen darauff setzen cor ey da sind wir nun alle gottes kinder durch den glauben an iesum christ galat da sind wir burger mit den heiligen und gottes haussgenossen ephes ia da sind wir gottes erben und mit erben christ nemlich in spe rom nemlich in solcher hoffnung die nicht zu schanden werden lest rom
511317,body,109,0,False,[36],"Es wirds der HErr Jeſus auch thun/ vnd vns noch ferner Erloͤſen von allem Vbel/ vnd wird vns außhelffen/ zu ſeinem himliſchen Reich/ in placida animarum translatione, So daß Er aller ſeiner wahrgleubigen Chriſten Seelichen/ in einem ſanfften ſeligen Stuͤndlein/ aus dieſer Welt abfordern/ vnd zu ſeinem himliſchen Frewdenſtand vberbringen wil/ Vater ſaget Er/ Joh. 17. Jch wil das wo Jch bin/ auch die bey mir ſeyn/ die du mir gegeben haſt/ auff daß ſie meine herrligkeit ſehen.",es wirds der herr jeſus auch thun vnd vns noch ferner erloͤſen von allem vbel vnd wird vns außhelffen zu ſeinem himliſchen reich in placida animarum translatione so daß er aller ſeiner wahrgleubigen chriſten seelichen in einem ſanfften ſeligen stuͤndlein aus dieſer welt abfordern vnd zu ſeinem himliſchen frewdenſtand vberbringen wil vater ſaget er joh jch wil das wo jch bin auch die bey mir ſeyn die du mir gegeben haſt auff daß ſie meine herrligkeit ſehen,es wirds der herr iesus auch thun und uns noch ferner erlosen uon allem ubel und wird uns ausshelffen zu seinem himlischen reich in placida animarum translatione so dass er aller seiner wahrgleubigen christen seelichen in einem sanfften seligen stundlein aus dieser welt abfordern und zu seinem himlischen frewdenstand uberbringen wil uater saget er ioh ich wil das wo ich bin auch die bey mir seyn die du mir gegeben hast auff dass sie meine herrligkeit sehen
511317,body,109,1,False,[36],Vnd Joh. 14. Jch wil wieder kommen/ vnd Euch zu mir nehmen/ auff daß jhr ſeyn ſolt wo Jch bin.,vnd joh jch wil wieder kommen vnd euch zu mir nehmen auff daß jhr ſeyn ſolt wo jch bin,und ioh ich wil wieder kommen und euch zu mir nehmen auff dass ihr seyn solt wo ich bin
511317,body,109,2,False,[36],Wenn aber/ mein HErr Jeſu/ wenn ſol das geſchehen/ wenn wiltu wiederkommen/ vnd vns zu dir holen?,wenn aber mein herr jeſu wenn ſol das geſchehen wenn wiltu wiederkommen vnd vns zu dir holen,wenn aber mein herr iesu wenn sol das geschehen wenn wiltu wiederkommen und uns zu dir holen
511317,body,109,3,True,[36],"Antwortet die Stimme von Himmel/ Apoc. 14. A modo, Selig ſind die Todten die im HErrn ſterben von nun an. Ey wenn du dich deines hieſigen Lebens in wahrer Bußfertiger Andacht/ als ein wahrglaͤubiger Chriſt erweiſeſt/ du heiſt es denn Hodie, Heute wirſtu mit mir in Paradies ſeyn/ wie der Leutſelige Mund des HErrn Jeſu zu dem Bußfertigen Schecher ſaget/ Luc. 23. Alſo von dir/ O du ſterbendes Chriſten Hertze:",antwortet die stimme von himmel apoc a modo selig ſind die todten die im herrn ſterben von nun an ey wenn du dich deines hieſigen lebens in wahrer bußfertiger andacht als ein wahrglaͤubiger chriſt erweiſeſt du heiſt es denn hodie heute wirſtu mit mir in paradies ſeyn wie der leutſelige mund des herrn jeſu zu dem bußfertigen schecher ſaget luc alſo von dir o du ſterbendes chriſten hertze,antwortet die stimme uon himmel apoc a modo selig sind die todten die im herrn sterben uon nun an ey wenn du dich deines hiesigen lebens in wahrer bussfertiger andacht als ein wahrglaubiger christ erweisest du heist es denn hodie heute wirstu mit mir in paradies seyn wie der leutselige mund des herrn iesu zu dem bussfertigen schecher saget luc also uon dir o du sterbendes christen hertze
511317,body,110,0,True,[37],Der HErr wird dir,der herr wird dir,der herr wird dir
511317,body,111,0,True,[37],Durch den Todt kommen ſchier/,durch den todt kommen ſchier,durch den todt kommen schier
511317,body,112,0,True,[37],Deine Seele abſcheiden/,deine seele abſcheiden,deine seele abscheiden
511317,body,113,0,True,[37],Zur ewigen Frewden.,zur ewigen frewden,zur ewigen frewden
511317,body,114,0,False,[37],Das wuſte der Koͤnigliche Prophet David/ darumb betet er alle Tage/ Pſalm 31. Herr in deine Haͤnde befehl ich meinen Geiſt/ du haſt mich erloͤſet/ du getrewer Gott.,das wuſte der koͤnigliche prophet david darumb betet er alle tage pſalm herr in deine haͤnde befehl ich meinen geiſt du haſt mich erloͤſet du getrewer gott,das wuste der konigliche prophet dauid darumb betet er alle tage psalm herr in deine hande befehl ich meinen geist du hast mich erloset du getrewer gott
511317,body,114,1,False,[37],"Als wie daher ich vnd du/ vnd alle Himmelſehnende Chriſten auch ſeufftzen: Wenn mein Stuͤndlein verhanden iſt/ ꝛc. Das wuſte Koͤnig Salomo/ drumb ſaget er/ Sap. 3. Die Seelen der Gerechten ſind in Gottes Hand/ vnd keine qual ruͤhret ſie an. Das wuſte Senior Tobias, drumb betet er/ Gott wolte jhm doch die Gnade erzeigen/ vnd ſeinen Geiſt weg nehmen/ im Friede.",als wie daher ich vnd du vnd alle himmelſehnende chriſten auch ſeufftzen wenn mein stuͤndlein verhanden iſt ꝛc das wuſte koͤnig salomo drumb ſaget er sap die seelen der gerechten ſind in gottes hand vnd keine qual ruͤhret ſie an das wuſte senior tobias drumb betet er gott wolte jhm doch die gnade erzeigen vnd ſeinen geiſt weg nehmen im friede,als wie daher ich und du und alle himmelsehnende christen auch seufftzen wenn mein stundlein uerhanden ist c das wuste konig salomo drumb saget er sap die seelen der gerechten sind in gottes hand und keine qual ruhret sie an das wuste senior tobias drumb betet er gott wolte ihm doch die gnade erzeigen und seinen geist weg nehmen im friede
511317,body,114,2,False,[37],Das wuſte S. Stephanus/ drumb als er ſterben ſolte/ kniet er nieder vnd ſprach: Herr Jeſu nim meinen Geiſt auff.,das wuſte s stephanus drumb als er ſterben ſolte kniet er nieder vnd ſprach herr jeſu nim meinen geiſt auff,das wuste s stephanus drumb als er sterben solte kniet er nieder und sprach herr iesu nim meinen geist auff
511317,body,114,3,True,[37],Das wuſte S. Paulus/ drumb begehret er auffgeloͤſet zu werden/ vnd bey ſeinem Herrn Chriſto zu ſeyn/ Philip. 1. O du Chriſten Hertz erinnere dich deſſen auch.,das wuſte s paulus drumb begehret er auffgeloͤſet zu werden vnd bey ſeinem herrn chriſto zu ſeyn philip o du chriſten hertz erinnere dich deſſen auch,das wuste s paulus drumb begehret er auffgeloset zu werden und bey seinem herrn christo zu seyn philip o du christen hertz erinnere dich dessen auch
511317,body,115,0,True,[37],"Vive Deo gratus, toti mundo tumulatus,",vive deo gratus toti mundo tumulatus,uiue deo gratus toti mundo tumulatus
511317,body,116,0,True,[37],Crimine mundatus ſemper tranſire paratus.,crimine mundatus ſemper tranſire paratus,crimine mundatus semper transire paratus
511317,body,117,0,True,[37],Leb alſo daß dich Gott lieb hab/,leb alſo daß dich gott lieb hab,leb also dass dich gott lieb hab
511317,body,118,0,True,[37],Vnd denn der gantzen Welt ſag ab/,vnd denn der gantzen welt ſag ab,und denn der gantzen welt sag ab
511317,body,119,0,True,[37],Von Suͤnd vnd Laſtern mach dich queit/,von suͤnd vnd laſtern mach dich queit,uon sund und lastern mach dich queit
511317,body,120,0,True,[37],Zu ſterben jmmer ſey bereit.,zu ſterben jmmer ſey bereit,zu sterben immer sey bereit
511317,body,121,0,True,[37],Glaͤub dem HErrn aus Hertzen grund/,glaͤub dem herrn aus hertzen grund,glaub dem herrn aus hertzen grund
511317,body,122,0,True,[37],Vnd bekenne jhn mit deinem Mund/,vnd bekenne jhn mit deinem mund,und bekenne ihn mit deinem mund
511317,body,123,0,True,[37],Vnd preiß jhn mit der That/,vnd preiß jhn mit der that,und preiss ihn mit der that
511317,body,124,0,True,[37],Thu jhm fleiſſig deine pflicht/,thu jhm fleiſſig deine pflicht,thu ihm fleissig deine pflicht
511317,body,125,0,True,[37],Wie dich ſein Wort vnterricht/,wie dich ſein wort vnterricht,wie dich sein wort unterricht
511317,body,126,0,True,[38],So komſtu zur Engelſchar/,so komſtu zur engelſchar,so komstu zur engelschar
511317,body,127,0,True,[38],Die des warten jmmerdar.,die des warten jmmerdar,die des warten immerdar
511317,body,128,0,False,[38],"Endlich ſo wil noch eineſt der Herr Chriſtus die liebſten ſeinen Erloͤſen in glorioſa reſuſcitatione, Am lieben Juͤngſten Tage/ wenn er wiederkommen wird/ in ſeiner Herrligkeit/ da wird Er auch vnſere vermoderte Staͤublein vnd Beinlein wieder zu hauffe ſamlen/ Matth. 24. da wil Er ſie mit newer Lebenskrafft begnaden/ Eſa. 40. Vnd wie 1. Theſſ. 4. ſtehet: Die Toden in Chriſto werden aufferſtehen zu erſt/ darnach wir/ die wir Leben/ (welche der liebe Juͤngſte Tag lebend finden wird/) werden zu gleich mit jenen hingezuckt werden in den Wolcken/ dem HErrn entgegen in der Lufft/ vnd werden alſo bey dem Herrn ſeyn allezeit.",endlich ſo wil noch eineſt der herr chriſtus die liebſten ſeinen erloͤſen in glorioſa reſuſcitatione am lieben juͤngſten tage wenn er wiederkommen wird in ſeiner herrligkeit da wird er auch vnſere vermoderte staͤublein vnd beinlein wieder zu hauffe ſamlen matth da wil er ſie mit newer lebenskrafft begnaden eſa vnd wie theſſ ſtehet die toden in chriſto werden aufferſtehen zu erſt darnach wir die wir leben welche der liebe juͤngſte tag lebend finden wird werden zu gleich mit jenen hingezuckt werden in den wolcken dem herrn entgegen in der lufft vnd werden alſo bey dem herrn ſeyn allezeit,endlich so wil noch einest der herr christus die liebsten seinen erlosen in gloriosa resuscitatione am lieben iungsten tage wenn er wiederkommen wird in seiner herrligkeit da wird er auch unsere uermoderte staublein und beinlein wieder zu hauffe samlen matth da wil er sie mit newer lebenskrafft begnaden esa und wie thess stehet die toden in christo werden aufferstehen zu erst darnach wir die wir leben welche der liebe iungste tag lebend finden wird werden zu gleich mit ienen hingezuckt werden in den wolcken dem herrn entgegen in der lufft und werden also bey dem herrn seyn allezeit
511317,body,128,1,False,[38],"Da wird Er vnſern nichtigen Leib verklaͤren/ vnd ehnlich machen ſeinem verklaͤrten Leibe/ Phil. 3. Da werden die Gerechten leuchten nicht alleine wie die Sternen/ Dan. 12. Nicht allein/ wie ein Stern den andern vbertrifft in klarheit/ 1. Cor. 15. Sondern ſie werden leuchten wie die Sonne in jhres Vatern Reich/ Matth. 13. Vnd dis nicht jrgend auff wenig ſtunden/ wie auff dem Berge Thabor/ Matth. 17. Nicht auff 40. oder 80. Tage/ wie Moſe bey Gott auff dem Berge Sina war/ Exod. 24. vnd 34. Sondern Dominus lux tua ſempiterna, Der HErr wird dein ewiges Liecht ſeyn/ vnd die Tage deines Leidens ſollen ein Ende haben/ Eſa. 60. O wie frewete ſich hierauff der liebe David/ Pſal. 56. Ambulabo coram Domino in lumine viventium: Jch wil wandeln fuͤr dem HErrn in dem Liecht der lebendigen.",da wird er vnſern nichtigen leib verklaͤren vnd ehnlich machen ſeinem verklaͤrten leibe phil da werden die gerechten leuchten nicht alleine wie die sternen dan nicht allein wie ein stern den andern vbertrifft in klarheit cor sondern ſie werden leuchten wie die sonne in jhres vatern reich matth vnd dis nicht jrgend auff wenig ſtunden wie auff dem berge thabor matth nicht auff oder tage wie moſe bey gott auff dem berge sina war exod vnd sondern dominus lux tua ſempiterna der herr wird dein ewiges liecht ſeyn vnd die tage deines leidens ſollen ein ende haben eſa o wie frewete ſich hierauff der liebe david pſal ambulabo coram domino in lumine viventium jch wil wandeln fuͤr dem herrn in dem liecht der lebendigen,da wird er unsern nichtigen leib uerklaren und ehnlich machen seinem uerklarten leibe phil da werden die gerechten leuchten nicht alleine wie die sternen dan nicht allein wie ein stern den andern ubertrifft in klarheit cor sondern sie werden leuchten wie die sonne in ihres uatern reich matth und dis nicht irgend auff wenig stunden wie auff dem berge thabor matth nicht auff oder tage wie mose bey gott auff dem berge sina war exod und sondern dominus lux tua sempiterna der herr wird dein ewiges liecht seyn und die tage deines leidens sollen ein ende haben esa o wie frewete sich hierauff der liebe dauid psal ambulabo coram domino in lumine uiuentium ich wil wandeln fur dem herrn in dem liecht der lebendigen
511317,body,128,2,True,[39],Frewe dich auch/ O du ſterbendes Chriſten Hertze/ jetzt beraubet dich der Todt des ſchoͤnen Sonnenliechtes/ vnd ſtecket dich in die Finſternis des Grabes/ Job 10. Aber Jeſus Chriſtus der Fuͤrſt vnd Hertzog des Lebens/ wird einen newen Himmel ſchaffen/ da des Mondenſchein ſeyn ſol/ wie jetzt der Sonnenſchein/ vnd der Sonnenſchein ſol ſeyn ſiebenmal heller/ denn zu der Zeit/ Eſa. 30.,frewe dich auch o du ſterbendes chriſten hertze jetzt beraubet dich der todt des ſchoͤnen sonnenliechtes vnd ſtecket dich in die finſternis des grabes job aber jeſus chriſtus der fuͤrſt vnd hertzog des lebens wird einen newen himmel ſchaffen da des mondenſchein ſeyn ſol wie jetzt der sonnenſchein vnd der sonnenſchein ſol ſeyn ſiebenmal heller denn zu der zeit eſa,frewe dich auch o du sterbendes christen hertze ietzt beraubet dich der todt des schonen sonnenliechtes und stecket dich in die finsternis des grabes iob aber iesus christus der furst und hertzog des lebens wird einen newen himmel schaffen da des mondenschein seyn sol wie ietzt der sonnenschein und der sonnenschein sol seyn siebenmal heller denn zu der zeit esa
511317,body,129,0,True,[39],Frewe dich/ O du ſterbendes Hertze/ Jetzt bricht dir wol der Todt das Liecht deiner Augen/ aber Jeſus Chriſtus wil der blinden Augen auffthun/ daß die erloͤſeten des Herren wiederkommen ſollen mit mit Jauchtzen/ Eſa. 35.,frewe dich o du ſterbendes hertze jetzt bricht dir wol der todt das liecht deiner augen aber jeſus chriſtus wil der blinden augen auffthun daß die erloͤſeten des herren wiederkommen ſollen mit mit jauchtzen eſa,frewe dich o du sterbendes hertze ietzt bricht dir wol der todt das liecht deiner augen aber iesus christus wil der blinden augen auffthun dass die erloseten des herren wiederkommen sollen mit mit iauchtzen esa
511317,body,130,0,True,[39],Frewe dich/ O du ſterbendes Chriſten Hertze/ Jetzt iſt dein Leib Finſter/ vnd ſchwartz/ Sintemal er muß die Verweſung ſehen/ Aber wie du traͤgeſt das Bilde des jrrdiſchen Adams/ ſo ſoltu auch tragen das Bilde des Himliſchen/ 1. Cor. 15.,frewe dich o du ſterbendes chriſten hertze jetzt iſt dein leib finſter vnd ſchwartz sintemal er muß die verweſung ſehen aber wie du traͤgeſt das bilde des jrrdiſchen adams ſo ſoltu auch tragen das bilde des himliſchen cor,frewe dich o du sterbendes christen hertze ietzt ist dein leib finster und schwartz sintemal er muss die uerwesung sehen aber wie du tragest das bilde des irrdischen adams so soltu auch tragen das bilde des himlischen cor
511317,body,131,0,True,[39],Frewe dich O du ſterbendes Chriſten Hertze/ Jetzt iſt es finſter in deinem Hauſe/ Es weinen vnd heulen die lieben deinen/ vber deinem Abſchied/ Aber Jeſus Chriſtus wird dich wieder lebendig machen/ vnd jhnen wieder geben/ 2. Maccab 7. Jetzt laſſen ſie dich zihen mit Trawren vnd Klagen/ Aber Jeſus Chriſtus wird dich jhnen wiedergeden/ mit Wonne vnd Frewden Ewiglich/ Baruch. 4. Ey nicht verlohren werden/ ſondern das ewige Leben haben/ ſaget der Herr Jeſus von ſeinen Glaͤubigen/ Joh. 3.,frewe dich o du ſterbendes chriſten hertze jetzt iſt es finſter in deinem hauſe es weinen vnd heulen die lieben deinen vber deinem abſchied aber jeſus chriſtus wird dich wieder lebendig machen vnd jhnen wieder geben maccab jetzt laſſen ſie dich zihen mit trawren vnd klagen aber jeſus chriſtus wird dich jhnen wiedergeden mit wonne vnd frewden ewiglich baruch ey nicht verlohren werden ſondern das ewige leben haben ſaget der herr jeſus von ſeinen glaͤubigen joh,frewe dich o du sterbendes christen hertze ietzt ist es finster in deinem hause es weinen und heulen die lieben deinen uber deinem abschied aber iesus christus wird dich wieder lebendig machen und ihnen wieder geben maccab ietzt lassen sie dich zihen mit trawren und klagen aber iesus christus wird dich ihnen wiedergeden mit wonne und frewden ewiglich baruch ey nicht uerlohren werden sondern das ewige leben haben saget der herr iesus uon seinen glaubigen ioh
511317,body,132,0,False,[40],Frewe dich/ O du ſterbendes Chriſten Hertze/ Jetzt verliſcht das Liecht deiner zeitlichen Kunſt vnd Gunſt/ Ehr vnd Herrligkeit.,frewe dich o du ſterbendes chriſten hertze jetzt verliſcht das liecht deiner zeitlichen kunſt vnd gunſt ehr vnd herrligkeit,frewe dich o du sterbendes christen hertze ietzt uerlischt das liecht deiner zeitlichen kunst und gunst ehr und herrligkeit
511317,body,132,1,True,[40],"Aber hoͤre was dein Herr Jeſus ſaget/ Amice aſcende ſuperius, Du biſt hier des Herr Jeſu Freund geweſen/ du haſt an jhn geglaͤubet/ du haſt jhn lieb gehabt/ ob du jhn gleich nicht geſehen haſt/ Drumb ſo ruͤcke nun hinauff/ auff ein beſſeres Ehrenſtuͤlichen/ Honorantes me honorificabo, Jch wil Ehren die mich Ehren/ 1. Sam. 2. Sum̃a;",aber hoͤre was dein herr jeſus ſaget amice aſcende ſuperius du biſt hier des herr jeſu freund geweſen du haſt an jhn geglaͤubet du haſt jhn lieb gehabt ob du jhn gleich nicht geſehen haſt drumb ſo ruͤcke nun hinauff auff ein beſſeres ehrenſtuͤlichen honorantes me honorificabo jch wil ehren die mich ehren sam sum̃a,aber hore was dein herr iesus saget amice ascende superius du bist hier des herr iesu freund gewesen du hast an ihn geglaubet du hast ihn lieb gehabt ob du ihn gleich nicht gesehen hast drumb so rucke nun hinauff auff ein besseres ehrenstulichen honorantes me honorificabo ich wil ehren die mich ehren sam summa
511317,body,133,0,True,[40],Jhr aber werd nach dieſer Zeit,jhr aber werd nach dieſer zeit,ihr aber werd nach dieser zeit
511317,body,134,0,True,[40],Bey Chriſto habn die ewig Frewd/,bey chriſto habn die ewig frewd,bey christo habn die ewig frewd
511317,body,135,0,True,[40],Dahin ſolt jhr gedencken.,dahin ſolt jhr gedencken,dahin solt ihr gedencken
511317,body,136,0,True,[40],Es lebt kein Mann/ der ausſprechen kan/,es lebt kein mann der ausſprechen kan,es lebt kein mann der aussprechen kan
511317,body,137,0,True,[40],Die Glori vnd den ewigen Lohn/,die glori vnd den ewigen lohn,die glori und den ewigen lohn
511317,body,138,0,True,[40],Den euch der HErr wird ſchencken.,den euch der herr wird ſchencken,den euch der herr wird schencken
511317,body,139,0,True,[40],Aber genug auch von dieſem.,aber genug auch von dieſem,aber genug auch uon diesem
511317,head,140,0,True,[40],De III.,de iii,de iii
511317,body,141,0,False,[40],"FOlget hierauff der dritte vnd letzte Frewdenſtrall/ welchen das Liecht der Welt in abgeleſenem Text ſpargiret, Conſecutionem poſtulando, So/ daß Er gar eigendlich berichtet/ wer denn die jenigen ſind/ die ſein vnd ſeiner Wolthaten/ zu Leibes vnd der Seelen heil genieſſen ſollen/ was aller derer Pflicht vnd gebuͤhrendes vornehmen ſey.",folget hierauff der dritte vnd letzte frewdenſtrall welchen das liecht der welt in abgeleſenem text ſpargiret conſecutionem poſtulando so daß er gar eigendlich berichtet wer denn die jenigen ſind die ſein vnd ſeiner wolthaten zu leibes vnd der seelen heil genieſſen ſollen was aller derer pflicht vnd gebuͤhrendes vornehmen ſey,folget hierauff der dritte und letzte frewdenstrall welchen das liecht der welt in abgelesenem text spargiret consecutionem postulando so dass er gar eigendlich berichtet wer denn die ienigen sind die sein und seiner wolthaten zu leibes und der seelen heil geniessen sollen was aller derer pflicht und gebuhrendes uornehmen sey
511317,body,141,1,False,[40],Sie ſollen nemlich jhme nachfolgen.,sie ſollen nemlich jhme nachfolgen,sie sollen nemlich ihme nachfolgen
511317,body,141,2,True,[40],Wer mir folget: ſpricht der Mund des Herren/ der wird nicht Wandeln im Finſternis/ ſondern wird das Liecht des Lebens haben.,wer mir folget ſpricht der mund des herren der wird nicht wandeln im finſternis ſondern wird das liecht des lebens haben,wer mir folget spricht der mund des herren der wird nicht wandeln im finsternis sondern wird das liecht des lebens haben
511317,body,142,0,False,[41],"Zwar es iſt der Herr Jeſus Salvator omnium hominum, 1. Timoth. 4. Ein Heiland aller Menſchen.",zwar es iſt der herr jeſus salvator omnium hominum timoth ein heiland aller menſchen,zwar es ist der herr iesus saluator omnium hominum timoth ein heiland aller menschen
511317,body,142,1,False,[41],"Er iſt ſo ein Liecht/ welches darumb in dieſe Welt kommen/ daß alle Menſchen erleuchten ſolte/ Joh. 1. Gleich wie aber das ſchoͤne helle glintzende Sonnenliecht/ zwar von dem Allmaͤchtigen Schoͤpffer eigentlich dazu deputiret iſt/ daß es aller Welt Liecht geben ſol/ Syr. 43. Wann aber viel in deſſen/ des allerhelleſten Sonnenliechts nicht genieſſen/ als die aus freywilligem fuͤrnehmen/ die Augen zu druͤcken/ ſich in verborgene Winckel verſchleichen/ oder ſonſten auff andere Wege verhuͤllen vnd verdecken/ O da iſt ja vorwahr nicht das ſchoͤne Corpus ſolare, Es iſt nicht der Schoͤpffer im Himmel/ vrſach daran/ ſondern er der eigenwillige Menſch mag jhm nur alle Schuld ſelbeſt attribuiren.",er iſt ſo ein liecht welches darumb in dieſe welt kommen daß alle menſchen erleuchten ſolte joh gleich wie aber das ſchoͤne helle glintzende sonnenliecht zwar von dem allmaͤchtigen schoͤpffer eigentlich dazu deputiret iſt daß es aller welt liecht geben ſol syr wann aber viel in deſſen des allerhelleſten sonnenliechts nicht genieſſen als die aus freywilligem fuͤrnehmen die augen zu druͤcken ſich in verborgene winckel verſchleichen oder ſonſten auff andere wege verhuͤllen vnd verdecken o da iſt ja vorwahr nicht das ſchoͤne corpus ſolare es iſt nicht der schoͤpffer im himmel vrſach daran ſondern er der eigenwillige menſch mag jhm nur alle schuld ſelbeſt attribuiren,er ist so ein liecht welches darumb in diese welt kommen dass alle menschen erleuchten solte ioh gleich wie aber das schone helle glintzende sonnenliecht zwar uon dem allmachtigen schopffer eigentlich dazu deputiret ist dass es aller welt liecht geben sol syr wann aber uiel in dessen des allerhellesten sonnenliechts nicht geniessen als die aus freywilligem furnehmen die augen zu drucken sich in uerborgene winckel uerschleichen oder sonsten auff andere wege uerhullen und uerdecken o da ist ia uorwahr nicht das schone corpus solare es ist nicht der schopffer im himmel ursach daran sondern er der eigenwillige mensch mag ihm nur alle schuld selbest attribuiren
511317,body,142,2,False,[41],"So daß viel/ vnd zwar gar ſehr viel Mutterkind/ tenebris ignorantiæ, in der Finſternis alles Vngluͤcks/ in der Finſternis des Todtes vnd Verdamnis bleiben: Was iſt deſſen vrſach.",so daß viel vnd zwar gar ſehr viel mutterkind tenebris ignorantiæ in der finſternis alles vngluͤcks in der finſternis des todtes vnd verdamnis bleiben was iſt deſſen vrſach,so dass uiel und zwar gar sehr uiel mutterkind tenebris ignorantiae in der finsternis alles unglucks in der finsternis des todtes und uerdamnis bleiben was ist dessen ursach
511317,body,142,3,False,[41],"O Iſrael ex te perditio, ſchreyet der groſſe Jehova, Hoſe. 13. O Jſrael du bringeſt dich ſelbſt in Vngluͤck.",o iſrael ex te perditio ſchreyet der groſſe jehova hoſe o jſrael du bringeſt dich ſelbſt in vngluͤck,o israel ex te perditio schreyet der grosse iehoua hose o israel du bringest dich selbst in ungluck
511317,body,142,4,False,[41],"Es iſt ja die heilſame Gnade Gottes allen Menſchen erſchienen/ Tit. 2. Gerne wolte Gott/ daß allen Menſchen geholffen wuͤrde/ vnd zur Erkaͤntnis der Warheit kaͤmen/ 1. Timoth. 2. Aber wie gleich der hocherleuchte Apoſtel des Herrn klaget/ Rom. 10. Non omnes obediunt Evangelio, O ſie ſind nicht alle dem Evangelio gehorſam.",es iſt ja die heilſame gnade gottes allen menſchen erſchienen tit gerne wolte gott daß allen menſchen geholffen wuͤrde vnd zur erkaͤntnis der warheit kaͤmen timoth aber wie gleich der hocherleuchte apoſtel des herrn klaget rom non omnes obediunt evangelio o ſie ſind nicht alle dem evangelio gehorſam,es ist ia die heilsame gnade gottes allen menschen erschienen tit gerne wolte gott dass allen menschen geholffen wurde und zur erkantnis der warheit kamen timoth aber wie gleich der hocherleuchte apostel des herrn klaget rom non omnes obediunt euangelio o sie sind nicht alle dem euangelio gehorsam
511317,body,142,5,False,[41],O wie viel ſind ihrer/ ſo die Finſternis mehr lieben/ als das Liecht/ Joh. 3. Chriſti Perſon/ Chriſti Lehr/ Chriſti Wolthaten/ wird allzugering bey jhnen geacht.,o wie viel ſind ihrer ſo die finſternis mehr lieben als das liecht joh chriſti perſon chriſti lehr chriſti wolthaten wird allzugering bey jhnen geacht,o wie uiel sind ihrer so die finsternis mehr lieben als das liecht ioh christi person christi lehr christi wolthaten wird allzugering bey ihnen geacht
511317,body,142,6,False,[42],"Sie verachten das/ ſtehet dorten von den eingeladenen Hochzeit Gaͤſten des Evangeliſchen Abendmals/ Matth. 22. O wie viel ſind jhrer/ die dem heiligen Geiſt allezeit widerſtreben/ Act. 7. Sie Widerſprechen vnd Laͤſtern/ Act. 13. Wie gern wolte ſie der HErr Jeſus verſamlen/ wie eine Henne jhre Keuchlein vnter jhre Fliegel/ aber/ ſimpliciter, ſie wollen nicht/ Matth. 23. Was iſt es denn nun wunder/ wenn jhnen zuletzt hierauff von dem hoͤlliſchen Kerckermeiſter/ Hende vnd Fuͤſſe gebunden/ vnd ſie ins euſſerſte Finſternis hinaus geworffen werden/ Matth. 22. Gratia Dei in communi poſita eſt, & nemo illius expers eſt, niſi quirenuit, ſaget ein alter Kirchenlehrer.",sie verachten das ſtehet dorten von den eingeladenen hochzeit gaͤſten des evangeliſchen abendmals matth o wie viel ſind jhrer die dem heiligen geiſt allezeit widerſtreben act sie widerſprechen vnd laͤſtern act wie gern wolte ſie der herr jeſus verſamlen wie eine henne jhre keuchlein vnter jhre fliegel aber ſimpliciter ſie wollen nicht matth was iſt es denn nun wunder wenn jhnen zuletzt hierauff von dem hoͤlliſchen kerckermeiſter hende vnd fuͤſſe gebunden vnd ſie ins euſſerſte finſternis hinaus geworffen werden matth gratia dei in communi poſita eſt & nemo illius expers eſt niſi quirenuit ſaget ein alter kirchenlehrer,sie uerachten das stehet dorten uon den eingeladenen hochzeit gasten des euangelischen abendmals matth o wie uiel sind ihrer die dem heiligen geist allezeit widerstreben act sie widersprechen und lastern act wie gern wolte sie der herr iesus uersamlen wie eine henne ihre keuchlein unter ihre fliegel aber simpliciter sie wollen nicht matth was ist es denn nun wunder wenn ihnen zuletzt hierauff uon dem hollischen kerckermeister hende und fusse gebunden und sie ins eusserste finsternis hinaus geworffen werden matth gratia dei in communi posita est et nemo illius expers est nisi quirenuit saget ein alter kirchenlehrer
511317,body,142,7,True,[42],Hat doch das mildreiche Vaterhertz vnſers Gottes/ ſeine ſeligmachende Gnade in Chriſto/ mitten vnter dem groſſen Hauffen der Menſchen zu allgemeinem Genieß dahin gegeben/ vnd niemanden davon außgeſchloſſen/ der ſich nur nicht ſelbſt gutvnd muthwillig ausſchleuſt.,hat doch das mildreiche vaterhertz vnſers gottes ſeine ſeligmachende gnade in chriſto mitten vnter dem groſſen hauffen der menſchen zu allgemeinem genieß dahin gegeben vnd niemanden davon außgeſchloſſen der ſich nur nicht ſelbſt gutvnd muthwillig ausſchleuſt,hat doch das mildreiche uaterhertz unsers gottes seine seligmachende gnade in christo mitten unter dem grossen hauffen der menschen zu allgemeinem geniess dahin gegeben und niemanden dauon aussgeschlossen der sich nur nicht selbst gutund muthwillig ausschleust
511317,body,143,0,False,[42],Drumb/ O ſo hoͤre/ O ſo lerne doch/ du meine Seele/ wie du dich gegen dem groſſen Liecht der Welt erweiſen ſolt.,drumb o ſo hoͤre o ſo lerne doch du meine seele wie du dich gegen dem groſſen liecht der welt erweiſen ſolt,drumb o so hore o so lerne doch du meine seele wie du dich gegen dem grossen liecht der welt erweisen solt
511317,body,143,1,True,[42],Jch wil es gar kurtz beruͤhren:,jch wil es gar kurtz beruͤhren,ich wil es gar kurtz beruhren
511317,body,144,0,True,[42],"1. Sequere Chriſtum docentem, Du ſolt in Religions- vnd Glaubensſachen/ allein deinem Herrn Jeſu folgen: Hunc audite, ſaget die laute Stim̃e vom Himmel/ Matth. 17. Einer iſt ewer Meiſter/ Chriſtus/ ſtehet/ Matth. 23. Der iſt vns von Gott gemacht zur Weißheit/ 1. Cor. 1. er iſt die Warheit/ Joh. 14. Sein Wort wird vns richten am Juͤngſten Tage/ Joh. 12. Drumb die einem Frembden nacheilen/ O die werden groß Hertzeleid haben/ Pſal. 16.",sequere chriſtum docentem du ſolt in religions vnd glaubensſachen allein deinem herrn jeſu folgen hunc audite ſaget die laute stim̃e vom himmel matth einer iſt ewer meiſter chriſtus ſtehet matth der iſt vns von gott gemacht zur weißheit cor er iſt die warheit joh sein wort wird vns richten am juͤngſten tage joh drumb die einem frembden nacheilen o die werden groß hertzeleid haben pſal,sequere christum docentem du solt in religions und glaubenssachen allein deinem herrn iesu folgen hunc audite saget die laute stimme uom himmel matth einer ist ewer meister christus stehet matth der ist uns uon gott gemacht zur weissheit cor er ist die warheit ioh sein wort wird uns richten am iungsten tage ioh drumb die einem frembden nacheilen o die werden gross hertzeleid haben psal
511317,body,145,0,True,[43],O Gott heiliger Geiſt/ behuͤte ja fuͤr frembder Lehr/ daß wir nicht Meiſter ſuchen mehr/ denn Jeſum Chriſt in rechtem glauben/ vnd jhm aus gantzer Macht vertrawen.,o gott heiliger geiſt behuͤte ja fuͤr frembder lehr daß wir nicht meiſter ſuchen mehr denn jeſum chriſt in rechtem glauben vnd jhm aus gantzer macht vertrawen,o gott heiliger geist behute ia fur frembder lehr dass wir nicht meister suchen mehr denn iesum christ in rechtem glauben und ihm aus gantzer macht uertrawen
511317,body,146,0,False,[43],"2. Folge/ O du Chriſtglaͤubige Seele/ folge deinem Herren Jeſu/ ſequere Chriſtum orantem, ſo/ daß du Hertzandaͤchtig von jhme Beten lerneſt/ wie Er denn nicht allein nit Worten/ ſeine außerwehlte Apoſtel Beten lehret/ Matth. 6. & 7. Luc. 11. & 18. Sondern mit ſeinem Exempel leuchtet Er vns auch vor in der Betekunſt/ Matth. 14. Luc. 5. 6. 9. & 11. Joh. 17. Ja zur zeit ſeines Leidens im Oelegarten/ Matth. 26. Zur zeit ſeines Sterbens/ Matth. 27. ꝛc. So bitte nun in Jeſu Chriſti Nahmen/ Joh. 16. ey prope eſt Dominus omnibus invocantibus illum, Der Herr iſt nahe denen/ die jhn anruffen.",folge o du chriſtglaͤubige seele folge deinem herren jeſu ſequere chriſtum orantem ſo daß du hertzandaͤchtig von jhme beten lerneſt wie er denn nicht allein nit worten ſeine außerwehlte apoſtel beten lehret matth & luc & sondern mit ſeinem exempel leuchtet er vns auch vor in der betekunſt matth luc & joh ja zur zeit ſeines leidens im oelegarten matth zur zeit ſeines sterbens matth ꝛc so bitte nun in jeſu chriſti nahmen joh ey prope eſt dominus omnibus invocantibus illum der herr iſt nahe denen die jhn anruffen,folge o du christglaubige seele folge deinem herren iesu sequere christum orantem so dass du hertzandachtig uon ihme beten lernest wie er denn nicht allein nit worten seine ausserwehlte apostel beten lehret matth et luc et sondern mit seinem exempel leuchtet er uns auch uor in der betekunst matth luc et ioh ia zur zeit seines leidens im oelegarten matth zur zeit seines sterbens matth c so bitte nun in iesu christi nahmen ioh ey prope est dominus omnibus inuocantibus illum der herr ist nahe denen die ihn anruffen
511317,body,146,1,False,[43],Er thut/ was die Gottfuͤrchtigen begehren.,er thut was die gottfuͤrchtigen begehren,er thut was die gottfurchtigen begehren
511317,body,146,2,True,[43],Er hoͤret jhr ſchreyen/ vnd hilfft jhnen aus/ Pſal. 145. Er iſt Reich vber alle/ die jhn anruffen/ Rom. 10. Bete aber nach dem Liecht vnd Bericht des HErrn Jeſu/ nicht fuͤr dich ſelbſt allein/ ſondern bete fuͤr alle Menſchen/ 1. Timoth. 2. Bete auch fuͤr die/ ſo dich beleidigen/ Matth. 5. Bete beſonders fuͤr deine Glaubensgenoſſen/ Jacob. 5.,er hoͤret jhr ſchreyen vnd hilfft jhnen aus pſal er iſt reich vber alle die jhn anruffen rom bete aber nach dem liecht vnd bericht des herrn jeſu nicht fuͤr dich ſelbſt allein ſondern bete fuͤr alle menſchen timoth bete auch fuͤr die ſo dich beleidigen matth bete beſonders fuͤr deine glaubensgenoſſen jacob,er horet ihr schreyen und hilfft ihnen aus psal er ist reich uber alle die ihn anruffen rom bete aber nach dem liecht und bericht des herrn iesu nicht fur dich selbst allein sondern bete fur alle menschen timoth bete auch fur die so dich beleidigen matth bete besonders fur deine glaubensgenossen iacob
511317,body,147,0,True,[43],"3. Folge/ O du Chriſtglaͤubige Seele/ folge deinem HErrn Jeſu/ ſequere Chriſtum ſanantem, Biſtu Kranck vnd leideſt Noth an deinen Leibeskraͤfften: Ey wende dich zum HErrn Jeſu/ Schawe welch ein Troſtliecht finckelt aus ſeinem Munde/ Jerem. 30. Jch wil ſie Geſund machen/ vnd jhre verzweiffelte boͤſe Schaͤden heilen.",folge o du chriſtglaͤubige seele folge deinem herrn jeſu ſequere chriſtum ſanantem biſtu kranck vnd leideſt noth an deinen leibeskraͤfften ey wende dich zum herrn jeſu schawe welch ein troſtliecht finckelt aus ſeinem munde jerem jch wil ſie geſund machen vnd jhre verzweiffelte boͤſe schaͤden heilen,folge o du christglaubige seele folge deinem herrn iesu sequere christum sanantem bistu kranck und leidest noth an deinen leibeskrafften ey wende dich zum herrn iesu schawe welch ein trostliecht finckelt aus seinem munde ierem ich wil sie gesund machen und ihre uerzweiffelte bose schaden heilen
511317,body,148,0,False,[44],Schaw welche Frewden glaͤntzen gehen von ſeinen Haͤnden/ die alles endern koͤnnen/ Pſal. 77. Aber folge auch deinem Herrn Jeſu zu andern Patienten/ daß du denen mit muͤglichem Rath/ mit Labſal vnd Erquickung/ mit Pflaͤge vnd Wartung/ beywohneſt.,schaw welche frewden glaͤntzen gehen von ſeinen haͤnden die alles endern koͤnnen pſal aber folge auch deinem herrn jeſu zu andern patienten daß du denen mit muͤglichem rath mit labſal vnd erquickung mit pflaͤge vnd wartung beywohneſt,schaw welche frewden glantzen gehen uon seinen handen die alles endern konnen psal aber folge auch deinem herrn iesu zu andern patienten dass du denen mit muglichem rath mit labsal und erquickung mit pflage und wartung beywohnest
511317,body,148,1,True,[44],O dencke an das Wort des Herrn Jeſu/ Matth. 25. Jch bin kranck geweſen/ vnd jhr ſeid zu mir kom̃en.,o dencke an das wort des herrn jeſu matth jch bin kranck geweſen vnd jhr ſeid zu mir kom̃en,o dencke an das wort des herrn iesu matth ich bin kranck gewesen und ihr seid zu mir kommen
511317,body,149,0,False,[44],4. Folge/ O du Chriſtglaͤubige Seele/ folge deinem Herrn Jeſu.,folge o du chriſtglaͤubige seele folge deinem herrn jeſu,folge o du christglaubige seele folge deinem herrn iesu
511317,body,149,1,False,[44],"Sequere Chriſtum ſaturantem, fellet dir in Leibesnahrung maͤngel vor: Es heiſt nicht allein/ Vinum non habent, Joh. 2. Sondern es heiſt auch/ Quod edant, non habent, Marc. 8. Sie haben nichts zu Eſſen: Ey ſo wende dich zu deinem Herrn Jeſu/ der ſo fleiſſig ſorget/ vnd mit dem Liecht ſeiner Goͤttlichen providentz, gleich in Kuͤch vnd Keller vmbher gehet/ forſchet vnd fraget/ Joh. 21. Kindlin/ habt jhr was zu Eſſen.",sequere chriſtum ſaturantem fellet dir in leibesnahrung maͤngel vor es heiſt nicht allein vinum non habent joh sondern es heiſt auch quod edant non habent marc sie haben nichts zu eſſen ey ſo wende dich zu deinem herrn jeſu der ſo fleiſſig ſorget vnd mit dem liecht ſeiner goͤttlichen providentz gleich in kuͤch vnd keller vmbher gehet forſchet vnd fraget joh kindlin habt jhr was zu eſſen,sequere christum saturantem fellet dir in leibesnahrung mangel uor es heist nicht allein uinum non habent ioh sondern es heist auch quod edant non habent marc sie haben nichts zu essen ey so wende dich zu deinem herrn iesu der so fleissig sorget und mit dem liecht seiner gottlichen prouidentz gleich in kuch und keller umbher gehet forschet und fraget ioh kindlin habt ihr was zu essen
511317,body,149,2,False,[44],Der ſo mildiglich ſeine Hand auffthut/ vnd ſattiget alles/ was lebet auff erden/ Pſal. 145. O wie ein Troſtliecht iſt das/ daß Er verſpricht/ Pfal. 132. Jch wil jhre Speiſe ſegnen/ vnd jhren Aemen Brods genung geben.,der ſo mildiglich ſeine hand auffthut vnd ſattiget alles was lebet auff erden pſal o wie ein troſtliecht iſt das daß er verſpricht pfal jch wil jhre speiſe ſegnen vnd jhren aemen brods genung geben,der so mildiglich seine hand auffthut und sattiget alles was lebet auff erden psal o wie ein trostliecht ist das dass er uerspricht pfal ich wil ihre speise segnen und ihren aemen brods genung geben
511317,body,149,3,False,[44],Du auch O Chriſtenhertze folge deinem Herrn Jeſu/ vnd thue auff deine milde Hand/ dem Duͤrfftigen in deinem Lande.,du auch o chriſtenhertze folge deinem herrn jeſu vnd thue auff deine milde hand dem duͤrfftigen in deinem lande,du auch o christenhertze folge deinem herrn iesu und thue auff deine milde hand dem durfftigen in deinem lande
511317,body,149,4,False,[44],Brich dem Hungrigen dein Brod/ Vnd die/ ſo im Elend ſind/ fuͤhre ins Haus.,brich dem hungrigen dein brod vnd die ſo im elend ſind fuͤhre ins haus,brich dem hungrigen dein brod und die so im elend sind fuhre ins haus
511317,body,149,5,False,[44],So du einen nacket ſiheſt/ ſo kleide jhn/ vnd entzeuch dich nicht deinem Fleiſch.,so du einen nacket ſiheſt ſo kleide jhn vnd entzeuch dich nicht deinem fleiſch,so du einen nacket sihest so kleide ihn und entzeuch dich nicht deinem fleisch
511317,body,149,6,False,[44],Als denn wird dein Liecht herfuͤrbrechen/ wie die Morgenroͤthe/ vnd deine Beſſerung wird ſchnelle wachſen.,als denn wird dein liecht herfuͤrbrechen wie die morgenroͤthe vnd deine beſſerung wird ſchnelle wachſen,als denn wird dein liecht herfurbrechen wie die morgenrothe und deine besserung wird schnelle wachsen
511317,body,149,7,True,[45],Dencke an das Wort des Herrn Jeſu/ Matth. 10. vnd 25. Was jhr einem vnter dieſen meinen geringſten Bruͤdern gethan habt/ das habt jhr mir gethan.,dencke an das wort des herrn jeſu matth vnd was jhr einem vnter dieſen meinen geringſten bruͤdern gethan habt das habt jhr mir gethan,dencke an das wort des herrn iesu matth und was ihr einem unter diesen meinen geringsten brudern gethan habt das habt ihr mir gethan
511317,body,150,0,False,[45],5. Folge/ O du Chriſtglaͤubige Seele/ folge deinem Herrn Jeſu: Sequere Chriſtum diabolum ejicientẽ.,folge o du chriſtglaͤubige seele folge deinem herrn jeſu sequere chriſtum diabolum ejicientẽ,folge o du christglaubige seele folge deinem herrn iesu sequere christum diabolum eiicienten
511317,body,150,1,False,[45],So/ wenn du merckeſt/ daß dich der Satan begehret zu Sichten wie den Weitzen/ Luc. 22. Wenn du ſeine liſtige Anlaͤuffe/ ſeine fewrige Pfeile fuͤhleſt/ Epheſ. 6. Wenn er dir nachſchleicht wie ein bruͤllender Lewe/ vnd wil dich verſchliengen/ 1. Petr. 5. Wenn er groſſe Waſſerſtroͤme der Truͤbſal nach dir geuſt/ Apoc. 12. Wenn er dich mit Faͤuſten ſchlaͤget/ wie Paulum/ 2. Cor. 12. Ey ſo wende dich zum Herrn Jeſu/ Gedencke vnd glaͤube gewiß/ daß Er ſey des Weibesſamen/ Der der Schlangen den Kopff zutreten ſolle/ Gen. 3. Daß Er als der Sohn Gottes darzu erſchienen ſey/ daß er die Werck des Teuffels zerſtoͤre/ 1. Johan 3. Sihe hier iſt mehr den Raphael/ welcher den leidigen Aſmodi ferne in die Wuͤſten treib/ nimmer zu ſchaden/ Tob. 8. Ach der Herr Jeſus iſt der Gott des Friedes/ der wil den Satan vnter vnſer Fuͤſſe treten/ Rom. 16. Drumb ergreiff nur den Harniſch Gottes/ O ſo wirſtu/ wenn das boͤſe Stuͤndlein kompt/ alles wol außrichten/ vnd das Feld behalten.,so wenn du merckeſt daß dich der satan begehret zu sichten wie den weitzen luc wenn du ſeine liſtige anlaͤuffe ſeine fewrige pfeile fuͤhleſt epheſ wenn er dir nachſchleicht wie ein bruͤllender lewe vnd wil dich verſchliengen petr wenn er groſſe waſſerſtroͤme der truͤbſal nach dir geuſt apoc wenn er dich mit faͤuſten ſchlaͤget wie paulum cor ey ſo wende dich zum herrn jeſu gedencke vnd glaͤube gewiß daß er ſey des weibesſamen der der schlangen den kopff zutreten ſolle gen daß er als der sohn gottes darzu erſchienen ſey daß er die werck des teuffels zerſtoͤre johan sihe hier iſt mehr den raphael welcher den leidigen aſmodi ferne in die wuͤſten treib nimmer zu ſchaden tob ach der herr jeſus iſt der gott des friedes der wil den satan vnter vnſer fuͤſſe treten rom drumb ergreiff nur den harniſch gottes o ſo wirſtu wenn das boͤſe stuͤndlein kompt alles wol außrichten vnd das feld behalten,so wenn du merckest dass dich der satan begehret zu sichten wie den weitzen luc wenn du seine listige anlauffe seine fewrige pfeile fuhlest ephes wenn er dir nachschleicht wie ein brullender lewe und wil dich uerschliengen petr wenn er grosse wasserstrome der trubsal nach dir geust apoc wenn er dich mit fausten schlaget wie paulum cor ey so wende dich zum herrn iesu gedencke und glaube gewiss dass er sey des weibessamen der der schlangen den kopff zutreten solle gen dass er als der sohn gottes darzu erschienen sey dass er die werck des teuffels zerstore iohan sihe hier ist mehr den raphael welcher den leidigen asmodi ferne in die wusten treib nimmer zu schaden tob ach der herr iesus ist der gott des friedes der wil den satan unter unser fusse treten rom drumb ergreiff nur den harnisch gottes o so wirstu wenn das bose stundlein kompt alles wol aussrichten und das feld behalten
511317,body,150,2,True,[45],Dencke vnd glaͤube gewiß:,dencke vnd glaͤube gewiß,dencke und glaube gewiss
511317,body,151,0,True,[45],"Si Mundus hic Dæmonibus,",si mundus hic dæmonibus,si mundus hic daemonibus
511317,body,152,0,True,[45],Scateret ſicut vermibus;,scateret ſicut vermibus,scateret sicut uermibus
511317,body,153,0,True,[45],"Nil timeremus anxiè,",nil timeremus anxiè,nil timeremus anxie
511317,body,154,0,True,[45],"Vancemus tandem ſtrenuè,",vancemus tandem ſtrenuè,uancemus tandem strenue
511317,body,155,0,True,[46],"Nocere neſcit nebulo,",nocere neſcit nebulo,nocere nescit nebulo
511317,body,156,0,True,[46],Cum fractus ſit vel verbulo.,cum fractus ſit vel verbulo,cum fractus sit uel uerbulo
511317,body,157,0,True,[46],Vnd wenn die Welt voll Teuffel wer/,vnd wenn die welt voll teuffel wer,und wenn die welt uoll teuffel wer
511317,body,158,0,True,[46],Vnd wolten vns gar verſchlingen/,vnd wolten vns gar verſchlingen,und wolten uns gar uerschlingen
511317,body,159,0,True,[46],So fuͤrchten wir vns nicht ſo ſehr/,so fuͤrchten wir vns nicht ſo ſehr,so furchten wir uns nicht so sehr
511317,body,160,0,True,[46],Es ſol vns doch gelingen.,es ſol vns doch gelingen,es sol uns doch gelingen
511317,body,161,0,True,[46],Der Fuͤrſt dieſer Welt/,der fuͤrſt dieſer welt,der furst dieser welt
511317,body,162,0,True,[46],Wie ſaur er ſich ſtelle/,wie ſaur er ſich ſtelle,wie saur er sich stelle
511317,body,163,0,True,[46],Thut er vns doch nichts/,thut er vns doch nichts,thut er uns doch nichts
511317,body,164,0,True,[46],Das macht er iſt gericht/,das macht er iſt gericht,das macht er ist gericht
511317,body,165,0,True,[46],Ein Woͤrtlein kan jhn faͤllen.,ein woͤrtlein kan jhn faͤllen,ein wortlein kan ihn fallen
511317,body,166,0,False,[46],6. Folge/ O du Chriſtglaͤubige Seele/ folge deinem Herrn Jeſu: Sequere Chriſtum veritatem intrepidè confitentem.,folge o du chriſtglaͤubige seele folge deinem herrn jeſu sequere chriſtum veritatem intrepidè confitentem,folge o du christglaubige seele folge deinem herrn iesu sequere christum ueritatem intrepide confitentem
511317,body,166,1,False,[46],So/ wie du hoͤreſt/ daß Er ein gut Bekaͤntnis vnter Pontio Pilato bezeuget hat/ 1. Tim. 6. Du auch dieſem groſſen Liecht der vngeſcheweten Warheit frewdig nachgeheſt/ halt an der Bekaͤntnis vnd Hoffnung/ vnd wancke nicht/ Hebr. 10. Dencke/ O dencke an das Wort des Herrn Jeſu/ Matth. 10. Wer mich bekennet fuͤr den Menſchen/ den wil ich bekennen fuͤr meinem himliſchen Vater.,so wie du hoͤreſt daß er ein gut bekaͤntnis vnter pontio pilato bezeuget hat tim du auch dieſem groſſen liecht der vngeſcheweten warheit frewdig nachgeheſt halt an der bekaͤntnis vnd hoffnung vnd wancke nicht hebr dencke o dencke an das wort des herrn jeſu matth wer mich bekennet fuͤr den menſchen den wil ich bekennen fuͤr meinem himliſchen vater,so wie du horest dass er ein gut bekantnis unter pontio pilato bezeuget hat tim du auch diesem grossen liecht der ungescheweten warheit frewdig nachgehest halt an der bekantnis und hoffnung und wancke nicht hebr dencke o dencke an das wort des herrn iesu matth wer mich bekennet fur den menschen den wil ich bekennen fur meinem himlischen uater
511317,body,166,2,False,[46],Dencke an das Wort des Herrn Jeſu/ Luc. 9. Wer ſich mein vnd meiner Worte ſchemet/ des wird ſich des Menſchen Sohn auch ſchaͤmen/ wann er kommen wird in ſeiner Herrligket.,dencke an das wort des herrn jeſu luc wer ſich mein vnd meiner worte ſchemet des wird ſich des menſchen sohn auch ſchaͤmen wann er kommen wird in ſeiner herrligket,dencke an das wort des herrn iesu luc wer sich mein und meiner worte schemet des wird sich des menschen sohn auch schamen wann er kommen wird in seiner herrligket
511317,body,166,3,True,[46],Ey das angezuͤndete Liechtlein des wahren Glaubens in deinem Hertzen/ ſol nicht vnter die Banck verſteckt/ oder mit einem modio verdeckt werden/ Matth. 5. Wir glaͤuben darumb reden wir/ ſaget S. Paulus/ 2. Cor. 4. Wohnet Jeſus durch den Glauben in deinem Hertzen/ Eph. 3. Vnmuͤglich iſts/ daß der Mund nicht deſſen ſolt vbergehen/ Matth. 12.,ey das angezuͤndete liechtlein des wahren glaubens in deinem hertzen ſol nicht vnter die banck verſteckt oder mit einem modio verdeckt werden matth wir glaͤuben darumb reden wir ſaget s paulus cor wohnet jeſus durch den glauben in deinem hertzen eph vnmuͤglich iſts daß der mund nicht deſſen ſolt vbergehen matth,ey das angezundete liechtlein des wahren glaubens in deinem hertzen sol nicht unter die banck uersteckt oder mit einem modio uerdeckt werden matth wir glauben darumb reden wir saget s paulus cor wohnet iesus durch den glauben in deinem hertzen eph unmuglich ists dass der mund nicht dessen solt ubergehen matth
511317,body,167,0,False,[47],7. Folge/ O du Chriſtglaͤubige Seele/ folge deinem Herrn Jeſu: Sequere Chriſtum confidenter patientem ac morientem.,folge o du chriſtglaͤubige seele folge deinem herrn jeſu sequere chriſtum confidenter patientem ac morientem,folge o du christglaubige seele folge deinem herrn iesu sequere christum confidenter patientem ac morientem
511317,body,167,1,True,[47],"So/ daß gleich wie der Herr Jeſus/ ja in Tagen ſeines Wandels auff erden/ noviſſimus virorum, der aller verachteſte vnd vnwertheſte geweſen/ voller Schmertzen vnd Kranckheit/ Eſa. 53. Vermis & non homo, Gleich wie ein Wurm/ vnd kein Menſch/ Pſalm 22. Dennoch aber dis vnwandelbare vertrawen in ſeinem Hertzen behalten/ daß Er Gottes Sohn/ vnd Gott ſein ewiger Vater ſey/ Matth. 26. Luc. 23. Daß Er/ welchen jetzt die Juͤden vnehreten/ von Gott ſeinem Vater wuͤrde geehret werden/ Joh. 8. Daß Er durch ſein Leiden zur Herrligkeit eingehen wuͤrde/ Luc. 24. Daß Er/ der damals vnter die Vbelthaͤter gerechnet wurde/ bald darauff werde ſitzen zur Rechten Hand der Krafft Gottes/ Luc. 22. Ebener maſſen du auch/ O meine Seele/ ob du in dieſer Welt deinem Herrn Jeſu/ das Creutze nachtragen muſt/ Matth. 10. vnd 16. Luc. 9. Wirſt vmb ſeinet willen verſchmaͤhet vnd verfolget/ Matth. 5. Du wirſt in viel Truͤbſal vberantwortet/ Matth. 24. Es kompt die Zeit/ daß wer dich Toͤdtet/ vermeynet wol/ er thue Gott einen dienſt daran/ Joh. 16. Du Heuleſt vnd Weineſt/ aber die Welt frewet ſich.",so daß gleich wie der herr jeſus ja in tagen ſeines wandels auff erden noviſſimus virorum der aller verachteſte vnd vnwertheſte geweſen voller schmertzen vnd kranckheit eſa vermis & non homo gleich wie ein wurm vnd kein menſch pſalm dennoch aber dis vnwandelbare vertrawen in ſeinem hertzen behalten daß er gottes sohn vnd gott ſein ewiger vater ſey matth luc daß er welchen jetzt die juͤden vnehreten von gott ſeinem vater wuͤrde geehret werden joh daß er durch ſein leiden zur herrligkeit eingehen wuͤrde luc daß er der damals vnter die vbelthaͤter gerechnet wurde bald darauff werde ſitzen zur rechten hand der krafft gottes luc ebener maſſen du auch o meine seele ob du in dieſer welt deinem herrn jeſu das creutze nachtragen muſt matth vnd luc wirſt vmb ſeinet willen verſchmaͤhet vnd verfolget matth du wirſt in viel truͤbſal vberantwortet matth es kompt die zeit daß wer dich toͤdtet vermeynet wol er thue gott einen dienſt daran joh du heuleſt vnd weineſt aber die welt frewet ſich,so dass gleich wie der herr iesus ia in tagen seines wandels auff erden nouissimus uirorum der aller uerachteste und unwertheste gewesen uoller schmertzen und kranckheit esa uermis et non homo gleich wie ein wurm und kein mensch psalm dennoch aber dis unwandelbare uertrawen in seinem hertzen behalten dass er gottes sohn und gott sein ewiger uater sey matth luc dass er welchen ietzt die iuden unehreten uon gott seinem uater wurde geehret werden ioh dass er durch sein leiden zur herrligkeit eingehen wurde luc dass er der damals unter die ubelthater gerechnet wurde bald darauff werde sitzen zur rechten hand der krafft gottes luc ebener massen du auch o meine seele ob du in dieser welt deinem herrn iesu das creutze nachtragen must matth und luc wirst umb seinet willen uerschmahet und uerfolget matth du wirst in uiel trubsal uberantwortet matth es kompt die zeit dass wer dich todtet uermeynet wol er thue gott einen dienst daran ioh du heulest und weinest aber die welt frewet sich
511317,body,168,0,False,[47],O aͤrgere dich an ſolchem Zufall nicht/ laß dichs nicht befrembden/ als wiederfuͤhre dir was ſeltzames/ Sihe auff das groſſe Liecht der Welt Jeſum Chriſtum/ dem folge nach.,o aͤrgere dich an ſolchem zufall nicht laß dichs nicht befrembden als wiederfuͤhre dir was ſeltzames sihe auff das groſſe liecht der welt jeſum chriſtum dem folge nach,o argere dich an solchem zufall nicht lass dichs nicht befrembden als wiederfuhre dir was seltzames sihe auff das grosse liecht der welt iesum christum dem folge nach
511317,body,168,1,True,[47],"Denn das iſt je gewißlich wahr/ Sterben wir mit/ ſo werden wir mit Leben/ Dulden wir/ ſo werden wir mit Herrſchen/ 2. Tim: 2. Halt feſte/ O meine Sele/ halt feſte vnd leide dich/ als ein guter Streitter Jeſu Chriſti/ Syr. 2. 2. Tim. 2. So wirſtu auch die herrliche Crone/ die Crone der Gerechtigkeit empfahen/ aus der Hand des HErrn/ Sap. 5. 2. Tim. 4. Hoͤre/ wie dir dein Herr Jeſus zuruffet/ Eſto fidelis, Sey getrew biß in den Todt/ ſo wil ich dir die Crone des Lebens geben/ Apoc. 2 Bleibe bey dieſem Vertrawen/ daß du Gottes Kind biſt/ durch den Glauben an Jeſum Chriſt/ Joh. 1. Gal. 3. Biſtu Gottes Kind/ Ey freylich/ ſo biſtu auch Gottes Erbe/ vnd Miterbe Chriſti/ Rom. 8. O ſo wird freylich alle dieſer Zeit Leiden nicht werth ſeyn der Herrligkeit/ die folgendes an dir ſol offenbar werden/ Rom 8. Du wirſt haben eine ewige vnd vber alle maß wichtige Herrligkeit/ 2. Cor. 4. Si credis, gloriam Dei videbis, ſaget der Herr Jeſus zu Martha/ Joh. 11. So du glaͤuben wirſt/ ſoltu die Herrligkeit Gottes ſehen.",denn das iſt je gewißlich wahr sterben wir mit ſo werden wir mit leben dulden wir ſo werden wir mit herrſchen tim halt feſte o meine sele halt feſte vnd leide dich als ein guter streitter jeſu chriſti syr tim so wirſtu auch die herrliche crone die crone der gerechtigkeit empfahen aus der hand des herrn sap tim hoͤre wie dir dein herr jeſus zuruffet eſto fidelis sey getrew biß in den todt ſo wil ich dir die crone des lebens geben apoc bleibe bey dieſem vertrawen daß du gottes kind biſt durch den glauben an jeſum chriſt joh gal biſtu gottes kind ey freylich ſo biſtu auch gottes erbe vnd miterbe chriſti rom o ſo wird freylich alle dieſer zeit leiden nicht werth ſeyn der herrligkeit die folgendes an dir ſol offenbar werden rom du wirſt haben eine ewige vnd vber alle maß wichtige herrligkeit cor si credis gloriam dei videbis ſaget der herr jeſus zu martha joh so du glaͤuben wirſt ſoltu die herrligkeit gottes ſehen,denn das ist ie gewisslich wahr sterben wir mit so werden wir mit leben dulden wir so werden wir mit herrschen tim halt feste o meine sele halt feste und leide dich als ein guter streitter iesu christi syr tim so wirstu auch die herrliche crone die crone der gerechtigkeit empfahen aus der hand des herrn sap tim hore wie dir dein herr iesus zuruffet esto fidelis sey getrew biss in den todt so wil ich dir die crone des lebens geben apoc bleibe bey diesem uertrawen dass du gottes kind bist durch den glauben an iesum christ ioh gal bistu gottes kind ey freylich so bistu auch gottes erbe und miterbe christi rom o so wird freylich alle dieser zeit leiden nicht werth seyn der herrligkeit die folgendes an dir sol offenbar werden rom du wirst haben eine ewige und uber alle mass wichtige herrligkeit cor si credis gloriam dei uidebis saget der herr iesus zu martha ioh so du glauben wirst soltu die herrligkeit gottes sehen
511317,body,169,0,False,[48],Ach mein HErr Jeſu/ ſo lehre mich nun thun nach deinem Wolgefallen/ Du biſt mein Gott/ dein guter Geiſt fuͤhre mich auff ebener Bahn.,ach mein herr jeſu ſo lehre mich nun thun nach deinem wolgefallen du biſt mein gott dein guter geiſt fuͤhre mich auff ebener bahn,ach mein herr iesu so lehre mich nun thun nach deinem wolgefallen du bist mein gott dein guter geist fuhre mich auff ebener bahn
511317,body,169,1,False,[48],Ach erhalte meinen Gang auff deinen Fußſteigen/ daß meine tritt nicht wancken.,ach erhalte meinen gang auff deinen fußſteigen daß meine tritt nicht wancken,ach erhalte meinen gang auff deinen fusssteigen dass meine tritt nicht wancken
511317,body,169,2,False,[48],Ach leite mich nach deinem Rath/ vnd nim mich endlich mit Ehren an/ Amen.,ach leite mich nach deinem rath vnd nim mich endlich mit ehren an amen,ach leite mich nach deinem rath und nim mich endlich mit ehren an amen
511317,body,169,3,True,[48],Herr Jeſu hilff zu Ehren deinem heiligen Nahmen/ AMEN.,herr jeſu hilff zu ehren deinem heiligen nahmen amen,herr iesu hilff zu ehren deinem heiligen nahmen amen
511317,body,170,0,False,[48],"WAs nun an jetzo von dem groſſen Liecht der Welt Jeſu Chriſto/ vnnd ſeinen dreyfachen Frewdenſtrall mit mehrern iſt abgehandelt worden/ dazu hat vns Vrſach vnd Anlaß gegeben/ Der weiland Edle/ Wohl Ehrenveſte/ vnd Hochgelahrte Herr Matthæus Vechnerus, Philoſophiæ & utriúſq; Medicinæ Doctor, Koͤnigl. May. in Polen/ Trewerkorner LeibMedicus, vnd dieſer Stad Phyſicus ordinarius, welches ſelige Seele Gott im Buͤndlein der Lebendigen habe.",was nun an jetzo von dem groſſen liecht der welt jeſu chriſto vnnd ſeinen dreyfachen frewdenſtrall mit mehrern iſt abgehandelt worden dazu hat vns vrſach vnd anlaß gegeben der weiland edle wohl ehrenveſte vnd hochgelahrte herr matthæus vechnerus philoſophiæ & utriúſq medicinæ doctor koͤnigl may in polen trewerkorner leibmedicus vnd dieſer stad phyſicus ordinarius welches ſelige seele gott im buͤndlein der lebendigen habe,was nun an ietzo uon dem grossen liecht der welt iesu christo unnd seinen dreyfachen frewdenstrall mit mehrern ist abgehandelt worden dazu hat uns ursach und anlass gegeben der weiland edle wohl ehrenueste und hochgelahrte herr matthaeus uechnerus philosophiae et utriusq medicinae doctor konigl may in polen trewerkorner leibmedicus und dieser stad physicus ordinarius welches selige seele gott im bundlein der lebendigen habe
511317,body,170,1,False,[49],"Denn als viel ich berichtet werde/ ſo hat er jhme ſchon laͤngſt/ noch bey werender ſeiner guten Geſundheit/ dieſen Spruch zum Leichthemate erwehlet/ auch deſſen nicht allein gegen dem nu mehr in Gott ruhenden Herrn Valerio Herbergero, dieſer Stad damaligen Hochberuͤmbten vnd Hochverdienten Paſtoren, beym Kripplein Chriſti/ alſo bald auff ſeinen Schlus erwehnet/ Sondern wie Herr Jeremias Colerus, Schoͤnaichiſcher Hoffprediger/ vnd Pfarr auffn Carlath/ ſchriefflich andeutet/ ſo hat der ſelige Herr Doctor ſchon fuͤr etlichen Jahren/ einen/ ſeiner guten Freunde/ vnd Diener Chriſti angeſprochen/ jhme eine Leichpredigt davon auffzuſetzen/ vnd zu deſto mehrer vbung ſeiner Sterbensandacht zu vberſchicken/ Wie er denn zeit ſeines Lebens ſtets den ſafftigen Troſt dieſes Spruches ſelbſt wol wiſſen auffzuſuchen/ jhme zu appliciren, vnd ſich dadurch zum ſeligen Sterben bereit zu machen.",denn als viel ich berichtet werde ſo hat er jhme ſchon laͤngſt noch bey werender ſeiner guten geſundheit dieſen spruch zum leichthemate erwehlet auch deſſen nicht allein gegen dem nu mehr in gott ruhenden herrn valerio herbergero dieſer stad damaligen hochberuͤmbten vnd hochverdienten paſtoren beym kripplein chriſti alſo bald auff ſeinen schlus erwehnet sondern wie herr jeremias colerus schoͤnaichiſcher hoffprediger vnd pfarr auffn carlath ſchriefflich andeutet ſo hat der ſelige herr doctor ſchon fuͤr etlichen jahren einen ſeiner guten freunde vnd diener chriſti angeſprochen jhme eine leichpredigt davon auffzuſetzen vnd zu deſto mehrer vbung ſeiner sterbensandacht zu vberſchicken wie er denn zeit ſeines lebens ſtets den ſafftigen troſt dieſes spruches ſelbſt wol wiſſen auffzuſuchen jhme zu appliciren vnd ſich dadurch zum ſeligen sterben bereit zu machen,denn als uiel ich berichtet werde so hat er ihme schon langst noch bey werender seiner guten gesundheit diesen spruch zum leichthemate erwehlet auch dessen nicht allein gegen dem nu mehr in gott ruhenden herrn ualerio herbergero dieser stad damaligen hochberumbten und hochuerdienten pastoren beym kripplein christi also bald auff seinen schlus erwehnet sondern wie herr ieremias colerus schonaichischer hoffprediger und pfarr auffn carlath schriefflich andeutet so hat der selige herr doctor schon fur etlichen iahren einen seiner guten freunde und diener christi angesprochen ihme eine leichpredigt dauon auffzusetzen und zu desto mehrer ubung seiner sterbensandacht zu uberschicken wie er denn zeit seines lebens stets den safftigen trost dieses spruches selbst wol wissen auffzusuchen ihme zu appliciren und sich dadurch zum seligen sterben bereit zu machen
511317,body,170,2,False,[49],"Jn welcher Betrachtung die hochbetruͤbte Fraw Wittib/ vnd gantze hochanſehliche Freundſchafft dahin geſchloſſen/ nachdem es je nun mehr mit dem ſeligen Herrn Doctore, nach dem Willen Gottes ergangen/ ſolte bey ſeiner Leichbeſtattung/ auch eben dieſer Spruch/ jhme zu ſonderm Ehrengedaͤchtnis abgehandelt werden.",jn welcher betrachtung die hochbetruͤbte fraw wittib vnd gantze hochanſehliche freundſchafft dahin geſchloſſen nachdem es je nun mehr mit dem ſeligen herrn doctore nach dem willen gottes ergangen ſolte bey ſeiner leichbeſtattung auch eben dieſer spruch jhme zu ſonderm ehrengedaͤchtnis abgehandelt werden,in welcher betrachtung die hochbetrubte fraw wittib und gantze hochansehliche freundschafft dahin geschlossen nachdem es ie nun mehr mit dem seligen herrn doctore nach dem willen gottes ergangen solte bey seiner leichbestattung auch eben dieser spruch ihme zu sonderm ehrengedachtnis abgehandelt werden
511317,body,170,3,False,[50],Vnd zwar wenn wir mit etwas mehrem die application machen ſolten/ wuͤrde ſich gar bald finden/ daß ſolches nicht vnbillich geſchehen.,vnd zwar wenn wir mit etwas mehrem die application machen ſolten wuͤrde ſich gar bald finden daß ſolches nicht vnbillich geſchehen,und zwar wenn wir mit etwas mehrem die application machen solten wurde sich gar bald finden dass solches nicht unbillich geschehen
511317,body,170,4,True,[50],"Sintemal ja freylich aus gewiſſen documentis zuerweiſen/ vnd darzuthun/ wie dieſe Frewdenſtralen des groſſen Liechtes der Welt/ Jeſu Chriſti/ den ſeligen Herrn Doctorem, auch gar hoch vnd herrlich erleuchtet/ vnd er dahero ſelbſt mit wunderbarem Ehrenglantz gefinckelt vnd geleuchtet hat.",sintemal ja freylich aus gewiſſen documentis zuerweiſen vnd darzuthun wie dieſe frewdenſtralen des groſſen liechtes der welt jeſu chriſti den ſeligen herrn doctorem auch gar hoch vnd herrlich erleuchtet vnd er dahero ſelbſt mit wunderbarem ehrenglantz gefinckelt vnd geleuchtet hat,sintemal ia freylich aus gewissen documentis zuerweisen und darzuthun wie diese frewdenstralen des grossen liechtes der welt iesu christi den seligen herrn doctorem auch gar hoch und herrlich erleuchtet und er dahero selbst mit wunderbarem ehrenglantz gefinckelt und geleuchtet hat
511317,body,171,0,True,[50],"Die heilige von Gott eingegebene Bibelſchrifft/ O die hat er gar groß vnd hoch/ gar Heilig vnd hehr gehalten/ nicht allein fleiſſig geleſen vnd betrachtet/ Sondern auch die Hauptſpruͤche/ vnd zu mal den Herrn Jeſum/ als den rechten Wegweiſer zum ewigen Leben/ wol daraus gemercket vnd erlernet/ beydes nach ſeiner Perſon/ Ampt/ Wolthaten/ wie er dieſes im conferiren, mit vielen vnterſchiedenes Standes Perſonen/ auch mit hinterlaſſenen verzeichniſſen in ſeinen Buͤchern/ manchfaltig erwieſen.",die heilige von gott eingegebene bibelſchrifft o die hat er gar groß vnd hoch gar heilig vnd hehr gehalten nicht allein fleiſſig geleſen vnd betrachtet sondern auch die hauptſpruͤche vnd zu mal den herrn jeſum als den rechten wegweiſer zum ewigen leben wol daraus gemercket vnd erlernet beydes nach ſeiner perſon ampt wolthaten wie er dieſes im conferiren mit vielen vnterſchiedenes standes perſonen auch mit hinterlaſſenen verzeichniſſen in ſeinen buͤchern manchfaltig erwieſen,die heilige uon gott eingegebene bibelschrifft o die hat er gar gross und hoch gar heilig und hehr gehalten nicht allein fleissig gelesen und betrachtet sondern auch die hauptspruche und zu mal den herrn iesum als den rechten wegweiser zum ewigen leben wol daraus gemercket und erlernet beydes nach seiner person ampt wolthaten wie er dieses im conferiren mit uielen unterschiedenes standes personen auch mit hinterlassenen uerzeichnissen in seinen buchern manchfaltig erwiesen
511317,body,172,0,True,[50],So hat er auch ſich hoͤchſt beflieſſen/ dem Herrn Jeſu/ als dem groſſen Liechte der Welt/ ſtrackes Fuſſes zu folgen.,so hat er auch ſich hoͤchſt beflieſſen dem herrn jeſu als dem groſſen liechte der welt ſtrackes fuſſes zu folgen,so hat er auch sich hochst befliessen dem herrn iesu als dem grossen liechte der welt strackes fusses zu folgen
511317,body,173,0,True,[50],Er hat jhme gefolget/ als einem Lehrer von Gott geſand/ zu fleiſſiger Anhoͤrung des gepredigtẽ Worts.,er hat jhme gefolget als einem lehrer von gott geſand zu fleiſſiger anhoͤrung des gepredigtẽ worts,er hat ihme gefolget als einem lehrer uon gott gesand zu fleissiger anhorung des gepredigten worts
511317,body,174,0,True,[50],"Er hat jhme gefolget in bruͤnſtiger Andacht des Gebetes/ welches er mit den lieben ſeinen zu Hauſe generatim, vnd denn fuͤr ſich privatim, in ſeinem ſonderen Haͤmmerlein/ auff ſeinen Knyendliegend/ als fuͤr dem Angeſichte Gottes/ verrichtet hat.",er hat jhme gefolget in bruͤnſtiger andacht des gebetes welches er mit den lieben ſeinen zu hauſe generatim vnd denn fuͤr ſich privatim in ſeinem ſonderen haͤmmerlein auff ſeinen knyendliegend als fuͤr dem angeſichte gottes verrichtet hat,er hat ihme gefolget in brunstiger andacht des gebetes welches er mit den lieben seinen zu hause generatim und denn fur sich priuatim in seinem sonderen hammerlein auff seinen knyendliegend als fur dem angesichte gottes uerrichtet hat
511317,body,175,0,True,[50],"Er hat jhme gefolget/ in ſeinem hohen Amptsberuff/ bey der Cur vnd Pflegung/ deren jhm anvertrawten Patienten/ O da hat er nicht auff ſeine Kunſt/ nicht auff die Krafft der Natur allein/ ſondern allermeiſt auff den beywohnenden Segen/ vnd mitwirckende krafft des rechten Artztes Jſraelis/ vnd wahren Meiſters zu helffen/ Jeſu Chriſti/ geſehen/ vnd von deme gluͤcklichen effect ſeiner verordneten medicamenten, erwartet.",er hat jhme gefolget in ſeinem hohen amptsberuff bey der cur vnd pflegung deren jhm anvertrawten patienten o da hat er nicht auff ſeine kunſt nicht auff die krafft der natur allein ſondern allermeiſt auff den beywohnenden segen vnd mitwirckende krafft des rechten artztes jſraelis vnd wahren meiſters zu helffen jeſu chriſti geſehen vnd von deme gluͤcklichen effect ſeiner verordneten medicamenten erwartet,er hat ihme gefolget in seinem hohen amptsberuff bey der cur und pflegung deren ihm anuertrawten patienten o da hat er nicht auff seine kunst nicht auff die krafft der natur allein sondern allermeist auff den beywohnenden segen und mitwirckende krafft des rechten artztes israelis und wahren meisters zu helffen iesu christi gesehen und uon deme glucklichen effect seiner uerordneten medicamenten erwartet
511317,body,176,0,False,[51],Summa/ Er hat dem Herrn Jeſu gefolget/ in erweiſung ſeines Chriſtenthums/ durch wahre Gottſeligkeit/ vnd mit den Wercken der Liebe.,summa er hat dem herrn jeſu gefolget in erweiſung ſeines chriſtenthums durch wahre gottſeligkeit vnd mit den wercken der liebe,summa er hat dem herrn iesu gefolget in erweisung seines christenthums durch wahre gottseligkeit und mit den wercken der liebe
511317,body,176,1,True,[51],Er hat jhm gefolget mit frewdiger Bekaͤntnis der erkanten Warheit ſeines heiligen Wortes/ vnd ſeine Religion nie vertuſchet/ viel mehr aber/ mit ſeinem hochweiſen Rath/ vnd Hochguͤltigen Autoritet/ in alle wege das beſte bey dem Kriylein Chriſti/ vnd zu erhaltung der reinen Evangeliſchen Lehre dis Ortes gethan.,er hat jhm gefolget mit frewdiger bekaͤntnis der erkanten warheit ſeines heiligen wortes vnd ſeine religion nie vertuſchet viel mehr aber mit ſeinem hochweiſen rath vnd hochguͤltigen autoritet in alle wege das beſte bey dem kriylein chriſti vnd zu erhaltung der reinen evangeliſchen lehre dis ortes gethan,er hat ihm gefolget mit frewdiger bekantnis der erkanten warheit seines heiligen wortes und seine religion nie uertuschet uiel mehr aber mit seinem hochweisen rath und hochgultigen autoritet in alle wege das beste bey dem kriylein christi und zu erhaltung der reinen euangelischen lehre dis ortes gethan
511317,body,177,0,False,[51],Er hat dem Herrn Jeſu gefolget/ mit feſtglaͤubigem Vertrawen/ auff ſeine ſeligmachende Gnade/ vnd ja freylich keine Schmach noch Vngemach/ kein Hohes noch Tieffes/ kein Todt noch Leben/ von deſſen Liebe ſich ſcheiden laſſen/ Sondern bey jhme beharret biß an ſein ſeliges Ende.,er hat dem herrn jeſu gefolget mit feſtglaͤubigem vertrawen auff ſeine ſeligmachende gnade vnd ja freylich keine schmach noch vngemach kein hohes noch tieffes kein todt noch leben von deſſen liebe ſich ſcheiden laſſen sondern bey jhme beharret biß an ſein ſeliges ende,er hat dem herrn iesu gefolget mit festglaubigem uertrawen auff seine seligmachende gnade und ia freylich keine schmach noch ungemach kein hohes noch tieffes kein todt noch leben uon dessen liebe sich scheiden lassen sondern bey ihme beharret biss an sein seliges ende
511317,body,177,1,False,[51],Darumben dann/ wie er den Herrn Jeſum/ als das groſſe Liecht der Welt/ geehret/ So hat jhn Gott wieder geehret/ beydes im Leben vnd Sterben.,darumben dann wie er den herrn jeſum als das groſſe liecht der welt geehret so hat jhn gott wieder geehret beydes im leben vnd sterben,darumben dann wie er den herrn iesum als das grosse liecht der welt geehret so hat ihn gott wieder geehret beydes im leben und sterben
511317,body,177,2,True,[51],"Wie E. L. ſolches aus nachfolgendem Bericht/ von ſeinem curriculo vitæ, wie mir der Schrifftlich vbergeben worden/ alles mit mehrem vernehmen werden.",wie e l ſolches aus nachfolgendem bericht von ſeinem curriculo vitæ wie mir der schrifftlich vbergeben worden alles mit mehrem vernehmen werden,wie e l solches aus nachfolgendem bericht uon seinem curriculo uitae wie mir der schrifftlich ubergeben worden alles mit mehrem uernehmen werden
511317,body,178,0,True,[51],"Es iſt der ſelige Herr Doctor, des Ortes von Chriſtlichen Ehrlichen Eltern/ vnd aus Vhralten/ anſehnlichen Geſchlechtern/ auff dieſe Welt gezeuget.",es iſt der ſelige herr doctor des ortes von chriſtlichen ehrlichen eltern vnd aus vhralten anſehnlichen geſchlechtern auff dieſe welt gezeuget,es ist der selige herr doctor des ortes uon christlichen ehrlichen eltern und aus uhralten ansehnlichen geschlechtern auff diese welt gezeuget
511317,body,179,0,True,[52],Sein Herr Vater iſt geweſen der Ehrnveſte/ Wolweiſe vnd Wolbenambte Herr Fabian Vechner/ Wolverdienter Elteſter/ Schoͤppe/ Vogt/ Rathsherr/ Buͤrgermeiſter allhier zur Frawenſtadt.,sein herr vater iſt geweſen der ehrnveſte wolweiſe vnd wolbenambte herr fabian vechner wolverdienter elteſter schoͤppe vogt rathsherr buͤrgermeiſter allhier zur frawenſtadt,sein herr uater ist gewesen der ehrnueste wolweise und wolbenambte herr fabian uechner woluerdienter eltester schoppe uogt rathsherr burgermeister allhier zur frawenstadt
511317,body,180,0,True,[52],Sein Herr Großvater iſt geweſen Herr Fabian Vechner.,sein herr großvater iſt geweſen herr fabian vechner,sein herr grossuater ist gewesen herr fabian uechner
511317,body,181,0,True,[52],Seines Herrn Großvatern Vater/ iſt gleiches Nahmens geweſen Fabian Vechner.,seines herrn großvatern vater iſt gleiches nahmens geweſen fabian vechner,seines herrn grossuatern uater ist gleiches nahmens gewesen fabian uechner
511317,body,182,0,True,[52],Seines Herrn Großvatern Vatern/ Vater/ iſt geweſen ebenermaſſen dis Namens Fabian Vechner.,seines herrn großvatern vatern vater iſt geweſen ebenermaſſen dis namens fabian vechner,seines herrn grossuatern uatern uater ist gewesen ebenermassen dis namens fabian uechner
511317,body,183,0,True,[52],Seines Herrn Vatern Großvatern Vatern/ Vater/ hat geheiſſen Herr Caſpar Vechner.,seines herrn vatern großvatern vatern vater hat geheiſſen herr caſpar vechner,seines herrn uatern grossuatern uatern uater hat geheissen herr caspar uechner
511317,body,184,0,True,[52],Belangende ſeine Fraw Mutter/ iſt dieſelbte geweſen/ die Erbare/ Tugendreiche Fraw Gerdrut/ gebohrne Laͤmprichtin.,belangende ſeine fraw mutter iſt dieſelbte geweſen die erbare tugendreiche fraw gerdrut gebohrne laͤmprichtin,belangende seine fraw mutter ist dieselbte gewesen die erbare tugendreiche fraw gerdrut gebohrne lamprichtin
511317,body,185,0,True,[52],Deren Herr Vater iſt geweſen/ Herr Matthæus Laͤmpricht/ Buͤrger vnd Kauffman allhier.,deren herr vater iſt geweſen herr matthæus laͤmpricht buͤrger vnd kauffman allhier,deren herr uater ist gewesen herr matthaeus lampricht burger und kauffman allhier
511317,body,186,0,True,[52],Ihres Herrn Vater Vater/ iſt geweſen eben lauts Nahmens Matthæus Laͤmpricht.,ihres herrn vater vater iſt geweſen eben lauts nahmens matthæus laͤmpricht,ihres herrn uater uater ist gewesen eben lauts nahmens matthaeus lampricht
511317,body,187,0,False,[52],Ihrs Herrn Großvatern Vater/ hat geheiſſen Balthaſar Laͤmpricht/ welches Herrn Bruder/ Herr Matthæus Laͤmpricht D. & Canonicus Fraunſtadi.,ihrs herrn großvatern vater hat geheiſſen balthaſar laͤmpricht welches herrn bruder herr matthæus laͤmpricht d & canonicus fraunſtadi,ihrs herrn grossuatern uater hat geheissen balthasar lampricht welches herrn bruder herr matthaeus lampricht d et canonicus fraunstadi
511317,body,187,1,True,[52],"& Vratisl. der viel vnterſchiedene Stipendia vnd Eleemoſynen, theils in einheimiſchen/ theiles in auslaͤndiſchen Orten geſtifftet/ So daß ſich viel Vornehme/ Hochgelahrte Perſonen/ deſſen nuͤtzlich gebrauchet/ Wie denn vnter denſelben der ſeelige Herr Valerius Herberger/ Herr Gwalkowius/ vnd andere Perſonen vnterſchiedene Faculteten, als in gleichem der ſeelige Herr Doctor, wie auch ſein Herr Bruder genoſſen/ vnd fort an jhrer mehr deſſelben noch genieſſen.",& vratisl der viel vnterſchiedene stipendia vnd eleemoſynen theils in einheimiſchen theiles in auslaͤndiſchen orten geſtifftet so daß ſich viel vornehme hochgelahrte perſonen deſſen nuͤtzlich gebrauchet wie denn vnter denſelben der ſeelige herr valerius herberger herr gwalkowius vnd andere perſonen vnterſchiedene faculteten als in gleichem der ſeelige herr doctor wie auch ſein herr bruder genoſſen vnd fort an jhrer mehr deſſelben noch genieſſen,et uratisl der uiel unterschiedene stipendia und eleemosynen theils in einheimischen theiles in auslandischen orten gestifftet so dass sich uiel uornehme hochgelahrte personen dessen nutzlich gebrauchet wie denn unter denselben der seelige herr ualerius herberger herr gwalkowius und andere personen unterschiedene faculteten als in gleichem der seelige herr doctor wie auch sein herr bruder genossen und fort an ihrer mehr desselben noch geniessen
511317,body,188,0,True,[53],Deſſen Großvatern Vatern Vater/ hat geheiſſen Herr Matthæus Laͤmpricht/ Buͤrger vnd Rathsherr allhier.,deſſen großvatern vatern vater hat geheiſſen herr matthæus laͤmpricht buͤrger vnd rathsherr allhier,dessen grossuatern uatern uater hat geheissen herr matthaeus lampricht burger und rathsherr allhier
511317,body,189,0,True,[53],"Aus dieſen Vhralten Geſchlechtern/ iſt der ſeelige Herr Doctor, durch Gottes Ordnung erzeuget vnd auff dieſe Welt gebohren worden/ im Jahr 1587. den 1. Tag Monats Aprilis.",aus dieſen vhralten geſchlechtern iſt der ſeelige herr doctor durch gottes ordnung erzeuget vnd auff dieſe welt gebohren worden im jahr den tag monats aprilis,aus diesen uhralten geschlechtern ist der seelige herr doctor durch gottes ordnung erzeuget und auff diese welt gebohren worden im iahr den tag monats aprilis
511317,body,190,0,True,[53],Anno 1592. als er 5. Jahr alt geweſen/ iſt er allhier in die Schule geſchicket worden.,anno als er jahr alt geweſen iſt er allhier in die schule geſchicket worden,anno als er iahr alt gewesen ist er allhier in die schule geschicket worden
511317,body,191,0,True,[53],Anno 1602. iſt er nach Thoren befoͤdert worden in das Gymnaſium.,anno iſt er nach thoren befoͤdert worden in das gymnaſium,anno ist er nach thoren befodert worden in das gymnasium
511317,body,192,0,True,[53],"Anno 1604. als er 17. Jahr alt geweſen/ iſt er vom Herrn Vater nach Franckfurt an der Oder/ ſeine Studia zu continuiren, abgefuͤhret worden.",anno als er jahr alt geweſen iſt er vom herrn vater nach franckfurt an der oder ſeine studia zu continuiren abgefuͤhret worden,anno als er iahr alt gewesen ist er uom herrn uater nach franckfurt an der oder seine studia zu continuiren abgefuhret worden
511317,body,193,0,False,[53],"Anno 1607. im 20. Jahr ſeines Alters/ iſt er nach Wittenberg gezogen/ mit des ſeeligen Herrn Valerij Herbergeri, vnd ſeines Herrn Vatern Willen/ nach dem ſtudio Theologico, auff Medicinam ſich mit groſſem Ernſt zubegebẽ/ Welchem ſtudio er auch aller fleiſſigſt obgelegen/ Wie ſolches ſeine diſputationes publicæ, offt vnd klar außweiſen.",anno im jahr ſeines alters iſt er nach wittenberg gezogen mit des ſeeligen herrn valerij herbergeri vnd ſeines herrn vatern willen nach dem ſtudio theologico auff medicinam ſich mit groſſem ernſt zubegebẽ welchem ſtudio er auch aller fleiſſigſt obgelegen wie ſolches ſeine diſputationes publicæ offt vnd klar außweiſen,anno im iahr seines alters ist er nach wittenberg gezogen mit des seeligen herrn ualerii herbergeri und seines herrn uatern willen nach dem studio theologico auff medicinam sich mit grossem ernst zubegeben welchem studio er auch aller fleissigst obgelegen wie solches seine disputationes publicae offt und klar aussweisen
511317,body,193,1,True,[53],"Wormit er denn des hochberuͤmbten Profeſſoris Herrn Doctoris Sennerti, beſte Kundſchafft vnd Freundſchafft erworben/ vnd ſein intimus bißher verblieben.",wormit er denn des hochberuͤmbten profeſſoris herrn doctoris sennerti beſte kundſchafft vnd freundſchafft erworben vnd ſein intimus bißher verblieben,wormit er denn des hochberumbten professoris herrn doctoris sennerti beste kundschafft und freundschafft erworben und sein intimus bissher uerblieben
511317,body,194,0,True,[53],"Anno 1610. im 23. Jahr ſeines Alters/ iſt er von Wittenberg nach Marpurg gereiſet/ vnd damals groſſe Freundſchafft erlanget/ mit den Vornembſten vnd Gelaͤhrteſten/ inſonderheit mit Herrn D. Horſtio, D. Molitio, Petreo, Goclenio Seniore &c.",anno im jahr ſeines alters iſt er von wittenberg nach marpurg gereiſet vnd damals groſſe freundſchafft erlanget mit den vornembſten vnd gelaͤhrteſten inſonderheit mit herrn d horſtio d molitio petreo goclenio seniore &c,anno im iahr seines alters ist er uon wittenberg nach marpurg gereiset und damals grosse freundschafft erlanget mit den uornembsten und gelahrtesten insonderheit mit herrn d horstio d molitio petreo goclenio seniore etc
511317,body,195,0,False,[54],Ja auch ſelbſt mit dem Herrn Landgraffen S. Fuͤrſtl.,ja auch ſelbſt mit dem herrn landgraffen s fuͤrſtl,ia auch selbst mit dem herrn landgraffen s furstl
511317,item,195,1,True,[54],Gn. Mauritio.,gn mauritio,gn mauritio
511317,body,196,0,True,[54],Anno 1611. im 24. Jahr ſeines Alters/ wegen eingefallener Peſt gefahr ſich nach Gieſen begeben/ vnd da jhme ferner die Peſt gefolget/ in Holland nach Leiden gereiſet.,anno im jahr ſeines alters wegen eingefallener peſt gefahr ſich nach gieſen begeben vnd da jhme ferner die peſt gefolget in holland nach leiden gereiſet,anno im iahr seines alters wegen eingefallener pest gefahr sich nach giesen begeben und da ihme ferner die pest gefolget in holland nach leiden gereiset
511317,body,197,0,True,[54],"Von dannen im Jahr 1612. im Martio nach Franckreich gezogen/ vnd zu Pariß mit den Vornemſten Medicis ſich bekant gemacht/ als Herrn Dureto, Moſe Quadrato Koͤniglichen Medicis, Domino Riolano Juniore, Gvardio Bejunio, &c. Vnd denn/ als er aus Franckreich zu ruͤcke gekehret/ vnd nach Straßburg gezogen/ hat er ſich vnterweges bekand gemacht mit Herr Doctorc Forſtio, D. Pontio, D. Menuburgio, D. Baudio, D. Heincio, D. Nicolao Augerio, Grutero, &c.",von dannen im jahr im martio nach franckreich gezogen vnd zu pariß mit den vornemſten medicis ſich bekant gemacht als herrn dureto moſe quadrato koͤniglichen medicis domino riolano juniore gvardio bejunio &c vnd denn als er aus franckreich zu ruͤcke gekehret vnd nach straßburg gezogen hat er ſich vnterweges bekand gemacht mit herr doctorc forſtio d pontio d menuburgio d baudio d heincio d nicolao augerio grutero &c,uon dannen im iahr im martio nach franckreich gezogen und zu pariss mit den uornemsten medicis sich bekant gemacht als herrn dureto mose quadrato koniglichen medicis domino riolano iuniore guardio beiunio etc und denn als er aus franckreich zu rucke gekehret und nach strassburg gezogen hat er sich unterweges bekand gemacht mit herr doctorc forstio d pontio d menuburgio d baudio d heincio d nicolao augerio grutero etc
511317,body,198,0,True,[54],"Anno 1612. Jſt er nach dieſem wiederumb nach Marpurg ankommen/ & ſupremum gradum ac titulum in Medicina, mit groſſem Ruhm erlanget/ Rectore Illuſtri Sternbergio, ProRectore Domino Getteo, Decano Facultatis, Henrico Petreo.",anno jſt er nach dieſem wiederumb nach marpurg ankommen & ſupremum gradum ac titulum in medicina mit groſſem ruhm erlanget rectore illuſtri sternbergio prorectore domino getteo decano facultatis henrico petreo,anno ist er nach diesem wiederumb nach marpurg ankommen et supremum gradum ac titulum in medicina mit grossem ruhm erlanget rectore illustri sternbergio prorectore domino getteo decano facultatis henrico petreo
511317,body,199,0,True,[54],Bald nach der Promotion iſt er von der Univerſitet Gieſen Erſtlich/ darnach von der auffgerichten Academia zu Grenigen in Frißland ad publicam Profeſſionem invitiret worden/ welche beyde er wegen des toͤdtlichen Abgangs ſeines Herrn Vaters/ vnd der Fraw Mutter gefaͤhrlichen Niederlage/ derer er damals gleich berichtet worden/ außgeſchlagen/ vnd nach Hauſe ſich begeben.,bald nach der promotion iſt er von der univerſitet gieſen erſtlich darnach von der auffgerichten academia zu grenigen in frißland ad publicam profeſſionem invitiret worden welche beyde er wegen des toͤdtlichen abgangs ſeines herrn vaters vnd der fraw mutter gefaͤhrlichen niederlage derer er damals gleich berichtet worden außgeſchlagen vnd nach hauſe ſich begeben,bald nach der promotion ist er uon der uniuersitet giesen erstlich darnach uon der auffgerichten academia zu grenigen in frissland ad publicam professionem inuitiret worden welche beyde er wegen des todtlichen abgangs seines herrn uaters und der fraw mutter gefahrlichen niederlage derer er damals gleich berichtet worden aussgeschlagen und nach hause sich begeben
511317,body,200,0,True,[55],"Da er denn Anno 1613. im Junio, vom Ehrnveſten Rath vnd der gantzen Gemeine allhier/ in ſeinem Patria Frawenſtadt ſich zum Ordinario Phyſico hat beſtellen laſſen/ vngeachtet andere Vocationes von Vornehmen vnd Großmaͤchtigen Herren vnd Staͤdten/ jhm in Mittels zu handen kommen.",da er denn anno im junio vom ehrnveſten rath vnd der gantzen gemeine allhier in ſeinem patria frawenſtadt ſich zum ordinario phyſico hat beſtellen laſſen vngeachtet andere vocationes von vornehmen vnd großmaͤchtigen herren vnd staͤdten jhm in mittels zu handen kommen,da er denn anno im iunio uom ehrnuesten rath und der gantzen gemeine allhier in seinem patria frawenstadt sich zum ordinario physico hat bestellen lassen ungeachtet andere uocationes uon uornehmen und grossmachtigen herren und stadten ihm in mittels zu handen kommen
511317,body,201,0,True,[55],Jn deſſen aber weil die Peſt allhier eingefallen/ hat er ſeine praxin Medicam angefangen/ vnd zwar eben in werender Faͤhrligkeit beſtaͤndig verblieben/ vnd ſich gantz nichts davon zu ruͤcke halten laſſen.,jn deſſen aber weil die peſt allhier eingefallen hat er ſeine praxin medicam angefangen vnd zwar eben in werender faͤhrligkeit beſtaͤndig verblieben vnd ſich gantz nichts davon zu ruͤcke halten laſſen,in dessen aber weil die pest allhier eingefallen hat er seine praxin medicam angefangen und zwar eben in werender fahrligkeit bestandig uerblieben und sich gantz nichts dauon zu rucke halten lassen
511317,body,202,0,False,[55],"Anno 1614. im 27. Jahr ſeines Alters/ hat er ſich mit der Hochtugendreichen damaln Jungfrawen Regina/ des Edlen/ Wol Ehrnveſten vnd Hochgelahrten Herrn D. Johannis Menzelij Hochberuͤhmten Phyſici Ordinarij zu Groß Glogaw Ehleiblichen Tochten/ dero jetzo hochbetruͤbten Frawen Wittiben/ in ein Chriſtlich Ehgeliebnis den 29. Aprilis, eingelaſſen/ vnd daſſelbige den 23. Septembris ejuſdem volnzogen.",anno im jahr ſeines alters hat er ſich mit der hochtugendreichen damaln jungfrawen regina des edlen wol ehrnveſten vnd hochgelahrten herrn d johannis menzelij hochberuͤhmten phyſici ordinarij zu groß glogaw ehleiblichen tochten dero jetzo hochbetruͤbten frawen wittiben in ein chriſtlich ehgeliebnis den aprilis eingelaſſen vnd daſſelbige den septembris ejuſdem volnzogen,anno im iahr seines alters hat er sich mit der hochtugendreichen damaln iungfrawen regina des edlen wol ehrnuesten und hochgelahrten herrn d iohannis menzelii hochberuhmten physici ordinarii zu gross glogaw ehleiblichen tochten dero ietzo hochbetrubten frawen wittiben in ein christlich ehgeliebnis den aprilis eingelassen und dasselbige den septembris eiusdem uolnzogen
511317,body,202,1,True,[55],Jn welchem Ehſtand jhn Gott geſegnet mit 7. Ehepflaͤntzlein/ 4. Toͤchtern vnd 3. Soͤhnen/ vnter welchen ein Sohn/ vnd 2. Toͤchter allbereit dieſe Welt geſegnet/ 2. Soͤhne aber vnd 2. Toͤchter noch am Leben/ vnter denen der letzte Sohn Matthæus/ nach des Herrn Vatern ſeeligen Abſchied Jung worden.,jn welchem ehſtand jhn gott geſegnet mit ehepflaͤntzlein toͤchtern vnd soͤhnen vnter welchen ein sohn vnd toͤchter allbereit dieſe welt geſegnet soͤhne aber vnd toͤchter noch am leben vnter denen der letzte sohn matthæus nach des herrn vatern ſeeligen abſchied jung worden,in welchem ehstand ihn gott gesegnet mit ehepflantzlein tochtern und sohnen unter welchen ein sohn und tochter allbereit diese welt gesegnet sohne aber und tochter noch am leben unter denen der letzte sohn matthaeus nach des herrn uatern seeligen abschied iung worden
511317,body,203,0,True,[55],Wie trewlich vnd fleiſſig er in ſeiner Profeſſione Medica ſich erzeiget/ iſt vnnoͤhtig zu Ruͤhmen/ weil ſolches maͤnniglichen klar vnd offenbahr/ dahero er nicht allein vieler Vornehmer vnd Großmaͤchtiger Herrn Gunſt/ ſondern auch jhrer Koͤnigl. May. in Polen Gnade erlanget/ vnd zu deroſelben Leib Medico beruffen vnnd angenommen worden/ welches Ambt er trewlich biß an ſein Ende verwaltet.,wie trewlich vnd fleiſſig er in ſeiner profeſſione medica ſich erzeiget iſt vnnoͤhtig zu ruͤhmen weil ſolches maͤnniglichen klar vnd offenbahr dahero er nicht allein vieler vornehmer vnd großmaͤchtiger herrn gunſt ſondern auch jhrer koͤnigl may in polen gnade erlanget vnd zu deroſelben leib medico beruffen vnnd angenommen worden welches ambt er trewlich biß an ſein ende verwaltet,wie trewlich und fleissig er in seiner professione medica sich erzeiget ist unnohtig zu ruhmen weil solches manniglichen klar und offenbahr dahero er nicht allein uieler uornehmer und grossmachtiger herrn gunst sondern auch ihrer konigl may in polen gnade erlanget und zu deroselben leib medico beruffen unnd angenommen worden welches ambt er trewlich biss an sein ende uerwaltet
511317,body,204,0,True,[56],Seine Religion belangend iſt er je vnd allezeit der Augſpurgiſchen Confeſſion zugethan verblieben/ bey Anhoͤrung Goͤttlichs Worts/ ſo viel ſeine Ambtsgeſchaͤffte zugelaſſen/ gerne ſich finden laſſen.,seine religion belangend iſt er je vnd allezeit der augſpurgiſchen confeſſion zugethan verblieben bey anhoͤrung goͤttlichs worts ſo viel ſeine ambtsgeſchaͤffte zugelaſſen gerne ſich finden laſſen,seine religion belangend ist er ie und allezeit der augspurgischen confession zugethan uerblieben bey anhorung gottlichs worts so uiel seine ambtsgeschaffte zugelassen gerne sich finden lassen
511317,body,205,0,True,[56],Jm Gebete/ ſo wol zu Hauſe/ als auff ſeiner Reiſe/ iſt er ſehr Eyffrig vnd Andaͤchtig geweſen.,jm gebete ſo wol zu hauſe als auff ſeiner reiſe iſt er ſehr eyffrig vnd andaͤchtig geweſen,im gebete so wol zu hause als auff seiner reise ist er sehr eyffrig und andachtig gewesen
511317,body,206,0,False,[56],Seine Geſundheit belangend/ iſt dieſelbte bey jhm/ wie bey allen andern Menſchen vnbeſtaͤndig/ vnd nicht allezeit zum beſten geweſen.,seine geſundheit belangend iſt dieſelbte bey jhm wie bey allen andern menſchen vnbeſtaͤndig vnd nicht allezeit zum beſten geweſen,seine gesundheit belangend ist dieselbte bey ihm wie bey allen andern menschen unbestandig und nicht allezeit zum besten gewesen
511317,body,206,1,True,[56],"Ob er wol dieſelbte/ als ein Vorſichtiger Medicus, wol in Acht genommen/ Hat er doch auch vnterſchiedene Kranckheiten erfahren muͤſſen/ Vnd weil er durch viel Reiſen/ Wachen/ vnd ſtete Sorgen vor ſo viel Patienten/ (die heuffig zu jhm gleich geflogen/) ſonderlichen zu hefftigen Catharris diſponiret worden/ Hat er ſich offt vermuttet/ daß er ploͤtzlich durch einen Schlagflus/ dermal eines ſein Leben enden/ vnd auffgeben wuͤrde.",ob er wol dieſelbte als ein vorſichtiger medicus wol in acht genommen hat er doch auch vnterſchiedene kranckheiten erfahren muͤſſen vnd weil er durch viel reiſen wachen vnd ſtete sorgen vor ſo viel patienten die heuffig zu jhm gleich geflogen ſonderlichen zu hefftigen catharris diſponiret worden hat er ſich offt vermuttet daß er ploͤtzlich durch einen schlagflus dermal eines ſein leben enden vnd auffgeben wuͤrde,ob er wol dieselbte als ein uorsichtiger medicus wol in acht genommen hat er doch auch unterschiedene kranckheiten erfahren mussen und weil er durch uiel reisen wachen und stete sorgen uor so uiel patienten die heuffig zu ihm gleich geflogen sonderlichen zu hefftigen catharris disponiret worden hat er sich offt uermuttet dass er plotzlich durch einen schlagflus dermal eines sein leben enden und auffgeben wurde
511317,body,207,0,True,[56],Sich dero wegen ſtets in guter Bereitſchafft gehalten/ vnd ſeine Seele taͤglich ſeinem Erloͤſer Chriſto trewlich/ wie muͤndlich/ alſo auch Schriefftlich/ in den Verzeichniſſen/ ſo verhanden/ vnd im Regiſter/ da er ſein Haus beſchicket hat/ ſein liebes Weib vnd Freunde ermahnet/ wenn ſie vernehmen wuͤrden/ daß jhn Gott etwan auff ſeinen Ambtsreiſen/ durch einen ſchnellen Todt abfodern moͤchte/ daß ſie ſich mit Gedult in den Rath vñ Willen Gottes ergeben woltẽ.,sich dero wegen ſtets in guter bereitſchafft gehalten vnd ſeine seele taͤglich ſeinem erloͤſer chriſto trewlich wie muͤndlich alſo auch schriefftlich in den verzeichniſſen ſo verhanden vnd im regiſter da er ſein haus beſchicket hat ſein liebes weib vnd freunde ermahnet wenn ſie vernehmen wuͤrden daß jhn gott etwan auff ſeinen ambtsreiſen durch einen ſchnellen todt abfodern moͤchte daß ſie ſich mit gedult in den rath vñ willen gottes ergeben woltẽ,sich dero wegen stets in guter bereitschafft gehalten und seine seele taglich seinem erloser christo trewlich wie mundlich also auch schriefftlich in den uerzeichnissen so uerhanden und im register da er sein haus beschicket hat sein liebes weib und freunde ermahnet wenn sie uernehmen wurden dass ihn gott etwan auff seinen ambtsreisen durch einen schnellen todt abfodern mochte dass sie sich mit gedult in den rath und willen gottes ergeben wolten
511317,body,208,0,True,[56],Was nun aber dem ſeligen Herrn Doctori geahnet/ das iſt endlich nach Gottes vnerforſchlichem Rath/ auch alſo in der That erfolget.,was nun aber dem ſeligen herrn doctori geahnet das iſt endlich nach gottes vnerforſchlichem rath auch alſo in der that erfolget,was nun aber dem seligen herrn doctori geahnet das ist endlich nach gottes unerforschlichem rath auch also in der that erfolget
511317,body,209,0,False,[57],"Den 22. Novembris, jetzt lauffenden 1630. Jahres/ als er von einer Freyherrlichen Perſon/ wegen derer Leibes vnpaßligkeit/ hochverſtaͤndigen Rath zu interponiren erfordert worden.",den novembris jetzt lauffenden jahres als er von einer freyherrlichen perſon wegen derer leibes vnpaßligkeit hochverſtaͤndigen rath zu interponiren erfordert worden,den nouembris ietzt lauffenden iahres als er uon einer freyherrlichen person wegen derer leibes unpassligkeit hochuerstandigen rath zu interponiren erfordert worden
511317,body,209,1,False,[57],"Vnterweges aber ſich vielfaltig ſeiner ſelbſt eigenen Sterbligkeit erinnert/ vnd daher mit aller hand Chriſtlichen Gedancken vnd reden wol erwieſen; Wie dann ſein Reiſegeferte/ gegen dem Herrn Pfarr zum Karlath bezeuget/ der ſelige Herr Doctor habe die gantze Reiſe durch/ theils mit andaͤchtigen Kirchenliedern/ theils mit Geſpraͤchen von Chriſtlicher Religion/ continuiret, da jhm dann fuͤr andern ſehr anmuͤhtig geweſen des Herrn Eberi Gebetlein: Herr Jeſu Chriſt wahr Menſch vnd Gott/ ꝛc. Vnter ſolchem einen ſeufftzer nach dem andern gethan/ vnd mit ſeinen Augen vnd Hertzen ſich gen Himmel gewendet.",vnterweges aber ſich vielfaltig ſeiner ſelbſt eigenen sterbligkeit erinnert vnd daher mit aller hand chriſtlichen gedancken vnd reden wol erwieſen wie dann ſein reiſegeferte gegen dem herrn pfarr zum karlath bezeuget der ſelige herr doctor habe die gantze reiſe durch theils mit andaͤchtigen kirchenliedern theils mit geſpraͤchen von chriſtlicher religion continuiret da jhm dann fuͤr andern ſehr anmuͤhtig geweſen des herrn eberi gebetlein herr jeſu chriſt wahr menſch vnd gott ꝛc vnter ſolchem einen ſeufftzer nach dem andern gethan vnd mit ſeinen augen vnd hertzen ſich gen himmel gewendet,unterweges aber sich uielfaltig seiner selbst eigenen sterbligkeit erinnert und daher mit aller hand christlichen gedancken und reden wol erwiesen wie dann sein reisegeferte gegen dem herrn pfarr zum karlath bezeuget der selige herr doctor habe die gantze reise durch theils mit andachtigen kirchenliedern theils mit gesprachen uon christlicher religion continuiret da ihm dann fur andern sehr anmuhtig gewesen des herrn eberi gebetlein herr iesu christ wahr mensch und gott c unter solchem einen seufftzer nach dem andern gethan und mit seinen augen und hertzen sich gen himmel gewendet
511317,body,209,2,True,[57],Als auch mehrgedachter ſein Reiſegeferte vnterweges jhme ein wolgebawtes Haus vnd Forwerck/ mit deſſen genießlicher Gelegenheit geruͤhmet: Hat der ſelige Herr Doctor darauff geantwortet: Jch weis es/ vnd hette dieſe Gelegenheit auch haben koͤnnen/ Aber was iſt es/ wenn der Menſch noch ſo herrliche Gelegenheit hette/ ſo muß er doch/ wenn das Stuͤndlein koͤmpt/ dis alles verlaſſen: Wol dem/ der im Himmel bawt/ allda vns Chriſtus Wohnung zubereitet hat/ da die beſte Bequemigkeit iſt/ bey Gott/ der vnſere volle Gnuͤge iſt/ vnd ewiglich bleibet.,als auch mehrgedachter ſein reiſegeferte vnterweges jhme ein wolgebawtes haus vnd forwerck mit deſſen genießlicher gelegenheit geruͤhmet hat der ſelige herr doctor darauff geantwortet jch weis es vnd hette dieſe gelegenheit auch haben koͤnnen aber was iſt es wenn der menſch noch ſo herrliche gelegenheit hette ſo muß er doch wenn das stuͤndlein koͤmpt dis alles verlaſſen wol dem der im himmel bawt allda vns chriſtus wohnung zubereitet hat da die beſte bequemigkeit iſt bey gott der vnſere volle gnuͤge iſt vnd ewiglich bleibet,als auch mehrgedachter sein reisegeferte unterweges ihme ein wolgebawtes haus und forwerck mit dessen geniesslicher gelegenheit geruhmet hat der selige herr doctor darauff geantwortet ich weis es und hette diese gelegenheit auch haben konnen aber was ist es wenn der mensch noch so herrliche gelegenheit hette so muss er doch wenn das stundlein kompt dis alles uerlassen wol dem der im himmel bawt allda uns christus wohnung zubereitet hat da die beste bequemigkeit ist bey gott der unsere uolle gnuge ist und ewiglich bleibet
511317,body,210,0,False,[57],Jn mittels/ als er vollends aus Karlath kommen/ vnd den Herrn Pfarr auff eine Freundliche converſation zu ſich erfordern laſſen/ auch vom Wagen abgeſtiegen/ weiter zu Fuſſe hinan zu gehen/ aber kaum 7. oder 9. ſchritte gethan/ da er bald anfangen zu ſincken/ vnd geſaget/ O das Gott walt/ der Schlag/ der Schlag.,jn mittels als er vollends aus karlath kommen vnd den herrn pfarr auff eine freundliche converſation zu ſich erfordern laſſen auch vom wagen abgeſtiegen weiter zu fuſſe hinan zu gehen aber kaum oder ſchritte gethan da er bald anfangen zu ſincken vnd geſaget o das gott walt der schlag der schlag,in mittels als er uollends aus karlath kommen und den herrn pfarr auff eine freundliche conuersation zu sich erfordern lassen auch uom wagen abgestiegen weiter zu fusse hinan zu gehen aber kaum oder schritte gethan da er bald anfangen zu sincken und gesaget o das gott walt der schlag der schlag
511317,body,210,1,False,[58],Ach Jeſu hilff/ vnd ſey Gnaͤdig.,ach jeſu hilff vnd ſey gnaͤdig,ach iesu hilff und sey gnadig
511317,body,210,2,False,[58],Worauff jhn der Diener ergriffen/ vnd im ſincken auffrecht zuhalten ſich bemuͤhet/ Er aber begehret niedergeleget zu werden auff die Awe.,worauff jhn der diener ergriffen vnd im ſincken auffrecht zuhalten ſich bemuͤhet er aber begehret niedergeleget zu werden auff die awe,worauff ihn der diener ergriffen und im sincken auffrecht zuhalten sich bemuhet er aber begehret niedergeleget zu werden auff die awe
511317,body,210,3,False,[58],Als dis geſchehen ſind viel beywohnende zugelauffen/ jhn wieder auff den Wagen bracht/ vnd alſo auff das Schloß zugefuͤhret.,als dis geſchehen ſind viel beywohnende zugelauffen jhn wieder auff den wagen bracht vnd alſo auff das schloß zugefuͤhret,als dis geschehen sind uiel beywohnende zugelauffen ihn wieder auff den wagen bracht und also auff das schloss zugefuhret
511317,body,210,4,False,[58],Da denn der Herr Pfarr gleich vnter dem Thor auch darzu kom̃en/ aber den liebſten Herrn Doctorem alſo befunden/ daß zwar der Verſtand/ Gehoͤr/ Geſichte/ ſambt regen vnd bewegen der Gliedmaſſen/ zu mal auff der lincken Seiten noch richtig geblieben/ doch die Sprache ſich gantz verlohren gehabt.,da denn der herr pfarr gleich vnter dem thor auch darzu kom̃en aber den liebſten herrn doctorem alſo befunden daß zwar der verſtand gehoͤr geſichte ſambt regen vnd bewegen der gliedmaſſen zu mal auff der lincken seiten noch richtig geblieben doch die sprache ſich gantz verlohren gehabt,da denn der herr pfarr gleich unter dem thor auch darzu kommen aber den liebsten herrn doctorem also befunden dass zwar der uerstand gehor gesichte sambt regen und bewegen der gliedmassen zu mal auff der lincken seiten noch richtig geblieben doch die sprache sich gantz uerlohren gehabt
511317,body,210,5,False,[58],Vnd weil das malum die rechte Seite troffen/ iſt man in guter ſperanz der Beſſerung geſtanden/ daher nicht allein von Jhrer Gn. der Frawen/ in Abweſen jhres Herrn/ alle notthuͤrfftige bekante vnd wider den Schlag hochberuͤmte Artzney mittel her fuͤr gebracht wordẽ/ Wie ſie auch biß auff 4. Stunden continuè in Perſon/ ſo lang einige Hoffnung zum Leben geweſen/ ſelbſt mit moͤglichem Rath beygewohnet/ ſondern man hat mit hertzigem Gebet zu Gott vmb Friſtung ſeines Lebens vnablaͤßlich geſeufftzet/ auch den ſeligen Herrn Doctorẽ in ſolcher Noth vnd Sterbensgefahr/ gar fleiſſig der ſchoͤneſten/ vñ jhme liebſten Troſtſpruͤche aus Gottes Wort erinnert/ Zumahl ſeines erwehleten/ vnd jetzo erklaͤreten Hauptſpruchs.,vnd weil das malum die rechte seite troffen iſt man in guter ſperanz der beſſerung geſtanden daher nicht allein von jhrer gn der frawen in abweſen jhres herrn alle notthuͤrfftige bekante vnd wider den schlag hochberuͤmte artzney mittel her fuͤr gebracht wordẽ wie ſie auch biß auff stunden continuè in perſon ſo lang einige hoffnung zum leben geweſen ſelbſt mit moͤglichem rath beygewohnet ſondern man hat mit hertzigem gebet zu gott vmb friſtung ſeines lebens vnablaͤßlich geſeufftzet auch den ſeligen herrn doctorẽ in ſolcher noth vnd sterbensgefahr gar fleiſſig der ſchoͤneſten vñ jhme liebſten troſtſpruͤche aus gottes wort erinnert zumahl ſeines erwehleten vnd jetzo erklaͤreten hauptſpruchs,und weil das malum die rechte seite troffen ist man in guter speranz der besserung gestanden daher nicht allein uon ihrer gn der frawen in abwesen ihres herrn alle notthurfftige bekante und wider den schlag hochberumte artzney mittel her fur gebracht worden wie sie auch biss auff stunden continue in person so lang einige hoffnung zum leben gewesen selbst mit moglichem rath beygewohnet sondern man hat mit hertzigem gebet zu gott umb fristung seines lebens unablasslich geseufftzet auch den seligen herrn doctoren in solcher noth und sterbensgefahr gar fleissig der schonesten und ihme liebsten trostspruche aus gottes wort erinnert zumahl seines erwehleten und ietzo erklareten hauptspruchs
511317,body,210,6,False,[58],Alldieweil aber der Flus/ vngeachtet fleiſſigen Reibens vnd pflegens/ je laͤnger je ſtaͤrcker gefallen/ vnd die Schwachheit jmmer ſich vermehret.,alldieweil aber der flus vngeachtet fleiſſigen reibens vnd pflegens je laͤnger je ſtaͤrcker gefallen vnd die schwachheit jmmer ſich vermehret,alldieweil aber der flus ungeachtet fleissigen reibens und pflegens ie langer ie starcker gefallen und die schwachheit immer sich uermehret
511317,body,210,7,True,[59],Jſt jhme vnter vielen andern Troſtſpruͤchen/ vnd andaͤchtigen Seufftzerlein auch dieſes zu geruffen worden:,jſt jhme vnter vielen andern troſtſpruͤchen vnd andaͤchtigen seufftzerlein auch dieſes zu geruffen worden,ist ihme unter uielen andern trostspruchen und andachtigen seufftzerlein auch dieses zu geruffen worden
511317,body,211,0,True,[59],Jn deine Wunden ſchlies ich mich/,jn deine wunden ſchlies ich mich,in deine wunden schlies ich mich
511317,body,212,0,True,[59],Mein Hertz HErr Chriſt ergreiffet dich/,mein hertz herr chriſt ergreiffet dich,mein hertz herr christ ergreiffet dich
511317,body,213,0,True,[59],Du biſt mein HErr vnd Gott allein/,du biſt mein herr vnd gott allein,du bist mein herr und gott allein
511317,body,214,0,True,[59],Dein wil ich Tod vnd Lebend ſeyn.,dein wil ich tod vnd lebend ſeyn,dein wil ich tod und lebend seyn
511317,body,215,0,True,[59],Jtem: HErr meinen Geiſt befehl ich dir/ ꝛc.,jtem herr meinen geiſt befehl ich dir ꝛc,item herr meinen geist befehl ich dir c
511317,body,216,0,True,[59],Vnter welchem jhm der Hoͤchſte/ bey ſanfftem Schnauben/ ohne einiges Vngeberde/ ſeeliglich abgefodert/ ſelbigen 22. Novemb. vmb 11. Vhr zu Nacht/ ſeines Alters 43. Jahr/ ſeines Ehſtandes 16. Jahr.,vnter welchem jhm der hoͤchſte bey ſanfftem schnauben ohne einiges vngeberde ſeeliglich abgefodert ſelbigen novemb vmb vhr zu nacht ſeines alters jahr ſeines ehſtandes jahr,unter welchem ihm der hochste bey sanfftem schnauben ohne einiges ungeberde seeliglich abgefodert selbigen nouemb umb uhr zu nacht seines alters iahr seines ehstandes iahr
511317,body,217,0,False,[59],Was ſol ich aber nun ſagen/ was ſol ich klagen?,was ſol ich aber nun ſagen was ſol ich klagen,was sol ich aber nun sagen was sol ich klagen
511317,body,217,1,False,[59],Ach es klaget die hochbetruͤbte Fraw Wittib aus dem 38. Pſalm.,ach es klaget die hochbetruͤbte fraw wittib aus dem pſalm,ach es klaget die hochbetrubte fraw wittib aus dem psalm
511317,body,217,2,False,[59],Ach es iſt mir gar anders: Jch bin ſehr zu ſtoſſen.,ach es iſt mir gar anders jch bin ſehr zu ſtoſſen,ach es ist mir gar anders ich bin sehr zu stossen
511317,body,217,3,False,[59],Jch Heule fuͤr Vnruhe meines Hertzens.,jch heule fuͤr vnruhe meines hertzens,ich heule fur unruhe meines hertzens
511317,body,217,4,True,[59],Mein Hertze bebet/ meine Krafft hat mich verlaſſen/ Vnd das Liecht meiner Augen/ iſt nicht bey mir.,mein hertze bebet meine krafft hat mich verlaſſen vnd das liecht meiner augen iſt nicht bey mir,mein hertze bebet meine krafft hat mich uerlassen und das liecht meiner augen ist nicht bey mir
511317,body,218,0,False,[59],"Es klagen vnd ſagen die hinter laſſenen Vaterloſe Waißlein: Ach Pupilli facti ſumus absq; patre, Wir ſind Waiſen/ vnd haben keinen Vater/ darumb iſt vnſer Hertze betruͤbet/ vnd vnſere Augen finſter worden.",es klagen vnd ſagen die hinter laſſenen vaterloſe waißlein ach pupilli facti ſumus absq patre wir ſind waiſen vnd haben keinen vater darumb iſt vnſer hertze betruͤbet vnd vnſere augen finſter worden,es klagen und sagen die hinter lassenen uaterlose waisslein ach pupilli facti sumus absq patre wir sind waisen und haben keinen uater darumb ist unser hertze betrubet und unsere augen finster worden
511317,body,218,1,False,[59],Thren. 5. Es klaget die hochanſehnliche Freundſchafft.,thren es klaget die hochanſehnliche freundſchafft,thren es klaget die hochansehnliche freundschafft
511317,body,218,2,False,[59],"Es klaget das geliebte Vaterland/ des ſeeligen Herrn Doctoris, nemlich hieſige Frawenſtad.",es klaget das geliebte vaterland des ſeeligen herrn doctoris nemlich hieſige frawenſtad,es klaget das geliebte uaterland des seeligen herrn doctoris nemlich hiesige frawenstad
511317,body,218,3,False,[59],Es klaget die vmbliegende Landſchafft.,es klaget die vmbliegende landſchafft,es klaget die umbliegende landschafft
511317,body,218,4,False,[59],Es klagen viel Großmaͤchtige Printzen.,es klagen viel großmaͤchtige printzen,es klagen uiel grossmachtige printzen
511317,body,218,5,True,[59],Es klaget Koͤnigl. May. in Polen: Ach vnſer Liecht iſt vmbgekehret/ Ja das Liecht vnſers Leuchters iſt verloſchen/ 4. Eſr. 10.,es klaget koͤnigl may in polen ach vnſer liecht iſt vmbgekehret ja das liecht vnſers leuchters iſt verloſchen eſr,es klaget konigl may in polen ach unser liecht ist umbgekehret ia das liecht unsers leuchters ist uerloschen esr
511317,body,219,0,False,[59],"Freylich/ freylich iſt der ſelige Herr Doctor Vechner/ ein rechtes lumen medicum, vnd zwar ſo ein helleſcheinendes Liecht geweſen/ als vielleicht kaum eines fuͤr jhm in dieſem Koͤnigreich erglaͤntzet.",freylich freylich iſt der ſelige herr doctor vechner ein rechtes lumen medicum vnd zwar ſo ein helleſcheinendes liecht geweſen als vielleicht kaum eines fuͤr jhm in dieſem koͤnigreich erglaͤntzet,freylich freylich ist der selige herr doctor uechner ein rechtes lumen medicum und zwar so ein hellescheinendes liecht gewesen als uielleicht kaum eines fur ihm in diesem konigreich erglantzet
511317,body,219,1,False,[60],Aber dieſer hochbegabte Man/ dis liebliche Haußliecht/ dis klare ſtadliche/ dis weit erglaͤntzende Landliecht/ dis Koͤnigliche Hofeliecht/ das iſt nun erloſchen: Der Todt hat das Liecht außgeblaſen.,aber dieſer hochbegabte man dis liebliche haußliecht dis klare ſtadliche dis weit erglaͤntzende landliecht dis koͤnigliche hofeliecht das iſt nun erloſchen der todt hat das liecht außgeblaſen,aber dieser hochbegabte man dis liebliche haussliecht dis klare stadliche dis weit erglantzende landliecht dis konigliche hofeliecht das ist nun erloschen der todt hat das liecht aussgeblasen
511317,body,219,2,True,[60],Ach mein HErr Jeſu/ zuͤnde du das erfrewende Troſtliecht an/ in dem weinenden Hertzen der hochbetruͤbten Frawen Wittib/ Laß dein Antlitz vber jhr leuchten/ daß ſie geneſe/ vnd alle dieſes Kuͤmmernis mit Gedult vnd Hoffnung vberwinde.,ach mein herr jeſu zuͤnde du das erfrewende troſtliecht an in dem weinenden hertzen der hochbetruͤbten frawen wittib laß dein antlitz vber jhr leuchten daß ſie geneſe vnd alle dieſes kuͤmmernis mit gedult vnd hoffnung vberwinde,ach mein herr iesu zunde du das erfrewende trostliecht an in dem weinenden hertzen der hochbetrubten frawen wittib lass dein antlitz uber ihr leuchten dass sie genese und alle dieses kummernis mit gedult und hoffnung uberwinde
511317,body,220,0,True,[60],Ach mein Herr Jeſu/ leite du mit deinen Augen/ die zarten hinterbliebenen Waißlein/ Zeige du jhnen den Weg/ den ſie wandeln ſollen/ Pſam 32. Oregiere ſie durch die Gnadenkrafft deines Geiſtes/ ut in lumine tuo videantlumen. daß ſie ja durch dich erleuchtet/ wachſen vnd zunehmen an Alter/ an Weißheit/ an Gnade bey Gott vnd den Menſchen/ vnd alſo mit der Zeit den Ehrenglantz jhres ſeligen Herrn Vaters repariren.,ach mein herr jeſu leite du mit deinen augen die zarten hinterbliebenen waißlein zeige du jhnen den weg den ſie wandeln ſollen pſam oregiere ſie durch die gnadenkrafft deines geiſtes ut in lumine tuo videantlumen daß ſie ja durch dich erleuchtet wachſen vnd zunehmen an alter an weißheit an gnade bey gott vnd den menſchen vnd alſo mit der zeit den ehrenglantz jhres ſeligen herrn vaters repariren,ach mein herr iesu leite du mit deinen augen die zarten hinterbliebenen waisslein zeige du ihnen den weg den sie wandeln sollen psam oregiere sie durch die gnadenkrafft deines geistes ut in lumine tuo uideantlumen dass sie ia durch dich erleuchtet wachsen und zunehmen an alter an weissheit an gnade bey gott und den menschen und also mit der zeit den ehrenglantz ihres seligen herrn uaters repariren
511317,body,221,0,False,[60],Ach mein Herr Jeſu/ Eccetenebræ!,ach mein herr jeſu eccetenebræ,ach mein herr iesu eccetenebrae
511317,body,221,1,False,[60],Wenn man das Land anſihet/ Sihe ſo iſts Finſter fuͤr Angſt/ vnd das Liecht ſcheinet nicht mehr oben vber jhnen/ da winſelt/ da wimmert Jung vnd Alt/ Man vnd Weib/ Arm vnd Reich/ Herr vnd Knecht/ Medicus non eſt nobis?,wenn man das land anſihet sihe ſo iſts finſter fuͤr angſt vnd das liecht ſcheinet nicht mehr oben vber jhnen da winſelt da wimmert jung vnd alt man vnd weib arm vnd reich herr vnd knecht medicus non eſt nobis,wenn man das land ansihet sihe so ists finster fur angst und das liecht scheinet nicht mehr oben uber ihnen da winselt da wimmert iung und alt man und weib arm und reich herr und knecht medicus non est nobis
511317,body,221,2,False,[60],Haben wir denn nun keinen Artzt mehr?,haben wir denn nun keinen artzt mehr,haben wir denn nun keinen artzt mehr
511317,body,221,3,False,[60],Jſt denn keine Salbe mehr in Silead?,jſt denn keine salbe mehr in silead,ist denn keine salbe mehr in silead
511317,body,221,4,False,[60],Ach du biſt es/ der ſambt deinem himliſchen Vater vnd H Geiſt/ den Artzt ſelbſt ſchaffeſt/ vnd die Artzney aus der Erden wachſen leſſeſt.,ach du biſt es der ſambt deinem himliſchen vater vnd h geiſt den artzt ſelbſt ſchaffeſt vnd die artzney aus der erden wachſen leſſeſt,ach du bist es der sambt deinem himlischen uater und h geist den artzt selbst schaffest und die artzney aus der erden wachsen lessest
511317,body,221,5,False,[61],O ſo heiß doch das Liecht aus der Finſternis wieder her fuͤr leuchten.,o ſo heiß doch das liecht aus der finſternis wieder her fuͤr leuchten,o so heiss doch das liecht aus der finsternis wieder her fur leuchten
511317,body,221,6,False,[61],O erwecke doch den Geiſt/ ſo einer wol qualificirten Perſon/ vnd foͤrdere das Werck jhrer Haͤnde/ damit ja das mit Schmertzen erledigte Ambts- vnd Ehrenſtuͤlichen wiederumb mit Wonne vnd Frewden beſetzet werde.,o erwecke doch den geiſt ſo einer wol qualificirten perſon vnd foͤrdere das werck jhrer haͤnde damit ja das mit schmertzen erledigte ambts vnd ehrenſtuͤlichen wiederumb mit wonne vnd frewden beſetzet werde,o erwecke doch den geist so einer wol qualificirten person und fordere das werck ihrer hande damit ia das mit schmertzen erledigte ambts und ehrenstulichen wiederumb mit wonne und frewden besetzet werde
511317,body,221,7,True,[61],"Du aber/ O ſeeliger Herr Doctor, gehe nun hin biß das Ende komme/ vnnd Ruhe/ daß du auffſteheſt in deinem Theil am Ende der Tage.",du aber o ſeeliger herr doctor gehe nun hin biß das ende komme vnnd ruhe daß du auffſteheſt in deinem theil am ende der tage,du aber o seeliger herr doctor gehe nun hin biss das ende komme unnd ruhe dass du auffstehest in deinem theil am ende der tage
511317,body,222,0,True,[61],Da wollen wir Leben vnd bleiben,da wollen wir leben vnd bleiben,da wollen wir leben und bleiben
511317,body,223,0,True,[61],Jm Himmel/ dahin wir beſcheiden/,jm himmel dahin wir beſcheiden,im himmel dahin wir bescheiden
511317,body,224,0,True,[61],Vnd leuchten klar als die Sternen/,vnd leuchten klar als die sternen,und leuchten klar als die sternen
511317,body,225,0,True,[61],Mit Chriſto fambt vnſerm HErrn.,mit chriſto fambt vnſerm herrn,mit christo fambt unserm herrn
511317,body,226,0,True,[61],Die Aufferſtehung mit Frewden/,die aufferſtehung mit frewden,die aufferstehung mit frewden
511317,body,227,0,True,[61],Geh nur bald an/ wie wir Glaͤuben/,geh nur bald an wie wir glaͤuben,geh nur bald an wie wir glauben
511317,body,228,0,True,[61],Vns einander wieder zu ſehen.,vns einander wieder zu ſehen,uns einander wieder zu sehen
511317,body,229,0,False,[61],Amen/ das helffe vnd verleihe vns/ Jeſus das Liecht der Welt/ der Heiland aller Menſchen/ ſonderlich aber der Glaͤubigen/ Hochgeliebet vnd Gelobet/ ſambt ſeinem himliſchen Vater/ vnd heiligen Geiſt/ jetzt vnd in Ewigkeit Amen/ Amen.,amen das helffe vnd verleihe vns jeſus das liecht der welt der heiland aller menſchen ſonderlich aber der glaͤubigen hochgeliebet vnd gelobet ſambt ſeinem himliſchen vater vnd heiligen geiſt jetzt vnd in ewigkeit amen amen,amen das helffe und uerleihe uns iesus das liecht der welt der heiland aller menschen sonderlich aber der glaubigen hochgeliebet und gelobet sambt seinem himlischen uater und heiligen geist ietzt und in ewigkeit amen amen
511317,body,229,1,True,[61],Wollen nun miteinander Beten/ wie vns der Mund des Herrn gelehret hat:,wollen nun miteinander beten wie vns der mund des herrn gelehret hat,wollen nun miteinander beten wie uns der mund des herrn gelehret hat
511317,body,230,0,True,[61],Vater vnſer/ der du biſt/ ꝛc.,vater vnſer der du biſt ꝛc,uater unser der du bist c
511317,head,231,0,False,[62],THRENODIA In funere Viri Nobil.,threnodia in funere viri nobil,threnodia in funere uiri nobil
511317,head,231,1,False,[62],"& Excellentißimi Dn. MATTHÆ I VECHNERI, Med.",& excellentißimi dn matthæ i vechneri med,et excellentissimi dn matthae i uechneri med
511317,head,231,2,False,[62],& Philoſ.,& philoſ,et philos
511317,head,231,3,False,[62],"Doctoris, S. Reg. May.",doctoris s reg may,doctoris s reg may
511317,head,231,4,False,[62],Sigismundi III. Dei gratia Polon.,sigismundi iii dei gratia polon,sigismundi iii dei gratia polon
511317,head,231,5,False,[62],"Regis Archiatri, Reipubl.",regis archiatri reipubl,regis archiatri reipubl
511317,head,231,6,False,[62],"VVſchovenſis Phyſici ordinarii, Honoris & memoriæ ergò Anno 1630. ipſo Exequiarum die 10. Decembris.",vvſchovenſis phyſici ordinarii honoris & memoriæ ergò anno ipſo exequiarum die decembris,uuschouensis physici ordinarii honoris et memoriae ergo anno ipso exequiarum die decembris
511317,head,231,7,False,[62],Fuſa à MICHAELE Aſchenborn/ P. L. C. Eccleſiar.,fuſa à michaele aſchenborn p l c eccleſiar,fusa a michaele aschenborn p l c ecclesiar
511317,head,231,8,True,[62],Hoersdorff/ it. Kabelienſis Paſtore.,hoersdorff it kabelienſis paſtore,hoersdorff it kabeliensis pastore
511317,head,232,0,True,[62],Chronodiſtichon:,chronodiſtichon,chronodistichon
511317,body,233,0,True,[62],"MagnVs ab IngenIo, præſtansVeChnerVs ab ar-",magnvs ab ingenio præſtansvechnervs ab ar,magnus ab ingenio praestansuechnerus ab ar
511317,body,234,0,True,[62],DeſerIt en! Vanas VrbIs & orbIs opes.,deſerit en vanas vrbis & orbis opes,deserit en uanas urbis et orbis opes
511317,item,235,0,True,[62],(te,te,te
511317,head,236,0,True,[63],In Medici defuncti,in medici defuncti,in medici defuncti
511317,head,237,0,True,[63],Symbolum,symbolum,symbolum
511317,body,238,0,True,[63],Q. D. E. N.,q d e n,q d e n
511317,head,239,0,True,[63],Anagramma:,anagramma,anagramma
511317,body,240,0,True,[63],Matthæus Vechner. M. U. D.,matthæus vechner m u d,matthaeus uechner m u d
511317,body,241,0,True,[63],Mecum Deus & Natura.,mecum deus & natura,mecum deus et natura
511317,head,242,0,True,[63],Cum tali evolutione.,cum tali evolutione,cum tali euolutione
511317,body,243,0,True,[63],MEpriùs in vitam Deus & Natura vocarunt.,mepriùs in vitam deus & natura vocarunt,meprius in uitam deus et natura uocarunt
511317,body,244,0,True,[63],"Sum duce Natura, vivo, volente Deo.",sum duce natura vivo volente deo,sum duce natura uiuo uolente deo
511317,body,245,0,True,[63],Me nunc ex vita Deus & Natura vocarunt.,me nunc ex vita deus & natura vocarunt,me nunc ex uita deus et natura uocarunt
511317,body,246,0,True,[63],"Debita Naturæ ſolvo, jubente Deo.",debita naturæ ſolvo jubente deo,debita naturae soluo iubente deo
511317,body,247,0,True,[63],"Vt mecum in vitâ Deus & Natura fuerunt,",vt mecum in vitâ deus & natura fuerunt,ut mecum in uita deus et natura fuerunt
511317,body,248,0,True,[63],Sic Natura Deo in morte novanda datur.,sic natura deo in morte novanda datur,sic natura deo in morte nouanda datur
511317,body,249,0,True,[63],Cùm mihi Naturæ Natura Jehova ſupremus,cùm mihi naturæ natura jehova ſupremus,cum mihi naturae natura iehoua supremus
511317,body,250,0,True,[63],"Vivere poſſe, aufert, det mihi, velle mori.",vivere poſſe aufert det mihi velle mori,uiuere posse aufert det mihi uelle mori
511317,head,251,0,True,[64],THRENODIA.,threnodia,threnodia
511317,body,252,0,True,[64],"DUmfacra turba Dei, recolens feſta an- nua ſecum,",dumfacra turba dei recolens feſta an nua ſecum,dumfacra turba dei recolens festa an nua secum
511317,body,254,0,True,[64],"Bis genitiq́; canens adventum Regis Jesu,",bis genitiq́ canens adventum regis jesu,bis genitiq canens aduentum regis iesu
511317,body,255,0,True,[64],Qualiter ad miſeros homines è culmine,qualiter ad miſeros homines è culmine,qualiter ad miseros homines e culmine
511317,body,256,0,True,[64],"Venerit, aſſumens humani corporis artus.",venerit aſſumens humani corporis artus,uenerit assumens humani corporis artus
511317,item,257,0,True,[64],(cœli,cœli,coeli
511317,body,258,0,True,[64],Qualiter in fragilem contriti cordis abyſſum,qualiter in fragilem contriti cordis abyſſum,qualiter in fragilem contriti cordis abyssum
511317,body,259,0,True,[64],Quottidiè veniat virtute & robore verbi.,quottidiè veniat virtute & robore verbi,quottidie ueniat uirtute et robore uerbi
511317,body,260,0,True,[64],Et pia corda regat ſacri moderamine Flatûs.,et pia corda regat ſacri moderamine flatûs,et pia corda regat sacri moderamine flatus
511317,body,261,0,True,[64],Qualiter ut Judex venturus ad ultima mundi,qualiter ut judex venturus ad ultima mundi,qualiter ut iudex uenturus ad ultima mundi
511317,body,262,0,True,[64],"Tempora, contra homines, ærumnas inter, & inter",tempora contra homines ærumnas inter & inter,tempora contra homines aerumnas inter et inter
511317,body,263,0,True,[64],"Preſſuras varias, extremiq́; ampla diêi",preſſuras varias extremiq́ ampla diêi,pressuras uarias extremiq ampla diei
511317,body,264,0,True,[64],"Signa, piè gemit & ſuſpiria talia fundit:",signa piè gemit & ſuſpiria talia fundit,signa pie gemit et suspiria talia fundit
511317,body,265,0,True,[64],"O Domine, eja veni judex juſtiſſime Jesu;",o domine eja veni judex juſtiſſime jesu,o domine eia ueni iudex iustissime iesu
511317,body,266,0,True,[64],"O Domine, ô Jesu, euge veni mitiſſime Jesu;",o domine ô jesu euge veni mitiſſime jesu,o domine o iesu euge ueni mitissime iesu
511317,body,267,0,True,[64],"Hoc ipſo voto, calido de corde profecto.",hoc ipſo voto calido de corde profecto,hoc ipso uoto calido de corde profecto
511317,body,268,0,True,[64],"Per gemitus & per ſuſpiria exhalato,",per gemitus & per ſuſpiria exhalato,per gemitus et per suspiria exhalato
511317,body,269,0,True,[64],"En vocem claudit, vitæ omnem terminat uſum",en vocem claudit vitæ omnem terminat uſum,en uocem claudit uitae omnem terminat usum
511317,body,270,0,True,[64],"Regius Archiater, noſtri vir nobilis ævi",regius archiater noſtri vir nobilis ævi,regius archiater nostri uir nobilis aeui
511317,body,271,0,True,[64],"Vechnerus, Medicæ princeps celeberrimus artis.",vechnerus medicæ princeps celeberrimus artis,uechnerus medicae princeps celeberrimus artis
511317,body,272,0,True,[64],"Huîc velut exequias conjux heu mœſta paravit,",huîc velut exequias conjux heu mœſta paravit,huic uelut exequias coniux heu moesta parauit
511317,body,273,0,True,[64],"Sic benè factum, iſthunc quod confluxiſtis ad actum,",sic benè factum iſthunc quod confluxiſtis ad actum,sic bene factum isthunc quod confluxistis ad actum
511317,body,274,0,True,[64],"Magnifici, illuſtres, generoſo ſanguine creti,",magnifici illuſtres generoſo ſanguine creti,magnifici illustres generoso sanguine creti
511317,body,275,0,True,[64],"Inſignes meritis, magni virtute Patroni.",inſignes meritis magni virtute patroni,insignes meritis magni uirtute patroni
511317,body,276,0,True,[64],"Quoſq́; excellentis doctrinæ ſplendor & artis,",quoſq́ excellentis doctrinæ ſplendor & artis,quosq excellentis doctrinae splendor et artis
511317,body,277,0,True,[64],Jus & conſilium celſis conterminat aſtris.,jus & conſilium celſis conterminat aſtris,ius et consilium celsis conterminat astris
511317,body,278,0,True,[64],"Tuq́; urbem, populumq́; regens, ſacer Ordo, Senatus.",tuq́ urbem populumq́ regens ſacer ordo senatus,tuq urbem populumq regens sacer ordo senatus
511317,body,279,0,True,[64],Et ſacro in cœtu Domin; ſacra verba docentes.,et ſacro in cœtu domin ſacra verba docentes,et sacro in coetu domin sacra uerba docentes
511317,body,280,0,True,[65],Quiq́; ſcholæ regitis juſto moderamine pubem.,quiq́ ſcholæ regitis juſto moderamine pubem,quiq scholae regitis iusto moderamine pubem
511317,body,281,0,True,[65],"Et quodcunq; fovet VVſchovæ Reſpubica membrum,",et quodcunq fovet vvſchovæ reſpubica membrum,et quodcunq fouet uuschouae respubica membrum
511317,body,282,0,True,[65],Sive peregrinis venias procul hoſpes ab oris.,sive peregrinis venias procul hoſpes ab oris,siue peregrinis uenias procul hospes ab oris
511317,body,283,0,True,[65],"Omnis, qui vivum calido complexus amore es,",omnis qui vivum calido complexus amore es,omnis qui uiuum calido complexus amore es
511317,body,284,0,True,[65],Nunc quoq; defuncto extremũ hunc pius offer hono-,nunc quoq defuncto extremũ hunc pius offer hono,nunc quoq defuncto extremum hunc pius offer hono
511317,body,285,0,True,[65],"Paucula de multis, de magnis parva loquentem (rem.",paucula de multis de magnis parva loquentem rem,paucula de multis de magnis parua loquentem rem
511317,body,287,0,True,[65],"Percipite, & faciles querulis date vocibus aures.",percipite & faciles querulis date vocibus aures,percipite et faciles querulis date uocibus aures
511317,body,288,0,True,[65],"Fata virumq́; cano, quẽ quondam parva, ſed ipſo hoc",fata virumq́ cano quẽ quondam parva ſed ipſo hoc,fata uirumq cano quen quondam parua sed ipso hoc
511317,body,289,0,True,[65],"Major facta viro, variis cumulataq́; donis (va,",major facta viro variis cumulataq́ donis va,maior facta uiro uariis cumulataq donis ua
511317,body,291,0,True,[65],"VVſchova ſibi atq; bonis multis tulit, inclyta VVſcho-",vvſchova ſibi atq bonis multis tulit inclyta vvſcho,uuschoua sibi atq bonis multis tulit inclyta uuscho
511317,body,292,0,True,[65],"Matthæus vir hic eſt, medicâ Vechnerus in arte",matthæus vir hic eſt medicâ vechnerus in arte,matthaeus uir hic est medica uechnerus in arte
511317,body,293,0,True,[65],Eximius noſtri luctûs & carminis hujus,eximius noſtri luctûs & carminis hujus,eximius nostri luctus et carminis huius
511317,body,294,0,True,[65],"Vnica materies, ac tanti cauſa doloris.",vnica materies ac tanti cauſa doloris,unica materies ac tanti causa doloris
511317,body,295,0,True,[65],Quid dico: Eſſe? fuit. fuit hoc Vechnerus in orbe.,quid dico eſſe fuit fuit hoc vechnerus in orbe,quid dico esse fuit fuit hoc uechnerus in orbe
511317,body,296,0,True,[65],"Dùm fuit, Arbor erat, protrudens undiq; fructus,",dùm fuit arbor erat protrudens undiq fructus,dum fuit arbor erat protrudens undiq fructus
511317,body,297,0,True,[65],"Arbor erat, turgens foliis & fructibus arbor.",arbor erat turgens foliis & fructibus arbor,arbor erat turgens foliis et fructibus arbor
511317,body,298,0,True,[65],Floruit. heu durum nimis & lacrymabile verbum!,floruit heu durum nimis & lacrymabile verbum,floruit heu durum nimis et lacrymabile uerbum
511317,body,299,0,True,[65],"Floruit Arbor, & heu properè nimis aruit arbor!",floruit arbor & heu properè nimis aruit arbor,floruit arbor et heu propere nimis aruit arbor
511317,body,300,0,True,[65],"Profuit, & patriæ, & plus, quàm ſibi, vixit amicis.",profuit & patriæ & plus quàm ſibi vixit amicis,profuit et patriae et plus quam sibi uixit amicis
511317,body,301,0,True,[65],Deſiit in noſtris florere virereq́; terris.,deſiit in noſtris florere virereq́ terris,desiit in nostris florere uirereq terris
511317,body,302,0,True,[65],"Deſiit hæc nobis prodeſſe, & deſiit eſſe.",deſiit hæc nobis prodeſſe & deſiit eſſe,desiit haec nobis prodesse et desiit esse
511317,body,303,0,True,[65],"Lampas erat, terram præclaro ſidere luſtrans.",lampas erat terram præclaro ſidere luſtrans,lampas erat terram praeclaro sidere lustrans
511317,body,304,0,True,[65],"Lampas, & hei ſubitò, dùm ſerviit omnibus, exeſt:",lampas & hei ſubitò dùm ſerviit omnibus exeſt,lampas et hei subito dum seruiit omnibus exest
511317,body,305,0,True,[65],Quàm tua te Conjuxtenerâ cum prole requirit!,quàm tua te conjuxtenerâ cum prole requirit,quam tua te coniuxtenera cum prole requirit
511317,body,306,0,True,[65],"Quàm tuus ille patrem non viſum ſæpe vocabit,",quàm tuus ille patrem non viſum ſæpe vocabit,quam tuus ille patrem non uisum saepe uocabit
511317,body,307,0,True,[65],Ille tibi nondum ſpectatus at expectatus,ille tibi nondum ſpectatus at expectatus,ille tibi nondum spectatus at expectatus
511317,body,308,0,True,[65],"Poſthumus, exequias querulo clamore fatigans!",poſthumus exequias querulo clamore fatigans,posthumus exequias querulo clamore fatigans
511317,body,309,0,True,[65],"Ipſe te Cives, Vechnere perite, vocabunt.",ipſe te cives vechnere perite vocabunt,ipse te ciues uechnere perite uocabunt
511317,body,310,0,True,[65],"Ipſi te proceres, Vechnere polite, vocabunt.",ipſi te proceres vechnere polite vocabunt,ipsi te proceres uechnere polite uocabunt
511317,body,311,0,True,[65],"Ipſi te Reges, Vechnere probate, vocabunt.",ipſi te reges vechnere probate vocabunt,ipsi te reges uechnere probate uocabunt
511317,body,312,0,True,[66],Ipſi te Medici quandoq; in vota vocabunt:,ipſi te medici quandoq in vota vocabunt,ipsi te medici quandoq in uota uocabunt
511317,body,313,0,True,[66],"Ægri cum ſanis, cum pauperibusq́ue potentes.",ægri cum ſanis cum pauperibusq́ue potentes,aegri cum sanis cum pauperibusque potentes
511317,body,314,0,True,[66],Ipſi te fontes & pulpita ſacra vocabunt:,ipſi te fontes & pulpita ſacra vocabunt,ipsi te fontes et pulpita sacra uocabunt
511317,body,315,0,True,[66],Ipſi te montes & Curia noſtra vocabit,ipſi te montes & curia noſtra vocabit,ipsi te montes et curia nostra uocabit
511317,body,316,0,True,[66],"Ipſe ego te, Vechnere, dies noctesq́ue requiro.",ipſe ego te vechnere dies noctesq́ue requiro,ipse ego te uechnere dies noctesque requiro
511317,body,317,0,True,[66],"Quàm mihi grata fuit tua conſuetudo fidesq́ue,",quàm mihi grata fuit tua conſuetudo fidesq́ue,quam mihi grata fuit tua consuetudo fidesque
511317,body,318,0,True,[66],"Tàm mihi, tàmq́; meis tua nunc miſerabilis eſt mors.",tàm mihi tàmq́ meis tua nunc miſerabilis eſt mors,tam mihi tamq meis tua nunc miserabilis est mors
511317,body,319,0,True,[66],"Tu mihi ſuavis eras ſocius, jucundus amicus,",tu mihi ſuavis eras ſocius jucundus amicus,tu mihi suauis eras socius iucundus amicus
511317,body,320,0,True,[66],"Cùm Francfurtenſis, cùm Marpurgenſis utrumq;",cùm francfurtenſis cùm marpurgenſis utrumq,cum francfurtensis cum marpurgensis utrumq
511317,body,321,0,True,[66],Ante bis undenos annos Academia haberet.,ante bis undenos annos academia haberet,ante bis undenos annos academia haberet
511317,body,322,0,True,[66],"Et nunc divitiis & honoribus auctus, eundem",et nunc divitiis & honoribus auctus eundem,et nunc diuitiis et honoribus auctus eundem
511317,body,323,0,True,[66],"In me animum retines, Fautor meus atq; meorum,",in me animum retines fautor meus atq meorum,in me animum retines fautor meus atq meorum
511317,body,324,0,True,[66],"Hoſpes item meus ac Medicus mihi ſæpe probatus,",hoſpes item meus ac medicus mihi ſæpe probatus,hospes item meus ac medicus mihi saepe probatus
511317,body,325,0,True,[66],Colica cùm miſerè torqueret paſsio corpus.,colica cùm miſerè torqueret paſsio corpus,colica cum misere torqueret passio corpus
511317,body,326,0,True,[66],"Multis ac magnis fuit hic donante Jehovâ,",multis ac magnis fuit hic donante jehovâ,multis ac magnis fuit hic donante iehoua
511317,body,327,0,True,[66],Corporis atq; animi & fortunæ inſigniter auctus,corporis atq animi & fortunæ inſigniter auctus,corporis atq animi et fortunae insigniter auctus
511317,body,328,0,True,[66],"Dotibus. Has videas Medico concurrere in uno,",dotibus has videas medico concurrere in uno,dotibus has uideas medico concurrere in uno
511317,body,329,0,True,[66],"Quas vix vidiſti, quas vix viſurus es unquam",quas vix vidiſti quas vix viſurus es unquam,quas uix uidisti quas uix uisurus es unquam
511317,body,330,0,True,[66],"Quas vix audiſti, vix auditurus es unquam",quas vix audiſti vix auditurus es unquam,quas uix audisti uix auditurus es unquam
511317,body,331,0,True,[66],"In Medicis aliis, licet usq; vel usq; peritis.",in medicis aliis licet usq vel usq peritis,in medicis aliis licet usq uel usq peritis
511317,body,332,0,True,[66],"Patria mox puerum peregrinas miſit in oras,",patria mox puerum peregrinas miſit in oras,patria mox puerum peregrinas misit in oras
511317,body,333,0,True,[66],"Multorum hinc mores populorum vidit & urbes,",multorum hinc mores populorum vidit & urbes,multorum hinc mores populorum uidit et urbes
511317,body,334,0,True,[66],"Et varias didicit benè cum virtutibus artes,",et varias didicit benè cum virtutibus artes,et uarias didicit bene cum uirtutibus artes
511317,body,335,0,True,[66],Quas humanæ audet ſcrutari induſtria mentis.,quas humanæ audet ſcrutari induſtria mentis,quas humanae audet scrutari industria mentis
511317,body,336,0,True,[66],Ingenii egregias ſpectavit Marchia dotes.,ingenii egregias ſpectavit marchia dotes,ingenii egregias spectauit marchia dotes
511317,body,337,0,True,[66],"Judicii firmas mirata eſt Haſsia vires,",judicii firmas mirata eſt haſsia vires,iudicii firmas mirata est hassia uires
511317,body,338,0,True,[66],"Et juvenem coluit. Voluit cum Principe Vulgus,",et juvenem coluit voluit cum principe vulgus,et iuuenem coluit uoluit cum principe uulgus
511317,body,339,0,True,[66],In Profeſſorum ut ſeſe conjungeret agmen.,in profeſſorum ut ſeſe conjungeret agmen,in professorum ut sese coniungeret agmen
511317,body,340,0,True,[66],"Jàm ſibi Vechnerum Gruningæ Academia poſcit,",jàm ſibi vechnerum gruningæ academia poſcit,iam sibi uechnerum gruningae academia poscit
511317,body,341,0,True,[66],Jàm ſibi Vechnerum Gieſſena Academia quærit.,jàm ſibi vechnerum gieſſena academia quærit,iam sibi uechnerum giessena academia quaerit
511317,body,342,0,True,[67],Jàm ſibi Vechnerum populoſa Boruſsia adoptat.,jàm ſibi vechnerum populoſa boruſsia adoptat,iam sibi uechnerum populosa borussia adoptat
511317,body,343,0,True,[67],Vechnerum Medicum ſibi culta Sileſia poſcit.,vechnerum medicum ſibi culta sileſia poſcit,uechnerum medicum sibi culta silesia poscit
511317,body,344,0,True,[67],Sed ſibi Vechnerum generoſa Polonia ſervat.,sed ſibi vechnerum generoſa polonia ſervat,sed sibi uechnerum generosa polonia seruat
511317,body,345,0,True,[67],"VVſchova ſibi Medicum, retinet ſibi Patria Patrem.",vvſchova ſibi medicum retinet ſibi patria patrem,uuschoua sibi medicum retinet sibi patria patrem
511317,body,346,0,True,[67],Splendida Virtutum fax conſpicienda cuivis,splendida virtutum fax conſpicienda cuivis,splendida uirtutum fax conspicienda cuiuis
511317,body,347,0,True,[67],"Apricâ ſub fronte, decente è corpore luxit.",apricâ ſub fronte decente è corpore luxit,aprica sub fronte decente e corpore luxit
511317,body,348,0,True,[67],Doctrinæ variæ cumulus confluxit in ipſo.,doctrinæ variæ cumulus confluxit in ipſo,doctrinae uariae cumulus confluxit in ipso
511317,body,349,0,True,[67],"quam didicit, Medicam prudens exercuit artem.",quam didicit medicam prudens exercuit artem,quam didicit medicam prudens exercuit artem
511317,body,350,0,True,[67],"quo cum ſucceſſu, qua dexteritate, loquentur",quo cum ſucceſſu qua dexteritate loquentur,quo cum successu qua dexteritate loquentur
511317,body,351,0,True,[67],"Bruſsia cum Ruſsis, Luſatica, Marchica tellus.",bruſsia cum ruſsis luſatica marchica tellus,brussia cum russis lusatica marchica tellus
511317,body,352,0,True,[67],Cumq́; Sileſiacis generoſa Polonia noſtra.,cumq́ sileſiacis generoſa polonia noſtra,cumq silesiacis generosa polonia nostra
511317,body,353,0,True,[67],Artem hanc expertus terræ Rexipſe Polonæ,artem hanc expertus terræ rexipſe polonæ,artem hanc expertus terrae rexipse polonae
511317,body,354,0,True,[67],"Ille Sigiſmundus, Patriæ Pater ille fidelis.",ille sigiſmundus patriæ pater ille fidelis,ille sigismundus patriae pater ille fidelis
511317,body,355,0,True,[67],Cui Deus incolumes felicesq́; augeat annos.,cui deus incolumes felicesq́ augeat annos,cui deus incolumes felicesq augeat annos
511317,body,356,0,True,[67],Hujus ut alarum patula & victrice ſub umbrâ,hujus ut alarum patula & victrice ſub umbrâ,huius ut alarum patula et uictrice sub umbra
511317,body,357,0,True,[67],Tranquillam valeat Chriſti grex ducere vitam.,tranquillam valeat chriſti grex ducere vitam,tranquillam ualeat christi grex ducere uitam
511317,body,358,0,True,[67],"Curia, templa, ſcholæ, Res priva & publica VVſchovæ,",curia templa ſcholæ res priva & publica vvſchovæ,curia templa scholae res priua et publica uuschouae
511317,body,359,0,True,[67],Diſcens atq; docens lugent in morte Patroni.,diſcens atq docens lugent in morte patroni,discens atq docens lugent in morte patroni
511317,body,360,0,True,[67],"Nobilitas cum Cive, Patres cum matre gemiſcunt.",nobilitas cum cive patres cum matre gemiſcunt,nobilitas cum ciue patres cum matre gemiscunt
511317,body,361,0,True,[67],"Flet vidua, egregio properè nimis orba marito,",flet vidua egregio properè nimis orba marito,flet uidua egregio propere nimis orba marito
511317,body,362,0,True,[67],"Flet pia progenies obitum, ſine fine parentis.",flet pia progenies obitum ſine fine parentis,flet pia progenies obitum sine fine parentis
511317,body,363,0,True,[67],Flet concluſus adhuc gravidâ genetricis in alvo,flet concluſus adhuc gravidâ genetricis in alvo,flet conclusus adhuc grauida genetricis in aluo
511317,body,364,0,True,[67],"Poſthumus, & querulo revocat clamore parentem.",poſthumus & querulo revocat clamore parentem,posthumus et querulo reuocat clamore parentem
511317,body,365,0,True,[67],"Menceliusq́; Socer canis venerandus & annis,",menceliusq́ socer canis venerandus & annis,menceliusq socer canis uenerandus et annis
511317,body,366,0,True,[67],Emeritus meritis Generum ſibi luget ademtum.,emeritus meritis generum ſibi luget ademtum,emeritus meritis generum sibi luget ademtum
511317,body,367,0,True,[67],"Adfinem adfines, Fratrem triga inclyta fratrum.",adfinem adfines fratrem triga inclyta fratrum,adfinem adfines fratrem triga inclyta fratrum
511317,body,368,0,True,[67],"Luget adoptatum, alterum item ſoror utraq; Patrem.",luget adoptatum alterum item ſoror utraq patrem,luget adoptatum alterum item soror utraq patrem
511317,body,369,0,True,[67],"Flent ægri Medicum, fidum Vicinus amicum,",flent ægri medicum fidum vicinus amicum,flent aegri medicum fidum uicinus amicum
511317,body,370,0,True,[67],Et Mecœnatem luget ſtudioſa juventus.,et mecœnatem luget ſtudioſa juventus,et mecoenatem luget studiosa iuuentus
511317,body,371,0,True,[67],"quo vir hic in precio à cunctis debebat haberi,",quo vir hic in precio à cunctis debebat haberi,quo uir hic in precio a cunctis debebat haberi
511317,body,372,0,True,[68],Deploranda boni amiſſi jactura docebit:,deploranda boni amiſſi jactura docebit,deploranda boni amissi iactura docebit
511317,body,373,0,True,[68],"Mors, ô mors hominum peſtis lacrymabilis, ô mors,",mors ô mors hominum peſtis lacrymabilis ô mors,mors o mors hominum pestis lacrymabilis o mors
511317,body,374,0,True,[68],"Sic cinè nullâ ortus habitâ ratione, vel artis",sic cinè nullâ ortus habitâ ratione vel artis,sic cine nulla ortus habita ratione uel artis
511317,body,375,0,True,[68],"In plebem, in proceres ruis, implacabilis ô mors!",in plebem in proceres ruis implacabilis ô mors,in plebem in proceres ruis implacabilis o mors
511317,body,376,0,True,[68],"Sic foris atq; domi furis, invariabilis ô mors,",sic foris atq domi furis invariabilis ô mors,sic foris atq domi furis inuariabilis o mors
511317,body,377,0,True,[68],"Doctos, indoctos, ditesq́; inopesq́; trucidans!",doctos indoctos ditesq́ inopesq́ trucidans,doctos indoctos ditesq inopesq trucidans
511317,body,378,0,True,[68],Sicnè ſacri cœtus mihi ſurripis uſq; Patronos?,sicnè ſacri cœtus mihi ſurripis uſq patronos,sicne sacri coetus mihi surripis usq patronos
511317,body,379,0,True,[68],Vix ea ſanata eſt aliqua ratione cicatrix.,vix ea ſanata eſt aliqua ratione cicatrix,uix ea sanata est aliqua ratione cicatrix
511317,body,380,0,True,[68],Quam nuper nobis mors intulit atra Valeri,quam nuper nobis mors intulit atra valeri,quam nuper nobis mors intulit atra ualeri
511317,body,381,0,True,[68],"Theiologi, Herbergeri ad cœli ſidera noti.",theiologi herbergeri ad cœli ſidera noti,theiologi herbergeri ad coeli sidera noti
511317,item,382,0,True,[68],(nit:,nit,nit
511317,body,383,0,True,[68],Vechnerum quoq; fulcrũ Vrbis mors improba ſtor-,vechnerum quoq fulcrũ vrbis mors improba ſtor,uechnerum quoq fulcrum urbis mors improba stor
511317,body,384,0,True,[68],"Vechnerum ſubitô mors im proviſa trucidat,",vechnerum ſubitô mors im proviſa trucidat,uechnerum subito mors im prouisa trucidat
511317,body,385,0,True,[68],Cui vix par toto Medicus reperitur in orbe.,cui vix par toto medicus reperitur in orbe,cui uix par toto medicus reperitur in orbe
511317,body,386,0,True,[68],"〃 Sic homines celata latent ſua tem pora cœcos,",sic homines celata latent ſua tem pora cœcos,sic homines celata latent sua tem pora coecos
511317,body,387,0,True,[68],"〃 Et velut illaqueant incautos retia piſces,",et velut illaqueant incautos retia piſces,et uelut illaqueant incautos retia pisces
511317,body,388,0,True,[68],"〃 Caſſibus ut captantur aves, ruitura repentè",caſſibus ut captantur aves ruitura repentè,cassibus ut captantur aues ruitura repente
511317,body,389,0,True,[68],〃 Sic intercipiunt homines incommoda mille.,sic intercipiunt homines incommoda mille,sic intercipiunt homines incommoda mille
511317,body,390,0,True,[68],"Hei mihi! dùm cadit illa domus atq; iſta columna,",hei mihi dùm cadit illa domus atq iſta columna,hei mihi dum cadit illa domus atq ista columna
511317,body,391,0,True,[68],"Dumq́; vacillat & illa columna, labaſcit & iſta,",dumq́ vacillat & illa columna labaſcit & iſta,dumq uacillat et illa columna labascit et ista
511317,body,392,0,True,[68],Quomodo conſiſtet domus? eheu! nonne deinceps,quomodo conſiſtet domus eheu nonne deinceps,quomodo consistet domus eheu nonne deinceps
511317,body,393,0,True,[68],"Corruet ipſa ſimul, miſeram paritura ruinam?",corruet ipſa ſimul miſeram paritura ruinam,corruet ipsa simul miseram paritura ruinam
511317,body,394,0,True,[68],"Mors furit, atq; etiam magnatum limina pulſat",mors furit atq etiam magnatum limina pulſat,mors furit atq etiam magnatum limina pulsat
511317,body,395,0,True,[68],"Mors furit, atq; etiam Doctorum lumina claudit.",mors furit atq etiam doctorum lumina claudit,mors furit atq etiam doctorum lumina claudit
511317,body,396,0,True,[68],"Mors, ô mors, hominum peſtis lacrymabilis, ô mors!",mors ô mors hominum peſtis lacrymabilis ô mors,mors o mors hominum pestis lacrymabilis o mors
511317,body,397,0,True,[68],"Mors, dominũ ſervo, Mors ſceptra ligonibus æquans.",mors dominũ ſervo mors ſceptra ligonibus æquans,mors dominum seruo mors sceptra ligonibus aequans
511317,body,398,0,True,[68],"Atq; utinam nobis non ſic infeſta fuiſſet,",atq utinam nobis non ſic infeſta fuiſſet,atq utinam nobis non sic infesta fuisset
511317,body,399,0,True,[68],Et vel adhuc aliquot fortè indulſiſſet in annos,et vel adhuc aliquot fortè indulſiſſet in annos,et uel adhuc aliquot forte indulsisset in annos
511317,body,400,0,True,[68],"Hunc patriæ patrem, quem nunc heu funere triſti",hunc patriæ patrem quem nunc heu funere triſti,hunc patriae patrem quem nunc heu funere tristi
511317,body,401,0,True,[68],Ereptum nobis patriæq́; bonisq́; dolemus.,ereptum nobis patriæq́ bonisq́ dolemus,ereptum nobis patriaeq bonisq dolemus
511317,body,402,0,True,[68],"Verùm eheu cecidit, cecidit Vechnerus in ipſo",verùm eheu cecidit cecidit vechnerus in ipſo,uerum eheu cecidit cecidit uechnerus in ipso
511317,body,403,0,True,[69],"Vt vere ætatis, ſic flore & honore laborum,",vt vere ætatis ſic flore & honore laborum,ut uere aetatis sic flore et honore laborum
511317,body,404,0,True,[69],Et nos in lûctum ſubitò conjecit acerbum.,et nos in lûctum ſubitò conjecit acerbum,et nos in luctum subito coniecit acerbum
511317,body,405,0,True,[69],"Mors, ô mors hominum peſtis lacrymabilis, ö mors.",mors ô mors hominum peſtis lacrymabilis ö mors,mors o mors hominum pestis lacrymabilis o mors
511317,body,406,0,True,[69],"Mors, dominum ſervo, Mors ſceptra ligonibꝰ æquans.",mors dominum ſervo mors ſceptra ligonibꝰ æquans,mors dominum seruo mors sceptra ligonibcon aequans
511317,body,407,0,True,[69],"Hos querulos luctus, atq; hæc ſuſpiria cernens",hos querulos luctus atq hæc ſuſpiria cernens,hos querulos luctus atq haec suspiria cernens
511317,body,408,0,True,[69],"Defuncti, Superum mens conſociata cohorti,",defuncti superum mens conſociata cohorti,defuncti superum mens consociata cohorti
511317,body,409,0,True,[69],Lugentes animas ita compellare videtur:,lugentes animas ita compellare videtur,lugentes animas ita compellare uidetur
511317,body,410,0,True,[69],"Curarum ſatis eſt, ſatis indultumq́; dolori.",curarum ſatis eſt ſatis indultumq́ dolori,curarum satis est satis indultumq dolori
511317,body,411,0,True,[69],Non in terreſtras me nunc revocabitis oras.,non in terreſtras me nunc revocabitis oras,non in terrestras me nunc reuocabitis oras
511317,body,412,0,True,[69],"Siſtite nunc luctum, lacrymas ſuſpendite, Factum eſt:",siſtite nunc luctum lacrymas ſuſpendite factum eſt,sistite nunc luctum lacrymas suspendite factum est
511317,body,413,0,True,[69],"Factum eſt, quod fieri voluit divina voluntas,",factum eſt quod fieri voluit divina voluntas,factum est quod fieri uoluit diuina uoluntas
511317,body,414,0,True,[69],Semper juſta Dei ſapiens & ſancta voluntas.,semper juſta dei ſapiens & ſancta voluntas,semper iusta dei sapiens et sancta uoluntas
511317,body,415,0,True,[69],"Quod Dominus dederat, Dominus ſibi ſuſtulit idem.",quod dominus dederat dominus ſibi ſuſtulit idem,quod dominus dederat dominus sibi sustulit idem
511317,body,416,0,True,[69],Sit benè: ſit Domini benedictum in ſecula nomen.,sit benè ſit domini benedictum in ſecula nomen,sit bene sit domini benedictum in secula nomen
511317,body,417,0,True,[69],"Improbe munde vale, mundanaq́; cuncta valete.",improbe munde vale mundanaq́ cuncta valete,improbe munde uale mundanaq cuncta ualete
511317,body,418,0,True,[69],"Vos & oves & opes, domus, hortus, agriq́; valete.",vos & oves & opes domus hortus agriq́ valete,uos et oues et opes domus hortus agriq ualete
511317,body,419,0,True,[69],"Vos & aves & apes, tauriq́; bovesq́; valete.",vos & aves & apes tauriq́ bovesq́ valete,uos et aues et apes tauriq bouesq ualete
511317,body,420,0,True,[69],"Vxor amica vale, ſexusq́; utriusq; propago.",vxor amica vale ſexusq́ utriusq propago,uxor amica uale sexusq utriusq propago
511317,body,421,0,True,[69],"Adfines, fratres, teneræq́; valete Sorores.",adfines fratres teneræq́ valete sorores,adfines fratres teneraeq ualete sorores
511317,body,422,0,True,[69],"Tuq́; vale & ſalve mihi poſthume, poſthume triſtis,",tuq́ vale & ſalve mihi poſthume poſthume triſtis,tuq uale et salue mihi posthume posthume tristis
511317,body,423,0,True,[69],"Et cole ſupremum, cui te commendo, parentem.",et cole ſupremum cui te commendo parentem,et cole supremum cui te commendo parentem
511317,body,424,0,True,[69],"Non ego præſenti potui te luce videre,",non ego præſenti potui te luce videre,non ego praesenti potui te luce uidere
511317,body,425,0,True,[69],"Sedibus æthereis ſed conveniemus ovantes,",sedibus æthereis ſed conveniemus ovantes,sedibus aethereis sed conueniemus ouantes
511317,body,426,0,True,[69],Et Domino ſacrum læti cantabimus hymnum.,et domino ſacrum læti cantabimus hymnum,et domino sacrum laeti cantabimus hymnum
511317,body,427,0,True,[69],"Nobilitas cum Cive, Patres matresq́; valete.",nobilitas cum cive patres matresq́ valete,nobilitas cum ciue patres matresq ualete
511317,body,428,0,True,[69],"Grex generoſe vale, chariq́; valete ô amici.",grex generoſe vale chariq́ valete ô amici,grex generose uale chariq ualete o amici
511317,body,429,0,True,[69],"Vrbs dilecta vale, diſcentes atque docentes.",vrbs dilecta vale diſcentes atque docentes,urbs dilecta uale discentes atque docentes
511317,body,430,0,True,[69],"Aulica vita vale, Vale, ô ſacer ordo, Senatus.",aulica vita vale vale ô ſacer ordo senatus,aulica uita uale uale o sacer ordo senatus
511317,body,431,0,True,[69],Tuq́; mihi æternùm Sigſmunde ò vive valeq́;,tuq́ mihi æternùm sigſmunde ò vive valeq́,tuq mihi aeternum sigsmunde o uiue ualeq
511317,body,432,0,True,[69],"Alme pater patriæ, noſtri Rex inclyte regni.",alme pater patriæ noſtri rex inclyte regni,alme pater patriae nostri rex inclyte regni
511317,body,433,0,True,[70],Migrat ad æternum in Cœlorum gaudia Regem,migrat ad æternum in cœlorum gaudia regem,migrat ad aeternum in coelorum gaudia regem
511317,body,434,0,True,[70],Hæc jàm corporeis mea mens benè libera vinclis,hæc jàm corporeis mea mens benè libera vinclis,haec iam corporeis mea mens bene libera uinclis
511317,body,435,0,True,[70],Spiritus aſtra potens paradiſica tecta ſubintrat,spiritus aſtra potens paradiſica tecta ſubintrat,spiritus astra potens paradisica tecta subintrat
511317,body,436,0,True,[70],Mortua peccatis mea claudite membra ſepulchro.,mortua peccatis mea claudite membra ſepulchro,mortua peccatis mea claudite membra sepulchro
511317,body,437,0,True,[70],"Illa dies veniet, cùm mortua viva RESURGENT.",illa dies veniet cùm mortua viva resurgent,illa dies ueniet cum mortua uiua resurgent
511317,body,438,0,True,[70],Valete omnes & SEQUIMINI.,valete omnes & sequimini,ualete omnes et sequimini
511317,head,439,0,False,[70],Memor. Honorif. Nobiliss. Ampliss. Excellentiss.,memor honorif nobiliss ampliss excellentiss,memor honorif nobiliss ampliss excellentiss
511317,head,439,1,False,[70],"DN. MATTHIÆ VECHNERI, Frauſtad.",dn matthiæ vechneri frauſtad,dn matthiae uechneri fraustad
511317,head,439,2,False,[70],P. & M. D. Archiatri S. Regiæ Maj. in Polonia.,p & m d archiatri s regiæ maj in polonia,p et m d archiatri s regiae mai in polonia
511317,head,439,3,False,[70],Et Phyſici Ordinarij in Patria.,et phyſici ordinarij in patria,et physici ordinarii in patria
511317,head,439,4,False,[70],Promotoris deſideratiſſ. d. 22. Novemb.,promotoris deſideratiſſ d novemb,promotoris desideratiss d nouemb
511317,head,439,5,True,[70],Anno 1630. Ex humanis Sublati.,anno ex humanis sublati,anno ex humanis sublati
511317,body,440,0,True,[71],VEchnerus ſubitò cecidit: Dolete.At dum ſic plæcuit Jovi: Favete.,vechnerus ſubitò cecidit dolete at dum ſic plæcuit jovi favete,uechnerus subito cecidit dolete at dum sic plaecuit ioui fauete
511317,body,441,0,True,[71],Phœbus & Æſculapius: Dolete.Phœbus & Æſculapius: Favete.,phœbus & æſculapius dolete phœbus & æſculapius favete,phoebus et aesculapius dolete phoebus et aesculapius fauete
511317,body,442,0,True,[71],"Orbis Numinæ, Principes: Dolete.Orbis Numina, Principes: Favete.",orbis numinæ principes dolete orbis numina principes favete,orbis numinae principes dolete orbis numina principes fauete
511317,body,443,0,True,[71],Claro ſtemmate Nobiles: Dolete. Claro Stemmate Nobiles: Favete.,claro ſtemmate nobiles dolete claro stemmate nobiles favete,claro stemmate nobiles dolete claro stemmate nobiles fauete
511317,body,444,0,True,[71],"Fautores Clarii chori: Dolete.Fautores Clarij chori: Favete,",fautores clarii chori dolete fautores clarij chori favete,fautores clarii chori dolete fautores clarii chori fauete
511317,body,445,0,True,[71],Cives undiꝙ in Vrbibus: Dolete.Cives undiꝙ in Vrbibus: Favete.,cives undiꝙ in vrbibus dolete cives undiꝙ in vrbibus favete,ciues undiquod in urbibus dolete ciues undiquod in urbibus fauete
511317,body,446,0,True,[71],Evi hujus decus occidit: Dolete.Quos hæc triſtitta ætterit: Favete.,evi hujus decus occidit dolete quos hæc triſtitta ætterit favete,eui huius decus occidit dolete quos haec tristitta aetterit fauete
511317,body,447,0,True,[71],O patrocinium occidit: Dolete.Exhalanti animæ piè: Favete.,o patrocinium occidit dolete exhalanti animæ piè favete,o patrocinium occidit dolete exhalanti animae pie fauete
511317,body,448,0,True,[71],Sanum ô Conſilium excidit: Dolete.Æternã huic requiem precor: Favete.,sanum ô conſilium excidit dolete æternã huic requiem precor favete,sanum o consilium excidit dolete aeternan huic requiem precor fauete
511317,body,449,0,True,[71],Archiatrus Regius occidit: Dolete.Omnibus numeris probè: Favete.,archiatrus regius occidit dolete omnibus numeris probè favete,archiatrus regius occidit dolete omnibus numeris probe fauete
511317,body,450,0,True,[71],Jubar Polonorum occidit: Dolete.Morte certius eſt nihil: Favete.,jubar polonorum occidit dolete morte certius eſt nihil favete,iubar polonorum occidit dolete morte certius est nihil fauete
511317,body,451,0,True,[71],Splendor Frauſtadium occidit: Dolete.Decretum irrevocabile est: Favete.,splendor frauſtadium occidit dolete decretum irrevocabile est favete,splendor fraustadium occidit dolete decretum irreuocabile est fauete
511317,body,452,0,True,[71],Noſtræ Curæ Scholæ occidit: Dolete.Sub Lunâ omnia tranſeunt: Valete.,noſtræ curæ scholæ occidit dolete sub lunâ omnia tranſeunt valete,nostrae curae scholae occidit dolete sub luna omnia transeunt ualete
511317,body,453,0,False,[71],"M. JOHANNES STRAUS, Neoſtad: Sil. p. t. Conrect.",m johannes straus neoſtad sil p t conrect,m iohannes straus neostad sil p t conrect
511317,item,453,1,True,[71],Scholæ Frauſtad.,scholæ frauſtad,scholae fraustad
511317,body,454,0,True,[71],"QUanta humanarum, quanta inconſtantia rerum!",quanta humanarum quanta inconſtantia rerum,quanta humanarum quanta inconstantia rerum
511317,body,455,0,True,[71],Quod metamorphoſes mors odioſa facit,quod metamorphoſes mors odioſa facit,quod metamorphoses mors odiosa facit
511317,body,456,0,True,[71],"Egregium virtute virum, meritisq́; celebrem,",egregium virtute virum meritisq́ celebrem,egregium uirtute uirum meritisq celebrem
511317,body,457,0,True,[71],"Abſtulit, heu triſti funere, nigra dies!",abſtulit heu triſti funere nigra dies,abstulit heu tristi funere nigra dies
511317,body,458,0,True,[71],"Impia Parca nimis, Germanis atque Polonis",impia parca nimis germanis atque polonis,impia parca nimis germanis atque polonis
511317,body,459,0,True,[71],"Sat notum, rapuit mox violenta, virum!",sat notum rapuit mox violenta virum,sat notum rapuit mox uiolenta uirum
511317,body,460,0,True,[71],"Regius Archiater, Patriæ fidusq́ue Dynaſta,",regius archiater patriæ fidusq́ue dynaſta,regius archiater patriae fidusque dynasta
511317,body,461,0,True,[71],"Et Phyſicus præſtans, anchora firma Scholæ:",et phyſicus præſtans anchora firma scholæ,et physicus praestans anchora firma scholae
511317,body,462,0,True,[71],Relligionis item fulcrum. Nobis ſimul horâ,relligionis item fulcrum nobis ſimul horâ,relligionis item fulcrum nobis simul hora
511317,body,463,0,True,[71],"Quàm citò rapta, unâ, tot bona cuncta, brevi.",quàm citò rapta unâ tot bona cuncta brevi,quam cito rapta una tot bona cuncta breui
511317,body,464,0,True,[71],"Flet pietas, mœretq́ue novem Chorus ipſe Sororum,",flet pietas mœretq́ue novem chorus ipſe sororum,flet pietas moeretque nouem chorus ipse sororum
511317,body,465,0,True,[71],"Luget & amiſſum, jam ſchola noſtra, caput.",luget & amiſſum jam ſchola noſtra caput,luget et amissum iam schola nostra caput
511317,body,466,0,True,[71],"Germani oſtendunt triſtem vultum, atq; Poloni:",germani oſtendunt triſtem vultum atq poloni,germani ostendunt tristem uultum atq poloni
511317,body,467,0,True,[71],"Curia plangit nunc, & patria ipſa patrem.",curia plangit nunc & patria ipſa patrem,curia plangit nunc et patria ipsa patrem
511317,body,468,0,True,[72],Ante alios fundit lacrumas mœſtiſsima conjux:,ante alios fundit lacrumas mœſtiſsima conjux,ante alios fundit lacrumas moestissima coniux
511317,body,469,0,True,[72],Et liberi orbati flent genitore ſuo.,et liberi orbati flent genitore ſuo,et liberi orbati flent genitore suo
511317,body,470,0,True,[72],"Sed cujus multis mors immatura videtur,",sed cujus multis mors immatura videtur,sed cuius multis mors immatura uidetur
511317,body,471,0,True,[72],In cœlo fruitur nectare & Ambroſià.,in cœlo fruitur nectare & ambroſià,in coelo fruitur nectare et ambrosia
511317,body,472,0,True,[72],"Caſparus Miſchkius, VVſchov. adpræſepe Chriſti Cantor.",caſparus miſchkius vvſchov adpræſepe chriſti cantor,casparus mischkius uuschou adpraesepe christi cantor
511317,body,473,0,True,[72],"ACh/ ach/ jhr Furien, ſo grawſam vnd ſehr wild!",ach ach jhr furien ſo grawſam vnd ſehr wild,ach ach ihr furien so grawsam und sehr wild
511317,body,474,0,True,[72],Jſt euch noch nicht ewer grimmiger Zorn geſtilt?,jſt euch noch nicht ewer grimmiger zorn geſtilt,ist euch noch nicht ewer grimmiger zorn gestilt
511317,body,475,0,True,[72],Jhr Parcæ vngeſtuͤm/ ſagt was ficht euch doch an/,jhr parcæ vngeſtuͤm ſagt was ficht euch doch an,ihr parcae ungestum sagt was ficht euch doch an
511317,body,476,0,True,[72],Daß auch der Muſen Hauff zu fried nicht bleiben kan?,daß auch der muſen hauff zu fried nicht bleiben kan,dass auch der musen hauff zu fried nicht bleiben kan
511317,body,477,0,True,[72],Muß den durch ewren Zorn allhier werdn abgeſchniten/,muß den durch ewren zorn allhier werdn abgeſchniten,muss den durch ewren zorn allhier werdn abgeschniten
511317,body,478,0,True,[72],Der Lebensfaden des/ der da ſo hoch geſchrieten/,der lebensfaden des der da ſo hoch geſchrieten,der lebensfaden des der da so hoch geschrieten
511317,body,479,0,True,[72],Jn dieſer Eytelkeit/ daß in der Muſen Chor/,jn dieſer eytelkeit daß in der muſen chor,in dieser eytelkeit dass in der musen chor
511317,body,480,0,True,[72],Er/ allen andern iſt ſehr weit gegangen vor?,er allen andern iſt ſehr weit gegangen vor,er allen andern ist sehr weit gegangen uor
511317,body,481,0,True,[72],Kan der vom ſchnaͤden Todt gantz vnd gar nicht ſeyn frey/,kan der vom ſchnaͤden todt gantz vnd gar nicht ſeyn frey,kan der uom schnaden todt gantz und gar nicht seyn frey
511317,body,482,0,True,[72],Der ſehr viel Menſchen in alln Staͤnden mit Artzney,der ſehr viel menſchen in alln staͤnden mit artzney,der sehr uiel menschen in alln standen mit artzney
511317,body,483,0,True,[72],Aus des allerweiſten Regierers groſſen Gnad/,aus des allerweiſten regierers groſſen gnad,aus des allerweisten regierers grossen gnad
511317,body,484,0,True,[72],Durch ordentlich Mittel zur Gſundheit gebracht hat?,durch ordentlich mittel zur gſundheit gebracht hat,durch ordentlich mittel zur gsundheit gebracht hat
511317,body,485,0,True,[72],Muß der/ der auff dem Helicon ſo hoch geſtiegen/,muß der der auff dem helicon ſo hoch geſtiegen,muss der der auff dem helicon so hoch gestiegen
511317,body,486,0,True,[72],Zugeben/ daß der herbe Todt jhm thue obſiegen?,zugeben daß der herbe todt jhm thue obſiegen,zugeben dass der herbe todt ihm thue obsiegen
511317,body,487,0,True,[72],Hilfft den kein Kraut/ Wurtzel/ noch einig Medicin’,hilfft den kein kraut wurtzel noch einig medicin,hilfft den kein kraut wurtzel noch einig medicin
511317,body,488,0,True,[72],Die dem Menſchenfreſſer ſein Macht koͤnn’ nehmen hin?,die dem menſchenfreſſer ſein macht koͤnn nehmen hin,die dem menschenfresser sein macht konn nehmen hin
511317,body,489,0,True,[72],Nein/ nein/ es hilfft nichts/ der vnwandelbare Rath/,nein nein es hilfft nichts der vnwandelbare rath,nein nein es hilfft nichts der unwandelbare rath
511317,body,490,0,True,[72],Des oberſten Herrſchers/ ſolches beſchloſſen hat/,des oberſten herrſchers ſolches beſchloſſen hat,des obersten herrschers solches beschlossen hat
511317,body,491,0,True,[72],Das alles was auff der runten Erdkugel lebet/,das alles was auff der runten erdkugel lebet,das alles was auff der runten erdkugel lebet
511317,body,492,0,True,[72],Auch ſtreblich muͤſſe ſeyn/ ob es gleich ſehr hoch ſchwebet.,auch ſtreblich muͤſſe ſeyn ob es gleich ſehr hoch ſchwebet,auch streblich musse seyn ob es gleich sehr hoch schwebet
511317,body,493,0,True,[72],Den der Todt klopfft gewis/ ſo wol mit einem Bein,den der todt klopfft gewis ſo wol mit einem bein,den der todt klopfft gewis so wol mit einem bein
511317,body,494,0,True,[72],An groſſer Herrn Schloͤſſer/ als armer Huͤttelein.,an groſſer herrn schloͤſſer als armer huͤttelein,an grosser herrn schlosser als armer huttelein
511317,body,495,0,True,[73],Vnd fragt nicht ob es ſey Alexander maͤchtig:,vnd fragt nicht ob es ſey alexander maͤchtig,und fragt nicht ob es sey alexander machtig
511317,body,496,0,True,[73],Oder Juſtinian’ von Weisheit ſehr praͤchtig.,oder juſtinian von weisheit ſehr praͤchtig,oder iustinian uon weisheit sehr prachtig
511317,body,497,0,True,[73],"Obs ſey Hyppocrates, der durch Kunſt macht geſundt:",obs ſey hyppocrates der durch kunſt macht geſundt,obs sey hyppocrates der durch kunst macht gesundt
511317,body,498,0,True,[73],"Oder Ariſtoteles, ſo fundn’ der Natur Grundt.",oder ariſtoteles ſo fundn der natur grundt,oder aristoteles so fundn der natur grundt
511317,body,499,0,True,[73],Sondern wen er antrifft/ derſelbe muß nur fort/,sondern wen er antrifft derſelbe muß nur fort,sondern wen er antrifft derselbe muss nur fort
511317,body,500,0,True,[73],Er wohne auff hohem oder niedrigem Orth.,er wohne auff hohem oder niedrigem orth,er wohne auff hohem oder niedrigem orth
511317,body,501,0,True,[73],Wann dann vnſern Herrn Doctor auch dieſes betroffen/,wann dann vnſern herrn doctor auch dieſes betroffen,wann dann unsern herrn doctor auch dieses betroffen
511317,body,502,0,True,[73],Daß er gar ploͤtzlichen vnd vber alles Hoffen/,daß er gar ploͤtzlichen vnd vber alles hoffen,dass er gar plotzlichen und uber alles hoffen
511317,body,503,0,True,[73],Den vnvermeidlichn Weg muͤſſen gehn aller Welt/,den vnvermeidlichn weg muͤſſen gehn aller welt,den unuermeidlichn weg mussen gehn aller welt
511317,body,504,0,True,[73],Da ſein Seel iſt gewandert aus jhrem Gezelt/,da ſein seel iſt gewandert aus jhrem gezelt,da sein seel ist gewandert aus ihrem gezelt
511317,body,505,0,True,[73],Vnd von dem hohen Berg der ſchoͤnen Eychen zwar/,vnd von dem hohen berg der ſchoͤnen eychen zwar,und uon dem hohen berg der schonen eychen zwar
511317,body,506,0,True,[73],Sich zwingen thun/ zu der himliſchen Heerſchaar:,sich zwingen thun zu der himliſchen heerſchaar,sich zwingen thun zu der himlischen heerschaar
511317,body,507,0,True,[73],Als iſt kein Zweiffel/ er werde in Paradeiß/,als iſt kein zweiffel er werde in paradeiß,als ist kein zweiffel er werde in paradeiss
511317,body,508,0,True,[73],Jetz ſchwebn’/ vnter der allerſchoͤnſten Eychen Reiß.,jetz ſchwebn vnter der allerſchoͤnſten eychen reiß,ietz schwebn unter der allerschonsten eychen reiss
511317,body,509,0,True,[73],Wer wolte nun ſolch groſſe Frewde ihm nicht goͤnnen?,wer wolte nun ſolch groſſe frewde ihm nicht goͤnnen,wer wolte nun solch grosse frewde ihm nicht gonnen
511317,body,510,0,True,[73],Vnd allhier ſo leben/ damit Er auch werd koͤnnen,vnd allhier ſo leben damit er auch werd koͤnnen,und allhier so leben damit er auch werd konnen
511317,body,511,0,True,[73],Mit dem Herrn Doctor vnd allen Auserwehlten/,mit dem herrn doctor vnd allen auserwehlten,mit dem herrn doctor und allen auserwehlten
511317,body,512,0,True,[73],Gott loben/ vnnd dienen in himliſchen Gezehlten.,gott loben vnnd dienen in himliſchen gezehlten,gott loben unnd dienen in himlischen gezehlten
511317,body,513,0,True,[73],Idem qui ſupra.,idem qui ſupra,idem qui supra
511317,body,514,0,True,[73],QUid? VECHNERVS obiit? cui fauſtè divus Apollo,quid vechnervs obiit cui fauſtè divus apollo,quid uechnerus obiit cui fauste diuus apollo
511317,body,515,0,True,[73],"Mentis & ingenii munera larga dedit,",mentis & ingenii munera larga dedit,mentis et ingenii munera larga dedit
511317,body,516,0,True,[73],Artis Apollineæ qui nobile Lumen? is in quâ,artis apollineæ qui nobile lumen is in quâ,artis apollineae qui nobile lumen is in qua
511317,body,517,0,True,[73],Quæſivit famæ nomina celſa ſibi?,quæſivit famæ nomina celſa ſibi,quaesiuit famae nomina celsa sibi
511317,body,518,0,True,[73],"Qui, quà marmoream ſub caudâ Erymanthidos urſæ",qui quà marmoream ſub caudâ erymanthidos urſæ,qui qua marmoream sub cauda erymanthidos ursae
511317,body,519,0,True,[73],"Ærigero frangit ſarmata calce nivem,",ærigero frangit ſarmata calce nivem,aerigero frangit sarmata calce niuem
511317,body,520,0,True,[73],Et quà Cæſareis ſeſe Germania ſceptris,et quà cæſareis ſeſe germania ſceptris,et qua caesareis sese germania sceptris
511317,body,521,0,True,[73],"Effert, in ſummo poſtus honore fuit?",effert in ſummo poſtus honore fuit,effert in summo postus honore fuit
511317,body,522,0,True,[74],"Qui ſibi demeruit Regumq́; hominumq́; favorem,",qui ſibi demeruit regumq́ hominumq́ favorem,qui sibi demeruit regumq hominumq fauorem
511317,body,523,0,True,[74],Qui Medicâ quosvis præſtitit arte viros:,qui medicâ quosvis præſtitit arte viros,qui medica quosuis praestitit arte uiros
511317,body,524,0,True,[74],Cujus ſe Fortuna lubens ſubmiſit honori,cujus ſe fortuna lubens ſubmiſit honori,cuius se fortuna lubens submisit honori
511317,body,525,0,True,[74],Praxi & Succeſſus ad ſua vota dedit?,praxi & succeſſus ad ſua vota dedit,praxi et successus ad sua uota dedit
511317,body,526,0,True,[74],Sic eſt: ſic VECHNERVS obiit! Crudelia fata!,sic eſt ſic vechnervs obiit crudelia fata,sic est sic uechnerus obiit crudelia fata
511317,body,527,0,True,[74],"VECHNERVS moritur, quàm ſubito moritur!",vechnervs moritur quàm ſubito moritur,uechnerus moritur quam subito moritur
511317,body,528,0,True,[74],Dicitur HIPPOCRATES in centum & quatuor annos,dicitur hippocrates in centum & quatuor annos,dicitur hippocrates in centum et quatuor annos
511317,body,529,0,True,[74],Vitæ exhauſiſſe munera larga ſuæ:,vitæ exhauſiſſe munera larga ſuæ,uitae exhausisse munera larga suae
511317,body,530,0,True,[74],Ipſe ASCLEPIADES maturæ ſecla ſenectæ,ipſe asclepiades maturæ ſecla ſenectæ,ipse asclepiades maturae secla senectae
511317,body,531,0,True,[74],"Vidit, ut & morbi non nocuere viro,",vidit ut & morbi non nocuere viro,uidit ut et morbi non nocuere uiro
511317,body,532,0,True,[74],"Donec ceu vitæ & Fortunæ victor, iniquo",donec ceu vitæ & fortunæ victor iniquo,donec ceu uitae et fortunae uictor iniquo
511317,body,533,0,True,[74],Scalarum lapſu debilitatus obit:,scalarum lapſu debilitatus obit,scalarum lapsu debilitatus obit
511317,body,534,0,True,[74],GALENVM morbis adflixit prima juventa,galenvm morbis adflixit prima juventa,galenum morbis adflixit prima iuuenta
511317,body,535,0,True,[74],Artis at auxilio tempora longa habuit:,artis at auxilio tempora longa habuit,artis at auxilio tempora longa habuit
511317,body,536,0,True,[74],Conticeo reliquos. verum VECHNERVS in ipſo,conticeo reliquos verum vechnervs in ipſo,conticeo reliquos uerum uechnerus in ipso
511317,body,537,0,True,[74],Felix ætatis flore peremptus obit.,felix ætatis flore peremptus obit,felix aetatis flore peremptus obit
511317,body,538,0,True,[74],"Ac ſic, dum multi magnam de Lumine tanto",ac ſic dum multi magnam de lumine tanto,ac sic dum multi magnam de lumine tanto
511317,body,539,0,True,[74],"Spem ſibi promittunt, ſpes inopina fugit.",spem ſibi promittunt ſpes inopina fugit,spem sibi promittunt spes inopina fugit
511317,body,540,0,True,[74],O dolor! o Lacrymæ: quis quis non defleat iſtam,o dolor o lacrymæ quis quis non defleat iſtam,o dolor o lacrymae quis quis non defleat istam
511317,body,541,0,True,[74],Diræ execrandam mortis avaritiem?,diræ execrandam mortis avaritiem,dirae execrandam mortis auaritiem
511317,body,542,0,True,[74],"Plangite, ſarmaticus quos nunc complectitur orbis,",plangite ſarmaticus quos nunc complectitur orbis,plangite sarmaticus quos nunc complectitur orbis
511317,body,543,0,True,[74],Veſtrum Evergetam jam fera morta necat:,veſtrum evergetam jam fera morta necat,uestrum euergetam iam fera morta necat
511317,body,544,0,True,[74],"SLESIA fle, quæſenſiſti benè vimq́ue fidemq́ue",slesia fle quæſenſiſti benè vimq́ue fidemq́ue,slesia fle quaesensisti bene uimque fidemque
511317,body,545,0,True,[74],"Ingenii, ſepeli ne benefacta viri.",ingenii ſepeli ne benefacta viri,ingenii sepeli ne benefacta uiri
511317,body,546,0,True,[74],"Inclyta VVSCHOVENSIS luge Reſpublica luge,",inclyta vvschovensis luge reſpublica luge,inclyta uuschouensis luge respublica luge
511317,body,547,0,True,[74],"Jam Cultore tuo, deſpoliata jaces:",jam cultore tuo deſpoliata jaces,iam cultore tuo despoliata iaces
511317,body,548,0,True,[74],"Tu viduata Vxor, quo te deſerta revolves",tu viduata vxor quo te deſerta revolves,tu uiduata uxor quo te deserta reuolues
511317,body,549,0,True,[74],Vnica poſt quid ages? hei tibi pòſt quid ages?,vnica poſt quid ages hei tibi pòſt quid ages,unica post quid ages hei tibi post quid ages
511317,body,550,0,True,[74],"Occubuit conjux conſtans in amore jugali,",occubuit conjux conſtans in amore jugali,occubuit coniux constans in amore iugali
511317,body,551,0,True,[74],Rapta eſt pars animæ dimidiata tuæ:,rapta eſt pars animæ dimidiata tuæ,rapta est pars animae dimidiata tuae
511317,body,552,0,True,[75],Ah quis te ſobolem ſervabit? amabit? habebit?,ah quis te ſobolem ſervabit amabit habebit,ah quis te sobolem seruabit amabit habebit
511317,body,553,0,True,[75],Quis te? te fidus deſeruit Genitori,quis te te fidus deſeruit genitori,quis te te fidus deseruit genitori
511317,body,554,0,True,[75],Heu VECHNERVS obiit! quales non ſecula multos,heu vechnervs obiit quales non ſecula multos,heu uechnerus obiit quales non secula multos
511317,body,555,0,True,[75],"Noſtra ferunt, inter vir gravis iſte graves.",noſtra ferunt inter vir gravis iſte graves,nostra ferunt inter uir grauis iste graues
511317,body,556,0,True,[75],"Sic in nos HOMINES eſt magna licentia mortis,",sic in nos homines eſt magna licentia mortis,sic in nos homines est magna licentia mortis
511317,body,557,0,True,[75],"Dum ſternit tales mors inopina viros,",dum ſternit tales mors inopina viros,dum sternit tales mors inopina uiros
511317,body,558,0,True,[75],A rabie mortis nemo quit liber abeſſe,a rabie mortis nemo quit liber abeſſe,a rabie mortis nemo quit liber abesse
511317,body,559,0,True,[75],MORS ETIAM SAXIS MARMORIBUSQUE VENIT.,mors etiam saxis marmoribusque venit,mors etiam saxis marmoribusque uenit
511317,body,561,0,True,[75],"Sed DOMINI hoc opus eſt, DOMINI hæc eſt ſancta vo- luntas",sed domini hoc opus eſt domini hæc eſt ſancta vo luntas,sed domini hoc opus est domini haec est sancta uo luntas
511317,body,563,0,True,[75],"Qua ſine nemo poteſt vivere, nemo mori.",qua ſine nemo poteſt vivere nemo mori,qua sine nemo potest uiuere nemo mori
511317,body,564,0,True,[75],"Nam benè namq; diu vixit, benè tempora vitæ",nam benè namq diu vixit benè tempora vitæ,nam bene namq diu uixit bene tempora uitae
511317,body,565,0,True,[75],"Qui ſua tranſegit, clauſit & iſta benè",qui ſua tranſegit clauſit & iſta benè,qui sua transegit clausit et ista bene
511317,body,566,0,True,[75],"Sic quoq; VECHNERUS vixit, ſic mortuus. Ergo",sic quoq vechnerus vixit ſic mortuus ergo,sic quoq uechnerus uixit sic mortuus ergo
511317,body,567,0,True,[75],"Sat benè ſatq́; diu vixit, eiq́; bene eſt;",sat benè ſatq́ diu vixit eiq́ bene eſt,sat bene satq diu uixit eiq bene est
511317,body,568,0,True,[75],"Ejus jam corpus placidè requieſcit in urnâ,",ejus jam corpus placidè requieſcit in urnâ,eius iam corpus placide requiescit in urna
511317,body,569,0,True,[75],In cœlos nunc eſt mens repetita ſuos.,in cœlos nunc eſt mens repetita ſuos,in coelos nunc est mens repetita suos
511317,body,570,0,True,[75],"Intereà ad tumulum ſtat Fama, atq; indicat iſtud;",intereà ad tumulum ſtat fama atq indicat iſtud,interea ad tumulum stat fama atq indicat istud
511317,body,571,0,True,[75],Non fore vix tantum vixq́; fuiſſe virum.,non fore vix tantum vixq́ fuiſſe virum,non fore uix tantum uixq fuisse uirum
511317,body,572,0,True,[75],"Vos, qui tangimini, veſtros deponite queſtus",vos qui tangimini veſtros deponite queſtus,uos qui tangimini uestros deponite questus
511317,body,573,0,True,[75],"Et curas, omnem & ſolvite corde metum,",et curas omnem & ſolvite corde metum,et curas omnem et soluite corde metum
511317,body,574,0,True,[75],E vitâ JESUS VECHNERVM morte vocatum,e vitâ jesus vechnervm morte vocatum,e uita iesus uechnerum morte uocatum
511317,body,575,0,True,[75],"Tranſtulit, eripuit præripuitq́; malis:",tranſtulit eripuit præripuitq́ malis,transtulit eripuit praeripuitq malis
511317,body,576,0,True,[75],"Ille idem, quando veniet mundi ultima Meſsis",ille idem quando veniet mundi ultima meſsis,ille idem quando ueniet mundi ultima messis
511317,body,577,0,True,[75],Vis iterum ſummâ junget in axe poli.,vis iterum ſummâ junget in axe poli,uis iterum summa iunget in axe poli
511317,body,578,0,True,[75],"Tu verô mortalis HOMO, memor eſto paratæ",tu verô mortalis homo memor eſto paratæ,tu uero mortalis homo memor esto paratae
511317,body,579,0,True,[75],"Mortis, nam multis præcipitata venit.",mortis nam multis præcipitata venit,mortis nam multis praecipitata uenit
511317,body,580,0,True,[75],"O ter felices! O terq́; quaterq́; beatos,",o ter felices o terq́ quaterq́ beatos,o ter felices o terq quaterq beatos
511317,body,581,0,True,[75],quêis placidè vitam claudere poſſe datur!,quêis placidè vitam claudere poſſe datur,queis placide uitam claudere posse datur
511317,head,582,0,True,[76],I. ἐπιτάφιον,i ἐπιτάφιον,i
511317,item,583,0,True,[76],"Ἐν ταυϑοῖ κατάκειται ἀνὴρ, ὀνομαστὸς ἐπ' ἀνδρὸς",ἐν ταυϑοῖ κατάκειται ἀνὴρ ὀνομαστὸς ἐπ ἀνδρὸς,
511317,item,584,0,True,[76],"πάντος, πάντ' εἰδὼς φάρμακα, ἠδὲ νόσους,",πάντος πάντ εἰδὼς φάρμακα ἠδὲ νόσους,
511317,item,585,0,True,[76],"ὁς, μέχρι ἐκδημεί, νοσεροίς τε ἄκευμα ποιεῖται",ὁς μέχρι ἐκδημεί νοσεροίς τε ἄκευμα ποιεῖται,
511317,item,586,0,True,[76],λίψε ἀνελπίστως ἠελίοιο φάος.,λίψε ἀνελπίστως ἠελίοιο φάος,
511317,item,587,0,True,[76],"ὅυτως μηδέν ἐνι ϑνητῶν τοῖς πράγμασ' ἀναιρεί,",ὅυτως μηδέν ἐνι ϑνητῶν τοῖς πράγμασ ἀναιρεί,
511317,item,588,0,True,[76],ψυχοπόρου μεγάλην τοῦ ϑανάτοιο βίαν!,ψυχοπόρου μεγάλην τοῦ ϑανάτοιο βίαν,
511317,item,589,0,True,[76],"σῶμ' αὐτοῖο ἔχει γῆ πουλυβότειρα, ψυχὴν δε",σῶμ αὐτοῖο ἔχει γῆ πουλυβότειρα ψυχὴν δε,
511317,item,590,0,True,[76],χεὶρ τοῦ ὐψιϑρόνου σώζει ἄνακτος ἀεὶ.,χεὶρ τοῦ ὐψιϑρόνου σώζει ἄνακτος ἀεὶ,
511317,item,591,0,True,[76],"κηρὶ δαμεὶς μάκρου βιότειό μεν ἄξιος ἤεν,",κηρὶ δαμεὶς μάκρου βιότειό μεν ἄξιος ἤεν,
511317,item,592,0,True,[76],ἄλλως παγγενίτης – ἀλλ' ἐϑέλησε ϑεὸς.,ἄλλως παγγενίτης ἀλλ ἐϑέλησε ϑεὸς,
511317,item,593,0,True,[76],"μανϑάνε οὖν ἄνϑρωπε καλῶς βιότοιο κέλευϑον,",μανϑάνε οὖν ἄνϑρωπε καλῶς βιότοιο κέλευϑον,
511317,item,594,0,True,[76],"τέμνειν, ἠδὲ βίω μανϑάνε τέρμα λίπειν:",τέμνειν ἠδὲ βίω μανϑάνε τέρμα λίπειν,
511317,item,595,0,True,[76],"ὅυτως παμμάκαρες φαὸς ἠελίοιο λίποντες,",ὅυτως παμμάκαρες φαὸς ἠελίοιο λίποντες,
511317,item,596,0,True,[76],οὔρανιόν τε φάος χριστὸν ἰδόντες ἀεὶ.,οὔρανιόν τε φάος χριστὸν ἰδόντες ἀεὶ,
511317,body,597,0,False,[76],"Condolentiæ ergo appoſuit David Sutorius, Suidn. Sil.",condolentiæ ergo appoſuit david sutorius suidn sil,condolentiae ergo apposuit dauid sutorius suidn sil
511317,body,597,1,False,[76],S S. Th. St. & p. t. Obiſianus in Sabino Ephorus 4. Id. Xbr.,s s th st & p t obiſianus in sabino ephorus id xbr,s s th st et p t obisianus in sabino ephorus id xbr
511317,item,597,2,True,[76],Anno Chriſtiano 1630.,anno chriſtiano,anno christiano
511317,head,598,0,True,[76],"MATTHÆUS VECHNERUS, D. per anagramma ſymbolicum",matthæus vechnerus d per anagramma ſymbolicum,matthaeus uechnerus d per anagramma symbolicum
511317,body,599,0,True,[76],Hujus ad exemplum vis mundi eludere caſſes.,hujus ad exemplum vis mundi eludere caſſes,huius ad exemplum uis mundi eludere casses
511317,body,600,0,True,[76],"AH CAUTE SURSUM TENDE, beatus eris.",ah caute sursum tende beatus eris,ah caute sursum tende beatus eris
511317,item,602,0,True,[76],J. V.,j v,i u
