doc_id,block_type,para_id,sent_id,is_para_final,page_n,textstring_orig,textstring_rich,textstring_simple
526022,body,0,0,True,[1],"Chriſtliche Leichpredigt/ Gehalten bey der Begraͤbnuß/ Weyland deß Zuͤchtigen vnd Tugentſamen Jungfraͤwlins Evę Reginę/ deß Ehrnveſten vnd HochAchtbarn/ Herꝛn Caſpari Schmiden/ Graͤfflichen/ Hanaw-Liechtenbergiſchen Rahts vnd Secretarij zu Buchßweyler/ wie auch Frawen Catharina Schmiden geborner Fachingerin ſeiner Ehelichen Haußfrawen/ Ehelichen Doͤchterlins/ Welches Mitwochs den 30. Junij/ dieſes lauffenden 1613. Jahrs/ zu 10. vhrn vormittag/ in wahrer Erkandtnuß vnd Bekandtnuß/ ſeines Heylands/ Erloͤſers/ vnd Seligmachers Jeſu Chriſti ſelig geſtorben/ vnd negſtfolgenden Donnerſtags/ zwiſchen 1. vnd 2. vhr nachmittag/ mit Chriſtlichen Ceremonien/ daſelbſten zur Erden beſtattet worden. Durch M. Joannem VVeſterfeldium Cronbergenſem, Pfarrern vnd Superintendenten alda/ Gedruckt zu Straßburg/ bey Johann Carolo.",chriſtliche leichpredigt gehalten bey der begraͤbnuß weyland deß zuͤchtigen vnd tugentſamen jungfraͤwlins evę reginę deß ehrnveſten vnd hochachtbarn herꝛn caſpari schmiden graͤfflichen hanawliechtenbergiſchen rahts vnd secretarij zu buchßweyler wie auch frawen catharina schmiden geborner fachingerin ſeiner ehelichen haußfrawen ehelichen doͤchterlins welches mitwochs den junij dieſes lauffenden jahrs zu vhrn vormittag in wahrer erkandtnuß vnd bekandtnuß ſeines heylands erloͤſers vnd seligmachers jeſu chriſti ſelig geſtorben vnd negſtfolgenden donnerſtags zwiſchen vnd vhr nachmittag mit chriſtlichen ceremonien daſelbſten zur erden beſtattet worden durch m joannem vveſterfeldium cronbergenſem pfarrern vnd superintendenten alda gedruckt zu straßburg bey johann carolo,christliche leichpredigt gehalten bey der begrabnuss weyland dess zuchtigen und tugentsamen iungfrawlins eue regine dess ehrnuesten und hochachtbarn hern caspari schmiden grafflichen hanawliechtenbergischen rahts und secretarii zu buchssweyler wie auch frawen catharina schmiden geborner fachingerin seiner ehelichen haussfrawen ehelichen dochterlins welches mitwochs den iunii dieses lauffenden iahrs zu uhrn uormittag in wahrer erkandtnuss und bekandtnuss seines heylands erlosers und seligmachers iesu christi selig gestorben und negstfolgenden donnerstags zwischen und uhr nachmittag mit christlichen ceremonien daselbsten zur erden bestattet worden durch m ioannem uuesterfeldium cronbergensem pfarrern und superintendenten alda gedruckt zu strassburg bey iohann carolo
526022,body,1,0,True,[2],Dem Ehrenveſten vnd HochAchtbahren Herꝛen Caſparo Schmiden/ Graͤfflichen Hanaw Liechtenbergiſchen Raht vnd Secretario/ meinem inſonders Großguͤnſtigen Herꝛen Gevattern.,dem ehrenveſten vnd hochachtbahren herꝛen caſparo schmiden graͤfflichen hanaw liechtenbergiſchen raht vnd secretario meinem inſonders großguͤnſtigen herꝛen gevattern,dem ehrenuesten und hochachtbahren heren casparo schmiden grafflichen hanaw liechtenbergischen raht und secretario meinem insonders grossgunstigen heren geuattern
526022,body,2,0,False,[2],EHrenveſter/ HochAchtbar/ inſonders Großguͤnſtiger Herꝛ Gevatter.,ehrenveſter hochachtbar inſonders großguͤnſtiger herꝛ gevatter,ehrenuester hochachtbar insonders grossgunstiger her geuatter
526022,body,2,1,False,[2],Welcher maſſen derſelbe/ kurtz verꝛuckter tagen/ vnderſchiedlich von mir begeret/ die/ bey der Begraͤbnuß vnd Leichbegaͤngnuß/ ſeines verſtorbenen lieben Doͤchterleins/ Evæ Reginæ ſeligen/ von mir juͤngſt gehaltene Leichpredig/ jhme ſchrifftlich zuzuſtellen/ vielleicht damit dieſelbe/ ſampt etlicher gelehrten Herꝛn vnd Maͤnner Epicedijs/ auch moͤchte in offentlichen Truck gegeben werden/ deſſen wird ſich der Herꝛ Gevatter/ zweiffels ohn/ noch großguͤnſtig zuentſinnen wiſſen.,welcher maſſen derſelbe kurtz verꝛuckter tagen vnderſchiedlich von mir begeret die bey der begraͤbnuß vnd leichbegaͤngnuß ſeines verſtorbenen lieben doͤchterleins evæ reginæ ſeligen von mir juͤngſt gehaltene leichpredig jhme ſchrifftlich zuzuſtellen vielleicht damit dieſelbe ſampt etlicher gelehrten herꝛn vnd maͤnner epicedijs auch moͤchte in offentlichen truck gegeben werden deſſen wird ſich der herꝛ gevatter zweiffels ohn noch großguͤnſtig zuentſinnen wiſſen,welcher massen derselbe kurtz ueruckter tagen underschiedlich uon mir begeret die bey der begrabnuss und leichbegangnuss seines uerstorbenen lieben dochterleins euae reginae seligen uon mir iungst gehaltene leichpredig ihme schrifftlich zuzustellen uielleicht damit dieselbe sampt etlicher gelehrten hern und manner epicediis auch mochte in offentlichen truck gegeben werden dessen wird sich der her geuatter zweiffels ohn noch grossgunstig zuentsinnen wissen
526022,body,2,2,False,[2],"Wiewol mir aber nicht ohnbewuſt/ das ich fuͤr mein Perſohn der jenige nicht bin/ welcher billich ſeine ringfuͤgige arbeit ſolte publiciren laſſen/ bevorab gegenwertige Leichpredig/ ſo nicht allein in der eyle/ neben andern geſchaͤfften/ von mir verfertiget wordẽ/ ſondern auch/ (wie bewuſt) von betruͤbten/ bekuͤmmerten/ vnd mitleidenden Gemuͤth vnd hertzen hergefloſſen: Auch/ ſonder zweiffel/ vngleiche judica, wie braͤuchlich/ hieruͤber vielleicht erfolgen moͤchten: Jedoch hab ich endlich/ E. E. begeren willfahren/ vnnd dieſe Predig/ wie ſie gehalten worden/ vbergeben wollen/ theils/ wegen der vielfaltigen gut vnd wolthaten/ mir vnd den meinigen/ wie nit weniger vnſerm gantzem Miniſterio, biß anhero in der that vielfaltig erwieſen/ mich nach gelegenheit etlicher maſſen danckbar zuerzeigen: theils auch E. E. ſampt deren vielgeliebten/ hocybetruͤbten Haußfrawen/ der Fraw Gevatterin/ zum Troſt in jhrem zugeſtandenen Leyd vnd Hauß Creutz/ damit ſie dieſe ſchlechte vnd einfaͤltige/ gleichwol Schrifftmaͤſige/ Chriſtliche Leichpredig/ zum gedaͤchtnuß behalten/ vnd ſich etwann mit gelegenheit darauß erinnern vnd troͤſten moͤgen/ was vielleicht bey fuͤrgefallenem Leyd vnd Traurigkeit/ nicht allerdings moͤchte vernommen/ oder wider entſuncken ſein.",wiewol mir aber nicht ohnbewuſt das ich fuͤr mein perſohn der jenige nicht bin welcher billich ſeine ringfuͤgige arbeit ſolte publiciren laſſen bevorab gegenwertige leichpredig ſo nicht allein in der eyle neben andern geſchaͤfften von mir verfertiget wordẽ ſondern auch wie bewuſt von betruͤbten bekuͤmmerten vnd mitleidenden gemuͤth vnd hertzen hergefloſſen auch ſonder zweiffel vngleiche judica wie braͤuchlich hieruͤber vielleicht erfolgen moͤchten jedoch hab ich endlich e e begeren willfahren vnnd dieſe predig wie ſie gehalten worden vbergeben wollen theils wegen der vielfaltigen gut vnd wolthaten mir vnd den meinigen wie nit weniger vnſerm gantzem miniſterio biß anhero in der that vielfaltig erwieſen mich nach gelegenheit etlicher maſſen danckbar zuerzeigen theils auch e e ſampt deren vielgeliebten hocybetruͤbten haußfrawen der fraw gevatterin zum troſt in jhrem zugeſtandenen leyd vnd hauß creutz damit ſie dieſe ſchlechte vnd einfaͤltige gleichwol schrifftmaͤſige chriſtliche leichpredig zum gedaͤchtnuß behalten vnd ſich etwann mit gelegenheit darauß erinnern vnd troͤſten moͤgen was vielleicht bey fuͤrgefallenem leyd vnd traurigkeit nicht allerdings moͤchte vernommen oder wider entſuncken ſein,wiewol mir aber nicht ohnbewust das ich fur mein persohn der ienige nicht bin welcher billich seine ringfugige arbeit solte publiciren lassen beuorab gegenwertige leichpredig so nicht allein in der eyle neben andern geschafften uon mir uerfertiget worden sondern auch wie bewust uon betrubten bekummerten und mitleidenden gemuth und hertzen hergeflossen auch sonder zweiffel ungleiche iudica wie brauchlich hieruber uielleicht erfolgen mochten iedoch hab ich endlich e e begeren willfahren unnd diese predig wie sie gehalten worden ubergeben wollen theils wegen der uielfaltigen gut und wolthaten mir und den meinigen wie nit weniger unserm gantzem ministerio biss anhero in der that uielfaltig erwiesen mich nach gelegenheit etlicher massen danckbar zuerzeigen theils auch e e sampt deren uielgeliebten hocybetrubten haussfrawen der fraw geuatterin zum trost in ihrem zugestandenen leyd und hauss creutz damit sie diese schlechte und einfaltige gleichwol schrifftmasige christliche leichpredig zum gedachtnuss behalten und sich etwann mit gelegenheit darauss erinnern und trosten mogen was uielleicht bey furgefallenem leyd und traurigkeit nicht allerdings mochte uernommen oder wider entsuncken sein
526022,body,2,3,False,[2],Thue hiemit den Herꝛn Gevatter/ ſampt ſeinen angehoͤrigẽ/ beneben vns/ Goͤttlicher bewahrung vnd Allmacht/ mich aber demſelben/ zu beharꝛlichen gunſten/ dienſtfreundlich empfehlen.,thue hiemit den herꝛn gevatter ſampt ſeinen angehoͤrigẽ beneben vns goͤttlicher bewahrung vnd allmacht mich aber demſelben zu beharꝛlichen gunſten dienſtfreundlich empfehlen,thue hiemit den hern geuatter sampt seinen angehorigen beneben uns gottlicher bewahrung und allmacht mich aber demselben zu beharlichen gunsten dienstfreundlich empfehlen
526022,body,2,4,True,[2],"Datum Buchßweiller/ Mitwochs den 14. Julij, im Jahr Chriſti/ 1613.",datum buchßweiller mitwochs den julij im jahr chriſti,datum buchssweiller mitwochs den iulii im iahr christi
526022,body,3,0,True,[2],"E. E. Dienſtwilliger M. Joannes VVeſterfeldius Cronbergenſis, loci Paſtor.",e e dienſtwilliger m joannes vveſterfeldius cronbergenſis loci paſtor,e e dienstwilliger m ioannes uuesterfeldius cronbergensis loci pastor
526022,head,4,0,True,[3],TEXT.,text,text
526022,body,5,0,False,[3],Der Gerechte/ ob er gleich zu zeitlich ſtirbt/ iſt er doch in der Ruhe/ (dann das iſt ehrlich/ nicht das lang lebet/ oder viel Jahr hat/ Klugheit vnder den Menſchen iſt das rechte grawe Haar/ vnd ein Vnbeflecktes Leben/ iſt das rechte Alter/) dann der gefaͤlt Gott wol/ vnnd iſt lieb/ vnd wird weggenom̃en/ auß dem Leben/ vnder den Suͤndern/ vnd wird hingeruckt/ daß die Boßheit ſeinen verſtand nicht verkehre/ noch falſche Lehre ſeine Seel betriege.,der gerechte ob er gleich zu zeitlich ſtirbt iſt er doch in der ruhe dann das iſt ehrlich nicht das lang lebet oder viel jahr hat klugheit vnder den menſchen iſt das rechte grawe haar vnd ein vnbeflecktes leben iſt das rechte alter dann der gefaͤlt gott wol vnnd iſt lieb vnd wird weggenom̃en auß dem leben vnder den suͤndern vnd wird hingeruckt daß die boßheit ſeinen verſtand nicht verkehre noch falſche lehre ſeine seel betriege,der gerechte ob er gleich zu zeitlich stirbt ist er doch in der ruhe dann das ist ehrlich nicht das lang lebet oder uiel iahr hat klugheit under den menschen ist das rechte grawe haar und ein unbeflecktes leben ist das rechte alter dann der gefalt gott wol unnd ist lieb und wird weggenommen auss dem leben under den sundern und wird hingeruckt dass die bossheit seinen uerstand nicht uerkehre noch falsche lehre seine seel betriege
526022,body,5,1,False,[3],Dañ die boͤſen Exempel verfuͤhren/ vnnd verderben einem das gute/ vnd die reitzende Luſt verkehret vnſchuldige hertzen.,dañ die boͤſen exempel verfuͤhren vnnd verderben einem das gute vnd die reitzende luſt verkehret vnſchuldige hertzen,dann die bosen exempel uerfuhren unnd uerderben einem das gute und die reitzende lust uerkehret unschuldige hertzen
526022,body,5,2,False,[3],Er iſt bald vollkommen worden/ vnd hat viel Jahr erfuͤllet/ dann ſeine Seel gefaͤllet Gott/ darumb eylet er mit jhme auß dem boͤſen Leben.,er iſt bald vollkommen worden vnd hat viel jahr erfuͤllet dann ſeine seel gefaͤllet gott darumb eylet er mit jhme auß dem boͤſen leben,er ist bald uollkommen worden und hat uiel iahr erfullet dann seine seel gefallet gott darumb eylet er mit ihme auss dem bosen leben
526022,body,5,3,True,[3],Aber die Leut/ ſo es ſehen/ achtens nicht/ vnd nemens nicht zu hertzen.,aber die leut ſo es ſehen achtens nicht vnd nemens nicht zu hertzen,aber die leut so es sehen achtens nicht und nemens nicht zu hertzen
526022,head,6,0,True,[3],Außlegung.,außlegung,ausslegung
526022,body,7,0,False,[3],GEliebte vnnd Andaͤchtige im Herꝛen Chriſto.,geliebte vnnd andaͤchtige im herꝛen chriſto,geliebte unnd andachtige im heren christo
526022,body,7,1,False,[3],Vnder anderm Elend/ vnd vielfaltigem HaußCreutz/ mit welchem Gott der Herꝛ/ vmb der Suͤnden willen/ den heyligen Eheſtand/ hie auff Erden/ verbittert vnd verſaltzet/ iſt nicht das geringſte/ ſondern der fuͤrnembſten eines/ wenn Chriſtliche vnd Gottſelige Eltern/ jhrer lieben Kinder/ vnd holdſeligen oͤhlzweiglin/ durch den zeitlichen Todt beraubet werden/ Bevorab/ wann ſolche from/ Gottsfoͤrchtig vnd gehorſam geweſen/ vnd man zu denſelbigen/ gute hoffnung getragen/ daß ſie hernacher/ wann ſie zu jhrem Verſtand vnd Alter beſſer kommen/ Gott vnd jhrem neben Menſchen/ in Kirchen vnd Schulen/ im Weltlichen Regiment/ wie auch im gemeinen leben/ oder Haußhaltung/ wol vnd nutzlich/ dienen vnd vorſtehen werden.,vnder anderm elend vnd vielfaltigem haußcreutz mit welchem gott der herꝛ vmb der suͤnden willen den heyligen eheſtand hie auff erden verbittert vnd verſaltzet iſt nicht das geringſte ſondern der fuͤrnembſten eines wenn chriſtliche vnd gottſelige eltern jhrer lieben kinder vnd holdſeligen oͤhlzweiglin durch den zeitlichen todt beraubet werden bevorab wann ſolche from gottsfoͤrchtig vnd gehorſam geweſen vnd man zu denſelbigen gute hoffnung getragen daß ſie hernacher wann ſie zu jhrem verſtand vnd alter beſſer kommen gott vnd jhrem neben menſchen in kirchen vnd schulen im weltlichen regiment wie auch im gemeinen leben oder haußhaltung wol vnd nutzlich dienen vnd vorſtehen werden,under anderm elend und uielfaltigem hausscreutz mit welchem gott der her umb der sunden willen den heyligen ehestand hie auff erden uerbittert und uersaltzet ist nicht das geringste sondern der furnembsten eines wenn christliche und gottselige eltern ihrer lieben kinder und holdseligen ohlzweiglin durch den zeitlichen todt beraubet werden beuorab wann solche from gottsforchtig und gehorsam gewesen und man zu denselbigen gute hoffnung getragen dass sie hernacher wann sie zu ihrem uerstand und alter besser kommen gott und ihrem neben menschen in kirchen und schulen im weltlichen regiment wie auch im gemeinen leben oder hausshaltung wol und nutzlich dienen und uorstehen werden
526022,body,7,2,False,[4],Vnd das nicht ohne beſondere vrſachen/ dieweil Gott der Herr ſelbſten/ ſolche στοργήν vnd natuͤrliche Liebe in die Hertzen der Eltern/ gegen jhren Kindern/ alſo tieff eingepflantzet/ daß nicht allein Er/ in ſeinem heyligen Wort/ einem Vatter vnd Mutter Hertz ſich vergleichet: ſondern auch liebe Eltern vnd Kinder ohne hoͤchſte Bekuͤmmernuß vnd Trawrigkeit/ von einander nicht moͤgen getrennet werden.,vnd das nicht ohne beſondere vrſachen dieweil gott der herr ſelbſten ſolche στοργήν vnd natuͤrliche liebe in die hertzen der eltern gegen jhren kindern alſo tieff eingepflantzet daß nicht allein er in ſeinem heyligen wort einem vatter vnd mutter hertz ſich vergleichet ſondern auch liebe eltern vnd kinder ohne hoͤchſte bekuͤmmernuß vnd trawrigkeit von einander nicht moͤgen getrennet werden,und das nicht ohne besondere ursachen dieweil gott der herr selbsten solche und naturliche liebe in die hertzen der eltern gegen ihren kindern also tieff eingepflantzet dass nicht allein er in seinem heyligen wort einem uatter und mutter hertz sich uergleichet sondern auch liebe eltern und kinder ohne hochste bekummernuss und trawrigkeit uon einander nicht mogen getrennet werden
526022,body,7,3,False,[4],Jnmaſſen zuſehen an dem Gottſeligen Altvatter vnd Patriarchen Jacob/ Gen. 37. derſelbe zerꝛiß ſeine Kleider/ leget einen Sack vmb ſeine Lenden/ trug Leyd vmb ſeinen Sohn Joſeph lange zeit/ vnd wolte ſich von ſeinen Soͤhnen vnnd Toͤchtern nicht troͤſten laſſen/ als er vermeinet/ vnd beredt worden/ ein boͤſes vnd reiſſendes Thier/ habe jhn gefreſſen.,jnmaſſen zuſehen an dem gottſeligen altvatter vnd patriarchen jacob gen derſelbe zerꝛiß ſeine kleider leget einen sack vmb ſeine lenden trug leyd vmb ſeinen sohn joſeph lange zeit vnd wolte ſich von ſeinen soͤhnen vnnd toͤchtern nicht troͤſten laſſen als er vermeinet vnd beredt worden ein boͤſes vnd reiſſendes thier habe jhn gefreſſen,inmassen zusehen an dem gottseligen altuatter und patriarchen iacob gen derselbe zeriss seine kleider leget einen sack umb seine lenden trug leyd umb seinen sohn ioseph lange zeit und wolte sich uon seinen sohnen unnd tochtern nicht trosten lassen als er uermeinet und beredt worden ein boses und reissendes thier habe ihn gefressen
526022,body,7,4,True,[4],Deßgleichen thet auch der Hocherleuchte Koͤnigliche Prophet David/ vberſeinen (wiewol Gottloſen vnd Vngehorſamen) Sohn Abſalon/ als derſelbe im Auffruhr wider ſeinen Leiblichen Vatter/ an einer Aychen erhangen/ vnd von Joab/ mit dreyen Spieſſen/ durchs hertz erſtochen worden/ bekuͤmmert er ſich daruͤber ſo hoch vnnd ſehr/ daß er nicht allein weinet vnd trawrig ward/ ſondern auch/ beneben anderen wehklagen/ von Gott begeret vnd wuͤnſchet/ daß er fuͤr jhne/ deß zeitlichen Todts het ſterben ſollen/ wie zuleſen 2. Sam. 18.,deßgleichen thet auch der hocherleuchte koͤnigliche prophet david vberſeinen wiewol gottloſen vnd vngehorſamen sohn abſalon als derſelbe im auffruhr wider ſeinen leiblichen vatter an einer aychen erhangen vnd von joab mit dreyen spieſſen durchs hertz erſtochen worden bekuͤmmert er ſich daruͤber ſo hoch vnnd ſehr daß er nicht allein weinet vnd trawrig ward ſondern auch beneben anderen wehklagen von gott begeret vnd wuͤnſchet daß er fuͤr jhne deß zeitlichen todts het ſterben ſollen wie zuleſen sam,dessgleichen thet auch der hocherleuchte konigliche prophet dauid uberseinen wiewol gottlosen und ungehorsamen sohn absalon als derselbe im auffruhr wider seinen leiblichen uatter an einer aychen erhangen und uon ioab mit dreyen spiessen durchs hertz erstochen worden bekummert er sich daruber so hoch unnd sehr dass er nicht allein weinet und trawrig ward sondern auch beneben anderen wehklagen uon gott begeret und wunschet dass er fur ihne dess zeitlichen todts het sterben sollen wie zulesen sam
526022,body,8,0,True,[4],Dieweil aber der außerwehlte Ruͤſtzeug Gottes/ S. Paulus/ 1. Tehſſ. 4. recht vnd wol vermahnet/ wie ins gemein alle vnd jede Menſchen/ alſo auch inſonderheit Gottſelige/ Chriſtliche Eltern/ daß ſie vber dem Todt jhrer Kinder/ die da ſchlaffen/ nicht trawrig ſein ſollen/ wie die andern/ die keine Hoffnung haben/ ſondern mit wahrem Glauben ſich getroͤſten/ der allgemeinen Aufferſtehung der Todten/ am Juͤngſtentag/ ſo auff die Siegreiche Aufferſtehung/ vnſers Haupts vnd Erloͤſers Jeſu Chriſti/ fundirt vnd gegruͤndet iſt/ vnd der Hoffnung deß Ewigen ſeligen Lebens: Als fuͤhret der Geiſt Gottes/ in dem Buch der Weißheit/ vnd in jetzund abgeleſenen Worten/ auch etliche Motiven vnd vrſach ein/ damit wir vns billich troͤſten vnd auffrichten koͤnnen vnd ſollen/ Wann vnſer liebe Kindelein/ vnd angehoͤrige Leibsfrucht/ vnſers erachachtens/ all zu fruͤhe vnd zeitlich/ ja in jhrer zarten bluͤhenden Jugend/ durch den zeitlichen Todt abgefordert werden.,dieweil aber der außerwehlte ruͤſtzeug gottes s paulus tehſſ recht vnd wol vermahnet wie ins gemein alle vnd jede menſchen alſo auch inſonderheit gottſelige chriſtliche eltern daß ſie vber dem todt jhrer kinder die da ſchlaffen nicht trawrig ſein ſollen wie die andern die keine hoffnung haben ſondern mit wahrem glauben ſich getroͤſten der allgemeinen aufferſtehung der todten am juͤngſtentag ſo auff die siegreiche aufferſtehung vnſers haupts vnd erloͤſers jeſu chriſti fundirt vnd gegruͤndet iſt vnd der hoffnung deß ewigen ſeligen lebens als fuͤhret der geiſt gottes in dem buch der weißheit vnd in jetzund abgeleſenen worten auch etliche motiven vnd vrſach ein damit wir vns billich troͤſten vnd auffrichten koͤnnen vnd ſollen wann vnſer liebe kindelein vnd angehoͤrige leibsfrucht vnſers erachachtens all zu fruͤhe vnd zeitlich ja in jhrer zarten bluͤhenden jugend durch den zeitlichen todt abgefordert werden,dieweil aber der ausserwehlte rustzeug gottes s paulus tehss recht und wol uermahnet wie ins gemein alle und iede menschen also auch insonderheit gottselige christliche eltern dass sie uber dem todt ihrer kinder die da schlaffen nicht trawrig sein sollen wie die andern die keine hoffnung haben sondern mit wahrem glauben sich getrosten der allgemeinen aufferstehung der todten am iungstentag so auff die siegreiche aufferstehung unsers haupts und erlosers iesu christi fundirt und gegrundet ist und der hoffnung dess ewigen seligen lebens als fuhret der geist gottes in dem buch der weissheit und in ietzund abgelesenen worten auch etliche motiuen und ursach ein damit wir uns billich trosten und auffrichten konnen und sollen wann unser liebe kindelein und angehorige leibsfrucht unsers erachachtens all zu fruhe und zeitlich ia in ihrer zarten bluhenden iugend durch den zeitlichen todt abgefordert werden
526022,body,9,0,True,[4],Wann dann leider/ auff dißmahl auch ein ſolcher/ trawriger vnd ſchmertzlicher fall/ ſich begeben vnd zugetragen/ da der liebe Gott/ nach ſeinem ohnwandelbaren Raht vnd Willen/ ein junges Toͤchterlein/ vnd Holdſeliges/ zartes Pflaͤntzlein/ zu ſich in ſeim Ewiges Reich vngezweifelt abgefordert/ zu welchem meñiglichen groſſe hoffnung getragen: Vnd dannenhero ſolcher toͤdtliche abſchied/ wie leichtlich zuerachten/ ſeinen hinderlaſſenen lieben Eltern/ mehr dann ſchmertzlich zu Hertzen gehet: Als wollen wir/ mit verleihung Goͤttlicher huͤlff vnd gnaden/ jhnen zum beſtendigen Troſt/ in jhrem zugeſtandenen Leyd/ vns aber zur Lehr vnd aufferbawung/ dieſe angehoͤrte Wort/ der Himmlichen Weißheit/ mit wahrer forcht Gottes zubetrachten/ fuͤr vnd an die Hand nemmen/ vnd auß denſelben,wann dann leider auff dißmahl auch ein ſolcher trawriger vnd ſchmertzlicher fall ſich begeben vnd zugetragen da der liebe gott nach ſeinem ohnwandelbaren raht vnd willen ein junges toͤchterlein vnd holdſeliges zartes pflaͤntzlein zu ſich in ſeim ewiges reich vngezweifelt abgefordert zu welchem meñiglichen groſſe hoffnung getragen vnd dannenhero ſolcher toͤdtliche abſchied wie leichtlich zuerachten ſeinen hinderlaſſenen lieben eltern mehr dann ſchmertzlich zu hertzen gehet als wollen wir mit verleihung goͤttlicher huͤlff vnd gnaden jhnen zum beſtendigen troſt in jhrem zugeſtandenen leyd vns aber zur lehr vnd aufferbawung dieſe angehoͤrte wort der himmlichen weißheit mit wahrer forcht gottes zubetrachten fuͤr vnd an die hand nemmen vnd auß denſelben,wann dann leider auff dissmahl auch ein solcher trawriger und schmertzlicher fall sich begeben und zugetragen da der liebe gott nach seinem ohnwandelbaren raht und willen ein iunges tochterlein und holdseliges zartes pflantzlein zu sich in seim ewiges reich ungezweifelt abgefordert zu welchem menniglichen grosse hoffnung getragen und dannenhero solcher todtliche abschied wie leichtlich zuerachten seinen hinderlassenen lieben eltern mehr dann schmertzlich zu hertzen gehet als wollen wir mit uerleihung gottlicher hulff und gnaden ihnen zum bestendigen trost in ihrem zugestandenen leyd uns aber zur lehr und aufferbawung diese angehorte wort der himmlichen weissheit mit wahrer forcht gottes zubetrachten fur und an die hand nemmen und auss denselben
526022,body,10,0,True,[5],Fuͤrs erſte vernemmen/ welches das rechte Alter ſeye der Menſchen/ oder/ (welches gleich ſo viel) wann ein Chriſten Menſch Alt gnug zu ſterben ſeye.,fuͤrs erſte vernemmen welches das rechte alter ſeye der menſchen oder welches gleich ſo viel wann ein chriſten menſch alt gnug zu ſterben ſeye,furs erste uernemmen welches das rechte alter seye der menschen oder welches gleich so uiel wann ein christen mensch alt gnug zu sterben seye
526022,body,11,0,True,[5],Darnach aber vnd fuͤrs Ander/ wollen wir auch anhoͤren/ die vrſachen/ warumb Gott der Herꝛ vnderweilen junge Leut vnd Kinder/ ſo fruͤhe vnnd zeitlich/ von dieſer Welt/ durch den zeitlichen Todt abgefordert.,darnach aber vnd fuͤrs ander wollen wir auch anhoͤren die vrſachen warumb gott der herꝛ vnderweilen junge leut vnd kinder ſo fruͤhe vnnd zeitlich von dieſer welt durch den zeitlichen todt abgefordert,darnach aber und furs ander wollen wir auch anhoren die ursachen warumb gott der her underweilen iunge leut und kinder so fruhe unnd zeitlich uon dieser welt durch den zeitlichen todt abgefordert
526022,body,12,0,True,[5],Der getrewe vnd Barmhertzige Gott/ der Gott alles Troſtes/ Gedult vnd Hoffnung/ wolle vns hievon/ etwas Nutzlichs vnd Fruchtbarlichs/ zuhoͤren vnd zureden/ die Gnad ſeines heyligen Geiſtes verleihen vnnd mittheilen/ Amen.,der getrewe vnd barmhertzige gott der gott alles troſtes gedult vnd hoffnung wolle vns hievon etwas nutzlichs vnd fruchtbarlichs zuhoͤren vnd zureden die gnad ſeines heyligen geiſtes verleihen vnnd mittheilen amen,der getrewe und barmhertzige gott der gott alles trostes gedult und hoffnung wolle uns hieuon etwas nutzlichs und fruchtbarlichs zuhoren und zureden die gnad seines heyligen geistes uerleihen unnd mittheilen amen
526022,head,13,0,True,[5],Der Erſte Theil.,der erſte theil,der erste theil
526022,body,14,0,False,[5],BElangend dann fuͤrs Erſte/ Geliebte im Herꝛen/ die Frage/ Welches das rechte Alter ſeye/ eines Menſchen/ oder/ wann ein Chriſten Menſch/ alt gnug zu ſterben ſey?,belangend dann fuͤrs erſte geliebte im herꝛen die frage welches das rechte alter ſeye eines menſchen oder wann ein chriſten menſch alt gnug zu ſterben ſey,belangend dann furs erste geliebte im heren die frage welches das rechte alter seye eines menschen oder wann ein christen mensch alt gnug zu sterben sey
526022,body,14,1,False,[5],So wiſſen wir zwar/ auß Gottes heyligem/ geoffenbahrtem Wort/ daß alle vnd jede Menſchen/ dem zeitlichen Todt vnderworffen ſeyen/ wie der weiſe Lehrer Syrach/ Cap. 14. bezeuget/ alles fleiſch verſchleußt/ wie ein Kleyd/ dann es iſt der alte Bund/ du muſt ſterben.,so wiſſen wir zwar auß gottes heyligem geoffenbahrtem wort daß alle vnd jede menſchen dem zeitlichen todt vnderworffen ſeyen wie der weiſe lehrer syrach cap bezeuget alles fleiſch verſchleußt wie ein kleyd dann es iſt der alte bund du muſt ſterben,so wissen wir zwar auss gottes heyligem geoffenbahrtem wort dass alle und iede menschen dem zeitlichen todt underworffen seyen wie der weise lehrer syrach cap bezeuget alles fleisch uerschleusst wie ein kleyd dann es ist der alte bund du must sterben
526022,body,14,2,False,[5],Vnd das der zeitliche Todt/ der Weg ſey aller Welt/ 1. Reg. 2. Joſ. 23. Dannenhero ohn vnderſcheid Alte vnd Junge/ Mann vnnd Weibsperſohnen/ Hohe vnd Niderige/ Gelehrte vnd Vngelehrte/ Reiche vnd Arme ſterben muͤſſen/ einer wie der ander/ keiner außgenommen/ nach dem trawrigen Sententz Gottes/ Gen. 3. du biſt Erden/ vnd zur Erden ſoltu wider werden/ wie ſolches die Exempel taͤglicher erfahrung/ beneben der Goͤttlichen vñ Weltlichen Hiſtorien gnugſam bezeugen.,vnd das der zeitliche todt der weg ſey aller welt reg joſ dannenhero ohn vnderſcheid alte vnd junge mann vnnd weibsperſohnen hohe vnd niderige gelehrte vnd vngelehrte reiche vnd arme ſterben muͤſſen einer wie der ander keiner außgenommen nach dem trawrigen sententz gottes gen du biſt erden vnd zur erden ſoltu wider werden wie ſolches die exempel taͤglicher erfahrung beneben der goͤttlichen vñ weltlichen hiſtorien gnugſam bezeugen,und das der zeitliche todt der weg sey aller welt reg ios dannenhero ohn underscheid alte und iunge mann unnd weibspersohnen hohe und niderige gelehrte und ungelehrte reiche und arme sterben mussen einer wie der ander keiner aussgenommen nach dem trawrigen sententz gottes gen du bist erden und zur erden soltu wider werden wie solches die exempel taglicher erfahrung beneben der gottlichen und weltlichen historien gnugsam bezeugen
526022,body,14,3,False,[6],Gleichwol aber halten wir Menſchen hierin gemeiniglich den vnderſcheid/ wann betagte vñ erlebte Leut ſterben/ die alt vnd deß Lebens ſatt ſind/ vnd gleichſam einen Fuß im Grab habẽ/ ſo achten wir es ſey jhnen nicht zu kurtz noch vnrecht geſchehen/ ſie haben lang gnug gelebt auff Erden/ es ſey nunmehr zeit/ dz ſie einmal ſterben/ vnd andern platz machen/ bevorab wañ man auß deren toͤdlichẽ ableiben/ beſondern nutzen zuerwarten hat: Wañ aber junge leut vnd Kinder ſterben/ die in jrer beſten Jugend geweſen/ daher gegruͤnet vñ gebluͤhet/ wie ein holdſelige Roß an einem Stock/ zu denen man groſſe hoffnung getragen/ ſo meinen wir/ es ſey noch all zu fruͤhe vnd zeitlich/ es geſchehe jhnen zu kurtz vnnd vnrecht/ ſie haben jhr vollkommen Alter noch nicht erreicht/ keine Frewd vnd Kurtzweil gehabt in der Welt/ ſondern ſeyen durch den vnzeitigen Todt alſo hingerafft worden.,gleichwol aber halten wir menſchen hierin gemeiniglich den vnderſcheid wann betagte vñ erlebte leut ſterben die alt vnd deß lebens ſatt ſind vnd gleichſam einen fuß im grab habẽ ſo achten wir es ſey jhnen nicht zu kurtz noch vnrecht geſchehen ſie haben lang gnug gelebt auff erden es ſey nunmehr zeit dz ſie einmal ſterben vnd andern platz machen bevorab wañ man auß deren toͤdlichẽ ableiben beſondern nutzen zuerwarten hat wañ aber junge leut vnd kinder ſterben die in jrer beſten jugend geweſen daher gegruͤnet vñ gebluͤhet wie ein holdſelige roß an einem stock zu denen man groſſe hoffnung getragen ſo meinen wir es ſey noch all zu fruͤhe vnd zeitlich es geſchehe jhnen zu kurtz vnnd vnrecht ſie haben jhr vollkommen alter noch nicht erreicht keine frewd vnd kurtzweil gehabt in der welt ſondern ſeyen durch den vnzeitigen todt alſo hingerafft worden,gleichwol aber halten wir menschen hierin gemeiniglich den underscheid wann betagte und erlebte leut sterben die alt und dess lebens satt sind und gleichsam einen fuss im grab haben so achten wir es sey ihnen nicht zu kurtz noch unrecht geschehen sie haben lang gnug gelebt auff erden es sey nunmehr zeit dz sie einmal sterben und andern platz machen beuorab wann man auss deren todlichen ableiben besondern nutzen zuerwarten hat wann aber iunge leut und kinder sterben die in irer besten iugend gewesen daher gegrunet und gebluhet wie ein holdselige ross an einem stock zu denen man grosse hoffnung getragen so meinen wir es sey noch all zu fruhe und zeitlich es geschehe ihnen zu kurtz unnd unrecht sie haben ihr uollkommen alter noch nicht erreicht keine frewd und kurtzweil gehabt in der welt sondern seyen durch den unzeitigen todt also hingerafft worden
526022,body,14,4,False,[6],Vnd ſolches verkehret Vrtheil/ vnſer blinden vernunfft/ kompt mehrertheils daher/ daß wir weder deß Menſchen alter recht verſtehen/ noch Gottes allein weiſen Rath/ vnd Vaͤtterlichen willen erkennen.,vnd ſolches verkehret vrtheil vnſer blinden vernunfft kompt mehrertheils daher daß wir weder deß menſchen alter recht verſtehen noch gottes allein weiſen rath vnd vaͤtterlichen willen erkennen,und solches uerkehret urtheil unser blinden uernunfft kompt mehrertheils daher dass wir weder dess menschen alter recht uerstehen noch gottes allein weisen rath und uatterlichen willen erkennen
526022,body,14,5,False,[6],Derowegen dann der Weiſe Koͤnig Salomo/ (oder wer ſonſten der Meiſter dieſes Buchs iſt/) in den abgeleſenen Worten/ vns will lehren vnd zuverſtehen geben/ welches das rechte Alter eines Menſchen ſeye/ vnd wenn ein Chriſt alt genug ſeye zuſterben/ Nemblich/ nicht wie wir meinen/ wann einer viel Jahr erꝛeicht hat/ vnnd nur lange zeit in der Welt gelebet/ viel geſehen vnd erfahren/ vnd ſich allerhand Frewd/ Wolluſt vnd Kurtzweil genugſam gebrauchet: Sondern wann er zu warer ErkandtnußGottes/ ſeines Weſens vnd Willens kommen/ der Gottſeligkeit/ vnnd anderer Chriſtlichen Tugenden/ ſich vermoͤgens befliſſen/ ſo ſeye er alt genug zu ſterben/ ob er auch gleich den Jahren nach zurechnen/ noch gar ein Kind vnnd Juͤngling were/ dann alſo lauten die Wort deß Buchs der Weißheit: Aber der Gerechte/ ob er gleich zu zeitlich ſtirbt/ (vnſer verkehrten meynung nach/ wie wir Vrtheylen/) iſt er doch in der Ruhe.,derowegen dann der weiſe koͤnig salomo oder wer ſonſten der meiſter dieſes buchs iſt in den abgeleſenen worten vns will lehren vnd zuverſtehen geben welches das rechte alter eines menſchen ſeye vnd wenn ein chriſt alt genug ſeye zuſterben nemblich nicht wie wir meinen wann einer viel jahr erꝛeicht hat vnnd nur lange zeit in der welt gelebet viel geſehen vnd erfahren vnd ſich allerhand frewd wolluſt vnd kurtzweil genugſam gebrauchet sondern wann er zu warer erkandtnußgottes ſeines weſens vnd willens kommen der gottſeligkeit vnnd anderer chriſtlichen tugenden ſich vermoͤgens befliſſen ſo ſeye er alt genug zu ſterben ob er auch gleich den jahren nach zurechnen noch gar ein kind vnnd juͤngling were dann alſo lauten die wort deß buchs der weißheit aber der gerechte ob er gleich zu zeitlich ſtirbt vnſer verkehrten meynung nach wie wir vrtheylen iſt er doch in der ruhe,derowegen dann der weise konig salomo oder wer sonsten der meister dieses buchs ist in den abgelesenen worten uns will lehren und zuuerstehen geben welches das rechte alter eines menschen seye und wenn ein christ alt genug seye zusterben nemblich nicht wie wir meinen wann einer uiel iahr ereicht hat unnd nur lange zeit in der welt gelebet uiel gesehen und erfahren und sich allerhand frewd wollust und kurtzweil genugsam gebrauchet sondern wann er zu warer erkandtnussgottes seines wesens und willens kommen der gottseligkeit unnd anderer christlichen tugenden sich uermogens beflissen so seye er alt genug zu sterben ob er auch gleich den iahren nach zurechnen noch gar ein kind unnd iungling were dann also lauten die wort dess buchs der weissheit aber der gerechte ob er gleich zu zeitlich stirbt unser uerkehrten meynung nach wie wir urtheylen ist er doch in der ruhe
526022,body,14,6,True,[6],Dañ das Alter iſt Ehrlich/ nicht das lang lebet/ oder viel Jahr hat: Klugheit vnder den Menſchen iſt das rechte grawe Haar/ vñ ein vnbefleckt Leben iſt das rechte Alter.,dañ das alter iſt ehrlich nicht das lang lebet oder viel jahr hat klugheit vnder den menſchen iſt das rechte grawe haar vñ ein vnbefleckt leben iſt das rechte alter,dann das alter ist ehrlich nicht das lang lebet oder uiel iahr hat klugheit under den menschen ist das rechte grawe haar und ein unbefleckt leben ist das rechte alter
526022,body,15,0,False,[7],Jn welchen worten dann gemeldet werden/ dreyerley Tugenden/ ſozu einem rechten/ vollkommenen Alter erfordet werden/ die Gerechtigkeit/ die Klugheit/ vnd em vnbeflecktes leben.,jn welchen worten dann gemeldet werden dreyerley tugenden ſozu einem rechten vollkommenen alter erfordet werden die gerechtigkeit die klugheit vnd em vnbeflecktes leben,in welchen worten dann gemeldet werden dreyerley tugenden sozu einem rechten uollkommenen alter erfordet werden die gerechtigkeit die klugheit und em unbeflecktes leben
526022,body,15,1,False,[7],Dann es redet der Text/ nicht von Verruchten vnd Gottloſen Leuten/ die ſich keiner Gottſeligkeit vnd Tugenden befleiſſen/ inmaſſen ſolche Rohe Leut/ im 2. Cap. dieſes Buchs beſchrieben worden: ſondern von den Gerechten/ Der Gerechte/ ob er gleich zu zeitlich ſtirbt/ iſt er doch in der Ruhe.,dann es redet der text nicht von verruchten vnd gottloſen leuten die ſich keiner gottſeligkeit vnd tugenden befleiſſen inmaſſen ſolche rohe leut im cap dieſes buchs beſchrieben worden ſondern von den gerechten der gerechte ob er gleich zu zeitlich ſtirbt iſt er doch in der ruhe,dann es redet der text nicht uon uerruchten und gottlosen leuten die sich keiner gottseligkeit und tugenden befleissen inmassen solche rohe leut im cap dieses buchs beschrieben worden sondern uon den gerechten der gerechte ob er gleich zu zeitlich stirbt ist er doch in der ruhe
526022,body,15,2,False,[7],Es ſind aber die Gerechte fuͤr Gott/ nicht die fuͤr ſich ſelber von Natur Gerecht vnd Fromm ſind/ oder durch jhre eigene Gerechtigkeit/ Fromkeit vnd Heyligkeit/ koͤnten Gerecht vnnd Ewig ſeelig werden/ oder den Himmel verdienen: Dann der Herꝛ ſchawet vom Himmel/ auff der Menſchen Kinder/ daß er ſehe/ ob jemandt Klug ſeye/ vnd nach Gott frage/ aber ſie ſind alle abgewichen/ vnnd alleſampt Vnduͤchtig/ da iſt keiner der gutes thue/ auch nicht einer/ wie David Pſal. 14. bezeuget: Vnd S. Paulus Rom. 3. Sie ſind allzumal Suͤnder/ vnnd mangeln deß Ruhms/ den ſie an Gott haben ſolten.,es ſind aber die gerechte fuͤr gott nicht die fuͤr ſich ſelber von natur gerecht vnd fromm ſind oder durch jhre eigene gerechtigkeit fromkeit vnd heyligkeit koͤnten gerecht vnnd ewig ſeelig werden oder den himmel verdienen dann der herꝛ ſchawet vom himmel auff der menſchen kinder daß er ſehe ob jemandt klug ſeye vnd nach gott frage aber ſie ſind alle abgewichen vnnd alleſampt vnduͤchtig da iſt keiner der gutes thue auch nicht einer wie david pſal bezeuget vnd s paulus rom sie ſind allzumal suͤnder vnnd mangeln deß ruhms den ſie an gott haben ſolten,es sind aber die gerechte fur gott nicht die fur sich selber uon natur gerecht und fromm sind oder durch ihre eigene gerechtigkeit fromkeit und heyligkeit konten gerecht unnd ewig seelig werden oder den himmel uerdienen dann der her schawet uom himmel auff der menschen kinder dass er sehe ob iemandt klug seye und nach gott frage aber sie sind alle abgewichen unnd allesampt unduchtig da ist keiner der gutes thue auch nicht einer wie dauid psal bezeuget und s paulus rom sie sind allzumal sunder unnd mangeln dess ruhms den sie an gott haben solten
526022,body,15,3,False,[7],Dann Gott hat alles beſchloſſen vnder den Vnglauben/ auff daß Er ſich aller erbarme/ Rom. 11. Daher der Prophet Eſaias ſpricht in ſeinem 64. Capitel/ Wir ſind alleſampt/ wie die Vnreinen/ vnnd alle vnſere Gerechtigkeit iſt/ wie ein Vnfletig Kleid: Vnnd Chriſtus der Herr ſelbſt/ der Mund vnnd Grund der Warheit/ Matth. 5. Jch ſage euch/ es ſey dann Ewer Gerechtigkeit beſſer/ dann der Schrifft gelehrten vnnd Phariſeer/ ſo werdet jhr nicht in das Himmelreich kommen.,dann gott hat alles beſchloſſen vnder den vnglauben auff daß er ſich aller erbarme rom daher der prophet eſaias ſpricht in ſeinem capitel wir ſind alleſampt wie die vnreinen vnnd alle vnſere gerechtigkeit iſt wie ein vnfletig kleid vnnd chriſtus der herr ſelbſt der mund vnnd grund der warheit matth jch ſage euch es ſey dann ewer gerechtigkeit beſſer dann der schrifft gelehrten vnnd phariſeer ſo werdet jhr nicht in das himmelreich kommen,dann gott hat alles beschlossen under den unglauben auff dass er sich aller erbarme rom daher der prophet esaias spricht in seinem capitel wir sind allesampt wie die unreinen unnd alle unsere gerechtigkeit ist wie ein unfletig kleid unnd christus der herr selbst der mund unnd grund der warheit matth ich sage euch es sey dann ewer gerechtigkeit besser dann der schrifft gelehrten unnd phariseer so werdet ihr nicht in das himmelreich kommen
526022,body,15,4,False,[7],Sondern es ſind vnd heiſſen die Gerechte allhie/ welche jhre angeborne vnd ſelbſt begangene Suͤnde vnd Vngerechtigkeit/ hertzlich erkennen vnnd bekennen/ wahre Rew vnd Leyd daruͤber haben vnd tragen/ Gott den Herꝛn vmb Gnad vnnd verzeihung anruffen/ wie David ſagt/ Pſal. 32. Dafuͤr (nemblich vmb Vergebung der Suͤnden/) werden dich alle Heylige bitten/ zu rechter zeit: Vnd ſich mit warem Glauben/ vertrawen vnd zuverſicht/ einig vnd allein troͤſten/ der Gerechtigkeit deß Herꝛen Chriſti/ welcher darumb Jeſus heiſt/ dieweil er ſein Volck ſelig macht/ von jhren Suͤnden/ Matth. 1. Dann Chriſtus iſt vmb vnſer Suͤnde willen dahin gegeben/ vnnd vmb vnſer Gerechtigkeit willen Aufferwecket/ Rom. 4. Daher dann der Prophet Jeremias/ Cap. 23. Von jhme geweiſſaget/ diß werde ſein Name ſein/ daß man jhn nennen werde/ Herr/ der vnſer Gerechtigkeit iſt/ vnd S. Paulus ſchreibet 2. Cor. 5. Gott hat Chriſtum/ der von keiner Suͤnden wuſte/ fuͤr vns zur Suͤnde gemacht/ auff das wir wuͤrden in jhme/ die Gerechtigkeit/ die fuͤr Gott gilt.,sondern es ſind vnd heiſſen die gerechte allhie welche jhre angeborne vnd ſelbſt begangene suͤnde vnd vngerechtigkeit hertzlich erkennen vnnd bekennen wahre rew vnd leyd daruͤber haben vnd tragen gott den herꝛn vmb gnad vnnd verzeihung anruffen wie david ſagt pſal dafuͤr nemblich vmb vergebung der suͤnden werden dich alle heylige bitten zu rechter zeit vnd ſich mit warem glauben vertrawen vnd zuverſicht einig vnd allein troͤſten der gerechtigkeit deß herꝛen chriſti welcher darumb jeſus heiſt dieweil er ſein volck ſelig macht von jhren suͤnden matth dann chriſtus iſt vmb vnſer suͤnde willen dahin gegeben vnnd vmb vnſer gerechtigkeit willen aufferwecket rom daher dann der prophet jeremias cap von jhme geweiſſaget diß werde ſein name ſein daß man jhn nennen werde herr der vnſer gerechtigkeit iſt vnd s paulus ſchreibet cor gott hat chriſtum der von keiner suͤnden wuſte fuͤr vns zur suͤnde gemacht auff das wir wuͤrden in jhme die gerechtigkeit die fuͤr gott gilt,sondern es sind und heissen die gerechte allhie welche ihre angeborne und selbst begangene sunde und ungerechtigkeit hertzlich erkennen unnd bekennen wahre rew und leyd daruber haben und tragen gott den hern umb gnad unnd uerzeihung anruffen wie dauid sagt psal dafur nemblich umb uergebung der sunden werden dich alle heylige bitten zu rechter zeit und sich mit warem glauben uertrawen und zuuersicht einig und allein trosten der gerechtigkeit dess heren christi welcher darumb iesus heist dieweil er sein uolck selig macht uon ihren sunden matth dann christus ist umb unser sunde willen dahin gegeben unnd umb unser gerechtigkeit willen aufferwecket rom daher dann der prophet ieremias cap uon ihme geweissaget diss werde sein name sein dass man ihn nennen werde herr der unser gerechtigkeit ist und s paulus schreibet cor gott hat christum der uon keiner sunden wuste fur uns zur sunde gemacht auff das wir wurden in ihme die gerechtigkeit die fur gott gilt
526022,body,15,5,False,[8],Vnd 1. Cor. 1. Chriſtus Jeſus iſt vns gemacht vor Gott zur Weißheit/ vnd zur Gerechtigkeit/ vnd zur Heyligung/ vnd zur Erloͤſung/ auff das (wie geſchrieben ſtehet Jerem. 9.) wer ſich ruͤhmet/ der ruͤhme ſich deß Herren.,vnd cor chriſtus jeſus iſt vns gemacht vor gott zur weißheit vnd zur gerechtigkeit vnd zur heyligung vnd zur erloͤſung auff das wie geſchrieben ſtehet jerem wer ſich ruͤhmet der ruͤhme ſich deß herren,und cor christus iesus ist uns gemacht uor gott zur weissheit und zur gerechtigkeit und zur heyligung und zur erlosung auff das wie geschrieben stehet ierem wer sich ruhmet der ruhme sich dess herren
526022,body,15,6,False,[8],Solche Gerechte/ nicht die lang leben/ oder viel Jahr haben/ ſondern welche Chriſtum in der H. Tauff haben angezogen/ welche in das Buch deß Lebens eingeſchrieben ſind/ vnd durchs Blut Chriſti gewaſchen vnd gereiniget/ von allen jhren Suͤnden/ ſolche Gerechtfertigte durch den Glauben an Chriſtum/ welchen die Gerechtigkeit zugerechnet wirdt: Welche ſich der Klugheit vnder den Menſchen befleißigen/ oder der Weißheit/ nicht zwar der jrꝛdiſchen/ wie die Weltkinder zu thun pflegen: (dann der Welt Weißheit/ iſt fuͤr Gott ein Thorheit/ 1. Cor. 1.) ſondern der Goͤttlichen vnd Himmliſchen/ von welchen Pſal. 111. geſchrieben ſtehet/ die Furcht deß Herꝛen/ iſt der Weißheit anfang/ daß iſt ein feine Klugheit/ wer darnach thut/ deß Lob bleibet ewiglich: welche Gott auß ſeinem heyligen Wort vnd Catechiſmo/ erkennen lehrnen/ jhres Glaubens gebuͤhrende rechenſchafft geben koͤnnen/ vnd darneben ein vnbeflecktes Leben fuͤhren/ ſo viel Menſchliche ſchwachheit erleiden mag: Die ſterben nicht zu fruͤhe oder zeitlich/ ob ſie ſchon in jhrer Kindheit/ vnd zarten Jungend hinweg gerafft werden: Sondern haben fuͤr Gott die rechte grawe Haar/ vnd das rechte vollkommene Alter in Chriſto erreicht/ ſie ſterben wann ſie einmal woͤllen.,solche gerechte nicht die lang leben oder viel jahr haben ſondern welche chriſtum in der h tauff haben angezogen welche in das buch deß lebens eingeſchrieben ſind vnd durchs blut chriſti gewaſchen vnd gereiniget von allen jhren suͤnden ſolche gerechtfertigte durch den glauben an chriſtum welchen die gerechtigkeit zugerechnet wirdt welche ſich der klugheit vnder den menſchen befleißigen oder der weißheit nicht zwar der jrꝛdiſchen wie die weltkinder zu thun pflegen dann der welt weißheit iſt fuͤr gott ein thorheit cor ſondern der goͤttlichen vnd himmliſchen von welchen pſal geſchrieben ſtehet die furcht deß herꝛen iſt der weißheit anfang daß iſt ein feine klugheit wer darnach thut deß lob bleibet ewiglich welche gott auß ſeinem heyligen wort vnd catechiſmo erkennen lehrnen jhres glaubens gebuͤhrende rechenſchafft geben koͤnnen vnd darneben ein vnbeflecktes leben fuͤhren ſo viel menſchliche ſchwachheit erleiden mag die ſterben nicht zu fruͤhe oder zeitlich ob ſie ſchon in jhrer kindheit vnd zarten jungend hinweg gerafft werden sondern haben fuͤr gott die rechte grawe haar vnd das rechte vollkommene alter in chriſto erreicht ſie ſterben wann ſie einmal woͤllen,solche gerechte nicht die lang leben oder uiel iahr haben sondern welche christum in der h tauff haben angezogen welche in das buch dess lebens eingeschrieben sind und durchs blut christi gewaschen und gereiniget uon allen ihren sunden solche gerechtfertigte durch den glauben an christum welchen die gerechtigkeit zugerechnet wirdt welche sich der klugheit under den menschen befleissigen oder der weissheit nicht zwar der irdischen wie die weltkinder zu thun pflegen dann der welt weissheit ist fur gott ein thorheit cor sondern der gottlichen und himmlischen uon welchen psal geschrieben stehet die furcht dess heren ist der weissheit anfang dass ist ein feine klugheit wer darnach thut dess lob bleibet ewiglich welche gott auss seinem heyligen wort und catechismo erkennen lehrnen ihres glaubens gebuhrende rechenschafft geben konnen und darneben ein unbeflecktes leben fuhren so uiel menschliche schwachheit erleiden mag die sterben nicht zu fruhe oder zeitlich ob sie schon in ihrer kindheit und zarten iungend hinweg gerafft werden sondern haben fur gott die rechte grawe haar und das rechte uollkommene alter in christo erreicht sie sterben wann sie einmal wollen
526022,body,15,7,False,[8],Dann die Gottſeligkeit iſt zu allen dingen nutz/ vnd hat verheiſſung/ dieſes vnd deß zukuͤnfftigen Lebens/ Jnmaſſen S. Paulus 1. Timoth. 4 bezeuget.,dann die gottſeligkeit iſt zu allen dingen nutz vnd hat verheiſſung dieſes vnd deß zukuͤnfftigen lebens jnmaſſen s paulus timoth bezeuget,dann die gottseligkeit ist zu allen dingen nutz und hat uerheissung dieses und dess zukunfftigen lebens inmassen s paulus timoth bezeuget
526022,body,15,8,False,[8],Zu ſolchem vollkommen Alter ſind kommen/ die ſieben Bruͤder/ 2. Maccab. 7. welche ob ſie wol von Jahren noch Jung waren/ jedoch waren ſie Alte vnd erlebte Leut vor Gott/ wegen jhres Glaubensbekandtnuß vnd Beſtendigkeit/ vber jhrem Vaͤtterlichen Geſetz.,zu ſolchem vollkommen alter ſind kommen die ſieben bruͤder maccab welche ob ſie wol von jahren noch jung waren jedoch waren ſie alte vnd erlebte leut vor gott wegen jhres glaubensbekandtnuß vnd beſtendigkeit vber jhrem vaͤtterlichen geſetz,zu solchem uollkommen alter sind kommen die sieben bruder maccab welche ob sie wol uon iahren noch iung waren iedoch waren sie alte und erlebte leut uor gott wegen ihres glaubensbekandtnuss und bestendigkeit uber ihrem uatterlichen gesetz
526022,body,15,9,True,[8],Solcher Junger Leut/ haben wir Gott lob vnd danck/ noch auff den heutigen tag/ in vnſern Reformirten Evangeliſchen Kirchen auch/ welche/ wann man jhr Alter anſtehet/ vnnd die Jahr/ ſo ſie erꝛeichet haben/ ſind ſie noch Kinder vor der Welt/ aber fuͤr Gott ſind ſie Alt vnd geſtanden gnug/ dieweil ſie jhn auß ſeinem Wort erkennen/ vnd auß jhrem Catechiſmo/ dermaſſen bekennen/ daß ſolches vorzeiten im Bapſtumb/ vielen alten vnd gelehrten wol vberbleiben/ wie David Pſal. 8. geweiſſaget/ auß dem Munde der jungen Kinder vnnd Saͤuglingen/ haſtu eine Macht zugericht/ vmb deiner Feinde willen.,solcher junger leut haben wir gott lob vnd danck noch auff den heutigen tag in vnſern reformirten evangeliſchen kirchen auch welche wann man jhr alter anſtehet vnnd die jahr ſo ſie erꝛeichet haben ſind ſie noch kinder vor der welt aber fuͤr gott ſind ſie alt vnd geſtanden gnug dieweil ſie jhn auß ſeinem wort erkennen vnd auß jhrem catechiſmo dermaſſen bekennen daß ſolches vorzeiten im bapſtumb vielen alten vnd gelehrten wol vberbleiben wie david pſal geweiſſaget auß dem munde der jungen kinder vnnd saͤuglingen haſtu eine macht zugericht vmb deiner feinde willen,solcher iunger leut haben wir gott lob und danck noch auff den heutigen tag in unsern reformirten euangelischen kirchen auch welche wann man ihr alter anstehet unnd die iahr so sie ereichet haben sind sie noch kinder uor der welt aber fur gott sind sie alt und gestanden gnug dieweil sie ihn auss seinem wort erkennen und auss ihrem catechismo dermassen bekennen dass solches uorzeiten im bapstumb uielen alten und gelehrten wol uberbleiben wie dauid psal geweissaget auss dem munde der iungen kinder unnd sauglingen hastu eine macht zugericht umb deiner feinde willen
526022,body,16,0,True,[9],Lehr auß dem Erſten Theyl.,lehr auß dem erſten theyl,lehr auss dem ersten theyl
526022,body,17,0,False,[9],WAnn dann ſolchen vnderſcheid/ der Kinder oder Juͤngling/ an Verſtand vnd Alter/ nicht allein Gott der heylige Geiſt/ an dieſem ort vns zuerkennen geben/ ſondern auch der Hochgelehrte Heyd Ariſtoteles vermercket hat/ da er von der Lehr guter Sitten/ vnd euſſerlichen Tugenden/ die Jugend außſchleußt/ nicht zwar am Alter/ ſondern am Gemuͤt vnd Verſtand/ ob ſie ſchon viel Jahr erreichet haben: Als ſollen fromme vnd Chriſtliche Eltern/ ſolches zum Troſt jhnen dienen laſſen/ wenn Gott der Herꝛ/ jhre liebe Kinder/ allzu fruͤhe vñ zeitlich/ jhrẽ beduncken nach/ durch den zeitlichen Todt/ von dieſer Welt abfordert/ daß ſie ſich erinnern/ ſie ſeyen nicht zu fruͤhe geſtorben/ ſondern eben zur rechten zeit/ da ſie bald vollkommen worden/ vnd jhr Mannlich Alter erreichet in Chriſto/ da ſie durch den Glauben an Chriſtum/ vnnd die heylige Tauff/ gerechtfertiget worden von Suͤnden/ da ſie durch die Him̃liſche Klugheit/ vnd Goͤttliche Weißheit/ ja durch ein vnbeflecktes Leben/ die rechte grawe Haar/ vnnd das rechte Alter erreichet haben/ vnnd derowegen Alt genug geweſen/ ſeelig zu ſterben/ zugeſchweigen/ daß ſie auch ſonſten arme Suͤnder geweſen/ begriffen vnder dem trawrigẽ Sententz vnd Vrtheil Gottes/ welches tages du davon eſſen wirſt/ ſolt du deß Todtes ſterben/ Gen 3. Alſo gar/ daß/ wann ſie auch in Mutter Leib/ oder in der Geburt ſchon geſtorben weren/ jhnen nicht vnrecht geſchehen were/ oder ſie deßwegen mit Gott Rechten konten.,wann dann ſolchen vnderſcheid der kinder oder juͤngling an verſtand vnd alter nicht allein gott der heylige geiſt an dieſem ort vns zuerkennen geben ſondern auch der hochgelehrte heyd ariſtoteles vermercket hat da er von der lehr guter sitten vnd euſſerlichen tugenden die jugend außſchleußt nicht zwar am alter ſondern am gemuͤt vnd verſtand ob ſie ſchon viel jahr erreichet haben als ſollen fromme vnd chriſtliche eltern ſolches zum troſt jhnen dienen laſſen wenn gott der herꝛ jhre liebe kinder allzu fruͤhe vñ zeitlich jhrẽ beduncken nach durch den zeitlichen todt von dieſer welt abfordert daß ſie ſich erinnern ſie ſeyen nicht zu fruͤhe geſtorben ſondern eben zur rechten zeit da ſie bald vollkommen worden vnd jhr mannlich alter erreichet in chriſto da ſie durch den glauben an chriſtum vnnd die heylige tauff gerechtfertiget worden von suͤnden da ſie durch die him̃liſche klugheit vnd goͤttliche weißheit ja durch ein vnbeflecktes leben die rechte grawe haar vnnd das rechte alter erreichet haben vnnd derowegen alt genug geweſen ſeelig zu ſterben zugeſchweigen daß ſie auch ſonſten arme suͤnder geweſen begriffen vnder dem trawrigẽ sententz vnd vrtheil gottes welches tages du davon eſſen wirſt ſolt du deß todtes ſterben gen alſo gar daß wann ſie auch in mutter leib oder in der geburt ſchon geſtorben weren jhnen nicht vnrecht geſchehen were oder ſie deßwegen mit gott rechten konten,wann dann solchen underscheid der kinder oder iungling an uerstand und alter nicht allein gott der heylige geist an diesem ort uns zuerkennen geben sondern auch der hochgelehrte heyd aristoteles uermercket hat da er uon der lehr guter sitten und eusserlichen tugenden die iugend aussschleusst nicht zwar am alter sondern am gemut und uerstand ob sie schon uiel iahr erreichet haben als sollen fromme und christliche eltern solches zum trost ihnen dienen lassen wenn gott der her ihre liebe kinder allzu fruhe und zeitlich ihren beduncken nach durch den zeitlichen todt uon dieser welt abfordert dass sie sich erinnern sie seyen nicht zu fruhe gestorben sondern eben zur rechten zeit da sie bald uollkommen worden und ihr mannlich alter erreichet in christo da sie durch den glauben an christum unnd die heylige tauff gerechtfertiget worden uon sunden da sie durch die himmlische klugheit und gottliche weissheit ia durch ein unbeflecktes leben die rechte grawe haar unnd das rechte alter erreichet haben unnd derowegen alt genug gewesen seelig zu sterben zugeschweigen dass sie auch sonsten arme sunder gewesen begriffen under dem trawrigen sententz und urtheil gottes welches tages du dauon essen wirst solt du dess todtes sterben gen also gar dass wann sie auch in mutter leib oder in der geburt schon gestorben weren ihnen nicht unrecht geschehen were oder sie desswegen mit gott rechten konten
526022,body,17,1,True,[9],Vnd dann endlich/ daß geboren werden/ vnnd ſterben/ nicht von vngefehr geſchicht/ ſondern ſeine zeit hat/ wie Eccleſ. 3. geſchrieben ſtehet/ der Menſch hat ſeine beſtimpte zeit/ die Zahl ſeiner Monden ſtehet bey Gott/ der hat ein Ziel geſetzt/ das wird er nicht vbergehen/ Job. 14. Alle vnſere Tage ſind auff ſeinem Buch geſchrieben/ die noch werden ſolten/ vnnd derſelben keiner da war/ Pſal. 139. Ja nach der Lehr Chriſti/ Matth. 10. ſind alle Haar auff vnſerm Haupt gezehlet/ daß derſelbigen keines auff die Erden fallen kan/ ohne Gottes gnaͤdigen vnd guten willen/ viel weniger das Leben der Menſchen ſelbſten.,vnd dann endlich daß geboren werden vnnd ſterben nicht von vngefehr geſchicht ſondern ſeine zeit hat wie eccleſ geſchrieben ſtehet der menſch hat ſeine beſtimpte zeit die zahl ſeiner monden ſtehet bey gott der hat ein ziel geſetzt das wird er nicht vbergehen job alle vnſere tage ſind auff ſeinem buch geſchrieben die noch werden ſolten vnnd derſelben keiner da war pſal ja nach der lehr chriſti matth ſind alle haar auff vnſerm haupt gezehlet daß derſelbigen keines auff die erden fallen kan ohne gottes gnaͤdigen vnd guten willen viel weniger das leben der menſchen ſelbſten,und dann endlich dass geboren werden unnd sterben nicht uon ungefehr geschicht sondern seine zeit hat wie eccles geschrieben stehet der mensch hat seine bestimpte zeit die zahl seiner monden stehet bey gott der hat ein ziel gesetzt das wird er nicht ubergehen iob alle unsere tage sind auff seinem buch geschrieben die noch werden solten unnd derselben keiner da war psal ia nach der lehr christi matth sind alle haar auff unserm haupt gezehlet dass derselbigen keines auff die erden fallen kan ohne gottes gnadigen und guten willen uiel weniger das leben der menschen selbsten
526022,body,18,0,True,[10],Dieweil es dann Gott dem Herꝛen alſo wolgefallen/ in jhrer zarten Jugend vnd Kindheit ſie abzufordern/ da ſie durch die zugerechnete Gerechtigkeit Chriſti/ die Him̃liſche Klugheit vnder den Menſchen/ vñ ein vnbeflecktes Leben/ jhr rechte grawe Haar/ vnd das vollkomne Alter erreichet haben/ Ey ſo wiſſen ſie ſich zuerinnern vnd zutroͤſten/ daß ſie mit nichten zu fruͤhe/ noch zu zeitlich geſtorben/ ſondern eben zur rechten zeit/ die Gott in ſeinem ohnwandelbaren Raht vnd Willen/ jhnen beſtimmet vnd vorbehalten/ vnd ſie eben alt genug geweſen zuſterben.,dieweil es dann gott dem herꝛen alſo wolgefallen in jhrer zarten jugend vnd kindheit ſie abzufordern da ſie durch die zugerechnete gerechtigkeit chriſti die him̃liſche klugheit vnder den menſchen vñ ein vnbeflecktes leben jhr rechte grawe haar vnd das vollkomne alter erreichet haben ey ſo wiſſen ſie ſich zuerinnern vnd zutroͤſten daß ſie mit nichten zu fruͤhe noch zu zeitlich geſtorben ſondern eben zur rechten zeit die gott in ſeinem ohnwandelbaren raht vnd willen jhnen beſtimmet vnd vorbehalten vnd ſie eben alt genug geweſen zuſterben,dieweil es dann gott dem heren also wolgefallen in ihrer zarten iugend und kindheit sie abzufordern da sie durch die zugerechnete gerechtigkeit christi die himmlische klugheit under den menschen und ein unbeflecktes leben ihr rechte grawe haar und das uollkomne alter erreichet haben ey so wissen sie sich zuerinnern und zutrosten dass sie mit nichten zu fruhe noch zu zeitlich gestorben sondern eben zur rechten zeit die gott in seinem ohnwandelbaren raht und willen ihnen bestimmet und uorbehalten und sie eben alt genug gewesen zusterben
526022,body,19,0,False,[10],Darneben aber ſollen alle Chriſten erinnert vnnd vermahnet ſein/ dieweil das Alter Ehrlich iſt fuͤr Gott/ nicht das lange lebet/ oder viel Jahr hat/ ſondern die Him̃liſche Klugheit vnnd Weißheit/ die Gerechtigkeit/ die Gottſeligkeit/ vnd ein vnbeflecktes Leben/ ſo Gott wolgefellig iſt: Vnd weil die rechte grawe Haar/ nicht fuͤrnemlich auff dem Haupt oder Kopff/ ſondern im hertzen/ im Gemuͤt/ Glauben vnd Gottesforcht wachſen: Daß wir vns huͤten/ fuͤr Gottloſem Weſen/ vor Suͤnden/ Schanden vnd Laſtern.,darneben aber ſollen alle chriſten erinnert vnnd vermahnet ſein dieweil das alter ehrlich iſt fuͤr gott nicht das lange lebet oder viel jahr hat ſondern die him̃liſche klugheit vnnd weißheit die gerechtigkeit die gottſeligkeit vnd ein vnbeflecktes leben ſo gott wolgefellig iſt vnd weil die rechte grawe haar nicht fuͤrnemlich auff dem haupt oder kopff ſondern im hertzen im gemuͤt glauben vnd gottesforcht wachſen daß wir vns huͤten fuͤr gottloſem weſen vor suͤnden schanden vnd laſtern,darneben aber sollen alle christen erinnert unnd uermahnet sein dieweil das alter ehrlich ist fur gott nicht das lange lebet oder uiel iahr hat sondern die himmlische klugheit unnd weissheit die gerechtigkeit die gottseligkeit und ein unbeflecktes leben so gott wolgefellig ist und weil die rechte grawe haar nicht furnemlich auff dem haupt oder kopff sondern im hertzen im gemut glauben und gottesforcht wachsen dass wir uns huten fur gottlosem wesen uor sunden schanden und lastern
526022,body,19,1,True,[10],Es werden viel Leut gefunden heutiges Tags/ welche zwar ein zimliches Alter/ vnd Eyß grawe Koͤpffhaben/ darneben aber in jhrem Leben ſo verrucht vnd Gottloß ſind/ daß es ein Schand iſt vor Gott/ vnd den Menſchen/ ſie ſtecken in Abgoͤtterey vnd Vnglauben/ biß vber die Ohren/ in verachtung Gottes vnnd ſeines heyligen Worts/ in Gottsleſterlichem Fluchen vnd ſchweren/ in entheyligung deß Feyertags/ in vngehorſam gegen jhren vorgeſetzten/ in Haß vnnd Neyd/ in Mord vnd Todtſchlag/ in Fuͤllerey vnd Trunckenheit/ in Hurerey vnd Ehebruch/ in Stoltz vnd Hoffart/ in Geitz vnd Wucher/ in Betrug vnd Diebſtal/ in Verleumbdungen vnd Affterreden/ vnd andern derogleichẽ Suͤnden/ dadurch ſie andere junge Leut/ jhr eygene Kinder vnd Geſind/ offtermals hoͤchlich aͤrgern vnnd verderben/ welchen ſie doch billich mit gutem Exempel ſolten vorleuchten/ vnd nach der vermahnung S. Pauli/ Epheſ. 6. in der Zucht vnnd Vermahnung zu dem Herrn/ ſie auffziehen: ſo gar will etwann auch das Alter kein Witz haben.,es werden viel leut gefunden heutiges tags welche zwar ein zimliches alter vnd eyß grawe koͤpffhaben darneben aber in jhrem leben ſo verrucht vnd gottloß ſind daß es ein schand iſt vor gott vnd den menſchen ſie ſtecken in abgoͤtterey vnd vnglauben biß vber die ohren in verachtung gottes vnnd ſeines heyligen worts in gottsleſterlichem fluchen vnd ſchweren in entheyligung deß feyertags in vngehorſam gegen jhren vorgeſetzten in haß vnnd neyd in mord vnd todtſchlag in fuͤllerey vnd trunckenheit in hurerey vnd ehebruch in stoltz vnd hoffart in geitz vnd wucher in betrug vnd diebſtal in verleumbdungen vnd affterreden vnd andern derogleichẽ suͤnden dadurch ſie andere junge leut jhr eygene kinder vnd geſind offtermals hoͤchlich aͤrgern vnnd verderben welchen ſie doch billich mit gutem exempel ſolten vorleuchten vnd nach der vermahnung s pauli epheſ in der zucht vnnd vermahnung zu dem herrn ſie auffziehen ſo gar will etwann auch das alter kein witz haben,es werden uiel leut gefunden heutiges tags welche zwar ein zimliches alter und eyss grawe kopffhaben darneben aber in ihrem leben so uerrucht und gottloss sind dass es ein schand ist uor gott und den menschen sie stecken in abgotterey und unglauben biss uber die ohren in uerachtung gottes unnd seines heyligen worts in gottslesterlichem fluchen und schweren in entheyligung dess feyertags in ungehorsam gegen ihren uorgesetzten in hass unnd neyd in mord und todtschlag in fullerey und trunckenheit in hurerey und ehebruch in stoltz und hoffart in geitz und wucher in betrug und diebstal in uerleumbdungen und affterreden und andern derogleichen sunden dadurch sie andere iunge leut ihr eygene kinder und gesind offtermals hochlich argern unnd uerderben welchen sie doch billich mit gutem exempel solten uorleuchten und nach der uermahnung s pauli ephes in der zucht unnd uermahnung zu dem herrn sie auffziehen so gar will etwann auch das alter kein witz haben
526022,body,20,0,False,[10],Solches ſind Knaben vnd Suͤnder/ von hundert Jahren/ wie ſie Eſa. 65. genennet werden: Kinder die jhre Tage nicht erreichet/ vnd alte/ die jhre Jahr nicht erfuͤllet haben/ die ſind noch nicht Alt genug/ ſelig zuſterben/ wie lang ſie auch gelebet haben/ ſondern gehen vnder vnd nemmen ein Ende mit ſchrecken/ Pſal. 73. Solche Knaben von hundert Jahren ſollen ſterben/ verſtehe deß Ewigen Todts/ vnd ſolche (Vnbußfertige) Suͤnder von hundert Jahren/ ſollen verflucht ſein/ Eſa. 65. vnd werden dermal eins erfahren muͤſſen/ das junge Leut em Juͤngſten Tag wider ſie aufftretten/ vnd ſie verdammen werden/ daß ſie bey jhrem hohen Alter/ Eyßgrawen Haaren/ vnnd Schneeweiſſen Koͤpffen/ viel Goͤttloſer/ vnd aͤrgerlicher gelebt vnd geweſen/ als viel Junge Kinder vnd Juͤnglinge/ ſo der rechten Klugheit/ der Gottſeligkeit/ vnnd eines Vnbefleckten Lebens/ ſich nach moͤglichen dingen befliſſen haben.,solches ſind knaben vnd suͤnder von hundert jahren wie ſie eſa genennet werden kinder die jhre tage nicht erreichet vnd alte die jhre jahr nicht erfuͤllet haben die ſind noch nicht alt genug ſelig zuſterben wie lang ſie auch gelebet haben ſondern gehen vnder vnd nemmen ein ende mit ſchrecken pſal solche knaben von hundert jahren ſollen ſterben verſtehe deß ewigen todts vnd ſolche vnbußfertige suͤnder von hundert jahren ſollen verflucht ſein eſa vnd werden dermal eins erfahren muͤſſen das junge leut em juͤngſten tag wider ſie aufftretten vnd ſie verdammen werden daß ſie bey jhrem hohen alter eyßgrawen haaren vnnd schneeweiſſen koͤpffen viel goͤttloſer vnd aͤrgerlicher gelebt vnd geweſen als viel junge kinder vnd juͤnglinge ſo der rechten klugheit der gottſeligkeit vnnd eines vnbefleckten lebens ſich nach moͤglichen dingen befliſſen haben,solches sind knaben und sunder uon hundert iahren wie sie esa genennet werden kinder die ihre tage nicht erreichet und alte die ihre iahr nicht erfullet haben die sind noch nicht alt genug selig zusterben wie lang sie auch gelebet haben sondern gehen under und nemmen ein ende mit schrecken psal solche knaben uon hundert iahren sollen sterben uerstehe dess ewigen todts und solche unbussfertige sunder uon hundert iahren sollen uerflucht sein esa und werden dermal eins erfahren mussen das iunge leut em iungsten tag wider sie aufftretten und sie uerdammen werden dass sie bey ihrem hohen alter eyssgrawen haaren unnd schneeweissen kopffen uiel gottloser und argerlicher gelebt und gewesen als uiel iunge kinder und iunglinge so der rechten klugheit der gottseligkeit unnd eines unbefleckten lebens sich nach moglichen dingen beflissen haben
526022,body,20,1,True,[11],Dann es verdammet der verſtorben Gerechte/ die Lebendige Gottloſen/ vnnd ein Junger/ der bald vollkommen wirdt/ das lange Leben deß Vngerechtent wie in negſtfolgenden Worten dieſes Capitels geſchrieben ſtehet.,dann es verdammet der verſtorben gerechte die lebendige gottloſen vnnd ein junger der bald vollkommen wirdt das lange leben deß vngerechtent wie in negſtfolgenden worten dieſes capitels geſchrieben ſtehet,dann es uerdammet der uerstorben gerechte die lebendige gottlosen unnd ein iunger der bald uollkommen wirdt das lange leben dess ungerechtent wie in negstfolgenden worten dieses capitels geschrieben stehet
526022,body,21,0,False,[11],Wollen wir nun nicht auch verflucht ſein/ vnd Ewig Sterben/ ſondern den Segen Gottes ererben/ vnd mit jhm Ewig leben/ als ſollen wir keine ſolche Kinder/ vnd Knaben von hundert Jahren ſein/ wie die beyde Alte Gottloſen Suſannen Maͤnner geweſen/ ſondern vielmehr der Klugheit/ der Gottſeligkeit vnnd Gerechtigkeit/ Ja deß Vnbefleckten Lebens vns befleiſſigen/ nach der Vermahnung S. Pauli/ 1. Cor. 14. Lieben Bruͤder/ werdet nicht Kinder/ nach dem Verſtendnuß/ ſondern an der Boßheit ſeyd Kinder/ an dem Verſtendnnß aber ſeyd Vollkommen/ damit wann der Zeitliche Todt kompt/ wir alle Stundt vnd Augenblick/ geruͤſt vnnd bereit ſeyen zuſterben/ vnnd mit dem Alten Simeon/ Luc. 2. in Friede hinzufahren.,wollen wir nun nicht auch verflucht ſein vnd ewig sterben ſondern den segen gottes ererben vnd mit jhm ewig leben als ſollen wir keine ſolche kinder vnd knaben von hundert jahren ſein wie die beyde alte gottloſen suſannen maͤnner geweſen ſondern vielmehr der klugheit der gottſeligkeit vnnd gerechtigkeit ja deß vnbefleckten lebens vns befleiſſigen nach der vermahnung s pauli cor lieben bruͤder werdet nicht kinder nach dem verſtendnuß ſondern an der boßheit ſeyd kinder an dem verſtendnnß aber ſeyd vollkommen damit wann der zeitliche todt kompt wir alle stundt vnd augenblick geruͤſt vnnd bereit ſeyen zuſterben vnnd mit dem alten simeon luc in friede hinzufahren,wollen wir nun nicht auch uerflucht sein und ewig sterben sondern den segen gottes ererben und mit ihm ewig leben als sollen wir keine solche kinder und knaben uon hundert iahren sein wie die beyde alte gottlosen susannen manner gewesen sondern uielmehr der klugheit der gottseligkeit unnd gerechtigkeit ia dess unbefleckten lebens uns befleissigen nach der uermahnung s pauli cor lieben bruder werdet nicht kinder nach dem uerstendnuss sondern an der bossheit seyd kinder an dem uerstendnnss aber seyd uollkommen damit wann der zeitliche todt kompt wir alle stundt und augenblick gerust unnd bereit seyen zusterben unnd mit dem alten simeon luc in friede hinzufahren
526022,body,21,1,True,[11],Dann da heiſt es recht vnnd wol/ vnſer keiner lebt jhm ſelber/ vnnd vnſer keiner ſtirbt jhm ſelber/ Leben wir/ ſo leben wir dem Herꝛen/ Sterben wir/ ſo ſterben wir dem Herren/ darumb wir Leben oder ſterben/ ſo ſind wir deß Herꝛen/ Rom. 14.,dann da heiſt es recht vnnd wol vnſer keiner lebt jhm ſelber vnnd vnſer keiner ſtirbt jhm ſelber leben wir ſo leben wir dem herꝛen sterben wir ſo ſterben wir dem herren darumb wir leben oder ſterben ſo ſind wir deß herꝛen rom,dann da heist es recht unnd wol unser keiner lebt ihm selber unnd unser keiner stirbt ihm selber leben wir so leben wir dem heren sterben wir so sterben wir dem herren darumb wir leben oder sterben so sind wir dess heren rom
526022,body,22,0,True,[11],Vnlld ſo viel auff dißmahl vom Erſten Puncten/ welches daß rechte Ehrliche Alter ſeye/ vnd wann ein Menſch alt genug ſaye zu ſterben/ nemblich/ nicht wann Er lang lebet/ oder viel Jahr erreicht/ vnd grawe Haar hat/ ſondern wann er durch den Glauben an Chriſtum gerechtfertigt wordẽ/ durch die H. Tauff in den Gnadenbund Gottes auff vnd angenom̃en/ die rechte Weißheit erlernet hat/ ſeinen Gott/ Schoͤpffer vnd Erloͤſer/ auß ſeinem Wort vnd Catechiſmo erkennet vnd bekennet/ ſeines Glaubens rechenſchafft geben kan/ vnd dañ eines vnbefleckten Lebens/ vnd Gottſeligen Wandels ſich befleißiget/ der hat ein Ehrlich Alter erꝛeichet/ vnd kan allezeit ſelig ſterben/ vnd ſolt es gleich auch in der zarten Jugend vnd Kindheit/ ja in der Wiegen geſchehen.,vnlld ſo viel auff dißmahl vom erſten puncten welches daß rechte ehrliche alter ſeye vnd wann ein menſch alt genug ſaye zu ſterben nemblich nicht wann er lang lebet oder viel jahr erreicht vnd grawe haar hat ſondern wann er durch den glauben an chriſtum gerechtfertigt wordẽ durch die h tauff in den gnadenbund gottes auff vnd angenom̃en die rechte weißheit erlernet hat ſeinen gott schoͤpffer vnd erloͤſer auß ſeinem wort vnd catechiſmo erkennet vnd bekennet ſeines glaubens rechenſchafft geben kan vnd dañ eines vnbefleckten lebens vnd gottſeligen wandels ſich befleißiget der hat ein ehrlich alter erꝛeichet vnd kan allezeit ſelig ſterben vnd ſolt es gleich auch in der zarten jugend vnd kindheit ja in der wiegen geſchehen,unlld so uiel auff dissmahl uom ersten puncten welches dass rechte ehrliche alter seye und wann ein mensch alt genug saye zu sterben nemblich nicht wann er lang lebet oder uiel iahr erreicht und grawe haar hat sondern wann er durch den glauben an christum gerechtfertigt worden durch die h tauff in den gnadenbund gottes auff und angenommen die rechte weissheit erlernet hat seinen gott schopffer und erloser auss seinem wort und catechismo erkennet und bekennet seines glaubens rechenschafft geben kan und dann eines unbefleckten lebens und gottseligen wandels sich befleissiget der hat ein ehrlich alter ereichet und kan allezeit selig sterben und solt es gleich auch in der zarten iugend und kindheit ia in der wiegen geschehen
526022,head,23,0,True,[12],Ander Theil.,ander theil,ander theil
526022,body,24,0,False,[12],LAſt vns nun fuͤrs Ander/ meine Liebſten/ auch anhoͤren die fuͤrnemſte Motiven vnd Vrſachen/ warumb Gott der Herr bißweilen junge Leut/ vnd Vnmuͤndige Kinder/ in jhrer zarten Jugend/ vnd bliendem Alter/ durch den zeitlichen Todt/ von dieſer Welt abfordere.,laſt vns nun fuͤrs ander meine liebſten auch anhoͤren die fuͤrnemſte motiven vnd vrſachen warumb gott der herr bißweilen junge leut vnd vnmuͤndige kinder in jhrer zarten jugend vnd bliendem alter durch den zeitlichen todt von dieſer welt abfordere,last uns nun furs ander meine liebsten auch anhoren die furnemste motiuen und ursachen warumb gott der herr bissweilen iunge leut und unmundige kinder in ihrer zarten iugend und bliendem alter durch den zeitlichen todt uon dieser welt abfordere
526022,body,24,1,False,[12],Es erzehlet aber das Buch der Weißheit/ in den verleſenen Worten/ derſelben ſonderlich dreyerley: deren dann die Erſte genommen iſt/ von der Liebe Gottes/ weil ſolche Gerechte/ oder Gerechtfertigte durch den Glauben an Chriſtum/ Rom. 5. 1. Cor. 1 ſolche Kluge vnd Vnbefleckte Leut/ Gott wolgefallen/ vnd jhme lieb ſein/ dann alſo lauten die Wort: Er gefellet Gott wol vnd iſt jhm lieb/ Er iſt bald vollkommen worden/ vnnd hat viel Jahr erfuͤllet/ dann ſeine Seele gefellt GOTt/ darumb eylet er mit jhm auß dem boͤſen Leben.,es erzehlet aber das buch der weißheit in den verleſenen worten derſelben ſonderlich dreyerley deren dann die erſte genommen iſt von der liebe gottes weil ſolche gerechte oder gerechtfertigte durch den glauben an chriſtum rom cor ſolche kluge vnd vnbefleckte leut gott wolgefallen vnd jhme lieb ſein dann alſo lauten die wort er gefellet gott wol vnd iſt jhm lieb er iſt bald vollkommen worden vnnd hat viel jahr erfuͤllet dann ſeine seele gefellt gott darumb eylet er mit jhm auß dem boͤſen leben,es erzehlet aber das buch der weissheit in den uerlesenen worten derselben sonderlich dreyerley deren dann die erste genommen ist uon der liebe gottes weil solche gerechte oder gerechtfertigte durch den glauben an christum rom cor solche kluge und unbefleckte leut gott wolgefallen und ihme lieb sein dann also lauten die wort er gefellet gott wol und ist ihm lieb er ist bald uollkommen worden unnd hat uiel iahr erfullet dann seine seele gefellt gott darumb eylet er mit ihm auss dem bosen leben
526022,body,24,2,False,[12],Von ſolcher Liebe Gottes/ redet Chriſtus der Herꝛ Joh. 3. Alſo hat Gott die Welt geliebet/ das er ſeinen eingebornen Sohn gab/ auff das alle die an jhn glauben/ nicht verlohren werden/ ſondern das ewige Leben haben.,von ſolcher liebe gottes redet chriſtus der herꝛ joh alſo hat gott die welt geliebet das er ſeinen eingebornen sohn gab auff das alle die an jhn glauben nicht verlohren werden ſondern das ewige leben haben,uon solcher liebe gottes redet christus der her ioh also hat gott die welt geliebet das er seinen eingebornen sohn gab auff das alle die an ihn glauben nicht uerlohren werden sondern das ewige leben haben
526022,body,24,3,False,[12],Vnd 1. Joh. 4. Daran iſt erſchienen die Liebe Gottes gegen vns/ das Gott ſeinen eingebornen Sohn geſand hat inn die Welt/ das wir durch jhn leben ſollen/ Darinn ſtehet die Liebe/ nicht das wir Gott geliebet haben/ ſondern das er vns geliebt hat/ vnd geſand ſeinẽ Sohn/ zur verſuͤhnung fuͤr vnſere Suͤnde.,vnd joh daran iſt erſchienen die liebe gottes gegen vns das gott ſeinen eingebornen sohn geſand hat inn die welt das wir durch jhn leben ſollen darinn ſtehet die liebe nicht das wir gott geliebet haben ſondern das er vns geliebt hat vnd geſand ſeinẽ sohn zur verſuͤhnung fuͤr vnſere suͤnde,und ioh daran ist erschienen die liebe gottes gegen uns das gott seinen eingebornen sohn gesand hat inn die welt das wir durch ihn leben sollen darinn stehet die liebe nicht das wir gott geliebet haben sondern das er uns geliebt hat und gesand seinen sohn zur uersuhnung fur unsere sunde
526022,body,24,4,True,[12],Weil dann Gott ſeine Außerwehlten liebet/ in dem geliebten/ vnd jhre Seel Gott wolgefellt/ vmb Chriſti willen/ von welchem er vom Himmel herab ruffet/ Matth. 3. vnd 17. Diß iſt mein lieber Sohn/ an welchem ich wolgefallen hab/ den ſolt jhr hoͤren: So eylet er mit jhnen auß dieſem Leben/ vnd nimpt ſie zu ſich/ durch den zeitlichen Todt/ offtermahls in jhrer Jugend vnd Kindheit/ als ſeine liebe Kinder/ dann was wir Menſchen lieben/ daß hat Gott deß orts auch lieb/ wie das gemeine Sprichwort lautet.,weil dann gott ſeine außerwehlten liebet in dem geliebten vnd jhre seel gott wolgefellt vmb chriſti willen von welchem er vom himmel herab ruffet matth vnd diß iſt mein lieber sohn an welchem ich wolgefallen hab den ſolt jhr hoͤren so eylet er mit jhnen auß dieſem leben vnd nimpt ſie zu ſich durch den zeitlichen todt offtermahls in jhrer jugend vnd kindheit als ſeine liebe kinder dann was wir menſchen lieben daß hat gott deß orts auch lieb wie das gemeine sprichwort lautet,weil dann gott seine ausserwehlten liebet in dem geliebten und ihre seel gott wolgefellt umb christi willen uon welchem er uom himmel herab ruffet matth und diss ist mein lieber sohn an welchem ich wolgefallen hab den solt ihr horen so eylet er mit ihnen auss diesem leben und nimpt sie zu sich durch den zeitlichen todt offtermahls in ihrer iugend und kindheit als seine liebe kinder dann was wir menschen lieben dass hat gott dess orts auch lieb wie das gemeine sprichwort lautet
526022,body,25,0,False,[12],Die ander vrſach/ ſo auß dieſer erſten her fleuſt/ iſt genommen von der Erloͤſung der Gerechten.,die ander vrſach ſo auß dieſer erſten her fleuſt iſt genommen von der erloͤſung der gerechten,die ander ursach so auss dieser ersten her fleust ist genommen uon der erlosung der gerechten
526022,body,25,1,False,[13],Der Gerechte/ ob er gleich zu zeitlich ſtirbt/ iſt er doch in der ruhe/ dann ſeine Seele gefelt Gott darumb eylet er mit jhm auß dieſem boͤſen Leben.,der gerechte ob er gleich zu zeitlich ſtirbt iſt er doch in der ruhe dann ſeine seele gefelt gott darumb eylet er mit jhm auß dieſem boͤſen leben,der gerechte ob er gleich zu zeitlich stirbt ist er doch in der ruhe dann seine seele gefelt gott darumb eylet er mit ihm auss diesem bosen leben
526022,body,25,2,False,[13],Dann was anlanget das zeitlich Leben hie auff Erden/ iſt ſelches anders nichts dann Ach vnd Weh/ Truͤbſal vnd Elend/ Vnruhe vnd ein Boͤſes Leben.,dann was anlanget das zeitlich leben hie auff erden iſt ſelches anders nichts dann ach vnd weh truͤbſal vnd elend vnruhe vnd ein boͤſes leben,dann was anlanget das zeitlich leben hie auff erden ist selches anders nichts dann ach und weh trubsal und elend unruhe und ein boses leben
526022,body,25,3,False,[13],Sintemal lang Leben/ nichts anders iſt/ als lang Suͤndigen/ lang Gott erzoͤrnen/ lang Vngemach leiden/ vnd lang mit dem Creutz gequelet werden.,sintemal lang leben nichts anders iſt als lang suͤndigen lang gott erzoͤrnen lang vngemach leiden vnd lang mit dem creutz gequelet werden,sintemal lang leben nichts anders ist als lang sundigen lang gott erzornen lang ungemach leiden und lang mit dem creutz gequelet werden
526022,body,25,4,False,[13],Dannenhero der Mañ Gottes Job/ recht vnd wol ſagt/ cap. 9. Muß nicht der Menſch immer im ſtreit ſein auff Erden/ vnd ſeine Tag ſind wie eines Tagloͤhners?,dannenhero der mañ gottes job recht vnd wol ſagt cap muß nicht der menſch immer im ſtreit ſein auff erden vnd ſeine tag ſind wie eines tagloͤhners,dannenhero der mann gottes iob recht und wol sagt cap muss nicht der mensch immer im streit sein auff erden und seine tag sind wie eines taglohners
526022,body,25,5,False,[13],"Vnd Moſes Pſal. 90. Vnſer Leben wehret fiebentzig Jahr/ wanns hoch kompt/ ſo ſeinds achtzig Jahr/ Vnd wann es koͤſtlich geweſen iſt/ ſo iſts Muͤhe vnd Arbeit geweſen/ labor & dolor, Dann es faͤhret ſchnell dahin/ als flaͤgen wir davon.",vnd moſes pſal vnſer leben wehret fiebentzig jahr wanns hoch kompt ſo ſeinds achtzig jahr vnd wann es koͤſtlich geweſen iſt ſo iſts muͤhe vnd arbeit geweſen labor & dolor dann es faͤhret ſchnell dahin als flaͤgen wir davon,und moses psal unser leben wehret fiebentzig iahr wanns hoch kompt so seinds achtzig iahr und wann es kostlich gewesen ist so ists muhe und arbeit gewesen labor et dolor dann es fahret schnell dahin als flagen wir dauon
526022,body,25,6,False,[13],Mit welchem dann auch vberein ſtimmet S. Paulus Act. 14. Wir muͤſſen durch viel Truͤbſal ins Reich Gottes eingehen: vnd 2. Timot. 3. Alle die Gottſelig leben woͤllen in Chriſto Jeſu/ muͤſſen verfolgung leiden.,mit welchem dann auch vberein ſtimmet s paulus act wir muͤſſen durch viel truͤbſal ins reich gottes eingehen vnd timot alle die gottſelig leben woͤllen in chriſto jeſu muͤſſen verfolgung leiden,mit welchem dann auch uberein stimmet s paulus act wir mussen durch uiel trubsal ins reich gottes eingehen und timot alle die gottselig leben wollen in christo iesu mussen uerfolgung leiden
526022,body,25,7,False,[13],Dannenhero im gemeinen Sprichwort geſagt wird: Ein Chriſt ſey der Wuͤrdt zum H. Creutz/ wann eins außziehe/ ſo ziehen zwey andere newe widerumb ein.,dannenhero im gemeinen sprichwort geſagt wird ein chriſt ſey der wuͤrdt zum h creutz wann eins außziehe ſo ziehen zwey andere newe widerumb ein,dannenhero im gemeinen sprichwort gesagt wird ein christ sey der wurdt zum h creutz wann eins aussziehe so ziehen zwey andere newe widerumb ein
526022,body,25,8,True,[13],Weil dann die Gerechten hie in der Vnruhe ſind/ ſo eylet Gott mit jhnen/ auß dieſem boͤſen/ in ein anders vnd beſſers Leben/ daß ſie zur Ruhe kommen/ gleich wie ein Liebreich Mutter/ jhr ſchreyendes/ betruͤbtes Kindelein/ in die Ruhe/ vnd ſchlaffen legt.,weil dann die gerechten hie in der vnruhe ſind ſo eylet gott mit jhnen auß dieſem boͤſen in ein anders vnd beſſers leben daß ſie zur ruhe kommen gleich wie ein liebreich mutter jhr ſchreyendes betruͤbtes kindelein in die ruhe vnd ſchlaffen legt,weil dann die gerechten hie in der unruhe sind so eylet gott mit ihnen auss diesem bosen in ein anders und bessers leben dass sie zur ruhe kommen gleich wie ein liebreich mutter ihr schreyendes betrubtes kindelein in die ruhe und schlaffen legt
526022,body,26,0,False,[13],Da heißt es dann/ wie Sap. 3. geſchrieben ſtehet: Der gerechten Seelen ſind in Gottes Hand/ vnd kein qual ruͤhret ſie an/ fuͤr den Vnverſtendigen werden ſie angeſehen/ als ſtuͤrben ſie/ vnd jhr Abſchied wird fuͤr ein Pein gerechnet/ vnd jhr hinfahrt fuͤr ein Verderben/ aber ſie ſind im Friede.,da heißt es dann wie sap geſchrieben ſtehet der gerechten seelen ſind in gottes hand vnd kein qual ruͤhret ſie an fuͤr den vnverſtendigen werden ſie angeſehen als ſtuͤrben ſie vnd jhr abſchied wird fuͤr ein pein gerechnet vnd jhr hinfahrt fuͤr ein verderben aber ſie ſind im friede,da heisst es dann wie sap geschrieben stehet der gerechten seelen sind in gottes hand und kein qual ruhret sie an fur den unuerstendigen werden sie angesehen als sturben sie und ihr abschied wird fur ein pein gerechnet und ihr hinfahrt fur ein uerderben aber sie sind im friede
526022,body,26,1,False,[13],Vnd Apoc. 14. Selig ſind die Todten/ die in dem Herren ſterben/ von nun an/ Ja der Geiſt ſpricht daß ſie ruhen von jhrer Arbeit/ dann jhre Werck folgen jhnen nach.,vnd apoc selig ſind die todten die in dem herren ſterben von nun an ja der geiſt ſpricht daß ſie ruhen von jhrer arbeit dann jhre werck folgen jhnen nach,und apoc selig sind die todten die in dem herren sterben uon nun an ia der geist spricht dass sie ruhen uon ihrer arbeit dann ihre werck folgen ihnen nach
526022,body,26,2,True,[13],Vnd Gott wirdt abwaͤſchen alle Threnen von jhren Augen/ vnd der Todt wird nicht mehr ſein/ noch Leyd/ noch Geſchrey/ noch Schmertzen/ wird mehr ſein/ dann das erſte iſt vergangen/ Apoc. 21.,vnd gott wirdt abwaͤſchen alle threnen von jhren augen vnd der todt wird nicht mehr ſein noch leyd noch geſchrey noch schmertzen wird mehr ſein dann das erſte iſt vergangen apoc,und gott wirdt abwaschen alle threnen uon ihren augen und der todt wird nicht mehr sein noch leyd noch geschrey noch schmertzen wird mehr sein dann das erste ist uergangen apoc
526022,body,27,0,False,[13],Mit gegenwertigem Troſt der Erloͤſung auß dieſem boͤſen Leben/ Vnruh/ Creutz vnd Elend/ vnd Verſetzung inn die Ewige Ruhe/ gut Leben/ Frieden vnd Erquickung/ richtet ſich auff der Koͤnigliche Prophet David/ 2. Sam. 12 Dann als jhm ſein liebes Kind Todtkranck geweſen/ ſo faſtet er/ gieng hinein/ vnd lag vber Nacht auff der Erden/ vnnd wolt nicht Eſſen: Da es aber Todt vnnd geſtorben/ ſtund er auff von der Erden/ wuſch ſich/ vnnd ſalbete ſich/ vnnd thet andere Kleyder an/ vnd gieng in das Hauß deß Herren/ vnd betet an/ hieß jhm Brod aufftragen/ vnd aß: Vnd als jhn ſeine Knechte deßwegen zu red ſtelleten/ antwortet er jhnen: vmb das Kind faſtet ich/ vnd weinet/ da es lebte/ dann ich gedacht/ wer weiß/ ob mir der HERR gnaͤdig ſein wird/ daß das Kind lebendig bleibet/ nun es aber Todt iſt/ waß ſoll ich faſten?,mit gegenwertigem troſt der erloͤſung auß dieſem boͤſen leben vnruh creutz vnd elend vnd verſetzung inn die ewige ruhe gut leben frieden vnd erquickung richtet ſich auff der koͤnigliche prophet david sam dann als jhm ſein liebes kind todtkranck geweſen ſo faſtet er gieng hinein vnd lag vber nacht auff der erden vnnd wolt nicht eſſen da es aber todt vnnd geſtorben ſtund er auff von der erden wuſch ſich vnnd ſalbete ſich vnnd thet andere kleyder an vnd gieng in das hauß deß herren vnd betet an hieß jhm brod aufftragen vnd aß vnd als jhn ſeine knechte deßwegen zu red ſtelleten antwortet er jhnen vmb das kind faſtet ich vnd weinet da es lebte dann ich gedacht wer weiß ob mir der herr gnaͤdig ſein wird daß das kind lebendig bleibet nun es aber todt iſt waß ſoll ich faſten,mit gegenwertigem trost der erlosung auss diesem bosen leben unruh creutz und elend und uersetzung inn die ewige ruhe gut leben frieden und erquickung richtet sich auff der konigliche prophet dauid sam dann als ihm sein liebes kind todtkranck gewesen so fastet er gieng hinein und lag uber nacht auff der erden unnd wolt nicht essen da es aber todt unnd gestorben stund er auff uon der erden wusch sich unnd salbete sich unnd thet andere kleyder an und gieng in das hauss dess herren und betet an hiess ihm brod aufftragen und ass und als ihn seine knechte desswegen zu red stelleten antwortet er ihnen umb das kind fastet ich und weinet da es lebte dann ich gedacht wer weiss ob mir der herr gnadig sein wird dass das kind lebendig bleibet nun es aber todt ist wass soll ich fasten
526022,body,27,1,False,[14],kann ich jhn auch wider holen?,kann ich jhn auch wider holen,kann ich ihn auch wider holen
526022,body,27,2,False,[14],Jch werde wol zu jhme fahren/ es kompt aber nicht wider zu mir.,jch werde wol zu jhme fahren es kompt aber nicht wider zu mir,ich werde wol zu ihme fahren es kompt aber nicht wider zu mir
526022,body,27,3,True,[14],Vnd das iſt die Andere Vrſach.,vnd das iſt die andere vrſach,und das ist die andere ursach
526022,body,28,0,False,[14],Die Dritte vnd letzte Vrſach/ warumb Gott der Herr bißweilen junge Kinder in jhrer Jugend wegnemme/ iſt dieſe/ das die Weißheit Gottes ſagt/ Er wird weggenom̃en/ auß dem Leben/ vnder den Suͤndern/ vnd wider hingeruckt/ daß die Boßheit ſeinen verſtand nicht verkehre/ noch falſche Lehr ſeine Seel betruͤge.,die dritte vnd letzte vrſach warumb gott der herr bißweilen junge kinder in jhrer jugend wegnemme iſt dieſe das die weißheit gottes ſagt er wird weggenom̃en auß dem leben vnder den suͤndern vnd wider hingeruckt daß die boßheit ſeinen verſtand nicht verkehre noch falſche lehr ſeine seel betruͤge,die dritte und letzte ursach warumb gott der herr bissweilen iunge kinder in ihrer iugend wegnemme ist diese das die weissheit gottes sagt er wird weggenommen auss dem leben under den sundern und wider hingeruckt dass die bossheit seinen uerstand nicht uerkehre noch falsche lehr seine seel betruge
526022,body,28,1,True,[14],Dann die boͤſen Exempel verfuͤhren/ vnd verderben einem das gute/ vnd die reitzende Luſt/ verkehret vnſchuldige Hertzen.,dann die boͤſen exempel verfuͤhren vnd verderben einem das gute vnd die reitzende luſt verkehret vnſchuldige hertzen,dann die bosen exempel uerfuhren und uerderben einem das gute und die reitzende lust uerkehret unschuldige hertzen
526022,body,29,0,False,[14],Hie hoͤren wir/ geliebte im Herꝛen/ daß es Gott der Herr auch darumb thue/ damit vnſchuldige Hertzen nicht verderbet/ verkehret noch verfuͤhret werden/ entweder durch falſch Lehr/ oder Gott loß Leben/ vnd reitzende Luſte.,hie hoͤren wir geliebte im herꝛen daß es gott der herr auch darumb thue damit vnſchuldige hertzen nicht verderbet verkehret noch verfuͤhret werden entweder durch falſch lehr oder gott loß leben vnd reitzende luſte,hie horen wir geliebte im heren dass es gott der herr auch darumb thue damit unschuldige hertzen nicht uerderbet uerkehret noch uerfuhret werden entweder durch falsch lehr oder gott loss leben und reitzende luste
526022,body,29,1,False,[14],"Dann wie S. Paulus ſchreibet/ Epheſ. 5. Schicket euch in die zeit/ dann es iſt boͤſe zeit/ So iſt heutiges tags gegen dem Ende vnd Neige der Welt/ nichts anders in der Welt/ als Fleiſches Luſt/ Augen Luſt/ vnd Hoffertiges Leben/ 1. Joh. 2. da iſt alles voll aͤrgernuß/ boͤſer Exempel/ Suͤnd/ Schand vnd Laſter/ wo man hinauß ſiehet: Daſind junge Leut (auch die ſich wol anlaſſen) wie der Zunder/ die leicht ein Fuͤncklein vom Argen faſſen koͤnnen/ daß ſie verfuͤhrt vnd betrogen werden/ vnd dannenhero in allerley Vbel vnd Vngelegenheit gerahten/ ſonderlich wann jhre Eltern/ durch den zeitlichen Todt jhnen benom̃en werden/ wie zuſehen an den beyden Heydniſchen Monarchen, Alexan Magno in der Griechiſchen Monarchey/ vnd Nerone in dem Roͤmiſchen Keyſerthumb/ welche ſich in jhrer Jugend ſehr loͤblich vnd wol gehalten/ aller Tugend/ Zucht/ Buͤrgerlicher Erbarkeit vnd Gerechtigkeit ſich befliſſen/ dz ſie meñiglich lieb vñ werth gehalten/ vnd groſſe hoffnũg zu jhnen getragen/ hernacher aber ſind ſie zu Abgoͤttiſchen Tyrannen/ vnd Epicuriſchen Maſtſchweinen wordẽ/ welche groſſes Vngluͤck angeſtifftet vnd dem gemeinen Vatterland groß Vngluͤck vber den Halß gezogen haben.",dann wie s paulus ſchreibet epheſ schicket euch in die zeit dann es iſt boͤſe zeit so iſt heutiges tags gegen dem ende vnd neige der welt nichts anders in der welt als fleiſches luſt augen luſt vnd hoffertiges leben joh da iſt alles voll aͤrgernuß boͤſer exempel suͤnd schand vnd laſter wo man hinauß ſiehet daſind junge leut auch die ſich wol anlaſſen wie der zunder die leicht ein fuͤncklein vom argen faſſen koͤnnen daß ſie verfuͤhrt vnd betrogen werden vnd dannenhero in allerley vbel vnd vngelegenheit gerahten ſonderlich wann jhre eltern durch den zeitlichen todt jhnen benom̃en werden wie zuſehen an den beyden heydniſchen monarchen alexan magno in der griechiſchen monarchey vnd nerone in dem roͤmiſchen keyſerthumb welche ſich in jhrer jugend ſehr loͤblich vnd wol gehalten aller tugend zucht buͤrgerlicher erbarkeit vnd gerechtigkeit ſich befliſſen dz ſie meñiglich lieb vñ werth gehalten vnd groſſe hoffnũg zu jhnen getragen hernacher aber ſind ſie zu abgoͤttiſchen tyrannen vnd epicuriſchen maſtſchweinen wordẽ welche groſſes vngluͤck angeſtifftet vnd dem gemeinen vatterland groß vngluͤck vber den halß gezogen haben,dann wie s paulus schreibet ephes schicket euch in die zeit dann es ist bose zeit so ist heutiges tags gegen dem ende und neige der welt nichts anders in der welt als fleisches lust augen lust und hoffertiges leben ioh da ist alles uoll argernuss boser exempel sund schand und laster wo man hinauss siehet dasind iunge leut auch die sich wol anlassen wie der zunder die leicht ein funcklein uom argen fassen konnen dass sie uerfuhrt und betrogen werden und dannenhero in allerley ubel und ungelegenheit gerahten sonderlich wann ihre eltern durch den zeitlichen todt ihnen benommen werden wie zusehen an den beyden heydnischen monarchen alexan magno in der griechischen monarchey und nerone in dem romischen keyserthumb welche sich in ihrer iugend sehr loblich und wol gehalten aller tugend zucht burgerlicher erbarkeit und gerechtigkeit sich beflissen dz sie menniglich lieb und werth gehalten und grosse hoffnung zu ihnen getragen hernacher aber sind sie zu abgottischen tyrannen und epicurischen mastschweinen worden welche grosses ungluck angestifftet und dem gemeinen uatterland gross ungluck uber den halss gezogen haben
526022,body,29,2,True,[15],Deßgleichen an der Dina/ Jacobs Dochter/ die in jhrer Kindheit ſich wol vnd Ehrlich gehalten/ nachmahlen aber durch die reitzende Luͤſte vnd boͤß Exempel/ von Sichem/ Hemors Sohn deß Hethiters/ alſo verfuͤhret vnd verderbet ward/ daß ſie jhren Jungfraͤwlichen Ehren Krantz verlohren/ vnd jhrem alten Vatter groß kummer vnd hertzenleid gemacht hat/ alſo daß jhr Tauſendmal beſſer were geweſen/ daß ſie were hingeruckt/ vnd weggenom̃en worden/ auß dem Leben vnder den Suͤndern/ in jhrer zarten Jugend/ ehe vnd dann die Boßheit jhren Verſtand verkehret hette/ wie zu ſehen Gen. 34. zu geſchweigen deß Koͤnig Joas in Juda/ welcher thet was recht war/ vnd dem Herren wol gefiel in ſeiner Jugendt/ ſo lang jhn der Prieſter Jojada lehret/ vnd ließ beſſern was Bawfellig war/ an dem Hauſe deß Herren/ nach dem Todt Jojada aber/ ließ er ſich verfuͤhren/ von den Oberſten in Juda/ in ſeinem Alter/ verließ das Hauß deß Herꝛen/ deß Gottes jhrer Vaͤtter/ dienete den Haynen vnd Goͤtzen/ vnd ließ ſteinigen Zachariam/ der Sohn Jojada deß Prieſters/ im Hoffe am Hauß deß Herren/ als der Geiſt Gottes jhn angezogen/ daß er dem Koͤnig ſampt dem Volck/ jhre Suͤnde vnnd Vbertrettung/ ja den Zorn Gottes/ vnd die bevorſtehende Straffen verkuͤndigte/ wie zu leſen 2. Reg. 12. vnd 2. Paral. 24.,deßgleichen an der dina jacobs dochter die in jhrer kindheit ſich wol vnd ehrlich gehalten nachmahlen aber durch die reitzende luͤſte vnd boͤß exempel von sichem hemors sohn deß hethiters alſo verfuͤhret vnd verderbet ward daß ſie jhren jungfraͤwlichen ehren krantz verlohren vnd jhrem alten vatter groß kummer vnd hertzenleid gemacht hat alſo daß jhr tauſendmal beſſer were geweſen daß ſie were hingeruckt vnd weggenom̃en worden auß dem leben vnder den suͤndern in jhrer zarten jugend ehe vnd dann die boßheit jhren verſtand verkehret hette wie zu ſehen gen zu geſchweigen deß koͤnig joas in juda welcher thet was recht war vnd dem herren wol gefiel in ſeiner jugendt ſo lang jhn der prieſter jojada lehret vnd ließ beſſern was bawfellig war an dem hauſe deß herren nach dem todt jojada aber ließ er ſich verfuͤhren von den oberſten in juda in ſeinem alter verließ das hauß deß herꝛen deß gottes jhrer vaͤtter dienete den haynen vnd goͤtzen vnd ließ ſteinigen zachariam der sohn jojada deß prieſters im hoffe am hauß deß herren als der geiſt gottes jhn angezogen daß er dem koͤnig ſampt dem volck jhre suͤnde vnnd vbertrettung ja den zorn gottes vnd die bevorſtehende straffen verkuͤndigte wie zu leſen reg vnd paral,dessgleichen an der dina iacobs dochter die in ihrer kindheit sich wol und ehrlich gehalten nachmahlen aber durch die reitzende luste und boss exempel uon sichem hemors sohn dess hethiters also uerfuhret und uerderbet ward dass sie ihren iungfrawlichen ehren krantz uerlohren und ihrem alten uatter gross kummer und hertzenleid gemacht hat also dass ihr tausendmal besser were gewesen dass sie were hingeruckt und weggenommen worden auss dem leben under den sundern in ihrer zarten iugend ehe und dann die bossheit ihren uerstand uerkehret hette wie zu sehen gen zu geschweigen dess konig ioas in iuda welcher thet was recht war und dem herren wol gefiel in seiner iugendt so lang ihn der priester ioiada lehret und liess bessern was bawfellig war an dem hause dess herren nach dem todt ioiada aber liess er sich uerfuhren uon den obersten in iuda in seinem alter uerliess das hauss dess heren dess gottes ihrer uatter dienete den haynen und gotzen und liess steinigen zachariam der sohn ioiada dess priesters im hoffe am hauss dess herren als der geist gottes ihn angezogen dass er dem konig sampt dem uolck ihre sunde unnd ubertrettung ia den zorn gottes und die beuorstehende straffen uerkundigte wie zu lesen reg und paral
526022,body,30,0,True,[15],Weil dann ſolche Veraͤnderung/ aͤrgernuß vnd Verderbung der Jugend/ Gott dem Herren wol bewuſt/ ſo eylet er mit ſeinen gerechten Kindern/ auß dieſem boͤſen Leben vnder den Suͤndern/ vnnd raffet ſie hinweg bey zeiten/ daß die Boßheit jhren Verſtand nicht verkehre/ noch falſche Lehr jhr Seele betriege.,weil dann ſolche veraͤnderung aͤrgernuß vnd verderbung der jugend gott dem herren wol bewuſt ſo eylet er mit ſeinen gerechten kindern auß dieſem boͤſen leben vnder den suͤndern vnnd raffet ſie hinweg bey zeiten daß die boßheit jhren verſtand nicht verkehre noch falſche lehr jhr seele betriege,weil dann solche ueranderung argernuss und uerderbung der iugend gott dem herren wol bewust so eylet er mit seinen gerechten kindern auss diesem bosen leben under den sundern unnd raffet sie hinweg bey zeiten dass die bossheit ihren uerstand nicht uerkehre noch falsche lehr ihr seele betriege
526022,body,31,0,True,[15],Lehr auß dem Andern Theyl.,lehr auß dem andern theyl,lehr auss dem andern theyl
526022,body,32,0,False,[15],VNd das ſollen Chriſtliche Eltern/ in dieſem fall wol mercken vnd behalten.,vnd das ſollen chriſtliche eltern in dieſem fall wol mercken vnd behalten,und das sollen christliche eltern in diesem fall wol mercken und behalten
526022,body,32,1,False,[15],Dann wir meinen offt/ wann vnſere liebe Kinderlein lenger hetten leben ſollen/ ſo wolten wir viel Ehr vnnd Freud an jhnen Glebet haben/ ſie wuͤrden fuͤrnehme Leut worden ſein/ die jhren Eltern waren gehorſam/ Fromm vnd Gottſelig geweſen/ Kirchen vnd Schulen/ dem Weltlichen Regiment/ gemeinem Vatterland/ vnd der Haußhaltung/ nutzlich vnd wolfuͤrgeſtanden: Aber hiehoͤren wir/ daß ſolch vnſer vrtheil/ etwann falſch vnd nichtig ſeye/ weil die boͤſen Exempel verfuͤhren/ vnd verderben eim das gute/ vnd die reitzende Luſt verkehret vnſchuldige Hertzen/ daß ſie hernacher/ wann ſie erwachſen/ vnd beſſer zu Verſtand vnd Alter kommen/ ſchaͤndlich mißrahten/ vnd aͤrger werden koͤnnen/ alſo das falſche Lehre vnnd Abgoͤtterey jhre.,dann wir meinen offt wann vnſere liebe kinderlein lenger hetten leben ſollen ſo wolten wir viel ehr vnnd freud an jhnen glebet haben ſie wuͤrden fuͤrnehme leut worden ſein die jhren eltern waren gehorſam fromm vnd gottſelig geweſen kirchen vnd schulen dem weltlichen regiment gemeinem vatterland vnd der haußhaltung nutzlich vnd wolfuͤrgeſtanden aber hiehoͤren wir daß ſolch vnſer vrtheil etwann falſch vnd nichtig ſeye weil die boͤſen exempel verfuͤhren vnd verderben eim das gute vnd die reitzende luſt verkehret vnſchuldige hertzen daß ſie hernacher wann ſie erwachſen vnd beſſer zu verſtand vnd alter kommen ſchaͤndlich mißrahten vnd aͤrger werden koͤnnen alſo das falſche lehre vnnd abgoͤtterey jhre,dann wir meinen offt wann unsere liebe kinderlein lenger hetten leben sollen so wolten wir uiel ehr unnd freud an ihnen glebet haben sie wurden furnehme leut worden sein die ihren eltern waren gehorsam fromm und gottselig gewesen kirchen und schulen dem weltlichen regiment gemeinem uatterland und der hausshaltung nutzlich und wolfurgestanden aber hiehoren wir dass solch unser urtheil etwann falsch und nichtig seye weil die bosen exempel uerfuhren und uerderben eim das gute und die reitzende lust uerkehret unschuldige hertzen dass sie hernacher wann sie erwachsen und besser zu uerstand und alter kommen schandlich missrahten und arger werden konnen also das falsche lehre unnd abgotterey ihre
526022,body,32,2,False,[16],Seel betriege/ wie Salomon/ vnd die Boßheit jhren Verſtand verkehre/ entweder/ mit Vngehorſam/ wie Jſmael/ Eſau vnd Abſalon/ oder mit Hurerey/ Vnzucht vnd Ehebruch/ wie Dina vnnd David gethan/ oder mit Mordt vnd Todtſchlag/ wie Cain vnd Manaſſe/ oder mit Rauberey vnd Diebſtal/ wie Achan vnnd Saul geſchehen.,seel betriege wie salomon vnd die boßheit jhren verſtand verkehre entweder mit vngehorſam wie jſmael eſau vnd abſalon oder mit hurerey vnzucht vnd ehebruch wie dina vnnd david gethan oder mit mordt vnd todtſchlag wie cain vnd manaſſe oder mit rauberey vnd diebſtal wie achan vnnd saul geſchehen,seel betriege wie salomon und die bossheit ihren uerstand uerkehre entweder mit ungehorsam wie ismael esau und absalon oder mit hurerey unzucht und ehebruch wie dina unnd dauid gethan oder mit mordt und todtschlag wie cain und manasse oder mit rauberey und diebstal wie achan unnd saul geschehen
526022,body,32,3,True,[16],Dann wir ſind auß Suͤndlichem Samen gezeuget/ vnd vnſere Muͤtter haben vns inn Suͤnden empfangen/ ſagt David Pſalm 51. Vnſer dichten vnd trachten iſt boͤß/ vnd zum argen geneigt/ von Jugend auff/ Gen. 6. vnd 8.,dann wir ſind auß suͤndlichem samen gezeuget vnd vnſere muͤtter haben vns inn suͤnden empfangen ſagt david pſalm vnſer dichten vnd trachten iſt boͤß vnd zum argen geneigt von jugend auff gen vnd,dann wir sind auss sundlichem samen gezeuget und unsere mutter haben uns inn sunden empfangen sagt dauid psalm unser dichten und trachten ist boss und zum argen geneigt uon iugend auff gen und
526022,body,33,0,True,[16],Wir ſauffen das Vnrecht taͤglich in vns wie Waſſer/ mit allerhand wuͤrcklichen Suͤnden: Da gehet vnſer Widerſacher/ der Teuffel/ vmbher/ wie ein bruͤllender Loͤwe/ vnnd ſuchet/ welchen er verſchlinge/ 1. Pet. 5. Da reitzet vns die Gottloſe/ Ehebrecheriſche Welt/ mit jhren boͤſen Exempeln vnd aͤrgernuſſen/ vnd iſt im Argen erſoffen/ 1. Joh. 5. So feyret auch nicht vnſer Alter Adam/ vnſer verderbt eygen Fleiſch vnd Blut/ mit der reitzenden Luſte vnd Begirde/ da kan man bald boͤſes fuͤr gut/ Laſter fuͤr Tugenden/ Schand vnd Vnehr/ fuͤr Frewd vnd Ergetzlichkeit/ lehrnen vnd erleben/ dann wer Bechangreifft/ der beſudelt die Haͤnde/ Syr. 13. vnd boͤſe Geſpraͤch verderben gute Sitten/ 1. Cor. 15. Darumb eylet Gott mit den ſeinigen auß dieſem boͤſen Leben/ vnnd nimpt ſie hinweg zeitlich/ daß ſie nicht verfuͤhret vnnd verderbet werden: vnd verſetzet ſie in ein beſſer Leben/ da ſie nicht mehr geaͤrgert werden/ da Frewde ſein wird die fuͤlle/ vnd Lieblich weſen zu ſeiner Rechten ewiglich Pſal. 16. Gleich wie ein getrewer/ liebreicher Vatter/ wann er ſein Kind ſiehet in einem ſolchen Dienſt/ bey Gottloſen Liederlichen Leuten/ da es nichts guts/ ſondern eytel boͤſes lehrnet/ ſo laßt ers nicht lang bey jhnen/ ſondern nimpt es hinweg zu ſich/ oder verdinget es zu andern ehrlichen vnd from̃en Leuten/ damit es beſſer vnderꝛicht vnd erzogen werden moͤge.,wir ſauffen das vnrecht taͤglich in vns wie waſſer mit allerhand wuͤrcklichen suͤnden da gehet vnſer widerſacher der teuffel vmbher wie ein bruͤllender loͤwe vnnd ſuchet welchen er verſchlinge pet da reitzet vns die gottloſe ehebrecheriſche welt mit jhren boͤſen exempeln vnd aͤrgernuſſen vnd iſt im argen erſoffen joh so feyret auch nicht vnſer alter adam vnſer verderbt eygen fleiſch vnd blut mit der reitzenden luſte vnd begirde da kan man bald boͤſes fuͤr gut laſter fuͤr tugenden schand vnd vnehr fuͤr frewd vnd ergetzlichkeit lehrnen vnd erleben dann wer bechangreifft der beſudelt die haͤnde syr vnd boͤſe geſpraͤch verderben gute sitten cor darumb eylet gott mit den ſeinigen auß dieſem boͤſen leben vnnd nimpt ſie hinweg zeitlich daß ſie nicht verfuͤhret vnnd verderbet werden vnd verſetzet ſie in ein beſſer leben da ſie nicht mehr geaͤrgert werden da frewde ſein wird die fuͤlle vnd lieblich weſen zu ſeiner rechten ewiglich pſal gleich wie ein getrewer liebreicher vatter wann er ſein kind ſiehet in einem ſolchen dienſt bey gottloſen liederlichen leuten da es nichts guts ſondern eytel boͤſes lehrnet ſo laßt ers nicht lang bey jhnen ſondern nimpt es hinweg zu ſich oder verdinget es zu andern ehrlichen vnd from̃en leuten damit es beſſer vnderꝛicht vnd erzogen werden moͤge,wir sauffen das unrecht taglich in uns wie wasser mit allerhand wurcklichen sunden da gehet unser widersacher der teuffel umbher wie ein brullender lowe unnd suchet welchen er uerschlinge pet da reitzet uns die gottlose ehebrecherische welt mit ihren bosen exempeln und argernussen und ist im argen ersoffen ioh so feyret auch nicht unser alter adam unser uerderbt eygen fleisch und blut mit der reitzenden luste und begirde da kan man bald boses fur gut laster fur tugenden schand und unehr fur frewd und ergetzlichkeit lehrnen und erleben dann wer bechangreifft der besudelt die hande syr und bose gesprach uerderben gute sitten cor darumb eylet gott mit den seinigen auss diesem bosen leben unnd nimpt sie hinweg zeitlich dass sie nicht uerfuhret unnd uerderbet werden und uersetzet sie in ein besser leben da sie nicht mehr geargert werden da frewde sein wird die fulle und lieblich wesen zu seiner rechten ewiglich psal gleich wie ein getrewer liebreicher uatter wann er sein kind siehet in einem solchen dienst bey gottlosen liederlichen leuten da es nichts guts sondern eytel boses lehrnet so lasst ers nicht lang bey ihnen sondern nimpt es hinweg zu sich oder uerdinget es zu andern ehrlichen und frommen leuten damit es besser undericht und erzogen werden moge
526022,body,34,0,True,[17],Dieweil dann der Tag deß Todtes beſſer iſt weder der Tag der Geburt/ Eccl. 7. Als ſollen wir billich/ ab dem vnzeitigen Todt vnd ableiben vnſer lieben Kinder/ nicht zu ſehr erſchrecken/ noch kleinmuͤtig werden/ ſondern dieſes ſeligen Tauſches vnd Wexels vns getroͤſten/ vnnd auß dem Gebet deß HErren taͤglich ſprechen: Herr dein Will geſchehe/ wie im Himmel/ alſo auch auff Erden/,dieweil dann der tag deß todtes beſſer iſt weder der tag der geburt eccl als ſollen wir billich ab dem vnzeitigen todt vnd ableiben vnſer lieben kinder nicht zu ſehr erſchrecken noch kleinmuͤtig werden ſondern dieſes ſeligen tauſches vnd wexels vns getroͤſten vnnd auß dem gebet deß herren taͤglich ſprechen herr dein will geſchehe wie im himmel alſo auch auff erden,dieweil dann der tag dess todtes besser ist weder der tag der geburt eccl als sollen wir billich ab dem unzeitigen todt und ableiben unser lieben kinder nicht zu sehr erschrecken noch kleinmutig werden sondern dieses seligen tausches und wexels uns getrosten unnd auss dem gebet dess herren taglich sprechen herr dein will geschehe wie im himmel also auch auff erden
526022,body,35,0,True,[17],Von allem vbel vns erloͤß/,von allem vbel vns erloͤß,uon allem ubel uns erloss
526022,body,36,0,True,[17],Es ſeind die Zeit vnd Tage boͤß/,es ſeind die zeit vnd tage boͤß,es seind die zeit und tage boss
526022,body,37,0,True,[17],Erloͤß vns von dem ewigen Todt/,erloͤß vns von dem ewigen todt,erloss uns uon dem ewigen todt
526022,body,38,0,True,[17],Vnd troͤſt vns in der letzten Noth/,vnd troͤſt vns in der letzten noth,und trost uns in der letzten noth
526022,body,39,0,True,[17],Beſcher vns auch ein ſeligs End/,beſcher vns auch ein ſeligs end,bescher uns auch ein seligs end
526022,body,40,0,True,[17],Nim vnſer Seel in deine Haͤnd.,nim vnſer seel in deine haͤnd,nim unser seel in deine hand
526022,body,41,0,False,[17],Jnmaſſen der gedultige Mann Gottes Job ſich getroͤſtet/ Job. 1. Jch bin Nacket von meiner Mutter Leib kommen/ Nacket werde ich wider dahin fahren/ der Herr hats gegeben/ der Herr hats genommen/ der Name deß Herren ſey gelobet/ Jtem/ haben wir das gute empfangen von Gott/ vnd ſolten das boͤſe nicht auch annemmen?,jnmaſſen der gedultige mann gottes job ſich getroͤſtet job jch bin nacket von meiner mutter leib kommen nacket werde ich wider dahin fahren der herr hats gegeben der herr hats genommen der name deß herren ſey gelobet jtem haben wir das gute empfangen von gott vnd ſolten das boͤſe nicht auch annemmen,inmassen der gedultige mann gottes iob sich getrostet iob ich bin nacket uon meiner mutter leib kommen nacket werde ich wider dahin fahren der herr hats gegeben der herr hats genommen der name dess herren sey gelobet item haben wir das gute empfangen uon gott und solten das bose nicht auch annemmen
526022,body,41,1,True,[17],Job 2. Vnnd Chriſtus am Oelberg/ Matth. 26. Mein Vatter/ iſts muͤglich/ ſo gehe dieſer Kelch von mir/ doch nicht wie Jch will/ ſonderen dein Will geſchehe.,job vnnd chriſtus am oelberg matth mein vatter iſts muͤglich ſo gehe dieſer kelch von mir doch nicht wie jch will ſonderen dein will geſchehe,iob unnd christus am oelberg matth mein uatter ists muglich so gehe dieser kelch uon mir doch nicht wie ich will sonderen dein will geschehe
526022,body,42,0,True,[17],Aber Gottloſe Leut/ ſo es ſehen/ achtens nicht/ vnd nemmens nicht zu Hertzen/ Nemlich/ das die Heyligen Gottes in Gnad vnd Barmhertzigkeit ſeind/ vnd das er ein auffſehen auff ſeine Auſſerwehlten hat: Fromme Chriſten aber/ vnd Gottſelige Hertzen/ bedencken ſolches/ vnd troͤſten ſich beſtendiglich/ daß jhre verſtorbene liebe Kinderlein/ Gott wolgefallen vnnd jhme lieb ſein: Daß er ſie wegnemme/ auß dem Leben vnder den Suͤndern/ vnd ſie hinrucke/ daß die Boßheit jhren Verſtand nicht verkehre/ noch falſche Lehr/ boͤſe Exempel vnd die reitzende Luſt jhre Seel betruͤge: Vnd das Gott der Herr/ auß dieſem vnruͤhigen/ boͤſen vnd muͤhſeligen Leben/ ſie transferire vñ verſetze/ in ein ander vnd beſſer Leben/ in die Ewige Frewd vnd ſeligkeit/ da wir der mahl eins/ geliebts Gott/ wider zuſamen kommen/ vns mit einander all vnſers Leyds erfrewen vnd ergetzen/ vnd mit allen heyligen Engeln vnd auſſerwehlten/ Gott ewig Loben/ ruͤhmen vnd preiſen ſollen.,aber gottloſe leut ſo es ſehen achtens nicht vnd nemmens nicht zu hertzen nemlich das die heyligen gottes in gnad vnd barmhertzigkeit ſeind vnd das er ein auffſehen auff ſeine auſſerwehlten hat fromme chriſten aber vnd gottſelige hertzen bedencken ſolches vnd troͤſten ſich beſtendiglich daß jhre verſtorbene liebe kinderlein gott wolgefallen vnnd jhme lieb ſein daß er ſie wegnemme auß dem leben vnder den suͤndern vnd ſie hinrucke daß die boßheit jhren verſtand nicht verkehre noch falſche lehr boͤſe exempel vnd die reitzende luſt jhre seel betruͤge vnd das gott der herr auß dieſem vnruͤhigen boͤſen vnd muͤhſeligen leben ſie transferire vñ verſetze in ein ander vnd beſſer leben in die ewige frewd vnd ſeligkeit da wir der mahl eins geliebts gott wider zuſamen kommen vns mit einander all vnſers leyds erfrewen vnd ergetzen vnd mit allen heyligen engeln vnd auſſerwehlten gott ewig loben ruͤhmen vnd preiſen ſollen,aber gottlose leut so es sehen achtens nicht und nemmens nicht zu hertzen nemlich das die heyligen gottes in gnad und barmhertzigkeit seind und das er ein auffsehen auff seine ausserwehlten hat fromme christen aber und gottselige hertzen bedencken solches und trosten sich bestendiglich dass ihre uerstorbene liebe kinderlein gott wolgefallen unnd ihme lieb sein dass er sie wegnemme auss dem leben under den sundern und sie hinrucke dass die bossheit ihren uerstand nicht uerkehre noch falsche lehr bose exempel und die reitzende lust ihre seel betruge und das gott der herr auss diesem unruhigen bosen und muhseligen leben sie transferire und uersetze in ein ander und besser leben in die ewige frewd und seligkeit da wir der mahl eins geliebts gott wider zusamen kommen uns mit einander all unsers leyds erfrewen und ergetzen und mit allen heyligen engeln und ausserwehlten gott ewig loben ruhmen und preisen sollen
526022,body,43,0,True,[17],Vnd ſo viel von den beyden gemelten Puncten/ welches nemblich das rechte Alter ſey/ oder wann ein Chriſten Menſch Alt genug ſey zu ſterben: Vnd dann/ warumb vnd auß was vrſachen/ Gott der Herꝛ bißweilen junge Leut vnd Kinder/ vnſers erachtens/ all zu fruͤh vnd zeitlich/ von dieſer Welt abfordere: Auch was wir hiebey zu vnſer Lehre/ Troſt vnd Erinnerung/ zumercken vnd zubehalten haben.,vnd ſo viel von den beyden gemelten puncten welches nemblich das rechte alter ſey oder wann ein chriſten menſch alt genug ſey zu ſterben vnd dann warumb vnd auß was vrſachen gott der herꝛ bißweilen junge leut vnd kinder vnſers erachtens all zu fruͤh vnd zeitlich von dieſer welt abfordere auch was wir hiebey zu vnſer lehre troſt vnd erinnerung zumercken vnd zubehalten haben,und so uiel uon den beyden gemelten puncten welches nemblich das rechte alter sey oder wann ein christen mensch alt genug sey zu sterben und dann warumb und auss was ursachen gott der her bissweilen iunge leut und kinder unsers erachtens all zu fruh und zeitlich uon dieser welt abfordere auch was wir hiebey zu unser lehre trost und erinnerung zumercken und zubehalten haben
526022,head,44,0,True,[18],PERSONALIA.,personalia,personalia
526022,body,45,0,True,[18],WAß dann beſchließlichen/ Geliebte im Herꝛen/ betrifft vnd anlangt/ weyland das jetzt verſtorbene liebe Toͤchterlein/ Jungfraw Evam Reginam/ im Herꝛen ſelig entſchlaffen/ welches wir anjetzo in ſein Ruhbettlein vnd Schlaffkaͤmmerlein gelegt haben/ iſt ſolches Anno Chriſti 1602. Montags den 19. Aprilis/ morgens zwiſchen acht vnd neun vhren/ an dieſe Welt Ehelich gezeuget vnd geboren worden/ von ſeinen lieben Eltern/ dem Ehrenveſten vnnd Hochgelehrten Herꝛen Caſparo Schmiden/ Hanaw Liechtenbergiſchen Secretario allhie/ ſeinem hinderlaſſenen hochbetruͤbten Herꝛen Vatter/ (ſo ſich vmb vnſere Hanawiſche Kirchen vnd Schulen/ wie auch vmb dieſe gantze loͤbliche Grave-vnd Herrſchafften/ biß anhero mehr dann wol verdient/ vnd noch/ vñ dannenheeo wol wert/ dz wir zu ſchuldiger Danckbarkeit/ auch vnſer Chriſtlich mit leiden erzeigen/ vnd ſein verſtorbenes Toͤchterlein/ mit dieſen Chriſtlichen Ceremonien/ vnd anſehnlichen frequentz zur Erden beſtatten:) So dann der Ehren vnd Tugendreichen Frawen Catharinen/ ſeiner lieben Haußfrawen/ deß verſtorbenen hertzlieben Toͤchterleins hochbekuͤmmerten Mutter.,waß dann beſchließlichen geliebte im herꝛen betrifft vnd anlangt weyland das jetzt verſtorbene liebe toͤchterlein jungfraw evam reginam im herꝛen ſelig entſchlaffen welches wir anjetzo in ſein ruhbettlein vnd schlaffkaͤmmerlein gelegt haben iſt ſolches anno chriſti montags den aprilis morgens zwiſchen acht vnd neun vhren an dieſe welt ehelich gezeuget vnd geboren worden von ſeinen lieben eltern dem ehrenveſten vnnd hochgelehrten herꝛen caſparo schmiden hanaw liechtenbergiſchen secretario allhie ſeinem hinderlaſſenen hochbetruͤbten herꝛen vatter ſo ſich vmb vnſere hanawiſche kirchen vnd schulen wie auch vmb dieſe gantze loͤbliche gravevnd herrſchafften biß anhero mehr dann wol verdient vnd noch vñ dannenheeo wol wert dz wir zu ſchuldiger danckbarkeit auch vnſer chriſtlich mit leiden erzeigen vnd ſein verſtorbenes toͤchterlein mit dieſen chriſtlichen ceremonien vnd anſehnlichen frequentz zur erden beſtatten so dann der ehren vnd tugendreichen frawen catharinen ſeiner lieben haußfrawen deß verſtorbenen hertzlieben toͤchterleins hochbekuͤmmerten mutter,wass dann beschliesslichen geliebte im heren betrifft und anlangt weyland das ietzt uerstorbene liebe tochterlein iungfraw euam reginam im heren selig entschlaffen welches wir anietzo in sein ruhbettlein und schlaffkammerlein gelegt haben ist solches anno christi montags den aprilis morgens zwischen acht und neun uhren an diese welt ehelich gezeuget und geboren worden uon seinen lieben eltern dem ehrenuesten unnd hochgelehrten heren casparo schmiden hanaw liechtenbergischen secretario allhie seinem hinderlassenen hochbetrubten heren uatter so sich umb unsere hanawische kirchen und schulen wie auch umb diese gantze lobliche graueund herrschafften biss anhero mehr dann wol uerdient und noch und dannenheeo wol wert dz wir zu schuldiger danckbarkeit auch unser christlich mit leiden erzeigen und sein uerstorbenes tochterlein mit diesen christlichen ceremonien und ansehnlichen frequentz zur erden bestatten so dann der ehren und tugendreichen frawen catharinen seiner lieben haussfrawen dess uerstorbenen hertzlieben tochterleins hochbekummerten mutter
526022,body,46,0,True,[18],Dieweil es aber auch in Suͤnden empfangen vnd geboren worden/ vnd derowegen von Natur ein Kind deß Zorns Gottes geweſen/ wie alle Menſchen/ vnd deß Ruhms gemangelt/ denes an Gott haben ſollen: Als haben gemelte ſeine liebe Eltern/ ſolches jhr junges Toͤchterlein/ Donnerſtags hernacher/ den 22. ejuſdem/ durch das Sacrament der heyligen Tauff/ Chriſto vnd ſeiner lieben Kirchen/ fuͤrderlichſt einverleiben laſſen/ da es dann auß dem Waſſer vnd heyligen Geiſt/ wider von newem geboren/ von allen ſeinen Suͤnden gewaſchen vnd gereiniget/ vnd in das Buch deß Lebens eingeſchrieben worden/ deſſen gezeugen/ gewonliche Pfettern vnd Goͤttlen dann geweſen ſind/ der Ehrnveſt vnd Hochgelehrt/ Herꝛ Licentiat Hartmann Oeſtringer/ auch Hanaw Liechtenbergiſcher Raht allhie/ die Edle/ Ehren vnnd Tugendtreiche/ Fraw Eva von Mittelhauſen/ geborne von Wangen vnd Geroltzeck am Waſſichin/ vnd Weyland die auch Edel/ vnnd Tugendreiche/ Fraw Vrſula Grempin von Freudenſtein/ geborne von Stockheim/ ſelige.,dieweil es aber auch in suͤnden empfangen vnd geboren worden vnd derowegen von natur ein kind deß zorns gottes geweſen wie alle menſchen vnd deß ruhms gemangelt denes an gott haben ſollen als haben gemelte ſeine liebe eltern ſolches jhr junges toͤchterlein donnerſtags hernacher den ejuſdem durch das sacrament der heyligen tauff chriſto vnd ſeiner lieben kirchen fuͤrderlichſt einverleiben laſſen da es dann auß dem waſſer vnd heyligen geiſt wider von newem geboren von allen ſeinen suͤnden gewaſchen vnd gereiniget vnd in das buch deß lebens eingeſchrieben worden deſſen gezeugen gewonliche pfettern vnd goͤttlen dann geweſen ſind der ehrnveſt vnd hochgelehrt herꝛ licentiat hartmann oeſtringer auch hanaw liechtenbergiſcher raht allhie die edle ehren vnnd tugendtreiche fraw eva von mittelhauſen geborne von wangen vnd geroltzeck am waſſichin vnd weyland die auch edel vnnd tugendreiche fraw vrſula grempin von freudenſtein geborne von stockheim ſelige,dieweil es aber auch in sunden empfangen und geboren worden und derowegen uon natur ein kind dess zorns gottes gewesen wie alle menschen und dess ruhms gemangelt denes an gott haben sollen als haben gemelte seine liebe eltern solches ihr iunges tochterlein donnerstags hernacher den eiusdem durch das sacrament der heyligen tauff christo und seiner lieben kirchen furderlichst einuerleiben lassen da es dann auss dem wasser und heyligen geist wider uon newem geboren uon allen seinen sunden gewaschen und gereiniget und in das buch dess lebens eingeschrieben worden dessen gezeugen gewonliche pfettern und gottlen dann gewesen sind der ehrnuest und hochgelehrt her licentiat hartmann oestringer auch hanaw liechtenbergischer raht allhie die edle ehren unnd tugendtreiche fraw eua uon mittelhausen geborne uon wangen und geroltzeck am wassichin und weyland die auch edel unnd tugendreiche fraw ursula grempin uon freudenstein geborne uon stockheim selige
526022,body,47,0,False,[19],Nicht allein aber/ iſt gemeltes Toͤchterlein ſelig/ von ſeinen Chriſtlichen Eltern/ gehoͤrter maſſen/ zur heyligen Tauff befuͤrdert: ſondern auch/ ſo bald es ein wenig beſſer zu ſeinen Jahren vnnd Alter kommen/ zum lieben Gebett vnd Catechiſmo Lutheri/ zur Kirchen vnd Schulen/ wie auch zu andern Gottſeligen/ uͤbungen vnnd Tugenden/ angezogen vnd vnderwieſen worden/ alſo daß es nicht allein/ in dieſer ſeiner zarten Jugend vnd Kindheit/ ſeinen gantzen Catechiſmum/ ſampt der angehengten Haußtaffel/ ſchoͤne Gebett/ Geiſtliche Lieder/ vnd etliche Pſalmen Davids/ gantz fertig vnnd wol/ daher außwendig erzehlen koͤnnen: ſondern auch ſeines Glaubens vnd Chriſtenthumbs/ dermaſſen gebuͤrende Rechenſchafften/ Red vnd Antwort geben koͤnnen/ daß es in ſolchem Stuͤck/ viel/ viel alte/ erlebte vnd betagte Leut vbertroffen/ vnd wegen ſolcher Him̃liſchen Klugheit/ Weißheit vnd Gerechtigkeit/ auch vnbefleckten Lebens/ nicht vmb ſeiner wenigen vnd geringen jahren willen/ vnder die Kinder vnd Junge Leut/ ſondern vnder die Alte an verſtand zuzehlen/ ſo bald vollkommen worden/ vnd viel Jahr erfuͤllet hat/ ja die rechte grawe Haar/ vnd das rechte Alter Chriſti erreichet/ darumb ſeine Seel Gott wolgefallen/ vnd jhme Lieb geweſen.,nicht allein aber iſt gemeltes toͤchterlein ſelig von ſeinen chriſtlichen eltern gehoͤrter maſſen zur heyligen tauff befuͤrdert ſondern auch ſo bald es ein wenig beſſer zu ſeinen jahren vnnd alter kommen zum lieben gebett vnd catechiſmo lutheri zur kirchen vnd schulen wie auch zu andern gottſeligen uͤbungen vnnd tugenden angezogen vnd vnderwieſen worden alſo daß es nicht allein in dieſer ſeiner zarten jugend vnd kindheit ſeinen gantzen catechiſmum ſampt der angehengten haußtaffel ſchoͤne gebett geiſtliche lieder vnd etliche pſalmen davids gantz fertig vnnd wol daher außwendig erzehlen koͤnnen ſondern auch ſeines glaubens vnd chriſtenthumbs dermaſſen gebuͤrende rechenſchafften red vnd antwort geben koͤnnen daß es in ſolchem stuͤck viel viel alte erlebte vnd betagte leut vbertroffen vnd wegen ſolcher him̃liſchen klugheit weißheit vnd gerechtigkeit auch vnbefleckten lebens nicht vmb ſeiner wenigen vnd geringen jahren willen vnder die kinder vnd junge leut ſondern vnder die alte an verſtand zuzehlen ſo bald vollkommen worden vnd viel jahr erfuͤllet hat ja die rechte grawe haar vnd das rechte alter chriſti erreichet darumb ſeine seel gott wolgefallen vnd jhme lieb geweſen,nicht allein aber ist gemeltes tochterlein selig uon seinen christlichen eltern gehorter massen zur heyligen tauff befurdert sondern auch so bald es ein wenig besser zu seinen iahren unnd alter kommen zum lieben gebett und catechismo lutheri zur kirchen und schulen wie auch zu andern gottseligen ubungen unnd tugenden angezogen und underwiesen worden also dass es nicht allein in dieser seiner zarten iugend und kindheit seinen gantzen catechismum sampt der angehengten hausstaffel schone gebett geistliche lieder und etliche psalmen dauids gantz fertig unnd wol daher ausswendig erzehlen konnen sondern auch seines glaubens und christenthumbs dermassen geburende rechenschafften red und antwort geben konnen dass es in solchem stuck uiel uiel alte erlebte und betagte leut ubertroffen und wegen solcher himmlischen klugheit weissheit und gerechtigkeit auch unbefleckten lebens nicht umb seiner wenigen und geringen iahren willen under die kinder und iunge leut sondern under die alte an uerstand zuzehlen so bald uollkommen worden und uiel iahr erfullet hat ia die rechte grawe haar und das rechte alter christi erreichet darumb seine seel gott wolgefallen und ihme lieb gewesen
526022,body,47,1,True,[19],Ja es hat ſich in ſeinem Leben alſo verhalten/ daß es nicht allein Vnbefleckt geweſen/ ſo viel Menſchliche ſchwachheit geſtatten moͤgen/ ſondern auch gegen ſeinen lieben Eltern/ vnd Vorgeſetzten/ in Kirchen vnd Schulen/ die zeit ſeines wenigen Lebens/ in Warheits grund/ ſich alſo gehorſam/ Ehrerbietig vnd Gottsfoͤrchtig/ auch ſonſten in Reden vnd Geberden/ Worten vnd Wercken/ gegen meñiglich alſo Witzig/ Klug vnd Verſtaͤndig erzeigt vnnd bewieſen/ das ſich jederman daruͤber hoͤchlich verwundern muͤſſen/ weil es auch mit ſeinem einigen Erloͤſer vnd Seligmacher/ dem lieben Chriſt Kindlein zugenommen vnd gewachſen/ an Weißheit/ Alter vnd Gnade/ bey Gott vnd den Menſchen/ Luc. 2.,ja es hat ſich in ſeinem leben alſo verhalten daß es nicht allein vnbefleckt geweſen ſo viel menſchliche ſchwachheit geſtatten moͤgen ſondern auch gegen ſeinen lieben eltern vnd vorgeſetzten in kirchen vnd schulen die zeit ſeines wenigen lebens in warheits grund ſich alſo gehorſam ehrerbietig vnd gottsfoͤrchtig auch ſonſten in reden vnd geberden worten vnd wercken gegen meñiglich alſo witzig klug vnd verſtaͤndig erzeigt vnnd bewieſen das ſich jederman daruͤber hoͤchlich verwundern muͤſſen weil es auch mit ſeinem einigen erloͤſer vnd seligmacher dem lieben chriſt kindlein zugenommen vnd gewachſen an weißheit alter vnd gnade bey gott vnd den menſchen luc,ia es hat sich in seinem leben also uerhalten dass es nicht allein unbefleckt gewesen so uiel menschliche schwachheit gestatten mogen sondern auch gegen seinen lieben eltern und uorgesetzten in kirchen und schulen die zeit seines wenigen lebens in warheits grund sich also gehorsam ehrerbietig und gottsforchtig auch sonsten in reden und geberden worten und wercken gegen menniglich also witzig klug und uerstandig erzeigt unnd bewiesen das sich iederman daruber hochlich uerwundern mussen weil es auch mit seinem einigen erloser und seligmacher dem lieben christ kindlein zugenommen und gewachsen an weissheit alter und gnade bey gott und den menschen luc
526022,body,48,0,False,[19],Dieweil es dann auch Gott lieb geweſen/ wie gegenwertiger Text meldet/ vnd ſeine Seele jhm wolgefallen/ als hat er auch mit jhme geeylet/ auß dieſem boͤſen Vnruͤhigen Leben/ damit die Boßheit ſeinen Verſtand nicht verkehre/ noch falſche Lehr/ boͤß Exempel/ vnd reitzende Luͤſt/ ſein vnſchuldiges Hertz vnd Seele/ nicht betruͤge vñ verfuͤhre.,dieweil es dann auch gott lieb geweſen wie gegenwertiger text meldet vnd ſeine seele jhm wolgefallen als hat er auch mit jhme geeylet auß dieſem boͤſen vnruͤhigen leben damit die boßheit ſeinen verſtand nicht verkehre noch falſche lehr boͤß exempel vnd reitzende luͤſt ſein vnſchuldiges hertz vnd seele nicht betruͤge vñ verfuͤhre,dieweil es dann auch gott lieb gewesen wie gegenwertiger text meldet und seine seele ihm wolgefallen als hat er auch mit ihme geeylet auss diesem bosen unruhigen leben damit die bossheit seinen uerstand nicht uerkehre noch falsche lehr boss exempel und reitzende lust sein unschuldiges hertz und seele nicht betruge und uerfuhre
526022,body,48,1,False,[20],Hat demnach Gott der Herꝛ (vber die nechſte auch gefehrliche kranckheit/ vor vngefehr zweyen jahren/) am negſt verſchienen Frehtag/ mit einer gefehrlichen vnd beſchwerlichen kranckheit/ mit einem Seitenſtechen vñ Fluß/ es Vaͤtterlich heimgeſucht vnd angegriffen: Darzu dann auch groſſe hitz/ vnd endtlich die gemeine Kinder Kranckheit/ die genandte Wuͤſte Barblen geſchlagen/ daß es endtlich geſtriges Tags/ Mitwochens den 30. Julij/ dieſes 1613. Jahrs/ eben zu 10. Vhrn vormittag/ im zwoͤlfften Jahr ſeines zarten Alters/ im Herꝛen ſeelig eingeſchlaffen/ vnnd alſo ein reines Jungfrawlein/ ſeinem Herꝛen Chriſto vertrawet vnd heimgefuͤhret worden.,hat demnach gott der herꝛ vber die nechſte auch gefehrliche kranckheit vor vngefehr zweyen jahren am negſt verſchienen frehtag mit einer gefehrlichen vnd beſchwerlichen kranckheit mit einem seitenſtechen vñ fluß es vaͤtterlich heimgeſucht vnd angegriffen darzu dann auch groſſe hitz vnd endtlich die gemeine kinder kranckheit die genandte wuͤſte barblen geſchlagen daß es endtlich geſtriges tags mitwochens den julij dieſes jahrs eben zu vhrn vormittag im zwoͤlfften jahr ſeines zarten alters im herꝛen ſeelig eingeſchlaffen vnnd alſo ein reines jungfrawlein ſeinem herꝛen chriſto vertrawet vnd heimgefuͤhret worden,hat demnach gott der her uber die nechste auch gefehrliche kranckheit uor ungefehr zweyen iahren am negst uerschienen frehtag mit einer gefehrlichen und beschwerlichen kranckheit mit einem seitenstechen und fluss es uatterlich heimgesucht und angegriffen darzu dann auch grosse hitz und endtlich die gemeine kinder kranckheit die genandte wuste barblen geschlagen dass es endtlich gestriges tags mitwochens den iulii dieses iahrs eben zu uhrn uormittag im zwolfften iahr seines zarten alters im heren seelig eingeschlaffen unnd also ein reines iungfrawlein seinem heren christo uertrawet und heimgefuhret worden
526022,body,48,2,False,[20],Jn welcher Kranckheit dann/ es ſich nicht Kindiſch vnnd Vnverſtaͤndig/ ſondern dermaſſen Ritterlich/ Mannlich vnd Chriſtlich erzeiget hat/ das ſich vber ſeine Reden vnd Geberden/ zum hoͤchſten zuverwundern geweſen.,jn welcher kranckheit dann es ſich nicht kindiſch vnnd vnverſtaͤndig ſondern dermaſſen ritterlich mannlich vnd chriſtlich erzeiget hat das ſich vber ſeine reden vnd geberden zum hoͤchſten zuverwundern geweſen,in welcher kranckheit dann es sich nicht kindisch unnd unuerstandig sondern dermassen ritterlich mannlich und christlich erzeiget hat das sich uber seine reden und geberden zum hochsten zuuerwundern gewesen
526022,body,48,3,False,[20],Was ſoll ich ſagen/ von ſeinem embſigen Gebett/ vnnd ſchreyen zu Gott/ damit es bey ſeinem Seelen Artzt vnd Nothelffer/ vnablaͤſſig angehalten/ Tag vnd Nacht/ biß an ſein Ende?,was ſoll ich ſagen von ſeinem embſigen gebett vnnd ſchreyen zu gott damit es bey ſeinem seelen artzt vnd nothelffer vnablaͤſſig angehalten tag vnd nacht biß an ſein ende,was soll ich sagen uon seinem embsigen gebett unnd schreyen zu gott damit es bey seinem seelen artzt und nothelffer unablassig angehalten tag und nacht biss an sein ende
526022,body,48,4,True,[20],Vnder welchen fuͤrnemblich dieſe geweſen/ hilff Helffer hilff in Angſt vnd Noht/ erbarm dich mein du getrewer Gott/ Herr Jeſu Chriſt/ war Menſch vnnd Gott/ der du leidſt Marter Angſt vnd Spott: O Herꝛ biß du mein Zuverſicht/ wann mein Mund kein Wort nicht mehr ſpricht.,vnder welchen fuͤrnemblich dieſe geweſen hilff helffer hilff in angſt vnd noht erbarm dich mein du getrewer gott herr jeſu chriſt war menſch vnnd gott der du leidſt marter angſt vnd spott o herꝛ biß du mein zuverſicht wann mein mund kein wort nicht mehr ſpricht,under welchen furnemblich diese gewesen hilff helffer hilff in angst und noht erbarm dich mein du getrewer gott herr iesu christ war mensch unnd gott der du leidst marter angst und spott o her biss du mein zuuersicht wann mein mund kein wort nicht mehr spricht
526022,body,49,0,False,[20],Deßgleichen mit dem Alten Simeon/ Luc. 2. Herr nun leſtu deine Dienerin im Friede fahren/ wie du geſagt haſt/ dann meine Augen haben deinen Heylandt geſehen/ welchen du bereittet haſt fuͤr allen Voͤlckern/ ein Liecht zuerleuchten die Heyden/ vnnd zum Preiß deines Volcks Jſrael.,deßgleichen mit dem alten simeon luc herr nun leſtu deine dienerin im friede fahren wie du geſagt haſt dann meine augen haben deinen heylandt geſehen welchen du bereittet haſt fuͤr allen voͤlckern ein liecht zuerleuchten die heyden vnnd zum preiß deines volcks jſrael,dessgleichen mit dem alten simeon luc herr nun lestu deine dienerin im friede fahren wie du gesagt hast dann meine augen haben deinen heylandt gesehen welchen du bereittet hast fur allen uolckern ein liecht zuerleuchten die heyden unnd zum preiss deines uolcks israel
526022,body,49,1,False,[20],Jtem Joan 3. Alſo hat Gott die Welt geliebet/ daß Er ſeinen eingebornen Sohn gab/ auff daß alle die an jhn glauben/ nicht verlohren werden/ ſondern das Ewige Leben haben.,jtem joan alſo hat gott die welt geliebet daß er ſeinen eingebornen sohn gab auff daß alle die an jhn glauben nicht verlohren werden ſondern das ewige leben haben,item ioan also hat gott die welt geliebet dass er seinen eingebornen sohn gab auff dass alle die an ihn glauben nicht uerlohren werden sondern das ewige leben haben
526022,body,49,2,False,[20],Sonderlich aber auß Pſal 73. Herꝛ wann ich nur dich hab/ ſo frage ich nicht nach Himmel vnd Erden/ vnnd wann mir gleich Leib vnd Seel verſchmacht/ ſo biſt du doch allezeit meines hertzen Troſt/ vnnd mein Theyl.,sonderlich aber auß pſal herꝛ wann ich nur dich hab ſo frage ich nicht nach himmel vnd erden vnnd wann mir gleich leib vnd seel verſchmacht ſo biſt du doch allezeit meines hertzen troſt vnnd mein theyl,sonderlich aber auss psal her wann ich nur dich hab so frage ich nicht nach himmel und erden unnd wann mir gleich leib und seel uerschmacht so bist du doch allezeit meines hertzen trost unnd mein theyl
526022,body,49,3,False,[20],Was ſoll ich ſagen/ von dem Chriſtlichen Abſchiedt/ ſo es von ſeinen lieben Eltern genommen?,was ſoll ich ſagen von dem chriſtlichen abſchiedt ſo es von ſeinen lieben eltern genommen,was soll ich sagen uon dem christlichen abschiedt so es uon seinen lieben eltern genommen
526022,body,49,4,False,[20],Was ſoll ich ſagen von deme/ daß es deß gemeinen Gebetts vnd Fuͤrbitt/ in Kirchen vnnd Schulen/ mit Eyffer vnnd ernſt begert/ auch Gott dem Herꝛen gleichſam gelobt vnd verſprochen/ den erſten Sontag/ wañ die newe Kirch allhie/ geliebts Gott/ wuͤrd außgebawen ſein/ vnd man die erſte Predig darinn verꝛichten wuͤrde/ Zehen Gulden ſelber hinein zutragen/ vnd von dem ſeinigen/ vnder Arme Leut außtheilen zulaſſen/ wann es zu ſeiner vorigen Geſundtheit widerumb durch Gottes gnad kommen moͤchte.,was ſoll ich ſagen von deme daß es deß gemeinen gebetts vnd fuͤrbitt in kirchen vnnd schulen mit eyffer vnnd ernſt begert auch gott dem herꝛen gleichſam gelobt vnd verſprochen den erſten sontag wañ die newe kirch allhie geliebts gott wuͤrd außgebawen ſein vnd man die erſte predig darinn verꝛichten wuͤrde zehen gulden ſelber hinein zutragen vnd von dem ſeinigen vnder arme leut außtheilen zulaſſen wann es zu ſeiner vorigen geſundtheit widerumb durch gottes gnad kommen moͤchte,was soll ich sagen uon deme dass es dess gemeinen gebetts und furbitt in kirchen unnd schulen mit eyffer unnd ernst begert auch gott dem heren gleichsam gelobt und uersprochen den ersten sontag wann die newe kirch allhie geliebts gott wurd aussgebawen sein und man die erste predig darinn uerichten wurde zehen gulden selber hinein zutragen und uon dem seinigen under arme leut ausstheilen zulassen wann es zu seiner uorigen gesundtheit widerumb durch gottes gnad kommen mochte
526022,body,49,5,False,[21],Welcher Gottſeligen/ Chriſtlichen gedancken/ vnd danckbaren Gemuͤhter/ wenig vnder vns/ auch bey Alten/ Erlebten Leuten gefunden werden?,welcher gottſeligen chriſtlichen gedancken vnd danckbaren gemuͤhter wenig vnder vns auch bey alten erlebten leuten gefunden werden,welcher gottseligen christlichen gedancken und danckbaren gemuhter wenig under uns auch bey alten erlebten leuten gefunden werden
526022,body,49,6,False,[21],Waß ſoll ich ſagen von dieſem ſtuck/ daß es endlichen ſeinen willen in Gottes Willen geſtellet/ vnd als es von mir vnder anderm gefraget wuͤrde/ ob es noch lieber/ hie bey ſeinen hertzlieben Eltern bleiben/ oder aber ſterben wolte/ gar Chriſtlich vnd beſcheidenlich geantwortet/ was Gott wolle/ daß wolle es auch.,waß ſoll ich ſagen von dieſem ſtuck daß es endlichen ſeinen willen in gottes willen geſtellet vnd als es von mir vnder anderm gefraget wuͤrde ob es noch lieber hie bey ſeinen hertzlieben eltern bleiben oder aber ſterben wolte gar chriſtlich vnd beſcheidenlich geantwortet was gott wolle daß wolle es auch,wass soll ich sagen uon diesem stuck dass es endlichen seinen willen in gottes willen gestellet und als es uon mir under anderm gefraget wurde ob es noch lieber hie bey seinen hertzlieben eltern bleiben oder aber sterben wolte gar christlich und bescheidenlich geantwortet was gott wolle dass wolle es auch
526022,body,49,7,False,[21],Allermaſſen/ wie Chriſtus am Oelberg/ ſeinen willen in ſeines Vatters willen geſtellet/ Waß ſoll ich ſagen/ daß es wenig ſtunden vor ſeinem Abſchied/ etlich mal heimbegeret/ vnd als es gefraget ward/ ob es dann nicht daheim ſeye/ es ſeye ja in ſeines Vatters Hauß/ hat es mit Nein geantwortet/ ſein Heimat ſeye im Himmel/ es begere auffgeloͤßt zu werden/ oder abzuſcheiden/ vnd bey Chriſto zu ſein: Vnd als es weiter gefragt wuͤrde/ mitten in ſeinen Todtes noͤhten/ vnd ſchmertzen/ ob es auch bey ſeinem einigen Erloͤſer vnd Seligmacher Jeſu Chriſto/ biß an ein ſeliges Ende/ beſtendig bleiben vnd abtrucken wolte/ hat es laut geantwortet/ Ja freylich/ ja freylich/ auch den Namen Jeſu immerdar widerholet/ vnd inſtendig angeruffen/ von welchem S. Paulus Act. 4. ſagt: Es iſt in keinem andern Heyl/ iſt auch kein ander Name den Menſchen gegeben/ darinn wir ſollen ſelig werden/ ohn allein der Name Jeſus.,allermaſſen wie chriſtus am oelberg ſeinen willen in ſeines vatters willen geſtellet waß ſoll ich ſagen daß es wenig ſtunden vor ſeinem abſchied etlich mal heimbegeret vnd als es gefraget ward ob es dann nicht daheim ſeye es ſeye ja in ſeines vatters hauß hat es mit nein geantwortet ſein heimat ſeye im himmel es begere auffgeloͤßt zu werden oder abzuſcheiden vnd bey chriſto zu ſein vnd als es weiter gefragt wuͤrde mitten in ſeinen todtes noͤhten vnd ſchmertzen ob es auch bey ſeinem einigen erloͤſer vnd seligmacher jeſu chriſto biß an ein ſeliges ende beſtendig bleiben vnd abtrucken wolte hat es laut geantwortet ja freylich ja freylich auch den namen jeſu immerdar widerholet vnd inſtendig angeruffen von welchem s paulus act ſagt es iſt in keinem andern heyl iſt auch kein ander name den menſchen gegeben darinn wir ſollen ſelig werden ohn allein der name jeſus,allermassen wie christus am oelberg seinen willen in seines uatters willen gestellet wass soll ich sagen dass es wenig stunden uor seinem abschied etlich mal heimbegeret und als es gefraget ward ob es dann nicht daheim seye es seye ia in seines uatters hauss hat es mit nein geantwortet sein heimat seye im himmel es begere auffgelosst zu werden oder abzuscheiden und bey christo zu sein und als es weiter gefragt wurde mitten in seinen todtes nohten und schmertzen ob es auch bey seinem einigen erloser und seligmacher iesu christo biss an ein seliges ende bestendig bleiben und abtrucken wolte hat es laut geantwortet ia freylich ia freylich auch den namen iesu immerdar widerholet und instendig angeruffen uon welchem s paulus act sagt es ist in keinem andern heyl ist auch kein ander name den menschen gegeben darinn wir sollen selig werden ohn allein der name iesus
526022,body,49,8,True,[21],Darumb dann Gott der Herr endlich dieſem verſtorbenen Toͤchterlein/ ein recht Chriſtlich/ Verſtendig vnd ſeliges End beſcheret/ daß es gantz ſtill vnd ruͤhig worden/ vnd in wahrer Erkandtnuß vnd Bekandtnuß/ ſeines Heylands Jeſu Chriſti/ von dieſer Welt/ mit warem Glauben beſtendig abgeſchieden/ ohn alle ſchmertzen/ gleich wie ein Liechtlein zuerloͤſchen pfleget.,darumb dann gott der herr endlich dieſem verſtorbenen toͤchterlein ein recht chriſtlich verſtendig vnd ſeliges end beſcheret daß es gantz ſtill vnd ruͤhig worden vnd in wahrer erkandtnuß vnd bekandtnuß ſeines heylands jeſu chriſti von dieſer welt mit warem glauben beſtendig abgeſchieden ohn alle ſchmertzen gleich wie ein liechtlein zuerloͤſchen pfleget,darumb dann gott der herr endlich diesem uerstorbenen tochterlein ein recht christlich uerstendig und seliges end bescheret dass es gantz still und ruhig worden und in wahrer erkandtnuss und bekandtnuss seines heylands iesu christi uon dieser welt mit warem glauben bestendig abgeschieden ohn alle schmertzen gleich wie ein liechtlein zuerloschen pfleget
526022,body,50,0,False,[21],Wiewol nun leichtlich zuerachten/ daß ſein fruͤher vnd vnzeitiger Todt vnd Abſchied/ wie vns beduncket/ ſeinen hochbekuͤmmerten Eltern/ ſehr ſchmertzlich weh thut/ vnd tieff ins Hertz ſchneidt/ Sintemal es natuͤrlich iſt: jedoch wiſſen ſich dieſelbe/ auß den verleſenen Worten/ auch Chriſtlich widerumb zu troͤſten/ daß es das rechte grawe Haar/ vnd ehrlich Alter erꝛeicht in Chriſto/ vnd alſo nicht zu fruͤh vnd zeitlich/ ſondern eben zur rechten zeit geſtorben/ die jhme von Gott beſtimmet geweſen: Daß es durch den Glauben an Chriſtum Gerecht vnd ſelig worden/ vnd wegen ſeiner Him̃liſchen Klugheit/ vnd Vnbefleckten Lebens/ Gott wolgefellig vnd lieb geweſen/ der es auch weggeruckt/ auß dem Leben vnder den Suͤndern/ vnd auß dieſem boͤſen Leben/ in ein beſſer Leben verſetzet/ da ſie/ nach der allgemeinen Aufferſtehung der Todten am Juͤngſtentag/ ſolches jhr liebes Toͤchterlein/ widerumb finden vnd antreffen/ vnd ſich in Gott ewig mit jhm frewen vnd ergetzen werden.,wiewol nun leichtlich zuerachten daß ſein fruͤher vnd vnzeitiger todt vnd abſchied wie vns beduncket ſeinen hochbekuͤmmerten eltern ſehr ſchmertzlich weh thut vnd tieff ins hertz ſchneidt sintemal es natuͤrlich iſt jedoch wiſſen ſich dieſelbe auß den verleſenen worten auch chriſtlich widerumb zu troͤſten daß es das rechte grawe haar vnd ehrlich alter erꝛeicht in chriſto vnd alſo nicht zu fruͤh vnd zeitlich ſondern eben zur rechten zeit geſtorben die jhme von gott beſtimmet geweſen daß es durch den glauben an chriſtum gerecht vnd ſelig worden vnd wegen ſeiner him̃liſchen klugheit vnd vnbefleckten lebens gott wolgefellig vnd lieb geweſen der es auch weggeruckt auß dem leben vnder den suͤndern vnd auß dieſem boͤſen leben in ein beſſer leben verſetzet da ſie nach der allgemeinen aufferſtehung der todten am juͤngſtentag ſolches jhr liebes toͤchterlein widerumb finden vnd antreffen vnd ſich in gott ewig mit jhm frewen vnd ergetzen werden,wiewol nun leichtlich zuerachten dass sein fruher und unzeitiger todt und abschied wie uns beduncket seinen hochbekummerten eltern sehr schmertzlich weh thut und tieff ins hertz schneidt sintemal es naturlich ist iedoch wissen sich dieselbe auss den uerlesenen worten auch christlich widerumb zu trosten dass es das rechte grawe haar und ehrlich alter ereicht in christo und also nicht zu fruh und zeitlich sondern eben zur rechten zeit gestorben die ihme uon gott bestimmet gewesen dass es durch den glauben an christum gerecht und selig worden und wegen seiner himmlischen klugheit und unbefleckten lebens gott wolgefellig und lieb gewesen der es auch weggeruckt auss dem leben under den sundern und auss diesem bosen leben in ein besser leben uersetzet da sie nach der allgemeinen aufferstehung der todten am iungstentag solches ihr liebes tochterlein widerumb finden und antreffen und sich in gott ewig mit ihm frewen und ergetzen werden
526022,body,50,1,True,[22],Darumb ſie dann billich auch ein gebuͤhrende maß halten/ vnd trawren wie Chriſten/ die ein beſſere hoffnung haben vnd wiſſen/ daß/ wie Gott nichts vberal/ ohn heylige/ gerechte vnd beſondere vrſachen thut vnd verꝛichtet: Alſo er auch ein ſolcher Gott ſeye/ der zwar Toͤdtet/ aber wider Lebendig macht/ der wol Betruͤbet/ aber widrumb Erfrewet/ der wol Verwundet/ aber widerumb auch Verbindet vnd heylet/ der wol in die helle fuͤhret/ aber wider herauß/ Wie die Gottſelige Hanna/ 1. Sam. 2. vns lehret.,darumb ſie dann billich auch ein gebuͤhrende maß halten vnd trawren wie chriſten die ein beſſere hoffnung haben vnd wiſſen daß wie gott nichts vberal ohn heylige gerechte vnd beſondere vrſachen thut vnd verꝛichtet alſo er auch ein ſolcher gott ſeye der zwar toͤdtet aber wider lebendig macht der wol betruͤbet aber widrumb erfrewet der wol verwundet aber widerumb auch verbindet vnd heylet der wol in die helle fuͤhret aber wider herauß wie die gottſelige hanna sam vns lehret,darumb sie dann billich auch ein gebuhrende mass halten und trawren wie christen die ein bessere hoffnung haben und wissen dass wie gott nichts uberal ohn heylige gerechte und besondere ursachen thut und uerichtet also er auch ein solcher gott seye der zwar todtet aber wider lebendig macht der wol betrubet aber widrumb erfrewet der wol uerwundet aber widerumb auch uerbindet und heylet der wol in die helle fuhret aber wider herauss wie die gottselige hanna sam uns lehret
526022,body,51,0,True,[22],Der Barmhertzige/ getrewe Gott/ wolle dieſem abgeſtorbenen Toͤchterlein ſelig/ an jenem groſſen Offenbarlichen Tag/ ein froͤliche Aufferſtehung/ mit allen Gerechten vnd Auſſerwehlten/ gnaͤdig verleihen: Seine hinderlaſſene hochbetruͤbte Eltern/ vor fernerem Leid vnd Vngemach/ Vaͤtterlich behuͤten: Jn dieſem zugeſtandenem ſchweren HaußCreutz vnd Leyd/ jhr Troſt vnd Staͤrcke ſein: Jhr liebes Soͤhnlein/ ſo von 6 Kindern/ (mit welchen Gott der Herꝛ jhren Eheſtand miltiglich geſegnet/) einig vnd allein im Leben noch vbrig/ nach ſeinem gnaͤdigen willen/ ſampt jhnen/ noch lange zeit/ in wolfaͤhriger Geſundheit/ vnd Gluͤcklichem zuſtand erhalten: Sie in andere weg/ nach ſeinem Tauſendreichen Segen/ widerumb erfrewen vnd ergetzen: Vnnd vns dermal eins alleſampt/ auch ein ſeliges ende/ vnd vernuͤnfftiges Sterbſtuͤndlein aller gnaͤdigſt verleihen/ vmb Jeſu Chriſti/ ſeines geliebten Sohns/ vnſers Herꝛen vnd Heylands willen Amen/ Amen.,der barmhertzige getrewe gott wolle dieſem abgeſtorbenen toͤchterlein ſelig an jenem groſſen offenbarlichen tag ein froͤliche aufferſtehung mit allen gerechten vnd auſſerwehlten gnaͤdig verleihen seine hinderlaſſene hochbetruͤbte eltern vor fernerem leid vnd vngemach vaͤtterlich behuͤten jn dieſem zugeſtandenem ſchweren haußcreutz vnd leyd jhr troſt vnd staͤrcke ſein jhr liebes soͤhnlein ſo von kindern mit welchen gott der herꝛ jhren eheſtand miltiglich geſegnet einig vnd allein im leben noch vbrig nach ſeinem gnaͤdigen willen ſampt jhnen noch lange zeit in wolfaͤhriger geſundheit vnd gluͤcklichem zuſtand erhalten sie in andere weg nach ſeinem tauſendreichen segen widerumb erfrewen vnd ergetzen vnnd vns dermal eins alleſampt auch ein ſeliges ende vnd vernuͤnfftiges sterbſtuͤndlein aller gnaͤdigſt verleihen vmb jeſu chriſti ſeines geliebten sohns vnſers herꝛen vnd heylands willen amen amen,der barmhertzige getrewe gott wolle diesem abgestorbenen tochterlein selig an ienem grossen offenbarlichen tag ein froliche aufferstehung mit allen gerechten und ausserwehlten gnadig uerleihen seine hinderlassene hochbetrubte eltern uor fernerem leid und ungemach uatterlich behuten in diesem zugestandenem schweren hausscreutz und leyd ihr trost und starcke sein ihr liebes sohnlein so uon kindern mit welchen gott der her ihren ehestand miltiglich gesegnet einig und allein im leben noch ubrig nach seinem gnadigen willen sampt ihnen noch lange zeit in wolfahriger gesundheit und glucklichem zustand erhalten sie in andere weg nach seinem tausendreichen segen widerumb erfrewen und ergetzen unnd uns dermal eins allesampt auch ein seliges ende und uernunfftiges sterbstundlein aller gnadigst uerleihen umb iesu christi seines geliebten sohns unsers heren und heylands willen amen amen
526022,body,52,0,False,[23],"SEQVVNTVR IN EJUSDEM PIAE PULCHREQUE MO RATAE VIRGINIS EVAE REGINAE PRAEmaturum & beatum obitum,",seqvvntvr in ejusdem piae pulchreque mo ratae virginis evae reginae praematurum & beatum obitum,sequuntur in eiusdem piae pulchreque mo ratae uirginis euae reginae praematurum et beatum obitum
526022,body,52,1,True,[23],"EPICEDIA. AD LVCTVM MOESTISSIMIS PARENTIBVS MINVENDVM, ET MEMORIAM DEFVNCTÆ filiolæ recolendam ſcripta.",epicedia ad lvctvm moestissimis parentibvs minvendvm et memoriam defvnctæ filiolæ recolendam ſcripta,epicedia ad luctum moestissimis parentibus minuendum et memoriam defunctae filiolae recolendam scripta
526022,body,53,0,True,[23],EPITAPHIUM DEFUNCTÆ.,epitaphium defunctæ,epitaphium defunctae
526022,body,54,0,True,[23],QVæ jacet hoc tumulo? CASPARI filia FABRI,qvæ jacet hoc tumulo caspari filia fabri,quae iacet hoc tumulo caspari filia fabri
526022,body,55,0,True,[23],"Vnica: matris amor, grataꝙ́ cura patris.",vnica matris amor grataꝙ́ cura patris,unica matris amor grataquod cura patris
526022,body,56,0,True,[23],Occidit heu primo vernans ſub flore juventæ:,occidit heu primo vernans ſub flore juventæ,occidit heu primo uernans sub flore iuuentae
526022,body,57,0,True,[23],Digna ævo longo ſed meliore frui.,digna ævo longo ſed meliore frui,digna aeuo longo sed meliore frui
526022,body,58,0,True,[23],Nulla puellarem decorant encomia vitam:,nulla puellarem decorant encomia vitam,nulla puellarem decorant encomia uitam
526022,body,59,0,True,[23],Quæ non mancipio ceperat illa ſibi.,quæ non mancipio ceperat illa ſibi,quae non mancipio ceperat illa sibi
526022,body,60,0,True,[23],"Sic præcepta animum, ſic viva exempla parentum",sic præcepta animum ſic viva exempla parentum,sic praecepta animum sic uiua exempla parentum
526022,body,61,0,True,[23],"Formarant: voti hinc ſumma, placere DEO.",formarant voti hinc ſumma placere deo,formarant uoti hinc summa placere deo
526022,body,62,0,True,[23],"Nominis & proprij, quoties est voce vocata:",nominis & proprij quoties est voce vocata,nominis et proprii quoties est uoce uocata
526022,body,63,0,True,[23],Officij toties commonefactaſui est.,officij toties commonefactaſui est,officii toties commonefactasui est
526022,body,64,0,True,[23],Scire id aves? EVÆ REGINÆ nomen adepta:,scire id aves evæ reginæ nomen adepta,scire id aues euae reginae nomen adepta
526022,body,65,0,True,[23],Tum cum in Baptiſmo est ſanguine lota DEI.,tum cum in baptiſmo est ſanguine lota dei,tum cum in baptismo est sanguine lota dei
526022,body,66,0,True,[23],"EVÆ nomen enim communi à matre profectum,",evæ nomen enim communi à matre profectum,euae nomen enim communi a matre profectum
526022,body,67,0,True,[23],"Sis memor humanæ conditionis, ait:",sis memor humanæ conditionis ait,sis memor humanae conditionis ait
526022,body,68,0,True,[23],"Semine mortali quod creta, & origine ab ipſâ,",semine mortali quod creta & origine ab ipſâ,semine mortali quod creta et origine ab ipsa
526022,body,69,0,True,[23],Vitam peccati ſquallida tabe trahas.,vitam peccati ſquallida tabe trahas,uitam peccati squallida tabe trahas
526022,body,70,0,True,[23],Diſce tuâ te ſponte operari haud talia poſſe:,diſce tuâ te ſponte operari haud talia poſſe,disce tua te sponte operari haud talia posse
526022,body,71,0,True,[23],Sit tibi ut ex meritis actio juſta tuis.,sit tibi ut ex meritis actio juſta tuis,sit tibi ut ex meritis actio iusta tuis
526022,body,72,0,True,[23],Humanæ te ſæva manent ſtipendia culpæ:,humanæ te ſæva manent ſtipendia culpæ,humanae te saeua manent stipendia culpae
526022,body,73,0,True,[23],Evincit radix quam vitioſa ream.,evincit radix quam vitioſa ream,euincit radix quam uitiosa ream
526022,body,74,0,True,[23],"Hinc lacrimæ in vivis crebræ, hinc ſuſpiria multa,",hinc lacrimæ in vivis crebræ hinc ſuſpiria multa,hinc lacrimae in uiuis crebrae hinc suspiria multa
526022,body,75,0,True,[23],"Quæꝙ animi generat triſtia ſigna, dolor.",quæꝙ animi generat triſtia ſigna dolor,quaequod animi generat tristia signa dolor
526022,body,76,0,True,[23],Hinc etiam alterius vitæ ſunt vota profecta:,hinc etiam alterius vitæ ſunt vota profecta,hinc etiam alterius uitae sunt uota profecta
526022,body,77,0,True,[23],Quæ mihi peccati & meta doloris erit?,quæ mihi peccati & meta doloris erit,quae mihi peccati et meta doloris erit
526022,body,78,0,True,[23],Audijt at contrà REGINÆ ut nobile nomen:,audijt at contrà reginæ ut nobile nomen,audiit at contra reginae ut nobile nomen
526022,body,79,0,True,[23],"Sume nanimos, dixit, mens mea, fide DEO.",sume nanimos dixit mens mea fide deo,sume nanimos dixit mens mea fide deo
526022,body,80,0,True,[24],"Ille tibi æternum regnum promiſit Olympi,",ille tibi æternum regnum promiſit olympi,ille tibi aeternum regnum promisit olympi
526022,body,81,0,True,[24],Tum cùm in vivifico es fonte renata DEO.,tum cùm in vivifico es fonte renata deo,tum cum in uiuifico es fonte renata deo
526022,body,82,0,True,[24],"Addidit ille fidem, quâ tela ignita Satânæ",addidit ille fidem quâ tela ignita satânæ,addidit ille fidem qua tela ignita satanae
526022,body,83,0,True,[24],"Diſcutiens, victrix Chriſtias arma feras.",diſcutiens victrix chriſtias arma feras,discutiens uictrix christias arma feras
526022,body,84,0,True,[24],"Sis homo, ſis culpæ crudeli onerata reatu:",sis homo ſis culpæ crudeli onerata reatu,sis homo sis culpae crudeli onerata reatu
526022,body,85,0,True,[24],Et tua peccatis anxia corda tremant.,et tua peccatis anxia corda tremant,et tua peccatis anxia corda tremant
526022,body,86,0,True,[24],Non tamen idcirco metuas ſperare Coronam:,non tamen idcirco metuas ſperare coronam,non tamen idcirco metuas sperare coronam
526022,body,87,0,True,[24],De quâ auctore DEO ſponſio facta tibi:,de quâ auctore deo ſponſio facta tibi,de qua auctore deo sponsio facta tibi
526022,body,88,0,True,[24],Vincere te faciet certò victoria CHRISTI,vincere te faciet certò victoria christi,uincere te faciet certo uictoria christi
526022,body,89,0,True,[24],CHRISTI genis purâ participata fide.,christi genis purâ participata fide,christi genis pura participata fide
526022,body,90,0,True,[24],"CHRISTVS adest præſens certanti, animiꝙ́ miniſtrat",christvs adest præſens certanti animiꝙ́ miniſtrat,christus adest praesens certanti animiquod ministrat
526022,body,91,0,True,[24],"Robur, & hoſtilem vim ſuperare facit.",robur & hoſtilem vim ſuperare facit,robur et hostilem uim superare facit
526022,body,92,0,True,[24],"Pugna, animoſa, bonam pugnam, duce & auſpice CHRISTO:",pugna animoſa bonam pugnam duce & auſpice christo,pugna animosa bonam pugnam duce et auspice christo
526022,body,93,0,True,[24],Bello magnanimam ſpemꝙ́ fidemꝙ́ proba.,bello magnanimam ſpemꝙ́ fidemꝙ́ proba,bello magnanimam spemquod fidemquod proba
526022,body,94,0,True,[24],Sic regno ætherio victrix REGINA futura:,sic regno ætherio victrix regina futura,sic regno aetherio uictrix regina futura
526022,body,95,0,True,[24],Ornabitꝙ́ tuum dia corona caput.,ornabitꝙ́ tuum dia corona caput,ornabitquod tuum dia corona caput
526022,body,96,0,True,[24],His adeo monitis teneros ſic imbuit annos:,his adeo monitis teneros ſic imbuit annos,his adeo monitis teneros sic imbuit annos
526022,body,97,0,True,[24],Vt depugnatum ſit breviore die:,vt depugnatum ſit breviore die,ut depugnatum sit breuiore die
526022,body,98,0,True,[24],"Iamꝙ coronato capite, ut REGINA triumphans",iamꝙ coronato capite ut regina triumphans,iamquod coronato capite ut regina triumphans
526022,body,99,0,True,[24],"EVA polo, victrix præmia dicta ferat.",eva polo victrix præmia dicta ferat,eua polo uictrix praemia dicta ferat
526022,body,100,0,True,[24],"TVverò CASPARE, potens qui Hanauide inaulâ es",tvverò caspare potens qui hanauide inaulâ es,tuuero caspare potens qui hanauide inaula es
526022,body,101,0,True,[24],"Conſilio, & gnavâ dexteritate places:",conſilio & gnavâ dexteritate places,consilio et gnaua dexteritate places
526022,body,102,0,True,[24],Et verâ es pietate bonus: cum conjuge mæſtâ,et verâ es pietate bonus cum conjuge mæſtâ,et uera es pietate bonus cum coniuge maesta
526022,body,103,0,True,[24],"Mœrori ac lacrymis juſtum, age, pone modum.",mœrori ac lacrymis juſtum age pone modum,moerori ac lacrymis iustum age pone modum
526022,body,104,0,True,[24],Veſtra nec eventu vos fallat opinio triſti:,veſtra nec eventu vos fallat opinio triſti,uestra nec euentu uos fallat opinio tristi
526022,body,105,0,True,[24],Ante ſuum fato ſit quaſi functa diem:,ante ſuum fato ſit quaſi functa diem,ante suum fato sit quasi functa diem
526022,body,106,0,True,[24],Namꝙ illâ fato functa eſt ætate puella:,namꝙ illâ fato functa eſt ætate puella,namquod illa fato functa est aetate puella
526022,body,107,0,True,[24],Quâ perfecta DEO dignaꝙ́ viſa polo:,quâ perfecta deo dignaꝙ́ viſa polo,qua perfecta deo dignaquod uisa polo
526022,body,108,0,True,[24],Cui data cœleſtis promißio propria regni:,cui data cœleſtis promißio propria regni,cui data coelestis promissio propria regni
526022,body,109,0,True,[24],Cui perdurat adhuc immaculata fides.,cui perdurat adhuc immaculata fides,cui perdurat adhuc immaculata fides
526022,body,110,0,True,[24],"Quæꝙ fuit DOMINO ſat adulta, & idonea Cœlis.",quæꝙ fuit domino ſat adulta & idonea cœlis,quaequod fuit domino sat adulta et idonea coelis
526022,body,111,0,True,[24],"Dic, horâ potuit num meliore mori?",dic horâ potuit num meliore mori,dic hora potuit num meliore mori
526022,body,112,0,True,[24],"Patris mœſtiſſimi, viri Præſtantiſſimi atque Conſultiſſimi, amici veteris & plurimum colendi, dolori mitigando, ſcribebat Juſtus Meierus J. U. D. & in Academia Argentoratenſi Profeſſor.",patris mœſtiſſimi viri præſtantiſſimi atque conſultiſſimi amici veteris & plurimum colendi dolori mitigando ſcribebat juſtus meierus j u d & in academia argentoratenſi profeſſor,patris moestissimi uiri praestantissimi atque consultissimi amici ueteris et plurimum colendi dolori mitigando scribebat iustus meierus i u d et in academia argentoratensi professor
526022,body,113,0,True,[25],"AD VIRUM AUCTORITATE, PRUDENdentiâ, rerumq́ue uſu præſtantiſſimum, Dn. Casparum Schmidt, Perilluſtri & Generoſo Comiti ac Domino, Dn. IOHANNI REINHARDO Comiti in Hanavv & Zvveybrucken, &c. Dn. in Liechtenberg & Ochſenſtein, &c. à Conſilijs, & Secretis: affinem meum cumprimis honorandum.",ad virum auctoritate prudendentiâ rerumq́ue uſu præſtantiſſimum dn casparum schmidt perilluſtri & generoſo comiti ac domino dn iohanni reinhardo comiti in hanavv & zvveybrucken &c dn in liechtenberg & ochſenſtein &c à conſilijs & secretis affinem meum cumprimis honorandum,ad uirum auctoritate prudendentia rerumque usu praestantissimum dn casparum schmidt perillustri et generoso comiti ac domino dn iohanni reinhardo comiti in hanauu et zuueybrucken etc dn in liechtenberg et ochsenstein etc a consiliis et secretis affinem meum cumprimis honorandum
526022,body,114,0,True,[25],"QVàm mihi magna fuit nuper, CASPARE, voluptas",qvàm mihi magna fuit nuper caspare voluptas,quam mihi magna fuit nuper caspare uoluptas
526022,body,115,0,True,[25],Cùm hoſpitio exciperes meque meoſq́ue tuo;,cùm hoſpitio exciperes meque meoſq́ue tuo,cum hospitio exciperes meque meosque tuo
526022,body,116,0,True,[25],Coràm ubi florentes vidi CASPARVLVM & EVAM,coràm ubi florentes vidi casparvlvm & evam,coram ubi florentes uidi casparulum et euam
526022,body,117,0,True,[25],"REGINAM, thalami pignoracara tui:",reginam thalami pignoracara tui,reginam thalami pignoracara tui
526022,body,118,0,True,[25],"Ætate ut tenerâ pueros, ſic indole adultis,",ætate ut tenerâ pueros ſic indole adultis,aetate ut tenera pueros sic indole adultis
526022,body,119,0,True,[25],"Moribus, ingenio, judicioꝙ́ pæres:",moribus ingenio judicioꝙ́ pæres,moribus ingenio iudicioquod paeres
526022,body,120,0,True,[25],"Tàm mihi magna fuit mox perturbatio mentis,",tàm mihi magna fuit mox perturbatio mentis,tam mihi magna fuit mox perturbatio mentis
526022,body,121,0,True,[25],EVULÆ ubi audivi triſtia fata tuæ.,evulæ ubi audivi triſtia fata tuæ,euulae ubi audiui tristia fata tuae
526022,body,122,0,True,[25],"Namꝙ ex præcipiti venit mihi nuncium ad aures,",namꝙ ex præcipiti venit mihi nuncium ad aures,namquod ex praecipiti uenit mihi nuncium ad aures
526022,body,123,0,True,[25],Non per mollitos antè timore gradus.,non per mollitos antè timore gradus,non per mollitos ante timore gradus
526022,body,124,0,True,[25],Non priùs illa fuit premere ægrum audita cubile:,non priùs illa fuit premere ægrum audita cubile,non prius illa fuit premere aegrum audita cubile
526022,body,125,0,True,[25],"Non doluiſſe caput, febriculamve queri:",non doluiſſe caput febriculamve queri,non doluisse caput febriculamue queri
526022,body,126,0,True,[25],"Non vultum exſanguem, pallore infecta labella,",non vultum exſanguem pallore infecta labella,non uultum exsanguem pallore infecta labella
526022,body,127,0,True,[25],Languoris taciti ſigna referre ſui:,languoris taciti ſigna referre ſui,languoris taciti signa referre sui
526022,body,128,0,True,[25],Viſa ſed his oculis paulò antè; ut purpura mollis,viſa ſed his oculis paulò antè ut purpura mollis,uisa sed his oculis paulo ante ut purpura mollis
526022,body,129,0,True,[25],Pingebat niveas flore decente genas:,pingebat niveas flore decente genas,pingebat niueas flore decente genas
526022,body,130,0,True,[25],Suavis & è rutilis ridebat gratia ocellis:,suavis & è rutilis ridebat gratia ocellis,suauis et e rutilis ridebat gratia ocellis
526022,body,131,0,True,[25],Virginei facies plena pudoris erat.,virginei facies plena pudoris erat,uirginei facies plena pudoris erat
526022,body,132,0,True,[25],"Obſequium, pietas, mens acris amabile, morum",obſequium pietas mens acris amabile morum,obsequium pietas mens acris amabile morum
526022,body,133,0,True,[25],"Exemplum, blando fuſus abore lepos,",exemplum blando fuſus abore lepos,exemplum blando fusus abore lepos
526022,body,134,0,True,[25],Prævertiſſe ſuos multum velociter annos,prævertiſſe ſuos multum velociter annos,praeuertisse suos multum uelociter annos
526022,body,135,0,True,[25],"Viſa, ſimul miris complacuêre modis.",viſa ſimul miris complacuêre modis,uisa simul miris complacuere modis
526022,body,136,0,True,[25],"Pulchra domus veſtræ ſic ſpes fuit, & decus ingens:",pulchra domus veſtræ ſic ſpes fuit & decus ingens,pulchra domus uestrae sic spes fuit et decus ingens
526022,body,137,0,True,[25],"Solamen matris, delitiæq́ue patris.",solamen matris delitiæq́ue patris,solamen matris delitiaeque patris
526022,body,138,0,True,[25],Sed fuit heu quondam! nunc at juvenilibus annis,sed fuit heu quondam nunc at juvenilibus annis,sed fuit heu quondam nunc at iuuenilibus annis
526022,body,139,0,True,[25],"Exire è mundo juſſa, ſepulta jacet.",exire è mundo juſſa ſepulta jacet,exire e mundo iussa sepulta iacet
526022,body,140,0,True,[25],"Vnde tibi, propiùs dolor is quem tangit acerbus,",vnde tibi propiùs dolor is quem tangit acerbus,unde tibi propius dolor is quem tangit acerbus
526022,body,141,0,True,[25],Squalloris cauſa est non niſi juſta tui.,squalloris cauſa est non niſi juſta tui,squalloris causa est non nisi iusta tui
526022,body,142,0,True,[25],Lætitiæat major: poſitis ſi affectibus æquâ,lætitiæat major poſitis ſi affectibus æquâ,laetitiaeat maior positis si affectibus aequa
526022,body,143,0,True,[25],Diæ rem ſophiæ pendere lance velis.,diæ rem ſophiæ pendere lance velis,diae rem sophiae pendere lance uelis
526022,body,144,0,True,[26],"Quod VVESTERFELDI, nunquam ſine laude loquendi,",quod vvesterfeldi nunquam ſine laude loquendi,quod uuesterfeldi nunquam sine laude loquendi
526022,body,145,0,True,[26],Funebris egregiè concio ſacra docet:,funebris egregiè concio ſacra docet,funebris egregie concio sacra docet
526022,body,146,0,True,[26],"Verba cui ſi quis ſuperaddere fortia tentet,",verba cui ſi quis ſuperaddere fortia tentet,uerba cui si quis superaddere fortia tentet
526022,body,147,0,True,[26],Immenſum exiguas in mare portet aquas.,immenſum exiguas in mare portet aquas,immensum exiguas in mare portet aquas
526022,body,148,0,True,[26],"Hanc quòd, contentus ſemel haud audiſſe, legendam",hanc quòd contentus ſemel haud audiſſe legendam,hanc quod contentus semel haud audisse legendam
526022,body,149,0,True,[26],Publicitus curas ſumptibus uſꝙ pijs;,publicitus curas ſumptibus uſꝙ pijs,publicitus curas sumptibus usquod piis
526022,body,150,0,True,[26],"Laudo, præbebit patribus ſolatia multis,",laudo præbebit patribus ſolatia multis,laudo praebebit patribus solatia multis
526022,body,151,0,True,[26],"Quîs ſubeunda eadem ſors fuit, est, & erit:",quîs ſubeunda eadem ſors fuit est & erit,quis subeunda eadem sors fuit est et erit
526022,body,152,0,True,[26],Servabitꝙ́ ſuas gnatæ post funera laudes:,servabitꝙ́ ſuas gnatæ post funera laudes,seruabitquod suas gnatae post funera laudes
526022,body,153,0,True,[26],"Hic pietatis honos, hoc pretium obſequij.",hic pietatis honos hoc pretium obſequij,hic pietatis honos hoc pretium obsequii
526022,body,154,0,False,[26],ἑκ συμπαθείαρ F. Caſp. Bitſch.,ἑκ συμπαθείαρ f caſp bitſch,f casp bitsch
526022,body,154,1,True,[26],J. U. D. & Profeſſor Acad. Argentoratenſis.,j u d & profeſſor acad argentoratenſis,i u d et professor acad argentoratensis
526022,head,155,0,True,[26],ALIUD.,aliud,aliud
526022,body,156,0,True,[26],AN ſatis Aonides ploraſtis? an augur Apollo,an ſatis aonides ploraſtis an augur apollo,an satis aonides plorastis an augur apollo
526022,body,157,0,True,[26],Iactet flebilibus triſtia verba ſonis?,iactet flebilibus triſtia verba ſonis,iactet flebilibus tristia uerba sonis
526022,body,158,0,True,[26],An nullus modus est fletus? gemuiſſe GOLERI,an nullus modus est fletus gemuiſſe goleri,an nullus modus est fletus gemuisse goleri
526022,body,159,0,True,[26],An ſociam amiſſam non ſatis illud erat?,an ſociam amiſſam non ſatis illud erat,an sociam amissam non satis illud erat
526022,body,160,0,True,[26],Non ſatis illud erat: nova mors nova carmina poſcit:,non ſatis illud erat nova mors nova carmina poſcit,non satis illud erat noua mors noua carmina poscit
526022,body,161,0,True,[26],Succedunt etenim funera funeribus.,succedunt etenim funera funeribus,succedunt etenim funera funeribus
526022,body,162,0,True,[26],Quid? vix præclari coſtam Rectoris ademptam,quid vix præclari coſtam rectoris ademptam,quid uix praeclari costam rectoris ademptam
526022,body,163,0,True,[26],"Luxi, lugendi en altera cauſa ſubest.",luxi lugendi en altera cauſa ſubest,luxi lugendi en altera causa subest
526022,body,164,0,True,[26],Qui ſanctæ crucis hoſpitio divertit & idem,qui ſanctæ crucis hoſpitio divertit & idem,qui sanctae crucis hospitio diuertit et idem
526022,body,165,0,True,[26],"Est pius, hic nomen Bethanienſis habet.",est pius hic nomen bethanienſis habet,est pius hic nomen bethaniensis habet
526022,body,166,0,True,[26],Præcellentis enim ſuavißima filia FABRI,præcellentis enim ſuavißima filia fabri,praecellentis enim suauissima filia fabri
526022,body,167,0,True,[26],Primo ævo extincta est utpote planta recens.,primo ævo extincta est utpote planta recens,primo aeuo extincta est utpote planta recens
526022,body,168,0,True,[26],"Quin perijt morbo, tantummodò membra tenella",quin perijt morbo tantummodò membra tenella,quin periit morbo tantummodo membra tenella
526022,body,169,0,True,[26],Vexante & rarò dante vigere diu.,vexante & rarò dante vigere diu,uexante et raro dante uigere diu
526022,body,170,0,True,[26],"Et quem villoſi detractio tegminis auget,",et quem villoſi detractio tegminis auget,et quem uillosi detractio tegminis auget
526022,body,171,0,True,[26],Depellit manuum tectio ſæpè malum.,depellit manuum tectio ſæpè malum,depellit manuum tectio saepe malum
526022,body,172,0,True,[26],"Menſis erat juvenum, lux eius & ultima, postquam",menſis erat juvenum lux eius & ultima postquam,mensis erat iuuenum lux eius et ultima postquam
526022,body,173,0,True,[26],Hæc obdormivit bella puella piè.,hæc obdormivit bella puella piè,haec obdormiuit bella puella pie
526022,body,174,0,True,[26],Solemur preſſos immenſa mole dolorum,solemur preſſos immenſa mole dolorum,solemur pressos immensa mole dolorum
526022,body,175,0,True,[26],Nos quoq́ue flente alio flere queriꝙ́ decet.,nos quoq́ue flente alio flere queriꝙ́ decet,nos quoque flente alio flere queriquod decet
526022,body,176,0,True,[26],Ob benefacta igitur ter maxima præſtita magno,ob benefacta igitur ter maxima præſtita magno,ob benefacta igitur ter maxima praestita magno
526022,body,177,0,True,[26],"Afautore mihi, lugubre canto melos.",afautore mihi lugubre canto melos,afautore mihi lugubre canto melos
526022,body,178,0,True,[26],Hæ modò perpetuæ pluviæ ceu flumina ceſſent:,hæ modò perpetuæ pluviæ ceu flumina ceſſent,hae modo perpetuae pluuiae ceu flumina cessent
526022,body,179,0,True,[26],Exeo ficturus: non lubet eſſe domi.,exeo ficturus non lubet eſſe domi,exeo ficturus non lubet esse domi
526022,body,180,0,True,[27],Viſo prata: locus meditandi accommodus offert,viſo prata locus meditandi accommodus offert,uiso prata locus meditandi accommodus offert
526022,body,181,0,True,[27],"Seſe illîc: operi dic benè, Chriſte, meo.",seſe illîc operi dic benè chriſte meo,sese illic operi dic bene christe meo
526022,body,182,0,True,[27],Vti materia ſed quali debeo? gratos,vti materia ſed quali debeo gratos,uti materia sed quali debeo gratos
526022,body,183,0,True,[27],"Ducere verſiculos hoc opus, hic labor est.",ducere verſiculos hoc opus hic labor est,ducere uersiculos hoc opus hic labor est
526022,body,184,0,True,[27],Sic ubi quærebam mœrens ac ſede ſedebam,sic ubi quærebam mœrens ac ſede ſedebam,sic ubi quaerebam moerens ac sede sedebam
526022,body,185,0,True,[27],"Graminea, præſens incipit HERBA loqui.",graminea præſens incipit herba loqui,graminea praesens incipit herba loqui
526022,body,186,0,True,[27],"Stulte, quid hîc trutinas? adeò quidue anxius es tu?",stulte quid hîc trutinas adeò quidue anxius es tu,stulte quid hic trutinas adeo quidue anxius es tu
526022,body,187,0,True,[27],"In me fige oculos, mox ego verſus ero.",in me fige oculos mox ego verſus ero,in me fige oculos mox ego uersus ero
526022,body,188,0,True,[27],Præco es? præcones debebant omnia ſcire,præco es præcones debebant omnia ſcire,praeco es praecones debebant omnia scire
526022,body,189,0,True,[27],Ex ſacris. fœnum dicitur omnis homo.,ex ſacris fœnum dicitur omnis homo,ex sacris foenum dicitur omnis homo
526022,body,190,0,True,[27],Herbula tale refert & protinus obmute ſcit:,herbula tale refert & protinus obmute ſcit,herbula tale refert et protinus obmute scit
526022,body,191,0,True,[27],Est rigido lapidi ſermo volente Deo.,est rigido lapidi ſermo volente deo,est rigido lapidi sermo uolente deo
526022,body,192,0,True,[27],"Diſcimus ex herbis, ex fœno, ex floribus agri,",diſcimus ex herbis ex fœno ex floribus agri,discimus ex herbis ex foeno ex floribus agri
526022,body,193,0,True,[27],"Noſtra quod inconſtans vita ſit, immò brevis.",noſtra quod inconſtans vita ſit immò brevis,nostra quod inconstans uita sit immo breuis
526022,body,194,0,True,[27],Etſi nunc rident ſuavi fragrantia odore,etſi nunc rident ſuavi fragrantia odore,etsi nunc rident suaui fragrantia odore
526022,body,195,0,True,[27],"Lilia: diſpereunt, quæ nituere, tamen.",lilia diſpereunt quæ nituere tamen,lilia dispereunt quae nituere tamen
526022,body,196,0,True,[27],"Nunc ancilla redit, præſcindit gramina falce,",nunc ancilla redit præſcindit gramina falce,nunc ancilla redit praescindit gramina falce
526022,body,197,0,True,[27],Medica te cophinos baiulat inde graves.,medica te cophinos baiulat inde graves,medica te cophinos baiulat inde graues
526022,body,198,0,True,[27],"Nunc ſine lege roſas puerorum examina carpunt,",nunc ſine lege roſas puerorum examina carpunt,nunc sine lege rosas puerorum examina carpunt
526022,body,199,0,True,[27],"Nunc ſe paſcit equus, prataꝙ́ tondet ovis.",nunc ſe paſcit equus prataꝙ́ tondet ovis,nunc se pascit equus prataquod tondet ouis
526022,body,200,0,True,[27],Nunc eadem vario depicta colore metentes,nunc eadem vario depicta colore metentes,nunc eadem uario depicta colore metentes
526022,body,201,0,True,[27],"Adſunt: ô ſors hæc, floſcule blande, tua?",adſunt ô ſors hæc floſcule blande tua,adsunt o sors haec floscule blande tua
526022,body,202,0,True,[27],Reſpondet: ſi vos naturæ ſolvitis omnes,reſpondet ſi vos naturæ ſolvitis omnes,respondet si uos naturae soluitis omnes
526022,body,203,0,True,[27],"Debita, quîs ratio, tunc magis ipſe cado.",debita quîs ratio tunc magis ipſe cado,debita quis ratio tunc magis ipse cado
526022,body,204,0,True,[27],"Sum nil, immò nihil mundo pereunte futurus,",sum nil immò nihil mundo pereunte futurus,sum nil immo nihil mundo pereunte futurus
526022,body,205,0,True,[27],Tantùm uſum in veſtrum quæꝙ creata ſcio.,tantùm uſum in veſtrum quæꝙ creata ſcio,tantum usum in uestrum quaequod creata scio
526022,body,206,0,True,[27],Rectè: conditio faciesꝙ́ miſerrima noſtra est.,rectè conditio faciesꝙ́ miſerrima noſtra est,recte conditio faciesquod miserrima nostra est
526022,body,207,0,True,[27],Vna ex parte: tribus commemorabo ſtatum.,vna ex parte tribus commemorabo ſtatum,una ex parte tribus commemorabo statum
526022,body,208,0,True,[27],"Omnis homo fœnum: post mortem gaudia juſtus,",omnis homo fœnum post mortem gaudia juſtus,omnis homo foenum post mortem gaudia iustus
526022,body,209,0,True,[27],"Quamvis in cinerem ſit reſolutus, habet.",quamvis in cinerem ſit reſolutus habet,quamuis in cinerem sit resolutus habet
526022,body,210,0,True,[27],"Omnis homo fœnum: qui nunquam credidit autem,",omnis homo fœnum qui nunquam credidit autem,omnis homo foenum qui nunquam credidit autem
526022,body,211,0,True,[27],Ad Phlegetontæas cogitur ire domos.,ad phlegetontæas cogitur ire domos,ad phlegetontaeas cogitur ire domos
526022,body,212,0,True,[27],"Omnis homo fœnum: non craſtina tempora jactet,",omnis homo fœnum non craſtina tempora jactet,omnis homo foenum non crastina tempora iactet
526022,body,213,0,True,[27],Neſcit enim veſper quid tenebroſe vehas.,neſcit enim veſper quid tenebroſe vehas,nescit enim uesper quid tenebrose uehas
526022,body,214,0,True,[27],Omnis homo fœnum: mors est certißima certè:,omnis homo fœnum mors est certißima certè,omnis homo foenum mors est certissima certe
526022,body,215,0,True,[27],"At quando pulſet limina, quemꝙ́ latet,",at quando pulſet limina quemꝙ́ latet,at quando pulset limina quemquod latet
526022,body,216,0,True,[28],"Omnis homo fœnum: toto mors imperat anno,",omnis homo fœnum toto mors imperat anno,omnis homo foenum toto mors imperat anno
526022,body,217,0,True,[28],"Torrida ſive æſtas, ſive December erit.",torrida ſive æſtas ſive december erit,torrida siue aestas siue december erit
526022,body,218,0,True,[28],"Omnis homo fœnum: vaccarum tergora nam quot,",omnis homo fœnum vaccarum tergora nam quot,omnis homo foenum uaccarum tergora nam quot
526022,body,219,0,True,[28],Tot vitulûm pelles cerdo opulentus emit.,tot vitulûm pelles cerdo opulentus emit,tot uitulum pelles cerdo opulentus emit
526022,body,220,0,True,[28],Omnis homo fœnum: cui mors aſperrima parcit?,omnis homo fœnum cui mors aſperrima parcit,omnis homo foenum cui mors asperrima parcit
526022,body,221,0,True,[28],"Tàm rapit infantes, quàm capit illa ſenes.",tàm rapit infantes quàm capit illa ſenes,tam rapit infantes quam capit illa senes
526022,body,222,0,True,[28],Omnis homo fœnum: quid mundus? quidue triumphus?,omnis homo fœnum quid mundus quidue triumphus,omnis homo foenum quid mundus quidue triumphus
526022,body,223,0,True,[28],Gloria quid? faſtus? nobilitaſꝙ́ valet?,gloria quid faſtus nobilitaſꝙ́ valet,gloria quid fastus nobilitasquod ualet
526022,body,224,0,True,[28],Omnis homo fœnum: non ergò ſuperbiat ullus:,omnis homo fœnum non ergò ſuperbiat ullus,omnis homo foenum non ergo superbiat ullus
526022,body,225,0,True,[28],Eſtis poſt obitum dives inopſꝙ́ pares.,eſtis poſt obitum dives inopſꝙ́ pares,estis post obitum diues inopsquod pares
526022,body,226,0,True,[28],"Omnis homo fœnum qui jam ſibi ſtare videtur,",omnis homo fœnum qui jam ſibi ſtare videtur,omnis homo foenum qui iam sibi stare uidetur
526022,body,227,0,True,[28],"Et florere etiam, quàm jacet ille citò?",et florere etiam quàm jacet ille citò,et florere etiam quam iacet ille cito
526022,body,228,0,True,[28],Omnis homo fœnum: quis enim ſic farier audet?,omnis homo fœnum quis enim ſic farier audet,omnis homo foenum quis enim sic farier audet
526022,body,229,0,True,[28],"Cras hoc expediam, cras & abibo procul.",cras hoc expediam cras & abibo procul,cras hoc expediam cras et abibo procul
526022,body,230,0,True,[28],Omnis homo fœnum: cui non exponitur Auſtro?,omnis homo fœnum cui non exponitur auſtro,omnis homo foenum cui non exponitur austro
526022,body,231,0,True,[28],Sæpius heu Boreas pugnat ab axe mihi.,sæpius heu boreas pugnat ab axe mihi,saepius heu boreas pugnat ab axe mihi
526022,body,232,0,True,[28],Omnis homo fœnum: ſed quis conſiderat illud?,omnis homo fœnum ſed quis conſiderat illud,omnis homo foenum sed quis considerat illud
526022,body,233,0,True,[28],Nemo hominum meminit nos aliquando mori.,nemo hominum meminit nos aliquando mori,nemo hominum meminit nos aliquando mori
526022,body,234,0,True,[28],"Morbi infiniti quòd ſint, circumſpice ſaltem,",morbi infiniti quòd ſint circumſpice ſaltem,morbi infiniti quod sint circumspice saltem
526022,body,235,0,True,[28],Et te mort alem ex ceſpite diſce levi.,et te mort alem ex ceſpite diſce levi,et te mort alem ex cespite disce leui
526022,body,236,0,True,[28],"Hoc, hoc perpendit Macedo Rex iſte, miniſtro",hoc hoc perpendit macedo rex iſte miniſtro,hoc hoc perpendit macedo rex iste ministro
526022,body,237,0,True,[28],Manè exclamante: ô tute Philippe es homo.,manè exclamante ô tute philippe es homo,mane exclamante o tute philippe es homo
526022,body,238,0,True,[28],"Præterea vixit lethi memor ille Ioſephus,",præterea vixit lethi memor ille ioſephus,praeterea uixit lethi memor ille iosephus
526022,body,239,0,True,[28],Condiderat tumuli dum monumenta ſui.,condiderat tumuli dum monumenta ſui,condiderat tumuli dum monumenta sui
526022,body,240,0,True,[28],Mortuus omnis ait gelidæ mandandus arenæ:,mortuus omnis ait gelidæ mandandus arenæ,mortuus omnis ait gelidae mandandus arenae
526022,body,241,0,True,[28],"Fata hodiè ſubij, cras ſubeunda tibi.",fata hodiè ſubij cras ſubeunda tibi,fata hodie subii cras subeunda tibi
526022,body,242,0,True,[28],"Omnis homo fœnum, Rex, Cæſar, Duxꝙ́ Comeſꝙ́,",omnis homo fœnum rex cæſar duxꝙ́ comeſꝙ́,omnis homo foenum rex caesar duxquod comesquod
526022,body,243,0,True,[28],"Doctus & indoctus, cum pueroꝙ́ ſenex.",doctus & indoctus cum pueroꝙ́ ſenex,doctus et indoctus cum pueroquod senex
526022,body,244,0,True,[28],"Ab ſolvi paucis: est experientia teſtis,",ab ſolvi paucis est experientia teſtis,ab solui paucis est experientia testis
526022,body,245,0,True,[28],"Clare vir, exemplum nataq́ue dulcis adeſt.",clare vir exemplum nataq́ue dulcis adeſt,clare uir exemplum nataque dulcis adest
526022,body,246,0,True,[28],"Ante dies aliquot vegetam procedere vidi,",ante dies aliquot vegetam procedere vidi,ante dies aliquot uegetam procedere uidi
526022,body,247,0,True,[28],Cum noſtro Eccardo tùm placido ore loqui.,cum noſtro eccardo tùm placido ore loqui,cum nostro eccardo tum placido ore loqui
526022,body,248,0,True,[28],Intra heu octiduum varis correpta malignis,intra heu octiduum varis correpta malignis,intra heu octiduum uaris correpta malignis
526022,body,249,0,True,[28],Funus fit miſerum & contumulatur humo.,funus fit miſerum & contumulatur humo,funus fit miserum et contumulatur humo
526022,body,250,0,True,[28],"Hoc caſu audito, ſi pectora mœſta fuerunt",hoc caſu audito ſi pectora mœſta fuerunt,hoc casu audito si pectora moesta fuerunt
526022,body,251,0,True,[28],"Vnquam, ſic dixi, jam fore mœſta puto.",vnquam ſic dixi jam fore mœſta puto,unquam sic dixi iam fore moesta puto
526022,body,252,0,True,[29],Vxori dixi: num quid mea ſomnia falſa?,vxori dixi num quid mea ſomnia falſa,uxori dixi num quid mea somnia falsa
526022,body,253,0,True,[29],"Hora hodiè prima funebris actus erit,",hora hodiè prima funebris actus erit,hora hodie prima funebris actus erit
526022,body,254,0,True,[29],"Vxori pridem, hæc longæva puellula, dixi,",vxori pridem hæc longæva puellula dixi,uxori pridem haec longaeua puellula dixi
526022,body,255,0,True,[29],"Vix erit, & modium ſumet in orbe ſalis.",vix erit & modium ſumet in orbe ſalis,uix erit et modium sumet in orbe salis
526022,body,256,0,True,[29],Vxori dixi: ſuccumbunt optima primùm:,vxori dixi ſuccumbunt optima primùm,uxori dixi succumbunt optima primum
526022,body,257,0,True,[29],"Ipſos ipſe DEVS, quos adamamus, amat.",ipſos ipſe devs quos adamamus amat,ipsos ipse deus quos adamamus amat
526022,body,258,0,True,[29],"Olim ſi qua fuit laudata Rebeccula pulchra,",olim ſi qua fuit laudata rebeccula pulchra,olim si qua fuit laudata rebeccula pulchra
526022,body,259,0,True,[29],"Laudetur, tetricâ hæc rapta puella nece.",laudetur tetricâ hæc rapta puella nece,laudetur tetrica haec rapta puella nece
526022,body,260,0,True,[29],"Ærario dare enim, ſed conditione, florenos",ærario dare enim ſed conditione florenos,aerario dare enim sed conditione florenos
526022,body,261,0,True,[29],"Promiſit, fuerit ſi modò ſalva, decem.",promiſit fuerit ſi modò ſalva decem,promisit fuerit si modo salua decem
526022,body,262,0,True,[29],Quîs pater (est voti compos non facta petiti),quîs pater est voti compos non facta petiti,quis pater est uoti compos non facta petiti
526022,body,263,0,True,[29],"Diſponens, aliter dat tibi, tyro, frui.",diſponens aliter dat tibi tyro frui,disponens aliter dat tibi tyro frui
526022,body,264,0,True,[29],Sic mos in patria: pubes ſtudioſa monetam,sic mos in patria pubes ſtudioſa monetam,sic mos in patria pubes studiosa monetam
526022,body,265,0,True,[29],"Accipit, aut panes ſæpè ſiligineos.",accipit aut panes ſæpè ſiligineos,accipit aut panes saepe siligineos
526022,body,266,0,True,[29],Ingrati nihil Alſatici cantoribus horum,ingrati nihil alſatici cantoribus horum,ingrati nihil alsatici cantoribus horum
526022,body,267,0,True,[29],"Diſtribuunt, quoties itur ad exequias.",diſtribuunt quoties itur ad exequias,distribuunt quoties itur ad exequias
526022,body,268,0,True,[29],"Seruaſſe hos nummos potuiſſet jure, monentis",seruaſſe hos nummos potuiſſet jure monentis,seruasse hos nummos potuisset iure monentis
526022,body,269,0,True,[29],Arca licet natæ ſuppeditârit eos.,arca licet natæ ſuppeditârit eos,arca licet natae suppeditarit eos
526022,body,270,0,True,[29],"Sed pietas tanta est & munificentia patris,",sed pietas tanta est & munificentia patris,sed pietas tanta est et munificentia patris
526022,body,271,0,True,[29],"Largiriut potius, quàm retinere velit.",largiriut potius quàm retinere velit,largiriut potius quam retinere uelit
526022,body,272,0,True,[29],"Grex agit Aonius grates, celebratꝙ́ benignam,",grex agit aonius grates celebratꝙ́ benignam,grex agit aonius grates celebratquod benignam
526022,body,273,0,True,[29],Est celebraturus tempus in omne manum.,est celebraturus tempus in omne manum,est celebraturus tempus in omne manum
526022,body,274,0,True,[29],"Olim ſiqua fuit laudata Rebeccula pulchra,",olim ſiqua fuit laudata rebeccula pulchra,olim siqua fuit laudata rebeccula pulchra
526022,body,275,0,True,[29],Laudetur tetricâ hæc rapta puella nece.,laudetur tetricâ hæc rapta puella nece,laudetur tetrica haec rapta puella nece
526022,body,276,0,True,[29],"Et non immeritò: tenuit microbiblia ad unguem,",et non immeritò tenuit microbiblia ad unguem,et non immerito tenuit microbiblia ad unguem
526022,body,277,0,True,[29],"Dein tabulas ὄικου, dive Luthere, tuas,",dein tabulas ὄικου dive luthere tuas,dein tabulas diue luthere tuas
526022,body,278,0,True,[29],Pſalmographi vatis quot Pſalmos? dictaꝙ novit,pſalmographi vatis quot pſalmos dictaꝙ novit,psalmographi uatis quot psalmos dictaquod nouit
526022,body,279,0,True,[29],Scripturæ? exhalans quot recitavit ea?,scripturæ exhalans quot recitavit ea,scripturae exhalans quot recitauit ea
526022,body,280,0,True,[29],"Inde ſuos miro dilexit amore parentes,",inde ſuos miro dilexit amore parentes,inde suos miro dilexit amore parentes
526022,body,281,0,True,[29],Inde est paſtores & venerata pios.,inde est paſtores & venerata pios,inde est pastores et uenerata pios
526022,body,282,0,True,[29],Felicem cui non lucem noctemꝙ́ beatam,felicem cui non lucem noctemꝙ́ beatam,felicem cui non lucem noctemquod beatam
526022,body,283,0,True,[29],"Optavit? frons, os, cor tumuêre nihil.",optavit frons os cor tumuêre nihil,optauit frons os cor tumuere nihil
526022,body,284,0,True,[29],"Verba fuere jocis ſalibuſꝙ́ leporeꝙ́ mixta,",verba fuere jocis ſalibuſꝙ́ leporeꝙ́ mixta,uerba fuere iocis salibusquod leporequod mixta
526022,body,285,0,True,[29],Nec facunda magis viſa puella mihi.,nec facunda magis viſa puella mihi,nec facunda magis uisa puella mihi
526022,body,286,0,True,[29],"Illius inceſſum, geſtumꝙ́ habitumꝙ́ probarunt",illius inceſſum geſtumꝙ́ habitumꝙ́ probarunt,illius incessum gestumquod habitumquod probarunt
526022,body,287,0,True,[29],"Cives, nec mores non placuere boni.",cives nec mores non placuere boni,ciues nec mores non placuere boni
526022,body,288,0,True,[30],"Prudens & ſapiens, proba, tùm (mirabile dictu)",prudens & ſapiens proba tùm mirabile dictu,prudens et sapiens proba tum mirabile dictu
526022,body,289,0,True,[30],Annorum bis ſex ingenioſa fuit.,annorum bis ſex ingenioſa fuit,annorum bis sex ingeniosa fuit
526022,body,290,0,True,[30],"De puero (puer hic quid erit?) memorâre Ioanne,",de puero puer hic quid erit memorâre ioanne,de puero puer hic quid erit memorare ioanne
526022,body,291,0,True,[30],De nata hac quis non commemoravit idem?,de nata hac quis non commemoravit idem,de nata hac quis non commemorauit idem
526022,body,292,0,True,[30],"Ætate accrevit, ſapientia, amore Tonantis",ætate accrevit ſapientia amore tonantis,aetate accreuit sapientia amore tonantis
526022,body,293,0,True,[30],"Atꝙ hominum, ſicut Filius ipſe. DEI.",atꝙ hominum ſicut filius ipſe dei,atquod hominum sicut filius ipse dei
526022,body,294,0,True,[30],"Olim ſiqua fuit laudata Rebeccula pulchra,",olim ſiqua fuit laudata rebeccula pulchra,olim siqua fuit laudata rebeccula pulchra
526022,body,295,0,True,[30],Laudetur tetricâ hæc rapta puella nece.,laudetur tetricâ hæc rapta puella nece,laudetur tetrica haec rapta puella nece
526022,body,296,0,True,[30],"Magne vir, hæc repetens refrico num vulnera ſæva?",magne vir hæc repetens refrico num vulnera ſæva,magne uir haec repetens refrico num uulnera saeua
526022,body,297,0,True,[30],His ſint majora an vulnera vulneribus?,his ſint majora an vulnera vulneribus,his sint maiora an uulnera uulneribus
526022,body,298,0,True,[30],"Sex tibi erant nati, quinꝙ abſtulit invida Parca:",sex tibi erant nati quinꝙ abſtulit invida parca,sex tibi erant nati quinquod abstulit inuida parca
526022,body,299,0,True,[30],Caſparus vivit: vivat ut ipſe precor.,caſparus vivit vivat ut ipſe precor,casparus uiuit uiuat ut ipse precor
526022,body,300,0,True,[30],"Quando parens multis est prolibus auctus, & una",quando parens multis est prolibus auctus & una,quando parens multis est prolibus auctus et una
526022,body,301,0,True,[30],"Ex his expirat, plangere nonne ſolet?",ex his expirat plangere nonne ſolet,ex his expirat plangere nonne solet
526022,body,302,0,True,[30],Tu quantò magis es mœrore gravatus & uxor?,tu quantò magis es mœrore gravatus & uxor,tu quanto magis es moerore grauatus et uxor
526022,body,303,0,True,[30],"Vnica dum ſoboles curſitat ante lares,",vnica dum ſoboles curſitat ante lares,unica dum soboles cursitat ante lares
526022,body,304,0,True,[30],Quàm facile hæc poſſet moriens langueſcere? quæſo,quàm facile hæc poſſet moriens langueſcere quæſo,quam facile haec posset moriens languescere quaeso
526022,body,305,0,True,[30],Ignoſcas: ſiquidem pulvis & umbra ſumus.,ignoſcas ſiquidem pulvis & umbra ſumus,ignoscas siquidem puluis et umbra sumus
526022,body,306,0,True,[30],"De filo pendet nobis & vita capillo,",de filo pendet nobis & vita capillo,de filo pendet nobis et uita capillo
526022,body,307,0,True,[30],"Noſti, pertenui, nec diuturna manet.",noſti pertenui nec diuturna manet,nosti pertenui nec diuturna manet
526022,body,308,0,True,[30],"Triſtitia gravidum me nunc lenire decebat,",triſtitia gravidum me nunc lenire decebat,tristitia grauidum me nunc lenire decebat
526022,body,309,0,True,[30],Tu ſed es erectus molliter ante ſatis.,tu ſed es erectus molliter ante ſatis,tu sed es erectus molliter ante satis
526022,body,310,0,True,[30],"Hartmann Oeſtringer, præbens ſolatia doctè",hartmann oeſtringer præbens ſolatia doctè,hartmann oestringer praebens solatia docte
526022,body,311,0,True,[30],"Illuſtris Comitis nomine, doctus adest.",illuſtris comitis nomine doctus adest,illustris comitis nomine doctus adest
526022,body,312,0,True,[30],"Chriſtophorus ſequitur vir nobilitate celebris,",chriſtophorus ſequitur vir nobilitate celebris,christophorus sequitur uir nobilitate celebris
526022,body,313,0,True,[30],"Grempius, alloquio te relevatꝙ ſuo.",grempius alloquio te relevatꝙ ſuo,grempius alloquio te releuatquod suo
526022,body,314,0,True,[30],"Tertius est VVeſterfeldus doctißimus, ille",tertius est vveſterfeldus doctißimus ille,tertius est uuesterfeldus doctissimus ille
526022,body,315,0,True,[30],Privatim facit & verba diſerta palàm.,privatim facit & verba diſerta palàm,priuatim facit et uerba diserta palam
526022,body,316,0,True,[30],"Adproperant fratres, venerandi ex ordine multi:",adproperant fratres venerandi ex ordine multi,adproperant fratres uenerandi ex ordine multi
526022,body,317,0,True,[30],Si vis. illorum nomina Muſa dabit.,si vis illorum nomina muſa dabit,si uis illorum nomina musa dabit
526022,body,318,0,True,[30],"Bitſchius affinis, Ritter, Schreierus, Ecardus,",bitſchius affinis ritter schreierus ecardus,bitschius affinis ritter schreierus ecardus
526022,body,319,0,True,[30],"Piſcator, Roſa, Schell, Uraniuſq́; meus.",piſcator roſa schell uraniuſq́ meus,piscator rosa schell uraniusq meus
526022,body,320,0,True,[30],"Accedunt triſtes ſicꝙ́ aiunt: deſine flere,",accedunt triſtes ſicꝙ́ aiunt deſine flere,accedunt tristes sicquod aiunt desine flere
526022,body,321,0,True,[30],"Quod factum est, fecit, qui regit aſtra, DEVS.",quod factum est fecit qui regit aſtra devs,quod factum est fecit qui regit astra deus
526022,body,322,0,True,[30],"De reliquis, curas ut ſolvas pectore edaces",de reliquis curas ut ſolvas pectore edaces,de reliquis curas ut soluas pectore edaces
526022,body,323,0,True,[30],"Qui rogitant, nihil hoc amplius addo loco.",qui rogitant nihil hoc amplius addo loco,qui rogitant nihil hoc amplius addo loco
526022,body,324,0,True,[31],"Ex animis totidem credentum vota profecta,",ex animis totidem credentum vota profecta,ex animis totidem credentum uota profecta
526022,body,325,0,True,[31],"Crede, apud æthereum ſunt valitura patrem.",crede apud æthereum ſunt valitura patrem,crede apud aethereum sunt ualitura patrem
526022,body,326,0,True,[31],Quîs adiungo preces natorum & coniugis omnes,quîs adiungo preces natorum & coniugis omnes,quis adiungo preces natorum et coniugis omnes
526022,body,327,0,True,[31],Hi tibi pro luctu læta precantur: Amen.,hi tibi pro luctu læta precantur amen,hi tibi pro luctu laeta precantur amen
526022,body,328,0,True,[31],In pratis hæc ſunt effuſa ſub arbore celſa:,in pratis hæc ſunt effuſa ſub arbore celſa,in pratis haec sunt effusa sub arbore celsa
526022,body,329,0,True,[31],"Furcilla interdum, non calamo uſus ego.",furcilla interdum non calamo uſus ego,furcilla interdum non calamo usus ego
526022,body,330,0,True,[31],"Et niſi veniſſet cœlo ingens agmen aquarum,",et niſi veniſſet cœlo ingens agmen aquarum,et nisi uenisset coelo ingens agmen aquarum
526022,body,331,0,True,[31],Scripſiſſem longè his egregiora metra.,scripſiſſem longè his egregiora metra,scripsissem longe his egregiora metra
526022,body,332,0,True,[31],"Qualiacunꝙ tamen ſunt, patrone accipe amande,",qualiacunꝙ tamen ſunt patrone accipe amande,qualiacunquod tamen sunt patrone accipe amande
526022,body,333,0,True,[31],Paruà nec ingenij munera ſperne mei.,paruà nec ingenij munera ſperne mei,parua nec ingenii munera sperne mei
526022,body,334,0,True,[31],Ex Oeſtringeri celebrati limine prodit,ex oeſtringeri celebrati limine prodit,ex oestringeri celebrati limine prodit
526022,body,335,0,True,[31],Carmen: id arridens te juvet idꝙ́ legas.,carmen id arridens te juvet idꝙ́ legas,carmen id arridens te iuuet idquod legas
526022,body,336,0,True,[31],"Exarabat tumultuariè VVigandus Dauchſtein Ketterneſpachenſis, Paſtor in Imbsheim emeritus.",exarabat tumultuariè vvigandus dauchſtein ketterneſpachenſis paſtor in imbsheim emeritus,exarabat tumultuarie uuigandus dauchstein ketternespachensis pastor in imbsheim emeritus
526022,body,337,0,False,[31],Ein anders ejuſdem Authoris.,ein anders ejuſdem authoris,ein anders eiusdem authoris
526022,body,337,1,True,[31],Daß verſtorbene Toͤchterlein redet ſelbſt auff folgende weiß.,daß verſtorbene toͤchterlein redet ſelbſt auff folgende weiß,dass uerstorbene tochterlein redet selbst auff folgende weiss
526022,body,338,0,True,[31],JA freylich iſt eine lange zeit,ja freylich iſt eine lange zeit,ia freylich ist eine lange zeit
526022,body,339,0,True,[31],Bey mir geweſen kleine Frewd.,bey mir geweſen kleine frewd,bey mir gewesen kleine frewd
526022,body,340,0,True,[31],Dann wo ich gſeſſen oder gangn/,dann wo ich gſeſſen oder gangn,dann wo ich gsessen oder gangn
526022,body,341,0,True,[31],Waren voll waſſers meine Wangn.,waren voll waſſers meine wangn,waren uoll wassers meine wangn
526022,body,342,0,True,[31],Daher mein guldnes Muͤterlein,daher mein guldnes muͤterlein,daher mein guldnes muterlein
526022,body,343,0,True,[31],Begert von mir zu wiſſen fein/,begert von mir zu wiſſen fein,begert uon mir zu wissen fein
526022,body,344,0,True,[31],Warumb ich weinte alſo ſehr/,warumb ich weinte alſo ſehr,warumb ich weinte also sehr
526022,body,345,0,True,[31],Vnd daſſelb je lenger je mehr.,vnd daſſelb je lenger je mehr,und dasselb ie lenger ie mehr
526022,body,346,0,True,[31],Dann ſie ſprach: waß iſt dir geſchehn,dann ſie ſprach waß iſt dir geſchehn,dann sie sprach wass ist dir geschehn
526022,body,347,0,True,[31],Du Naͤrlein? ich habs langſt geſehn/,du naͤrlein ich habs langſt geſehn,du narlein ich habs langst gesehn
526022,body,348,0,True,[31],Wie das nit recht dir iſt zu ſinn/,wie das nit recht dir iſt zu ſinn,wie das nit recht dir ist zu sinn
526022,body,349,0,True,[31],Du biſt nit froͤlich/ wie vorhin.,du biſt nit froͤlich wie vorhin,du bist nit frolich wie uorhin
526022,body,350,0,True,[31],Jch ſchwiege ſtill vnd thet gleichſam/,jch ſchwiege ſtill vnd thet gleichſam,ich schwiege still und thet gleichsam
526022,body,351,0,True,[31],Als gieng mich dieſe red nichts an.,als gieng mich dieſe red nichts an,als gieng mich diese red nichts an
526022,body,352,0,True,[31],Vrſach: wann ichs hett jhr erzehlt/,vrſach wann ichs hett jhr erzehlt,ursach wann ichs hett ihr erzehlt
526022,body,353,0,True,[31],O mein Gott/ wie hett ſie ſich quelt.,o mein gott wie hett ſie ſich quelt,o mein gott wie hett sie sich quelt
526022,body,354,0,True,[31],Dann ich war ein liebs Toͤchterlein/,dann ich war ein liebs toͤchterlein,dann ich war ein liebs tochterlein
526022,body,355,0,True,[31],Vnd hatte nur ein Bruͤderlein/,vnd hatte nur ein bruͤderlein,und hatte nur ein bruderlein
526022,body,356,0,True,[32],Nun ſag ichs/ darzu in einr Summ/,nun ſag ichs darzu in einr summ,nun sag ichs darzu in einr summ
526022,body,357,0,True,[32],Mit Todts gedancken gieng ich vmb/,mit todts gedancken gieng ich vmb,mit todts gedancken gieng ich umb
526022,body,358,0,True,[32],Einmal bey mir befand ſo viel/,einmal bey mir befand ſo viel,einmal bey mir befand so uiel
526022,body,359,0,True,[32],Daß herzu ruckt meins Lebens ziel/,daß herzu ruckt meins lebens ziel,dass herzu ruckt meins lebens ziel
526022,body,360,0,True,[32],Vnd wann daſſelbe kaͤm herbey,vnd wann daſſelbe kaͤm herbey,und wann dasselbe kam herbey
526022,body,361,0,True,[32],Hilffe auff Erd kein Artzeney/,hilffe auff erd kein artzeney,hilffe auff erd kein artzeney
526022,body,362,0,True,[32],Der Menſch ſey Jung/ oder ſey Alt/,der menſch ſey jung oder ſey alt,der mensch sey iung oder sey alt
526022,body,363,0,True,[32],So wuͤrg jhn der Todt mit gewalt.,so wuͤrg jhn der todt mit gewalt,so wurg ihn der todt mit gewalt
526022,body,364,0,True,[32],Ob wir ſchon haben fuͤr vns ſtehn,ob wir ſchon haben fuͤr vns ſtehn,ob wir schon haben fur uns stehn
526022,body,365,0,True,[32],Die Bluͤmlein/ welche bald vergehn/,die bluͤmlein welche bald vergehn,die blumlein welche bald uergehn
526022,body,366,0,True,[32],Ja neben vielen Leychen ſein,ja neben vielen leychen ſein,ia neben uielen leychen sein
526022,body,367,0,True,[32],Zu Schulmeiſtern verordnet fein:,zu schulmeiſtern verordnet fein,zu schulmeistern uerordnet fein
526022,body,368,0,True,[32],Jedoch wird druͤber ſtracks geſchnelt/,jedoch wird druͤber ſtracks geſchnelt,iedoch wird druber stracks geschnelt
526022,body,369,0,True,[32],Biß vns zu letzt der Todt anfelt.,biß vns zu letzt der todt anfelt,biss uns zu letzt der todt anfelt
526022,body,370,0,True,[32],Was ich gedacht hab jmmerdar/,was ich gedacht hab jmmerdar,was ich gedacht hab immerdar
526022,body,371,0,True,[32],Sieh das iſt endtlich worden war.,sieh das iſt endtlich worden war,sieh das ist endtlich worden war
526022,body,372,0,True,[32],Die Parplen boͤß/ vnd mehr als boͤß/,die parplen boͤß vnd mehr als boͤß,die parplen boss und mehr als boss
526022,body,373,0,True,[32],Han meim jung Hertzn gethan die ſtoͤß.,han meim jung hertzn gethan die ſtoͤß,han meim iung hertzn gethan die stoss
526022,body,374,0,True,[32],Drumb jhr Geſpielen in gemein,drumb jhr geſpielen in gemein,drumb ihr gespielen in gemein
526022,body,375,0,True,[32],Jhr ſeid Reich/ Arm/ Groß oder Klein/,jhr ſeid reich arm groß oder klein,ihr seid reich arm gross oder klein
526022,body,376,0,True,[32],Lernt von mir/ das fuͤrs Todts gewalt,lernt von mir das fuͤrs todts gewalt,lernt uon mir das furs todts gewalt
526022,body,377,0,True,[32],Kein Jugend helff noch ſchoͤn geſtalt.,kein jugend helff noch ſchoͤn geſtalt,kein iugend helff noch schon gestalt
526022,body,378,0,True,[32],Dann zum Marckt/ wißt jhr/ tregt man Heut,dann zum marckt wißt jhr tregt man heut,dann zum marckt wisst ihr tregt man heut
526022,body,379,0,True,[32],Ebn ſo viel Kaͤlbern als Kuͤhaͤut.,ebn ſo viel kaͤlbern als kuͤhaͤut,ebn so uiel kalbern als kuhaut
526022,body,380,0,True,[32],Fuͤrs ander ſo lernt von dem Graß/,fuͤrs ander ſo lernt von dem graß,furs ander so lernt uon dem grass
526022,body,381,0,True,[32],Daß euch kan widerfahren das/,daß euch kan widerfahren das,dass euch kan widerfahren das
526022,body,382,0,True,[32],Was mir begegnet zu der ſtund:,was mir begegnet zu der ſtund,was mir begegnet zu der stund
526022,body,383,0,True,[32],Doch Gott woͤll euch all ſparn geſundt.,doch gott woͤll euch all ſparn geſundt,doch gott woll euch all sparn gesundt
526022,body,384,0,True,[32],Jch leb bey Gott in ſeinem Schoß/,jch leb bey gott in ſeinem schoß,ich leb bey gott in seinem schoss
526022,body,385,0,True,[32],Vnd frolocke vber die Maß/,vnd frolocke vber die maß,und frolocke uber die mass
526022,body,386,0,True,[32],Singe mit allen Englein fein:,singe mit allen englein fein,singe mit allen englein fein
526022,body,387,0,True,[32],Heylig heylig iſt Gott allein.,heylig heylig iſt gott allein,heylig heylig ist gott allein
526022,body,388,0,True,[32],Fuͤrs dritt/ hab ich an euch ein bitt/,fuͤrs dritt hab ich an euch ein bitt,furs dritt hab ich an euch ein bitt
526022,body,389,0,True,[32],Die woͤllet mir verſagen nit.,die woͤllet mir verſagen nit,die wollet mir uersagen nit
526022,body,390,0,True,[32],Mein hertzliebſt Eltern allebeyd/,mein hertzliebſt eltern allebeyd,mein hertzliebst eltern allebeyd
526022,body,391,0,True,[32],Welch jetzt ſtecken in groſſem Leyd/,welch jetzt ſtecken in groſſem leyd,welch ietzt stecken in grossem leyd
526022,body,392,0,True,[33],Helffet troͤſten nach Pauli Lehr/,helffet troͤſten nach pauli lehr,helffet trosten nach pauli lehr
526022,body,393,0,True,[33],Damit ſie nicht weinen zu ſehr.,damit ſie nicht weinen zu ſehr,damit sie nicht weinen zu sehr
526022,body,394,0,True,[33],Sintemal Gott jhm laßt gefalln,sintemal gott jhm laßt gefalln,sintemal gott ihm lasst gefalln
526022,body,395,0,True,[33],Der Vnmuͤndigen Kinder Lalln.,der vnmuͤndigen kinder lalln,der unmundigen kinder lalln
526022,body,396,0,True,[33],Vnd wiewol ſie meiner beraubt/,vnd wiewol ſie meiner beraubt,und wiewol sie meiner beraubt
526022,body,397,0,True,[33],Jedoch die zeit herummer laufft/,jedoch die zeit herummer laufft,iedoch die zeit herummer laufft
526022,body,398,0,True,[33],Da ich werd in Ewiger Freud,da ich werd in ewiger freud,da ich werd in ewiger freud
526022,body,399,0,True,[33],Geſtellet werden an jhr ſeyt.,geſtellet werden an jhr ſeyt,gestellet werden an ihr seyt
526022,body,400,0,True,[33],Wie Maria jhrn lieben Sohn,wie maria jhrn lieben sohn,wie maria ihrn lieben sohn
526022,body,401,0,True,[33],Jm Tempel hat getroffen an:,jm tempel hat getroffen an,im tempel hat getroffen an
526022,body,402,0,True,[33],So gwiß mich werden wider ſehn,so gwiß mich werden wider ſehn,so gwiss mich werden wider sehn
526022,body,403,0,True,[33],Jm Him̃liſchen Jeruſalem,jm him̃liſchen jeruſalem,im himmlischen ierusalem
526022,body,404,0,True,[33],Meine Eltern/ die mich geliebt/,meine eltern die mich geliebt,meine eltern die mich geliebt
526022,body,405,0,True,[33],Abr jetzt vmb meinet willn betruͤbt/,abr jetzt vmb meinet willn betruͤbt,abr ietzt umb meinet willn betrubt
526022,body,406,0,True,[33],Eia/ Eia weren ſie da,eia eia weren ſie da,eia eia weren sie da
526022,body,407,0,True,[33],Bey mir in Regis Curia,bey mir in regis curia,bey mir in regis curia
526022,body,408,0,True,[33],Sie haben noch ein Caſparlein/,sie haben noch ein caſparlein,sie haben noch ein casparlein
526022,body,409,0,True,[33],Das wird jhnen gehorſam ſein/,das wird jhnen gehorſam ſein,das wird ihnen gehorsam sein
526022,body,410,0,True,[33],Vnd folgen/ wie dann ich jhn bitt/,vnd folgen wie dann ich jhn bitt,und folgen wie dann ich ihn bitt
526022,body,411,0,True,[33],Daß Er jhr Lehr verachte nit.,daß er jhr lehr verachte nit,dass er ihr lehr uerachte nit
526022,body,412,0,True,[33],So werden ſie zu ſeiner zeit,so werden ſie zu ſeiner zeit,so werden sie zu seiner zeit
526022,body,413,0,True,[33],An jhm erleben Ehr vnd Freud.,an jhm erleben ehr vnd freud,an ihm erleben ehr und freud
526022,body,414,0,True,[33],Was Gott mein Eltern reichlich gebn/,was gott mein eltern reichlich gebn,was gott mein eltern reichlich gebn
526022,body,415,0,True,[33],Das wird er han nach jhrem Lebn.,das wird er han nach jhrem lebn,das wird er han nach ihrem lebn
526022,body,416,0,True,[33],Mein Gut trag ich mit mir ins Grab/,mein gut trag ich mit mir ins grab,mein gut trag ich mit mir ins grab
526022,body,417,0,True,[33],Ein Leilach vnd darmit ſchabab.,ein leilach vnd darmit ſchabab,ein leilach und darmit schabab
526022,body,418,0,True,[33],Mein Mutter ſprecht ſonderlich an/,mein mutter ſprecht ſonderlich an,mein mutter sprecht sonderlich an
526022,body,419,0,True,[33],Kein Menſch/ foͤrcht ich/ ſie troͤſten kan.,kein menſch foͤrcht ich ſie troͤſten kan,kein mensch forcht ich sie trosten kan
526022,body,420,0,True,[33],Jch war jhr lieb/ ſie hat mich werth/,jch war jhr lieb ſie hat mich werth,ich war ihr lieb sie hat mich werth
526022,body,421,0,True,[33],Von mir auch Kindlich ward geehrt.,von mir auch kindlich ward geehrt,uon mir auch kindlich ward geehrt
526022,body,422,0,True,[33],Jetzund wird jhr das Hauß ſein weit/,jetzund wird jhr das hauß ſein weit,ietzund wird ihr das hauss sein weit
526022,body,423,0,True,[33],O jammer/ O was hertzenleid.,o jammer o was hertzenleid,o iammer o was hertzenleid
526022,body,424,0,True,[33],Fuͤrwar mich dunckt ſie ruffe mir/,fuͤrwar mich dunckt ſie ruffe mir,furwar mich dunckt sie ruffe mir
526022,body,425,0,True,[33],Jch weiß ſie ſchreyet fuͤr vnd fuͤr:,jch weiß ſie ſchreyet fuͤr vnd fuͤr,ich weiss sie schreyet fur und fur
526022,body,426,0,True,[33],EvaRegin/ EvaRegin/,evaregin evaregin,euaregin euaregin
526022,body,427,0,True,[33],Mein Kind wo biſtu kommen hin?,mein kind wo biſtu kommen hin,mein kind wo bistu kommen hin
526022,body,428,0,True,[34],Ach wem will ſie nun etwas ſagn?,ach wem will ſie nun etwas ſagn,ach wem will sie nun etwas sagn
526022,body,429,0,True,[34],Ach wem will ſie nun etwas ſagn?,ach wem will ſie nun etwas ſagn,ach wem will sie nun etwas sagn
526022,body,430,0,True,[34],WAs du Geſpiel vns haſt befohln/,was du geſpiel vns haſt befohln,was du gespiel uns hast befohln
526022,body,431,0,True,[34],Daß woͤllen wir fein widerholn.,daß woͤllen wir fein widerholn,dass wollen wir fein widerholn
526022,body,432,0,True,[34],Gern hetten dich die Leut bey vns/,gern hetten dich die leut bey vns,gern hetten dich die leut bey uns
526022,body,433,0,True,[34],Aber das wuͤnſchen iſt vmb ſunſt.,aber das wuͤnſchen iſt vmb ſunſt,aber das wunschen ist umb sunst
526022,body,434,0,True,[34],Es iſt/ wie offenbar vnd kund/,es iſt wie offenbar vnd kund,es ist wie offenbar und kund
526022,body,435,0,True,[34],Menſch du muſt ſterben/ der alt Bund.,menſch du muſt ſterben der alt bund,mensch du must sterben der alt bund
526022,body,436,0,True,[34],Jſt es geweſſen heut an dir/,jſt es geweſſen heut an dir,ist es gewessen heut an dir
526022,body,437,0,True,[34],Morgen an vns/ das wiſſen wir.,morgen an vns das wiſſen wir,morgen an uns das wissen wir
526022,body,438,0,True,[34],JCh ſag nicht mehr/ nempt ewer acht/,jch ſag nicht mehr nempt ewer acht,ich sag nicht mehr nempt ewer acht
526022,body,439,0,True,[34],Hiemit wuͤnſch ich ein gute Nacht,hiemit wuͤnſch ich ein gute nacht,hiemit wunsch ich ein gute nacht
526022,body,440,0,True,[34],Mein liebſten Eltern/ Fried vnd Frewd/,mein liebſten eltern fried vnd frewd,mein liebsten eltern fried und frewd
526022,body,441,0,True,[34],Langs leben/ beſtendig Gſundheit/,langs leben beſtendig gſundheit,langs leben bestendig gsundheit
526022,body,442,0,True,[34],Meim Bruͤderlein/ allen Verwandtn/,meim bruͤderlein allen verwandtn,meim bruderlein allen uerwandtn
526022,body,443,0,True,[34],Zuforderſt euch vnd vieln Bekandtn.,zuforderſt euch vnd vieln bekandtn,zuforderst euch und uieln bekandtn
526022,body,444,0,True,[34],GEſpiel wann nicht das weinen wer/,geſpiel wann nicht das weinen wer,gespiel wann nicht das weinen wer
526022,body,445,0,True,[34],Wolten wir gern noch reden mehr.,wolten wir gern noch reden mehr,wolten wir gern noch reden mehr
526022,body,446,0,True,[34],Fuͤr heulen bleiben auß die Wort/,fuͤr heulen bleiben auß die wort,fur heulen bleiben auss die wort
526022,body,447,0,True,[34],Scheiden iſts beſt: wir muͤſſen fort.,scheiden iſts beſt wir muͤſſen fort,scheiden ists best wir mussen fort
526022,body,448,0,True,[34],Du faͤhrſt zu Gott in ſeinen Saal/,du faͤhrſt zu gott in ſeinen saal,du fahrst zu gott in seinen saal
526022,body,449,0,True,[34],Vnd laͤſt vns hie im Jammerthal.,vnd laͤſt vns hie im jammerthal,und last uns hie im iammerthal
526022,body,450,0,True,[34],So lang Gott wuͤrd das Leben goͤnnen/,so lang gott wuͤrd das leben goͤnnen,so lang gott wurd das leben gonnen
526022,body,451,0,True,[34],Deiner wir nicht vergeſſen koͤnnen.,deiner wir nicht vergeſſen koͤnnen,deiner wir nicht uergessen konnen
526022,body,452,0,True,[34],NVn hinn/ nun hin jhr Gſpielen mein/,nvn hinn nun hin jhr gſpielen mein,nun hinn nun hin ihr gspielen mein
526022,body,453,0,True,[34],Vnd laſt euchs nicht zu wider ſein/,vnd laſt euchs nicht zu wider ſein,und last euchs nicht zu wider sein
526022,body,454,0,True,[34],Daß ich euch hab gehalten auff/,daß ich euch hab gehalten auff,dass ich euch hab gehalten auff
526022,body,455,0,True,[34],Geht hin vnd beſſert ewren Lauff.,geht hin vnd beſſert ewren lauff,geht hin und bessert ewren lauff
526022,head,456,0,True,[34],ALIUD.,aliud,aliud
526022,body,457,0,True,[34],ESt ita: cuncta caro meruit ſtipendiæ mortés:,est ita cuncta caro meruit ſtipendiæ mortés,est ita cuncta caro meruit stipendiae mortes
526022,body,458,0,True,[34],Ferre jugum lethi cogitur omnis homo.,ferre jugum lethi cogitur omnis homo,ferre iugum lethi cogitur omnis homo
526022,body,459,0,True,[34],Vitali quisnam REGINA hac dignior aurâ?,vitali quisnam regina hac dignior aurâ,uitali quisnam regina hac dignior aura
526022,body,460,0,True,[34],Attamen & mortis falce petita cadit.,attamen & mortis falce petita cadit,attamen et mortis falce petita cadit
526022,body,461,0,True,[34],Ah miſeros lethi vultus! ah lumina torua!,ah miſeros lethi vultus ah lumina torua,ah miseros lethi uultus ah lumina torua
526022,body,462,0,True,[34],Blando quîs nullum reſpicit intuita.,blando quîs nullum reſpicit intuita,blando quis nullum respicit intuita
526022,body,463,0,True,[35],"Relligio longæ ſi prodit tempora vitæ,",relligio longæ ſi prodit tempora vitæ,relligio longae si prodit tempora uitae
526022,body,464,0,True,[35],REGINA quis te? quis pietate prior?,regina quis te quis pietate prior,regina quis te quis pietate prior
526022,body,465,0,True,[35],"En! honor exhibitus patri, ſi promovet annos,",en honor exhibitus patri ſi promovet annos,en honor exhibitus patri si promouet annos
526022,body,466,0,True,[35],Iſthæc Tithonis vivere ſecla queat.,iſthæc tithonis vivere ſecla queat,isthaec tithonis uiuere secla queat
526022,body,467,0,True,[35],"Gratia ſi formæ præbet ſolatia vitæ,",gratia ſi formæ præbet ſolatia vitæ,gratia si formae praebet solatia uitae
526022,body,468,0,True,[35],Te noſſet ſerâ poſteritate nepos.,te noſſet ſerâ poſteritate nepos,te nosset sera posteritate nepos
526022,body,469,0,True,[35],"Iſta DEVS reputans, nihilominus atria cœli",iſta devs reputans nihilominus atria cœli,ista deus reputans nihilominus atria coeli
526022,body,470,0,True,[35],Imperat huic EVÆ viſere morte piâ.,imperat huic evæ viſere morte piâ,imperat huic euae uisere morte pia
526022,body,471,0,True,[35],"NAm diverſa Dei via, nilꝙ ſimillima noſtris.",nam diverſa dei via nilꝙ ſimillima noſtris,nam diuersa dei uia nilquod simillima nostris
526022,body,472,0,True,[35],At læto tandem triſtia fine beat.,at læto tandem triſtia fine beat,at laeto tandem tristia fine beat
526022,body,473,0,True,[35],"Obſervantiæ & mœroris teſtificandi gratiâ appoſirit, M. Jacobus Reuſner Buxouillanus, Scholæq́; patriæ ibidem præceptor ſecundus.",obſervantiæ & mœroris teſtificandi gratiâ appoſirit m jacobus reuſner buxouillanus scholæq́ patriæ ibidem præceptor ſecundus,obseruantiae et moeroris testificandi gratia apposirit m iacobus reusner buxouillanus scholaeq patriae ibidem praeceptor secundus
526022,head,474,0,False,[35],ALIVD.,alivd,aliud
526022,body,474,1,True,[35],EVA REGINAE FABRITIANA STIRPE VIRGO ἀναγραμματικῶσ,eva reginae fabritiana stirpe virgo ἀναγραμματικῶσ,eua reginae fabritiana stirpe uirgo
526022,body,475,0,True,[35],S. Angeli,s angeli,s angeli
526022,body,476,0,True,[35],ALigeri juvenes celsâ de ſede tonantis,aligeri juvenes celsâ de ſede tonantis,aligeri iuuenes celsa de sede tonantis
526022,body,477,0,True,[35],Ad ſumus acturi juſſa benigna Dei.,ad ſumus acturi juſſa benigna dei,ad sumus acturi iussa benigna dei
526022,body,478,0,True,[35],"Nil hinc EVA mali ſubeuntem mitte timoram,",nil hinc eva mali ſubeuntem mitte timoram,nil hinc eua mali subeuntem mitte timoram
526022,body,479,0,True,[35],Ad ſumus allætum nuntiæ læta tibi.,ad ſumus allætum nuntiæ læta tibi,ad sumus allaetum nuntiae laeta tibi
526022,body,480,0,True,[35],"Hac, REGINA, Dei ſunt juſſa. Perennia viv",hac regina dei ſunt juſſa perennia viv,hac regina dei sunt iussa perennia uiu
526022,body,481,0,True,[35],"Secla Deo Regi, regna ſuprema petas.",secla deo regi regna ſuprema petas,secla deo regi regna suprema petas
526022,body,482,0,True,[35],"ERIPIT humanis, DOMINVS, ætate virentem:",eripit humanis dominvs ætate virentem,eripit humanis dominus aetate uirentem
526022,body,483,0,True,[35],Interris longas nec ſinit eſſe moras,interris longas nec ſinit eſſe moras,interris longas nec sinit esse moras
526022,body,484,0,True,[35],"INFRA VANA nimis, ſunt (proh dolor) impiæ",infra vana nimis ſunt proh dolor impiæ,infra uana nimis sunt proh dolor impiae
526022,body,485,0,True,[35],"multa,",multa,multa
526022,body,486,0,True,[35],Quæ juvenile trabunt pectus æmore ſui.,quæ juvenile trabunt pectus æmore ſui,quae iuuenile trabunt pectus aemore sui
526022,body,487,0,True,[35],Hinc videas primò naſcentis labra puſilli,hinc videas primò naſcentis labra puſilli,hinc uideas primo nascentis labra pusilli
526022,body,488,0,True,[35],Mox cum materno ſugere lacte malum.,mox cum materno ſugere lacte malum,mox cum materno sugere lacte malum
526022,body,489,0,True,[35],"Hinc videas juvenes pronos in crimina flecti,",hinc videas juvenes pronos in crimina flecti,hinc uideas iuuenes pronos in crimina flecti
526022,body,490,0,True,[35],Candida culpantis temnere verba pætris:,candida culpantis temnere verba pætris,candida culpantis temnere uerba paetris
526022,body,491,0,True,[35],Hinc videas ipſos natis peiora parentes,hinc videas ipſos natis peiora parentes,hinc uideas ipsos natis peiora parentes
526022,body,492,0,True,[35],"Deſig nare, malis aceumulare mala:",deſig nare malis aceumulare mala,desig nare malis aceumulare mala
526022,body,493,0,True,[35],"Hinc videas omnes mortali ſemine eretos,",hinc videas omnes mortali ſemine eretos,hinc uideas omnes mortali semine eretos
526022,body,494,0,True,[35],"Collaudere bonum, det eriora ſequi.",collaudere bonum det eriora ſequi,collaudere bonum det eriora sequi
526022,body,495,0,True,[35],"I, Propera properè, ſubit am ne vanas ruinam",i propera properè ſubit am ne vanas ruinam,i propera propere subit am ne uanas ruinam
526022,body,496,0,True,[35],Tendent is mundi te rapuiſſe queant.,tendent is mundi te rapuiſſe queant,tendent is mundi te rapuisse queant
526022,body,497,0,True,[35],defuncta,defuncta,defuncta
526022,body,498,0,True,[35],Méne DEVS miſeram tanto dignatur honore?,méne devs miſeram tanto dignatur honore,mene deus miseram tanto dignatur honore
526022,body,499,0,True,[35],O divina cohors! tantane cura mei? (tes?,o divina cohors tantane cura mei tes,o diuina cohors tantane cura mei tes
526022,body,500,0,True,[35],Dignas pro meritis DOMINO quas reddere gra-,dignas pro meritis domino quas reddere gra,dignas pro meritis domino quas reddere gra
526022,body,501,0,True,[35],Fundere quas potero pro bonitate preces!,fundere quas potero pro bonitate preces,fundere quas potero pro bonitate preces
526022,body,502,0,True,[35],"Qui famulam clemens inamœnâ hac valle reviſit,",qui famulam clemens inamœnâ hac valle reviſit,qui famulam clemens inamoena hac ualle reuisit
526022,body,503,0,True,[35],Perꝙ miniſtrantes nuntia verbadedit.,perꝙ miniſtrantes nuntia verbadedit,perquod ministrantes nuntia uerbadedit
526022,body,504,0,True,[35],Queîs me pispillam cœleſtis ad abdita regni,queîs me pispillam cœleſtis ad abdita regni,queis me pispillam coelestis ad abdita regni
526022,body,505,0,True,[35],"Gaudia, miſſorum cœlïtus ore vocat.",gaudia miſſorum cœlïtus ore vocat,gaudia missorum coelitus ore uocat
526022,body,506,0,True,[35],Hâc mihi quod pridem flagranti pectore teinpus,hâc mihi quod pridem flagranti pectore teinpus,hac mihi quod pridem flagranti pectore teinpus
526022,body,507,0,True,[35],Cernere gaudebam luce videre datur.,cernere gaudebam luce videre datur,cernere gaudebam luce uidere datur
526022,body,508,0,True,[35],"Si centum fuerint mihi linguæ, ſi oraꝙ centum.",si centum fuerint mihi linguæ ſi oraꝙ centum,si centum fuerint mihi linguae si oraquod centum
526022,body,509,0,True,[35],Delicias animi non retuliſſe queam.,delicias animi non retuliſſe queam,delicias animi non retulisse queam
526022,body,510,0,True,[35],"Pretinus intuitu veſtrûm quas ſenſit amico,",pretinus intuitu veſtrûm quas ſenſit amico,pretinus intuitu uestrum quas sensit amico
526022,body,511,0,True,[35],Dulcis quas lingua grata loquela dedit.,dulcis quas lingua grata loquela dedit,dulcis quas lingua grata loquela dedit
526022,body,512,0,True,[35],"Quid ſi mox ſocio vobiſcum lumine cincta,",quid ſi mox ſocio vobiſcum lumine cincta,quid si mox socio uobiscum lumine cincta
526022,body,513,0,True,[35],"Audiat æternum, cernat & ipſa DEVM?",audiat æternum cernat & ipſa devm,audiat aeternum cernat et ipsa deum
526022,body,514,0,True,[35],"Mox AGE, SIC ſcandà vobis comitantibus aſtra:",mox age sic ſcandà vobis comitantibus aſtra,mox age sic scanda uobis comitantibus astra
526022,body,515,0,True,[35],"Nunc inſtæt, greſſus: VRGEO, ABIRE volo.",nunc inſtæt greſſus vrgeo abire volo,nunc instaet gressus urgeo abire uolo
526022,body,516,0,True,[35],"Iam me vana nihil, nihil inferiora retardant:",iam me vana nihil nihil inferiora retardant,iam me uana nihil nihil inferiora retardant
526022,body,517,0,True,[35],"Sordent cuncta ſoli, tangor amore poli.",sordent cuncta ſoli tangor amore poli,sordent cuncta soli tangor amore poli
526022,body,518,0,True,[35],"Vinclu dißolvt deſidero corperis ægri,",vinclu dißolvt deſidero corperis ægri,uinclu dissolut desidero corperis aegri
526022,body,519,0,True,[35],Cum Chriſtoꝙ meo vivere perpetuò.,cum chriſtoꝙ meo vivere perpetuò,cum christoquod meo uiuere perpetuo
526022,body,520,0,True,[35],"Ex mœſto gratoq́; animi affectu, Appoſuit, M. Jacobus VVicker Buchsuillanus.",ex mœſto gratoq́ animi affectu appoſuit m jacobus vvicker buchsuillanus,ex moesto gratoq animi affectu apposuit m iacobus uuicker buchsuillanus
526022,head,521,0,True,[36],ALIUD.,aliud,aliud
526022,body,522,0,True,[36],"OFallax rerum ſpecies, ô lubrica vitæ",ofallax rerum ſpecies ô lubrica vitæ,ofallax rerum species o lubrica uitae
526022,body,523,0,True,[36],Conditio: ô fati neſcia corda ſui.,conditio ô fati neſcia corda ſui,conditio o fati nescia corda sui
526022,body,524,0,True,[36],Omnia mutantur vicibus naſcentia certis,omnia mutantur vicibus naſcentia certis,omnia mutantur uicibus nascentia certis
526022,body,525,0,True,[36],Nec quicquam ſtabile est quod queat eſſe diu.,nec quicquam ſtabile est quod queat eſſe diu,nec quicquam stabile est quod queat esse diu
526022,body,526,0,True,[36],"Qui nunc naſcuntur, moriuntur tempore certo,",qui nunc naſcuntur moriuntur tempore certo,qui nunc nascuntur moriuntur tempore certo
526022,body,527,0,True,[36],Cum ſenibus ſubitò flos juvenilis abit.,cum ſenibus ſubitò flos juvenilis abit,cum senibus subito flos iuuenilis abit
526022,body,528,0,True,[36],Tàm citò deſinimus tam ſors malè fida caduca est.,tàm citò deſinimus tam ſors malè fida caduca est,tam cito desinimus tam sors male fida caduca est
526022,body,529,0,True,[36],Tàm citò ceu pennâ perpete vita fugit.,tàm citò ceu pennâ perpete vita fugit,tam cito ceu penna perpete uita fugit
526022,body,530,0,True,[36],"Tàm nihili, tam vanus homo est, quicunꝙ́ ſub iſto",tàm nihili tam vanus homo est quicunꝙ́ ſub iſto,tam nihili tam uanus homo est quicunquod sub isto
526022,body,531,0,True,[36],"Corpore mortali, nunc agit, egit, aget.",corpore mortali nunc agit egit aget,corpore mortali nunc agit egit aget
526022,body,532,0,True,[36],Tàm ſubitò juvenes abeunt ante ora parentum,tàm ſubitò juvenes abeunt ante ora parentum,tam subito iuuenes abeunt ante ora parentum
526022,body,533,0,True,[36],Frigore quàm primo lapſa cadunt folia:,frigore quàm primo lapſa cadunt folia,frigore quam primo lapsa cadunt folia
526022,body,534,0,True,[36],Aut velut ad terram permultæ gurgite ab alio,aut velut ad terram permultæ gurgite ab alio,aut uelut ad terram permultae gurgite ab alio
526022,body,535,0,True,[36],Frigore ſub primo conglomerantur aves:,frigore ſub primo conglomerantur aves,frigore sub primo conglomerantur aues
526022,body,536,0,True,[36],Horrendæ mortis nunquam defeſſa carina,horrendæ mortis nunquam defeſſa carina,horrendae mortis nunquam defessa carina
526022,body,537,0,True,[36],"It, redit in vaſtos ſemper onuſta lacus.",it redit in vaſtos ſemper onuſta lacus,it redit in uastos semper onusta lacus
526022,body,538,0,True,[36],"Illa rapit juvenes primâ florente juventa,",illa rapit juvenes primâ florente juventa,illa rapit iuuenes prima florente iuuenta
526022,body,539,0,True,[36],Falce ſua vitæ ſtamina rumpit atrâ.,falce ſua vitæ ſtamina rumpit atrâ,falce sua uitae stamina rumpit atra
526022,body,540,0,True,[36],Virginis ætatem claram vernantibus annis,virginis ætatem claram vernantibus annis,uirginis aetatem claram uernantibus annis
526022,body,541,0,True,[36],Cujus adhuc fervens corporis ardor erat.,cujus adhuc fervens corporis ardor erat,cuius adhuc feruens corporis ardor erat
526022,body,542,0,True,[36],Adſpicite & vitæ hinc fugientia diſcite fata:,adſpicite & vitæ hinc fugientia diſcite fata,adspicite et uitae hinc fugientia discite fata
526022,body,543,0,True,[36],Nam dedit hanc celeri craſſa ſaliva neci.,nam dedit hanc celeri craſſa ſaliva neci,nam dedit hanc celeri crassa saliua neci
526022,body,544,0,True,[36],"Spes abijt matris, chari requieſꝙ́ parentis,",spes abijt matris chari requieſꝙ́ parentis,spes abiit matris chari requiesquod parentis
526022,body,545,0,True,[36],Lætitiæq́ue loco triſtia fata dedit.,lætitiæq́ue loco triſtia fata dedit,laetitiaeque loco tristia fata dedit
526022,body,546,0,True,[36],"Spem patris & matris ſub funerefregit acerbs,",spem patris & matris ſub funerefregit acerbs,spem patris et matris sub funerefregit acerbs
526022,body,547,0,True,[36],Diſceßit dulcis fratris amantis amor.,diſceßit dulcis fratris amantis amor,discessit dulcis fratris amantis amor
526022,body,548,0,True,[36],Vna dies peperit vitæ utriusꝙ́ parentis,vna dies peperit vitæ utriusꝙ́ parentis,una dies peperit uitae utriusquod parentis
526022,body,549,0,True,[36],"Delicias, quas nunc ſuſtulit una dies.",delicias quas nunc ſuſtulit una dies,delicias quas nunc sustulit una dies
526022,body,550,0,True,[36],Idolorin lachrymas & mœſtis ora querelis,idolorin lachrymas & mœſtis ora querelis,idolorin lachrymas et moestis ora querelis
526022,body,551,0,True,[36],"Solve, jacet matris nunc decus atꝙ patris:",solve jacet matris nunc decus atꝙ patris,solue iacet matris nunc decus atquod patris
526022,body,552,0,True,[36],Illa juventutum flos cui pietasꝙ́ fideſq́ue,illa juventutum flos cui pietasꝙ́ fideſq́ue,illa iuuentutum flos cui pietasquod fidesque
526022,body,553,0,True,[36],Nominis æternum promeruere decus:,nominis æternum promeruere decus,nominis aeternum promeruere decus
526022,body,554,0,True,[36],Vt quoꝙ́ poſt obitum præter mortalia greſſa,vt quoꝙ́ poſt obitum præter mortalia greſſa,ut quoquod post obitum praeter mortalia gressa
526022,body,555,0,True,[36],"Fata, ſui magnâ parte ſuperſtes agat,",fata ſui magnâ parte ſuperſtes agat,fata sui magna parte superstes agat
526022,body,556,0,True,[37],Parte ſui & famæ læto melioris honore,parte ſui & famæ læto melioris honore,parte sui et famae laeto melioris honore
526022,body,557,0,True,[37],Quandoquidem tenuit cum pietate fidem.,quandoquidem tenuit cum pietate fidem,quandoquidem tenuit cum pietate fidem
526022,body,558,0,True,[37],"Siſte do lor, lachrumas & mœſtas mitte querelas.",siſte do lor lachrumas & mœſtas mitte querelas,siste do lor lachrumas et moestas mitte querelas
526022,body,559,0,True,[37],Vivit adhuc virgo relligione pia.,vivit adhuc virgo relligione pia,uiuit adhuc uirgo relligione pia
526022,body,560,0,True,[37],Parte igitur lachrumis totum conſumere pectus,parte igitur lachrumis totum conſumere pectus,parte igitur lachrumis totum consumere pectus
526022,body,561,0,True,[37],Et tibimet vitæ damna nefanda dare.,et tibimet vitæ damna nefanda dare,et tibimet uitae damna nefanda dare
526022,body,562,0,True,[37],Vt turpe est proprio ſibi mortem adſciſcere ferro,vt turpe est proprio ſibi mortem adſciſcere ferro,ut turpe est proprio sibi mortem adsciscere ferro
526022,body,563,0,True,[37],Sic lachrymis vitam perdere turpe ſuam.,sic lachrymis vitam perdere turpe ſuam,sic lachrymis uitam perdere turpe suam
526022,body,564,0,True,[37],"Quod factum ſemel, infectum tu reddere noli,",quod factum ſemel infectum tu reddere noli,quod factum semel infectum tu reddere noli
526022,body,565,0,True,[37],"Quod Domino placuit, non tibi diſpliceat.",quod domino placuit non tibi diſpliceat,quod domino placuit non tibi displiceat
526022,body,566,0,True,[37],"Quod Deus ipſe prius dederat, nunc jure requirit,",quod deus ipſe prius dederat nunc jure requirit,quod deus ipse prius dederat nunc iure requirit
526022,body,567,0,True,[37],"Nam ſua quæ fuerant, non aliena perit.",nam ſua quæ fuerant non aliena perit,nam sua quae fuerant non aliena perit
526022,body,568,0,True,[37],"Invidus ut non ſis, noli prohibere juventæ",invidus ut non ſis noli prohibere juventæ,inuidus ut non sis noli prohibere iuuentae
526022,body,569,0,True,[37],Cælica jam quotquot gaudia mente fovet.,cælica jam quotquot gaudia mente fovet,caelica iam quotquot gaudia mente fouet
526022,body,570,0,True,[37],"Non amiſiſti, quam mox aliquandò reviſes",non amiſiſti quam mox aliquandò reviſes,non amisisti quam mox aliquando reuises
526022,body,571,0,True,[37],(Quanquam te ſerò ſidera adire precor),quanquam te ſerò ſidera adire precor,quanquam te sero sidera adire precor
526022,body,572,0,True,[37],Mutua cum nobis dabitur quondam ora tueri,mutua cum nobis dabitur quondam ora tueri,mutua cum nobis dabitur quondam ora tueri
526022,body,573,0,True,[37],"Ora DEI ipſius, Angeliciꝙ chori.",ora dei ipſius angeliciꝙ chori,ora dei ipsius angeliciquod chori
526022,body,574,0,True,[37],Johannes Sattlerus S. S. Theolog. Studioſus,johannes sattlerus s s theolog studioſus,iohannes sattlerus s s theolog studiosus
526022,head,575,0,True,[37],ALIVD.,alivd,aliud
526022,head,576,0,True,[37],Anagramma.,anagramma,anagramma
526022,body,577,0,True,[37],EVA-REGINA SCHMIEDTIN.,evaregina schmiedtin,euaregina schmiedtin
526022,body,578,0,True,[37],HIC TV DEI REGINA MANES:,hic tv dei regina manes,hic tu dei regina manes
526022,body,579,0,True,[37],Vel dempta aſpirationis notâ,vel dempta aſpirationis notâ,uel dempta aspirationis nota
526022,body,580,0,True,[37],TV DEI REGINA MANE: SIC.,tv dei regina mane sic,tu dei regina mane sic
526022,body,581,0,True,[37],"ECce manes regina poli, ceu nomine, ſic re,",ecce manes regina poli ceu nomine ſic re,ecce manes regina poli ceu nomine sic re
526022,body,582,0,True,[37],Cum Domino frueris perpete lætitiâ,cum domino frueris perpete lætitiâ,cum domino frueris perpete laetitia
526022,body,583,0,True,[37],"Inde domus mundi fragilis contemnitur â te,",inde domus mundi fragilis contemnitur â te,inde domus mundi fragilis contemnitur a te
526022,body,584,0,True,[37],Namꝙ Dei ſedes triſtitiâ caruit.,namꝙ dei ſedes triſtitiâ caruit,namquod dei sedes tristitia caruit
526022,head,585,0,True,[37],ALIUD.,aliud,aliud
526022,body,586,0,True,[37],PArcentes paucis perturbant plurima Parce,parcentes paucis perturbant plurima parce,parcentes paucis perturbant plurima parce
526022,body,587,0,True,[37],"Sive ſuperba ſient, ſplendida ſive ſient.",sive ſuperba ſient ſplendida ſive ſient,siue superba sient splendida siue sient
526022,body,588,0,True,[38],Reginam nuper rapuére ut ſtirpe celebri:,reginam nuper rapuére ut ſtirpe celebri,reginam nuper rapuere ut stirpe celebri
526022,body,589,0,True,[38],Prædita Virgo fuit moribus eia bonis.,prædita virgo fuit moribus eia bonis,praedita uirgo fuit moribus eia bonis
526022,body,590,0,True,[38],Mittite Rheniades lachrymarum flumina ſalſa.,mittite rheniades lachrymarum flumina ſalſa,mittite rheniades lachrymarum flumina salsa
526022,body,591,0,True,[38],Iam vobis guttis ora rigare licet.,iam vobis guttis ora rigare licet,iam uobis guttis ora rigare licet
526022,body,592,0,True,[38],Heu quis non lacrymis oculos & pectora planct,heu quis non lacrymis oculos & pectora planct,heu quis non lacrymis oculos et pectora planct
526022,body,593,0,True,[38],"Expleret, prolem morte perire videns",expleret prolem morte perire videns,expleret prolem morte perire uidens
526022,body,594,0,True,[38],"Præſertim talem qualem juvenilibus annis,",præſertim talem qualem juvenilibus annis,praesertim talem qualem iuuenilibus annis
526022,body,595,0,True,[38],"Crede mihi, in terris vix reperire datur.",crede mihi in terris vix reperire datur,crede mihi in terris uix reperire datur
526022,body,596,0,True,[38],"Numinis ardenter divini ſacra colentem,",numinis ardenter divini ſacra colentem,numinis ardenter diuini sacra colentem
526022,body,597,0,True,[38],"Degentem vitam, Simplicitate piâ",degentem vitam simplicitate piâ,degentem uitam simplicitate pia
526022,body,598,0,True,[38],Parcentes paucis perturbant plurima Parcæ,parcentes paucis perturbant plurima parcæ,parcentes paucis perturbant plurima parcae
526022,body,599,0,True,[38],Sive ſuperba ſient ſplendida ſive ſient.,sive ſuperba ſient ſplendida ſive ſient,siue superba sient splendida siue sient
526022,body,600,0,False,[38],Egrato & pio animi affectu.,egrato & pio animi affectu,egrato et pio animi affectu
526022,body,600,1,True,[38],"F. Philippus Hagmaierus Buxvillanus Anno IEVa RegIna, & DorMI ſeCVrè.",f philippus hagmaierus buxvillanus anno ieva regina & dormi ſecvrè,f philippus hagmaierus buxuillanus anno ieua regina et dormi secure
526022,head,601,0,True,[38],ALIUD.,aliud,aliud
526022,body,602,0,True,[38],"OPtime, quid lachrymis ſuffundis lumina, fautor,",optime quid lachrymis ſuffundis lumina fautor,optime quid lachrymis suffundis lumina fautor
526022,body,603,0,True,[38],Quidꝙ́ premis teneras imbre cadente genas?,quidꝙ́ premis teneras imbre cadente genas,quidquod premis teneras imbre cadente genas
526022,body,604,0,True,[38],"Sit licet ex oculis tibi nunc abrepta propago,",sit licet ex oculis tibi nunc abrepta propago,sit licet ex oculis tibi nunc abrepta propago
526022,body,605,0,True,[38],Non tamen omninò mortua: læta viget.,non tamen omninò mortua læta viget,non tamen omnino mortua laeta uiget
526022,body,606,0,True,[38],Aſtrigeri cœli ſublimia tecta petiuit,aſtrigeri cœli ſublimia tecta petiuit,astrigeri coeli sublimia tecta petiuit
526022,body,607,0,True,[38],"Filia, cum CHRISTO vivit ovatꝙ ſuo:",filia cum christo vivit ovatꝙ ſuo,filia cum christo uiuit ouatquod suo
526022,body,608,0,True,[38],"Mortuus hanc verè redivivam lumine cernes,",mortuus hanc verè redivivam lumine cernes,mortuus hanc uere rediuiuam lumine cernes
526022,body,609,0,True,[38],Lætitiâ & toto corde fruêre tuo.,lætitiâ & toto corde fruêre tuo,laetitia et toto corde fruere tuo
526022,body,610,0,True,[38],"Nunc anima ætheream ſcandit ſublimis in arcem,",nunc anima ætheream ſcandit ſublimis in arcem,nunc anima aetheream scandit sublimis in arcem
526022,body,611,0,True,[38],Sed corpus liquit frigido inane ſolo.,sed corpus liquit frigido inane ſolo,sed corpus liquit frigido inane solo
526022,body,612,0,True,[38],"Quæ tamen haud longo ſpatio disjuncta manebunt,",quæ tamen haud longo ſpatio disjuncta manebunt,quae tamen haud longo spatio disiuncta manebunt
526022,body,613,0,True,[38],Verum animæ junget corpus inane DEVS.,verum animæ junget corpus inane devs,uerum animae iunget corpus inane deus
526022,body,614,0,True,[38],"Cum tandem cuncta exanimata cadavera rurſum,",cum tandem cuncta exanimata cadavera rurſum,cum tandem cuncta exanimata cadauera rursum
526022,body,615,0,True,[38],"Emergent tumulo, quo latuêre diu.",emergent tumulo quo latuêre diu,emergent tumulo quo latuere diu
526022,body,616,0,True,[38],Deſine tot gemitus profundere: perdita cæco,deſine tot gemitus profundere perdita cæco,desine tot gemitus profundere perdita caeco
526022,body,617,0,True,[38],Non caſu est: fiunt iſta volente DEO.,non caſu est fiunt iſta volente deo,non casu est fiunt ista uolente deo
526022,body,618,0,True,[38],"Nunc alio vivit ſub ſole, videtꝙ beatos",nunc alio vivit ſub ſole videtꝙ beatos,nunc alio uiuit sub sole uidetquod beatos
526022,body,619,0,True,[38],Cœlicolas: fruitur colloquioꝙ DEI.,cœlicolas fruitur colloquioꝙ dei,coelicolas fruitur colloquioquod dei
526022,body,620,0,True,[39],"Hîc dulcis requies: hîc æternanda voluptas,",hîc dulcis requies hîc æternanda voluptas,hic dulcis requies hic aeternanda uoluptas
526022,body,621,0,True,[39],Vitaꝙ́ lætitiæ plena perennis erit.,vitaꝙ́ lætitiæ plena perennis erit,uitaquod laetitiae plena perennis erit
526022,body,622,0,True,[39],Hæc pater invideas REGINÆ maxima natæ,hæc pater invideas reginæ maxima natæ,haec pater inuideas reginae maxima natae
526022,body,623,0,True,[39],Gaudia? Nunc fletus contrahe vela tui.,gaudia nunc fletus contrahe vela tui,gaudia nunc fletus contrahe uela tui
526022,body,624,0,True,[39],"In debitæ obſervantiæ, gratitudiniſq́; τεκμήριον mœrens fecit, Salomon Cober VVerdenſis.",in debitæ obſervantiæ gratitudiniſq́ τεκμήριον mœrens fecit salomon cober vverdenſis,in debitae obseruantiae gratitudinisq moerens fecit salomon cober uuerdensis
526022,head,625,0,True,[39],ALIUD.,aliud,aliud
526022,body,626,0,True,[39],EHeu! quam lacrymæ veniunt in tempore multæ,eheu quam lacrymæ veniunt in tempore multæ,eheu quam lacrymae ueniunt in tempore multae
526022,body,627,0,True,[39],Triſtibus ex oculis plurima gutta cadit:,triſtibus ex oculis plurima gutta cadit,tristibus ex oculis plurima gutta cadit
526022,body,628,0,True,[39],Heu! quis non lacrymas verba inter ſingula fundæt?,heu quis non lacrymas verba inter ſingula fundæt,heu quis non lacrymas uerba inter singula fundaet
526022,body,629,0,True,[39],Filia CASPARI cauſa doloris adest:,filia caspari cauſa doloris adest,filia caspari causa doloris adest
526022,body,630,0,True,[39],"Præ lacrymis unum punctum vix pingere poſſum,",præ lacrymis unum punctum vix pingere poſſum,prae lacrymis unum punctum uix pingere possum
526022,body,631,0,True,[39],EVA mihi REGINA anxia corda facit.,eva mihi regina anxia corda facit,eua mihi regina anxia corda facit
526022,body,632,0,True,[39],"Hanc truculenta ſuo telo mors abripit atro,",hanc truculenta ſuo telo mors abripit atro,hanc truculenta suo telo mors abripit atro
526022,body,633,0,True,[39],"Aſt migrat cœlos, gaudia cuncta tenet.",aſt migrat cœlos gaudia cuncta tenet,ast migrat coelos gaudia cuncta tenet
526022,body,634,0,True,[39],Quam tamen ipſe ſuo revocatam tempore verbo,quam tamen ipſe ſuo revocatam tempore verbo,quam tamen ipse suo reuocatam tempore uerbo
526022,body,635,0,True,[39],Inſtaurare potest omnipotente Deus.,inſtaurare potest omnipotente deus,instaurare potest omnipotente deus
526022,body,636,0,True,[39],"Heu! quid homo? nil, ah quàm mox cuncti periêre!",heu quid homo nil ah quàm mox cuncti periêre,heu quid homo nil ah quam mox cuncti periere
526022,body,637,0,True,[39],"Non ſecus ac fumus, ſic perit omnis homo:",non ſecus ac fumus ſic perit omnis homo,non secus ac fumus sic perit omnis homo
526022,body,638,0,True,[39],"Ah quam Parca potest omnino parcere nulli,",ah quam parca potest omnino parcere nulli,ah quam parca potest omnino parcere nulli
526022,body,639,0,True,[39],"Situè puella, puer, ſit juveniſuè ſenex.",situè puella puer ſit juveniſuè ſenex,situe puella puer sit iuuenisue senex
526022,body,640,0,True,[39],"Hîc hodie fortis vir, fœmina cras cadit illic:",hîc hodie fortis vir fœmina cras cadit illic,hic hodie fortis uir foemina cras cadit illic
526022,body,641,0,True,[39],"Supremam dives, pauper obitꝙ́ diem:",supremam dives pauper obitꝙ́ diem,supremam diues pauper obitquod diem
526022,body,642,0,True,[39],"Editur in lucem magno diſcrimine, natus",editur in lucem magno diſcrimine natus,editur in lucem magno discrimine natus
526022,body,643,0,True,[39],Plorat in hoc primum cum videt orbe diem:,plorat in hoc primum cum videt orbe diem,plorat in hoc primum cum uidet orbe diem
526022,body,644,0,True,[39],"Ingreditur mundum nudus, nuduſꝙ́ recedit,",ingreditur mundum nudus nuduſꝙ́ recedit,ingreditur mundum nudus nudusquod recedit
526022,body,645,0,True,[39],"Hic ſanus, ſubitò morte ſolutus obit:",hic ſanus ſubitò morte ſolutus obit,hic sanus subito morte solutus obit
526022,body,646,0,True,[39],"Corpora terra dedit, rurſum dant corpora terram,",corpora terra dedit rurſum dant corpora terram,corpora terra dedit rursum dant corpora terram
526022,body,647,0,True,[39],Est homo factus humo; rurſus humus fit homo.,est homo factus humo rurſus humus fit homo,est homo factus humo rursus humus fit homo
526022,body,648,0,True,[39],"Quò citius verò mundum quis deſerit iſtum,",quò citius verò mundum quis deſerit iſtum,quo citius uero mundum quis deserit istum
526022,body,649,0,True,[39],Hoc meliore ſuas res ſciat eſſe loco.,hoc meliore ſuas res ſciat eſſe loco,hoc meliore suas res sciat esse loco
526022,body,650,0,True,[39],Ergo quisꝙ petat mortem manibus pedibusꝙ́,ergo quisꝙ petat mortem manibus pedibusꝙ́,ergo quisquod petat mortem manibus pedibusquod
526022,body,651,0,True,[39],"Inſtructus vera cognitione DEI,",inſtructus vera cognitione dei,instructus uera cognitione dei
526022,body,652,0,True,[39],"Cum non intereant morientia corporis oſſæ,",cum non intereant morientia corporis oſſæ,cum non intereant morientia corporis ossae
526022,body,653,0,True,[39],"Sed veniat tantum dulcis in illa ſopor,",sed veniat tantum dulcis in illa ſopor,sed ueniat tantum dulcis in illa sopor
526022,body,654,0,True,[40],"Et reditura ſuô ſint tempore rurſus ad auras,",et reditura ſuô ſint tempore rurſus ad auras,et reditura suo sint tempore rursus ad auras
526022,body,655,0,True,[40],Id quod naturæ nos ſimulacra docent.,id quod naturæ nos ſimulacra docent,id quod naturae nos simulacra docent
526022,body,656,0,True,[40],"Multa quidem ſunt, ast unum nunc profero ſomnum,",multa quidem ſunt ast unum nunc profero ſomnum,multa quidem sunt ast unum nunc profero somnum
526022,body,657,0,True,[40],Nam nobis ἐικὼν dicitur eſſe ſopor.,nam nobis ἐικὼν dicitur eſſe ſopor,nam nobis dicitur esse sopor
526022,body,658,0,True,[40],Quàm quæſo ſomnus nobis est mortis imago?,quàm quæſo ſomnus nobis est mortis imago,quam quaeso somnus nobis est mortis imago
526022,body,659,0,True,[40],"Alteraꝙ́ alterius dicitur eſſe ſoror,",alteraꝙ́ alterius dicitur eſſe ſoror,alteraquod alterius dicitur esse soror
526022,body,660,0,True,[40],"Extinctis ſimiles quando dormimus, habemur,",extinctis ſimiles quando dormimus habemur,extinctis similes quando dormimus habemur
526022,body,661,0,True,[40],Tunc pars officium non facit ulla ſuum.,tunc pars officium non facit ulla ſuum,tunc pars officium non facit ulla suum
526022,body,662,0,True,[40],"Non oculi ceruunt, auditu tunc caret auris,",non oculi ceruunt auditu tunc caret auris,non oculi ceruunt auditu tunc caret auris
526022,body,663,0,True,[40],Turbaꝙ́ dimidia mortua parte ſumus.,turbaꝙ́ dimidia mortua parte ſumus,turbaquod dimidia mortua parte sumus
526022,body,664,0,True,[40],"Spiritus at noſter vivit, ſemperq́ue movetur,",spiritus at noſter vivit ſemperq́ue movetur,spiritus at noster uiuit semperque mouetur
526022,body,665,0,True,[40],"Illum nec ſomnus, nec capit ulla quies.",illum nec ſomnus nec capit ulla quies,illum nec somnus nec capit ulla quies
526022,body,666,0,True,[40],"Aſt aliâ veniente die, tunc corpora ſurgunt,",aſt aliâ veniente die tunc corpora ſurgunt,ast alia ueniente die tunc corpora surgunt
526022,body,667,0,True,[40],Conſuetoꝙ́ ſuum more ſequuntur opus.,conſuetoꝙ́ ſuum more ſequuntur opus,consuetoquod suum more sequuntur opus
526022,body,668,0,True,[40],"Sic etiam quamvis moriantur corpora noſtra,",sic etiam quamvis moriantur corpora noſtra,sic etiam quamuis moriantur corpora nostra
526022,body,669,0,True,[40],"Et tegat hæc glebis terra ſubacta ſuis,",et tegat hæc glebis terra ſubacta ſuis,et tegat haec glebis terra subacta suis
526022,body,670,0,True,[40],"Mortua non omnino putes, ſed vivere credas,",mortua non omnino putes ſed vivere credas,mortua non omnino putes sed uiuere credas
526022,body,671,0,True,[40],"Fœnora, cum ſurgent, multiplicata ferent.",fœnora cum ſurgent multiplicata ferent,foenora cum surgent multiplicata ferent
526022,body,672,0,True,[40],"Quod ſuperest CASPARE precor ſuper axe Tonantem,",quod ſuperest caspare precor ſuper axe tonantem,quod superest caspare precor super axe tonantem
526022,body,673,0,True,[40],Lætitijs mutet triſtia corda tua:,lætitijs mutet triſtia corda tua,laetitiis mutet tristia corda tua
526022,body,674,0,True,[40],"Pro lacrymis, dare multa velit tibi gaudia, multis,",pro lacrymis dare multa velit tibi gaudia multis,pro lacrymis dare multa uelit tibi gaudia multis
526022,body,675,0,True,[40],Vt longum vivas ſalvus & incolumis.,vt longum vivas ſalvus & incolumis,ut longum uiuas saluus et incolumis
526022,body,676,0,True,[40],"Vxoris, natiq́ue tui Deus augeat annos,",vxoris natiq́ue tui deus augeat annos,uxoris natique tui deus augeat annos
526022,body,677,0,True,[40],Nunc & in æternum chare patrone Vale.,nunc & in æternum chare patrone vale,nunc et in aeternum chare patrone uale
526022,body,678,0,True,[40],Ultimi honoris & amoris ergò F. Joannes Jacobus Carius Buchsvillanus.,ultimi honoris & amoris ergò f joannes jacobus carius buchsvillanus,ultimi honoris et amoris ergo f ioannes iacobus carius buchsuillanus
