doc_id,block_type,para_id,sent_id,is_para_final,page_n,textstring_orig,textstring_rich,textstring_simple
12161,head,0,0,True,,SOLINVS ADVENTO SALVTEM,solinvs advento salvtem,solinus aduento salutem
12161,body,1,0,True,,"Cum et aurium clementia et optimarum artium studiis praestare te ceteris sentiam idque oppido expertus de beniuolentia tua nihil temere praeceperim, e re putaui examen opusculi istius tibi potissimum dare, cuius uel industria promptius suffragium uel benignitas ueniam spondebat faciliorem.",cum et aurium clementia et optimarum artium studiis praestare te ceteris sentiam idque oppido expertus de beniuolentia tua nihil temere praeceperim e re putaui examen opusculi istius tibi potissimum dare cuius uel industria promptius suffragium uel benignitas ueniam spondebat faciliorem,cum et aurium clementia et optimarum artium studiis praestare te ceteris sentiam idque oppido expertus de beniuolentia tua nihil temere praeceperim e re putaui examen opusculi istius tibi potissimum dare cuius uel industria promptius suffragium uel benignitas ueniam spondebat faciliorem
12161,body,2,0,False,,"Liber est ad conpendium praeparatus, quantumque ratio passa est ita moderate repressus, ut nec prodiga sit in eo copia nec damnosa concinnitas.",liber est ad conpendium praeparatus quantumque ratio passa est ita moderate repressus ut nec prodiga sit in eo copia nec damnosa concinnitas,liber est ad conpendium praeparatus quantumque ratio passa est ita moderate repressus ut nec prodiga sit in eo copia nec damnosa concinnitas
12161,body,2,1,True,,"Cui si animum propius intenderis, uelut fermentum cognitionis magis ei inesse quam bratteas eloquentiae deprehendes.",cui si animum propius intenderis uelut fermentum cognitionis magis ei inesse quam bratteas eloquentiae deprehendes,cui si animum propius intenderis uelut fermentum cognitionis magis ei inesse quam bratteas eloquentiae deprehendes
12161,body,3,0,False,,"Exquisitis enim aliquot uoluminibus studuisse me inpendio fateor, ut et a notioribus referrem pedem et remotis largius inmorarer.",exquisitis enim aliquot uoluminibus studuisse me inpendio fateor ut et a notioribus referrem pedem et remotis largius inmorarer,exquisitis enim aliquot uoluminibus studuisse me inpendio fateor ut et a notioribus referrem pedem et remotis largius inmorarer
12161,body,3,1,False,,"Locorum commemoratio plurimum tenet, in quam partem ferme inclinatior est uniuersa materies.",locorum commemoratio plurimum tenet in quam partem ferme inclinatior est uniuersa materies,locorum commemoratio plurimum tenet in quam partem ferme inclinatior est uniuersa materies
12161,body,3,2,True,,"Quorum commeminisse ita uisum est, ut inclitos terrarum situs et insignes tractus maris, seruata orbis distinctione, suo quaeque ordine redderemus.",quorum commeminisse ita uisum est ut inclitos terrarum situs et insignes tractus maris seruata orbis distinctione suo quaeque ordine redderemus,quorum commeminisse ita uisum est ut inclitos terrarum situs et insignes tractus maris seruata orbis distinctione suo quaeque ordine redderemus
12161,body,4,0,False,,"Inseruimus et pleraque differenter congruentia, ut si nihil aliud, saltem uarietas ipsa legentium fastidio mederetur. inter haec hominum et aliorum animalium naturas expressimus.",inseruimus et pleraque differenter congruentia ut si nihil aliud saltem uarietas ipsa legentium fastidio mederetur inter haec hominum et aliorum animalium naturas expressimus,inseruimus et pleraque differenter congruentia ut si nihil aliud saltem uarietas ipsa legentium fastidio mederetur inter haec hominum et aliorum animalium naturas expressimus
12161,body,4,1,True,,"Addita pauca de arboribus exoticis, de extimarum gentium formis, de ritu dissono abditarum nationum, nonnulla etiam digna memoratu,",addita pauca de arboribus exoticis de extimarum gentium formis de ritu dissono abditarum nationum nonnulla etiam digna memoratu,addita pauca de arboribus exoticis de extimarum gentium formis de ritu dissono abditarum nationum nonnulla etiam digna memoratu
12161,body,5,0,False,,"quae praetermittere incuriosum uidebatur quorumque auctoritas, quod cum primis industriae tuae insinuatum uelim, de scriptoribus manat receptissimis.",quae praetermittere incuriosum uidebatur quorumque auctoritas quod cum primis industriae tuae insinuatum uelim de scriptoribus manat receptissimis,quae praetermittere incuriosum uidebatur quorumque auctoritas quod cum primis industriae tuae insinuatum uelim de scriptoribus manat receptissimis
12161,body,5,1,False,,"Quid enim proprium nostrum esse possit, cum nihil omiserit antiquitatis diligentia, quod intactum ad hoc usque aeui permaneret?",quid enim proprium nostrum esse possit cum nihil omiserit antiquitatis diligentia quod intactum ad hoc usque aeui permaneret,quid enim proprium nostrum esse possit cum nihil omiserit antiquitatis diligentia quod intactum ad hoc usque aeui permaneret
12161,body,5,2,True,,"Quapropter quaeso, ne de praesenti tempore editionis huius fidem libres, quoniam quidem uestigia monetae ueteris persecuti opiniones uniuersas eligere maluimus potius quam innouare.",quapropter quaeso ne de praesenti tempore editionis huius fidem libres quoniam quidem uestigia monetae ueteris persecuti opiniones uniuersas eligere maluimus potius quam innouare,quapropter quaeso ne de praesenti tempore editionis huius fidem libres quoniam quidem uestigia monetae ueteris persecuti opiniones uniuersas eligere maluimus potius quam innouare
12161,body,6,0,True,,"Ita si qua ex istis secus quam opto in animum tuum uenerint, des uelim infantiae meae ueniam: constantia ueritatis penes eos est quos secuti sumus.",ita si qua ex istis secus quam opto in animum tuum uenerint des uelim infantiae meae ueniam constantia ueritatis penes eos est quos secuti sumus,ita si qua ex istis secus quam opto in animum tuum uenerint des uelim infantiae meae ueniam constantia ueritatis penes eos est quos secuti sumus
12161,body,7,0,True,,"Sicut ergo qui corporum formas aemulantur, postpositis quae reliqua sunt, ante omnia effigiant modum capitis, nec prius lineas destinant in membra alia, quam ab ipsa ut ita dixerim figurarum arce auspicium faciant inchoandi, nos quoque a capite orbis, id est ab urbe Roma principium capessemus, quamuis nihil super ea doctissimi auctores reliquerint, quod in nouum praeconium possit suscitari, ac superuacuum paene sit relegere tramitem decursum tot annalibus.",sicut ergo qui corporum formas aemulantur postpositis quae reliqua sunt ante omnia effigiant modum capitis nec prius lineas destinant in membra alia quam ab ipsa ut ita dixerim figurarum arce auspicium faciant inchoandi nos quoque a capite orbis id est ab urbe roma principium capessemus quamuis nihil super ea doctissimi auctores reliquerint quod in nouum praeconium possit suscitari ac superuacuum paene sit relegere tramitem decursum tot annalibus,sicut ergo qui corporum formas aemulantur postpositis quae reliqua sunt ante omnia effigiant modum capitis nec prius lineas destinant in membra alia quam ab ipsa ut ita dixerim figurarum arce auspicium faciant inchoandi nos quoque a capite orbis id est ab urbe roma principium capessemus quamuis nihil super ea doctissimi auctores reliquerint quod in nouum praeconium possit suscitari ac superuacuum paene sit relegere tramitem decursum tot annalibus
12161,body,8,0,True,,"Ne tamen prorsus dissimulata sit, originem eius quanta ualemus persequemur fide.",ne tamen prorsus dissimulata sit originem eius quanta ualemus persequemur fide,ne tamen prorsus dissimulata sit originem eius quanta ualemus persequemur fide
12161,body,9,0,False,,"I Sunt qui uideri uelint Romae uocabulum ab Euandro primum datum, cum oppidum ibi offendisset, quod extructum antea Valentiam dixerat inuentus Latina, seruataque significatione inpositi prius nominis, Romam Graece Valentiam nominatam.",i sunt qui uideri uelint romae uocabulum ab euandro primum datum cum oppidum ibi offendisset quod extructum antea valentiam dixerat inuentus latina seruataque significatione inpositi prius nominis romam graece valentiam nominatam,i sunt qui uideri uelint romae uocabulum ab euandro primum datum cum oppidum ibi offendisset quod extructum antea ualentiam dixerat inuentus latina seruataque significatione inpositi prius nominis romam graece ualentiam nominatam
12161,body,9,1,False,,"Quam Arcades quoniam habitassent in excelsa parte montis, deriuatum deinceps, ut tutissima urbium arces uocarentur.",quam arcades quoniam habitassent in excelsa parte montis deriuatum deinceps ut tutissima urbium arces uocarentur,quam arcades quoniam habitassent in excelsa parte montis deriuatum deinceps ut tutissima urbium arces uocarentur
12161,body,9,2,False,,"Heraclidi placet Troia capta quosdam ex Achiuis in ea loca ubi nunc Roma est deuenisse per Tiberim, deinde suadente Rome nobilissima captiuarum quae his comes erat, incensis nauibus posuisse sedes, instruxisse moenia et oppidum ab ea Romen uocauisse.",heraclidi placet troia capta quosdam ex achiuis in ea loca ubi nunc roma est deuenisse per tiberim deinde suadente rome nobilissima captiuarum quae his comes erat incensis nauibus posuisse sedes instruxisse moenia et oppidum ab ea romen uocauisse,heraclidi placet troia capta quosdam ex achiuis in ea loca ubi nunc roma est deuenisse per tiberim deinde suadente rome nobilissima captiuarum quae his comes erat incensis nauibus posuisse sedes instruxisse moenia et oppidum ab ea romen uocauisse
12161,body,9,3,False,,"Agathocles scribit Romen non captiuam fuisse, ut supra dictum est, sed Ascanio natam Aeneae neptem appellationis istius causam fuisse.",agathocles scribit romen non captiuam fuisse ut supra dictum est sed ascanio natam aeneae neptem appellationis istius causam fuisse,agathocles scribit romen non captiuam fuisse ut supra dictum est sed ascanio natam aeneae neptem appellationis istius causam fuisse
12161,body,9,4,False,,"Traditur etiam proprium Romae nomen, uerum tamen uetitum publicari, quoniam quidem quo minus enuntiaretur caerimoniarum arcana sanxerunt, ut hoc pacto notitiam eius aboleret fides placitae taciturnitatis, Valerium denique Soranum, quod contra interdictum eloqui id ausus foret, ob meritum profanae uocis neci datum.",traditur etiam proprium romae nomen uerum tamen uetitum publicari quoniam quidem quo minus enuntiaretur caerimoniarum arcana sanxerunt ut hoc pacto notitiam eius aboleret fides placitae taciturnitatis valerium denique soranum quod contra interdictum eloqui id ausus foret ob meritum profanae uocis neci datum,traditur etiam proprium romae nomen uerum tamen uetitum publicari quoniam quidem quo minus enuntiaretur caerimoniarum arcana sanxerunt ut hoc pacto notitiam eius aboleret fides placitae taciturnitatis ualerium denique soranum quod contra interdictum eloqui id ausus foret ob meritum profanae uocis neci datum
12161,body,9,5,False,,"Inter antiquissimas sane religiones sacellum colitur Angeronae, cui sacrificatur ante diem XII k. Ian.",inter antiquissimas sane religiones sacellum colitur angeronae cui sacrificatur ante diem xii k ian,inter antiquissimas sane religiones sacellum colitur angeronae cui sacrificatur ante diem xii k ian
12161,body,9,6,True,,; quae diua praesul silentii ipsius praenexo obsignatoque ore simulacrum habet.,quae diua praesul silentii ipsius praenexo obsignatoque ore simulacrum habet,quae diua praesul silentii ipsius praenexo obsignatoque ore simulacrum habet
12161,body,10,0,False,,"Ambiguitatum quaestiones excitauit, quod quaedam ibi multo ante Romulum culta sint.",ambiguitatum quaestiones excitauit quod quaedam ibi multo ante romulum culta sint,ambiguitatum quaestiones excitauit quod quaedam ibi multo ante romulum culta sint
12161,body,10,1,False,,"Quippe aram Hercules, quam uouerat si amissas boues repperisset, punito Caco patri Inuentori dicauit.",quippe aram hercules quam uouerat si amissas boues repperisset punito caco patri inuentori dicauit,quippe aram hercules quam uouerat si amissas boues repperisset punito caco patri inuentori dicauit
12161,body,10,2,False,,"Qui Cacus habitauit locum, cui Salinae nomen est; ubi Trigemina nunc porta.",qui cacus habitauit locum cui salinae nomen est ubi trigemina nunc porta,qui cacus habitauit locum cui salinae nomen est ubi trigemina nunc porta
12161,body,10,3,False,,"Hic, ut Gellius tradidit, cum a Tarchone Tyrrheno, ad quem legatus uenerat missu Marsyae regis, socio Megale Phryge, custodiae foret datus, frustratus uincula et unde uenerat redux, praesidiis amplioribus occupato circa Vulturnum et Campaniam regno, dum adtrectare etiam ea audet, quae concesserant in Arcadum iura, duce Hercule qui tunc forte aderat oppressus est.",hic ut gellius tradidit cum a tarchone tyrrheno ad quem legatus uenerat missu marsyae regis socio megale phryge custodiae foret datus frustratus uincula et unde uenerat redux praesidiis amplioribus occupato circa vulturnum et campaniam regno dum adtrectare etiam ea audet quae concesserant in arcadum iura duce hercule qui tunc forte aderat oppressus est,hic ut gellius tradidit cum a tarchone tyrrheno ad quem legatus uenerat missu marsyae regis socio megale phryge custodiae foret datus frustratus uincula et unde uenerat redux praesidiis amplioribus occupato circa uulturnum et campaniam regno dum adtrectare etiam ea audet quae concesserant in arcadum iura duce hercule qui tunc forte aderat oppressus est
12161,body,10,4,False,,"Megalen Sabini receperunt, disciplinam augurandi ab eo docti.",megalen sabini receperunt disciplinam augurandi ab eo docti,megalen sabini receperunt disciplinam augurandi ab eo docti
12161,body,10,5,False,,"Suo quoque numini idem Hercules instituit aram, quae maxima apud pontifices habetur, cum se ex Nicostrate, Euandri matre, quae a uaticinio Carmentis dicta est, inmortalem conperisset. consaeptum etiam, intra quod ritus sacrorum, factis bouicidiis, docuit Potitios, sacellum Herculi in Boario foro est, in quo argumenta et conuiuii et maiestatis ipsius remanent.",suo quoque numini idem hercules instituit aram quae maxima apud pontifices habetur cum se ex nicostrate euandri matre quae a uaticinio carmentis dicta est inmortalem conperisset consaeptum etiam intra quod ritus sacrorum factis bouicidiis docuit potitios sacellum herculi in boario foro est in quo argumenta et conuiuii et maiestatis ipsius remanent,suo quoque numini idem hercules instituit aram quae maxima apud pontifices habetur cum se ex nicostrate euandri matre quae a uaticinio carmentis dicta est inmortalem conperisset consaeptum etiam intra quod ritus sacrorum factis bouicidiis docuit potitios sacellum herculi in boario foro est in quo argumenta et conuiuii et maiestatis ipsius remanent
12161,body,10,6,False,,Nam diuinitus neque muscis illo neque canibus ingressus est.,nam diuinitus neque muscis illo neque canibus ingressus est,nam diuinitus neque muscis illo neque canibus ingressus est
12161,body,10,7,False,,"Etenim cum uiscerationem sacrificolis daret, *Myiagrum deum dicitur inprecatus, clauam uero in aditu reliquisse, cuius olfactu refugerunt canes; id usque nunc durat.",etenim cum uiscerationem sacrificolis daret myiagrum deum dicitur inprecatus clauam uero in aditu reliquisse cuius olfactu refugerunt canes id usque nunc durat,etenim cum uiscerationem sacrificolis daret myiagrum deum dicitur inprecatus clauam uero in aditu reliquisse cuius olfactu refugerunt canes id usque nunc durat
12161,body,10,8,False,,"Aedem etiam, quae Saturni aerarium fertur, comites eius condiderunt in honorem Saturni, quem cultorem regionis illius cognouerant extitisse.",aedem etiam quae saturni aerarium fertur comites eius condiderunt in honorem saturni quem cultorem regionis illius cognouerant extitisse,aedem etiam quae saturni aerarium fertur comites eius condiderunt in honorem saturni quem cultorem regionis illius cognouerant extitisse
12161,body,10,9,False,,Iidem et montem Capitolinum Saturnium nominauerunt.,iidem et montem capitolinum saturnium nominauerunt,iidem et montem capitolinum saturnium nominauerunt
12161,body,10,10,False,,"Castelli quoque quod excitauerunt portam appellauerunt Saturniam, quae postmodum Pandana uocitata est.",castelli quoque quod excitauerunt portam appellauerunt saturniam quae postmodum pandana uocitata est,castelli quoque quod excitauerunt portam appellauerunt saturniam quae postmodum pandana uocitata est
12161,body,10,11,False,,"Pars etiam infima Capitolini montis habitaculum Carmentae fuit, ubi Carmentis nunc fanum est, a qua Carmentali portae nomen datum.",pars etiam infima capitolini montis habitaculum carmentae fuit ubi carmentis nunc fanum est a qua carmentali portae nomen datum,pars etiam infima capitolini montis habitaculum carmentae fuit ubi carmentis nunc fanum est a qua carmentali portae nomen datum
12161,body,10,12,False,,"Palatium nemo dubitauerit quin Arcadas habeat auctores, a quibus primum Pallanteum oppidum conditum; quod aliquamdiu Aborigines habitarunt, propter incommodum uicinae paludis, quam praeterfluens Tiberis fecerat, profecti Reate postmodum reliquerunt.",palatium nemo dubitauerit quin arcadas habeat auctores a quibus primum pallanteum oppidum conditum quod aliquamdiu aborigines habitarunt propter incommodum uicinae paludis quam praeterfluens tiberis fecerat profecti reate postmodum reliquerunt,palatium nemo dubitauerit quin arcadas habeat auctores a quibus primum pallanteum oppidum conditum quod aliquamdiu aborigines habitarunt propter incommodum uicinae paludis quam praeterfluens tiberis fecerat profecti reate postmodum reliquerunt
12161,body,10,13,True,,"Sunt qui uelint a balatibus ouium mutata littera, uel a Pale pastorali dea, aut ut Silenus probat a Palantho Hyperborei filia, quam Hercules ibi conpressisse uisus est, nomen monti adoptatum.",sunt qui uelint a balatibus ouium mutata littera uel a pale pastorali dea aut ut silenus probat a palantho hyperborei filia quam hercules ibi conpressisse uisus est nomen monti adoptatum,sunt qui uelint a balatibus ouium mutata littera uel a pale pastorali dea aut ut silenus probat a palantho hyperborei filia quam hercules ibi conpressisse uisus est nomen monti adoptatum
12161,body,11,0,False,,"Sed quamquam ista sic congruant, palam est prospero illi augurio deberi gloriam Romani nominis, maxime cum annorum ratio faciat cardinem ueritati: nam, ut adfirmat Varro auctor diligentissimus, Romam condidit Romulus, Marte genitus et Rea Siluia, uel ut nonnulli Marte et Ilia; dictaque primum est Roma quadrata, quod ad aequilibrium foret posita.",sed quamquam ista sic congruant palam est prospero illi augurio deberi gloriam romani nominis maxime cum annorum ratio faciat cardinem ueritati nam ut adfirmat varro auctor diligentissimus romam condidit romulus marte genitus et rea siluia uel ut nonnulli marte et ilia dictaque primum est roma quadrata quod ad aequilibrium foret posita,sed quamquam ista sic congruant palam est prospero illi augurio deberi gloriam romani nominis maxime cum annorum ratio faciat cardinem ueritati nam ut adfirmat uarro auctor diligentissimus romam condidit romulus marte genitus et rea siluia uel ut nonnulli marte et ilia dictaque primum est roma quadrata quod ad aequilibrium foret posita
12161,body,11,1,False,,"Ea incipit a silua quae est in area Apollinis, et ad supercilium scalarum Caci habet terminum, ubi tugurium fuit Faustuli.",ea incipit a silua quae est in area apollinis et ad supercilium scalarum caci habet terminum ubi tugurium fuit faustuli,ea incipit a silua quae est in area apollinis et ad supercilium scalarum caci habet terminum ubi tugurium fuit faustuli
12161,body,11,2,False,,"Ibi Romulus mansitauit, qui auspicato murorum fundamenta iecit duodeuiginti natus annos, XI k. Mai.",ibi romulus mansitauit qui auspicato murorum fundamenta iecit duodeuiginti natus annos xi k mai,ibi romulus mansitauit qui auspicato murorum fundamenta iecit duodeuiginti natus annos xi k mai
12161,body,11,3,False,,", hora post secundam ante tertiam [plenam], sicut L. Tarruntius prodidit mathematicorum nobilissimus, Ioue in piscibus, Saturno Venere Marte Mercurio in scorpione, Sole in tauro, Luna in libra constitutis.",hora post secundam ante tertiam plenam sicut l tarruntius prodidit mathematicorum nobilissimus ioue in piscibus saturno venere marte mercurio in scorpione sole in tauro luna in libra constitutis,hora post secundam ante tertiam plenam sicut l tarruntius prodidit mathematicorum nobilissimus ioue in piscibus saturno uenere marte mercurio in scorpione sole in tauro luna in libra constitutis
12161,body,11,4,False,,"Et obseruatum deinceps, ne qua hostia Parilibus caederetur, ut dies iste a sanguine purus esset, cuius significationem de partu Iliae tractam uolunt.",et obseruatum deinceps ne qua hostia parilibus caederetur ut dies iste a sanguine purus esset cuius significationem de partu iliae tractam uolunt,et obseruatum deinceps ne qua hostia parilibus caederetur ut dies iste a sanguine purus esset cuius significationem de partu iliae tractam uolunt
12161,body,11,5,False,,Idem Romulus regnauit annos septem et triginta.,idem romulus regnauit annos septem et triginta,idem romulus regnauit annos septem et triginta
12161,body,11,6,False,,"De Caeninensibus egit primum triumphum, et Acroni regi eorum detraxit spolia, quae Ioui Feretrio primus suspendit et opima dixit.",de caeninensibus egit primum triumphum et acroni regi eorum detraxit spolia quae ioui feretrio primus suspendit et opima dixit,de caeninensibus egit primum triumphum et acroni regi eorum detraxit spolia quae ioui feretrio primus suspendit et opima dixit
12161,body,11,7,False,,"Rursum de Antemnatibus triumphauit, de Veientibus tertio.",rursum de antemnatibus triumphauit de veientibus tertio,rursum de antemnatibus triumphauit de ueientibus tertio
12161,body,11,8,True,,Apud Caprae paludem nonis Quintilibus apparere desiit.,apud caprae paludem nonis quintilibus apparere desiit,apud caprae paludem nonis quintilibus apparere desiit
12161,body,12,0,False,,Ceteri reges quibus locis habitauerunt dicemus.,ceteri reges quibus locis habitauerunt dicemus,ceteri reges quibus locis habitauerunt dicemus
12161,body,12,1,False,,"Tatius in arce, ubi nunc aedes est Iunonis Monetae; qui anno quinto quam ingressus urbem fuerat a Laurentibus interemptus est.",tatius in arce ubi nunc aedes est iunonis monetae qui anno quinto quam ingressus urbem fuerat a laurentibus interemptus est,tatius in arce ubi nunc aedes est iunonis monetae qui anno quinto quam ingressus urbem fuerat a laurentibus interemptus est
12161,body,12,2,False,,Septima et uicesima olympiade hominem exiuit.,septima et uicesima olympiade hominem exiuit,septima et uicesima olympiade hominem exiuit
12161,body,12,3,False,,"Numa in colle primum Quirinali, deinde propter aedem Vestae in regia quae adhuc ita appellatur; qui regnauit annis tribus et quadraginta; [sepultus sub Ianiculo].",numa in colle primum quirinali deinde propter aedem vestae in regia quae adhuc ita appellatur qui regnauit annis tribus et quadraginta sepultus sub ianiculo,numa in colle primum quirinali deinde propter aedem uestae in regia quae adhuc ita appellatur qui regnauit annis tribus et quadraginta sepultus sub ianiculo
12161,body,12,4,False,,"Tullus Hostilius in Velia, ubi postea deum Penatium aedes facta est; qui regnauit annos duos et triginta, obiit olympiade quinta et tricesima.",tullus hostilius in velia ubi postea deum penatium aedes facta est qui regnauit annos duos et triginta obiit olympiade quinta et tricesima,tullus hostilius in uelia ubi postea deum penatium aedes facta est qui regnauit annos duos et triginta obiit olympiade quinta et tricesima
12161,body,12,5,False,,"Ancus Marcius in summa sacra uia, ubi aedes Larum est; qui regnauit annos quattuor et uiginti, obiit olympiade prima et quadragesima.",ancus marcius in summa sacra uia ubi aedes larum est qui regnauit annos quattuor et uiginti obiit olympiade prima et quadragesima,ancus marcius in summa sacra uia ubi aedes larum est qui regnauit annos quattuor et uiginti obiit olympiade prima et quadragesima
12161,body,12,6,False,,Tarquinius Priscus ad Mugoniam portam supra summam nouam uiam; qui regnauit annos septem et triginta.,tarquinius priscus ad mugoniam portam supra summam nouam uiam qui regnauit annos septem et triginta,tarquinius priscus ad mugoniam portam supra summam nouam uiam qui regnauit annos septem et triginta
12161,body,12,7,False,,Seruius Tullius Esquilinus supra cliuum Vrbium; qui regnauit annos duos et quadraginta.,seruius tullius esquilinus supra cliuum vrbium qui regnauit annos duos et quadraginta,seruius tullius esquilinus supra cliuum urbium qui regnauit annos duos et quadraginta
12161,body,12,8,True,,Tarquinius Superbus et ipse Esquilinus supra cliuum Pullium ad Fagutalem lacum; qui regnauit annos quinque et uiginti.,tarquinius superbus et ipse esquilinus supra cliuum pullium ad fagutalem lacum qui regnauit annos quinque et uiginti,tarquinius superbus et ipse esquilinus supra cliuum pullium ad fagutalem lacum qui regnauit annos quinque et uiginti
12161,body,13,0,False,,"Cincio Romam duodecima olympiade placet conditam, Pictori octaua, Nepoti et Lutatio, opiniones Eratosthenis et Apollodori comprobantibus, olympiadis septimae anno secundo, Pomponio Attico et M. Tullio olympiadis sextae anno tertio.",cincio romam duodecima olympiade placet conditam pictori octaua nepoti et lutatio opiniones eratosthenis et apollodori comprobantibus olympiadis septimae anno secundo pomponio attico et m tullio olympiadis sextae anno tertio,cincio romam duodecima olympiade placet conditam pictori octaua nepoti et lutatio opiniones eratosthenis et apollodori comprobantibus olympiadis septimae anno secundo pomponio attico et m tullio olympiadis sextae anno tertio
12161,body,13,1,False,,"Conlatis igitur nostris et Graecorum temporibus inuenimus incipiente olympiade septima Romam conditam, anno post Illium captum quadringentesimo tricesimo tertio.",conlatis igitur nostris et graecorum temporibus inuenimus incipiente olympiade septima romam conditam anno post illium captum quadringentesimo tricesimo tertio,conlatis igitur nostris et graecorum temporibus inuenimus incipiente olympiade septima romam conditam anno post illium captum quadringentesimo tricesimo tertio
12161,body,13,2,False,,"Quippe certamen Olympicum, quod Hercules in honorem ataui materni Pelopis ediderat, intermissum Ifitus Eleus instaurauit post excidium Troiae anno quadringentesimo octauo.",quippe certamen olympicum quod hercules in honorem ataui materni pelopis ediderat intermissum ifitus eleus instaurauit post excidium troiae anno quadringentesimo octauo,quippe certamen olympicum quod hercules in honorem ataui materni pelopis ediderat intermissum ifitus eleus instaurauit post excidium troiae anno quadringentesimo octauo
12161,body,13,3,False,,Ergo ab Ifito numeratur olympias prima.,ergo ab ifito numeratur olympias prima,ergo ab ifito numeratur olympias prima
12161,body,13,4,False,,"Ita sex mediis olympiadibus interiectis, quibus singulis anni quaterni inputantur, cum septima coeptante Roma condita sit, inter exortum urbis et Troiam captam iure esse annos quadringentos triginta tres constat.",ita sex mediis olympiadibus interiectis quibus singulis anni quaterni inputantur cum septima coeptante roma condita sit inter exortum urbis et troiam captam iure esse annos quadringentos triginta tres constat,ita sex mediis olympiadibus interiectis quibus singulis anni quaterni inputantur cum septima coeptante roma condita sit inter exortum urbis et troiam captam iure esse annos quadringentos triginta tres constat
12161,body,13,5,False,,"Huic argumento illud accedit, quod cum C. Pompeius Gallus et Q. Veranius urbis conditae anno octingentesimo primo fuerint consules, consulatu eorum olympias septima et ducentesima actis publicis annotata est.",huic argumento illud accedit quod cum c pompeius gallus et q veranius urbis conditae anno octingentesimo primo fuerint consules consulatu eorum olympias septima et ducentesima actis publicis annotata est,huic argumento illud accedit quod cum c pompeius gallus et q ueranius urbis conditae anno octingentesimo primo fuerint consules consulatu eorum olympias septima et ducentesima actis publicis annotata est
12161,body,13,6,False,,"Quater ergo multiplicatis sex et ducentis olympiadibus erunt anni octingenti uiginti quattuor, quibus septima olympiade adnectendus primus annus est, ut in solidum conligantur anni octingenti uiginti quinque.",quater ergo multiplicatis sex et ducentis olympiadibus erunt anni octingenti uiginti quattuor quibus septima olympiade adnectendus primus annus est ut in solidum conligantur anni octingenti uiginti quinque,quater ergo multiplicatis sex et ducentis olympiadibus erunt anni octingenti uiginti quattuor quibus septima olympiade adnectendus primus annus est ut in solidum conligantur anni octingenti uiginti quinque
12161,body,13,7,False,,"Ex qua summa detractis quattuor et uiginti annis olympiadum retro sex, manifeste anni octingenti et unus reliqui fient.",ex qua summa detractis quattuor et uiginti annis olympiadum retro sex manifeste anni octingenti et unus reliqui fient,ex qua summa detractis quattuor et uiginti annis olympiadum retro sex manifeste anni octingenti et unus reliqui fient
12161,body,13,8,True,,"Quapropter cum octingentesimo primo anno urbis conditae ducentesima septima olympias computetur, par est Romam septimae olympiadis anno primo credi conditam.",quapropter cum octingentesimo primo anno urbis conditae ducentesima septima olympias computetur par est romam septimae olympiadis anno primo credi conditam,quapropter cum octingentesimo primo anno urbis conditae ducentesima septima olympias computetur par est romam septimae olympiadis anno primo credi conditam
12161,body,14,0,False,,In qua regnatum est annis ducentis quadraginta uno.,in qua regnatum est annis ducentis quadraginta uno,in qua regnatum est annis ducentis quadraginta uno
12161,body,14,1,False,,Decemuiri creati anno trecentesimo secundo.,decemuiri creati anno trecentesimo secundo,decemuiri creati anno trecentesimo secundo
12161,body,14,2,False,,"Primum Punicum bellum anno *quadringentesimo octogesimo nono, secundum quingentesimo tricesimo quinto, tertium sescentesimo quarto, sociale sescentesimo sexagesimo secundo.",primum punicum bellum anno quadringentesimo octogesimo nono secundum quingentesimo tricesimo quinto tertium sescentesimo quarto sociale sescentesimo sexagesimo secundo,primum punicum bellum anno quadringentesimo octogesimo nono secundum quingentesimo tricesimo quinto tertium sescentesimo quarto sociale sescentesimo sexagesimo secundo
12161,body,14,3,False,,"Ad Hirtium et C. Pansam consules anni septingenti decem; quorum consulatu Caesar Augustus est consul creatus, octauum decimum annum agens, qui principatum ita ingressus est, ut uigilantia illius non modo securum, uerum etiam tutum imperium esset.",ad hirtium et c pansam consules anni septingenti decem quorum consulatu caesar augustus est consul creatus octauum decimum annum agens qui principatum ita ingressus est ut uigilantia illius non modo securum uerum etiam tutum imperium esset,ad hirtium et c pansam consules anni septingenti decem quorum consulatu caesar augustus est consul creatus octauum decimum annum agens qui principatum ita ingressus est ut uigilantia illius non modo securum uerum etiam tutum imperium esset
12161,body,14,4,True,,"Quod tempus ferme solum repertum est, quo plurimum et arma cessauerint et ingenia floruerint, scilicet ne inerti iustitio langueret uirtutis opera, bellis quiescentibus.",quod tempus ferme solum repertum est quo plurimum et arma cessauerint et ingenia floruerint scilicet ne inerti iustitio langueret uirtutis opera bellis quiescentibus,quod tempus ferme solum repertum est quo plurimum et arma cessauerint et ingenia floruerint scilicet ne inerti iustitio langueret uirtutis opera bellis quiescentibus
12161,body,15,0,False,,"Tunc ergo primum cursus anni perspecta ratio, quae a rerum origine profunda caligine tegebatur.",tunc ergo primum cursus anni perspecta ratio quae a rerum origine profunda caligine tegebatur,tunc ergo primum cursus anni perspecta ratio quae a rerum origine profunda caligine tegebatur
12161,body,15,1,False,,"Nam ante Augustum Caesarem incerto modo annum conputabant, qui apud Aegyptios quattuor mensibus terminabatur, apud Arcadas tribus, apud Acarnanas sex, in Italia apud Lauinios tredecim, quorum annus trecentis septuaginta quattuor diebus ferebatur.",nam ante augustum caesarem incerto modo annum conputabant qui apud aegyptios quattuor mensibus terminabatur apud arcadas tribus apud acarnanas sex in italia apud lauinios tredecim quorum annus trecentis septuaginta quattuor diebus ferebatur,nam ante augustum caesarem incerto modo annum conputabant qui apud aegyptios quattuor mensibus terminabatur apud arcadas tribus apud acarnanas sex in italia apud lauinios tredecim quorum annus trecentis septuaginta quattuor diebus ferebatur
12161,body,15,2,False,,"Romani initio annum decem mensibus computauerunt a Martio auspicantes, adeo ut eius die prima de aris Vestalibus ignes accenderent, mutarent ueteribus uirides laureas, senatus et populus comitia agerent, matronae seruis suis cenas ponerent, sicuti Saturnalibus domini; illae ut honore promptius obsequium prouocarent, hi quasi gratiam repensarent perfecti laboris; maximeque hunc mensem principem testatur fuisse, quod qui ab hoc quintas erat Quintilis dictus est, deinde numero decurrente December sollemnem circuitum finiebat intra diem trecentesimum quartum; tunc enim iste numerus explebat annum, ita ut sex menses tricenum dierum essent, quattuor reliqui tricenis et singulis expedirentur.",romani initio annum decem mensibus computauerunt a martio auspicantes adeo ut eius die prima de aris vestalibus ignes accenderent mutarent ueteribus uirides laureas senatus et populus comitia agerent matronae seruis suis cenas ponerent sicuti saturnalibus domini illae ut honore promptius obsequium prouocarent hi quasi gratiam repensarent perfecti laboris maximeque hunc mensem principem testatur fuisse quod qui ab hoc quintas erat quintilis dictus est deinde numero decurrente december sollemnem circuitum finiebat intra diem trecentesimum quartum tunc enim iste numerus explebat annum ita ut sex menses tricenum dierum essent quattuor reliqui tricenis et singulis expedirentur,romani initio annum decem mensibus computauerunt a martio auspicantes adeo ut eius die prima de aris uestalibus ignes accenderent mutarent ueteribus uirides laureas senatus et populus comitia agerent matronae seruis suis cenas ponerent sicuti saturnalibus domini illae ut honore promptius obsequium prouocarent hi quasi gratiam repensarent perfecti laboris maximeque hunc mensem principem testatur fuisse quod qui ab hoc quintas erat quintilis dictus est deinde numero decurrente december sollemnem circuitum finiebat intra diem trecentesimum quartum tunc enim iste numerus explebat annum ita ut sex menses tricenum dierum essent quattuor reliqui tricenis et singulis expedirentur
12161,body,15,3,False,,"Sed quoniam ratio illa ante Numam a lunae cursu discreparet, lunari computatione annum peraequarunt, quinquaginta et uno die auctis.",sed quoniam ratio illa ante numam a lunae cursu discreparet lunari computatione annum peraequarunt quinquaginta et uno die auctis,sed quoniam ratio illa ante numam a lunae cursu discreparet lunari computatione annum peraequarunt quinquaginta et uno die auctis
12161,body,15,4,False,,"Vt ergo perficerent duodecim menses, de sex mensibus superioribus detraxerunt dies singulos, eosque quinquaginta istis et uno diebus adnexuerunt, factique quinquaginta septem diuisi sunt in duos menses, quorum alter uiginti nouem, alter uiginti octo dies detinebant.",vt ergo perficerent duodecim menses de sex mensibus superioribus detraxerunt dies singulos eosque quinquaginta istis et uno diebus adnexuerunt factique quinquaginta septem diuisi sunt in duos menses quorum alter uiginti nouem alter uiginti octo dies detinebant,ut ergo perficerent duodecim menses de sex mensibus superioribus detraxerunt dies singulos eosque quinquaginta istis et uno diebus adnexuerunt factique quinquaginta septem diuisi sunt in duos menses quorum alter uiginti nouem alter uiginti octo dies detinebant
12161,body,15,5,True,,Sic annus habere quinque atque quinquaginta et trecentos dies coepit.,sic annus habere quinque atque quinquaginta et trecentos dies coepit,sic annus habere quinque atque quinquaginta et trecentos dies coepit
12161,body,16,0,False,,"Postmodum eum perspicerent temere annum clausum intra dies quos supra diximus, quandoquidem appareret solis meatum non ante trecentesimum sexagesimum quintum diem, abundante insuper quadrantis particula, zodiacum conficere decursum, quadrantem illum et decem dies addiderunt, ut ad liquidum annus diebus trecentis sexaginta quinque et quadrante constaret, hortante obseruatione inparis numeri, quem Pythagoras monuit praeponi in omnibus oportere.",postmodum eum perspicerent temere annum clausum intra dies quos supra diximus quandoquidem appareret solis meatum non ante trecentesimum sexagesimum quintum diem abundante insuper quadrantis particula zodiacum conficere decursum quadrantem illum et decem dies addiderunt ut ad liquidum annus diebus trecentis sexaginta quinque et quadrante constaret hortante obseruatione inparis numeri quem pythagoras monuit praeponi in omnibus oportere,postmodum eum perspicerent temere annum clausum intra dies quos supra diximus quandoquidem appareret solis meatum non ante trecentesimum sexagesimum quintum diem abundante insuper quadrantis particula zodiacum conficere decursum quadrantem illum et decem dies addiderunt ut ad liquidum annus diebus trecentis sexaginta quinque et quadrante constaret hortante obseruatione inparis numeri quem pythagoras monuit praeponi in omnibus oportere
12161,body,16,1,False,,"Vnde propter dies inpares diis superis et Ianuarius dicatur et Martius, propter pares Februarius quasi ominosus diis inferis deputatur.",vnde propter dies inpares diis superis et ianuarius dicatur et martius propter pares februarius quasi ominosus diis inferis deputatur,unde propter dies inpares diis superis et ianuarius dicatur et martius propter pares februarius quasi ominosus diis inferis deputatur
12161,body,16,2,False,,"Cum itaque haec definitio toto orbe placuisset, custodiendi quadrantis gratia a diuersis gentibus uarie intercalabatur, nec umquam tamen ad liquidum fiebat temporum peraequatio.",cum itaque haec definitio toto orbe placuisset custodiendi quadrantis gratia a diuersis gentibus uarie intercalabatur nec umquam tamen ad liquidum fiebat temporum peraequatio,cum itaque haec definitio toto orbe placuisset custodiendi quadrantis gratia a diuersis gentibus uarie intercalabatur nec umquam tamen ad liquidum fiebat temporum peraequatio
12161,body,16,3,False,,"Graeci ergo singulis annis undecim dies et quadrantem detrahebant, eosque octies multiplicatos in annum nonum reseruabant, ut contractus nonagenarius numerus in tres menses per tricenos dies scinderetur; qui anno nono restituti efficiebant dies quadringentos quadraginta quattuor, quos embolismos uel hyperballontas nominabant.",graeci ergo singulis annis undecim dies et quadrantem detrahebant eosque octies multiplicatos in annum nonum reseruabant ut contractus nonagenarius numerus in tres menses per tricenos dies scinderetur qui anno nono restituti efficiebant dies quadringentos quadraginta quattuor quos embolismos uel hyperballontas nominabant,graeci ergo singulis annis undecim dies et quadrantem detrahebant eosque octies multiplicatos in annum nonum reseruabant ut contractus nonagenarius numerus in tres menses per tricenos dies scinderetur qui anno nono restituti efficiebant dies quadringentos quadraginta quattuor quos embolismos uel hyperballontas nominabant
12161,body,16,4,False,,"Quod eum initio Romani probassent, contemplatione numeri parilis offensi neglectum breui perdiderunt, translata in sacerdotes intercalandi potestate; qui plerumque gratificantes rationibus publicanorum pro libidine sua subtrahebant tempora uel augebant.",quod eum initio romani probassent contemplatione numeri parilis offensi neglectum breui perdiderunt translata in sacerdotes intercalandi potestate qui plerumque gratificantes rationibus publicanorum pro libidine sua subtrahebant tempora uel augebant,quod eum initio romani probassent contemplatione numeri parilis offensi neglectum breui perdiderunt translata in sacerdotes intercalandi potestate qui plerumque gratificantes rationibus publicanorum pro libidine sua subtrahebant tempora uel augebant
12161,body,16,5,True,,"Cum haec sic forent constituta modusque intercalandi interdum cumulatior, interdum fieret imminutior, uel omnino dissimulatus praeteriretur, nonnumquam accidebat, ut menses qui fuerant transacti hieme, modo aestiuum modo autumnale tempus inciderent.",cum haec sic forent constituta modusque intercalandi interdum cumulatior interdum fieret imminutior uel omnino dissimulatus praeteriretur nonnumquam accidebat ut menses qui fuerant transacti hieme modo aestiuum modo autumnale tempus inciderent,cum haec sic forent constituta modusque intercalandi interdum cumulatior interdum fieret imminutior uel omnino dissimulatus praeteriretur nonnumquam accidebat ut menses qui fuerant transacti hieme modo aestiuum modo autumnale tempus inciderent
12161,body,17,0,False,,"Itaque C. Caesar uniuersam hane inconstantiam, incisa temporum turbatione, composuit, et ut statum certum praeteritus acciperet error, dies uiginti unum et quadrantem simul intercalauit; quo pacto regradati menses de cetero statuta ordinis sui tempora detinerent.",itaque c caesar uniuersam hane inconstantiam incisa temporum turbatione composuit et ut statum certum praeteritus acciperet error dies uiginti unum et quadrantem simul intercalauit quo pacto regradati menses de cetero statuta ordinis sui tempora detinerent,itaque c caesar uniuersam hane inconstantiam incisa temporum turbatione composuit et ut statum certum praeteritus acciperet error dies uiginti unum et quadrantem simul intercalauit quo pacto regradati menses de cetero statuta ordinis sui tempora detinerent
12161,body,17,1,False,,"Ille ergo annus solus trecentos quadraginta quattuor dies habuit, alii deinceps trecentenos sexagenos quinos et quadrantem.",ille ergo annus solus trecentos quadraginta quattuor dies habuit alii deinceps trecentenos sexagenos quinos et quadrantem,ille ergo annus solus trecentos quadraginta quattuor dies habuit alii deinceps trecentenos sexagenos quinos et quadrantem
12161,body,17,2,False,,Et tunc quoque uitium admissum est per sacerdotes.,et tunc quoque uitium admissum est per sacerdotes,et tunc quoque uitium admissum est per sacerdotes
12161,body,17,3,False,,"Nam cum praeceptum esset, anno quarto ut intercalarent unum diem, et oporteret confecto quarto anno id obseruari, antequam quintus auspicaretur, illi incipiente quarto intercalarunt, non desinente.",nam cum praeceptum esset anno quarto ut intercalarent unum diem et oporteret confecto quarto anno id obseruari antequam quintus auspicaretur illi incipiente quarto intercalarunt non desinente,nam cum praeceptum esset anno quarto ut intercalarent unum diem et oporteret confecto quarto anno id obseruari antequam quintus auspicaretur illi incipiente quarto intercalarunt non desinente
12161,body,17,4,False,,"Sic per annos sex et triginta cum nouem dies tantummodo sufficere debuissent, duodecim sunt intercalati.",sic per annos sex et triginta cum nouem dies tantummodo sufficere debuissent duodecim sunt intercalati,sic per annos sex et triginta cum nouem dies tantummodo sufficere debuissent duodecim sunt intercalati
12161,body,17,5,False,,"Quod deprehensum Augustus reformauit, iussitque annos duodecim sine intercalatione decurrere, ut tres illi dies, qui ultra nouem necessarios temere fuerant intercalati, hoc modo possent repensari.",quod deprehensum augustus reformauit iussitque annos duodecim sine intercalatione decurrere ut tres illi dies qui ultra nouem necessarios temere fuerant intercalati hoc modo possent repensari,quod deprehensum augustus reformauit iussitque annos duodecim sine intercalatione decurrere ut tres illi dies qui ultra nouem necessarios temere fuerant intercalati hoc modo possent repensari
12161,body,17,6,True,,Ex qua disciplina omnium postea temporum fundata ratio est.,ex qua disciplina omnium postea temporum fundata ratio est,ex qua disciplina omnium postea temporum fundata ratio est
12161,body,18,0,False,,"Verum cum et hoc et multa alia Augusti temporibus debeantur, qui paene sine exemplo rerum potitus est, tanta et tot in uita eius inueniuntur aduersa, ut non sit facile discernere, calamitosior an beatior fuerit.",verum cum et hoc et multa alia augusti temporibus debeantur qui paene sine exemplo rerum potitus est tanta et tot in uita eius inueniuntur aduersa ut non sit facile discernere calamitosior an beatior fuerit,uerum cum et hoc et multa alia augusti temporibus debeantur qui paene sine exemplo rerum potitus est tanta et tot in uita eius inueniuntur aduersa ut non sit facile discernere calamitosior an beatior fuerit
12161,body,18,1,True,,"Primum quod apud auunculum in petitione magisterii equitum praelatus est ei Lepidus tribunus, cum quadam auspicantium coeptorum nota; mox triumuiratus collegium praegraui potestate Antonii, Philippensis, inde proscriptionis inuidia; abdicatio Postumi Agrippae post adoptionem, deinde desiderio eius insignis paenitentia; naufragia Sicula; turpis ibi in spelunca occultatio; seditiones militum plurimae; Perusina cura; detectum filiae adulterium et uoluntas parricidalis; nec minore dedecore neptis infamia; incusatae mortes filiorum et amissis liberis non solus orbitatis dolor; urbis pestilentia, fames Italiae, bello Hillyrico angustiae rei militaris, corpus morbidum, contumeliosa dissensio priuigni Neronis, uxoris etiam Tiberii cogitationes parum fidae, atque in hunc modum plura.",primum quod apud auunculum in petitione magisterii equitum praelatus est ei lepidus tribunus cum quadam auspicantium coeptorum nota mox triumuiratus collegium praegraui potestate antonii philippensis inde proscriptionis inuidia abdicatio postumi agrippae post adoptionem deinde desiderio eius insignis paenitentia naufragia sicula turpis ibi in spelunca occultatio seditiones militum plurimae perusina cura detectum filiae adulterium et uoluntas parricidalis nec minore dedecore neptis infamia incusatae mortes filiorum et amissis liberis non solus orbitatis dolor urbis pestilentia fames italiae bello hillyrico angustiae rei militaris corpus morbidum contumeliosa dissensio priuigni neronis uxoris etiam tiberii cogitationes parum fidae atque in hunc modum plura,primum quod apud auunculum in petitione magisterii equitum praelatus est ei lepidus tribunus cum quadam auspicantium coeptorum nota mox triumuiratus collegium praegraui potestate antonii philippensis inde proscriptionis inuidia abdicatio postumi agrippae post adoptionem deinde desiderio eius insignis paenitentia naufragia sicula turpis ibi in spelunca occultatio seditiones militum plurimae perusina cura detectum filiae adulterium et uoluntas parricidalis nec minore dedecore neptis infamia incusatae mortes filiorum et amissis liberis non solus orbitatis dolor urbis pestilentia fames italiae bello hillyrico angustiae rei militaris corpus morbidum contumeliosa dissensio priuigni neronis uxoris etiam tiberii cogitationes parum fidae atque in hunc modum plura
12161,body,19,0,False,,"Huius tamen suprema quasi lugeret saeculum, penuria insecuta est frugum omnium; ac ne fortuitum quod acciderat uideretur, inminentia mala non dubiis signis apparuerunt; nam Fausta quaedam ex plebe partu uno edidit quattuor geminos, mares duos, feminas totidem, monstruosa fecunditate portendens futurae calamitatis indicium; quamlibet Trogus auctor adfirmet in Aegypto septenos uno utero simul gigni; quod ibi minus mirum, eum fetifero potu Nilus non tantum terrarum sed etiam hominum fecundet arua.",huius tamen suprema quasi lugeret saeculum penuria insecuta est frugum omnium ac ne fortuitum quod acciderat uideretur inminentia mala non dubiis signis apparuerunt nam fausta quaedam ex plebe partu uno edidit quattuor geminos mares duos feminas totidem monstruosa fecunditate portendens futurae calamitatis indicium quamlibet trogus auctor adfirmet in aegypto septenos uno utero simul gigni quod ibi minus mirum eum fetifero potu nilus non tantum terrarum sed etiam hominum fecundet arua,huius tamen suprema quasi lugeret saeculum penuria insecuta est frugum omnium ac ne fortuitum quod acciderat uideretur inminentia mala non dubiis signis apparuerunt nam fausta quaedam ex plebe partu uno edidit quattuor geminos mares duos feminas totidem monstruosa fecunditate portendens futurae calamitatis indicium quamlibet trogus auctor adfirmet in aegypto septenos uno utero simul gigni quod ibi minus mirum eum fetifero potu nilus non tantum terrarum sed etiam hominum fecundet arua
12161,body,19,1,True,,"Legimus Cn. Pompeium Eutychidem feminam Asia exhibitam, quam constabat tricies enixam, cum uiginti eius liberis in theatro suo publicasse.",legimus cn pompeium eutychidem feminam asia exhibitam quam constabat tricies enixam cum uiginti eius liberis in theatro suo publicasse,legimus cn pompeium eutychidem feminam asia exhibitam quam constabat tricies enixam cum uiginti eius liberis in theatro suo publicasse
12161,body,20,0,False,,Vnde competens hoc loco duco super hominis generatione tractare.,vnde competens hoc loco duco super hominis generatione tractare,unde competens hoc loco duco super hominis generatione tractare
12161,body,20,1,True,,"Etenim cum de animalibus quae ligna dictu uidebuntur, prout patria cuiusque admonebit simus notaturi, iure ab eo potissimum ordiemur, quod rerum natura sensus iudicio et rationis capacitate praeposuit omnibus.",etenim cum de animalibus quae ligna dictu uidebuntur prout patria cuiusque admonebit simus notaturi iure ab eo potissimum ordiemur quod rerum natura sensus iudicio et rationis capacitate praeposuit omnibus,etenim cum de animalibus quae ligna dictu uidebuntur prout patria cuiusque admonebit simus notaturi iure ab eo potissimum ordiemur quod rerum natura sensus iudicio et rationis capacitate praeposuit omnibus
12161,body,21,0,False,,"Itaque ut Democritus physicus ostendit, mulier solum animal menstruale est, cuius profluuia non paruis spectata documentis inter monstrifica merito numerantur.",itaque ut democritus physicus ostendit mulier solum animal menstruale est cuius profluuia non paruis spectata documentis inter monstrifica merito numerantur,itaque ut democritus physicus ostendit mulier solum animal menstruale est cuius profluuia non paruis spectata documentis inter monstrifica merito numerantur
12161,body,21,1,False,,"Contactae his fruges non germinabunt, acescent musta, morientur herbae, amittent arbores fetus, ferrum robigo corripiet, nigrescent aera, si quid canes inde ederint in rabiem efferabuntur, nocituri morsibus quibus, lymphaticos faciunt.",contactae his fruges non germinabunt acescent musta morientur herbae amittent arbores fetus ferrum robigo corripiet nigrescent aera si quid canes inde ederint in rabiem efferabuntur nocituri morsibus quibus lymphaticos faciunt,contactae his fruges non germinabunt acescent musta morientur herbae amittent arbores fetus ferrum robigo corripiet nigrescent aera si quid canes inde ederint in rabiem efferabuntur nocituri morsibus quibus lymphaticos faciunt
12161,body,21,2,False,,Parua haec sunt.,parua haec sunt,parua haec sunt
12161,body,21,3,False,,"Bitumen in Iudaea quod Asphaltites gignit lacus adeo lentum mollitie glutinosa, ut a se nequeat separari, enimuero si abrumpere partem uelis, uniuersitas sequetur scindique non potest, quoniam in quantum ducatur extenditur.",bitumen in iudaea quod asphaltites gignit lacus adeo lentum mollitie glutinosa ut a se nequeat separari enimuero si abrumpere partem uelis uniuersitas sequetur scindique non potest quoniam in quantum ducatur extenditur,bitumen in iudaea quod asphaltites gignit lacus adeo lentum mollitie glutinosa ut a se nequeat separari enimuero si abrumpere partem uelis uniuersitas sequetur scindique non potest quoniam in quantum ducatur extenditur
12161,body,21,4,False,,"Sed ubi admota fuerint cruore illo polluta fila, sponte dispergitur, et adplicita tabe diducitur paulo ante corpus unum, fitque de tenacitate conexa contagione partitio repentina.",sed ubi admota fuerint cruore illo polluta fila sponte dispergitur et adplicita tabe diducitur paulo ante corpus unum fitque de tenacitate conexa contagione partitio repentina,sed ubi admota fuerint cruore illo polluta fila sponte dispergitur et adplicita tabe diducitur paulo ante corpus unum fitque de tenacitate conexa contagione partitio repentina
12161,body,21,5,False,,"Habet plane illud in se solum salutare, quod auertit sidus Helenae perniciosissimum nauigantibus.",habet plane illud in se solum salutare quod auertit sidus helenae perniciosissimum nauigantibus,habet plane illud in se solum salutare quod auertit sidus helenae perniciosissimum nauigantibus
12161,body,21,6,True,,"Ceterum ipsae feminae, quibus munus est necessitatis huius, quamdiu sint in sua lege, non innocentibus oculis contuentur; aspectu specula uitiant, ita ut hebetetur uisu fulgor offensus et solitam aemulationem uultus extinctus splendor amittat faciesque obtunsi nitoris quadam caligine nubiletur.",ceterum ipsae feminae quibus munus est necessitatis huius quamdiu sint in sua lege non innocentibus oculis contuentur aspectu specula uitiant ita ut hebetetur uisu fulgor offensus et solitam aemulationem uultus extinctus splendor amittat faciesque obtunsi nitoris quadam caligine nubiletur,ceterum ipsae feminae quibus munus est necessitatis huius quamdiu sint in sua lege non innocentibus oculis contuentur aspectu specula uitiant ita ut hebetetur uisu fulgor offensus et solitam aemulationem uultus extinctus splendor amittat faciesque obtunsi nitoris quadam caligine nubiletur
12161,body,22,0,False,,"Mulierum aliae in aeternum steriles sunt, aliae mutatis coniugiis exuunt sterilitatem, nonnullae tantum semel pariunt, quaedam aut feminas aut mares semper.",mulierum aliae in aeternum steriles sunt aliae mutatis coniugiis exuunt sterilitatem nonnullae tantum semel pariunt quaedam aut feminas aut mares semper,mulierum aliae in aeternum steriles sunt aliae mutatis coniugiis exuunt sterilitatem nonnullae tantum semel pariunt quaedam aut feminas aut mares semper
12161,body,22,1,False,,"Post annum quinquagesimum fecunditas omnium conquiescit; nam in annum octogesimum uiri generant, sicuti Masinissa rex Mathumannum filium septuagesimum et sextum annum agens genuit, Cato octogesimo exacto ex filia Salonis clientis sui auum Vticensis Catonis procreauit.",post annum quinquagesimum fecunditas omnium conquiescit nam in annum octogesimum uiri generant sicuti masinissa rex mathumannum filium septuagesimum et sextum annum agens genuit cato octogesimo exacto ex filia salonis clientis sui auum vticensis catonis procreauit,post annum quinquagesimum fecunditas omnium conquiescit nam in annum octogesimum uiri generant sicuti masinissa rex mathumannum filium septuagesimum et sextum annum agens genuit cato octogesimo exacto ex filia salonis clientis sui auum uticensis catonis procreauit
12161,body,22,2,False,,"Compertum et illud est, quod inter duos conceptus cum intercessit paululum temporis, uterque residet, sicut in Hercule et Iphicle apparuit fratre eius, qui gestati eodem onere, interuallis tamen quibus concepti fuerant nati uidentur; et de Proconnesia ancilla, quae e duplici adulterio geminos edidit, utrumque patri suo similem.",compertum et illud est quod inter duos conceptus cum intercessit paululum temporis uterque residet sicut in hercule et iphicle apparuit fratre eius qui gestati eodem onere interuallis tamen quibus concepti fuerant nati uidentur et de proconnesia ancilla quae e duplici adulterio geminos edidit utrumque patri suo similem,compertum et illud est quod inter duos conceptus cum intercessit paululum temporis uterque residet sicut in hercule et iphicle apparuit fratre eius qui gestati eodem onere interuallis tamen quibus concepti fuerant nati uidentur et de proconnesia ancilla quae e duplici adulterio geminos edidit utrumque patri suo similem
12161,body,22,3,False,,"Hic Iphicles Iolaum creat, qui Sardiniam ingressus, palantes incolarum animos ad concordiam eblanditus, Olbiam atque alia Graeca oppida extruxit.",hic iphicles iolaum creat qui sardiniam ingressus palantes incolarum animos ad concordiam eblanditus olbiam atque alia graeca oppida extruxit,hic iphicles iolaum creat qui sardiniam ingressus palantes incolarum animos ad concordiam eblanditus olbiam atque alia graeca oppida extruxit
12161,body,22,4,True,,"Iolenses ab eo dicti sepulcro eius templum addiderunt, quod imitatus uirtutem patrui malis plurimis Sardiniam liberasset.",iolenses ab eo dicti sepulcro eius templum addiderunt quod imitatus uirtutem patrui malis plurimis sardiniam liberasset,iolenses ab eo dicti sepulcro eius templum addiderunt quod imitatus uirtutem patrui malis plurimis sardiniam liberasset
12161,body,23,0,False,,"Ante omnia subolem cogitantibus sternutatio post coitus cauenda, ne prius semen excutiat inpulsus repentinus, quam penetralibus se matris insinuet umor paternus.",ante omnia subolem cogitantibus sternutatio post coitus cauenda ne prius semen excutiat inpulsus repentinus quam penetralibus se matris insinuet umor paternus,ante omnia subolem cogitantibus sternutatio post coitus cauenda ne prius semen excutiat inpulsus repentinus quam penetralibus se matris insinuet umor paternus
12161,body,23,1,False,,"Quod si natalis materia haeserit, decimus a conceptu dies dolore grauidas admonebit.",quod si natalis materia haeserit decimus a conceptu dies dolore grauidas admonebit,quod si natalis materia haeserit decimus a conceptu dies dolore grauidas admonebit
12161,body,23,2,False,,"Iam inde incipiet et capitis inquietudo, et caligine uisus hebetabitur; ciborum quoque fastidiis stomachi claudetur cupido.",iam inde incipiet et capitis inquietudo et caligine uisus hebetabitur ciborum quoque fastidiis stomachi claudetur cupido,iam inde incipiet et capitis inquietudo et caligine uisus hebetabitur ciborum quoque fastidiis stomachi claudetur cupido
12161,body,23,3,False,,"Conuenit inter omnes, corda primum ex uniuersa formari carne, eaque in diem quintum et sexagesimum crescere, dein minui; at ex ossibus spinas.",conuenit inter omnes corda primum ex uniuersa formari carne eaque in diem quintum et sexagesimum crescere dein minui at ex ossibus spinas,conuenit inter omnes corda primum ex uniuersa formari carne eaque in diem quintum et sexagesimum crescere dein minui at ex ossibus spinas
12161,body,23,4,False,,"Plane si corpusculum in marem figuretur, melior est color grauidis et pronior partitudo uteri, denique a quadragesimo die motus. alter sexus nonagesimo primum die palpitat et concepta femina gestantis uultum pallore inficit, crura quoque praepedit languida tarditate.",plane si corpusculum in marem figuretur melior est color grauidis et pronior partitudo uteri denique a quadragesimo die motus alter sexus nonagesimo primum die palpitat et concepta femina gestantis uultum pallore inficit crura quoque praepedit languida tarditate,plane si corpusculum in marem figuretur melior est color grauidis et pronior partitudo uteri denique a quadragesimo die motus alter sexus nonagesimo primum die palpitat et concepta femina gestantis uultum pallore inficit crura quoque praepedit languida tarditate
12161,body,23,5,False,,"In utroque sexu cum capilli germinant, incommodum maius est fitque pleniluniis auctior aegritudo, quod tempus etiam editis semper nocet.",in utroque sexu cum capilli germinant incommodum maius est fitque pleniluniis auctior aegritudo quod tempus etiam editis semper nocet,in utroque sexu cum capilli germinant incommodum maius est fitque pleniluniis auctior aegritudo quod tempus etiam editis semper nocet
12161,body,23,6,False,,"Cum salsiores escas edit grauida, unguiculis caret partus.",cum salsiores escas edit grauida unguiculis caret partus,cum salsiores escas edit grauida unguiculis caret partus
12161,body,23,7,True,,"At cum prope ad uterum liberandum uenerint momenta maturitatis, enitenti spiritum retinere plurimum congruit, quoniam quidem letali mora oscitatio suspendit puerperia.",at cum prope ad uterum liberandum uenerint momenta maturitatis enitenti spiritum retinere plurimum congruit quoniam quidem letali mora oscitatio suspendit puerperia,at cum prope ad uterum liberandum uenerint momenta maturitatis enitenti spiritum retinere plurimum congruit quoniam quidem letali mora oscitatio suspendit puerperia
12161,body,24,0,False,,"Contra naturam est in pedes procedere nascentes, quapropter uelut aegre parti appellantur Agrippae.",contra naturam est in pedes procedere nascentes quapropter uelut aegre parti appellantur agrippae,contra naturam est in pedes procedere nascentes quapropter uelut aegre parti appellantur agrippae
12161,body,24,1,False,,Ita editi minus prospere uiuunt et de uita aeuo breui cedunt.,ita editi minus prospere uiuunt et de uita aeuo breui cedunt,ita editi minus prospere uiuunt et de uita aeuo breui cedunt
12161,body,24,2,False,,"Denique in uno M. Agrippa felicitatis exemplum est, nec tamen usque eo inoffensae, ut non plura aduersa pertulerit quam secunda; namque misera pedum ualitudine et aperto coniugis adulterio et aliquot infelicitatis notis praeposteri ortus omen luit.",denique in uno m agrippa felicitatis exemplum est nec tamen usque eo inoffensae ut non plura aduersa pertulerit quam secunda namque misera pedum ualitudine et aperto coniugis adulterio et aliquot infelicitatis notis praeposteri ortus omen luit,denique in uno m agrippa felicitatis exemplum est nec tamen usque eo inoffensae ut non plura aduersa pertulerit quam secunda namque misera pedum ualitudine et aperto coniugis adulterio et aliquot infelicitatis notis praeposteri ortus omen luit
12161,body,24,3,False,,"Feminis perinde est infausta natiuitas, si concretum uirginal fuerit, quo pacto genitalia fuere Corneliae, quae editis Gracchis ostentum hoc piauit sinistro exitu liberorum.",feminis perinde est infausta natiuitas si concretum uirginal fuerit quo pacto genitalia fuere corneliae quae editis gracchis ostentum hoc piauit sinistro exitu liberorum,feminis perinde est infausta natiuitas si concretum uirginal fuerit quo pacto genitalia fuere corneliae quae editis gracchis ostentum hoc piauit sinistro exitu liberorum
12161,body,24,4,False,,"Rursum necatis matribus natus est auspicatior, sicut Scipio Africanus prior, qui defuncta parente, quod excisus utero in diem uenerat, primus Romanorum Caesar dictus est.",rursum necatis matribus natus est auspicatior sicut scipio africanus prior qui defuncta parente quod excisus utero in diem uenerat primus romanorum caesar dictus est,rursum necatis matribus natus est auspicatior sicut scipio africanus prior qui defuncta parente quod excisus utero in diem uenerat primus romanorum caesar dictus est
12161,body,24,5,False,,"E geminis si remanente altero alter abortiuo fluxu exciderit, alter qui legitime natus est Vopiscus nominatur.",e geminis si remanente altero alter abortiuo fluxu exciderit alter qui legitime natus est vopiscus nominatur,e geminis si remanente altero alter abortiuo fluxu exciderit alter qui legitime natus est uopiscus nominatur
12161,body,24,6,False,,"Quidam et cum dentibus procreantur, ut Cn. Papirius Carbo et *M'.",quidam et cum dentibus procreantur ut cn papirius carbo et m,quidam et cum dentibus procreantur ut cn papirius carbo et m
12161,body,24,7,False,,"Curius, Dentatus ob id cognominatus.",curius dentatus ob id cognominatus,curius dentatus ob id cognominatus
12161,body,24,8,False,,"Quidam uice dentium continui ossis armantur soliditate, qualem filium Bithynorum rex Prusias habuit.",quidam uice dentium continui ossis armantur soliditate qualem filium bithynorum rex prusias habuit,quidam uice dentium continui ossis armantur soliditate qualem filium bithynorum rex prusias habuit
12161,body,24,9,False,,"Ipsum dentium numerum discernit qualitas sexus, cum in uiris plures sint, in feminis pauciores.",ipsum dentium numerum discernit qualitas sexus cum in uiris plures sint in feminis pauciores,ipsum dentium numerum discernit qualitas sexus cum in uiris plures sint in feminis pauciores
12161,body,24,10,True,,"Quos cynodontas uocant, quibus gemini procedunt ab dextera parte, fortunae blandimenta promittunt, quibus ab laeua, uersa uice.",quos cynodontas uocant quibus gemini procedunt ab dextera parte fortunae blandimenta promittunt quibus ab laeua uersa uice,quos cynodontas uocant quibus gemini procedunt ab dextera parte fortunae blandimenta promittunt quibus ab laeua uersa uice
12161,body,25,0,False,,Nascentium uox prima uagitus est; laetitiae enim sensus differtur in quadragesimum diem.,nascentium uox prima uagitus est laetitiae enim sensus differtur in quadragesimum diem,nascentium uox prima uagitus est laetitiae enim sensus differtur in quadragesimum diem
12161,body,25,1,False,,"Itaque unum nouimus eadem hora risisse qua erat natus, scilicet Zoroastren, mox optimarum artium peritissimum.",itaque unum nouimus eadem hora risisse qua erat natus scilicet zoroastren mox optimarum artium peritissimum,itaque unum nouimus eadem hora risisse qua erat natus scilicet zoroastren mox optimarum artium peritissimum
12161,body,25,2,False,,"At Crassus, auus eius quem rapuerunt bella Parthica, quod numquam riserit Agelastus cognominabatur.",at crassus auus eius quem rapuerunt bella parthica quod numquam riserit agelastus cognominabatur,at crassus auus eius quem rapuerunt bella parthica quod numquam riserit agelastus cognominabatur
12161,body,25,3,False,,"Inter alia Socratis magna praeclarum illud est, quod in eodem uultus tenore etiam aduersis interpellantibus perstitit.",inter alia socratis magna praeclarum illud est quod in eodem uultus tenore etiam aduersis interpellantibus perstitit,inter alia socratis magna praeclarum illud est quod in eodem uultus tenore etiam aduersis interpellantibus perstitit
12161,body,25,4,False,,"Heraclitus et Diogenes Cynicus nihil umquam de rigore animi remiserunt, calcatisque turbinibus fortuitorum aduersus omnem dolorem uel misericordiam uniformi durauere proposito.",heraclitus et diogenes cynicus nihil umquam de rigore animi remiserunt calcatisque turbinibus fortuitorum aduersus omnem dolorem uel misericordiam uniformi durauere proposito,heraclitus et diogenes cynicus nihil umquam de rigore animi remiserunt calcatisque turbinibus fortuitorum aduersus omnem dolorem uel misericordiam uniformi durauere proposito
12161,body,25,5,False,,Pomponium poetam consularem uirum numquam ructuasse habetur inter exempla; Antoniam Drusi non spuisse percelebre est.,pomponium poetam consularem uirum numquam ructuasse habetur inter exempla antoniam drusi non spuisse percelebre est,pomponium poetam consularem uirum numquam ructuasse habetur inter exempla antoniam drusi non spuisse percelebre est
12161,body,25,6,True,,"Nonnullos nasci accepimus concretis ossibus, eosque neque sudare consuesse neque sitire, qualis Syracusanus Lygdamus fertur, qui tertia et tricesima olympiade primus ex Olympico certamine pancratii coronam reportauit, cuiusque ossa deprehensa sunt medullam non habere.",nonnullos nasci accepimus concretis ossibus eosque neque sudare consuesse neque sitire qualis syracusanus lygdamus fertur qui tertia et tricesima olympiade primus ex olympico certamine pancratii coronam reportauit cuiusque ossa deprehensa sunt medullam non habere,nonnullos nasci accepimus concretis ossibus eosque neque sudare consuesse neque sitire qualis syracusanus lygdamus fertur qui tertia et tricesima olympiade primus ex olympico certamine pancratii coronam reportauit cuiusque ossa deprehensa sunt medullam non habere
12161,body,26,0,False,,"Maximam uirium substantiam neruos facere certissimum est, quantoque fuerint densiores, tanto propensius augescere firmitatem.",maximam uirium substantiam neruos facere certissimum est quantoque fuerint densiores tanto propensius augescere firmitatem,maximam uirium substantiam neruos facere certissimum est quantoque fuerint densiores tanto propensius augescere firmitatem
12161,body,26,1,False,,"Varro in relatione prodigiosae fortitudinis adnotauit Tritannum gladiatorem natura Samnitem fuisse, qui et rectis et transuersis neruis non modo crate pectoris, sed et manibus cancellatis et brachiis omnes aduersarios leui tactu ac paene securis congressionibus uicerit.",varro in relatione prodigiosae fortitudinis adnotauit tritannum gladiatorem natura samnitem fuisse qui et rectis et transuersis neruis non modo crate pectoris sed et manibus cancellatis et brachiis omnes aduersarios leui tactu ac paene securis congressionibus uicerit,uarro in relatione prodigiosae fortitudinis adnotauit tritannum gladiatorem natura samnitem fuisse qui et rectis et transuersis neruis non modo crate pectoris sed et manibus cancellatis et brachiis omnes aduersarios leui tactu ac paene securis congressionibus uicerit
12161,body,26,2,False,,"Eius filium, militem Cn. Pompeii, pari modo natum, ita spreuisse hostem prouocantem, ut inermi eum dextera et superaret et captum digito uno in castra imperatoris sui reportaret.",eius filium militem cn pompeii pari modo natum ita spreuisse hostem prouocantem ut inermi eum dextera et superaret et captum digito uno in castra imperatoris sui reportaret,eius filium militem cn pompeii pari modo natum ita spreuisse hostem prouocantem ut inermi eum dextera et superaret et captum digito uno in castra imperatoris sui reportaret
12161,body,26,3,False,,Milonem quoque Crotoniensem egisse omnia supra quam homo ualet; etiam hoc proditur quod ictu nudae manus taurum fecit uictimam eumque solidum qua mactauerat die absumpsit solus non grauatim.,milonem quoque crotoniensem egisse omnia supra quam homo ualet etiam hoc proditur quod ictu nudae manus taurum fecit uictimam eumque solidum qua mactauerat die absumpsit solus non grauatim,milonem quoque crotoniensem egisse omnia supra quam homo ualet etiam hoc proditur quod ictu nudae manus taurum fecit uictimam eumque solidum qua mactauerat die absumpsit solus non grauatim
12161,body,26,4,False,,Super hoc nihil dubium; nam factum elogium extat.,super hoc nihil dubium nam factum elogium extat,super hoc nihil dubium nam factum elogium extat
12161,body,26,5,False,,Victor ille omnium certaminum obiit.,victor ille omnium certaminum obiit,uictor ille omnium certaminum obiit
12161,body,26,6,False,,"Sane *alectoria usus traditur, qui lapis specie crystallina, fabae modo, in gallinaceorum uentriculis inuenitur, aptus ut dicunt proeliantibus.",sane alectoria usus traditur qui lapis specie crystallina fabae modo in gallinaceorum uentriculis inuenitur aptus ut dicunt proeliantibus,sane alectoria usus traditur qui lapis specie crystallina fabae modo in gallinaceorum uentriculis inuenitur aptus ut dicunt proeliantibus
12161,body,26,7,True,,Milon porro Tarquinii Prisci temporibus emicuit.,milon porro tarquinii prisci temporibus emicuit,milon porro tarquinii prisci temporibus emicuit
12161,body,27,0,False,,"Iam uero qui deflexum animum referat ad similitudinum causas, quantum artificis naturae ingenium deprehendet!",iam uero qui deflexum animum referat ad similitudinum causas quantum artificis naturae ingenium deprehendet,iam uero qui deflexum animum referat ad similitudinum causas quantum artificis naturae ingenium deprehendet
12161,body,27,1,True,,"Interdum enim ad genus spectant, et per subolem in familias transitus faciunt, sicut plerumque paruuli modo naeuos modo cicatrices modo qualescumque originis suae notas ferunt; ut in Lepidis, quorum tres interuulsa tamen serie ex eadem domo obducto membrana oculo similes geniti reperiuntur; uel in Byzantio nobili pycta, qui cum matrem haberet adulterio ex Aethiope conceptam, quae nihil patri comparandum reddidisset, ipse in Aethiopem auum regenerauit.",interdum enim ad genus spectant et per subolem in familias transitus faciunt sicut plerumque paruuli modo naeuos modo cicatrices modo qualescumque originis suae notas ferunt ut in lepidis quorum tres interuulsa tamen serie ex eadem domo obducto membrana oculo similes geniti reperiuntur uel in byzantio nobili pycta qui cum matrem haberet adulterio ex aethiope conceptam quae nihil patri comparandum reddidisset ipse in aethiopem auum regenerauit,interdum enim ad genus spectant et per subolem in familias transitus faciunt sicut plerumque paruuli modo naeuos modo cicatrices modo qualescumque originis suae notas ferunt ut in lepidis quorum tres interuulsa tamen serie ex eadem domo obducto membrana oculo similes geniti reperiuntur uel in byzantio nobili pycta qui cum matrem haberet adulterio ex aethiope conceptam quae nihil patri comparandum reddidisset ipse in aethiopem auum regenerauit
12161,body,28,0,False,,"Sed hoc minus mirum, si respiciamus ad ea quae spectata sunt inter externos.",sed hoc minus mirum si respiciamus ad ea quae spectata sunt inter externos,sed hoc minus mirum si respiciamus ad ea quae spectata sunt inter externos
12161,body,28,1,False,,"Regem Antiochum Artemon quidam e plebe Syriatica sic facie aemula mentiebatur, ut postmodum Laudice uxor regia, obiecto populare isto, tamdiu dissimulauerit defunctum maritum, quoad ex arbitratu eius regni successor ordinaretur.",regem antiochum artemon quidam e plebe syriatica sic facie aemula mentiebatur ut postmodum laudice uxor regia obiecto populare isto tamdiu dissimulauerit defunctum maritum quoad ex arbitratu eius regni successor ordinaretur,regem antiochum artemon quidam e plebe syriatica sic facie aemula mentiebatur ut postmodum laudice uxor regia obiecto populare isto tamdiu dissimulauerit defunctum maritum quoad ex arbitratu eius regni successor ordinaretur
12161,body,28,2,False,,"Inter Cn. Pompeium et C. Vibium humili loco natum tantus error extitit de paribus lineamentis, ut Romani Vibium Pompeii nomine, Pompeium Vibi uocabulo cognominarent.",inter cn pompeium et c vibium humili loco natum tantus error extitit de paribus lineamentis ut romani vibium pompeii nomine pompeium vibi uocabulo cognominarent,inter cn pompeium et c uibium humili loco natum tantus error extitit de paribus lineamentis ut romani uibium pompeii nomine pompeium uibi uocabulo cognominarent
12161,body,28,3,False,,"Oratorem L. Plancum Rubrius histrio sic impleuit, ut et ipse Plancus a populo uocaretur.",oratorem l plancum rubrius histrio sic impleuit ut et ipse plancus a populo uocaretur,oratorem l plancum rubrius histrio sic impleuit ut et ipse plancus a populo uocaretur
12161,body,28,4,False,,"Armentarius murmillo et Cassius Seuerus orator ita se mutuo reddiderunt, ut si quando pariter uiderentur, dinosci non possent, nisi discrepantiam habitus indicaret.",armentarius murmillo et cassius seuerus orator ita se mutuo reddiderunt ut si quando pariter uiderentur dinosci non possent nisi discrepantiam habitus indicaret,armentarius murmillo et cassius seuerus orator ita se mutuo reddiderunt ut si quando pariter uiderentur dinosci non possent nisi discrepantiam habitus indicaret
12161,body,28,5,False,,"M. Messala censorius et Menogenes e faece uulgari hoc fuerunt uterque quod singuli, nec alium Messalam *quam Menogenem nec Menogenem alium quam Messalam putauerunt.",m messala censorius et menogenes e faece uulgari hoc fuerunt uterque quod singuli nec alium messalam quam menogenem nec menogenem alium quam messalam putauerunt,m messala censorius et menogenes e faece uulgari hoc fuerunt uterque quod singuli nec alium messalam quam menogenem nec menogenem alium quam messalam putauerunt
12161,body,28,6,True,,Piscator ex Sicilia proconsuli Surae praeter alia etiam rictu oris comparabatur; ita in eadem uocis inpedimenta et tardatae sonum linguae naturalibus offendiculis congruebant.,piscator ex sicilia proconsuli surae praeter alia etiam rictu oris comparabatur ita in eadem uocis inpedimenta et tardatae sonum linguae naturalibus offendiculis congruebant,piscator ex sicilia proconsuli surae praeter alia etiam rictu oris comparabatur ita in eadem uocis inpedimenta et tardatae sonum linguae naturalibus offendiculis congruebant
12161,body,29,0,False,,"Interdum non modo inter externos, sed etiam inter deductos ex diuersissima parte orbis miraculo indiscreti uultus fuere.",interdum non modo inter externos sed etiam inter deductos ex diuersissima parte orbis miraculo indiscreti uultus fuere,interdum non modo inter externos sed etiam inter deductos ex diuersissima parte orbis miraculo indiscreti uultus fuere
12161,body,29,1,False,,"Denique cum Antonio iam triumuiro Toranius quidam eximios forma pueros uelut geminos trecentis sestertiis uendidisset, quorum alterum de Transalpina Gallia, alterum ex Asia comparauerat, adeoque una res uiderentur, nisi solus sermo fidem panderet, atque ideo inrisum se Antonius grauaretur, non infacete Toranius id uel praecipue quod emptor criminabatur pretiosius probauit; neque enim mirum si forent pares gemini; illud nullis posse taxationibus aestimari, quod tantis spatiis diuersitas separata plus quam geminos attulisset.",denique cum antonio iam triumuiro toranius quidam eximios forma pueros uelut geminos trecentis sestertiis uendidisset quorum alterum de transalpina gallia alterum ex asia comparauerat adeoque una res uiderentur nisi solus sermo fidem panderet atque ideo inrisum se antonius grauaretur non infacete toranius id uel praecipue quod emptor criminabatur pretiosius probauit neque enim mirum si forent pares gemini illud nullis posse taxationibus aestimari quod tantis spatiis diuersitas separata plus quam geminos attulisset,denique cum antonio iam triumuiro toranius quidam eximios forma pueros uelut geminos trecentis sestertiis uendidisset quorum alterum de transalpina gallia alterum ex asia comparauerat adeoque una res uiderentur nisi solus sermo fidem panderet atque ideo inrisum se antonius grauaretur non infacete toranius id uel praecipue quod emptor criminabatur pretiosius probauit neque enim mirum si forent pares gemini illud nullis posse taxationibus aestimari quod tantis spatiis diuersitas separata plus quam geminos attulisset
12161,body,29,2,True,,"Quo responso adeo Antonius mitigatus est, ut deinceps nihil se habere carius in substantia sua iactitaret.",quo responso adeo antonius mitigatus est ut deinceps nihil se habere carius in substantia sua iactitaret,quo responso adeo antonius mitigatus est ut deinceps nihil se habere carius in substantia sua iactitaret
12161,body,30,0,False,,"Nunc si de ipsis hominum formis requiramus, liquido manifestabitur nihil de se antiquitatem mendaciter praedicasse, sed corruptam degeneri successione subolem nostri temporis per nascentum detrimenta decus ueteris pulchritudinis perdidisse.",nunc si de ipsis hominum formis requiramus liquido manifestabitur nihil de se antiquitatem mendaciter praedicasse sed corruptam degeneri successione subolem nostri temporis per nascentum detrimenta decus ueteris pulchritudinis perdidisse,nunc si de ipsis hominum formis requiramus liquido manifestabitur nihil de se antiquitatem mendaciter praedicasse sed corruptam degeneri successione subolem nostri temporis per nascentum detrimenta decus ueteris pulchritudinis perdidisse
12161,body,30,1,False,,"Licet ergo plerique definiant nullum posse excedere longitudinem pedum septem, quod intra mensuram istam Hercules fuerit, deprehensum tamen est Romanis temporibus sub diuo Augusto, Pusionem et Secundillam denos pedes et amplius habuisse proceritatis, quorum reliquiae adhuc in conditorio Sallustianorum uidentur; postmodum diuo Claudio principe Gabbaram nomine ex Arabia aduectum nouem pedum et totidem unciarum.",licet ergo plerique definiant nullum posse excedere longitudinem pedum septem quod intra mensuram istam hercules fuerit deprehensum tamen est romanis temporibus sub diuo augusto pusionem et secundillam denos pedes et amplius habuisse proceritatis quorum reliquiae adhuc in conditorio sallustianorum uidentur postmodum diuo claudio principe gabbaram nomine ex arabia aduectum nouem pedum et totidem unciarum,licet ergo plerique definiant nullum posse excedere longitudinem pedum septem quod intra mensuram istam hercules fuerit deprehensum tamen est romanis temporibus sub diuo augusto pusionem et secundillam denos pedes et amplius habuisse proceritatis quorum reliquiae adhuc in conditorio sallustianorum uidentur postmodum diuo claudio principe gabbaram nomine ex arabia aduectum nouem pedum et totidem unciarum
12161,body,30,2,False,,"Sed ante Augustum annis mille ferme non apparuit forma huiusmodi, sicut nec post Claudium uisa est.",sed ante augustum annis mille ferme non apparuit forma huiusmodi sicut nec post claudium uisa est,sed ante augustum annis mille ferme non apparuit forma huiusmodi sicut nec post claudium uisa est
12161,body,30,3,False,,Quis enim iam aeuo isto non minor parentibus suis nascitur?,quis enim iam aeuo isto non minor parentibus suis nascitur,quis enim iam aeuo isto non minor parentibus suis nascitur
12161,body,30,4,False,,"Priscorum autem testantur molem etiam Orestis suprema, cuius ossa, olympiade quinquagesima et octaua Tegeae inuenta a Spartanis oraculo monitis, discimus implesse longitudinem cubitorum septem.",priscorum autem testantur molem etiam orestis suprema cuius ossa olympiade quinquagesima et octaua tegeae inuenta a spartanis oraculo monitis discimus implesse longitudinem cubitorum septem,priscorum autem testantur molem etiam orestis suprema cuius ossa olympiade quinquagesima et octaua tegeae inuenta a spartanis oraculo monitis discimus implesse longitudinem cubitorum septem
12161,body,30,5,False,,"Scripta quoque quae ex antiquitate memorias accersunt in fidem ueri hoc etiam receperunt, quod bello Cretico, cum elata flumina plus quam ui amnica terras rupissent, post discessum fluctuum inter plura humi discidia humanum corpus repertum sit cubitum trium atque triginta; cuius inspectandi cupidine L. Flaccum legatum, Metellum etiam ipsum inpendio captos miraculo, quod auditu refutauerant, oculis potitos.",scripta quoque quae ex antiquitate memorias accersunt in fidem ueri hoc etiam receperunt quod bello cretico cum elata flumina plus quam ui amnica terras rupissent post discessum fluctuum inter plura humi discidia humanum corpus repertum sit cubitum trium atque triginta cuius inspectandi cupidine l flaccum legatum metellum etiam ipsum inpendio captos miraculo quod auditu refutauerant oculis potitos,scripta quoque quae ex antiquitate memorias accersunt in fidem ueri hoc etiam receperunt quod bello cretico cum elata flumina plus quam ui amnica terras rupissent post discessum fluctuum inter plura humi discidia humanum corpus repertum sit cubitum trium atque triginta cuius inspectandi cupidine l flaccum legatum metellum etiam ipsum inpendio captos miraculo quod auditu refutauerant oculis potitos
12161,body,30,6,True,,"Non omiserim Salamine Euthymenis filium creuisse in triennio tria cubita sublimitatis, sed incessu tardum, sensu hebetem, robusta uoce, pubertate festina, statimque obsessum morbis plurimus, inmoderatis aegritudinum suppliciis conpensasse praecipitem incrementi celeritatem.",non omiserim salamine euthymenis filium creuisse in triennio tria cubita sublimitatis sed incessu tardum sensu hebetem robusta uoce pubertate festina statimque obsessum morbis plurimus inmoderatis aegritudinum suppliciis conpensasse praecipitem incrementi celeritatem,non omiserim salamine euthymenis filium creuisse in triennio tria cubita sublimitatis sed incessu tardum sensu hebetem robusta uoce pubertate festina statimque obsessum morbis plurimus inmoderatis aegritudinum suppliciis conpensasse praecipitem incrementi celeritatem
12161,body,31,0,False,,"Mensurae ratio bifariam conuenit; nam quantus manibus expansis inter digitos longissimos modus est, tantum constat esse inter calces et uerticem; ideoque physici hominem minorem mundum indicauerunt.",mensurae ratio bifariam conuenit nam quantus manibus expansis inter digitos longissimos modus est tantum constat esse inter calces et uerticem ideoque physici hominem minorem mundum indicauerunt,mensurae ratio bifariam conuenit nam quantus manibus expansis inter digitos longissimos modus est tantum constat esse inter calces et uerticem ideoque physici hominem minorem mundum indicauerunt
12161,body,31,1,False,,"Parti dexterae habilior adscribitur motus, laeuae firmitas maior; unde altera gesticulationibus promptior est, altera oneri ferundo accommodatior.",parti dexterae habilior adscribitur motus laeuae firmitas maior unde altera gesticulationibus promptior est altera oneri ferundo accommodatior,parti dexterae habilior adscribitur motus laeuae firmitas maior unde altera gesticulationibus promptior est altera oneri ferundo accommodatior
12161,body,31,2,True,,"Pudoris disciplinam etiam inter defuncta corpora natura discreuit; ac si quando cadauera necatorum fluctibus euehuntur, uirorum supina, prona fluitant feminarum.",pudoris disciplinam etiam inter defuncta corpora natura discreuit ac si quando cadauera necatorum fluctibus euehuntur uirorum supina prona fluitant feminarum,pudoris disciplinam etiam inter defuncta corpora natura discreuit ac si quando cadauera necatorum fluctibus euehuntur uirorum supina prona fluitant feminarum
12161,body,32,0,False,,"Verum ut ad pernicitatis titulum transeamus, primam palmam uelocitatis Ladas quidam adeptus est, qui ita supra cauum puluerem cursitauit, ut harenis pendentibus nulla indicia relinqueret uestigiorum.",verum ut ad pernicitatis titulum transeamus primam palmam uelocitatis ladas quidam adeptus est qui ita supra cauum puluerem cursitauit ut harenis pendentibus nulla indicia relinqueret uestigiorum,uerum ut ad pernicitatis titulum transeamus primam palmam uelocitatis ladas quidam adeptus est qui ita supra cauum puluerem cursitauit ut harenis pendentibus nulla indicia relinqueret uestigiorum
12161,body,32,1,False,,"Polymestor Milesius puer cum a matre locatus esset ad caprarios pastus, ludicro leporem consecutus est et ob id statim productus a gregis domino olympiade sexta et quadragesima, ut Bocchus auctor est, uictor in stadio meruit coronam.",polymestor milesius puer cum a matre locatus esset ad caprarios pastus ludicro leporem consecutus est et ob id statim productus a gregis domino olympiade sexta et quadragesima ut bocchus auctor est uictor in stadio meruit coronam,polymestor milesius puer cum a matre locatus esset ad caprarios pastus ludicro leporem consecutus est et ob id statim productus a gregis domino olympiade sexta et quadragesima ut bocchus auctor est uictor in stadio meruit coronam
12161,body,32,2,False,,Philippides biduo mille ducenta quadraginta stadia ab Athenis Lacedaemonem decucurrit.,philippides biduo mille ducenta quadraginta stadia ab athenis lacedaemonem decucurrit,philippides biduo mille ducenta quadraginta stadia ab athenis lacedaemonem decucurrit
12161,body,32,3,False,,"Anystis Lacon et Philonides, Alexandri Magni cursores, Elin abusque Sicyone mille ducenta stadia uno die transierunt.",anystis lacon et philonides alexandri magni cursores elin abusque sicyone mille ducenta stadia uno die transierunt,anystis lacon et philonides alexandri magni cursores elin abusque sicyone mille ducenta stadia uno die transierunt
12161,body,32,4,True,,*Fonteio Vipsanoque consulibus in Italia octo annos puer natus quinque et LXX milia passuum a meridie transiuit ad uesperum.,fonteio vipsanoque consulibus in italia octo annos puer natus quinque et lxx milia passuum a meridie transiuit ad uesperum,fonteio uipsanoque consulibus in italia octo annos puer natus quinque et lxx milia passuum a meridie transiuit ad uesperum
12161,body,33,0,False,,"Visu deinde plurimum potuit Strabo nomine, quem superspexisse per centum triginta quinque milia passuum Varro significat, solitumque exeunte a Carthagine classe Punica numerum nauium manifestissime ex Lilybitana specula notare.",visu deinde plurimum potuit strabo nomine quem superspexisse per centum triginta quinque milia passuum varro significat solitumque exeunte a carthagine classe punica numerum nauium manifestissime ex lilybitana specula notare,uisu deinde plurimum potuit strabo nomine quem superspexisse per centum triginta quinque milia passuum uarro significat solitumque exeunte a carthagine classe punica numerum nauium manifestissime ex lilybitana specula notare
12161,body,33,1,False,,"Cicero tradit Iliadam omnem ita subtiliter in membranis scriptam, ut testa nucis clauderetur.",cicero tradit iliadam omnem ita subtiliter in membranis scriptam ut testa nucis clauderetur,cicero tradit iliadam omnem ita subtiliter in membranis scriptam ut testa nucis clauderetur
12161,body,33,2,False,,"Callicrates formicas ex ebore sic scalpsit, ut portio earum a ceteris cerni nequiuerit.",callicrates formicas ex ebore sic scalpsit ut portio earum a ceteris cerni nequiuerit,callicrates formicas ex ebore sic scalpsit ut portio earum a ceteris cerni nequiuerit
12161,body,33,3,False,,"Apollonides perhibet in Scythia feminas nasci, quae bitiae uocantur: has in oculis pupillas geminas habere et perimere uisu si forte quem iratae aspexerint.",apollonides perhibet in scythia feminas nasci quae bitiae uocantur has in oculis pupillas geminas habere et perimere uisu si forte quem iratae aspexerint,apollonides perhibet in scythia feminas nasci quae bitiae uocantur has in oculis pupillas geminas habere et perimere uisu si forte quem iratae aspexerint
12161,body,33,4,True,,[Hae sunt et in Sardinia. ],hae sunt et in sardinia,hae sunt et in sardinia
12161,body,34,0,False,,Praeualuisse fortitudine apud Romanos L. Sicinium Dentatum titulorum numerus ostendit.,praeualuisse fortitudine apud romanos l sicinium dentatum titulorum numerus ostendit,praeualuisse fortitudine apud romanos l sicinium dentatum titulorum numerus ostendit
12161,body,34,1,False,,"Tribunus hic plebi fuit non multo post exactos reges, Sp. Tarpeio A. Aterio consulibus.",tribunus hic plebi fuit non multo post exactos reges sp tarpeio a aterio consulibus,tribunus hic plebi fuit non multo post exactos reges sp tarpeio a aterio consulibus
12161,body,34,2,True,,"Idem ex prouocatione octies uictor XLV aduersas habuit cicatrices, in tergo nullam notam; spolia ex hoste tricies et quater cepit; in phaleris hastis puris armillis coronis CCCXII dona meruit; nouem imperatores, qui opera eius uicerant, triumphantes prosecutus.",idem ex prouocatione octies uictor xlv aduersas habuit cicatrices in tergo nullam notam spolia ex hoste tricies et quater cepit in phaleris hastis puris armillis coronis cccxii dona meruit nouem imperatores qui opera eius uicerant triumphantes prosecutus,idem ex prouocatione octies uictor xlu aduersas habuit cicatrices in tergo nullam notam spolia ex hoste tricies et quater cepit in phaleris hastis puris armillis coronis cccxii dona meruit nouem imperatores qui opera eius uicerant triumphantes prosecutus
12161,body,35,0,True,,"Post hunc M. Sergius duobus stipendiis primis aduerso corpore ter et uicies uulneratus, secundo stipendio in proelio dexteram perdidit; qua de causa postea sibi manum ferream fecit, et cum neutra paene idonea ad proeliandum ualeret, una die quater pugnauit et uicit sinistra, duobus equis eo insidente confossis; ab Hannibale bis captus refugit, cum uiginti mensibus, quibus captiuitatis sortem perferebat, nullo momento sine conpedibus fuerit et catenis; omnibus asperrimis proeliis, quae tempestate illa Romani experti sunt, insignitus donis militaribus, a Trasimenno Trebia Ticinoque coronas ciuicas rettulit; Cannensi quoque proelio, de quo refugisse eximium opus uirtutis fuit, solus accepit coronam; beatus profecto tot suffragiis gloriarum, nisi heres in posteritatis eius successione Catilina tantas adoreas odio damnati nominis obumbrasset.",post hunc m sergius duobus stipendiis primis aduerso corpore ter et uicies uulneratus secundo stipendio in proelio dexteram perdidit qua de causa postea sibi manum ferream fecit et cum neutra paene idonea ad proeliandum ualeret una die quater pugnauit et uicit sinistra duobus equis eo insidente confossis ab hannibale bis captus refugit cum uiginti mensibus quibus captiuitatis sortem perferebat nullo momento sine conpedibus fuerit et catenis omnibus asperrimis proeliis quae tempestate illa romani experti sunt insignitus donis militaribus a trasimenno trebia ticinoque coronas ciuicas rettulit cannensi quoque proelio de quo refugisse eximium opus uirtutis fuit solus accepit coronam beatus profecto tot suffragiis gloriarum nisi heres in posteritatis eius successione catilina tantas adoreas odio damnati nominis obumbrasset,post hunc m sergius duobus stipendiis primis aduerso corpore ter et uicies uulneratus secundo stipendio in proelio dexteram perdidit qua de causa postea sibi manum ferream fecit et cum neutra paene idonea ad proeliandum ualeret una die quater pugnauit et uicit sinistra duobus equis eo insidente confossis ab hannibale bis captus refugit cum uiginti mensibus quibus captiuitatis sortem perferebat nullo momento sine conpedibus fuerit et catenis omnibus asperrimis proeliis quae tempestate illa romani experti sunt insignitus donis militaribus a trasimenno trebia ticinoque coronas ciuicas rettulit cannensi quoque proelio de quo refugisse eximium opus uirtutis fuit solus accepit coronam beatus profecto tot suffragiis gloriarum nisi heres in posteritatis eius successione catilina tantas adoreas odio damnati nominis obumbrasset
12161,body,36,0,False,,"Quantum inter milites Sicinius aut Sergius, tantum inter duces, immo ut uerius dicam inter omnes homines Caesar dictator enituit.",quantum inter milites sicinius aut sergius tantum inter duces immo ut uerius dicam inter omnes homines caesar dictator enituit,quantum inter milites sicinius aut sergius tantum inter duces immo ut uerius dicam inter omnes homines caesar dictator enituit
12161,body,36,1,False,,Huius ductibus undecies centena XC et II milia caesa hostium; nam quantum bellis ciuilibus fuderit noluit adnotari.,huius ductibus undecies centena xc et ii milia caesa hostium nam quantum bellis ciuilibus fuderit noluit adnotari,huius ductibus undecies centena xc et ii milia caesa hostium nam quantum bellis ciuilibus fuderit noluit adnotari
12161,body,36,2,False,,"Signis conlatis quinquagies et bis dimicauit, M. Marcellum solus supergressus, qui nouies et tricies pari modo fuerat proeliatus.",signis conlatis quinquagies et bis dimicauit m marcellum solus supergressus qui nouies et tricies pari modo fuerat proeliatus,signis conlatis quinquagies et bis dimicauit m marcellum solus supergressus qui nouies et tricies pari modo fuerat proeliatus
12161,body,36,3,True,,"Ad haec nullus celerius scripsit, nemo uelocius legit: quaternas etiam epistolas perhibetur simul dictasse; benignitate adeo praeditus, ut quos armis subegerat clementia magis uicerit.",ad haec nullus celerius scripsit nemo uelocius legit quaternas etiam epistolas perhibetur simul dictasse benignitate adeo praeditus ut quos armis subegerat clementia magis uicerit,ad haec nullus celerius scripsit nemo uelocius legit quaternas etiam epistolas perhibetur simul dictasse benignitate adeo praeditus ut quos armis subegerat clementia magis uicerit
12161,body,37,0,False,,"Cyrus memoriae bono inclaruit, qui in exercitu, cui numerosissimo praefuit, nominatim singulos adloquebatur.",cyrus memoriae bono inclaruit qui in exercitu cui numerosissimo praefuit nominatim singulos adloquebatur,cyrus memoriae bono inclaruit qui in exercitu cui numerosissimo praefuit nominatim singulos adloquebatur
12161,body,37,1,False,,Fecit hoc idem in populo Romano L. Scipio.,fecit hoc idem in populo romano l scipio,fecit hoc idem in populo romano l scipio
12161,body,37,2,False,,Sed et Cyrum et Scipionem consuetudine credamus profecisse.,sed et cyrum et scipionem consuetudine credamus profecisse,sed et cyrum et scipionem consuetudine credamus profecisse
12161,body,37,3,False,,"Cineas Pyrrhi legatus postero die, quam ingressus Romam fuerat, et equestrem ordinem et senatum propriis nominibus salutauit.",cineas pyrrhi legatus postero die quam ingressus romam fuerat et equestrem ordinem et senatum propriis nominibus salutauit,cineas pyrrhi legatus postero die quam ingressus romam fuerat et equestrem ordinem et senatum propriis nominibus salutauit
12161,body,37,4,False,,"Rex Ponticus Mithridates duabus et uiginti gentibus, quibus imperitabat, sine interprete iura dixit.",rex ponticus mithridates duabus et uiginti gentibus quibus imperitabat sine interprete iura dixit,rex ponticus mithridates duabus et uiginti gentibus quibus imperitabat sine interprete iura dixit
12161,body,37,5,False,,"Memoriam et arte fieri palam factum est, sicut Metrodorus philosophus, qui temporibus Diogenis cynici fuit, in tantum se meditatione assidua prouexit, ut a multis simul dicta non modo sensuum, sed etiam uerborum ordinibus detineret.",memoriam et arte fieri palam factum est sicut metrodorus philosophus qui temporibus diogenis cynici fuit in tantum se meditatione assidua prouexit ut a multis simul dicta non modo sensuum sed etiam uerborum ordinibus detineret,memoriam et arte fieri palam factum est sicut metrodorus philosophus qui temporibus diogenis cynici fuit in tantum se meditatione assidua prouexit ut a multis simul dicta non modo sensuum sed etiam uerborum ordinibus detineret
12161,body,37,6,False,,Nihil tamen in homine aut metu aut casu aut morbo facilius intercipi saepe perspectum est.,nihil tamen in homine aut metu aut casu aut morbo facilius intercipi saepe perspectum est,nihil tamen in homine aut metu aut casu aut morbo facilius intercipi saepe perspectum est
12161,body,37,7,False,,"Qui lapide ictus fuerat accepimus oblitum litterarum, Messalam certe Coruinum post aegritudinem, quam pertulerat percussum proprii nominis obliuione, quamlibet alias ei sensus uigeret.",qui lapide ictus fuerat accepimus oblitum litterarum messalam certe coruinum post aegritudinem quam pertulerat percussum proprii nominis obliuione quamlibet alias ei sensus uigeret,qui lapide ictus fuerat accepimus oblitum litterarum messalam certe coruinum post aegritudinem quam pertulerat percussum proprii nominis obliuione quamlibet alias ei sensus uigeret
12161,body,37,8,False,,"Memoriam metus perimit; inuicem uocis interdum est incitamentum, quam non solum acuit, sed etiam si numquam fuerit extorquet.",memoriam metus perimit inuicem uocis interdum est incitamentum quam non solum acuit sed etiam si numquam fuerit extorquet,memoriam metus perimit inuicem uocis interdum est incitamentum quam non solum acuit sed etiam si numquam fuerit extorquet
12161,body,37,9,True,,"Denique cum olympiade octaua et quinquagesima uictor Cyrus intrasset Sardes Asiae oppidum, ubi tunc Croesus latebat, Atys filius regis, mutus ad id usque temporis, in uocem erupit ui timoris; exclamasse enim dicitur: parce patri meo, Cyre, et hominem te esse uel casibus disce nostris.",denique cum olympiade octaua et quinquagesima uictor cyrus intrasset sardes asiae oppidum ubi tunc croesus latebat atys filius regis mutus ad id usque temporis in uocem erupit ui timoris exclamasse enim dicitur parce patri meo cyre et hominem te esse uel casibus disce nostris,denique cum olympiade octaua et quinquagesima uictor cyrus intrasset sardes asiae oppidum ubi tunc croesus latebat atys filius regis mutus ad id usque temporis in uocem erupit ui timoris exclamasse enim dicitur parce patri meo cyre et hominem te esse uel casibus disce nostris
12161,body,38,0,False,,"Tractare de moribus superest, quorum excellentia maxime in duobus enituit.",tractare de moribus superest quorum excellentia maxime in duobus enituit,tractare de moribus superest quorum excellentia maxime in duobus enituit
12161,body,38,1,False,,"Cato princeps Porciae gentis, senator optimus, orator optimus, optimus imperator, causam tamen quadragies et quater dixit, diuersis odiorum simultatibus adpetitus, [semper absolutus].",cato princeps porciae gentis senator optimus orator optimus optimus imperator causam tamen quadragies et quater dixit diuersis odiorum simultatibus adpetitus semper absolutus,cato princeps porciae gentis senator optimus orator optimus optimus imperator causam tamen quadragies et quater dixit diuersis odiorum simultatibus adpetitus semper absolutus
12161,body,38,2,False,,"Vnde Scipionis Aemiliani laus propensior, qui praeter bona, quibus Cato clarus fuit, etiam publico amore praecessit.",vnde scipionis aemiliani laus propensior qui praeter bona quibus cato clarus fuit etiam publico amore praecessit,unde scipionis aemiliani laus propensior qui praeter bona quibus cato clarus fuit etiam publico amore praecessit
12161,body,38,3,True,,"Vir optimus Nasica Scipio iudicatus est non priuato tantum testimonio, sed totius senatus sacramento; quippe quod inuentus dignior non fuit, cui praecipuae religionis crederetur ministerium, cum oraculum moneret arcessi sacra deum matris Pessinunte.",vir optimus nasica scipio iudicatus est non priuato tantum testimonio sed totius senatus sacramento quippe quod inuentus dignior non fuit cui praecipuae religionis crederetur ministerium cum oraculum moneret arcessi sacra deum matris pessinunte,uir optimus nasica scipio iudicatus est non priuato tantum testimonio sed totius senatus sacramento quippe quod inuentus dignior non fuit cui praecipuae religionis crederetur ministerium cum oraculum moneret arcessi sacra deum matris pessinunte
12161,body,39,0,False,,"Plurimi inter Romanos eloquentia floruerunt; sed hoc bonum hereditarium numquam fuit nisi in familia Curionum, in qua tres serie continua oratores fuere.",plurimi inter romanos eloquentia floruerunt sed hoc bonum hereditarium numquam fuit nisi in familia curionum in qua tres serie continua oratores fuere,plurimi inter romanos eloquentia floruerunt sed hoc bonum hereditarium numquam fuit nisi in familia curionum in qua tres serie continua oratores fuere
12161,body,39,1,False,,"Magnum hoc habitum est sane eo saeculo, quo facundiam praecipue et humana et diuina mirata sunt.",magnum hoc habitum est sane eo saeculo quo facundiam praecipue et humana et diuina mirata sunt,magnum hoc habitum est sane eo saeculo quo facundiam praecipue et humana et diuina mirata sunt
12161,body,39,2,False,,"Quippe tunc percussores Archilochi poetae Apollo prodidit, et latronum facinus deo arguente detectum.",quippe tunc percussores archilochi poetae apollo prodidit et latronum facinus deo arguente detectum,quippe tunc percussores archilochi poetae apollo prodidit et latronum facinus deo arguente detectum
12161,body,39,3,False,,"Cumque Lysander Lacedaemonius Athenas obsideret, ubi Sophoclis tragici inhumatum corpus iacebat, identidem Liber pater ducem monuit per quietem, sepeliri delicias suas sineret; nec prius destitit, quam Lysander cognito qui obisset diem et quid a numine posceretur, indutias bello daret, usque dum congruae supremis talibus exequiae ducerentur.",cumque lysander lacedaemonius athenas obsideret ubi sophoclis tragici inhumatum corpus iacebat identidem liber pater ducem monuit per quietem sepeliri delicias suas sineret nec prius destitit quam lysander cognito qui obisset diem et quid a numine posceretur indutias bello daret usque dum congruae supremis talibus exequiae ducerentur,cumque lysander lacedaemonius athenas obsideret ubi sophoclis tragici inhumatum corpus iacebat identidem liber pater ducem monuit per quietem sepeliri delicias suas sineret nec prius destitit quam lysander cognito qui obisset diem et quid a numine posceretur indutias bello daret usque dum congruae supremis talibus exequiae ducerentur
12161,body,39,4,False,,"Pindarum lyricum e conuiuii loco, cui imminebat ruina, ne cum ceteris interiret, forinsecus Castor et Pollux uocauerunt, inspectantibus uniuersis; quo effectum, ut solus impendens periculum euaderet.",pindarum lyricum e conuiuii loco cui imminebat ruina ne cum ceteris interiret forinsecus castor et pollux uocauerunt inspectantibus uniuersis quo effectum ut solus impendens periculum euaderet,pindarum lyricum e conuiuii loco cui imminebat ruina ne cum ceteris interiret forinsecus castor et pollux uocauerunt inspectantibus uniuersis quo effectum ut solus impendens periculum euaderet
12161,body,39,5,False,,"Numerandus post deos Cn. Pompeius Magnus intraturus Posidonii domum, clarissimi tunc sapientiae professoris, percuti ex more a lictore fores uetuit, summissisque fascibus, quamlibet confecto Mithridatico bello et Orientis uictor, sententia propria cessit ianuae litterarum.",numerandus post deos cn pompeius magnus intraturus posidonii domum clarissimi tunc sapientiae professoris percuti ex more a lictore fores uetuit summissisque fascibus quamlibet confecto mithridatico bello et orientis uictor sententia propria cessit ianuae litterarum,numerandus post deos cn pompeius magnus intraturus posidonii domum clarissimi tunc sapientiae professoris percuti ex more a lictore fores uetuit summissisque fascibus quamlibet confecto mithridatico bello et orientis uictor sententia propria cessit ianuae litterarum
12161,body,39,6,False,,Africanus prior Q. Ennii statuam imponi sepulcro suo iussit.,africanus prior q ennii statuam imponi sepulcro suo iussit,africanus prior q ennii statuam imponi sepulcro suo iussit
12161,body,39,7,False,,"Vticensis Cato unum ex tribunatu militum philosophum, alium ex Cypria legatione Romam aduexit, professus plurimum se eo facto senatui et populo contulisse, quamlibet proauus eius saepissime censuisset Graecos urbe pellendos.",vticensis cato unum ex tribunatu militum philosophum alium ex cypria legatione romam aduexit professus plurimum se eo facto senatui et populo contulisse quamlibet proauus eius saepissime censuisset graecos urbe pellendos,uticensis cato unum ex tribunatu militum philosophum alium ex cypria legatione romam aduexit professus plurimum se eo facto senatui et populo contulisse quamlibet proauus eius saepissime censuisset graecos urbe pellendos
12161,body,39,8,False,,Dionysius tyrannus uittatam nauem Platoni obuiam misit; ipse cum albis quadrigis egredientem in litore occurrens honoratus est.,dionysius tyrannus uittatam nauem platoni obuiam misit ipse cum albis quadrigis egredientem in litore occurrens honoratus est,dionysius tyrannus uittatam nauem platoni obuiam misit ipse cum albis quadrigis egredientem in litore occurrens honoratus est
12161,body,39,9,True,,"Perfectam prudentiam soli Socrati, oraculum Delphicum adiudicauit.",perfectam prudentiam soli socrati oraculum delphicum adiudicauit,perfectam prudentiam soli socrati oraculum delphicum adiudicauit
12161,body,40,0,False,,"Pietatis documentum nobilius quidem in Metellorum domo effulsit, sed eminentissimum in plebeia puerpera reperitur.",pietatis documentum nobilius quidem in metellorum domo effulsit sed eminentissimum in plebeia puerpera reperitur,pietatis documentum nobilius quidem in metellorum domo effulsit sed eminentissimum in plebeia puerpera reperitur
12161,body,40,1,False,,"Humilis haec atque ideo famae obscurioris cum ad patrem, qui supplicii causa claustris poenalibus continebatur, aegre obtinuisset ingressum, exquisita saepius a ianitoribus ne forte parenti cibum administraret, alere eum uberibus suis deprehensa est; quae res et locum et factum consecrauit; nam qui morti destinabatur, donatus filiae in memoriam tanti praeconii reseruatus est; locus dicatus suo numini Pietatis sacellum est.",humilis haec atque ideo famae obscurioris cum ad patrem qui supplicii causa claustris poenalibus continebatur aegre obtinuisset ingressum exquisita saepius a ianitoribus ne forte parenti cibum administraret alere eum uberibus suis deprehensa est quae res et locum et factum consecrauit nam qui morti destinabatur donatus filiae in memoriam tanti praeconii reseruatus est locus dicatus suo numini pietatis sacellum est,humilis haec atque ideo famae obscurioris cum ad patrem qui supplicii causa claustris poenalibus continebatur aegre obtinuisset ingressum exquisita saepius a ianitoribus ne forte parenti cibum administraret alere eum uberibus suis deprehensa est quae res et locum et factum consecrauit nam qui morti destinabatur donatus filiae in memoriam tanti praeconii reseruatus est locus dicatus suo numini pietatis sacellum est
12161,body,40,2,False,,"Nauis a Phrygia gerula sacrorum, dum sequitur uittas castitatis, contulit Claudiae principatum pudicitiae.",nauis a phrygia gerula sacrorum dum sequitur uittas castitatis contulit claudiae principatum pudicitiae,nauis a phrygia gerula sacrorum dum sequitur uittas castitatis contulit claudiae principatum pudicitiae
12161,body,40,3,True,,"At Sulpicia Paterculi filia, M. Fuluii Flacci uxor, censura omnium matronarum e centum probatissimis haud temere detecta est, quae simulacrum Veneris, ut Sibyllini libri monebant, dedicaret.",at sulpicia paterculi filia m fuluii flacci uxor censura omnium matronarum e centum probatissimis haud temere detecta est quae simulacrum veneris ut sibyllini libri monebant dedicaret,at sulpicia paterculi filia m fuluii flacci uxor censura omnium matronarum e centum probatissimis haud temere detecta est quae simulacrum ueneris ut sibyllini libri monebant dedicaret
12161,body,41,0,False,,"Quod attinet ad titulum felicitatis, necdum repertus est, qui felix censeri iure debuerit; namque Cornelius Sulla dictus potius est quam fuit felix.",quod attinet ad titulum felicitatis necdum repertus est qui felix censeri iure debuerit namque cornelius sulla dictus potius est quam fuit felix,quod attinet ad titulum felicitatis necdum repertus est qui felix censeri iure debuerit namque cornelius sulla dictus potius est quam fuit felix
12161,body,41,1,True,,"Solum certe beatum cortina Aglaum iudicauit, qui in angustissimo Arcadiae angulo pauperis soli dominus numquam egressus paterni cespitis terminos inuenitur.",solum certe beatum cortina aglaum iudicauit qui in angustissimo arcadiae angulo pauperis soli dominus numquam egressus paterni cespitis terminos inuenitur,solum certe beatum cortina aglaum iudicauit qui in angustissimo arcadiae angulo pauperis soli dominus numquam egressus paterni cespitis terminos inuenitur
12161,head,42,0,True,,II,ii,ii
12161,body,43,0,False,,De homine satis dictum habeo.,de homine satis dictum habeo,de homine satis dictum habeo
12161,body,43,1,False,,"Nunc, ut ad destinatum reuertamur, ad locorum commemorationem stilus dirigendus est atque adeo principaliter in Italiam, cuius decus iam in urbe contigimus.",nunc ut ad destinatum reuertamur ad locorum commemorationem stilus dirigendus est atque adeo principaliter in italiam cuius decus iam in urbe contigimus,nunc ut ad destinatum reuertamur ad locorum commemorationem stilus dirigendus est atque adeo principaliter in italiam cuius decus iam in urbe contigimus
12161,body,43,2,True,,"Sed Italia tanta cura ab omnibus dicta, praecipue M. Catone, ut iam inueniri non sit, quod non ueterum auctorum praesumpserit diligentia, largiter in laudem excellentis terrae materia suppetente, dum scriptores praestantissimi reputant locorum salubritatem, caeli temperiem, ubertatem soli, aprica collium, opaca nemorum, innoxios saltus, uitium olearumque prouentus, nobilia pecuaria, tot amnes, lacus tantos, bifera uiolaria; inter haec Vesubium flagrantis animae spiritu uaporatum, tepentes fontibus Baias, colonias tam frequentes, tam assiduam nouarum urbium gratiam, tam clarum decus ueterum oppidorum, quae primum Aborigines Aurunci Pelasgi Arcades Siculi, totius postremo Graeciae aduenae et in summa uictores Romani condiderunt; ad haec laterum portuosa, orasque patentibus gremiis commercio orbis adcommodatas.",sed italia tanta cura ab omnibus dicta praecipue m catone ut iam inueniri non sit quod non ueterum auctorum praesumpserit diligentia largiter in laudem excellentis terrae materia suppetente dum scriptores praestantissimi reputant locorum salubritatem caeli temperiem ubertatem soli aprica collium opaca nemorum innoxios saltus uitium olearumque prouentus nobilia pecuaria tot amnes lacus tantos bifera uiolaria inter haec vesubium flagrantis animae spiritu uaporatum tepentes fontibus baias colonias tam frequentes tam assiduam nouarum urbium gratiam tam clarum decus ueterum oppidorum quae primum aborigines aurunci pelasgi arcades siculi totius postremo graeciae aduenae et in summa uictores romani condiderunt ad haec laterum portuosa orasque patentibus gremiis commercio orbis adcommodatas,sed italia tanta cura ab omnibus dicta praecipue m catone ut iam inueniri non sit quod non ueterum auctorum praesumpserit diligentia largiter in laudem excellentis terrae materia suppetente dum scriptores praestantissimi reputant locorum salubritatem caeli temperiem ubertatem soli aprica collium opaca nemorum innoxios saltus uitium olearumque prouentus nobilia pecuaria tot amnes lacus tantos bifera uiolaria inter haec uesubium flagrantis animae spiritu uaporatum tepentes fontibus baias colonias tam frequentes tam assiduam nouarum urbium gratiam tam clarum decus ueterum oppidorum quae primum aborigines aurunci pelasgi arcades siculi totius postremo graeciae aduenae et in summa uictores romani condiderunt ad haec laterum portuosa orasque patentibus gremiis commercio orbis adcommodatas
12161,body,44,0,False,,"Verum ne prorsus intacta uideatur, in ea quae minus trita sunt animum intendere haud absurdum uidetur et parcius depasta leuibus uestigiis inuiare.",verum ne prorsus intacta uideatur in ea quae minus trita sunt animum intendere haud absurdum uidetur et parcius depasta leuibus uestigiis inuiare,uerum ne prorsus intacta uideatur in ea quae minus trita sunt animum intendere haud absurdum uidetur et parcius depasta leuibus uestigiis inuiare
12161,body,44,1,False,,"Nam quis ignorat uel dicta uel condita a Iano Ianiculum, a Saturno Latium atque Saturniam, a Danae Ardeam, a comitibus Herculis Polyclen, ab ipso in Campania Pompeios, qua uictor ex Hispania pompam boum duxerat?",nam quis ignorat uel dicta uel condita a iano ianiculum a saturno latium atque saturniam a danae ardeam a comitibus herculis polyclen ab ipso in campania pompeios qua uictor ex hispania pompam boum duxerat,nam quis ignorat uel dicta uel condita a iano ianiculum a saturno latium atque saturniam a danae ardeam a comitibus herculis polyclen ab ipso in campania pompeios qua uictor ex hispania pompam boum duxerat
12161,body,44,2,False,,"In Liguria quoque lapidarios campos, quod ibi eo dimicante creduntur pluuisse saxa; regionem Ionicam ab Ione Aulochi filia, quam procaciter insidentem uias Hercules ut ferunt interemit; Archippen a Marsya rege Lydorum, quod hiatu terrae haustum dissolutum est in lacum Fucinum; ab Iasone templum Iunonis Argiuae; a Pelopidis Pisas; a Cleolao Minois filio Daunios; Iapygas ab Iapyge Daedali filio; Tyrrhenos a Tyrrheno Lydiae rege; Coram a Dardano; Agyllam a Pelasgis, qui primi in Latium litteras intulerunt; ab Haleso Argiuo Faliscam; a Falerio Argiuo Falerios; Fescenninum quoque ab Argiuis; portum Parthenium a Phocaensibus; Tibur, sicut Cato facit testimonium, a Catillo Arcade praefecto classis Euandri; sicut Sextius, ab Argiua iuuentute.",in liguria quoque lapidarios campos quod ibi eo dimicante creduntur pluuisse saxa regionem ionicam ab ione aulochi filia quam procaciter insidentem uias hercules ut ferunt interemit archippen a marsya rege lydorum quod hiatu terrae haustum dissolutum est in lacum fucinum ab iasone templum iunonis argiuae a pelopidis pisas a cleolao minois filio daunios iapygas ab iapyge daedali filio tyrrhenos a tyrrheno lydiae rege coram a dardano agyllam a pelasgis qui primi in latium litteras intulerunt ab haleso argiuo faliscam a falerio argiuo falerios fescenninum quoque ab argiuis portum parthenium a phocaensibus tibur sicut cato facit testimonium a catillo arcade praefecto classis euandri sicut sextius ab argiua iuuentute,in liguria quoque lapidarios campos quod ibi eo dimicante creduntur pluuisse saxa regionem ionicam ab ione aulochi filia quam procaciter insidentem uias hercules ut ferunt interemit archippen a marsya rege lydorum quod hiatu terrae haustum dissolutum est in lacum fucinum ab iasone templum iunonis argiuae a pelopidis pisas a cleolao minois filio daunios iapygas ab iapyge daedali filio tyrrhenos a tyrrheno lydiae rege coram a dardano agyllam a pelasgis qui primi in latium litteras intulerunt ab haleso argiuo faliscam a falerio argiuo falerios fescenninum quoque ab argiuis portum parthenium a phocaensibus tibur sicut cato facit testimonium a catillo arcade praefecto classis euandri sicut sextius ab argiua iuuentute
12161,body,44,3,False,,"Catillus enim Amphiarai filius, post prodigialem patris apud Thebas interitum, Oeclei aui iussu cum omni fetu uer sacrum missus tres liberos in Italia procreauit, Tiburtum Coram Catillum, qui depulsis ex oppido Siciliae ueteribus Sicanis a nomine Tiburti fratris natu maximi urbem uocauerunt.",catillus enim amphiarai filius post prodigialem patris apud thebas interitum oeclei aui iussu cum omni fetu uer sacrum missus tres liberos in italia procreauit tiburtum coram catillum qui depulsis ex oppido siciliae ueteribus sicanis a nomine tiburti fratris natu maximi urbem uocauerunt,catillus enim amphiarai filius post prodigialem patris apud thebas interitum oeclei aui iussu cum omni fetu uer sacrum missus tres liberos in italia procreauit tiburtum coram catillum qui depulsis ex oppido siciliae ueteribus sicanis a nomine tiburti fratris natu maximi urbem uocauerunt
12161,body,44,4,False,,Mox in Bruttiis ab Vlixe. extructum templum Mineruae.,mox in bruttiis ab vlixe extructum templum mineruae,mox in bruttiis ab ulixe extructum templum mineruae
12161,body,44,5,False,,"Insula *Ligea appellata ab *eiecto ibi corpore Sirenis ita nominatae; Parthenope a Parthenopae Sirenis sepulcro, quam Augustus postea Neapolim esse maluit; Praeneste, ut Zenodotus, a Praeneste Vlixis nepote Latini filio; ut Praenestini sonant libri, a Caeculo, quem iuxta ignes fortuitos inuenerunt, ut fama est, Digoidiorum sorores.",insula ligea appellata ab eiecto ibi corpore sirenis ita nominatae parthenope a parthenopae sirenis sepulcro quam augustus postea neapolim esse maluit praeneste ut zenodotus a praeneste vlixis nepote latini filio ut praenestini sonant libri a caeculo quem iuxta ignes fortuitos inuenerunt ut fama est digoidiorum sorores,insula ligea appellata ab eiecto ibi corpore sirenis ita nominatae parthenope a parthenopae sirenis sepulcro quam augustus postea neapolim esse maluit praeneste ut zenodotus a praeneste ulixis nepote latini filio ut praenestini sonant libri a caeculo quem iuxta ignes fortuitos inuenerunt ut fama est digoidiorum sorores
12161,body,44,6,False,,"Notum est a Philoctete Petiliam constitutam, Arpos et Beneuentum a Diomede, Patauium ab Antenore, Metapontum a Pyliis, Scylaceum ab Atheniensibus, Sybarim a Troezeniis et a Sagari Aiacis Locrii filio, Sallentinos a Lyctiis, Anconam a Siculis, Gabios a Galatio et Bio Siculis fratribus, ab Heraclidis Tarentum, insulam Tempsam ab Ionibus, Paestum a Dorensibus, a Myscello Achaeo Crotonam, Regium ab Chalcidensibus, Cauloniam et Terinam a Crotoniensibus, a Nariciis Locros, Heretum a Graecis in honorem Herae (sic enim Iunonem Graeci uocant), Ariciam ab Archilocho Siculo, unde et nomen, ut Heminae placet, tractum.",notum est a philoctete petiliam constitutam arpos et beneuentum a diomede patauium ab antenore metapontum a pyliis scylaceum ab atheniensibus sybarim a troezeniis et a sagari aiacis locrii filio sallentinos a lyctiis anconam a siculis gabios a galatio et bio siculis fratribus ab heraclidis tarentum insulam tempsam ab ionibus paestum a dorensibus a myscello achaeo crotonam regium ab chalcidensibus cauloniam et terinam a crotoniensibus a nariciis locros heretum a graecis in honorem herae sic enim iunonem graeci uocant ariciam ab archilocho siculo unde et nomen ut heminae placet tractum,notum est a philoctete petiliam constitutam arpos et beneuentum a diomede patauium ab antenore metapontum a pyliis scylaceum ab atheniensibus sybarim a troezeniis et a sagari aiacis locrii filio sallentinos a lyctiis anconam a siculis gabios a galatio et bio siculis fratribus ab heraclidis tarentum insulam tempsam ab ionibus paestum a dorensibus a myscello achaeo crotonam regium ab chalcidensibus cauloniam et terinam a crotoniensibus a nariciis locros heretum a graecis in honorem herae sic enim iunonem graeci uocant ariciam ab archilocho siculo unde et nomen ut heminae placet tractum
12161,body,44,7,False,,"Hoc in loco Orestes oraculo monitus simulacrum Scythicae Dianae, quod de Taurica extulerat, prius quam Argos peteret consecrauit.",hoc in loco orestes oraculo monitus simulacrum scythicae dianae quod de taurica extulerat prius quam argos peteret consecrauit,hoc in loco orestes oraculo monitus simulacrum scythicae dianae quod de taurica extulerat prius quam argos peteret consecrauit
12161,body,44,8,False,,"A Zanclensibus Metaurum locatum, a Locrensibus Metapontum quod nunc Vibo dicitur, Bocchus absoluit.",a zanclensibus metaurum locatum a locrensibus metapontum quod nunc vibo dicitur bocchus absoluit,a zanclensibus metaurum locatum a locrensibus metapontum quod nunc uibo dicitur bocchus absoluit
12161,body,44,9,False,,"Gallorum ueterum propaginem Vmbros esse M. Antonius refert; hos eosdem, quod tempore aquosae cladis imbribus superfuerint, Vmbrios Graece nominatos.",gallorum ueterum propaginem vmbros esse m antonius refert hos eosdem quod tempore aquosae cladis imbribus superfuerint vmbrios graece nominatos,gallorum ueterum propaginem umbros esse m antonius refert hos eosdem quod tempore aquosae cladis imbribus superfuerint umbrios graece nominatos
12161,body,44,10,False,,"Liciniano placet a Messapo Graeco Messapiae datam originem, uersam postmodum in nomen Calabriae, quam in exordio Oenotri frater Peucetius Peucetiam nominauerat.",liciniano placet a messapo graeco messapiae datam originem uersam postmodum in nomen calabriae quam in exordio oenotri frater peucetius peucetiam nominauerat,liciniano placet a messapo graeco messapiae datam originem uersam postmodum in nomen calabriae quam in exordio oenotri frater peucetius peucetiam nominauerat
12161,body,44,11,True,,"A gubernatore Aeneae appellatum Palinurum, a tubicine Misenum, a consobrina *Leucosiam insulam inter omnes perspicue conuenit; a nutrice Caietam, ab uxore Lauinium, quod post Troiae excidium, sicuti Cosconius perhibet, quarto anno extructum est.",a gubernatore aeneae appellatum palinurum a tubicine misenum a consobrina leucosiam insulam inter omnes perspicue conuenit a nutrice caietam ab uxore lauinium quod post troiae excidium sicuti cosconius perhibet quarto anno extructum est,a gubernatore aeneae appellatum palinurum a tubicine misenum a consobrina leucosiam insulam inter omnes perspicue conuenit a nutrice caietam ab uxore lauinium quod post troiae excidium sicuti cosconius perhibet quarto anno extructum est
12161,body,45,0,False,,"Nec omissum sit Aenean aestate ab Ilio capto secunda Italicis litoribus adpulsum, ut Hemina tradit, sociis non amplius sescentis, in agro Laurenti posuisse castra; ubi dum simulacrum, quod secum ex Sicilia aduexerat, dedicat Veneri matri quae Frutis dicitur, a Diomede Palladium suscepit, tribusque mox annis cum Latino regnat socia potestate, quingentis iugeribus ab eo acceptis; quo defuncto summam biennio adeptus apud Numicium parere desiit anno septimo.",nec omissum sit aenean aestate ab ilio capto secunda italicis litoribus adpulsum ut hemina tradit sociis non amplius sescentis in agro laurenti posuisse castra ubi dum simulacrum quod secum ex sicilia aduexerat dedicat veneri matri quae frutis dicitur a diomede palladium suscepit tribusque mox annis cum latino regnat socia potestate quingentis iugeribus ab eo acceptis quo defuncto summam biennio adeptus apud numicium parere desiit anno septimo,nec omissum sit aenean aestate ab ilio capto secunda italicis litoribus adpulsum ut hemina tradit sociis non amplius sescentis in agro laurenti posuisse castra ubi dum simulacrum quod secum ex sicilia aduexerat dedicat ueneri matri quae frutis dicitur a diomede palladium suscepit tribusque mox annis cum latino regnat socia potestate quingentis iugeribus ab eo acceptis quo defuncto summam biennio adeptus apud numicium parere desiit anno septimo
12161,body,45,1,False,,Patris Indigetis ei nomen datum.,patris indigetis ei nomen datum,patris indigetis ei nomen datum
12161,body,45,2,False,,"Deinde constituta ab Ascanio longa Alba, Fidenae, Aricia; Nola a Tyriis, ab Euboensibus Cumae.",deinde constituta ab ascanio longa alba fidenae aricia nola a tyriis ab euboensibus cumae,deinde constituta ab ascanio longa alba fidenae aricia nola a tyriis ab euboensibus cumae
12161,body,45,3,False,,"Ibidem Sibyllae sacellum est, sed eius quae rebus Romanis quinquagesima olympiade interfuit cuiusque librum ad Cornelium usque Sullam pontifices nostri consulebant; tunc enim una cum Capitolio igni absumptus est; nam priores duo, Tarquinio Superbo parcius pretium offerente quam postulabatur, ipsa exusserat.",ibidem sibyllae sacellum est sed eius quae rebus romanis quinquagesima olympiade interfuit cuiusque librum ad cornelium usque sullam pontifices nostri consulebant tunc enim una cum capitolio igni absumptus est nam priores duo tarquinio superbo parcius pretium offerente quam postulabatur ipsa exusserat,ibidem sibyllae sacellum est sed eius quae rebus romanis quinquagesima olympiade interfuit cuiusque librum ad cornelium usque sullam pontifices nostri consulebant tunc enim una cum capitolio igni absumptus est nam priores duo tarquinio superbo parcius pretium offerente quam postulabatur ipsa exusserat
12161,body,45,4,False,,Huius sepulcrum in Sicilia adhuc manet.,huius sepulcrum in sicilia adhuc manet,huius sepulcrum in sicilia adhuc manet
12161,body,45,5,False,,"Delphicam autem Sibyllam ante Troiana bella uaticinatam Bocchus autumat, cuius plurimos uersus operi suo Homerum inseruisse manifestat.",delphicam autem sibyllam ante troiana bella uaticinatam bocchus autumat cuius plurimos uersus operi suo homerum inseruisse manifestat,delphicam autem sibyllam ante troiana bella uaticinatam bocchus autumat cuius plurimos uersus operi suo homerum inseruisse manifestat
12161,body,45,6,False,,"Hanc Herophilen Erythraea annis aliquot intercedentibus insecuta est Sibyllaque appellata est de scientiae parilitate, quae inter alia magnifica Lesbios amissuros imperium maris multo ante praemonuit quam id accideret.",hanc herophilen erythraea annis aliquot intercedentibus insecuta est sibyllaque appellata est de scientiae parilitate quae inter alia magnifica lesbios amissuros imperium maris multo ante praemonuit quam id accideret,hanc herophilen erythraea annis aliquot intercedentibus insecuta est sibyllaque appellata est de scientiae parilitate quae inter alia magnifica lesbios amissuros imperium maris multo ante praemonuit quam id accideret
12161,body,45,7,True,,Ita Cumanam tertio fuisse post has loco ipsa aeui series probat.,ita cumanam tertio fuisse post has loco ipsa aeui series probat,ita cumanam tertio fuisse post has loco ipsa aeui series probat
12161,body,46,0,False,,"Ergo Italia, in qua Latium antiquum antea a Tiberis ostiis ad usque Lirim amnem pertinebat, uniuersa consurgit a iugis Alpium, porrecta ad Reginum uerticem et litora Bruttiorum, quo in maria meridiem uersus protenditur.",ergo italia in qua latium antiquum antea a tiberis ostiis ad usque lirim amnem pertinebat uniuersa consurgit a iugis alpium porrecta ad reginum uerticem et litora bruttiorum quo in maria meridiem uersus protenditur,ergo italia in qua latium antiquum antea a tiberis ostiis ad usque lirim amnem pertinebat uniuersa consurgit a iugis alpium porrecta ad reginum uerticem et litora bruttiorum quo in maria meridiem uersus protenditur
12161,body,46,1,False,,"Inde procedens paulatim se Appennini montis dorso attollit, extenta inter Tuscum et Adriaticum, id est inter supernum mare et inferum, similis querneo folio, scilicet proceritate amplior quam latitudine.",inde procedens paulatim se appennini montis dorso attollit extenta inter tuscum et adriaticum id est inter supernum mare et inferum similis querneo folio scilicet proceritate amplior quam latitudine,inde procedens paulatim se appennini montis dorso attollit extenta inter tuscum et adriaticum id est inter supernum mare et inferum similis querneo folio scilicet proceritate amplior quam latitudine
12161,body,46,2,True,,"Vbi longius abiit, in cornua duo scinditur, quorum alterum Ionium spectat aequor, alterum Siculum; inter quas prominentias non uno margine accessum insinuati freti recipit, sed linguis proiectis saepius ac procurrentibus distinctum promunturiis pelagus accipit, ibi, ut obuia sparsim notemus, arces Tarentinae, Scylacea regio cum Scyllaeo oppido et Crateide flumine Scyllae matre, ut uetustas fabulata est, Regini saltus, Paestanae ualles, Sirenum saxa, amoenissimus Campaniae tractus, Phlegraei campi, Circae domus Tarracina insula ante circumflua inmenso mari, nunc aeuo nectente addita continenti diuersamque fortunam a Reginis experta, quos fretum medium a Siculis ui abscidit, Formiae etiam Laestrygonibus habitatae, multa praeterea pollentissimis ingeniis edissertata, quae praeterire quam inferius exequi tutius duximus.",vbi longius abiit in cornua duo scinditur quorum alterum ionium spectat aequor alterum siculum inter quas prominentias non uno margine accessum insinuati freti recipit sed linguis proiectis saepius ac procurrentibus distinctum promunturiis pelagus accipit ibi ut obuia sparsim notemus arces tarentinae scylacea regio cum scyllaeo oppido et crateide flumine scyllae matre ut uetustas fabulata est regini saltus paestanae ualles sirenum saxa amoenissimus campaniae tractus phlegraei campi circae domus tarracina insula ante circumflua inmenso mari nunc aeuo nectente addita continenti diuersamque fortunam a reginis experta quos fretum medium a siculis ui abscidit formiae etiam laestrygonibus habitatae multa praeterea pollentissimis ingeniis edissertata quae praeterire quam inferius exequi tutius duximus,ubi longius abiit in cornua duo scinditur quorum alterum ionium spectat aequor alterum siculum inter quas prominentias non uno margine accessum insinuati freti recipit sed linguis proiectis saepius ac procurrentibus distinctum promunturiis pelagus accipit ibi ut obuia sparsim notemus arces tarentinae scylacea regio cum scyllaeo oppido et crateide flumine scyllae matre ut uetustas fabulata est regini saltus paestanae ualles sirenum saxa amoenissimus campaniae tractus phlegraei campi circae domus tarracina insula ante circumflua inmenso mari nunc aeuo nectente addita continenti diuersamque fortunam a reginis experta quos fretum medium a siculis ui abscidit formiae etiam laestrygonibus habitatae multa praeterea pollentissimis ingeniis edissertata quae praeterire quam inferius exequi tutius duximus
12161,body,47,0,False,,"Verum Italiae longitudo, quae ab Augusta Praetoria per urbem Capuamque porrigitur usque ad oppidum Regium, decies centena et uiginti milia passuum colligit, latitudo ubi plurimum quadringenta decem, ubi minimum centum triginta sex; artissima est ad portum quem Hannibalis castra dicunt, neque enim excedit quadraginta milia; umbilicum, ut Varro tradit, in agro Reatino habet.",verum italiae longitudo quae ab augusta praetoria per urbem capuamque porrigitur usque ad oppidum regium decies centena et uiginti milia passuum colligit latitudo ubi plurimum quadringenta decem ubi minimum centum triginta sex artissima est ad portum quem hannibalis castra dicunt neque enim excedit quadraginta milia umbilicum ut varro tradit in agro reatino habet,uerum italiae longitudo quae ab augusta praetoria per urbem capuamque porrigitur usque ad oppidum regium decies centena et uiginti milia passuum colligit latitudo ubi plurimum quadringenta decem ubi minimum centum triginta sex artissima est ad portum quem hannibalis castra dicunt neque enim excedit quadraginta milia umbilicum ut uarro tradit in agro reatino habet
12161,body,47,1,False,,At in solidum spatium circuitus uniuersi uicies *centena quadraginta nouem sunt.,at in solidum spatium circuitus uniuersi uicies centena quadraginta nouem sunt,at in solidum spatium circuitus uniuersi uicies centena quadraginta nouem sunt
12161,body,47,2,True,,In quo ambitu aduersa Locrensium fronte ortus a Gadibus finitur Europae sinus primus; nam secundus a Lacinio auspicatus in Acroceraunio metas habet.,in quo ambitu aduersa locrensium fronte ortus a gadibus finitur europae sinus primus nam secundus a lacinio auspicatus in acroceraunio metas habet,in quo ambitu aduersa locrensium fronte ortus a gadibus finitur europae sinus primus nam secundus a lacinio auspicatus in acroceraunio metas habet
12161,body,48,0,False,,"Ad haec Italia Pado clara est, quem mons Vesulus superantissimus inter iuga Alpium gremio suo fundit, uisendo fonte in Ligurum finibus, unde se primum Padus proruit summersusque cuniculo rursus in agro Vibonensi extollitur, nulli amnium inferior claritate, a Graecis dictus Eridanus.",ad haec italia pado clara est quem mons vesulus superantissimus inter iuga alpium gremio suo fundit uisendo fonte in ligurum finibus unde se primum padus proruit summersusque cuniculo rursus in agro vibonensi extollitur nulli amnium inferior claritate a graecis dictus eridanus,ad haec italia pado clara est quem mons uesulus superantissimus inter iuga alpium gremio suo fundit uisendo fonte in ligurum finibus unde se primum padus proruit summersusque cuniculo rursus in agro uibonensi extollitur nulli amnium inferior claritate a graecis dictus eridanus
12161,body,48,1,True,,Intumescit ex ortu canis tabefactis niuibus et liquentibus brumae pruinis auctusque aquarum accessione triginta flumina in Adriaticum defert mare.,intumescit ex ortu canis tabefactis niuibus et liquentibus brumae pruinis auctusque aquarum accessione triginta flumina in adriaticum defert mare,intumescit ex ortu canis tabefactis niuibus et liquentibus brumae pruinis auctusque aquarum accessione triginta flumina in adriaticum defert mare
12161,body,49,0,False,,"Memorabilibus inclutum et insigniter per omnium uulgatum ora, quod perpaucae familiae sunt in agro Faliscorum quos Hirpos uocant.",memorabilibus inclutum et insigniter per omnium uulgatum ora quod perpaucae familiae sunt in agro faliscorum quos hirpos uocant,memorabilibus inclutum et insigniter per omnium uulgatum ora quod perpaucae familiae sunt in agro faliscorum quos hirpos uocant
12161,body,49,1,False,,"Hi sacrificium annuum ad Soractis montem Apollini faciunt; ad operantes gesticulationibus religiosis impune exultant ardentibus lignorum struibus, in honorem diuinae rei flammis parentibus.",hi sacrificium annuum ad soractis montem apollini faciunt ad operantes gesticulationibus religiosis impune exultant ardentibus lignorum struibus in honorem diuinae rei flammis parentibus,hi sacrificium annuum ad soractis montem apollini faciunt ad operantes gesticulationibus religiosis impune exultant ardentibus lignorum struibus in honorem diuinae rei flammis parentibus
12161,body,49,2,True,,Cuius deuotionis mysterium munificentia senatus honorata Hirpis perpetuo consulto omnium munerum uacationem dedit.,cuius deuotionis mysterium munificentia senatus honorata hirpis perpetuo consulto omnium munerum uacationem dedit,cuius deuotionis mysterium munificentia senatus honorata hirpis perpetuo consulto omnium munerum uacationem dedit
12161,body,50,0,False,,Gentem Marsorum serpentibus inlaesam esse nihil mirum; a Circae filio genus ducunt et de auita potentia deberi sibi sciunt seruitium uenenorum; ideo uenena contemnunt.,gentem marsorum serpentibus inlaesam esse nihil mirum a circae filio genus ducunt et de auita potentia deberi sibi sciunt seruitium uenenorum ideo uenena contemnunt,gentem marsorum serpentibus inlaesam esse nihil mirum a circae filio genus ducunt et de auita potentia deberi sibi sciunt seruitium uenenorum ideo uenena contemnunt
12161,body,50,1,True,,"C. Coelius Aeetae tres filias dicit Angitiam Medeam Circen; Circen Circeios insedisse montes, carminum maleficiis uarias imaginum facies mentientem; Angitiam uicina Fucino occupauisse ibique salubri scientia aduersus morbos resistentem, cum dedisset homines uiuere, deam habitam; Medeam ab Iasone Buthroti sepultam filiumque eius Marsis imperasse.",c coelius aeetae tres filias dicit angitiam medeam circen circen circeios insedisse montes carminum maleficiis uarias imaginum facies mentientem angitiam uicina fucino occupauisse ibique salubri scientia aduersus morbos resistentem cum dedisset homines uiuere deam habitam medeam ab iasone buthroti sepultam filiumque eius marsis imperasse,c coelius aeetae tres filias dicit angitiam medeam circen circen circeios insedisse montes carminum maleficiis uarias imaginum facies mentientem angitiam uicina fucino occupauisse ibique salubri scientia aduersus morbos resistentem cum dedisset homines uiuere deam habitam medeam ab iasone buthroti sepultam filiumque eius marsis imperasse
12161,body,51,0,False,,"Sed quamuis Italia habeat hoc praesidium familiare, a serpentibus non penitus libera est.",sed quamuis italia habeat hoc praesidium familiare a serpentibus non penitus libera est,sed quamuis italia habeat hoc praesidium familiare a serpentibus non penitus libera est
12161,body,51,1,False,,"Denique Amunclas, quas Amyclas ante Graeci condiderant, serpentes fugauere.",denique amunclas quas amyclas ante graeci condiderant serpentes fugauere,denique amunclas quas amyclas ante graeci condiderant serpentes fugauere
12161,body,51,2,False,,"Illic frequens uipera insanabili morsu; breuior haec ceteris quas in aliis aduertimus orbis partibus ac propterea, dum despectui est, facilius nocet.",illic frequens uipera insanabili morsu breuior haec ceteris quas in aliis aduertimus orbis partibus ac propterea dum despectui est facilius nocet,illic frequens uipera insanabili morsu breuior haec ceteris quas in aliis aduertimus orbis partibus ac propterea dum despectui est facilius nocet
12161,body,51,3,False,,"Calabria chersydris frequentissima et boas gignit, quem anguem ad inmensam molem ferunt conualescere.",calabria chersydris frequentissima et boas gignit quem anguem ad inmensam molem ferunt conualescere,calabria chersydris frequentissima et boas gignit quem anguem ad inmensam molem ferunt conualescere
12161,body,51,4,False,,"Captat primo greges bubulos et quae plurimo lacte rigua bos est, eius se uberibus innectit, suctuque continuo saginata longo in saeculo ita fellebri satietate ultimo extuberatur, ut obsistere magnitudini eius nulla uis queat, postremo depopulatis animantibus regiones quas obsederit cogit ad uastitatem.",captat primo greges bubulos et quae plurimo lacte rigua bos est eius se uberibus innectit suctuque continuo saginata longo in saeculo ita fellebri satietate ultimo extuberatur ut obsistere magnitudini eius nulla uis queat postremo depopulatis animantibus regiones quas obsederit cogit ad uastitatem,captat primo greges bubulos et quae plurimo lacte rigua bos est eius se uberibus innectit suctuque continuo saginata longo in saeculo ita fellebri satietate ultimo extuberatur ut obsistere magnitudini eius nulla uis queat postremo depopulatis animantibus regiones quas obsederit cogit ad uastitatem
12161,body,51,5,True,,"Diuo Claudio principe, ubi Vaticanus ager est, in aluo occisae boae spectatus est solidus infans.",diuo claudio principe ubi vaticanus ager est in aluo occisae boae spectatus est solidus infans,diuo claudio principe ubi uaticanus ager est in aluo occisae boae spectatus est solidus infans
12161,body,52,0,False,,"Italia lupos habet quod cum ceteris simile non sit, homo quem prius uiderit conticescit, et anticipatus obtutu nocentis, licet clamandi uotum habeat, non habet uocis ministerium.",italia lupos habet quod cum ceteris simile non sit homo quem prius uiderit conticescit et anticipatus obtutu nocentis licet clamandi uotum habeat non habet uocis ministerium,italia lupos habet quod cum ceteris simile non sit homo quem prius uiderit conticescit et anticipatus obtutu nocentis licet clamandi uotum habeat non habet uocis ministerium
12161,body,52,1,False,,Sciens de lupis praetereo multa: spectatissimum illud est.,sciens de lupis praetereo multa spectatissimum illud est,sciens de lupis praetereo multa spectatissimum illud est
12161,body,52,2,False,,"Caudae animalis huius uillus amatorius inest perexiguus, quem spontiuo damno abicit, cum capi metuit; nec habet potentiam, nisi uiuenti detrahatur.",caudae animalis huius uillus amatorius inest perexiguus quem spontiuo damno abicit cum capi metuit nec habet potentiam nisi uiuenti detrahatur,caudae animalis huius uillus amatorius inest perexiguus quem spontiuo damno abicit cum capi metuit nec habet potentiam nisi uiuenti detrahatur
12161,body,52,3,False,,Coeunt lupi toto anno non amplius dies duodecim.,coeunt lupi toto anno non amplius dies duodecim,coeunt lupi toto anno non amplius dies duodecim
12161,body,52,4,False,,Vescuntur in fame terram.,vescuntur in fame terram,uescuntur in fame terram
12161,body,52,5,True,,"At hi quos ceruarios dicimus, quamuis post longa ieiunia repertas aegre carnes mandere coeperint, ubi quid casu respiciant obliuiscuntur, et inmemores praesentis copiae eunt quaesitum quam reliquerint satietatem.",at hi quos ceruarios dicimus quamuis post longa ieiunia repertas aegre carnes mandere coeperint ubi quid casu respiciant obliuiscuntur et inmemores praesentis copiae eunt quaesitum quam reliquerint satietatem,at hi quos ceruarios dicimus quamuis post longa ieiunia repertas aegre carnes mandere coeperint ubi quid casu respiciant obliuiscuntur et inmemores praesentis copiae eunt quaesitum quam reliquerint satietatem
12161,body,53,0,False,,"In hoc animalium genere numerantur et lynces, quarum urinas coire in duritiem pretiosi calculi fatentur qui naturas lapidum exquisitius sunt persecuti.",in hoc animalium genere numerantur et lynces quarum urinas coire in duritiem pretiosi calculi fatentur qui naturas lapidum exquisitius sunt persecuti,in hoc animalium genere numerantur et lynces quarum urinas coire in duritiem pretiosi calculi fatentur qui naturas lapidum exquisitius sunt persecuti
12161,body,53,1,False,,"Istud etiam ipsas lynces persentiscere hoc documento probatur, quod egestum liquorem ilico harenarum tumulis quantum ualent contegunt, inuidia scilicet ne talis egeries transeat in nostrum usum.",istud etiam ipsas lynces persentiscere hoc documento probatur quod egestum liquorem ilico harenarum tumulis quantum ualent contegunt inuidia scilicet ne talis egeries transeat in nostrum usum,istud etiam ipsas lynces persentiscere hoc documento probatur quod egestum liquorem ilico harenarum tumulis quantum ualent contegunt inuidia scilicet ne talis egeries transeat in nostrum usum
12161,body,53,2,True,,"Vt Theophrastus perhibet. lapidi isti ad sucinum color est, pariter spiritu adtrahit propinquantia, dolores renum placat, medetur regio morbo, lyncurium Graece dicitur.",vt theophrastus perhibet lapidi isti ad sucinum color est pariter spiritu adtrahit propinquantia dolores renum placat medetur regio morbo lyncurium graece dicitur,ut theophrastus perhibet lapidi isti ad sucinum color est pariter spiritu adtrahit propinquantia dolores renum placat medetur regio morbo lyncurium graece dicitur
12161,body,54,0,False,,"Cicadae apud Reginos mutae, nec usquam *alibi; quod silentium miraculo est, nec inmerito, cum uicinae quae sunt Locrensium ultra ceteras sonent.",cicadae apud reginos mutae nec usquam alibi quod silentium miraculo est nec inmerito cum uicinae quae sunt locrensium ultra ceteras sonent,cicadae apud reginos mutae nec usquam alibi quod silentium miraculo est nec inmerito cum uicinae quae sunt locrensium ultra ceteras sonent
12161,body,54,1,True,,"Causas Granius tradit, cum obmurmurarent illic Herculi quiescenti, deum iussisse ne streperent; itaque ex eo coeptum silentium permanere.",causas granius tradit cum obmurmurarent illic herculi quiescenti deum iussisse ne streperent itaque ex eo coeptum silentium permanere,causas granius tradit cum obmurmurarent illic herculi quiescenti deum iussisse ne streperent itaque ex eo coeptum silentium permanere
12161,body,55,0,False,,"Ligusticum mare frutices procreat, qui quantisper fuerint in aquarum profundis, fluxi sunt tactu prope carnulento; deinde ubi in supera tolluntur natalibus derogati saxis lapides fiunt; nec solum qualitas illis sed et color uertitur; nam puniceo protinus erubescunt.",ligusticum mare frutices procreat qui quantisper fuerint in aquarum profundis fluxi sunt tactu prope carnulento deinde ubi in supera tolluntur natalibus derogati saxis lapides fiunt nec solum qualitas illis sed et color uertitur nam puniceo protinus erubescunt,ligusticum mare frutices procreat qui quantisper fuerint in aquarum profundis fluxi sunt tactu prope carnulento deinde ubi in supera tolluntur natalibus derogati saxis lapides fiunt nec solum qualitas illis sed et color uertitur nam puniceo protinus erubescunt
12161,body,55,1,False,,"Ramuli sunt, quales arboris uisimus, ad semipedem frequentius longi; rarum est pedaneos deprehendi.",ramuli sunt quales arboris uisimus ad semipedem frequentius longi rarum est pedaneos deprehendi,ramuli sunt quales arboris uisimus ad semipedem frequentius longi rarum est pedaneos deprehendi
12161,body,55,2,False,,Excluduntur ex illis multa gestamina.,excluduntur ex illis multa gestamina,excluduntur ex illis multa gestamina
12161,body,55,3,False,,"Habet enim, ut Zoroastres ait, materia haec quandam potestatem, ac propterea quidquid inde sit, ducitur inter salutaria.",habet enim ut zoroastres ait materia haec quandam potestatem ac propterea quidquid inde sit ducitur inter salutaria,habet enim ut zoroastres ait materia haec quandam potestatem ac propterea quidquid inde sit ducitur inter salutaria
12161,body,55,4,False,,Curallium alias dicunt: nam Metrodorus gorgiam nominat.,curallium alias dicunt nam metrodorus gorgiam nominat,curallium alias dicunt nam metrodorus gorgiam nominat
12161,body,55,5,False,,Idem quod resistat typhonibus et fulminibus adfirmat.,idem quod resistat typhonibus et fulminibus adfirmat,idem quod resistat typhonibus et fulminibus adfirmat
12161,body,55,6,False,,"Eruitur gemma in parte Lucaniae facie adeo iucunda, ut languentes intrinsecus stellas et sub nubilo renidentes perfundat color croceus.",eruitur gemma in parte lucaniae facie adeo iucunda ut languentes intrinsecus stellas et sub nubilo renidentes perfundat color croceus,eruitur gemma in parte lucaniae facie adeo iucunda ut languentes intrinsecus stellas et sub nubilo renidentes perfundat color croceus
12161,body,55,7,False,,"Ea quoniam in litore Syrtium inuenta primum est, Syrtitis uocatur.",ea quoniam in litore syrtium inuenta primum est syrtitis uocatur,ea quoniam in litore syrtium inuenta primum est syrtitis uocatur
12161,body,55,8,True,,"Est et Veientana a loco dicta, cui nigricolor facies propria, quam ad gratiam uarietatis limites albi intersecant notis candicantibus.",est et veientana a loco dicta cui nigricolor facies propria quam ad gratiam uarietatis limites albi intersecant notis candicantibus,est et ueientana a loco dicta cui nigricolor facies propria quam ad gratiam uarietatis limites albi intersecant notis candicantibus
12161,body,56,0,False,,"Insula quae Apuliae oram uidet tumulo ac delubro Diomedis insignis est et Diomedeas aues sola nutrit; nam hoc genus alitis praeterquam ibi nusquam gentium est, idque solum poterat memorabile iudicari, nisi accederent non omittenda.",insula quae apuliae oram uidet tumulo ac delubro diomedis insignis est et diomedeas aues sola nutrit nam hoc genus alitis praeterquam ibi nusquam gentium est idque solum poterat memorabile iudicari nisi accederent non omittenda,insula quae apuliae oram uidet tumulo ac delubro diomedis insignis est et diomedeas aues sola nutrit nam hoc genus alitis praeterquam ibi nusquam gentium est idque solum poterat memorabile iudicari nisi accederent non omittenda
12161,body,56,1,False,,"Forma illis paene quae fulicis, color candidus, ignei oculi, ora dentata; congreges uolitant nec sine ratione pergendi; duces duo sunt, qui regunt cursum: alter agmen anteit alter insequitur; ille ut ductu certum iter dirigat, hic ut instantia urgeat tarditatem.",forma illis paene quae fulicis color candidus ignei oculi ora dentata congreges uolitant nec sine ratione pergendi duces duo sunt qui regunt cursum alter agmen anteit alter insequitur ille ut ductu certum iter dirigat hic ut instantia urgeat tarditatem,forma illis paene quae fulicis color candidus ignei oculi ora dentata congreges uolitant nec sine ratione pergendi duces duo sunt qui regunt cursum alter agmen anteit alter insequitur ille ut ductu certum iter dirigat hic ut instantia urgeat tarditatem
12161,body,56,2,False,,Haec in meantibus disciplina est.,haec in meantibus disciplina est,haec in meantibus disciplina est
12161,body,56,3,False,,"Cum fetificum adest tempus, rostro scrobes excauant, deinde surculis inuersum superpositis imitantur texta cratium; sic contegunt subtercauata et ne operimenta *si desint, forte lignorum cassa uenti auferant, hanc struicem premunt terra quam egesserant cum puteos excitarent.",cum fetificum adest tempus rostro scrobes excauant deinde surculis inuersum superpositis imitantur texta cratium sic contegunt subtercauata et ne operimenta si desint forte lignorum cassa uenti auferant hanc struicem premunt terra quam egesserant cum puteos excitarent,cum fetificum adest tempus rostro scrobes excauant deinde surculis inuersum superpositis imitantur texta cratium sic contegunt subtercauata et ne operimenta si desint forte lignorum cassa uenti auferant hanc struicem premunt terra quam egesserant cum puteos excitarent
12161,body,56,4,False,,"Sic nidos moliuntur bifori accessu, nec fortuitu, adeo ut ad plagas caeli metentur exitus uel ingressus; aditus qui dimittit, ad pastus in ortum destinatur, qui excipit reuertentes uersus occasui est, ut lux et morantes excitet et receptui non denegetur.",sic nidos moliuntur bifori accessu nec fortuitu adeo ut ad plagas caeli metentur exitus uel ingressus aditus qui dimittit ad pastus in ortum destinatur qui excipit reuertentes uersus occasui est ut lux et morantes excitet et receptui non denegetur,sic nidos moliuntur bifori accessu nec fortuitu adeo ut ad plagas caeli metentur exitus uel ingressus aditus qui dimittit ad pastus in ortum destinatur qui excipit reuertentes uersus occasui est ut lux et morantes excitet et receptui non denegetur
12161,body,56,5,False,,"Leuaturae aluum aduersis flatibus subuolant, quibus proluuies longius auferatur.",leuaturae aluum aduersis flatibus subuolant quibus proluuies longius auferatur,leuaturae aluum aduersis flatibus subuolant quibus proluuies longius auferatur
12161,body,56,6,False,,"Iudicant inter aduenas: qui Graecus est propius accedunt et quantum intellegi datur ut ciuem blandius adulantur, si quis erit gentis alterius, inuolant et inpugnant.",iudicant inter aduenas qui graecus est propius accedunt et quantum intellegi datur ut ciuem blandius adulantur si quis erit gentis alterius inuolant et inpugnant,iudicant inter aduenas qui graecus est propius accedunt et quantum intellegi datur ut ciuem blandius adulantur si quis erit gentis alterius inuolant et inpugnant
12161,body,56,7,False,,"Aedem sacram omni die celebrant studio eiusmodi: aquis imbuunt plumas alisque inpendio madefactis confluunt rorulentae; ita aedem excusso umore purificant; tunc pinnulis superplaudunt, inde disceditur quasi peracta religione.",aedem sacram omni die celebrant studio eiusmodi aquis imbuunt plumas alisque inpendio madefactis confluunt rorulentae ita aedem excusso umore purificant tunc pinnulis superplaudunt inde disceditur quasi peracta religione,aedem sacram omni die celebrant studio eiusmodi aquis imbuunt plumas alisque inpendio madefactis confluunt rorulentae ita aedem excusso umore purificant tunc pinnulis superplaudunt inde disceditur quasi peracta religione
12161,body,56,8,False,,Ob hoc ferunt Diomedis socios aues factos.,ob hoc ferunt diomedis socios aues factos,ob hoc ferunt diomedis socios aues factos
12161,body,56,9,True,,"Sane ante aduentum Aetoli ducis nomen Diomedeae non habebant, inde sic dictae.",sane ante aduentum aetoli ducis nomen diomedeae non habebant inde sic dictae,sane ante aduentum aetoli ducis nomen diomedeae non habebant inde sic dictae
12161,body,57,0,False,,"Italicus excursus per Liburnos, quae gens Asiatica est, procedit in Dalmatiae pedem, Dalmatia in limitem Illyricum, in quo sinu Dardani sedes habent, homines ex Troiana prosapia in mores barbaros efferati.",italicus excursus per liburnos quae gens asiatica est procedit in dalmatiae pedem dalmatia in limitem illyricum in quo sinu dardani sedes habent homines ex troiana prosapia in mores barbaros efferati,italicus excursus per liburnos quae gens asiatica est procedit in dalmatiae pedem dalmatia in limitem illyricum in quo sinu dardani sedes habent homines ex troiana prosapia in mores barbaros efferati
12161,body,57,1,False,,"At ex altera parte per Ligurum oram in Narbonensem prouinciam pergit, in qua Phocaenses quondam fugati Persarum aduentu Massiliam urbem olympiade quadragesima quinta condiderunt.",at ex altera parte per ligurum oram in narbonensem prouinciam pergit in qua phocaenses quondam fugati persarum aduentu massiliam urbem olympiade quadragesima quinta condiderunt,at ex altera parte per ligurum oram in narbonensem prouinciam pergit in qua phocaenses quondam fugati persarum aduentu massiliam urbem olympiade quadragesima quinta condiderunt
12161,body,57,2,False,,"Et C. Marius bello Cimbrico factis manu fossis inuitauit mare, perniciosamque feruentis Rodani nauigationem temperauit; qui amnis praecipitatus Alpibus primo per Heluetios ruit, occursantium aquarum agmina secum trahens, auctuque magno ipso quod inuadit freto turbulentior, nisi quod fretum uentis excitatur, Rodanus saeuit et cum serenum est, atque ideo inter tres Europae maximos fluuios et hunc computant.",et c marius bello cimbrico factis manu fossis inuitauit mare perniciosamque feruentis rodani nauigationem temperauit qui amnis praecipitatus alpibus primo per heluetios ruit occursantium aquarum agmina secum trahens auctuque magno ipso quod inuadit freto turbulentior nisi quod fretum uentis excitatur rodanus saeuit et cum serenum est atque ideo inter tres europae maximos fluuios et hunc computant,et c marius bello cimbrico factis manu fossis inuitauit mare perniciosamque feruentis rodani nauigationem temperauit qui amnis praecipitatus alpibus primo per heluetios ruit occursantium aquarum agmina secum trahens auctuque magno ipso quod inuadit freto turbulentior nisi quod fretum uentis excitatur rodanus saeuit et cum serenum est atque ideo inter tres europae maximos fluuios et hunc computant
12161,body,57,3,True,,"Aquae quoque Sextiae illic obclaruerunt, quondam hiberna consulis, postea excultae moenibus; quarum calor olim acrior exhalatus per tempora euaporauit nec iam par est famae prioris.",aquae quoque sextiae illic obclaruerunt quondam hiberna consulis postea excultae moenibus quarum calor olim acrior exhalatus per tempora euaporauit nec iam par est famae prioris,aquae quoque sextiae illic obclaruerunt quondam hiberna consulis postea excultae moenibus quarum calor olim acrior exhalatus per tempora euaporauit nec iam par est famae prioris
12161,body,58,0,True,,"Si Graecias cogitemus, praestat respicere litus Tarentinum; unde a promunturio, quod Acran Iapygiam uocant, Achaiam destinantibus citissima nauigatio est.",si graecias cogitemus praestat respicere litus tarentinum unde a promunturio quod acran iapygiam uocant achaiam destinantibus citissima nauigatio est,si graecias cogitemus praestat respicere litus tarentinum unde a promunturio quod acran iapygiam uocant achaiam destinantibus citissima nauigatio est
12161,head,59,0,True,,III,iii,iii
12161,body,60,0,False,,"Flectendus hinc stilus est: terrarum uocant aliae, et longum est, ut moratim insularum omnium oras legamus, quascumque promunturia Italica prospectant; quamuis sparsae recessibus amoenissimis et quodam naturae quasi spectaculo expositae non erant omittendae; sed quantum residendum est, si dilatis quae praecipua sunt per quandam desidiam, aut Pandateriam aut Prochytam dicamus, aut ferri Iluam feracem, aut Caprariam quam Graeci Aegilon dicunt, aut Planasiam de facie supinati sic uocatam, uel Columbariam auium hoc nominis matrem, uel Ithacesiam Vlixis speculam, uel Aenariam, Inarimen Homero nominatam, aliasque laetas non secus.",flectendus hinc stilus est terrarum uocant aliae et longum est ut moratim insularum omnium oras legamus quascumque promunturia italica prospectant quamuis sparsae recessibus amoenissimis et quodam naturae quasi spectaculo expositae non erant omittendae sed quantum residendum est si dilatis quae praecipua sunt per quandam desidiam aut pandateriam aut prochytam dicamus aut ferri iluam feracem aut caprariam quam graeci aegilon dicunt aut planasiam de facie supinati sic uocatam uel columbariam auium hoc nominis matrem uel ithacesiam vlixis speculam uel aenariam inarimen homero nominatam aliasque laetas non secus,flectendus hinc stilus est terrarum uocant aliae et longum est ut moratim insularum omnium oras legamus quascumque promunturia italica prospectant quamuis sparsae recessibus amoenissimis et quodam naturae quasi spectaculo expositae non erant omittendae sed quantum residendum est si dilatis quae praecipua sunt per quandam desidiam aut pandateriam aut prochytam dicamus aut ferri iluam feracem aut caprariam quam graeci aegilon dicunt aut planasiam de facie supinati sic uocatam uel columbariam auium hoc nominis matrem uel ithacesiam ulixis speculam uel aenariam inarimen homero nominatam aliasque laetas non secus
12161,body,60,1,False,,"Inter quas Corsicam plurimi in dicendo latius circumuecti plenissima narrandi absoluerunt diligentia, nihilque omissum quod retractanti non sit superuacuum: ut exordium incolis Ligures dederint, ut oppida extructa sint, ut colonias ibi deduxerint Marius et Sulla, ut ipsam Ligustici sinus aequor adluat.",inter quas corsicam plurimi in dicendo latius circumuecti plenissima narrandi absoluerunt diligentia nihilque omissum quod retractanti non sit superuacuum ut exordium incolis ligures dederint ut oppida extructa sint ut colonias ibi deduxerint marius et sulla ut ipsam ligustici sinus aequor adluat,inter quas corsicam plurimi in dicendo latius circumuecti plenissima narrandi absoluerunt diligentia nihilque omissum quod retractanti non sit superuacuum ut exordium incolis ligures dederint ut oppida extructa sint ut colonias ibi deduxerint marius et sulla ut ipsam ligustici sinus aequor adluat
12161,body,60,2,True,,Sed haec facessant.,sed haec facessant,sed haec facessant
12161,body,61,0,False,,"Verum ager Corsicanus, quod in eo agro unicum est, solus edit quem catochiten uocant lapidem fatu dignissimum.",verum ager corsicanus quod in eo agro unicum est solus edit quem catochiten uocant lapidem fatu dignissimum,uerum ager corsicanus quod in eo agro unicum est solus edit quem catochiten uocant lapidem fatu dignissimum
12161,body,61,1,False,,Maior est ceteris qui ad ornatum destinantur nec tam gemma quam cautes.,maior est ceteris qui ad ornatum destinantur nec tam gemma quam cautes,maior est ceteris qui ad ornatum destinantur nec tam gemma quam cautes
12161,body,61,2,False,,"Idem inpositas manus detinet, ita se iunctis corporibus adnectens ut cum ipso haereant quibus tangitur; *sic ei inest uelut de glutino lentiore nescio quid par atque gummi.",idem inpositas manus detinet ita se iunctis corporibus adnectens ut cum ipso haereant quibus tangitur sic ei inest uelut de glutino lentiore nescio quid par atque gummi,idem inpositas manus detinet ita se iunctis corporibus adnectens ut cum ipso haereant quibus tangitur sic ei inest uelut de glutino lentiore nescio quid par atque gummi
12161,body,61,3,True,,Accipimus Democritum Abderiten ostentatione scrupuli huius frequenter usum ad probandam occultam naturae potentiam in certaminibus quae contra magos habuit.,accipimus democritum abderiten ostentatione scrupuli huius frequenter usum ad probandam occultam naturae potentiam in certaminibus quae contra magos habuit,accipimus democritum abderiten ostentatione scrupuli huius frequenter usum ad probandam occultam naturae potentiam in certaminibus quae contra magos habuit
12161,head,62,0,True,,IV,iv,iu
12161,body,63,0,False,,"Sardinia quoque, quam apud Timaeum Sandaliotin legimus, Ichnusam apud Crispum, in quo mari sita sit, quos incolarum auctores habeat, satis celebre est.",sardinia quoque quam apud timaeum sandaliotin legimus ichnusam apud crispum in quo mari sita sit quos incolarum auctores habeat satis celebre est,sardinia quoque quam apud timaeum sandaliotin legimus ichnusam apud crispum in quo mari sita sit quos incolarum auctores habeat satis celebre est
12161,body,63,1,True,,"Nihil ergo attinet dicere [ut] Sardus Hercule, Norax Mercurio procreati cum alter a Libya, alter ab usque Tartesso Hispaniae in hosce fines permeauissent, a Sardo terrae, a Norace Norae oppido nomen datum, mox Aristaeum regnando his proximum in urbe Caralis, quam condiderat ipse coniuncto populo utriusque sanguinis, seiuges usque ad se gentes ad unum morem coniugasse, imperium ex insolentia nihil aspernatas.",nihil ergo attinet dicere ut sardus hercule norax mercurio procreati cum alter a libya alter ab usque tartesso hispaniae in hosce fines permeauissent a sardo terrae a norace norae oppido nomen datum mox aristaeum regnando his proximum in urbe caralis quam condiderat ipse coniuncto populo utriusque sanguinis seiuges usque ad se gentes ad unum morem coniugasse imperium ex insolentia nihil aspernatas,nihil ergo attinet dicere ut sardus hercule norax mercurio procreati cum alter a libya alter ab usque tartesso hispaniae in hosce fines permeauissent a sardo terrae a norace norae oppido nomen datum mox aristaeum regnando his proximum in urbe caralis quam condiderat ipse coniuncto populo utriusque sanguinis seiuges usque ad se gentes ad unum morem coniugasse imperium ex insolentia nihil aspernatas
12161,body,64,0,False,,"Sed ut haec et Iolaum, qui ad id locorum agros ibi insedit, praeterea et Ilienses et Locrenses transeamus, Sardinia est quidem absque serpentibus.",sed ut haec et iolaum qui ad id locorum agros ibi insedit praeterea et ilienses et locrenses transeamus sardinia est quidem absque serpentibus,sed ut haec et iolaum qui ad id locorum agros ibi insedit praeterea et ilienses et locrenses transeamus sardinia est quidem absque serpentibus
12161,body,64,1,False,,"Sed quod aliis locis serpens, hoc solifuga Sardis agris, animal *perexiguum aranei forma, solifuga dicta quod diem fugiat.",sed quod aliis locis serpens hoc solifuga sardis agris animal perexiguum aranei forma solifuga dicta quod diem fugiat,sed quod aliis locis serpens hoc solifuga sardis agris animal perexiguum aranei forma solifuga dicta quod diem fugiat
12161,body,64,2,False,,"In metallis argentariis plurima est, nam solum illud argenti diues est; occultim reptat et per inprudentiam supersedentibus pestem facit.",in metallis argentariis plurima est nam solum illud argenti diues est occultim reptat et per inprudentiam supersedentibus pestem facit,in metallis argentariis plurima est nam solum illud argenti diues est occultim reptat et per inprudentiam supersedentibus pestem facit
12161,body,64,3,False,,"Huic incommodo accedit et herba Sardonia, quae in defluuiis fontaneis prouenit iusto largius.",huic incommodo accedit et herba sardonia quae in defluuiis fontaneis prouenit iusto largius,huic incommodo accedit et herba sardonia quae in defluuiis fontaneis prouenit iusto largius
12161,body,64,4,True,,"Ea si edulio fuerit nescientibus, neruos contrahit, diducit rictu ora, ut qui mortem oppetunt intereant facie ridentium.",ea si edulio fuerit nescientibus neruos contrahit diducit rictu ora ut qui mortem oppetunt intereant facie ridentium,ea si edulio fuerit nescientibus neruos contrahit diducit rictu ora ut qui mortem oppetunt intereant facie ridentium
12161,body,65,0,False,,Contra quidquid aquarum est uarie commodis seruit.,contra quidquid aquarum est uarie commodis seruit,contra quidquid aquarum est uarie commodis seruit
12161,body,65,1,False,,Stagna pisculentissima.,stagna pisculentissima,stagna pisculentissima
12161,body,65,2,False,,"Hibernae pluuiae in aestiuam penuriam reseruantur, nam homo Sardus opem plurimam de imbrido caelo habet: hoc collectaneum depascitur, ut sufficiat usui ubi defecerint scaturrigines.",hibernae pluuiae in aestiuam penuriam reseruantur nam homo sardus opem plurimam de imbrido caelo habet hoc collectaneum depascitur ut sufficiat usui ubi defecerint scaturrigines,hibernae pluuiae in aestiuam penuriam reseruantur nam homo sardus opem plurimam de imbrido caelo habet hoc collectaneum depascitur ut sufficiat usui ubi defecerint scaturrigines
12161,body,65,3,False,,"Fontes calidi et salubres aliquot locis efferuescunt, qui medelas afferunt aut solidant ossa fracta aut abolent a solifugis insertum uenenum aut etiam ocularias dissipant aegritudines.",fontes calidi et salubres aliquot locis efferuescunt qui medelas afferunt aut solidant ossa fracta aut abolent a solifugis insertum uenenum aut etiam ocularias dissipant aegritudines,fontes calidi et salubres aliquot locis efferuescunt qui medelas afferunt aut solidant ossa fracta aut abolent a solifugis insertum uenenum aut etiam ocularias dissipant aegritudines
12161,body,65,4,True,,"Sed qui oculis medentur, et coarguendis ualent furibus; nam quisquis sacramento raptum negat, lumina aquis adtrectat; ubi periurium non est, cernit clarius, si perfidia abnuit, detegitur facinus caecitate, et captus oculis admissum fatetur.",sed qui oculis medentur et coarguendis ualent furibus nam quisquis sacramento raptum negat lumina aquis adtrectat ubi periurium non est cernit clarius si perfidia abnuit detegitur facinus caecitate et captus oculis admissum fatetur,sed qui oculis medentur et coarguendis ualent furibus nam quisquis sacramento raptum negat lumina aquis adtrectat ubi periurium non est cernit clarius si perfidia abnuit detegitur facinus caecitate et captus oculis admissum fatetur
12161,body,66,0,False,,"V Si respiciamus ad ordinem temporum uel locorum, post Sardiniam res uocant Siculae.",v si respiciamus ad ordinem temporum uel locorum post sardiniam res uocant siculae,u si respiciamus ad ordinem temporum uel locorum post sardiniam res uocant siculae
12161,body,66,1,False,,"Primo quod utraque insula in Romanum arbitratum redacta iisdem temporibus facta prouincia est, cum eodem anno Sardiniam M. Valerius, alteram C. Flaminius praetor sortiti sint.",primo quod utraque insula in romanum arbitratum redacta iisdem temporibus facta prouincia est cum eodem anno sardiniam m valerius alteram c flaminius praetor sortiti sint,primo quod utraque insula in romanum arbitratum redacta iisdem temporibus facta prouincia est cum eodem anno sardiniam m ualerius alteram c flaminius praetor sortiti sint
12161,body,66,2,True,,Adde quod freto Siculo excipitur nomen Sardi maris.,adde quod freto siculo excipitur nomen sardi maris,adde quod freto siculo excipitur nomen sardi maris
12161,body,67,0,False,,"Ergo Sicilia, quod cum primis adsignandum est, diffusis prominentibus triquetra specie figuratur.",ergo sicilia quod cum primis adsignandum est diffusis prominentibus triquetra specie figuratur,ergo sicilia quod cum primis adsignandum est diffusis prominentibus triquetra specie figuratur
12161,body,67,1,False,,"Pachynus aspectus in Peloponnesum et meridianam plagam dirigit, Pelorias aduersa uespero Italiam uidet, Lilybaeum in Africam extenditur.",pachynus aspectus in peloponnesum et meridianam plagam dirigit pelorias aduersa uespero italiam uidet lilybaeum in africam extenditur,pachynus aspectus in peloponnesum et meridianam plagam dirigit pelorias aduersa uespero italiam uidet lilybaeum in africam extenditur
12161,body,67,2,False,,"Inter quae Pelorias praestat laudata unico soli temperamento, quod neque umido in lutum madefiat neque fatiscat in puluerem siccitate.",inter quae pelorias praestat laudata unico soli temperamento quod neque umido in lutum madefiat neque fatiscat in puluerem siccitate,inter quae pelorias praestat laudata unico soli temperamento quod neque umido in lutum madefiat neque fatiscat in puluerem siccitate
12161,body,67,3,False,,"Ea ubi introrsum recedit et in latitudinem panditur, tres lacus optinet, quorum unus quod piscium copiosus est, non equidem ad miraculum duxerim.",ea ubi introrsum recedit et in latitudinem panditur tres lacus optinet quorum unus quod piscium copiosus est non equidem ad miraculum duxerim,ea ubi introrsum recedit et in latitudinem panditur tres lacus optinet quorum unus quod piscium copiosus est non equidem ad miraculum duxerim
12161,body,67,4,False,,"Sed quod ei proximans condensus arbustis inter uirgultorum opaca feras nutriat et admissis uenantibus per terrenos tramites, quibus pedestres accessus excipit, duplicem piscandi uenandique praebeat uoluptatem, numeratur inter eximia.",sed quod ei proximans condensus arbustis inter uirgultorum opaca feras nutriat et admissis uenantibus per terrenos tramites quibus pedestres accessus excipit duplicem piscandi uenandique praebeat uoluptatem numeratur inter eximia,sed quod ei proximans condensus arbustis inter uirgultorum opaca feras nutriat et admissis uenantibus per terrenos tramites quibus pedestres accessus excipit duplicem piscandi uenandique praebeat uoluptatem numeratur inter eximia
12161,body,67,5,False,,"Tertium ara sacrum adprobat, quae in medio sita breuia diuidit a profundis.",tertium ara sacrum adprobat quae in medio sita breuia diuidit a profundis,tertium ara sacrum adprobat quae in medio sita breuia diuidit a profundis
12161,body,67,6,True,,"Qua ad eam pergitur, aqua crurum tenus peruenit; quod ultra est, nec explorari licet nec attingi et si fiat, qui id sit ausus malo plectitur quantamque sui partem ingurgitauerit, tantam perditum it. Ferunt quendam in haec alta quam longissimam poterat iecisse lineam, eam ut recuperaret dum merso brachio nisum adiuuat, cadauer manum factam.",qua ad eam pergitur aqua crurum tenus peruenit quod ultra est nec explorari licet nec attingi et si fiat qui id sit ausus malo plectitur quantamque sui partem ingurgitauerit tantam perditum it ferunt quendam in haec alta quam longissimam poterat iecisse lineam eam ut recuperaret dum merso brachio nisum adiuuat cadauer manum factam,qua ad eam pergitur aqua crurum tenus peruenit quod ultra est nec explorari licet nec attingi et si fiat qui id sit ausus malo plectitur quantamque sui partem ingurgitauerit tantam perditum it ferunt quendam in haec alta quam longissimam poterat iecisse lineam eam ut recuperaret dum merso brachio nisum adiuuat cadauer manum factam
12161,body,68,0,False,,"Peloritana ora habitatur colonia Tauromenia, quam prisci Naxum uocabant, oppido Messana Italiae Regio opposita.",peloritana ora habitatur colonia tauromenia quam prisci naxum uocabant oppido messana italiae regio opposita,peloritana ora habitatur colonia tauromenia quam prisci naxum uocabant oppido messana italiae regio opposita
12161,body,68,1,False,,Quod Regium a dehiscendi argumento Rhegion Graeci dictitabant.,quod regium a dehiscendi argumento rhegion graeci dictitabant,quod regium a dehiscendi argumento rhegion graeci dictitabant
12161,body,68,2,False,,Pachyno multa thynnorum inest copia ac propterea semper captura larga.,pachyno multa thynnorum inest copia ac propterea semper captura larga,pachyno multa thynnorum inest copia ac propterea semper captura larga
12161,body,68,3,False,,Lilybitano Lilybaeum oppidum decus est Sibyllae sepulcro.,lilybitano lilybaeum oppidum decus est sibyllae sepulcro,lilybitano lilybaeum oppidum decus est sibyllae sepulcro
12161,body,68,4,False,,"Sicaniae diu ante Troiana bella Sicanus rex nomen dedit, aduectus cum amplissima Hiberorum manu, post Siculus Neptuni filius.",sicaniae diu ante troiana bella sicanus rex nomen dedit aduectus cum amplissima hiberorum manu post siculus neptuni filius,sicaniae diu ante troiana bella sicanus rex nomen dedit aduectus cum amplissima hiberorum manu post siculus neptuni filius
12161,body,68,5,False,,"In hanc plurimi Corinthiorum Argiuorum Iliensium Doriensium Cretensium confluxerunt, inter quos et Daedalus fabricae artis magister.",in hanc plurimi corinthiorum argiuorum iliensium doriensium cretensium confluxerunt inter quos et daedalus fabricae artis magister,in hanc plurimi corinthiorum argiuorum iliensium doriensium cretensium confluxerunt inter quos et daedalus fabricae artis magister
12161,body,68,6,False,,"Principem urbium Syracusas habet, in qua etiam cum hiberno conduntur serena, nullo non die sol est.",principem urbium syracusas habet in qua etiam cum hiberno conduntur serena nullo non die sol est,principem urbium syracusas habet in qua etiam cum hiberno conduntur serena nullo non die sol est
12161,body,68,7,True,,Adde quod Arethusa fons in hac urbe est.,adde quod arethusa fons in hac urbe est,adde quod arethusa fons in hac urbe est
12161,body,69,0,False,,Eminet montibus Aetna et Eryce.,eminet montibus aetna et eryce,eminet montibus aetna et eryce
12161,body,69,1,False,,"Vulcano Aetna sacer est, Eryx Veneri.",vulcano aetna sacer est eryx veneri,uulcano aetna sacer est eryx ueneri
12161,body,69,2,False,,"In Aetnae uertice hiatus duo sunt, crateres nominati, per quos eructatus erumpit uapor, praemisso prius fremitu, qui per aestuantes cauernarum latebras longo mugitu intra terrae uiscera diuoluitur, nec ante se flammarum globi attollunt quam interni strepitus antecedant.",in aetnae uertice hiatus duo sunt crateres nominati per quos eructatus erumpit uapor praemisso prius fremitu qui per aestuantes cauernarum latebras longo mugitu intra terrae uiscera diuoluitur nec ante se flammarum globi attollunt quam interni strepitus antecedant,in aetnae uertice hiatus duo sunt crateres nominati per quos eructatus erumpit uapor praemisso prius fremitu qui per aestuantes cauernarum latebras longo mugitu intra terrae uiscera diuoluitur nec ante se flammarum globi attollunt quam interni strepitus antecedant
12161,body,69,3,False,,"[Mirum hoc est: nec illud minus quod in illa feruentis naturae peruicacia mixtas ignibus niues praefert, et licet uastis exundet incendiis, apicis canitie perpetua brumalem detinet faciem.",mirum hoc est nec illud minus quod in illa feruentis naturae peruicacia mixtas ignibus niues praefert et licet uastis exundet incendiis apicis canitie perpetua brumalem detinet faciem,mirum hoc est nec illud minus quod in illa feruentis naturae peruicacia mixtas ignibus niues praefert et licet uastis exundet incendiis apicis canitie perpetua brumalem detinet faciem
12161,body,69,4,False,,Ita inuicta in utroque uiolentia nec calor frigore mitigatur nec frigus calore dissoluitur.,ita inuicta in utroque uiolentia nec calor frigore mitigatur nec frigus calore dissoluitur,ita inuicta in utroque uiolentia nec calor frigore mitigatur nec frigus calore dissoluitur
12161,body,69,5,False,,] Laudant alios montes duos Nebroden et Neptunium.,laudant alios montes duos nebroden et neptunium,laudant alios montes duos nebroden et neptunium
12161,body,69,6,False,,E Neptunio specula est in pelagus Tuscum et Adriaticum.,e neptunio specula est in pelagus tuscum et adriaticum,e neptunio specula est in pelagus tuscum et adriaticum
12161,body,69,7,True,,Nebroden dammae et hinnulei gregatim peruagantur: inde Nebrodes.,nebroden dammae et hinnulei gregatim peruagantur inde nebrodes,nebroden dammae et hinnulei gregatim peruagantur inde nebrodes
12161,body,70,0,False,,"Quidquid Sicilia gignit siue soli siue hominis ingenio, proximum est his quae optima iudicantur, nisi quod fetu terrae Centuripino croco uincitur.",quidquid sicilia gignit siue soli siue hominis ingenio proximum est his quae optima iudicantur nisi quod fetu terrae centuripino croco uincitur,quidquid sicilia gignit siue soli siue hominis ingenio proximum est his quae optima iudicantur nisi quod fetu terrae centuripino croco uincitur
12161,body,70,1,False,,Hic primum inuenta comoedia; hic et cauillatio mimica in scaena stetit; hinc domo Archimedes qui iuxta siderum disciplinam machinarius commentor fuit; hinc Lais illa quae eligere patriam maluit quam fateri.,hic primum inuenta comoedia hic et cauillatio mimica in scaena stetit hinc domo archimedes qui iuxta siderum disciplinam machinarius commentor fuit hinc lais illa quae eligere patriam maluit quam fateri,hic primum inuenta comoedia hic et cauillatio mimica in scaena stetit hinc domo archimedes qui iuxta siderum disciplinam machinarius commentor fuit hinc lais illa quae eligere patriam maluit quam fateri
12161,body,70,2,False,,Gentem Cyclopum testantur uasti specus; Laestrygonum sedes adhuc sic uocantur.,gentem cyclopum testantur uasti specus laestrygonum sedes adhuc sic uocantur,gentem cyclopum testantur uasti specus laestrygonum sedes adhuc sic uocantur
12161,body,70,3,False,,Ceres inde magistra sationis fructuariae.,ceres inde magistra sationis fructuariae,ceres inde magistra sationis fructuariae
12161,body,70,4,False,,"Hic ibidem campus Hennensis in floribus semper et omni uernus die; quem propter est demersum foramen, qua Ditem patrem ad raptus Liberae exeuntem fama est lucem hausum.",hic ibidem campus hennensis in floribus semper et omni uernus die quem propter est demersum foramen qua ditem patrem ad raptus liberae exeuntem fama est lucem hausum,hic ibidem campus hennensis in floribus semper et omni uernus die quem propter est demersum foramen qua ditem patrem ad raptus liberae exeuntem fama est lucem hausum
12161,body,70,5,False,,"Inter Catinam et Syracusas certamen est de inlustrium fratrum memoria, quorum nomina sibi diuersae partes adoptant: si Catinenses audiamus, Anapius fuit et Amphinomus; si quod malunt Syracusae, Emantiam putabimus et Critonem; Catinensis tamen regio causam dedit facto.",inter catinam et syracusas certamen est de inlustrium fratrum memoria quorum nomina sibi diuersae partes adoptant si catinenses audiamus anapius fuit et amphinomus si quod malunt syracusae emantiam putabimus et critonem catinensis tamen regio causam dedit facto,inter catinam et syracusas certamen est de inlustrium fratrum memoria quorum nomina sibi diuersae partes adoptant si catinenses audiamus anapius fuit et amphinomus si quod malunt syracusae emantiam putabimus et critonem catinensis tamen regio causam dedit facto
12161,body,70,6,False,,"In quam se cum Aetnae incendia protulissent, iuuenes duo sublatos parentes euexerunt inter flammas inlaesi ignibus.",in quam se cum aetnae incendia protulissent iuuenes duo sublatos parentes euexerunt inter flammas inlaesi ignibus,in quam se cum aetnae incendia protulissent iuuenes duo sublatos parentes euexerunt inter flammas inlaesi ignibus
12161,body,70,7,True,,"Horum memoriam ita posteritas munerata est, ut sepulcri locus nominaretur campus piorum.",horum memoriam ita posteritas munerata est ut sepulcri locus nominaretur campus piorum,horum memoriam ita posteritas munerata est ut sepulcri locus nominaretur campus piorum
12161,body,71,0,False,,"De Arethusa et Alpheo uerum est hactenus, quod conueniunt fons et amnis.",de arethusa et alpheo uerum est hactenus quod conueniunt fons et amnis,de arethusa et alpheo uerum est hactenus quod conueniunt fons et amnis
12161,body,71,1,False,,Fluminum miracula abunde uaria sunt.,fluminum miracula abunde uaria sunt,fluminum miracula abunde uaria sunt
12161,body,71,2,False,,"Dianam qui ad Camerinam fluit si habitus inpudice hauserit, non coibunt in corpus unum latex uineus et latex aquae.",dianam qui ad camerinam fluit si habitus inpudice hauserit non coibunt in corpus unum latex uineus et latex aquae,dianam qui ad camerinam fluit si habitus inpudice hauserit non coibunt in corpus unum latex uineus et latex aquae
12161,body,71,3,False,,Apud Segestanos Helbesus in medio flumine subita exaestuatione feruet.,apud segestanos helbesus in medio flumine subita exaestuatione feruet,apud segestanos helbesus in medio flumine subita exaestuatione feruet
12161,body,71,4,False,,"Acidem, quamuis dimissum Aetna nullus frigore anteuertit.",acidem quamuis dimissum aetna nullus frigore anteuertit,acidem quamuis dimissum aetna nullus frigore anteuertit
12161,body,71,5,True,,"Himeraeum caelestes mutant plagae; amarus denique est, dum in aquilonem fluit, dulcis ubi ad meridiem flectitur.",himeraeum caelestes mutant plagae amarus denique est dum in aquilonem fluit dulcis ubi ad meridiem flectitur,himeraeum caelestes mutant plagae amarus denique est dum in aquilonem fluit dulcis ubi ad meridiem flectitur
12161,body,72,0,False,,"Quanta in aquis, tanta nouitas in salinis.",quanta in aquis tanta nouitas in salinis,quanta in aquis tanta nouitas in salinis
12161,body,72,1,False,,"Salem Agrigentinum si igni iunxeris, dissoluitur ustione; cui si liquor aquae proximauerit, crepitat ueluti torreatur.",salem agrigentinum si igni iunxeris dissoluitur ustione cui si liquor aquae proximauerit crepitat ueluti torreatur,salem agrigentinum si igni iunxeris dissoluitur ustione cui si liquor aquae proximauerit crepitat ueluti torreatur
12161,body,72,2,False,,"Purpureum Aetna mittit, in Pachyno translucidus inuenitur.",purpureum aetna mittit in pachyno translucidus inuenitur,purpureum aetna mittit in pachyno translucidus inuenitur
12161,body,72,3,False,,"Cetera salinarum metalla, quae sunt aut Agrigento aut Centuripis proximantia, funguntur cautium ministerio; nam illinc excuduntur signa ad facies hominum uel deorum.",cetera salinarum metalla quae sunt aut agrigento aut centuripis proximantia funguntur cautium ministerio nam illinc excuduntur signa ad facies hominum uel deorum,cetera salinarum metalla quae sunt aut agrigento aut centuripis proximantia funguntur cautium ministerio nam illinc excuduntur signa ad facies hominum uel deorum
12161,body,72,4,True,,"Thermitanis locis insula est harundinum ferax: hae accommodatissimae sunt in omnem sonum tibiarum, seu praecentorias facias, quarum locus est ad puluinaria praecinendi, siue uascas quae foraminum numeris praecentorias antecedunt, seu puellatorias quibus a sono clariore uocamen datur, siue gingrinas quae breuiores licet subtilioribus tamen modis insonant, aut miluinas quae in accentus exeunt acutissimos, aut Lydias quas et turarias dicunt, uel Corinthias uel Aegyptias aliasue a musicis per diuersas officiorum et nominum species separatas.",thermitanis locis insula est harundinum ferax hae accommodatissimae sunt in omnem sonum tibiarum seu praecentorias facias quarum locus est ad puluinaria praecinendi siue uascas quae foraminum numeris praecentorias antecedunt seu puellatorias quibus a sono clariore uocamen datur siue gingrinas quae breuiores licet subtilioribus tamen modis insonant aut miluinas quae in accentus exeunt acutissimos aut lydias quas et turarias dicunt uel corinthias uel aegyptias aliasue a musicis per diuersas officiorum et nominum species separatas,thermitanis locis insula est harundinum ferax hae accommodatissimae sunt in omnem sonum tibiarum seu praecentorias facias quarum locus est ad puluinaria praecinendi siue uascas quae foraminum numeris praecentorias antecedunt seu puellatorias quibus a sono clariore uocamen datur siue gingrinas quae breuiores licet subtilioribus tamen modis insonant aut miluinas quae in accentus exeunt acutissimos aut lydias quas et turarias dicunt uel corinthias uel aegyptias aliasue a musicis per diuersas officiorum et nominum species separatas
12161,body,73,0,False,,"In Halesina regione fons alias quietus et tranquillus cum siletur, si insonent tibiae, exultabundus ad cantus eleuatur, et quasi miretur uocis dulcedinem, ultra margines intumescit.",in halesina regione fons alias quietus et tranquillus cum siletur si insonent tibiae exultabundus ad cantus eleuatur et quasi miretur uocis dulcedinem ultra margines intumescit,in halesina regione fons alias quietus et tranquillus cum siletur si insonent tibiae exultabundus ad cantus eleuatur et quasi miretur uocis dulcedinem ultra margines intumescit
12161,body,73,1,False,,Gelonium stagnum taetro odore abigit proximantes.,gelonium stagnum taetro odore abigit proximantes,gelonium stagnum taetro odore abigit proximantes
12161,body,73,2,False,,"Ibi et fontes duo, alter de quo si sterilis sumpserit fecundatur, alter quem si fecunda hauserit uertitur in sterilitatem.",ibi et fontes duo alter de quo si sterilis sumpserit fecundatur alter quem si fecunda hauserit uertitur in sterilitatem,ibi et fontes duo alter de quo si sterilis sumpserit fecundatur alter quem si fecunda hauserit uertitur in sterilitatem
12161,body,73,3,False,,"Stagnum Petrensium serpentibus noxium est, homini salutare.",stagnum petrensium serpentibus noxium est homini salutare,stagnum petrensium serpentibus noxium est homini salutare
12161,body,73,4,True,,"In lacu Agrigentino oleum supernatat; hoc pingue haeret harundinum comis de assiduo uolutabro, e quarum capillamentis legitur unguentum medicum contra armentarios morbos.",in lacu agrigentino oleum supernatat hoc pingue haeret harundinum comis de assiduo uolutabro e quarum capillamentis legitur unguentum medicum contra armentarios morbos,in lacu agrigentino oleum supernatat hoc pingue haeret harundinum comis de assiduo uolutabro e quarum capillamentis legitur unguentum medicum contra armentarios morbos
12161,body,74,0,False,,"Nec longe inde collis Vulcanius, in quo qui diuinae rei operantur ligna uitea super aras struunt nec ignis adponitur in hanc congeriem; cum prosicias intulerint, si adest deus, si sacrum probetur, sarmenta licet uiridia sponte concipiunt et nullo inflagrante halitu ab ipso numine fit accendium.",nec longe inde collis vulcanius in quo qui diuinae rei operantur ligna uitea super aras struunt nec ignis adponitur in hanc congeriem cum prosicias intulerint si adest deus si sacrum probetur sarmenta licet uiridia sponte concipiunt et nullo inflagrante halitu ab ipso numine fit accendium,nec longe inde collis uulcanius in quo qui diuinae rei operantur ligna uitea super aras struunt nec ignis adponitur in hanc congeriem cum prosicias intulerint si adest deus si sacrum probetur sarmenta licet uiridia sponte concipiunt et nullo inflagrante halitu ab ipso numine fit accendium
12161,body,74,1,False,,"Ibi epulantes adludit flamma, quae flexuosis excessibus uagabunda quem contigerit non adurit nec aliud est quam imago nuntia perfecti rite uoti.",ibi epulantes adludit flamma quae flexuosis excessibus uagabunda quem contigerit non adurit nec aliud est quam imago nuntia perfecti rite uoti,ibi epulantes adludit flamma quae flexuosis excessibus uagabunda quem contigerit non adurit nec aliud est quam imago nuntia perfecti rite uoti
12161,body,74,2,True,,"Idem ager Agrigentinus eructat limosas scaturrigines et ut uenae fontium sufficiunt riuis subministrandis, ita in hac Siciliae parte solo numquam deficiente aeterna reiectatione terram terra euomit.",idem ager agrigentinus eructat limosas scaturrigines et ut uenae fontium sufficiunt riuis subministrandis ita in hac siciliae parte solo numquam deficiente aeterna reiectatione terram terra euomit,idem ager agrigentinus eructat limosas scaturrigines et ut uenae fontium sufficiunt riuis subministrandis ita in hac siciliae parte solo numquam deficiente aeterna reiectatione terram terra euomit
12161,body,75,0,False,,"Achaten lapidem Sicilia primum dedit in Achatae fluminis ripis repertum, non uilem, cum ibi tantum inueniretur, quippe interscribentes eum uenae naturalibus sic notant formis, ut cum optimus est uarias praeferat rerum imagines.",achaten lapidem sicilia primum dedit in achatae fluminis ripis repertum non uilem cum ibi tantum inueniretur quippe interscribentes eum uenae naturalibus sic notant formis ut cum optimus est uarias praeferat rerum imagines,achaten lapidem sicilia primum dedit in achatae fluminis ripis repertum non uilem cum ibi tantum inueniretur quippe interscribentes eum uenae naturalibus sic notant formis ut cum optimus est uarias praeferat rerum imagines
12161,body,75,1,False,,"Vnde anulus Pyrrhi regis, qui aduersus Romanos bella gessit, non ignobilis famae fuit, cuius gemma achates erat, in quo nouem Musae cum insignibus suis singulae et Apollo tenens citharam uidebantur, non inpressis figuris sed ingenitis.",vnde anulus pyrrhi regis qui aduersus romanos bella gessit non ignobilis famae fuit cuius gemma achates erat in quo nouem musae cum insignibus suis singulae et apollo tenens citharam uidebantur non inpressis figuris sed ingenitis,unde anulus pyrrhi regis qui aduersus romanos bella gessit non ignobilis famae fuit cuius gemma achates erat in quo nouem musae cum insignibus suis singulae et apollo tenens citharam uidebantur non inpressis figuris sed ingenitis
12161,body,75,2,False,,Nunc diuersis locis paret.,nunc diuersis locis paret,nunc diuersis locis paret
12161,body,75,3,False,,"Dat Creta quem curalliachaten uocant curallio similem, sed inlitum guttis auro micantibus et scorpionum ictibus resistentem.",dat creta quem curalliachaten uocant curallio similem sed inlitum guttis auro micantibus et scorpionum ictibus resistentem,dat creta quem curalliachaten uocant curallio similem sed inlitum guttis auro micantibus et scorpionum ictibus resistentem
12161,body,75,4,False,,"Dat India reddentem nunc nemorum nunc animalium facies, quem uidisse oculis fauet quique intra os receptus sedat sitim.",dat india reddentem nunc nemorum nunc animalium facies quem uidisse oculis fauet quique intra os receptus sedat sitim,dat india reddentem nunc nemorum nunc animalium facies quem uidisse oculis fauet quique intra os receptus sedat sitim
12161,body,75,5,False,,"Sunt et qui usti redolent myrrhae odorem: haemachates sanguineis maculis inrubescit; sed qui maxime probantur uitream habent perspicuitatem, ut Cyprius: nam qui sunt facie cerea abundantes triuialiter negleguntur.",sunt et qui usti redolent myrrhae odorem haemachates sanguineis maculis inrubescit sed qui maxime probantur uitream habent perspicuitatem ut cyprius nam qui sunt facie cerea abundantes triuialiter negleguntur,sunt et qui usti redolent myrrhae odorem haemachates sanguineis maculis inrubescit sed qui maxime probantur uitream habent perspicuitatem ut cyprius nam qui sunt facie cerea abundantes triuialiter negleguntur
12161,body,75,6,True,,Omnis ambitus huius insulae clauditur stadiorum tribus milibus.,omnis ambitus huius insulae clauditur stadiorum tribus milibus,omnis ambitus huius insulae clauditur stadiorum tribus milibus
12161,head,76,0,True,,VI,vi,ui
12161,body,77,0,False,,In freto Siculo Hephaestiae insulae uiginti quinque milibus passuum ab Italia absunt.,in freto siculo hephaestiae insulae uiginti quinque milibus passuum ab italia absunt,in freto siculo hephaestiae insulae uiginti quinque milibus passuum ab italia absunt
12161,body,77,1,False,,"Itali Vulcanias uocant, nam et ipsa natura soli ignea: per occulta commercia aut mutuantur Aetnae incendia aut subministrant.",itali vulcanias uocant nam et ipsa natura soli ignea per occulta commercia aut mutuantur aetnae incendia aut subministrant,itali uulcanias uocant nam et ipsa natura soli ignea per occulta commercia aut mutuantur aetnae incendia aut subministrant
12161,body,77,2,False,,Hic dicta sedes deo ignium.,hic dicta sedes deo ignium,hic dicta sedes deo ignium
12161,body,77,3,False,,Numero septem sunt.,numero septem sunt,numero septem sunt
12161,body,77,4,False,,"Liparae nomen rex dedit Liparus, qui eam ante Aeolum rexit.",liparae nomen rex dedit liparus qui eam ante aeolum rexit,liparae nomen rex dedit liparus qui eam ante aeolum rexit
12161,body,77,5,False,,Alteram Hieran uocauerunt; ea praecipue Vulcano sacrata est et plurimum colle eminentissimo nocte ardet.,alteram hieran uocauerunt ea praecipue vulcano sacrata est et plurimum colle eminentissimo nocte ardet,alteram hieran uocauerunt ea praecipue uulcano sacrata est et plurimum colle eminentissimo nocte ardet
12161,body,77,6,False,,"Strongyle tertia, Aeoli domus, uergitur ad exortus solis minime angulosa, quae flammis liquidioribus differt a ceteris.",strongyle tertia aeoli domus uergitur ad exortus solis minime angulosa quae flammis liquidioribus differt a ceteris,strongyle tertia aeoli domus uergitur ad exortus solis minime angulosa quae flammis liquidioribus differt a ceteris
12161,body,77,7,False,,"Haec causa efficit, quod ex eius fumo potissimum incolae persentiscunt quinam flatus in triduo pertendant; quo factum, ut Aeolus rex uentorum crederetur.",haec causa efficit quod ex eius fumo potissimum incolae persentiscunt quinam flatus in triduo pertendant quo factum ut aeolus rex uentorum crederetur,haec causa efficit quod ex eius fumo potissimum incolae persentiscunt quinam flatus in triduo pertendant quo factum ut aeolus rex uentorum crederetur
12161,body,77,8,True,,Ceteras Didymen Eriphusam Phoenicusam Euonymon quoniam similes sunt dictas habemus.,ceteras didymen eriphusam phoenicusam euonymon quoniam similes sunt dictas habemus,ceteras didymen eriphusam phoenicusam euonymon quoniam similes sunt dictas habemus
12161,head,78,0,True,,VII,vii,uii
12161,body,79,0,False,,"Tertius Europae sinus incipit a Cerauniis montibus, desinit in Hellespontum.",tertius europae sinus incipit a cerauniis montibus desinit in hellespontum,tertius europae sinus incipit a cerauniis montibus desinit in hellespontum
12161,body,79,1,False,,"In eo apud Molossos, ubi Dodonaei Iouis templum, Talarus mons est, circa radices nobilis centum fontibus, ut Theopompo placet.",in eo apud molossos ubi dodonaei iouis templum talarus mons est circa radices nobilis centum fontibus ut theopompo placet,in eo apud molossos ubi dodonaei iouis templum talarus mons est circa radices nobilis centum fontibus ut theopompo placet
12161,body,79,2,False,,"In Epiro fons est sacer, frigidus ultra omnes aquas et spectatae diuersitatis, nam ardentem si in eo demergas facem, extinguit; si procul ac sine igne ammoueas, suopte ingenio inflammat.",in epiro fons est sacer frigidus ultra omnes aquas et spectatae diuersitatis nam ardentem si in eo demergas facem extinguit si procul ac sine igne ammoueas suopte ingenio inflammat,in epiro fons est sacer frigidus ultra omnes aquas et spectatae diuersitatis nam ardentem si in eo demergas facem extinguit si procul ac sine igne ammoueas suopte ingenio inflammat
12161,body,79,3,False,,Dodone Tmaro celsa est.,dodone tmaro celsa est,dodone tmaro celsa est
12161,body,79,4,False,,"Delphi Cephiso flumine, Castalio fonte, Parnasi iugis celebres.",delphi cephiso flumine castalio fonte parnasi iugis celebres,delphi cephiso flumine castalio fonte parnasi iugis celebres
12161,body,79,5,False,,Acarnania Aracyntho eminet.,acarnania aracyntho eminet,acarnania aracyntho eminet
12161,body,79,6,False,,"Hanc ab Aetolia Pindus diuidit, qui Acheloum parit cum primis Graeciae amnibus praeditum ueteri claritate; nec iniuria, cum inter calculos quibus ripae eius micant inueniatur galactites, qui scrupulus ipse ater si teratur, reddit sucum album ad lactis saporem.",hanc ab aetolia pindus diuidit qui acheloum parit cum primis graeciae amnibus praeditum ueteri claritate nec iniuria cum inter calculos quibus ripae eius micant inueniatur galactites qui scrupulus ipse ater si teratur reddit sucum album ad lactis saporem,hanc ab aetolia pindus diuidit qui acheloum parit cum primis graeciae amnibus praeditum ueteri claritate nec iniuria cum inter calculos quibus ripae eius micant inueniatur galactites qui scrupulus ipse ater si teratur reddit sucum album ad lactis saporem
12161,body,79,7,False,,"Feminis nutrientibus inligatus fecundat ubera, subnexus paruulis largiusculos haustus facit saliuarum.",feminis nutrientibus inligatus fecundat ubera subnexus paruulis largiusculos haustus facit saliuarum,feminis nutrientibus inligatus fecundat ubera subnexus paruulis largiusculos haustus facit saliuarum
12161,body,79,8,False,,"Intra os receptus liquescit: cum soluitur, tamen memoriae bonum perimit.",intra os receptus liquescit cum soluitur tamen memoriae bonum perimit,intra os receptus liquescit cum soluitur tamen memoriae bonum perimit
12161,body,79,9,True,,Quem post Nilum Achelous dat nec alter alius.,quem post nilum achelous dat nec alter alius,quem post nilum achelous dat nec alter alius
12161,body,80,0,False,,Propter oppidum Patras Scioessa locus nouem collium opacitate umbrosus et radiis solis ferme inuius nec aliam ob causam memorabilis.,propter oppidum patras scioessa locus nouem collium opacitate umbrosus et radiis solis ferme inuius nec aliam ob causam memorabilis,propter oppidum patras scioessa locus nouem collium opacitate umbrosus et radiis solis ferme inuius nec aliam ob causam memorabilis
12161,body,80,1,False,,In Laconia spiraculum est Taenaron; est et Taenaron promunturium aduersum Africae.,in laconia spiraculum est taenaron est et taenaron promunturium aduersum africae,in laconia spiraculum est taenaron est et taenaron promunturium aduersum africae
12161,body,80,2,False,,"In quo fanum Methymnaei Arionis, quem delphine eo aduectum imago testis est aerea ad effigiem casus et ueri operis expressa; praeterea tempus signatum: olympiade enim undetricesima, qua in certamine Siculo idem Arion uictor scribitur, id ipsum gestum probatur.",in quo fanum methymnaei arionis quem delphine eo aduectum imago testis est aerea ad effigiem casus et ueri operis expressa praeterea tempus signatum olympiade enim undetricesima qua in certamine siculo idem arion uictor scribitur id ipsum gestum probatur,in quo fanum methymnaei arionis quem delphine eo aduectum imago testis est aerea ad effigiem casus et ueri operis expressa praeterea tempus signatum olympiade enim undetricesima qua in certamine siculo idem arion uictor scribitur id ipsum gestum probatur
12161,body,80,3,False,,"Est et oppidum Taenaron nobili uetustate; praeterea aliquot urbes, inter quas Leuctrae non obscurae iam pridem Lacedaemoniorum foedo exitu; Amyclae silentio suo quondam pessum datae; Sparta insignis cum Pollucis et Castoris templo tum etiam Othryadis inlustris uiri titulis; Therapne unde primum cultus Dianae; Pitane quam Arcesilaus stoicus inde ortus prudentiae suae merito in lucem extulit; Anthia et Cardamyle.",est et oppidum taenaron nobili uetustate praeterea aliquot urbes inter quas leuctrae non obscurae iam pridem lacedaemoniorum foedo exitu amyclae silentio suo quondam pessum datae sparta insignis cum pollucis et castoris templo tum etiam othryadis inlustris uiri titulis therapne unde primum cultus dianae pitane quam arcesilaus stoicus inde ortus prudentiae suae merito in lucem extulit anthia et cardamyle,est et oppidum taenaron nobili uetustate praeterea aliquot urbes inter quas leuctrae non obscurae iam pridem lacedaemoniorum foedo exitu amyclae silentio suo quondam pessum datae sparta insignis cum pollucis et castoris templo tum etiam othryadis inlustris uiri titulis therapne unde primum cultus dianae pitane quam arcesilaus stoicus inde ortus prudentiae suae merito in lucem extulit anthia et cardamyle
12161,body,80,4,False,,"Vbi quondam fuere Thyrae, nunc locus dicitur, in quo anno septimo decimo regni Romuli inter Laconas et Argiuos memorabile fuit bellum.",vbi quondam fuere thyrae nunc locus dicitur in quo anno septimo decimo regni romuli inter laconas et argiuos memorabile fuit bellum,ubi quondam fuere thyrae nunc locus dicitur in quo anno septimo decimo regni romuli inter laconas et argiuos memorabile fuit bellum
12161,body,80,5,True,,Nam Taygeta mons et flumen Eurotas notiora sunt quam ut stilo egeant.,nam taygeta mons et flumen eurotas notiora sunt quam ut stilo egeant,nam taygeta mons et flumen eurotas notiora sunt quam ut stilo egeant
12161,body,81,0,False,,"Inachus Achaiae amnis Argolicum secat tractum, quem rex Inachus a se nominauit, qui exordium Argiuae nobilitati primus dedit.",inachus achaiae amnis argolicum secat tractum quem rex inachus a se nominauit qui exordium argiuae nobilitati primus dedit,inachus achaiae amnis argolicum secat tractum quem rex inachus a se nominauit qui exordium argiuae nobilitati primus dedit
12161,body,81,1,False,,"Epidauro decus est Aesculapii sacellum, cui incubantes aegritudinum remedia capessunt de monitis somniorum.",epidauro decus est aesculapii sacellum cui incubantes aegritudinum remedia capessunt de monitis somniorum,epidauro decus est aesculapii sacellum cui incubantes aegritudinum remedia capessunt de monitis somniorum
12161,body,81,2,False,,"Pallanteum Arcadiae quod Palatio nostro per Euandrum Arcada appellationem dederit, sat est admonere.",pallanteum arcadiae quod palatio nostro per euandrum arcada appellationem dederit sat est admonere,pallanteum arcadiae quod palatio nostro per euandrum arcada appellationem dederit sat est admonere
12161,body,81,3,False,,"In qua montes Cyllene et Lycaeus, Maenalus etiam diis alumnis inclaruerunt; inter quos nec Erymanthus in obscuro est.",in qua montes cyllene et lycaeus maenalus etiam diis alumnis inclaruerunt inter quos nec erymanthus in obscuro est,in qua montes cyllene et lycaeus maenalus etiam diis alumnis inclaruerunt inter quos nec erymanthus in obscuro est
12161,body,81,4,True,,"Inter flumina Erymanthus Erymantho monte demissus et Ladon ille Herculis *pugna, hic *Pane clara sunt.",inter flumina erymanthus erymantho monte demissus et ladon ille herculis pugna hic pane clara sunt,inter flumina erymanthus erymantho monte demissus et ladon ille herculis pugna hic pane clara sunt
12161,body,82,0,False,,Varro perhibet fontem in Arcadia esse cuius interimat haustus.,varro perhibet fontem in arcadia esse cuius interimat haustus,uarro perhibet fontem in arcadia esse cuius interimat haustus
12161,body,82,1,False,,"In eadem parte de auibus hoc solum est non indignum relatu, quod cum aliis locis merula furua sit, circa Cyllenen candidissima est.",in eadem parte de auibus hoc solum est non indignum relatu quod cum aliis locis merula furua sit circa cyllenen candidissima est,in eadem parte de auibus hoc solum est non indignum relatu quod cum aliis locis merula furua sit circa cyllenen candidissima est
12161,body,82,2,True,,"Nec lapidem spreuerimus quem Arcadia mittit: asbesto nomen est, ferri colore, qui accensus semel extingui nequitur.",nec lapidem spreuerimus quem arcadia mittit asbesto nomen est ferri colore qui accensus semel extingui nequitur,nec lapidem spreuerimus quem arcadia mittit asbesto nomen est ferri colore qui accensus semel extingui nequitur
12161,body,83,0,False,,"In Megarensium sinum Isthmos exit, ludis quinquennalibus et delubro Neptuni inclitus; quos ludos eapropter institutos ferunt, quod sinibus quinque Peloponnesi orae alluuntur, a septentrione Ionio, ab occidente Siculo, a brumali *oriente Aegaeo, a solstitiali oriente Myrtoo, a meridie Cretico.",in megarensium sinum isthmos exit ludis quinquennalibus et delubro neptuni inclitus quos ludos eapropter institutos ferunt quod sinibus quinque peloponnesi orae alluuntur a septentrione ionio ab occidente siculo a brumali oriente aegaeo a solstitiali oriente myrtoo a meridie cretico,in megarensium sinum isthmos exit ludis quinquennalibus et delubro neptuni inclitus quos ludos eapropter institutos ferunt quod sinibus quinque peloponnesi orae alluuntur a septentrione ionio ab occidente siculo a brumali oriente aegaeo a solstitiali oriente myrtoo a meridie cretico
12161,body,83,1,False,,Hoc spectaculum per Cypselum tyrannum intermissum Corinthii olympiade quadragesima nona sollemnitati pristinae reddiderunt.,hoc spectaculum per cypselum tyrannum intermissum corinthii olympiade quadragesima nona sollemnitati pristinae reddiderunt,hoc spectaculum per cypselum tyrannum intermissum corinthii olympiade quadragesima nona sollemnitati pristinae reddiderunt
12161,body,83,2,False,,Ceterum Peloponneson a Pelope regnatam nomen indicio est.,ceterum peloponneson a pelope regnatam nomen indicio est,ceterum peloponneson a pelope regnatam nomen indicio est
12161,body,83,3,True,,"Ea ut platani folium recessibus et prominentiis figurata diuortium facit inter Ionium et Aegaeum mare, quattuor non amplius milibus dispescens utrumque litus excursu tenui, quem Isthmon dicunt ob angustias.",ea ut platani folium recessibus et prominentiis figurata diuortium facit inter ionium et aegaeum mare quattuor non amplius milibus dispescens utrumque litus excursu tenui quem isthmon dicunt ob angustias,ea ut platani folium recessibus et prominentiis figurata diuortium facit inter ionium et aegaeum mare quattuor non amplius milibus dispescens utrumque litus excursu tenui quem isthmon dicunt ob angustias
12161,body,84,0,False,,"Hinc Hellas incipit, quam proprie ueram habent Graeciam.",hinc hellas incipit quam proprie ueram habent graeciam,hinc hellas incipit quam proprie ueram habent graeciam
12161,body,84,1,False,,"Quae nunc Attice, Acte prius dicta; ibi Athenae.",quae nunc attice acte prius dicta ibi athenae,quae nunc attice acte prius dicta ibi athenae
12161,body,84,2,False,,"Cui urbi saxa Scironia propinqua sunt, porrecta sex milibus passuum, ob honorem ultoris Thesei et memoriam nobilis poenae sic nominata.",cui urbi saxa scironia propinqua sunt porrecta sex milibus passuum ob honorem ultoris thesei et memoriam nobilis poenae sic nominata,cui urbi saxa scironia propinqua sunt porrecta sex milibus passuum ob honorem ultoris thesei et memoriam nobilis poenae sic nominata
12161,body,84,3,False,,Ex istis rupibus Ino se cum Palaemone filio in profunda praecipitem iaculata auxit maris numina.,ex istis rupibus ino se cum palaemone filio in profunda praecipitem iaculata auxit maris numina,ex istis rupibus ino se cum palaemone filio in profunda praecipitem iaculata auxit maris numina
12161,body,84,4,False,,Nec Atticos montes partitim tacebimus.,nec atticos montes partitim tacebimus,nec atticos montes partitim tacebimus
12161,body,84,5,False,,"Est Icarius, est et *Brilessus, est Lycabettus et Aegialus; sed Hymetto meritissime ac iure tribuitur principatus, quod adprime florulentus eximio mellis sapore et externos omnes et suos uincit.",est icarius est et brilessus est lycabettus et aegialus sed hymetto meritissime ac iure tribuitur principatus quod adprime florulentus eximio mellis sapore et externos omnes et suos uincit,est icarius est et brilessus est lycabettus et aegialus sed hymetto meritissime ac iure tribuitur principatus quod adprime florulentus eximio mellis sapore et externos omnes et suos uincit
12161,body,84,6,False,,"Callirhoen stupent fontem, nec ideo Cruneson fontem alterum nullae rei numerant.",callirhoen stupent fontem nec ideo cruneson fontem alterum nullae rei numerant,callirhoen stupent fontem nec ideo cruneson fontem alterum nullae rei numerant
12161,body,84,7,False,,Atheniensibus iudicii locus Arios pagos.,atheniensibus iudicii locus arios pagos,atheniensibus iudicii locus arios pagos
12161,body,84,8,False,,Marathon campus factus memorabilis opinione proelii cruentissimi.,marathon campus factus memorabilis opinione proelii cruentissimi,marathon campus factus memorabilis opinione proelii cruentissimi
12161,body,84,9,True,,"Multae quidem insulae obiacent Atticae continenti, sed suburbanae ferme sunt Salamis Sunium Ceos Coos, quae, ut Varro testis est, suptilioris uestis amicula arte lanificae scientiae prima in ornatum feminarum dedit.",multae quidem insulae obiacent atticae continenti sed suburbanae ferme sunt salamis sunium ceos coos quae ut varro testis est suptilioris uestis amicula arte lanificae scientiae prima in ornatum feminarum dedit,multae quidem insulae obiacent atticae continenti sed suburbanae ferme sunt salamis sunium ceos coos quae ut uarro testis est suptilioris uestis amicula arte lanificae scientiae prima in ornatum feminarum dedit
12161,body,85,0,False,,Boeotia Thebis enitet.,boeotia thebis enitet,boeotia thebis enitet
12161,body,85,1,False,,"Thebas condidit Amphion, non quod lyra saxa duxerit, neque enim par est ita gestum uideri, sed quod adfatus suauitate homines rupium incolas et incultis moribus rudes ad obsequii ciuilis pellexerit disciplinam.",thebas condidit amphion non quod lyra saxa duxerit neque enim par est ita gestum uideri sed quod adfatus suauitate homines rupium incolas et incultis moribus rudes ad obsequii ciuilis pellexerit disciplinam,thebas condidit amphion non quod lyra saxa duxerit neque enim par est ita gestum uideri sed quod adfatus suauitate homines rupium incolas et incultis moribus rudes ad obsequii ciuilis pellexerit disciplinam
12161,body,85,2,False,,"Vrbs ista numinibus apud se ortis gloriatur, ut perhibent qui sacris carminibus Herculem et Liberum celebrant.",vrbs ista numinibus apud se ortis gloriatur ut perhibent qui sacris carminibus herculem et liberum celebrant,urbs ista numinibus apud se ortis gloriatur ut perhibent qui sacris carminibus herculem et liberum celebrant
12161,body,85,3,False,,"Apud Thebas Helicon lucus est, Cithaeron saltus, amnis Ismenus, fontes Arethusa Oedipodia Psamathe Dirce, sed ante alios Aganippe et Hippucrene; quos Cadmus litterarum primus repertor quoniam equestri exploratione deprehendisset, dum rimatur quaenam insideret loca, incensa est licentia poetarum, ut utrumque pariter disseminaretur, et quod aperti forent alitis equi ungula, et quod poti inspirationem facerent litterariam.",apud thebas helicon lucus est cithaeron saltus amnis ismenus fontes arethusa oedipodia psamathe dirce sed ante alios aganippe et hippucrene quos cadmus litterarum primus repertor quoniam equestri exploratione deprehendisset dum rimatur quaenam insideret loca incensa est licentia poetarum ut utrumque pariter disseminaretur et quod aperti forent alitis equi ungula et quod poti inspirationem facerent litterariam,apud thebas helicon lucus est cithaeron saltus amnis ismenus fontes arethusa oedipodia psamathe dirce sed ante alios aganippe et hippucrene quos cadmus litterarum primus repertor quoniam equestri exploratione deprehendisset dum rimatur quaenam insideret loca incensa est licentia poetarum ut utrumque pariter disseminaretur et quod aperti forent alitis equi ungula et quod poti inspirationem facerent litterariam
12161,body,85,4,False,,"Euboea insula laterum obiectu efficit Aulidis portum, saeculis traditum Graiae coniurationis memoria.",euboea insula laterum obiectu efficit aulidis portum saeculis traditum graiae coniurationis memoria,euboea insula laterum obiectu efficit aulidis portum saeculis traditum graiae coniurationis memoria
12161,body,85,5,False,,Boeoti iidem sunt qui Leleges fuerunt; per quos defluens Cephisos amnis se in maria condit.,boeoti iidem sunt qui leleges fuerunt per quos defluens cephisos amnis se in maria condit,boeoti iidem sunt qui leleges fuerunt per quos defluens cephisos amnis se in maria condit
12161,body,85,6,True,,"In hac continentia Opuntius sinus, Larisa oppidum, Delphi, Ramne quoque, in qua Amphiarai fanum et Phidiacae signum Dianae.",in hac continentia opuntius sinus larisa oppidum delphi ramne quoque in qua amphiarai fanum et phidiacae signum dianae,in hac continentia opuntius sinus larisa oppidum delphi ramne quoque in qua amphiarai fanum et phidiacae signum dianae
12161,body,86,0,False,,"Varro opinatur duo in Boeotia esse flumina, natura licet separi, miraculo tamen non discrepante: quorum alterum si ouillum pecus debibat, pullum fieri coloris quod induerit, alterius haustu quaecumque uellerum fusca sint in candidum uerti.",varro opinatur duo in boeotia esse flumina natura licet separi miraculo tamen non discrepante quorum alterum si ouillum pecus debibat pullum fieri coloris quod induerit alterius haustu quaecumque uellerum fusca sint in candidum uerti,uarro opinatur duo in boeotia esse flumina natura licet separi miraculo tamen non discrepante quorum alterum si ouillum pecus debibat pullum fieri coloris quod induerit alterius haustu quaecumque uellerum fusca sint in candidum uerti
12161,body,86,1,False,,"Addit uideri ibi puteum pestilentem, cuius liquor mors est haurientibus.",addit uideri ibi puteum pestilentem cuius liquor mors est haurientibus,addit uideri ibi puteum pestilentem cuius liquor mors est haurientibus
12161,body,86,2,False,,"Perdices sane cum ubique liberae sint ut aues uniuersae, in Boeotia non sunt nec cum uolant sui iuris, sed in ipso aere quas transire non audeant metas habent; inde ultra notatos iam terminos numquam exeunt nec in Atticum solum transmeant.",perdices sane cum ubique liberae sint ut aues uniuersae in boeotia non sunt nec cum uolant sui iuris sed in ipso aere quas transire non audeant metas habent inde ultra notatos iam terminos numquam exeunt nec in atticum solum transmeant,perdices sane cum ubique liberae sint ut aues uniuersae in boeotia non sunt nec cum uolant sui iuris sed in ipso aere quas transire non audeant metas habent inde ultra notatos iam terminos numquam exeunt nec in atticum solum transmeant
12161,body,86,3,False,,"Hoc Boeotiis proprium: nam quae communia sunt omnibus, generatim persequemur.",hoc boeotiis proprium nam quae communia sunt omnibus generatim persequemur,hoc boeotiis proprium nam quae communia sunt omnibus generatim persequemur
12161,body,86,4,False,,"Concinnantur a perdicibus nidi munitione sollerti; spineis enim fruticibus receptus suos uestiunt, ut animalia quae infestant arceantur asperis surculorum.",concinnantur a perdicibus nidi munitione sollerti spineis enim fruticibus receptus suos uestiunt ut animalia quae infestant arceantur asperis surculorum,concinnantur a perdicibus nidi munitione sollerti spineis enim fruticibus receptus suos uestiunt ut animalia quae infestant arceantur asperis surculorum
12161,body,86,5,False,,"Ouis stragulum puluis est, atque clanculo reuertuntur, ne indicium loci conuersatio frequens faciat.",ouis stragulum puluis est atque clanculo reuertuntur ne indicium loci conuersatio frequens faciat,ouis stragulum puluis est atque clanculo reuertuntur ne indicium loci conuersatio frequens faciat
12161,body,86,6,False,,"Plerumque feminae transuehunt partus, ut mares fallant, qui eos saepissime adfligunt inpatientius adulantes.",plerumque feminae transuehunt partus ut mares fallant qui eos saepissime adfligunt inpatientius adulantes,plerumque feminae transuehunt partus ut mares fallant qui eos saepissime adfligunt inpatientius adulantes
12161,body,86,7,False,,"Dimicantur circa conubium uictosque credunt feminarum uice uenerem sustinere; ipsas libido sic agitat, ut si uentus a masculis flauerit fiant praegnantes odore.",dimicantur circa conubium uictosque credunt feminarum uice uenerem sustinere ipsas libido sic agitat ut si uentus a masculis flauerit fiant praegnantes odore,dimicantur circa conubium uictosque credunt feminarum uice uenerem sustinere ipsas libido sic agitat ut si uentus a masculis flauerit fiant praegnantes odore
12161,body,86,8,False,,"Tunc si quis hominum ubi incubant propinquauit, egressae matres uenientibus sese sponte offerunt et simulata debilitate uel pedum uel alarum, quasi statim capi possint, gressus fingunt tardiores.",tunc si quis hominum ubi incubant propinquauit egressae matres uenientibus sese sponte offerunt et simulata debilitate uel pedum uel alarum quasi statim capi possint gressus fingunt tardiores,tunc si quis hominum ubi incubant propinquauit egressae matres uenientibus sese sponte offerunt et simulata debilitate uel pedum uel alarum quasi statim capi possint gressus fingunt tardiores
12161,body,86,9,False,,"Hoc mendacio inlicitant obuios et eludunt, quoad prouecti longius a nidis auocentur.",hoc mendacio inlicitant obuios et eludunt quoad prouecti longius a nidis auocentur,hoc mendacio inlicitant obuios et eludunt quoad prouecti longius a nidis auocentur
12161,body,86,10,True,,"Nec in pullis studium segnius ad cauendum: cum uisos se persentiscunt, resupinati glebulas pedibus attollunt, quarum obtentu tam callide proteguntur, ut lateant deprehensi.",nec in pullis studium segnius ad cauendum cum uisos se persentiscunt resupinati glebulas pedibus attollunt quarum obtentu tam callide proteguntur ut lateant deprehensi,nec in pullis studium segnius ad cauendum cum uisos se persentiscunt resupinati glebulas pedibus attollunt quarum obtentu tam callide proteguntur ut lateant deprehensi
12161,head,87,0,True,,VIII,viii,uiii
12161,body,88,0,False,,"Thessalia eadem est et Haemonia, quam Homerus Argos *Pelasgicon nominat, ubi genitus est Hellen, a quo rege Hellenes nominati.",thessalia eadem est et haemonia quam homerus argos pelasgicon nominat ubi genitus est hellen a quo rege hellenes nominati,thessalia eadem est et haemonia quam homerus argos pelasgicon nominat ubi genitus est hellen a quo rege hellenes nominati
12161,body,88,1,False,,"Huius a tergo Pieria ad Macedoniam protenditur, quae deuicta sub Macedonum uenit iugum.",huius a tergo pieria ad macedoniam protenditur quae deuicta sub macedonum uenit iugum,huius a tergo pieria ad macedoniam protenditur quae deuicta sub macedonum uenit iugum
12161,body,88,2,False,,"Multa ibi oppida, multa flumina.",multa ibi oppida multa flumina,multa ibi oppida multa flumina
12161,body,88,3,True,,"De oppidis egregia sunt Phthia, Larisa Thessala et Thebae, de amnibus Peneus, qui praeter Ossam Olympumque decurrens collibus dextra laeuaque molliter curuis nemorosis conuallibus Thessalica facit Tempe, undisque apertior Macedoniam ac Magnesiam interluens in Thermaeum sinum decidit.",de oppidis egregia sunt phthia larisa thessala et thebae de amnibus peneus qui praeter ossam olympumque decurrens collibus dextra laeuaque molliter curuis nemorosis conuallibus thessalica facit tempe undisque apertior macedoniam ac magnesiam interluens in thermaeum sinum decidit,de oppidis egregia sunt phthia larisa thessala et thebae de amnibus peneus qui praeter ossam olympumque decurrens collibus dextra laeuaque molliter curuis nemorosis conuallibus thessalica facit tempe undisque apertior macedoniam ac magnesiam interluens in thermaeum sinum decidit
12161,body,89,0,False,,"Thessaliae sunt Pharsalici campi, in quibus ciuilium bellorum detonuerunt procellae.",thessaliae sunt pharsalici campi in quibus ciuilium bellorum detonuerunt procellae,thessaliae sunt pharsalici campi in quibus ciuilium bellorum detonuerunt procellae
12161,body,89,1,False,,"Ac ne in montes notos eamus, Pindum et Othryn agitent qui Lapitharum originem persequentur, Ossam quos Centaurorum stabulis immorari iuuat.",ac ne in montes notos eamus pindum et othryn agitent qui lapitharum originem persequentur ossam quos centaurorum stabulis immorari iuuat,ac ne in montes notos eamus pindum et othryn agitent qui lapitharum originem persequentur ossam quos centaurorum stabulis immorari iuuat
12161,body,89,2,False,,"Pelium autem nuptiale conuiuium Thetidis atque Pelei in tantum notitiae optulit, ut taceri de eo magis mirum sit.",pelium autem nuptiale conuiuium thetidis atque pelei in tantum notitiae optulit ut taceri de eo magis mirum sit,pelium autem nuptiale conuiuium thetidis atque pelei in tantum notitiae optulit ut taceri de eo magis mirum sit
12161,body,89,3,False,,"Nam Olympum ab Homero non per audaciam celebratum docent, quae in eo uisitantur.",nam olympum ab homero non per audaciam celebratum docent quae in eo uisitantur,nam olympum ab homero non per audaciam celebratum docent quae in eo uisitantur
12161,body,89,4,False,,"Primum excellenti uertice tantus attollitur, ut summa eius caelum accolae uocent.",primum excellenti uertice tantus attollitur ut summa eius caelum accolae uocent,primum excellenti uertice tantus attollitur ut summa eius caelum accolae uocent
12161,body,89,5,True,,"Ara est in cacumine Ioui dicata, cuius altaribus si qua de extis inferuntur, nec difflantur uentosis spiritibus nec pluuiis diluuntur, sed uoluente anno cuiusmodi relicta fuerint, eiusmodi reperiuntur; et omnibus tempestatibus a corruptelis aurarum uindicatur quidquid ibi semel est deo consecratum.",ara est in cacumine ioui dicata cuius altaribus si qua de extis inferuntur nec difflantur uentosis spiritibus nec pluuiis diluuntur sed uoluente anno cuiusmodi relicta fuerint eiusmodi reperiuntur et omnibus tempestatibus a corruptelis aurarum uindicatur quidquid ibi semel est deo consecratum,ara est in cacumine ioui dicata cuius altaribus si qua de extis inferuntur nec difflantur uentosis spiritibus nec pluuiis diluuntur sed uoluente anno cuiusmodi relicta fuerint eiusmodi reperiuntur et omnibus tempestatibus a corruptelis aurarum uindicatur quidquid ibi semel est deo consecratum
12161,body,90,0,False,,"In regione Magnesia Mothona oppidum est, quod cum obsideret Philippus Macedonis Magni pater, damnatus est oculo iactu sagittae, quam iecerat Aster oppidanus inscriptam suo nomine, loco uulneris, nomine quem petebat.",in regione magnesia mothona oppidum est quod cum obsideret philippus macedonis magni pater damnatus est oculo iactu sagittae quam iecerat aster oppidanus inscriptam suo nomine loco uulneris nomine quem petebat,in regione magnesia mothona oppidum est quod cum obsideret philippus macedonis magni pater damnatus est oculo iactu sagittae quam iecerat aster oppidanus inscriptam suo nomine loco uulneris nomine quem petebat
12161,body,90,1,False,,"Populum istum callere arte sagittaria credere possumus uel de Philocteta, quoniam Meliboea in hoc pede conputatur.",populum istum callere arte sagittaria credere possumus uel de philocteta quoniam meliboea in hoc pede conputatur,populum istum callere arte sagittaria credere possumus uel de philocteta quoniam meliboea in hoc pede conputatur
12161,body,90,2,False,,Sed ne transeamus praesidium poetarum.,sed ne transeamus praesidium poetarum,sed ne transeamus praesidium poetarum
12161,body,90,3,True,,Fons Libethrius et ipse Magnesiae est.,fons libethrius et ipse magnesiae est,fons libethrius et ipse magnesiae est
12161,head,91,0,True,,IX,ix,ix
12161,body,92,0,True,,"Qui Edonii olim populi quaeque Mygdonia erat terra aut Pierium solum uel Emathium, nunc omne uniformi uocabulo Macedonica res est, et partitiones quae specialiter antea seiugabantur, Macedonum nomini contributae factae sunt corpus unum.",qui edonii olim populi quaeque mygdonia erat terra aut pierium solum uel emathium nunc omne uniformi uocabulo macedonica res est et partitiones quae specialiter antea seiugabantur macedonum nomini contributae factae sunt corpus unum,qui edonii olim populi quaeque mygdonia erat terra aut pierium solum uel emathium nunc omne uniformi uocabulo macedonica res est et partitiones quae specialiter antea seiugabantur macedonum nomini contributae factae sunt corpus unum
12161,body,93,0,False,,Igitur Macedoniam praecingit Thracius limes; meridiana Thessaliae Epirotae tenent; a uesperali plaga Dardani sunt et Illyrii; qua septemtrione tunditur Paeonia ac Pelagonia protegitur a Triballis.,igitur macedoniam praecingit thracius limes meridiana thessaliae epirotae tenent a uesperali plaga dardani sunt et illyrii qua septemtrione tunditur paeonia ac pelagonia protegitur a triballis,igitur macedoniam praecingit thracius limes meridiana thessaliae epirotae tenent a uesperali plaga dardani sunt et illyrii qua septemtrione tunditur paeonia ac pelagonia protegitur a triballis
12161,body,93,1,False,,Montanis excessibus aquilonio frigori obiecta.,montanis excessibus aquilonio frigori obiecta,montanis excessibus aquilonio frigori obiecta
12161,body,93,2,False,,"Inter ipsam et Thraciam Strymon amnis facit terminum, qui ab Haemi iugis inrigat.",inter ipsam et thraciam strymon amnis facit terminum qui ab haemi iugis inrigat,inter ipsam et thraciam strymon amnis facit terminum qui ab haemi iugis inrigat
12161,body,93,3,False,,"Verum ut sileam aut Rhodopen Mygdonum montem aut Athon classibus Persicis nauigatum continentique abscissum mille quingentorum passuum longitudine, simul de auri uenis et argenti, quae optimae in agris Macedonum et plurimae eruuntur, Orestidem dicam.",verum ut sileam aut rhodopen mygdonum montem aut athon classibus persicis nauigatum continentique abscissum mille quingentorum passuum longitudine simul de auri uenis et argenti quae optimae in agris macedonum et plurimae eruuntur orestidem dicam,uerum ut sileam aut rhodopen mygdonum montem aut athon classibus persicis nauigatum continentique abscissum mille quingentorum passuum longitudine simul de auri uenis et argenti quae optimae in agris macedonum et plurimae eruuntur orestidem dicam
12161,body,93,4,False,,Populi sunt qui ut Orestae dicerentur inde coeptum.,populi sunt qui ut orestae dicerentur inde coeptum,populi sunt qui ut orestae dicerentur inde coeptum
12161,body,93,5,False,,"Mycenis profugus matricida cum abscessus longius destinasset, natum sibi in Emathia paruulum de Hermiona, quam in omnes casus sociam adsciuerat, hic mandauerat occulendum.",mycenis profugus matricida cum abscessus longius destinasset natum sibi in emathia paruulum de hermiona quam in omnes casus sociam adsciuerat hic mandauerat occulendum,mycenis profugus matricida cum abscessus longius destinasset natum sibi in emathia paruulum de hermiona quam in omnes casus sociam adsciuerat hic mandauerat occulendum
12161,body,93,6,False,,"Adoleuit puer in spiritum regii sanguinis, nomen patris sui referens, occupatoque quidquid est quod procedit in Macedonicum sinum et Adriaticum salum, terram cui imperitauerat Orestidem dixit.",adoleuit puer in spiritum regii sanguinis nomen patris sui referens occupatoque quidquid est quod procedit in macedonicum sinum et adriaticum salum terram cui imperitauerat orestidem dixit,adoleuit puer in spiritum regii sanguinis nomen patris sui referens occupatoque quidquid est quod procedit in macedonicum sinum et adriaticum salum terram cui imperitauerat orestidem dixit
12161,body,93,7,False,,"Admonet Phlegra, ubi antequam oppidum fieret rumor est militiam mundi dimicatam cum gigantibus, ut penitus persequamur quantis probationibus imperii indicia diuinae expeditionis in hoc saeculo perseuerauerint.",admonet phlegra ubi antequam oppidum fieret rumor est militiam mundi dimicatam cum gigantibus ut penitus persequamur quantis probationibus imperii indicia diuinae expeditionis in hoc saeculo perseuerauerint,admonet phlegra ubi antequam oppidum fieret rumor est militiam mundi dimicatam cum gigantibus ut penitus persequamur quantis probationibus imperii indicia diuinae expeditionis in hoc saeculo perseuerauerint
12161,body,93,8,True,,"Illic si quando (ut accidit) nimbis torrentes excitantur et aucta aquarum pondera ruptis obicibus ualentius se in campos ruunt, eluuione ossa etiam nunc ferunt detegi ad instar quae sunt e corporibus humanis sed modo grandiora, quae ob enormem magnitudinem monstrosi exercitus iactant extitisse, idque adiuuatur argumento saxorum inmanium quibus oppugnandum impetitum caelum crediderunt.",illic si quando ut accidit nimbis torrentes excitantur et aucta aquarum pondera ruptis obicibus ualentius se in campos ruunt eluuione ossa etiam nunc ferunt detegi ad instar quae sunt e corporibus humanis sed modo grandiora quae ob enormem magnitudinem monstrosi exercitus iactant extitisse idque adiuuatur argumento saxorum inmanium quibus oppugnandum impetitum caelum crediderunt,illic si quando ut accidit nimbis torrentes excitantur et aucta aquarum pondera ruptis obicibus ualentius se in campos ruunt eluuione ossa etiam nunc ferunt detegi ad instar quae sunt e corporibus humanis sed modo grandiora quae ob enormem magnitudinem monstrosi exercitus iactant extitisse idque adiuuatur argumento saxorum inmanium quibus oppugnandum impetitum caelum crediderunt
12161,body,94,0,False,,Pergam ad residua quae in Thessaliam et Athamaniam contendunt.,pergam ad residua quae in thessaliam et athamaniam contendunt,pergam ad residua quae in thessaliam et athamaniam contendunt
12161,body,94,1,False,,"Sunt enim arrectiora quam usquam proceritas montana attolli ualet, nec est in terris omnibus quod merito ad istas eminentias comparetur, quippe quas solas diluuialis inruptio cum uniuersa obduceret umido situ, inaccessas reliquit.",sunt enim arrectiora quam usquam proceritas montana attolli ualet nec est in terris omnibus quod merito ad istas eminentias comparetur quippe quas solas diluuialis inruptio cum uniuersa obduceret umido situ inaccessas reliquit,sunt enim arrectiora quam usquam proceritas montana attolli ualet nec est in terris omnibus quod merito ad istas eminentias comparetur quippe quas solas diluuialis inruptio cum uniuersa obduceret umido situ inaccessas reliquit
12161,body,94,2,True,,"Durant uestigia non languidae fidei quibus apparet hos locos superstites undosae tempestati fuisse; nam in latebrosis rupium cauaminibus quae fluctuum confligiis tunc adesa sunt, reduuiae conchyliorum resederunt et alia multa quae adfatim mari incito expuuntur, ita ut, sint licet facie mediterranea, appareant tamen specie litorali.",durant uestigia non languidae fidei quibus apparet hos locos superstites undosae tempestati fuisse nam in latebrosis rupium cauaminibus quae fluctuum confligiis tunc adesa sunt reduuiae conchyliorum resederunt et alia multa quae adfatim mari incito expuuntur ita ut sint licet facie mediterranea appareant tamen specie litorali,durant uestigia non languidae fidei quibus apparet hos locos superstites undosae tempestati fuisse nam in latebrosis rupium cauaminibus quae fluctuum confligiis tunc adesa sunt reduuiae conchyliorum resederunt et alia multa quae adfatim mari incito expuuntur ita ut sint licet facie mediterranea appareant tamen specie litorali
12161,body,95,0,False,,Nunc de incolis reddam.,nunc de incolis reddam,nunc de incolis reddam
12161,body,95,1,False,,"Emathius qui primus in Emathia occepit principatum, seu quia indago originis eius aeuo disperiit seu quia ita res est, genuinus terrae habetur.",emathius qui primus in emathia occepit principatum seu quia indago originis eius aeuo disperiit seu quia ita res est genuinus terrae habetur,emathius qui primus in emathia occepit principatum seu quia indago originis eius aeuo disperiit seu quia ita res est genuinus terrae habetur
12161,body,95,2,False,,"Post hunc in Macedonis exortum Emathiae nomen perstitit; sed Macedo Deucalionis maternus nepos, qui solus cum domus suae familia morti publicae superfuerat, uertit uocamen Macedoniamque a se dixit.",post hunc in macedonis exortum emathiae nomen perstitit sed macedo deucalionis maternus nepos qui solus cum domus suae familia morti publicae superfuerat uertit uocamen macedoniamque a se dixit,post hunc in macedonis exortum emathiae nomen perstitit sed macedo deucalionis maternus nepos qui solus cum domus suae familia morti publicae superfuerat uertit uocamen macedoniamque a se dixit
12161,body,95,3,True,,"Macedonem Caranus insequitur dux Peloponnesiae multitudinis, qui iuxta responsum dictum deo, ubi caprarium pecus resedisse aduerterat urbem condidit quam dixit Aegas, in qua sepeliri reges mos erat; nec alter excellentium uirorum bustis apud Macedonas priscos dabatur locus.",macedonem caranus insequitur dux peloponnesiae multitudinis qui iuxta responsum dictum deo ubi caprarium pecus resedisse aduerterat urbem condidit quam dixit aegas in qua sepeliri reges mos erat nec alter excellentium uirorum bustis apud macedonas priscos dabatur locus,macedonem caranus insequitur dux peloponnesiae multitudinis qui iuxta responsum dictum deo ubi caprarium pecus resedisse aduerterat urbem condidit quam dixit aegas in qua sepeliri reges mos erat nec alter excellentium uirorum bustis apud macedonas priscos dabatur locus
12161,body,96,0,False,,"Succedit Carano Perdicca, secunda et uicesima olympiade, primus in Macedonia rex nominatus.",succedit carano perdicca secunda et uicesima olympiade primus in macedonia rex nominatus,succedit carano perdicca secunda et uicesima olympiade primus in macedonia rex nominatus
12161,body,96,1,False,,"Cui Alexander Amyntae filius diues habitus, nec inmerito; ita enim affluenter successus eius proficiebant, ut ante omnes Apollini Delphos, Ioui Elidem statuas aureas dono miserit.",cui alexander amyntae filius diues habitus nec inmerito ita enim affluenter successus eius proficiebant ut ante omnes apollini delphos ioui elidem statuas aureas dono miserit,cui alexander amyntae filius diues habitus nec inmerito ita enim affluenter successus eius proficiebant ut ante omnes apollini delphos ioui elidem statuas aureas dono miserit
12161,body,96,2,False,,"Voluptati aurium indulgentissime deditus: sicut plurimos qui fidibus sciebant, dum uiuit, in usum oblectamenti donis tenuit liberalibus, inter quos et Pindarum lyricum.",voluptati aurium indulgentissime deditus sicut plurimos qui fidibus sciebant dum uiuit in usum oblectamenti donis tenuit liberalibus inter quos et pindarum lyricum,uoluptati aurium indulgentissime deditus sicut plurimos qui fidibus sciebant dum uiuit in usum oblectamenti donis tenuit liberalibus inter quos et pindarum lyricum
12161,body,96,3,False,,"Ab hoc Archelaus regnum excepit, prudens rei bellicae, naualium etiam commentor proeliorum.",ab hoc archelaus regnum excepit prudens rei bellicae naualium etiam commentor proeliorum,ab hoc archelaus regnum excepit prudens rei bellicae naualium etiam commentor proeliorum
12161,body,96,4,False,,"Hic Archelaus in tantum litterarum mire amator fuit, ut Euripidi tragico consiliorum summam concrederet; cuius suprema non contentus prosequi sumptu funeris, crinem tonsus est et maerorem quem animo conceperat uultu publicauit.",hic archelaus in tantum litterarum mire amator fuit ut euripidi tragico consiliorum summam concrederet cuius suprema non contentus prosequi sumptu funeris crinem tonsus est et maerorem quem animo conceperat uultu publicauit,hic archelaus in tantum litterarum mire amator fuit ut euripidi tragico consiliorum summam concrederet cuius suprema non contentus prosequi sumptu funeris crinem tonsus est et maerorem quem animo conceperat uultu publicauit
12161,body,96,5,True,,"Idem Pythias et Olympiacas palmas quadrigis adeptus, Graeco potius animo quam regali gloriam illam prae se tulit.",idem pythias et olympiacas palmas quadrigis adeptus graeco potius animo quam regali gloriam illam prae se tulit,idem pythias et olympiacas palmas quadrigis adeptus graeco potius animo quam regali gloriam illam prae se tulit
12161,body,97,0,False,,"Post Archelaum Macedonica res dissensione iactata in Amyntae regno stetit, cui tres liberi, sed Alexander patri succedit.",post archelaum macedonica res dissensione iactata in amyntae regno stetit cui tres liberi sed alexander patri succedit,post archelaum macedonica res dissensione iactata in amyntae regno stetit cui tres liberi sed alexander patri succedit
12161,body,97,1,False,,"Quo exempto, Perdiccae primo data copia amplissimae potestatis indupiscundae.",quo exempto perdiccae primo data copia amplissimae potestatis indupiscundae,quo exempto perdiccae primo data copia amplissimae potestatis indupiscundae
12161,body,97,2,False,,"Qui obiens hereditarium regnum fratri Philippo reliquit, quem captum oculo dextro apud Mothonam supra diximus; cuius debilitatis omen praecesserat: nam cum nuptias ageret, acciti tibicines carmen cyclopium quasi de colludio concinuisse traduntur.",qui obiens hereditarium regnum fratri philippo reliquit quem captum oculo dextro apud mothonam supra diximus cuius debilitatis omen praecesserat nam cum nuptias ageret acciti tibicines carmen cyclopium quasi de colludio concinuisse traduntur,qui obiens hereditarium regnum fratri philippo reliquit quem captum oculo dextro apud mothonam supra diximus cuius debilitatis omen praecesserat nam cum nuptias ageret acciti tibicines carmen cyclopium quasi de colludio concinuisse traduntur
12161,body,97,3,False,,"Hic Philippus Magnum procreat, quamlibet Olympias Alexandri mater nobiliorem ei patrem adquirere adfectauerit, cum se coitu draconis consatam adfirmaret.",hic philippus magnum procreat quamlibet olympias alexandri mater nobiliorem ei patrem adquirere adfectauerit cum se coitu draconis consatam adfirmaret,hic philippus magnum procreat quamlibet olympias alexandri mater nobiliorem ei patrem adquirere adfectauerit cum se coitu draconis consatam adfirmaret
12161,body,97,4,False,,Ita tamen et ipse egit ut deo genitus crederetur.,ita tamen et ipse egit ut deo genitus crederetur,ita tamen et ipse egit ut deo genitus crederetur
12161,body,97,5,False,,"Peragrauit orbem, rectoribus Aristotele et Callisthene usus, subegit Asiam Armeniam Hiberiam Albaniam Cappadociam Syriam Aegyptum; Taurum Caucasumque transgressus est; Bactros domuit; Medis et Persis imperauit; cepit Indiam, emensus omnia quae Liber et Hercules accesserant.",peragrauit orbem rectoribus aristotele et callisthene usus subegit asiam armeniam hiberiam albaniam cappadociam syriam aegyptum taurum caucasumque transgressus est bactros domuit medis et persis imperauit cepit indiam emensus omnia quae liber et hercules accesserant,peragrauit orbem rectoribus aristotele et callisthene usus subegit asiam armeniam hiberiam albaniam cappadociam syriam aegyptum taurum caucasumque transgressus est bactros domuit medis et persis imperauit cepit indiam emensus omnia quae liber et hercules accesserant
12161,body,97,6,False,,"Forma supra hominem augustiore, ceruice celsa, laetis oculis [inlustribus], malis ad gratiam rubescentibus, reliquis corporis non sine maiestate quadam decoris.",forma supra hominem augustiore ceruice celsa laetis oculis inlustribus malis ad gratiam rubescentibus reliquis corporis non sine maiestate quadam decoris,forma supra hominem augustiore ceruice celsa laetis oculis inlustribus malis ad gratiam rubescentibus reliquis corporis non sine maiestate quadam decoris
12161,body,97,7,False,,Victor omnium uino et ira uictus: sicut morbo uinolentiae apud Babylonem humiliore quam uixerat fortuna exemptus est.,victor omnium uino et ira uictus sicut morbo uinolentiae apud babylonem humiliore quam uixerat fortuna exemptus est,uictor omnium uino et ira uictus sicut morbo uinolentiae apud babylonem humiliore quam uixerat fortuna exemptus est
12161,body,97,8,True,,Post quem qui fuerunt magis ad segetem Romanae gloriae quam ad hereditatem tanti nominis ortos inuenimus.,post quem qui fuerunt magis ad segetem romanae gloriae quam ad hereditatem tanti nominis ortos inuenimus,post quem qui fuerunt magis ad segetem romanae gloriae quam ad hereditatem tanti nominis ortos inuenimus
12161,body,98,0,False,,Macedonia lapidem gignit quem paeanitem uocant.,macedonia lapidem gignit quem paeanitem uocant,macedonia lapidem gignit quem paeanitem uocant
12161,body,98,1,False,,Hunc eundem et concipere et parere et parturientibus opitulari fama prodiga est.,hunc eundem et concipere et parere et parturientibus opitulari fama prodiga est,hunc eundem et concipere et parere et parturientibus opitulari fama prodiga est
12161,body,98,2,True,,Circa Tiresiae sepulcrum plurimus inuenitur.,circa tiresiae sepulcrum plurimus inuenitur,circa tiresiae sepulcrum plurimus inuenitur
12161,body,99,0,False,,X Nunc in Thraciam locus pergere et ad ualidissimas Europae gentes uela obuertere.,x nunc in thraciam locus pergere et ad ualidissimas europae gentes uela obuertere,x nunc in thraciam locus pergere et ad ualidissimas europae gentes uela obuertere
12161,body,99,1,False,,"Quas qui sedulo experiri uelint, non difficulter deprehendent Thracibus barbaris inesse contemptum uitae ex quadam naturali sapientiae disciplina.",quas qui sedulo experiri uelint non difficulter deprehendent thracibus barbaris inesse contemptum uitae ex quadam naturali sapientiae disciplina,quas qui sedulo experiri uelint non difficulter deprehendent thracibus barbaris inesse contemptum uitae ex quadam naturali sapientiae disciplina
12161,body,99,2,False,,"Concordant omnes ad interitum uoluntarium, dum nonnulli eorum putant obeuntium animas reuerti, alii non extingui, sed beatas magis fieri.",concordant omnes ad interitum uoluntarium dum nonnulli eorum putant obeuntium animas reuerti alii non extingui sed beatas magis fieri,concordant omnes ad interitum uoluntarium dum nonnulli eorum putant obeuntium animas reuerti alii non extingui sed beatas magis fieri
12161,body,99,3,False,,"Apud plurimos luctuosa sunt puerperia, denique recens natum fletu parens excipit; contrauersum laeta sunt funera, adeo ut exemptos gaudiis prosequantur.",apud plurimos luctuosa sunt puerperia denique recens natum fletu parens excipit contrauersum laeta sunt funera adeo ut exemptos gaudiis prosequantur,apud plurimos luctuosa sunt puerperia denique recens natum fletu parens excipit contrauersum laeta sunt funera adeo ut exemptos gaudiis prosequantur
12161,body,99,4,False,,Vxorum numero se uiri iactant et honoris loco iudicant multiplex matrimonium.,vxorum numero se uiri iactant et honoris loco iudicant multiplex matrimonium,uxorum numero se uiri iactant et honoris loco iudicant multiplex matrimonium
12161,body,99,5,False,,"Quae feminae tenaces sunt pudicitiae, insiliunt defunctorum rogos coniugum et, quod maximum insigne ducunt castitatis, praecipites in flammas eunt.",quae feminae tenaces sunt pudicitiae insiliunt defunctorum rogos coniugum et quod maximum insigne ducunt castitatis praecipites in flammas eunt,quae feminae tenaces sunt pudicitiae insiliunt defunctorum rogos coniugum et quod maximum insigne ducunt castitatis praecipites in flammas eunt
12161,body,99,6,False,,"Nupturae non parentum arbitrio transeunt ad maritos, sed quae prae aliis specie ualent subhastari uolunt et licentia taxationis admissa non moribus nubunt, sed praemiis; quas formae premit dedecus, dotibus emunt quibus coniungantur.",nupturae non parentum arbitrio transeunt ad maritos sed quae prae aliis specie ualent subhastari uolunt et licentia taxationis admissa non moribus nubunt sed praemiis quas formae premit dedecus dotibus emunt quibus coniungantur,nupturae non parentum arbitrio transeunt ad maritos sed quae prae aliis specie ualent subhastari uolunt et licentia taxationis admissa non moribus nubunt sed praemiis quas formae premit dedecus dotibus emunt quibus coniungantur
12161,body,99,7,True,,"Vterque sexus epulantes focos ambiunt, herbarum quas habent semine ignibus superiacto, cuius nidore perculsi pro laetitia habent imitari ebrietatem sensibus sauciatis.",vterque sexus epulantes focos ambiunt herbarum quas habent semine ignibus superiacto cuius nidore perculsi pro laetitia habent imitari ebrietatem sensibus sauciatis,uterque sexus epulantes focos ambiunt herbarum quas habent semine ignibus superiacto cuius nidore perculsi pro laetitia habent imitari ebrietatem sensibus sauciatis
12161,body,100,0,False,,"De ritu ista sunt, de locis et populis quae secuntur.",de ritu ista sunt de locis et populis quae secuntur,de ritu ista sunt de locis et populis quae secuntur
12161,body,100,1,False,,"Strymonem accolunt dextro latere Denseletae, Bessorum quoque multa nomina ad usque Mestum amnem, qui radices Pangaei circumfluit.",strymonem accolunt dextro latere denseletae bessorum quoque multa nomina ad usque mestum amnem qui radices pangaei circumfluit,strymonem accolunt dextro latere denseletae bessorum quoque multa nomina ad usque mestum amnem qui radices pangaei circumfluit
12161,body,100,2,False,,"Hebrum Odrysarum solum fundit, qui fluuius excurrit inter Priantas Dolongos Thynos Corpilos aliosque barbaros; tangit et Ciconas.",hebrum odrysarum solum fundit qui fluuius excurrit inter priantas dolongos thynos corpilos aliosque barbaros tangit et ciconas,hebrum odrysarum solum fundit qui fluuius excurrit inter priantas dolongos thynos corpilos aliosque barbaros tangit et ciconas
12161,body,100,3,False,,"Deinde Haemus sex milibus passuum arduus, cuius auersa Moesi Getae Sarmatae Scythae et plurimae insidunt nationes.",deinde haemus sex milibus passuum arduus cuius auersa moesi getae sarmatae scythae et plurimae insidunt nationes,deinde haemus sex milibus passuum arduus cuius auersa moesi getae sarmatae scythae et plurimae insidunt nationes
12161,body,100,4,False,,"Ponticum litus Sithonia gens obtinet, quae nato ibi Orpheo uate inter principes iudicatur; quem siue sacrorum siue cantuum secreta in Sperchiuo promunturio agitasse tradunt.",ponticum litus sithonia gens obtinet quae nato ibi orpheo uate inter principes iudicatur quem siue sacrorum siue cantuum secreta in sperchiuo promunturio agitasse tradunt,ponticum litus sithonia gens obtinet quae nato ibi orpheo uate inter principes iudicatur quem siue sacrorum siue cantuum secreta in sperchiuo promunturio agitasse tradunt
12161,body,100,5,False,,Deinde stagnum Bistonium.,deinde stagnum bistonium,deinde stagnum bistonium
12161,body,100,6,True,,"Nec longe regio Maronia, in qua Tirida oppidum fuit equorum Diomedis stabulum; sed cessit aeuo solumque turris uestigium adhuc durat.",nec longe regio maronia in qua tirida oppidum fuit equorum diomedis stabulum sed cessit aeuo solumque turris uestigium adhuc durat,nec longe regio maronia in qua tirida oppidum fuit equorum diomedis stabulum sed cessit aeuo solumque turris uestigium adhuc durat
12161,body,101,0,False,,"Inde non procul urbs Abdera, quam Diomedis soror et condidit et a se sic uocauit, mox Democriti domus physici ac si uerum rimere, ideo nobilior.",inde non procul urbs abdera quam diomedis soror et condidit et a se sic uocauit mox democriti domus physici ac si uerum rimere ideo nobilior,inde non procul urbs abdera quam diomedis soror et condidit et a se sic uocauit mox democriti domus physici ac si uerum rimere ideo nobilior
12161,body,101,1,True,,Hanc Abderam olympiade prima et tricesima senio conlapsam Clazomenii ex Asia ad maiorem faciem restitutam oblitteratis quae praecesserant nomini suo uindicauerunt.,hanc abderam olympiade prima et tricesima senio conlapsam clazomenii ex asia ad maiorem faciem restitutam oblitteratis quae praecesserant nomini suo uindicauerunt,hanc abderam olympiade prima et tricesima senio conlapsam clazomenii ex asia ad maiorem faciem restitutam oblitteratis quae praecesserant nomini suo uindicauerunt
12161,body,102,0,False,,"Locum Doriscon inlustrem reddidit Xerxis aduentus, quod ibi recoluit militis sui numerum.",locum doriscon inlustrem reddidit xerxis aduentus quod ibi recoluit militis sui numerum,locum doriscon inlustrem reddidit xerxis aduentus quod ibi recoluit militis sui numerum
12161,body,102,1,False,,"Polydori tumulum ostendit *Aenus. in parte, quam Aroteres Scythae , celebrant quondam urbem Geraniam (Cathizon uocant barbari), unde a gruibus Pygmaeos ferunt pulsos.",polydori tumulum ostendit aenus in parte quam aroteres scythae celebrant quondam urbem geraniam cathizon uocant barbari unde a gruibus pygmaeos ferunt pulsos,polydori tumulum ostendit aenus in parte quam aroteres scythae celebrant quondam urbem geraniam cathizon uocant barbari unde a gruibus pygmaeos ferunt pulsos
12161,body,102,2,False,,Manifestum sane est in septemtrionalem plagam hieme grues frequentissimas conuolare.,manifestum sane est in septemtrionalem plagam hieme grues frequentissimas conuolare,manifestum sane est in septemtrionalem plagam hieme grues frequentissimas conuolare
12161,body,102,3,False,,Nec piguerit meminisse quatenus expeditiones suas dirigant.,nec piguerit meminisse quatenus expeditiones suas dirigant,nec piguerit meminisse quatenus expeditiones suas dirigant
12161,body,102,4,False,,"Sub quodam militiae eunt signo, et ne pergentibus ad destinata uis flatuum renitatur, harenas deuorant sublatisque lapillulis ad moderatam grauitatem saburrantur.",sub quodam militiae eunt signo et ne pergentibus ad destinata uis flatuum renitatur harenas deuorant sublatisque lapillulis ad moderatam grauitatem saburrantur,sub quodam militiae eunt signo et ne pergentibus ad destinata uis flatuum renitatur harenas deuorant sublatisque lapillulis ad moderatam grauitatem saburrantur
12161,body,102,5,False,,"Tunc contendunt in altissima, ut de excelsiori specula metentur quas petant terras.",tunc contendunt in altissima ut de excelsiori specula metentur quas petant terras,tunc contendunt in altissima ut de excelsiori specula metentur quas petant terras
12161,body,102,6,False,,"Fidens meatu praeit cateruas, uolatus desidiam castigat uoce quae cogit agmen, ea ubi obraucata est succedit alia.",fidens meatu praeit cateruas uolatus desidiam castigat uoce quae cogit agmen ea ubi obraucata est succedit alia,fidens meatu praeit cateruas uolatus desidiam castigat uoce quae cogit agmen ea ubi obraucata est succedit alia
12161,body,102,7,False,,"Pontum transiturae angustias captant, et quidem eas (nam promptum est oculis deprehendere) quae inter Tauricam sunt et Paphlagoniam, id est inter Carambim et Criumetopon.",pontum transiturae angustias captant et quidem eas nam promptum est oculis deprehendere quae inter tauricam sunt et paphlagoniam id est inter carambim et criumetopon,pontum transiturae angustias captant et quidem eas nam promptum est oculis deprehendere quae inter tauricam sunt et paphlagoniam id est inter carambim et criumetopon
12161,body,102,8,False,,"Cum contra medium alueum aduentasse se sciunt, scrupulorum sarcina pedes liberant.",cum contra medium alueum aduentasse se sciunt scrupulorum sarcina pedes liberant,cum contra medium alueum aduentasse se sciunt scrupulorum sarcina pedes liberant
12161,body,102,9,False,,Ita nautae prodiderunt conpluti saepe ex illo casu imbre saxatili.,ita nautae prodiderunt conpluti saepe ex illo casu imbre saxatili,ita nautae prodiderunt conpluti saepe ex illo casu imbre saxatili
12161,body,102,10,False,,Harenas non prius reuomunt quam securae sedis suae fuerint.,harenas non prius reuomunt quam securae sedis suae fuerint,harenas non prius reuomunt quam securae sedis suae fuerint
12161,body,102,11,False,,"Concors cura omnium pro fatigatis, adeo ut si qua defecerit congruant uniuersae lassatasque sustollant usque dum uires otio recuperentur.",concors cura omnium pro fatigatis adeo ut si qua defecerit congruant uniuersae lassatasque sustollant usque dum uires otio recuperentur,concors cura omnium pro fatigatis adeo ut si qua defecerit congruant uniuersae lassatasque sustollant usque dum uires otio recuperentur
12161,body,102,12,False,,Nec in terra cura segnior.,nec in terra cura segnior,nec in terra cura segnior
12161,body,102,13,False,,Excubias nocte diuidunt ut exsomnis sit decima quaeque.,excubias nocte diuidunt ut exsomnis sit decima quaeque,excubias nocte diuidunt ut exsomnis sit decima quaeque
12161,body,102,14,False,,"Vigiles ponduscula digitis amplectuntur, quae si forte exciderint somnum coarguant.",vigiles ponduscula digitis amplectuntur quae si forte exciderint somnum coarguant,uigiles ponduscula digitis amplectuntur quae si forte exciderint somnum coarguant
12161,body,102,15,False,,Quod cauendum erit clangor indicat.,quod cauendum erit clangor indicat,quod cauendum erit clangor indicat
12161,body,102,16,True,,Aetatem in illis prodit color: nigrescunt senectute.,aetatem in illis prodit color nigrescunt senectute,aetatem in illis prodit color nigrescunt senectute
12161,body,103,0,False,,"Veniamus ad promunturium Ceras Chryseon Byzantio oppido nobile, antea Lygos dictum, quod a Dyrrhachio abest septingentis undecim milibus passuum: tantum enim patet inter Hadriaticum mare et Propontidem.",veniamus ad promunturium ceras chryseon byzantio oppido nobile antea lygos dictum quod a dyrrhachio abest septingentis undecim milibus passuum tantum enim patet inter hadriaticum mare et propontidem,ueniamus ad promunturium ceras chryseon byzantio oppido nobile antea lygos dictum quod a dyrrhachio abest septingentis undecim milibus passuum tantum enim patet inter hadriaticum mare et propontidem
12161,body,103,1,False,,"In Ceniensi regione non longe Flauiopolim coloniam Bizye oppidum, quondam area Terei regis, inuisum hirundinibus et deinceps alitibus illis inaccessum, quamquam et Thebas, quod illa moenia saepius capta sint, negentur subire.",in ceniensi regione non longe flauiopolim coloniam bizye oppidum quondam area terei regis inuisum hirundinibus et deinceps alitibus illis inaccessum quamquam et thebas quod illa moenia saepius capta sint negentur subire,in ceniensi regione non longe flauiopolim coloniam bizye oppidum quondam area terei regis inuisum hirundinibus et deinceps alitibus illis inaccessum quamquam et thebas quod illa moenia saepius capta sint negentur subire
12161,body,103,2,False,,"Nam inter cetera habere illas quiddam praescium inde noscitur, quod lapsura non petunt culmina et aspernantur peritura quoquo modo tecta.",nam inter cetera habere illas quiddam praescium inde noscitur quod lapsura non petunt culmina et aspernantur peritura quoquo modo tecta,nam inter cetera habere illas quiddam praescium inde noscitur quod lapsura non petunt culmina et aspernantur peritura quoquo modo tecta
12161,body,103,3,False,,Minime certe a diris auibus impetuntur nec umquam praeda sunt ut sacrae.,minime certe a diris auibus impetuntur nec umquam praeda sunt ut sacrae,minime certe a diris auibus impetuntur nec umquam praeda sunt ut sacrae
12161,body,103,4,True,,"Cibos non sumunt resistentes, sed in aere capiunt escas et hauriunt.",cibos non sumunt resistentes sed in aere capiunt escas et hauriunt,cibos non sumunt resistentes sed in aere capiunt escas et hauriunt
12161,body,104,0,False,,Alter isthmos in Thracia est similibus angustiis et pari latitudine arti maris.,alter isthmos in thracia est similibus angustiis et pari latitudine arti maris,alter isthmos in thracia est similibus angustiis et pari latitudine arti maris
12161,body,104,1,False,,Huius litora urbes utrimque secus ostentant.,huius litora urbes utrimque secus ostentant,huius litora urbes utrimque secus ostentant
12161,body,104,2,False,,"Propontidis oram insignit Pactye, Melanes sinum Cardia; quae quod in cordis faciem sita sit, dicta Cardia est.",propontidis oram insignit pactye melanes sinum cardia quae quod in cordis faciem sita sit dicta cardia est,propontidis oram insignit pactye melanes sinum cardia quae quod in cordis faciem sita sit dicta cardia est
12161,body,104,3,False,,"Ille autem magnus Hellespontus stringitur in stadia septem, quibus ab Europa Asiaticam plagam uindicat.",ille autem magnus hellespontus stringitur in stadia septem quibus ab europa asiaticam plagam uindicat,ille autem magnus hellespontus stringitur in stadia septem quibus ab europa asiaticam plagam uindicat
12161,body,104,4,False,,"Hic quoque urbes duae: Abydos Asiae est, Sestos Europae.",hic quoque urbes duae abydos asiae est sestos europae,hic quoque urbes duae abydos asiae est sestos europae
12161,body,104,5,False,,"Deinde contraria inter se promunturia: Mastusia Chersonesi, ubi finitur Europae sinus tertius, Sigeum Asiae, in quo tumulus est Cynossema dictus Hecubae sepulcrum et turris Protesilai delubro data.",deinde contraria inter se promunturia mastusia chersonesi ubi finitur europae sinus tertius sigeum asiae in quo tumulus est cynossema dictus hecubae sepulcrum et turris protesilai delubro data,deinde contraria inter se promunturia mastusia chersonesi ubi finitur europae sinus tertius sigeum asiae in quo tumulus est cynossema dictus hecubae sepulcrum et turris protesilai delubro data
12161,body,104,6,True,,"Finibus Thraciae a septemtrione Hister obtenditur, ab oriente Pontus ac Propontis, a meridie Aegaeum mare.",finibus thraciae a septemtrione hister obtenditur ab oriente pontus ac propontis a meridie aegaeum mare,finibus thraciae a septemtrione hister obtenditur ab oriente pontus ac propontis a meridie aegaeum mare
12161,head,105,0,True,,XI,xi,xi
12161,body,106,0,False,,"Inter Tenedum et Chium, qua Aegaeus sinus panditur, ab dextera Antandrum nauigantibus saxum est (hoc enim uerius quam insula meruit cognominari); id quoniam uisentibus procul caprae simile creditur, quam Graeci aega nuncupant, Aegaeus sinus dictus.",inter tenedum et chium qua aegaeus sinus panditur ab dextera antandrum nauigantibus saxum est hoc enim uerius quam insula meruit cognominari id quoniam uisentibus procul caprae simile creditur quam graeci aega nuncupant aegaeus sinus dictus,inter tenedum et chium qua aegaeus sinus panditur ab dextera antandrum nauigantibus saxum est hoc enim uerius quam insula meruit cognominari id quoniam uisentibus procul caprae simile creditur quam graeci aega nuncupant aegaeus sinus dictus
12161,body,106,1,False,,"A Phalario Corcyrae promunturio ad nauis effigiem scopulus eminet, in quem transfiguratam Vlixis nauem crediderunt.",a phalario corcyrae promunturio ad nauis effigiem scopulus eminet in quem transfiguratam vlixis nauem crediderunt,a phalario corcyrae promunturio ad nauis effigiem scopulus eminet in quem transfiguratam ulixis nauem crediderunt
12161,body,106,2,True,,"Cytherae, quae a Malea abest quinque milibus passuum, Porphyris antea nomen fuit.",cytherae quae a malea abest quinque milibus passuum porphyris antea nomen fuit,cytherae quae a malea abest quinque milibus passuum porphyris antea nomen fuit
12161,body,107,0,False,,"Pronius est Cretam dicere quam absoluere, in quo mari iaceat.",pronius est cretam dicere quam absoluere in quo mari iaceat,pronius est cretam dicere quam absoluere in quo mari iaceat
12161,body,107,1,False,,"Ita enim circumflui illius nomina Graeci permiscuerunt, ut dum aliis alia inferunt, paene oblimauerint uniuersa.",ita enim circumflui illius nomina graeci permiscuerunt ut dum aliis alia inferunt paene oblimauerint uniuersa,ita enim circumflui illius nomina graeci permiscuerunt ut dum aliis alia inferunt paene oblimauerint uniuersa
12161,body,107,2,False,,"Quanta potest tamen in designando operam locabimus, ne quid haereat sub ancipiti.",quanta potest tamen in designando operam locabimus ne quid haereat sub ancipiti,quanta potest tamen in designando operam locabimus ne quid haereat sub ancipiti
12161,body,107,3,False,,"Inter ortum porrigitur et occasum tractu longissimo, hinc Graecia illinc Cyrenis obiacentibus.",inter ortum porrigitur et occasum tractu longissimo hinc graecia illinc cyrenis obiacentibus,inter ortum porrigitur et occasum tractu longissimo hinc graecia illinc cyrenis obiacentibus
12161,body,107,4,False,,"A septentrione Aegaeis et suis aestibus uerberatur, id est Creticis; ab austro Libycis undis perfunditur et Aegyptiis, non stipata C urbibus, sicut perhibent qui prodige lingua largiti sunt, sed magnis et ambitiosis oppidis, quorum principatus est penes Gortynam, Cydoneam, Cnoson, Therapnas, Cylisson.",a septentrione aegaeis et suis aestibus uerberatur id est creticis ab austro libycis undis perfunditur et aegyptiis non stipata c urbibus sicut perhibent qui prodige lingua largiti sunt sed magnis et ambitiosis oppidis quorum principatus est penes gortynam cydoneam cnoson therapnas cylisson,a septentrione aegaeis et suis aestibus uerberatur id est creticis ab austro libycis undis perfunditur et aegyptiis non stipata c urbibus sicut perhibent qui prodige lingua largiti sunt sed magnis et ambitiosis oppidis quorum principatus est penes gortynam cydoneam cnoson therapnas cylisson
12161,body,107,5,False,,"Dosiades eam a Crete nympha Hesperidis filia, Anaximander a Crete rege Curetum, Crates Aeriam prius dictam, mox Curetum, nonnulli etiam a temperie caeli Macaronneson appellatam prodiderunt.",dosiades eam a crete nympha hesperidis filia anaximander a crete rege curetum crates aeriam prius dictam mox curetum nonnulli etiam a temperie caeli macaronneson appellatam prodiderunt,dosiades eam a crete nympha hesperidis filia anaximander a crete rege curetum crates aeriam prius dictam mox curetum nonnulli etiam a temperie caeli macaronneson appellatam prodiderunt
12161,body,107,6,False,,"Prima potuit remis et sagittis, prima litteris iura fixit.",prima potuit remis et sagittis prima litteris iura fixit,prima potuit remis et sagittis prima litteris iura fixit
12161,body,107,7,False,,"Pyrrhicho repertore equestres turmas prima docuit lasciuas uertigines implicare, ex qua disciplina bellicae rei usus datus. Studium. musicum inde coeptum, cum Idaei dactyli modulos crepitu ac tinnitu aeris deprehensos in uersificum ordinem transtulissent.",pyrrhicho repertore equestres turmas prima docuit lasciuas uertigines implicare ex qua disciplina bellicae rei usus datus studium musicum inde coeptum cum idaei dactyli modulos crepitu ac tinnitu aeris deprehensos in uersificum ordinem transtulissent,pyrrhicho repertore equestres turmas prima docuit lasciuas uertigines implicare ex qua disciplina bellicae rei usus datus studium musicum inde coeptum cum idaei dactyli modulos crepitu ac tinnitu aeris deprehensos in uersificum ordinem transtulissent
12161,body,107,8,False,,"Albet iugis montium Dictynnaei et Cadisti, qui ita excandescunt, ut eminus nauigantes magis putent nubila.",albet iugis montium dictynnaei et cadisti qui ita excandescunt ut eminus nauigantes magis putent nubila,albet iugis montium dictynnaei et cadisti qui ita excandescunt ut eminus nauigantes magis putent nubila
12161,body,107,9,False,,Praeter ceteros Ida est qui ante solis ortum solem uidet.,praeter ceteros ida est qui ante solis ortum solem uidet,praeter ceteros ida est qui ante solis ortum solem uidet
12161,body,107,10,True,,Varro in opere quod de litoralibus est etiam suis temporibus adfirmat sepulcrum Iouis ibi uisitatum.,varro in opere quod de litoralibus est etiam suis temporibus adfirmat sepulcrum iouis ibi uisitatum,uarro in opere quod de litoralibus est etiam suis temporibus adfirmat sepulcrum iouis ibi uisitatum
12161,body,108,0,False,,"Cretes Dianam religiosissime uenerantur, Britomartem gentiliter nominantes, quod sermone nostro sonat uirginem dulcem.",cretes dianam religiosissime uenerantur britomartem gentiliter nominantes quod sermone nostro sonat uirginem dulcem,cretes dianam religiosissime uenerantur britomartem gentiliter nominantes quod sermone nostro sonat uirginem dulcem
12161,body,108,1,False,,Aedem numinis praeterquam nudus uestigia nullus licito ingreditur.,aedem numinis praeterquam nudus uestigia nullus licito ingreditur,aedem numinis praeterquam nudus uestigia nullus licito ingreditur
12161,body,108,2,True,,Ea aedes ostentat manus Daedali.,ea aedes ostentat manus daedali,ea aedes ostentat manus daedali
12161,body,109,0,False,,"Gortynam amnis Lenaeus praeterfluit, quo Europam tauri dorso Gortynii ferunt uectitatam.",gortynam amnis lenaeus praeterfluit quo europam tauri dorso gortynii ferunt uectitatam,gortynam amnis lenaeus praeterfluit quo europam tauri dorso gortynii ferunt uectitatam
12161,body,109,1,False,,Iidem Gortynii et Adymnum colunt Europae fratrem: ita enim memorant.,iidem gortynii et adymnum colunt europae fratrem ita enim memorant,iidem gortynii et adymnum colunt europae fratrem ita enim memorant
12161,body,109,2,False,,"Videtur hic et occurrit, sed die iam uesperato augustiore se facie uisendum offerens.",videtur hic et occurrit sed die iam uesperato augustiore se facie uisendum offerens,uidetur hic et occurrit sed die iam uesperato augustiore se facie uisendum offerens
12161,body,109,3,True,,"Cnosii Mineruam ciuem deam numerant, primumque apud se fruges satas audacter cum Atticis contendunt.",cnosii mineruam ciuem deam numerant primumque apud se fruges satas audacter cum atticis contendunt,cnosii mineruam ciuem deam numerant primumque apud se fruges satas audacter cum atticis contendunt
12161,body,110,0,False,,"Ager Creticus siluestrium caprarum copiosus est, ceruo eget.",ager creticus siluestrium caprarum copiosus est ceruo eget,ager creticus siluestrium caprarum copiosus est ceruo eget
12161,body,110,1,False,,Lupos uulpes aliaque quadrupedum noxia nusquam educat.,lupos uulpes aliaque quadrupedum noxia nusquam educat,lupos uulpes aliaque quadrupedum noxia nusquam educat
12161,body,110,2,False,,"Serpens nulla, larga uitis, mira soli indulgentia, arborarii prouentus abundantes; nam in huius tantum insulae parte repullulant caesae cupressi.",serpens nulla larga uitis mira soli indulgentia arborarii prouentus abundantes nam in huius tantum insulae parte repullulant caesae cupressi,serpens nulla larga uitis mira soli indulgentia arborarii prouentus abundantes nam in huius tantum insulae parte repullulant caesae cupressi
12161,body,110,3,False,,Herba alimos dicitur: ea admorsa diurnam famem prohibet; proinde et haec Cretica est.,herba alimos dicitur ea admorsa diurnam famem prohibet proinde et haec cretica est,herba alimos dicitur ea admorsa diurnam famem prohibet proinde et haec cretica est
12161,body,110,4,False,,"Phalangium araneae genus est; si nisum quaeras, nulla uis corporis, si potestatem, ictum hominem ueneno interficit.",phalangium araneae genus est si nisum quaeras nulla uis corporis si potestatem ictum hominem ueneno interficit,phalangium araneae genus est si nisum quaeras nulla uis corporis si potestatem ictum hominem ueneno interficit
12161,body,110,5,False,,"Lapis quoque Idaeus dactylus dicitur insulae isti familiaris, coloris ferrei, humano pollici similis.",lapis quoque idaeus dactylus dicitur insulae isti familiaris coloris ferrei humano pollici similis,lapis quoque idaeus dactylus dicitur insulae isti familiaris coloris ferrei humano pollici similis
12161,body,110,6,True,,"Auem noctuam Creta non habet et si inuehatur, emoritur.",auem noctuam creta non habet et si inuehatur emoritur,auem noctuam creta non habet et si inuehatur emoritur
12161,body,111,0,False,,Carystos aquas calentes habet (Ellopias uocant) et carystias aues quae flammas inpune inuolant: carbasa etiam quae inter ignes ualent.,carystos aquas calentes habet ellopias uocant et carystias aues quae flammas inpune inuolant carbasa etiam quae inter ignes ualent,carystos aquas calentes habet ellopias uocant et carystias aues quae flammas inpune inuolant carbasa etiam quae inter ignes ualent
12161,body,111,1,False,,"Chalcis eadem habita est apud priscos, ut Callidemus auctor est, aere ibi primum reperto.",chalcis eadem habita est apud priscos ut callidemus auctor est aere ibi primum reperto,chalcis eadem habita est apud priscos ut callidemus auctor est aere ibi primum reperto
12161,body,111,2,True,,"Titanas in ea antiquissime regnasse ostendunt ritus religionum: Briareo enim rem diuinam Carystii faciunt, sicut Aegaeoni Chalcidienses; nam omnis ferme Euboea Titanum fuit regnum.",titanas in ea antiquissime regnasse ostendunt ritus religionum briareo enim rem diuinam carystii faciunt sicut aegaeoni chalcidienses nam omnis ferme euboea titanum fuit regnum,titanas in ea antiquissime regnasse ostendunt ritus religionum briareo enim rem diuinam carystii faciunt sicut aegaeoni chalcidienses nam omnis ferme euboea titanum fuit regnum
12161,body,112,0,False,,"Cycladas autumant inde dictas, quod licet spatiis longioribus a Delo proiectae, in orbem tamen circa Delum sitae sunt, et orbem cyclon Graii loquuntur.",cycladas autumant inde dictas quod licet spatiis longioribus a delo proiectae in orbem tamen circa delum sitae sunt et orbem cyclon graii loquuntur,cycladas autumant inde dictas quod licet spatiis longioribus a delo proiectae in orbem tamen circa delum sitae sunt et orbem cyclon graii loquuntur
12161,body,112,1,True,,Chios Homeri tumulo ceteras antecedit.,chios homeri tumulo ceteras antecedit,chios homeri tumulo ceteras antecedit
12161,body,113,0,False,,"Meminisse hoc loco par est post primum diluuium Ogygi temporibus notatum, cum nouem et amplius mensibus diem continua nox inumbrasset, Delon ante omnes terras radiis solis inluminatam, sortitamque ex eo nomen, quod prima reddita foret uisibus.",meminisse hoc loco par est post primum diluuium ogygi temporibus notatum cum nouem et amplius mensibus diem continua nox inumbrasset delon ante omnes terras radiis solis inluminatam sortitamque ex eo nomen quod prima reddita foret uisibus,meminisse hoc loco par est post primum diluuium ogygi temporibus notatum cum nouem et amplius mensibus diem continua nox inumbrasset delon ante omnes terras radiis solis inluminatam sortitamque ex eo nomen quod prima reddita foret uisibus
12161,body,113,1,False,,Inter Ogygum sane et Deucalionem medium aeuum DC annis datur.,inter ogygum sane et deucalionem medium aeuum dc annis datur,inter ogygum sane et deucalionem medium aeuum dc annis datur
12161,body,113,2,True,,"Eadem est Ortygia quae clarissima in Cycladum numero multifarie traditur; nunc Asteria a cultu Apollinis, nunc a uenatibus Lagia uel Cynetho, Pyrpile etiam, quoniam et ignitabula ibi et ignis inuenta sunt.",eadem est ortygia quae clarissima in cycladum numero multifarie traditur nunc asteria a cultu apollinis nunc a uenatibus lagia uel cynetho pyrpile etiam quoniam et ignitabula ibi et ignis inuenta sunt,eadem est ortygia quae clarissima in cycladum numero multifarie traditur nunc asteria a cultu apollinis nunc a uenatibus lagia uel cynetho pyrpile etiam quoniam et ignitabula ibi et ignis inuenta sunt
12161,body,114,0,False,,"In hac primum uisae coturnices aues, quas ortygas Graeci uocant.",in hac primum uisae coturnices aues quas ortygas graeci uocant,in hac primum uisae coturnices aues quas ortygas graeci uocant
12161,body,114,1,False,,Has easdem in Latonae tutela aestimant constitutas.,has easdem in latonae tutela aestimant constitutas,has easdem in latonae tutela aestimant constitutas
12161,body,114,2,False,,Nec semper apparent: adueniendi habent tempora aestate depulsa.,nec semper apparent adueniendi habent tempora aestate depulsa,nec semper apparent adueniendi habent tempora aestate depulsa
12161,body,114,3,False,,"Cum maria tranant, impetus differunt et metu spatii longioris uires suas nutriunt tarditate.",cum maria tranant impetus differunt et metu spatii longioris uires suas nutriunt tarditate,cum maria tranant impetus differunt et metu spatii longioris uires suas nutriunt tarditate
12161,body,114,4,False,,"Vbi terram persentiscunt, coeunt cateruatim, deinde globatae uehementius properant.",vbi terram persentiscunt coeunt cateruatim deinde globatae uehementius properant,ubi terram persentiscunt coeunt cateruatim deinde globatae uehementius properant
12161,body,114,5,False,,Quae festinatio plerumque exitium portat nauigantibus: accidit enim noctibus ut uela incidant et praeponderatis sinibus alueos uergant.,quae festinatio plerumque exitium portat nauigantibus accidit enim noctibus ut uela incidant et praeponderatis sinibus alueos uergant,quae festinatio plerumque exitium portat nauigantibus accidit enim noctibus ut uela incidant et praeponderatis sinibus alueos uergant
12161,body,114,6,False,,"Austro numquam exeunt, nam metuunt uim flatus tumidioris.",austro numquam exeunt nam metuunt uim flatus tumidioris,austro numquam exeunt nam metuunt uim flatus tumidioris
12161,body,114,7,False,,"Plurimum se aquilonibus credunt, ut corpora pinguiuscula atque eo tarda facilius prouehat siccior et uehementior spiritus.",plurimum se aquilonibus credunt ut corpora pinguiuscula atque eo tarda facilius prouehat siccior et uehementior spiritus,plurimum se aquilonibus credunt ut corpora pinguiuscula atque eo tarda facilius prouehat siccior et uehementior spiritus
12161,body,114,8,False,,"Ortygometra dicitur quae gregem ductitat: eam terrae proximantem accipiter speculatus rapit ac propterea opera est uniuersis, ut sollicitent ducem generis externi, per quam frustrentur prima discrimina.",ortygometra dicitur quae gregem ductitat eam terrae proximantem accipiter speculatus rapit ac propterea opera est uniuersis ut sollicitent ducem generis externi per quam frustrentur prima discrimina,ortygometra dicitur quae gregem ductitat eam terrae proximantem accipiter speculatus rapit ac propterea opera est uniuersis ut sollicitent ducem generis externi per quam frustrentur prima discrimina
12161,body,114,9,False,,"Cibos gratissimos habent semina uenenorum, quam ob causam eas damnauere prudentium mensae.",cibos gratissimos habent semina uenenorum quam ob causam eas damnauere prudentium mensae,cibos gratissimos habent semina uenenorum quam ob causam eas damnauere prudentium mensae
12161,body,114,10,True,,Solum hoc animal praeter hominem morbum patitur comitialem.,solum hoc animal praeter hominem morbum patitur comitialem,solum hoc animal praeter hominem morbum patitur comitialem
12161,body,115,0,False,,"Euboea tam modico aestu diuidua est a Boeotiae continente, ut dubitandum sit an numerari inter insulas debeat; nam latae quam uocant terrae ponte iungitur et per fabricam breuissimae machinae aditur pede.",euboea tam modico aestu diuidua est a boeotiae continente ut dubitandum sit an numerari inter insulas debeat nam latae quam uocant terrae ponte iungitur et per fabricam breuissimae machinae aditur pede,euboea tam modico aestu diuidua est a boeotiae continente ut dubitandum sit an numerari inter insulas debeat nam latae quam uocant terrae ponte iungitur et per fabricam breuissimae machinae aditur pede
12161,body,115,1,False,,"Cenaeo promunturio uadit in septentrionem, duobus aliis in meridiem extenditur; quorum Geraestos spectat Atticam, Caphereus prominet in Hellespontum.",cenaeo promunturio uadit in septentrionem duobus aliis in meridiem extenditur quorum geraestos spectat atticam caphereus prominet in hellespontum,cenaeo promunturio uadit in septentrionem duobus aliis in meridiem extenditur quorum geraestos spectat atticam caphereus prominet in hellespontum
12161,body,115,2,True,,"Vbi post Ilii excidium Argiuam classem uel Mineruae ira uel, quod certior prodit memoria, sidus Arcturi grauibus adfecit casibus.",vbi post ilii excidium argiuam classem uel mineruae ira uel quod certior prodit memoria sidus arcturi grauibus adfecit casibus,ubi post ilii excidium argiuam classem uel mineruae ira uel quod certior prodit memoria sidus arcturi grauibus adfecit casibus
12161,body,116,0,False,,"Marmore Paros nobilis, Abdelo oppido frequentissima; prius tamen Minoia quam Paros dicta, nam subacta a Minoe, quoad in Creticis mansit legibus, Minoiam loquebantur.",marmore paros nobilis abdelo oppido frequentissima prius tamen minoia quam paros dicta nam subacta a minoe quoad in creticis mansit legibus minoiam loquebantur,marmore paros nobilis abdelo oppido frequentissima prius tamen minoia quam paros dicta nam subacta a minoe quoad in creticis mansit legibus minoiam loquebantur
12161,body,116,1,False,,"Praeter marmor dat et sardam lapidem, qui marmore quidem praestat, inter gemmas uero uilissimus ducitur.",praeter marmor dat et sardam lapidem qui marmore quidem praestat inter gemmas uero uilissimus ducitur,praeter marmor dat et sardam lapidem qui marmore quidem praestat inter gemmas uero uilissimus ducitur
12161,body,116,2,False,,"Naxon a Delo duodeuiginti milia passuum separant, in qua Strongyle oppidum; sed Naxos Dionysias quam Naxos prius dicta, uel quod hospita Libero patri uel quod fertilitate uitium uincat ceteras.",naxon a delo duodeuiginti milia passuum separant in qua strongyle oppidum sed naxos dionysias quam naxos prius dicta uel quod hospita libero patri uel quod fertilitate uitium uincat ceteras,naxon a delo duodeuiginti milia passuum separant in qua strongyle oppidum sed naxos dionysias quam naxos prius dicta uel quod hospita libero patri uel quod fertilitate uitium uincat ceteras
12161,body,116,3,False,,"Sunt praeterea Cyclades plurimae, sed in supra dictis praecipuum est quod memoriae debeatur.",sunt praeterea cyclades plurimae sed in supra dictis praecipuum est quod memoriae debeatur,sunt praeterea cyclades plurimae sed in supra dictis praecipuum est quod memoriae debeatur
12161,body,116,4,False,,De Sporadibus est Icaros quae Icario mari nomen dedit.,de sporadibus est icaros quae icario mari nomen dedit,de sporadibus est icaros quae icario mari nomen dedit
12161,body,116,5,False,,Haec inter Samum et Myconum procurrentibus saxis inhospita ac nullis sinibus portuosa ob inhumana litorum infamis est.,haec inter samum et myconum procurrentibus saxis inhospita ac nullis sinibus portuosa ob inhumana litorum infamis est,haec inter samum et myconum procurrentibus saxis inhospita ac nullis sinibus portuosa ob inhumana litorum infamis est
12161,body,116,6,False,,Vult ergo Varro Icarum Cretem ibi interisse naufragio et de exitu hominis inpositum nomen loco.,vult ergo varro icarum cretem ibi interisse naufragio et de exitu hominis inpositum nomen loco,uult ergo uarro icarum cretem ibi interisse naufragio et de exitu hominis inpositum nomen loco
12161,body,116,7,True,,"Nam in Samo nihil nobilius quam Pythagoras ciuis, qui mox offensus fastu tyrannico relicta domo patria Bruto consule, qui reges urbe exegit, Italiam aduectus est.",nam in samo nihil nobilius quam pythagoras ciuis qui mox offensus fastu tyrannico relicta domo patria bruto consule qui reges urbe exegit italiam aduectus est,nam in samo nihil nobilius quam pythagoras ciuis qui mox offensus fastu tyrannico relicta domo patria bruto consule qui reges urbe exegit italiam aduectus est
12161,body,117,0,False,,"Melos, quam Callimachus Memallida dixit, omnium insularum rotundissima, est iuxta Aeoliam.",melos quam callimachus memallida dixit omnium insularum rotundissima est iuxta aeoliam,melos quam callimachus memallida dixit omnium insularum rotundissima est iuxta aeoliam
12161,body,117,1,False,,"Nam Carpathus, a qua Carpathium sinum dicimus.",nam carpathus a qua carpathium sinum dicimus,nam carpathus a qua carpathium sinum dicimus
12161,body,117,2,False,,Numquam ita caelum nubilum est ut in sole Rhodos non sit.,numquam ita caelum nubilum est ut in sole rhodos non sit,numquam ita caelum nubilum est ut in sole rhodos non sit
12161,body,117,3,False,,"Lemnii Vulcanum colunt, ideo in Lemno metropolis Hephaestia.",lemnii vulcanum colunt ideo in lemno metropolis hephaestia,lemnii uulcanum colunt ideo in lemno metropolis hephaestia
12161,body,117,4,False,,"Praeterea oppidum Myrina, in cuius forum mons Athos in Macedonia umbram iacit.",praeterea oppidum myrina in cuius forum mons athos in macedonia umbram iacit,praeterea oppidum myrina in cuius forum mons athos in macedonia umbram iacit
12161,body,117,5,False,,"Quod non frustra inter miracula notauerunt, cum Athos a Lemno VI et LXXX milibus passuum separetur.",quod non frustra inter miracula notauerunt cum athos a lemno vi et lxxx milibus passuum separetur,quod non frustra inter miracula notauerunt cum athos a lemno ui et lxxx milibus passuum separetur
12161,body,117,6,False,,"Est sane Athos sublimis adeo, ut altior aestimetur quam unde imbres cadunt.",est sane athos sublimis adeo ut altior aestimetur quam unde imbres cadunt,est sane athos sublimis adeo ut altior aestimetur quam unde imbres cadunt
12161,body,117,7,False,,"Quae opinio in eo fidem concipit, quod in aris quas cacumine sustinet numquam cineres eluuntur nec quicquam ex aggeribus suis perdunt, sed quo relicti cumulo permanent.",quae opinio in eo fidem concipit quod in aris quas cacumine sustinet numquam cineres eluuntur nec quicquam ex aggeribus suis perdunt sed quo relicti cumulo permanent,quae opinio in eo fidem concipit quod in aris quas cacumine sustinet numquam cineres eluuntur nec quicquam ex aggeribus suis perdunt sed quo relicti cumulo permanent
12161,body,117,8,True,,"In summo eo oppidum Acroton fuit, in quo dimidio longior quam in aliis terris incolentium aetas prorogabatur; ideo inde homines macrobios Graeci, nostri appellauere longaeuos.",in summo eo oppidum acroton fuit in quo dimidio longior quam in aliis terris incolentium aetas prorogabatur ideo inde homines macrobios graeci nostri appellauere longaeuos,in summo eo oppidum acroton fuit in quo dimidio longior quam in aliis terris incolentium aetas prorogabatur ideo inde homines macrobios graeci nostri appellauere longaeuos
12161,head,118,0,True,,XII,xii,xii
12161,body,119,0,False,,"Quartus Europae sinus Hellesponto incipit, Maeotis ostio terminatur.",quartus europae sinus hellesponto incipit maeotis ostio terminatur,quartus europae sinus hellesponto incipit maeotis ostio terminatur
12161,body,119,1,False,,"Atque omnis haec latitudo, quae Europam Asiamque diuidit, in septem stadiorum angustias stringitur.",atque omnis haec latitudo quae europam asiamque diuidit in septem stadiorum angustias stringitur,atque omnis haec latitudo quae europam asiamque diuidit in septem stadiorum angustias stringitur
12161,body,119,2,False,,Hic est Hellespontus: hac Xerxes ponte nauibus facto permeauit.,hic est hellespontus hac xerxes ponte nauibus facto permeauit,hic est hellespontus hac xerxes ponte nauibus facto permeauit
12161,body,119,3,False,,"Tenuis deinde euripus porrigitur ad Asiae urbem Priapum, qua magnus Alexander potiundi orbis amore transcendit et potitus est.",tenuis deinde euripus porrigitur ad asiae urbem priapum qua magnus alexander potiundi orbis amore transcendit et potitus est,tenuis deinde euripus porrigitur ad asiae urbem priapum qua magnus alexander potiundi orbis amore transcendit et potitus est
12161,body,119,4,True,,"Inde diffusus aequore patentissimo rursus stringitur in Propontidem; mox in quingentos passus coartatur fitque Bosporos Thracius, qua Darius copias transportauit.",inde diffusus aequore patentissimo rursus stringitur in propontidem mox in quingentos passus coartatur fitque bosporos thracius qua darius copias transportauit,inde diffusus aequore patentissimo rursus stringitur in propontidem mox in quingentos passus coartatur fitque bosporos thracius qua darius copias transportauit
12161,body,120,0,False,,"Haec profunda delphinas plurimos habent, in quibus causae miraculi multiformes.",haec profunda delphinas plurimos habent in quibus causae miraculi multiformes,haec profunda delphinas plurimos habent in quibus causae miraculi multiformes
12161,body,120,1,False,,"Ante omnia nihil uelocius habent maria, sic ut plerumque salientes transuolent uela nauium.",ante omnia nihil uelocius habent maria sic ut plerumque salientes transuolent uela nauium,ante omnia nihil uelocius habent maria sic ut plerumque salientes transuolent uela nauium
12161,body,120,2,False,,"Quoquo eant, coniuges euagantur.",quoquo eant coniuges euagantur,quoquo eant coniuges euagantur
12161,body,120,3,False,,Catulos edunt; decimus mensis maturum facit partum; lucinam aestiuus dies soluit; uberibus fetus alunt; teneros in faucibus receptant; inualidos aliquantisper prosecuntur.,catulos edunt decimus mensis maturum facit partum lucinam aestiuus dies soluit uberibus fetus alunt teneros in faucibus receptant inualidos aliquantisper prosecuntur,catulos edunt decimus mensis maturum facit partum lucinam aestiuus dies soluit uberibus fetus alunt teneros in faucibus receptant inualidos aliquantisper prosecuntur
12161,body,120,4,False,,"In tricesimum annum uiuunt, quod exploratum est in experimentum caudis amputatis.",in tricesimum annum uiuunt quod exploratum est in experimentum caudis amputatis,in tricesimum annum uiuunt quod exploratum est in experimentum caudis amputatis
12161,body,120,5,False,,Ora non quo ceterae beluae loco habent sed ferme in uentribus.,ora non quo ceterae beluae loco habent sed ferme in uentribus,ora non quo ceterae beluae loco habent sed ferme in uentribus
12161,body,120,6,False,,Contra naturam aquatilium soli linguas mouent.,contra naturam aquatilium soli linguas mouent,contra naturam aquatilium soli linguas mouent
12161,body,120,7,False,,"Aculeatae sunt pinnae dorsuales; cum ira subiacet inhorrescunt; cum animi conquieuerint, quibusdam receptaculis operiuntur.",aculeatae sunt pinnae dorsuales cum ira subiacet inhorrescunt cum animi conquieuerint quibusdam receptaculis operiuntur,aculeatae sunt pinnae dorsuales cum ira subiacet inhorrescunt cum animi conquieuerint quibusdam receptaculis operiuntur
12161,body,120,8,False,,Spirare eos in aquis negant et uitales auras nonnisi in aere supero recuperare.,spirare eos in aquis negant et uitales auras nonnisi in aere supero recuperare,spirare eos in aquis negant et uitales auras nonnisi in aere supero recuperare
12161,body,120,9,False,,Pro uoce gemitus est similis humano.,pro uoce gemitus est similis humano,pro uoce gemitus est similis humano
12161,body,120,10,False,,Certum habent uocabulum quo accepto uocantes secuntur: nam proprie simones nominantur.,certum habent uocabulum quo accepto uocantes secuntur nam proprie simones nominantur,certum habent uocabulum quo accepto uocantes secuntur nam proprie simones nominantur
12161,body,120,11,False,,Voces hominum aquilonis flatu celerius hauriunt; contra austro spirante auditus obstruuntur.,voces hominum aquilonis flatu celerius hauriunt contra austro spirante auditus obstruuntur,uoces hominum aquilonis flatu celerius hauriunt contra austro spirante auditus obstruuntur
12161,body,120,12,False,,"Mulcentur musica, gaudent cantibus tibiarum, ubicumque symphonia est gregibus aduentant.",mulcentur musica gaudent cantibus tibiarum ubicumque symphonia est gregibus aduentant,mulcentur musica gaudent cantibus tibiarum ubicumque symphonia est gregibus aduentant
12161,body,120,13,False,,"Diuo Augusto principe in Campania delphinem puer fragmentis panis primo inlexit, et in tantum consuetudo ualuit, ut alendum se etiam manui ipsius crederet.",diuo augusto principe in campania delphinem puer fragmentis panis primo inlexit et in tantum consuetudo ualuit ut alendum se etiam manui ipsius crederet,diuo augusto principe in campania delphinem puer fragmentis panis primo inlexit et in tantum consuetudo ualuit ut alendum se etiam manui ipsius crederet
12161,body,120,14,False,,"Mox cum profluxisset puerilis audacia, intra spatia eum Lucrini lacus uectitauit; unde effectum, ut a Baiano litore equitantem puerum Puteolos usque ueheret.",mox cum profluxisset puerilis audacia intra spatia eum lucrini lacus uectitauit unde effectum ut a baiano litore equitantem puerum puteolos usque ueheret,mox cum profluxisset puerilis audacia intra spatia eum lucrini lacus uectitauit unde effectum ut a baiano litore equitantem puerum puteolos usque ueheret
12161,body,120,15,False,,"Hoc per annos plurimos tamdiu gestum, donec assiduo spectaculo desineret miraculum esse quod gerebatur.",hoc per annos plurimos tamdiu gestum donec assiduo spectaculo desineret miraculum esse quod gerebatur,hoc per annos plurimos tamdiu gestum donec assiduo spectaculo desineret miraculum esse quod gerebatur
12161,body,120,16,False,,"Sed ubi obiit puer, sub oculis publicis desiderio eius delphin interiit.",sed ubi obiit puer sub oculis publicis desiderio eius delphin interiit,sed ubi obiit puer sub oculis publicis desiderio eius delphin interiit
12161,body,120,17,False,,"Pigeret hoc adseuerare, ni Maecenatis et Fabiani multorumque praeterea esset litteris conprehensum.",pigeret hoc adseuerare ni maecenatis et fabiani multorumque praeterea esset litteris conprehensum,pigeret hoc adseuerare ni maecenatis et fabiani multorumque praeterea esset litteris conprehensum
12161,body,120,18,False,,"In Africo mox litore apud Hipponem Diarrhytum delphin ab Hipponensibus pastus est tractandumque se praebuit, impositos quoque frequenter gestitauit.",in africo mox litore apud hipponem diarrhytum delphin ab hipponensibus pastus est tractandumque se praebuit impositos quoque frequenter gestitauit,in africo mox litore apud hipponem diarrhytum delphin ab hipponensibus pastus est tractandumque se praebuit impositos quoque frequenter gestitauit
12161,body,120,19,False,,"Nec populi tantum manibus acta res est; nam etiam pro consule Africae Flauianus ipse eum contigit, unguentis etiam delibuit; qua odoris nouitate obsopitus aliquantisper pro exanimi iactatus est multisque mensibus desciuit a solita conuersatione.",nec populi tantum manibus acta res est nam etiam pro consule africae flauianus ipse eum contigit unguentis etiam delibuit qua odoris nouitate obsopitus aliquantisper pro exanimi iactatus est multisque mensibus desciuit a solita conuersatione,nec populi tantum manibus acta res est nam etiam pro consule africae flauianus ipse eum contigit unguentis etiam delibuit qua odoris nouitate obsopitus aliquantisper pro exanimi iactatus est multisque mensibus desciuit a solita conuersatione
12161,body,120,20,False,,"Apud Iasum urbem Babylonem puerum delphinus adamauit, quem dum post adsueta conludia recedentem inpatientius sequitur, harenis inuectus haesit.",apud iasum urbem babylonem puerum delphinus adamauit quem dum post adsueta conludia recedentem inpatientius sequitur harenis inuectus haesit,apud iasum urbem babylonem puerum delphinus adamauit quem dum post adsueta conludia recedentem inpatientius sequitur harenis inuectus haesit
12161,body,120,21,False,,Alexander magnus amorem illum numinis fuisse interpretatus praefecit puerum Neptuni sacerdotio.,alexander magnus amorem illum numinis fuisse interpretatus praefecit puerum neptuni sacerdotio,alexander magnus amorem illum numinis fuisse interpretatus praefecit puerum neptuni sacerdotio
12161,body,120,22,False,,"Iuxta eandem urbem, ut Hegesidemus auctor est, alium puerum Hermian nomine per maria similiter insidentem cum undosior fluctus necauisset, delphin ad terram reuexit et uelut fateretur reatum, paenitentiam suam morte multauit nec reuerti uoluit amplius in profunda.",iuxta eandem urbem ut hegesidemus auctor est alium puerum hermian nomine per maria similiter insidentem cum undosior fluctus necauisset delphin ad terram reuexit et uelut fateretur reatum paenitentiam suam morte multauit nec reuerti uoluit amplius in profunda,iuxta eandem urbem ut hegesidemus auctor est alium puerum hermian nomine per maria similiter insidentem cum undosior fluctus necauisset delphin ad terram reuexit et uelut fateretur reatum paenitentiam suam morte multauit nec reuerti uoluit amplius in profunda
12161,body,120,23,False,,"Suppetunt et alia exempla, ut Arionem transeamus, cuius exitum annalium conprobauit fides.",suppetunt et alia exempla ut arionem transeamus cuius exitum annalium conprobauit fides,suppetunt et alia exempla ut arionem transeamus cuius exitum annalium conprobauit fides
12161,body,120,24,False,,"Ad haec si quando lasciuiunt noui fetus, a maioribus datur adultior custos, quo magistro discant eludere impetus incursantium beluarum; quamquam ibi praeter phocas rara belua est.",ad haec si quando lasciuiunt noui fetus a maioribus datur adultior custos quo magistro discant eludere impetus incursantium beluarum quamquam ibi praeter phocas rara belua est,ad haec si quando lasciuiunt noui fetus a maioribus datur adultior custos quo magistro discant eludere impetus incursantium beluarum quamquam ibi praeter phocas rara belua est
12161,body,120,25,False,,"Plurimus thynnus in Ponto, nec alibi paene fetificant; nusquam enim citius adulescunt, scilicet ob aquas dulciores.",plurimus thynnus in ponto nec alibi paene fetificant nusquam enim citius adulescunt scilicet ob aquas dulciores,plurimus thynnus in ponto nec alibi paene fetificant nusquam enim citius adulescunt scilicet ob aquas dulciores
12161,body,120,26,True,,"Ingrediuntur ueris tempore, intrant dextero litore, laeuo exeunt; hoc inde accidere credunt quod dexteris oculis acutius cernant quam sinistris.",ingrediuntur ueris tempore intrant dextero litore laeuo exeunt hoc inde accidere credunt quod dexteris oculis acutius cernant quam sinistris,ingrediuntur ueris tempore intrant dextero litore laeuo exeunt hoc inde accidere credunt quod dexteris oculis acutius cernant quam sinistris
12161,head,121,0,True,,XIII,xiii,xiii
12161,body,122,0,False,,"Hister Germanicis iugis oritur, effusus monte qui Rauracos Galliae aspectat.",hister germanicis iugis oritur effusus monte qui rauracos galliae aspectat,hister germanicis iugis oritur effusus monte qui rauracos galliae aspectat
12161,body,122,1,False,,Sexaginta amnes in se recipit ferme omnes nauigabilis.,sexaginta amnes in se recipit ferme omnes nauigabilis,sexaginta amnes in se recipit ferme omnes nauigabilis
12161,body,122,2,False,,"Septem ostiis Pontum influit, quorum primum Peuce, secundum Naracustoma, tertium Calonstoma, quartum Pseudostoma; nam Borionstoma ac deinde Spilonstoma languidiora sunt ceteris, septimum uero pigrum ac palustri specie non habet quod amni comparetur.",septem ostiis pontum influit quorum primum peuce secundum naracustoma tertium calonstoma quartum pseudostoma nam borionstoma ac deinde spilonstoma languidiora sunt ceteris septimum uero pigrum ac palustri specie non habet quod amni comparetur,septem ostiis pontum influit quorum primum peuce secundum naracustoma tertium calonstoma quartum pseudostoma nam borionstoma ac deinde spilonstoma languidiora sunt ceteris septimum uero pigrum ac palustri specie non habet quod amni comparetur
12161,body,122,3,True,,"Priora quattuor ita magna sunt, ut per longitudinem quadraginta milium passuum non misceantur aequori dulcemque haustum incorrupto detineant sapore.",priora quattuor ita magna sunt ut per longitudinem quadraginta milium passuum non misceantur aequori dulcemque haustum incorrupto detineant sapore,priora quattuor ita magna sunt ut per longitudinem quadraginta milium passuum non misceantur aequori dulcemque haustum incorrupto detineant sapore
12161,body,123,0,False,,"Per uniuersum Pontum fiber plurimus, quem alio uocabulo dicunt castorem.",per uniuersum pontum fiber plurimus quem alio uocabulo dicunt castorem,per uniuersum pontum fiber plurimus quem alio uocabulo dicunt castorem
12161,body,123,1,False,,"Lytris similis est, animal morsu potentissimum, adeo ut cum hominem inuaserit, conuentum dentium non prius laxet quam concrepuisse persenserit fracta ossa.",lytris similis est animal morsu potentissimum adeo ut cum hominem inuaserit conuentum dentium non prius laxet quam concrepuisse persenserit fracta ossa,lytris similis est animal morsu potentissimum adeo ut cum hominem inuaserit conuentum dentium non prius laxet quam concrepuisse persenserit fracta ossa
12161,body,123,2,True,,"Testiculi eius adpetuntur in usum medellarum; idcirco cum urgeri se intellegit, ne captus prosit, ipse geminos suos deuorat.",testiculi eius adpetuntur in usum medellarum idcirco cum urgeri se intellegit ne captus prosit ipse geminos suos deuorat,testiculi eius adpetuntur in usum medellarum idcirco cum urgeri se intellegit ne captus prosit ipse geminos suos deuorat
12161,body,124,0,True,,"Mittit Pontus et gemmas quas a patria Ponticas dicimus genere diuerso: aliae aureas, aliae sanguineas habent stellas, et hae quidem inter sacras habentur; nam quae ostentationi potius quam usui deliguntur, non guttis aspersae sunt, sed longis colorum ductibus liniuntur.",mittit pontus et gemmas quas a patria ponticas dicimus genere diuerso aliae aureas aliae sanguineas habent stellas et hae quidem inter sacras habentur nam quae ostentationi potius quam usui deliguntur non guttis aspersae sunt sed longis colorum ductibus liniuntur,mittit pontus et gemmas quas a patria ponticas dicimus genere diuerso aliae aureas aliae sanguineas habent stellas et hae quidem inter sacras habentur nam quae ostentationi potius quam usui deliguntur non guttis aspersae sunt sed longis colorum ductibus liniuntur
12161,head,125,0,True,,XIV,xiv,xiu
12161,body,126,0,False,,"Hypanis oritur inter Auchetas Scythicorum amnium princeps, purus et haustu saluberrimus, usque dum Callipidum terminis inferatur, ubi fons Exampaeus infamis est amara scaturrigine; qui Exampaeus liquido admixtus fluori amnem uitio suo uertit, adeo, ut dissimilis sibi in maria condatur.",hypanis oritur inter auchetas scythicorum amnium princeps purus et haustu saluberrimus usque dum callipidum terminis inferatur ubi fons exampaeus infamis est amara scaturrigine qui exampaeus liquido admixtus fluori amnem uitio suo uertit adeo ut dissimilis sibi in maria condatur,hypanis oritur inter auchetas scythicorum amnium princeps purus et haustu saluberrimus usque dum callipidum terminis inferatur ubi fons exampaeus infamis est amara scaturrigine qui exampaeus liquido admixtus fluori amnem uitio suo uertit adeo ut dissimilis sibi in maria condatur
12161,body,126,1,True,,"Ita inter gentium opiniones fama de Hypane discordat: qui in principiis eum norunt, praedicant, qui in fine experti sunt, non iniuria execrantur.",ita inter gentium opiniones fama de hypane discordat qui in principiis eum norunt praedicant qui in fine experti sunt non iniuria execrantur,ita inter gentium opiniones fama de hypane discordat qui in principiis eum norunt praedicant qui in fine experti sunt non iniuria execrantur
12161,head,127,0,True,,XV,xv,xu
12161,body,128,0,False,,"Apud Neuros nascitur Borysthenes flumen, in quo pisces egregii saporis et quibus ossa nulla sunt nec aliud quam cartilagines tenerrimae.",apud neuros nascitur borysthenes flumen in quo pisces egregii saporis et quibus ossa nulla sunt nec aliud quam cartilagines tenerrimae,apud neuros nascitur borysthenes flumen in quo pisces egregii saporis et quibus ossa nulla sunt nec aliud quam cartilagines tenerrimae
12161,body,128,1,False,,"Verum Neuri, ut accepimus, *statis temporibus in lupos transfigurantur; deinde exacto spatio, quod huic sorti adtributum est, in pristinam faciem reuertuntur.",verum neuri ut accepimus statis temporibus in lupos transfigurantur deinde exacto spatio quod huic sorti adtributum est in pristinam faciem reuertuntur,uerum neuri ut accepimus statis temporibus in lupos transfigurantur deinde exacto spatio quod huic sorti adtributum est in pristinam faciem reuertuntur
12161,body,128,2,False,,Populis istis deus Mars est; pro simulacris enses coluntur; homines uictimas habent.,populis istis deus mars est pro simulacris enses coluntur homines uictimas habent,populis istis deus mars est pro simulacris enses coluntur homines uictimas habent
12161,body,128,3,False,,Ossibus adolent ignes focorum.,ossibus adolent ignes focorum,ossibus adolent ignes focorum
12161,body,128,4,False,,Geloni ad hos proximant.,geloni ad hos proximant,geloni ad hos proximant
12161,body,128,5,False,,De hostium cutibus et sibi indumenta faciunt et equis suis tegmina.,de hostium cutibus et sibi indumenta faciunt et equis suis tegmina,de hostium cutibus et sibi indumenta faciunt et equis suis tegmina
12161,body,128,6,True,,"Gelonis Agathyrsi conlimitantur, caerulo picti, fucatis in caerulum crinibus, nec hoc sine differentia: nam quanto quis anteit, tanto propensiore nota tinguitur, ut sit indicium humilitatis minus pingi.",gelonis agathyrsi conlimitantur caerulo picti fucatis in caerulum crinibus nec hoc sine differentia nam quanto quis anteit tanto propensiore nota tinguitur ut sit indicium humilitatis minus pingi,gelonis agathyrsi conlimitantur caerulo picti fucatis in caerulum crinibus nec hoc sine differentia nam quanto quis anteit tanto propensiore nota tinguitur ut sit indicium humilitatis minus pingi
12161,body,129,0,False,,"Post Anthropophagi, quibus execrandi cibi sunt humana uiscera; quem morem impiae gentis adiacentium terrarum prodit tristissima solitudo, quas ob nefarium ritum finitimae nationes profugae reliquerunt.",post anthropophagi quibus execrandi cibi sunt humana uiscera quem morem impiae gentis adiacentium terrarum prodit tristissima solitudo quas ob nefarium ritum finitimae nationes profugae reliquerunt,post anthropophagi quibus execrandi cibi sunt humana uiscera quem morem impiae gentis adiacentium terrarum prodit tristissima solitudo quas ob nefarium ritum finitimae nationes profugae reliquerunt
12161,body,129,1,False,,"Ea causa est, ut usque ad mare quod Tabin uocant per longitudinem eius orae, quae aestiuo orienti obiacet, sine homine terra sit et inmensa deserta, quoad perueniatur ad Seras.",ea causa est ut usque ad mare quod tabin uocant per longitudinem eius orae quae aestiuo orienti obiacet sine homine terra sit et inmensa deserta quoad perueniatur ad seras,ea causa est ut usque ad mare quod tabin uocant per longitudinem eius orae quae aestiuo orienti obiacet sine homine terra sit et inmensa deserta quoad perueniatur ad seras
12161,body,129,2,False,,Chalybes et Dahae in parte Asiaticae Scythiae crudelitate ab inmanissimis nihil discrepant.,chalybes et dahae in parte asiaticae scythiae crudelitate ab inmanissimis nihil discrepant,chalybes et dahae in parte asiaticae scythiae crudelitate ab inmanissimis nihil discrepant
12161,body,129,3,False,,"At Albani in ora agentes, qui posteros se Iasonis credi uolunt, albo crine nascuntur, canitiem habent auspicium capillorum: ergo capitis color genti nomen dedit.",at albani in ora agentes qui posteros se iasonis credi uolunt albo crine nascuntur canitiem habent auspicium capillorum ergo capitis color genti nomen dedit,at albani in ora agentes qui posteros se iasonis credi uolunt albo crine nascuntur canitiem habent auspicium capillorum ergo capitis color genti nomen dedit
12161,body,129,4,True,,Glauca oculis inest pupula: ideo nocte plus quam die cernunt.,glauca oculis inest pupula ideo nocte plus quam die cernunt,glauca oculis inest pupula ideo nocte plus quam die cernunt
12161,body,130,0,False,,"Apud hos populos nati canes feris anteponuntur, frangunt tauros, leones premunt, detinent quicquid obiectum est; ex quibus causis meruerunt etiam annalibus tradi.",apud hos populos nati canes feris anteponuntur frangunt tauros leones premunt detinent quicquid obiectum est ex quibus causis meruerunt etiam annalibus tradi,apud hos populos nati canes feris anteponuntur frangunt tauros leones premunt detinent quicquid obiectum est ex quibus causis meruerunt etiam annalibus tradi
12161,body,130,1,False,,"Legimus petenti Indiam Alexandro a rege Albaniae duos missos, quorum alter sues sibi et ursos oblatos usque eo spreuit, ut offensus degeneri praeda ignauo similis diu accubaret; quem per ignorantiam uelut inertem Alexander extingui imperauit.",legimus petenti indiam alexandro a rege albaniae duos missos quorum alter sues sibi et ursos oblatos usque eo spreuit ut offensus degeneri praeda ignauo similis diu accubaret quem per ignorantiam uelut inertem alexander extingui imperauit,legimus petenti indiam alexandro a rege albaniae duos missos quorum alter sues sibi et ursos oblatos usque eo spreuit ut offensus degeneri praeda ignauo similis diu accubaret quem per ignorantiam uelut inertem alexander extingui imperauit
12161,body,130,2,False,,"Alter uero monitu eorum qui donum prosecuti fuerant leonem missum necauit; mox uiso elephanto notabiliter exultans beluam primum astu fatigauit, deinde cum summo spectantium horrore terrae adflixit.",alter uero monitu eorum qui donum prosecuti fuerant leonem missum necauit mox uiso elephanto notabiliter exultans beluam primum astu fatigauit deinde cum summo spectantium horrore terrae adflixit,alter uero monitu eorum qui donum prosecuti fuerant leonem missum necauit mox uiso elephanto notabiliter exultans beluam primum astu fatigauit deinde cum summo spectantium horrore terrae adflixit
12161,body,130,3,False,,"Hoc genus canes crescunt ad formam amplissimam, terrificis latratibus ultra rugitus insonantes.",hoc genus canes crescunt ad formam amplissimam terrificis latratibus ultra rugitus insonantes,hoc genus canes crescunt ad formam amplissimam terrificis latratibus ultra rugitus insonantes
12161,body,130,4,False,,Haec sunt de canibus Albanis: reliqua communia uniuersis.,haec sunt de canibus albanis reliqua communia uniuersis,haec sunt de canibus albanis reliqua communia uniuersis
12161,body,130,5,False,,"Dominos aequaliter omnes canes diligunt, sicut exemplis patet.",dominos aequaliter omnes canes diligunt sicut exemplis patet,dominos aequaliter omnes canes diligunt sicut exemplis patet
12161,body,130,6,False,,In Epiro denique domini percussorem in coetu agnitum latratu canis prodidit.,in epiro denique domini percussorem in coetu agnitum latratu canis prodidit,in epiro denique domini percussorem in coetu agnitum latratu canis prodidit
12161,body,130,7,False,,Iaso Lycio interfecto canis ipsius aspernatus cibum inedia obiit.,iaso lycio interfecto canis ipsius aspernatus cibum inedia obiit,iaso lycio interfecto canis ipsius aspernatus cibum inedia obiit
12161,body,130,8,False,,Lysimachi regis canis flammae se iniecit accenso rogo domini et pariter igni absumptus est.,lysimachi regis canis flammae se iniecit accenso rogo domini et pariter igni absumptus est,lysimachi regis canis flammae se iniecit accenso rogo domini et pariter igni absumptus est
12161,body,130,9,False,,Garamantum regem CC canes ab exilio reduxerunt proeliati aduersus resistentes.,garamantum regem cc canes ab exilio reduxerunt proeliati aduersus resistentes,garamantum regem cc canes ab exilio reduxerunt proeliati aduersus resistentes
12161,body,130,10,False,,Colophonii et Castabalenses canibus in bella ductis primas acies instruebant.,colophonii et castabalenses canibus in bella ductis primas acies instruebant,colophonii et castabalenses canibus in bella ductis primas acies instruebant
12161,body,130,11,False,,"Ap. Iunio P. Sicinio cos. damnatum dominum canis, cum abigi non posset, comitatus in carcerem, mox percussum ululatu prosecutus est; cumque ex miseratione populi Romani potestas ei cibi fieret, ad os defuncti escam tulit; ultimo deiectum in Tiberim cadauer adnatans sustentare conatus.",ap iunio p sicinio cos damnatum dominum canis cum abigi non posset comitatus in carcerem mox percussum ululatu prosecutus est cumque ex miseratione populi romani potestas ei cibi fieret ad os defuncti escam tulit ultimo deiectum in tiberim cadauer adnatans sustentare conatus,ap iunio p sicinio cos damnatum dominum canis cum abigi non posset comitatus in carcerem mox percussum ululatu prosecutus est cumque ex miseratione populi romani potestas ei cibi fieret ad os defuncti escam tulit ultimo deiectum in tiberim cadauer adnatans sustentare conatus
12161,body,130,12,False,,"Canes soli nomina sua recognoscunt, itinerum meminerunt.",canes soli nomina sua recognoscunt itinerum meminerunt,canes soli nomina sua recognoscunt itinerum meminerunt
12161,body,130,13,False,,"Indi coitus tempore in saltibus religant canes feminas, ut cum his tigrides coeant, quarum ex primis conceptibus ob nimiam feritatem inutiles partus iudicant, itidem secundos, tertios educant.",indi coitus tempore in saltibus religant canes feminas ut cum his tigrides coeant quarum ex primis conceptibus ob nimiam feritatem inutiles partus iudicant itidem secundos tertios educant,indi coitus tempore in saltibus religant canes feminas ut cum his tigrides coeant quarum ex primis conceptibus ob nimiam feritatem inutiles partus iudicant itidem secundos tertios educant
12161,body,130,14,True,,"Aegyptii canes e Nilo numquam nisi currentes lambitant, dum a crocodilis insidias cauent.",aegyptii canes e nilo numquam nisi currentes lambitant dum a crocodilis insidias cauent,aegyptii canes e nilo numquam nisi currentes lambitant dum a crocodilis insidias cauent
12161,body,131,0,False,,Inter Anthropophagos in Asiatica parte numerantur Essedones qui et ipsi nefandis funestantur inter se cibis.,inter anthropophagos in asiatica parte numerantur essedones qui et ipsi nefandis funestantur inter se cibis,inter anthropophagos in asiatica parte numerantur essedones qui et ipsi nefandis funestantur inter se cibis
12161,body,131,1,True,,Essedonum mos est parentum funera prosequi cantibus et proximorum corrogatis coetibus corpora ipsa dentibus lancinare ac pecudum mixta carnibus dapes facere; capitum etiam ossa auro incincta in poculorum tradere ministerium.,essedonum mos est parentum funera prosequi cantibus et proximorum corrogatis coetibus corpora ipsa dentibus lancinare ac pecudum mixta carnibus dapes facere capitum etiam ossa auro incincta in poculorum tradere ministerium,essedonum mos est parentum funera prosequi cantibus et proximorum corrogatis coetibus corpora ipsa dentibus lancinare ac pecudum mixta carnibus dapes facere capitum etiam ossa auro incincta in poculorum tradere ministerium
12161,body,132,0,False,,Scythotauri pro hostiis caedunt aduenas.,scythotauri pro hostiis caedunt aduenas,scythotauri pro hostiis caedunt aduenas
12161,body,132,1,False,,Nomades pabula secuntur.,nomades pabula secuntur,nomades pabula secuntur
12161,body,132,2,False,,Georgi in Europa siti agros exercent.,georgi in europa siti agros exercent,georgi in europa siti agros exercent
12161,body,132,3,False,,Asiatae perinde in Europa siti neque mirantur aliena neque sua diligunt.,asiatae perinde in europa siti neque mirantur aliena neque sua diligunt,asiatae perinde in europa siti neque mirantur aliena neque sua diligunt
12161,body,132,4,False,,Satarchae usu auri argentique damnato in aeternum se a publica auaritia uindicarunt.,satarchae usu auri argentique damnato in aeternum se a publica auaritia uindicarunt,satarchae usu auri argentique damnato in aeternum se a publica auaritia uindicarunt
12161,body,132,5,False,,"Scytharum interius habitantium asperior ritus est: specus incolunt; pocula non ut Essedones, sed de inimicorum capitibus moliuntur; amant proelia; interemptorum cruorem e uulneribus ipsis bibunt; numero caedium honor crescit, quarum expertem esse apud eos probrum est; haustu mutui sanguinis foedus sanciunt non suo tantum more, sed Medorum quoque usurpata disciplina.",scytharum interius habitantium asperior ritus est specus incolunt pocula non ut essedones sed de inimicorum capitibus moliuntur amant proelia interemptorum cruorem e uulneribus ipsis bibunt numero caedium honor crescit quarum expertem esse apud eos probrum est haustu mutui sanguinis foedus sanciunt non suo tantum more sed medorum quoque usurpata disciplina,scytharum interius habitantium asperior ritus est specus incolunt pocula non ut essedones sed de inimicorum capitibus moliuntur amant proelia interemptorum cruorem e uulneribus ipsis bibunt numero caedium honor crescit quarum expertem esse apud eos probrum est haustu mutui sanguinis foedus sanciunt non suo tantum more sed medorum quoque usurpata disciplina
12161,body,132,6,False,,"Bello denique, quod gestum est olympiade nona et quadragesima, anno post Ilium captum sescentesimo quarto, inter Alyatten Lydum et Astyagen Mediae regem, hoc pacto firmata sunt iura pacis.",bello denique quod gestum est olympiade nona et quadragesima anno post ilium captum sescentesimo quarto inter alyatten lydum et astyagen mediae regem hoc pacto firmata sunt iura pacis,bello denique quod gestum est olympiade nona et quadragesima anno post ilium captum sescentesimo quarto inter alyatten lydum et astyagen mediae regem hoc pacto firmata sunt iura pacis
12161,body,132,7,True,,"Colchorum urbem Dioscuriadem Amphitus et Cercius aurigae Castoris et Pollucis condiderunt, a quibus Heniochorum gens exorta est.",colchorum urbem dioscuriadem amphitus et cercius aurigae castoris et pollucis condiderunt a quibus heniochorum gens exorta est,colchorum urbem dioscuriadem amphitus et cercius aurigae castoris et pollucis condiderunt a quibus heniochorum gens exorta est
12161,body,133,0,False,,"Vltra Sauromatas in Asia sitos, qui Mithridati latebram et quibus originem Medi dederunt, confines sunt Thali his nationibus quas ab oriente contingunt Caspii maris fauces; quae fauces mirum in modum maciantur imbribus, crescunt aestibus.",vltra sauromatas in asia sitos qui mithridati latebram et quibus originem medi dederunt confines sunt thali his nationibus quas ab oriente contingunt caspii maris fauces quae fauces mirum in modum maciantur imbribus crescunt aestibus,ultra sauromatas in asia sitos qui mithridati latebram et quibus originem medi dederunt confines sunt thali his nationibus quas ab oriente contingunt caspii maris fauces quae fauces mirum in modum maciantur imbribus crescunt aestibus
12161,body,133,1,False,,"Heniochorum montes Araxen, Moschorum Phasidem fundunt.",heniochorum montes araxen moschorum phasidem fundunt,heniochorum montes araxen moschorum phasidem fundunt
12161,body,133,2,False,,Sed Araxes breuibus interuallis ab Euphratis ortu caput tollit ac deinde in Caspium fertur mare.,sed araxes breuibus interuallis ab euphratis ortu caput tollit ac deinde in caspium fertur mare,sed araxes breuibus interuallis ab euphratis ortu caput tollit ac deinde in caspium fertur mare
12161,body,133,3,False,,Arimaspi circa Gesclithron positi uniocula gens est.,arimaspi circa gesclithron positi uniocula gens est,arimaspi circa gesclithron positi uniocula gens est
12161,body,133,4,False,,"Vltra hos et Riphaeum iugum regio est assiduis obsessa niuibus; Pterophoron dicunt, quippe casus continuantium pruinarum quiddam ibi exprimit simile pinnarum.",vltra hos et riphaeum iugum regio est assiduis obsessa niuibus pterophoron dicunt quippe casus continuantium pruinarum quiddam ibi exprimit simile pinnarum,ultra hos et riphaeum iugum regio est assiduis obsessa niuibus pterophoron dicunt quippe casus continuantium pruinarum quiddam ibi exprimit simile pinnarum
12161,body,133,5,False,,Damnata pars mundi et a rerum natura in nubem aeternae caliginis mersa ipsisque prorsus aquilonis conceptaculis rigentissima.,damnata pars mundi et a rerum natura in nubem aeternae caliginis mersa ipsisque prorsus aquilonis conceptaculis rigentissima,damnata pars mundi et a rerum natura in nubem aeternae caliginis mersa ipsisque prorsus aquilonis conceptaculis rigentissima
12161,body,133,6,True,,Sola terrarum non nouit uices temporum nec de caelo aliud accipit quam hiemem sempiternam.,sola terrarum non nouit uices temporum nec de caelo aliud accipit quam hiemem sempiternam,sola terrarum non nouit uices temporum nec de caelo aliud accipit quam hiemem sempiternam
12161,body,134,0,False,,"In Asiatica Scythia terrae sunt locupletes, inhabitabiles tamen; nam cum auro et gemmis affluant, grypes tenent uniuersa, alites ferocissimi et ultra omnem rabiem saeuientes.",in asiatica scythia terrae sunt locupletes inhabitabiles tamen nam cum auro et gemmis affluant grypes tenent uniuersa alites ferocissimi et ultra omnem rabiem saeuientes,in asiatica scythia terrae sunt locupletes inhabitabiles tamen nam cum auro et gemmis affluant grypes tenent uniuersa alites ferocissimi et ultra omnem rabiem saeuientes
12161,body,134,1,False,,"Quorum inmanitate obsistente ad uenas accessus rarus est, quippe uisos discerpunt, uelut geniti ad plectendam auaritiae temeritatem.",quorum inmanitate obsistente ad uenas accessus rarus est quippe uisos discerpunt uelut geniti ad plectendam auaritiae temeritatem,quorum inmanitate obsistente ad uenas accessus rarus est quippe uisos discerpunt uelut geniti ad plectendam auaritiae temeritatem
12161,body,134,2,False,,"Arimaspi cum his dimicant ut intercipiant lapides, quorum non aspernabimur persequi qualitatem.",arimaspi cum his dimicant ut intercipiant lapides quorum non aspernabimur persequi qualitatem,arimaspi cum his dimicant ut intercipiant lapides quorum non aspernabimur persequi qualitatem
12161,body,134,3,False,,"Smaragdis hic locus patria est, quibus tertiam inter lapides dignitatem Theophrastus dedit; nam licet sint et Aegyptii et Calchedonii et Medici et Laconici, praecipuus est honos Scythicis.",smaragdis hic locus patria est quibus tertiam inter lapides dignitatem theophrastus dedit nam licet sint et aegyptii et calchedonii et medici et laconici praecipuus est honos scythicis,smaragdis hic locus patria est quibus tertiam inter lapides dignitatem theophrastus dedit nam licet sint et aegyptii et calchedonii et medici et laconici praecipuus est honos scythicis
12161,body,134,4,False,,"Nihil his iucundius, nihil utilius uident oculi.",nihil his iucundius nihil utilius uident oculi,nihil his iucundius nihil utilius uident oculi
12161,body,134,5,False,,"In primis uirent ultra aquaticum gramen, ultra amnicas herbas; deinde obtutus fatigatos coloris reficiunt lenitate, nam uisus quos alterius gemmae fulgor retuderit smaragdi recreant.",in primis uirent ultra aquaticum gramen ultra amnicas herbas deinde obtutus fatigatos coloris reficiunt lenitate nam uisus quos alterius gemmae fulgor retuderit smaragdi recreant,in primis uirent ultra aquaticum gramen ultra amnicas herbas deinde obtutus fatigatos coloris reficiunt lenitate nam uisus quos alterius gemmae fulgor retuderit smaragdi recreant
12161,body,134,6,False,,"Nec aliam ob causam placuit, ut non sculperentur, ne offensum decus imaginum lacunis corrumperetur: quamquam qui uerus est difficulter uulneretur.",nec aliam ob causam placuit ut non sculperentur ne offensum decus imaginum lacunis corrumperetur quamquam qui uerus est difficulter uulneretur,nec aliam ob causam placuit ut non sculperentur ne offensum decus imaginum lacunis corrumperetur quamquam qui uerus est difficulter uulneretur
12161,body,134,7,False,,"Probantur hoc pacto, si aspectus transmittant; si cum globosi sunt proxima sibi inficiant aere repercusso, aut cum concaui sunt inspectantium facies aemulentur; si neque umbra neque lucernis neque sole mutentur.",probantur hoc pacto si aspectus transmittant si cum globosi sunt proxima sibi inficiant aere repercusso aut cum concaui sunt inspectantium facies aemulentur si neque umbra neque lucernis neque sole mutentur,probantur hoc pacto si aspectus transmittant si cum globosi sunt proxima sibi inficiant aere repercusso aut cum concaui sunt inspectantium facies aemulentur si neque umbra neque lucernis neque sole mutentur
12161,body,134,8,False,,Optimos tamen sortiuntur situs quibus planities resupina est et extenta.,optimos tamen sortiuntur situs quibus planities resupina est et extenta,optimos tamen sortiuntur situs quibus planities resupina est et extenta
12161,body,134,9,False,,Inueniuntur etesiis flantibus; tunc enim detecto solo facillime internitent; nam etesiae plurimum harenas mouent.,inueniuntur etesiis flantibus tunc enim detecto solo facillime internitent nam etesiae plurimum harenas mouent,inueniuntur etesiis flantibus tunc enim detecto solo facillime internitent nam etesiae plurimum harenas mouent
12161,body,134,10,False,,"Alii minus nobiles in commissuris saxorum uel in metallis aerariis apparent, quos chalcosmaragdos nuncupant.",alii minus nobiles in commissuris saxorum uel in metallis aerariis apparent quos chalcosmaragdos nuncupant,alii minus nobiles in commissuris saxorum uel in metallis aerariis apparent quos chalcosmaragdos nuncupant
12161,body,134,11,False,,"Vitiosi eorum intrinsecus quasdam sordes habent, uel plumbo uel capillamentis uel etiam sali similes.",vitiosi eorum intrinsecus quasdam sordes habent uel plumbo uel capillamentis uel etiam sali similes,uitiosi eorum intrinsecus quasdam sordes habent uel plumbo uel capillamentis uel etiam sali similes
12161,body,134,12,False,,Laudantur austeri.,laudantur austeri,laudantur austeri
12161,body,134,13,False,,"Sed mero uiridi proficiunt oleo, quamuis natura inbuantur.",sed mero uiridi proficiunt oleo quamuis natura inbuantur,sed mero uiridi proficiunt oleo quamuis natura inbuantur
12161,body,134,14,False,,"Et cyaneus e Scythia est, optimus si caerulo coruscabit.",et cyaneus e scythia est optimus si caerulo coruscabit,et cyaneus e scythia est optimus si caerulo coruscabit
12161,body,134,15,True,,"Cuius gnari in marem et feminam genus diuidunt: feminis nitor purus est, mares punctillis ad gratiam interlucentibus auratilis puluiculus uariat.",cuius gnari in marem et feminam genus diuidunt feminis nitor purus est mares punctillis ad gratiam interlucentibus auratilis puluiculus uariat,cuius gnari in marem et feminam genus diuidunt feminis nitor purus est mares punctillis ad gratiam interlucentibus auratilis puluiculus uariat
12161,body,135,0,False,,"Istic et crystallus, quem licet pars maior Europae et particula Asiae subministret, pretiosissimum tamen Scythia edit.",istic et crystallus quem licet pars maior europae et particula asiae subministret pretiosissimum tamen scythia edit,istic et crystallus quem licet pars maior europae et particula asiae subministret pretiosissimum tamen scythia edit
12161,body,135,1,False,,"Multus ad pocula destinatur, quamlibet nihil aliud quam frigidum pati possit.",multus ad pocula destinatur quamlibet nihil aliud quam frigidum pati possit,multus ad pocula destinatur quamlibet nihil aliud quam frigidum pati possit
12161,body,135,2,False,,Sexangulus inuenitur.,sexangulus inuenitur,sexangulus inuenitur
12161,body,135,3,False,,"Qui eligunt purissimum captant, ne quid rufum, ne nubilum uel spumis obsitum arceat perspicuitatem; tunc ne duritia iusto propensior obnoxium fragilitati magis faciat.",qui eligunt purissimum captant ne quid rufum ne nubilum uel spumis obsitum arceat perspicuitatem tunc ne duritia iusto propensior obnoxium fragilitati magis faciat,qui eligunt purissimum captant ne quid rufum ne nubilum uel spumis obsitum arceat perspicuitatem tunc ne duritia iusto propensior obnoxium fragilitati magis faciat
12161,body,135,4,False,,"Putant glaciem coire et in crystallum corporari, sed frustra: nam si ita foret, nec Alabanda Asiae nec Cypros insula hanc materiam procrearent, quibus admodum calor iugis est.",putant glaciem coire et in crystallum corporari sed frustra nam si ita foret nec alabanda asiae nec cypros insula hanc materiam procrearent quibus admodum calor iugis est,putant glaciem coire et in crystallum corporari sed frustra nam si ita foret nec alabanda asiae nec cypros insula hanc materiam procrearent quibus admodum calor iugis est
12161,body,135,5,True,,Liuia Augusti ad magnitudinem CL librarum inter Capitolina donaria crystallum dedicauit.,liuia augusti ad magnitudinem cl librarum inter capitolina donaria crystallum dedicauit,liuia augusti ad magnitudinem cl librarum inter capitolina donaria crystallum dedicauit
12161,head,136,0,True,,XVI,xvi,xui
12161,body,137,0,False,,"Fabulae erant Hyperborei et rumor irritus, si quae illine ad nos usque fluxerunt, temere forent credita; sed cum probissimi auctores et satis uero idonei sententias pares faciant, nullus falsum reformidet.",fabulae erant hyperborei et rumor irritus si quae illine ad nos usque fluxerunt temere forent credita sed cum probissimi auctores et satis uero idonei sententias pares faciant nullus falsum reformidet,fabulae erant hyperborei et rumor irritus si quae illine ad nos usque fluxerunt temere forent credita sed cum probissimi auctores et satis uero idonei sententias pares faciant nullus falsum reformidet
12161,body,137,1,False,,De Hyperboreis rem loquemur.,de hyperboreis rem loquemur,de hyperboreis rem loquemur
12161,body,137,2,False,,"Incolunt pone Pterophoron, quem ultra aquilonem accipimus iacere.",incolunt pone pterophoron quem ultra aquilonem accipimus iacere,incolunt pone pterophoron quem ultra aquilonem accipimus iacere
12161,body,137,3,False,,Gens beatissima.,gens beatissima,gens beatissima
12161,body,137,4,False,,Eam Asiae quidam magis quam Europae dederunt.,eam asiae quidam magis quam europae dederunt,eam asiae quidam magis quam europae dederunt
12161,body,137,5,False,,"Alii statuunt mediam inter utrumque solem, antipodum occidentem et nostrum renascentem; quod aspernatur ratio tam uasto mari duos orbes interfluente.",alii statuunt mediam inter utrumque solem antipodum occidentem et nostrum renascentem quod aspernatur ratio tam uasto mari duos orbes interfluente,alii statuunt mediam inter utrumque solem antipodum occidentem et nostrum renascentem quod aspernatur ratio tam uasto mari duos orbes interfluente
12161,body,137,6,False,,Sunt igitur in Europa.,sunt igitur in europa,sunt igitur in europa
12161,body,137,7,False,,"Apud quos mundi cardines esse credunt et extimos siderum ambitus, semenstrem lucem, auersum una tantum die solem; quamquam existant qui putent non cotidie ibi solem, ut nobis, sed uernali aequinoctio exoriri, autumnali occidere: ita sex mensibus infinitum diem, sex aliis continuam esse noctem.",apud quos mundi cardines esse credunt et extimos siderum ambitus semenstrem lucem auersum una tantum die solem quamquam existant qui putent non cotidie ibi solem ut nobis sed uernali aequinoctio exoriri autumnali occidere ita sex mensibus infinitum diem sex aliis continuam esse noctem,apud quos mundi cardines esse credunt et extimos siderum ambitus semenstrem lucem auersum una tantum die solem quamquam existant qui putent non cotidie ibi solem ut nobis sed uernali aequinoctio exoriri autumnali occidere ita sex mensibus infinitum diem sex aliis continuam esse noctem
12161,body,137,8,False,,"De caelo magna clementia: aurae spirant salubriter, nihil noxium flatus habent.",de caelo magna clementia aurae spirant salubriter nihil noxium flatus habent,de caelo magna clementia aurae spirant salubriter nihil noxium flatus habent
12161,body,137,9,False,,Domus sunt nemora uel luci: in diem uictum arbores sumministrant.,domus sunt nemora uel luci in diem uictum arbores sumministrant,domus sunt nemora uel luci in diem uictum arbores sumministrant
12161,body,137,10,False,,"Discordiam nesciunt, aegritudine non inquietantur, ad innocentiam omnibus aequale uotum.",discordiam nesciunt aegritudine non inquietantur ad innocentiam omnibus aequale uotum,discordiam nesciunt aegritudine non inquietantur ad innocentiam omnibus aequale uotum
12161,body,137,11,False,,"Mortem accersunt et uoluntario interitu castigant obeundi tarditatem; quos satias uitae tenet, epulati delibutique de rupe nota praecipitem casum in maria destinant; hoc sepulturae genus optimum arbitrantur.",mortem accersunt et uoluntario interitu castigant obeundi tarditatem quos satias uitae tenet epulati delibutique de rupe nota praecipitem casum in maria destinant hoc sepulturae genus optimum arbitrantur,mortem accersunt et uoluntario interitu castigant obeundi tarditatem quos satias uitae tenet epulati delibutique de rupe nota praecipitem casum in maria destinant hoc sepulturae genus optimum arbitrantur
12161,body,137,12,True,,"Aiunt etiam solitos per uirgines probatissimas primitiua frugum Apollini Delio missitare; uerum hae quoniam perfidia hospitum non inlibatae reuenissent, deuotionis quam peregre prosequebantur pontificium mox intra fines suos receperunt.",aiunt etiam solitos per uirgines probatissimas primitiua frugum apollini delio missitare uerum hae quoniam perfidia hospitum non inlibatae reuenissent deuotionis quam peregre prosequebantur pontificium mox intra fines suos receperunt,aiunt etiam solitos per uirgines probatissimas primitiua frugum apollini delio missitare uerum hae quoniam perfidia hospitum non inlibatae reuenissent deuotionis quam peregre prosequebantur pontificium mox intra fines suos receperunt
12161,head,138,0,True,,XVII,xvii,xuii
12161,body,139,0,False,,"Altera in Asia gens est ad initium orientis aestiui, ubi deficiunt Riphaeorum montium iuga.",altera in asia gens est ad initium orientis aestiui ubi deficiunt riphaeorum montium iuga,altera in asia gens est ad initium orientis aestiui ubi deficiunt riphaeorum montium iuga
12161,body,139,1,False,,Hyperboreis similes dicunt Arimphaeos. et ipsi gaudent frondentibus arbustorum: bacas edunt.,hyperboreis similes dicunt arimphaeos et ipsi gaudent frondentibus arbustorum bacas edunt,hyperboreis similes dicunt arimphaeos et ipsi gaudent frondentibus arbustorum bacas edunt
12161,body,139,2,False,,Iuxta uiros ac feminas taedet crinium: uterque sexus comas tondent.,iuxta uiros ac feminas taedet crinium uterque sexus comas tondent,iuxta uiros ac feminas taedet crinium uterque sexus comas tondent
12161,body,139,3,False,,"Amant quietem, non amant laedere.",amant quietem non amant laedere,amant quietem non amant laedere
12161,body,139,4,False,,Sacri habentur attrectarique eos etiam a ferocissimis nationibus nefas ducitur.,sacri habentur attrectarique eos etiam a ferocissimis nationibus nefas ducitur,sacri habentur attrectarique eos etiam a ferocissimis nationibus nefas ducitur
12161,body,139,5,False,,"Quicumque periculum a suis metuit, si ad Arimphaeos transfugerit, tutus est, uelut asylo tegatur.",quicumque periculum a suis metuit si ad arimphaeos transfugerit tutus est uelut asylo tegatur,quicumque periculum a suis metuit si ad arimphaeos transfugerit tutus est uelut asylo tegatur
12161,body,139,6,True,,"Vltra hos Cimmerii et gens Amazonum porrecta ad Caspium mare, quod dilapsum per Asiaticae plagae terga Scythicum inrumpit Oceanum.",vltra hos cimmerii et gens amazonum porrecta ad caspium mare quod dilapsum per asiaticae plagae terga scythicum inrumpit oceanum,ultra hos cimmerii et gens amazonum porrecta ad caspium mare quod dilapsum per asiaticae plagae terga scythicum inrumpit oceanum
12161,body,140,0,False,,"Magnis deinde spatiis intercedentibus ostia Oxi fluminis Hyrcani habent, gens siluis aspera, copiosa inmanibus feris, feta tigribus.",magnis deinde spatiis intercedentibus ostia oxi fluminis hyrcani habent gens siluis aspera copiosa inmanibus feris feta tigribus,magnis deinde spatiis intercedentibus ostia oxi fluminis hyrcani habent gens siluis aspera copiosa inmanibus feris feta tigribus
12161,body,140,1,False,,Quod bestiarum genus insignes maculis notae et pernicitas memorabile reddiderunt.,quod bestiarum genus insignes maculis notae et pernicitas memorabile reddiderunt,quod bestiarum genus insignes maculis notae et pernicitas memorabile reddiderunt
12161,body,140,2,False,,Fuluo nitent: hoc fuluum nigrantibus segmentis interundatum uarietate adprime decet.,fuluo nitent hoc fuluum nigrantibus segmentis interundatum uarietate adprime decet,fuluo nitent hoc fuluum nigrantibus segmentis interundatum uarietate adprime decet
12161,body,140,3,False,,Pedum motum nescio uelocitas an peruicacia magis adiuuet.,pedum motum nescio uelocitas an peruicacia magis adiuuet,pedum motum nescio uelocitas an peruicacia magis adiuuet
12161,body,140,4,False,,"Nihil tam longum est quod non breui pene-trent: nihil adeo antecedit, ut non ilico adsequantur.",nihil tam longum est quod non breui penetrent nihil adeo antecedit ut non ilico adsequantur,nihil tam longum est quod non breui penetrent nihil adeo antecedit ut non ilico adsequantur
12161,body,140,5,False,,"Ac maxime potentia earum probatur, cum maternis curis incitantur, cum catulorum insistunt raptoribus; succedant sibi equites licet et astu quantolibet amoliri praedam uelint, ni in praesidio maria fuerint, frustra est ausum omne.",ac maxime potentia earum probatur cum maternis curis incitantur cum catulorum insistunt raptoribus succedant sibi equites licet et astu quantolibet amoliri praedam uelint ni in praesidio maria fuerint frustra est ausum omne,ac maxime potentia earum probatur cum maternis curis incitantur cum catulorum insistunt raptoribus succedant sibi equites licet et astu quantolibet amoliri praedam uelint ni in praesidio maria fuerint frustra est ausum omne
12161,body,140,6,True,,"Notantur frequentissime, si quando latrones suos renauigantes uident, in litore irrita rabie cernuari, uelut propriam tarditatem uoluntaria castigantes ruina; quamquam de fetu uniuerso uix unus queat subtrahi.",notantur frequentissime si quando latrones suos renauigantes uident in litore irrita rabie cernuari uelut propriam tarditatem uoluntaria castigantes ruina quamquam de fetu uniuerso uix unus queat subtrahi,notantur frequentissime si quando latrones suos renauigantes uident in litore irrita rabie cernuari uelut propriam tarditatem uoluntaria castigantes ruina quamquam de fetu uniuerso uix unus queat subtrahi
12161,body,141,0,False,,"Pantherae quoque numerosae sunt in Hyrcania, minutis orbiculis superpictae, ita ut oculatis ex fuluo circulis uel caerula uel alba distinguatur tergi supellex.",pantherae quoque numerosae sunt in hyrcania minutis orbiculis superpictae ita ut oculatis ex fuluo circulis uel caerula uel alba distinguatur tergi supellex,pantherae quoque numerosae sunt in hyrcania minutis orbiculis superpictae ita ut oculatis ex fuluo circulis uel caerula uel alba distinguatur tergi supellex
12161,body,141,1,False,,"Tradunt odore earum et contemplatione armenta mire adfici atque ubi eas persentiscant properato conuenire nec terreri nisi sola oris toruitate; quam ob causam pantherae absconditis capitibus quae corporis reliqua sunt spectanda praebent, ut greges stupidos in obtutum populentur secura uastatione.",tradunt odore earum et contemplatione armenta mire adfici atque ubi eas persentiscant properato conuenire nec terreri nisi sola oris toruitate quam ob causam pantherae absconditis capitibus quae corporis reliqua sunt spectanda praebent ut greges stupidos in obtutum populentur secura uastatione,tradunt odore earum et contemplatione armenta mire adfici atque ubi eas persentiscant properato conuenire nec terreri nisi sola oris toruitate quam ob causam pantherae absconditis capitibus quae corporis reliqua sunt spectanda praebent ut greges stupidos in obtutum populentur secura uastatione
12161,body,141,2,False,,"Sed Hyrcani, ut hominibus intemptatum nihil est, frequentius eas ueneno quam ferro necant.",sed hyrcani ut hominibus intemptatum nihil est frequentius eas ueneno quam ferro necant,sed hyrcani ut hominibus intemptatum nihil est frequentius eas ueneno quam ferro necant
12161,body,141,3,False,,"Aconito carnes inlinunt atque ita per compita spargunt semitarum; quas ubi esae sunt, fauces angina obsidentur.",aconito carnes inlinunt atque ita per compita spargunt semitarum quas ubi esae sunt fauces angina obsidentur,aconito carnes inlinunt atque ita per compita spargunt semitarum quas ubi esae sunt fauces angina obsidentur
12161,body,141,4,False,,Ideo gramini nomen pardalianchem dederunt.,ideo gramini nomen pardalianchem dederunt,ideo gramini nomen pardalianchem dederunt
12161,body,141,5,False,,Sed pantherae aduersus hoc uirus excrementa humana deuorant et suopte ingenio pesti resistunt.,sed pantherae aduersus hoc uirus excrementa humana deuorant et suopte ingenio pesti resistunt,sed pantherae aduersus hoc uirus excrementa humana deuorant et suopte ingenio pesti resistunt
12161,body,141,6,False,,"Lenta illis uiuacitas, adeo ut eiectis interaneis mortem diu differant.",lenta illis uiuacitas adeo ut eiectis interaneis mortem diu differant,lenta illis uiuacitas adeo ut eiectis interaneis mortem diu differant
12161,body,141,7,True,,"In his siluestribus et pardi sunt, secundum a pantheris genus, noti satis nec latius exequendi; quorum adulteris coitibus degenerantur partus leaenarum et leones quidem procreantur, sed ignobiles.",in his siluestribus et pardi sunt secundum a pantheris genus noti satis nec latius exequendi quorum adulteris coitibus degenerantur partus leaenarum et leones quidem procreantur sed ignobiles,in his siluestribus et pardi sunt secundum a pantheris genus noti satis nec latius exequendi quorum adulteris coitibus degenerantur partus leaenarum et leones quidem procreantur sed ignobiles
12161,head,142,0,True,,XVIII,xviii,xuiii
12161,body,143,0,False,,"Quoniam in Ponticis rebus sumus, non erit omittendum, unde mediterranea maria caput tollant.",quoniam in ponticis rebus sumus non erit omittendum unde mediterranea maria caput tollant,quoniam in ponticis rebus sumus non erit omittendum unde mediterranea maria caput tollant
12161,body,143,1,False,,"Existimant enim quidam sinus istos a Gaditano freto nasci, nec aliam esse originem quam eliquia inrumpentis Oceani; cuius spiritu peruadente apud aliquot mediterranea litora sicut in Italiae parte fieri accessus uel recessus.",existimant enim quidam sinus istos a gaditano freto nasci nec aliam esse originem quam eliquia inrumpentis oceani cuius spiritu peruadente apud aliquot mediterranea litora sicut in italiae parte fieri accessus uel recessus,existimant enim quidam sinus istos a gaditano freto nasci nec aliam esse originem quam eliquia inrumpentis oceani cuius spiritu peruadente apud aliquot mediterranea litora sicut in italiae parte fieri accessus uel recessus
12161,body,143,2,True,,"Qui contrarium sentiunt, omnem illum fluorem aiunt a Ponticis faucibus inundare, idque fulciunt argumento non inani, quod aestus e Ponto profluus numquam reciprocetur.",qui contrarium sentiunt omnem illum fluorem aiunt a ponticis faucibus inundare idque fulciunt argumento non inani quod aestus e ponto profluus numquam reciprocetur,qui contrarium sentiunt omnem illum fluorem aiunt a ponticis faucibus inundare idque fulciunt argumento non inani quod aestus e ponto profluus numquam reciprocetur
12161,head,144,0,True,,XIX,xix,xix
12161,body,145,0,False,,"Insula Apollonitarum octoginta milibus passuum abest a Bosphoro Thracio citra Histrum sita, ex qua M. Lucullus Apollinem Capitolinum nobis extulit.",insula apollonitarum octoginta milibus passuum abest a bosphoro thracio citra histrum sita ex qua m lucullus apollinem capitolinum nobis extulit,insula apollonitarum octoginta milibus passuum abest a bosphoro thracio citra histrum sita ex qua m lucullus apollinem capitolinum nobis extulit
12161,body,145,1,False,,"Ante Borysthenem Achillis insula est cum aede sacra, quam aedem nulla ingreditur ales; et quae forte aduolauerit, raptim fugam properat.",ante borysthenem achillis insula est cum aede sacra quam aedem nulla ingreditur ales et quae forte aduolauerit raptim fugam properat,ante borysthenem achillis insula est cum aede sacra quam aedem nulla ingreditur ales et quae forte aduolauerit raptim fugam properat
12161,body,145,2,False,,"Oceanum septemtrionalem ex ea parte, qua a Propaniso amne Scythia adluitur, Hecataeus Amalcium appellat, quod gentis illius lingua significat congelatum.",oceanum septemtrionalem ex ea parte qua a propaniso amne scythia adluitur hecataeus amalcium appellat quod gentis illius lingua significat congelatum,oceanum septemtrionalem ex ea parte qua a propaniso amne scythia adluitur hecataeus amalcium appellat quod gentis illius lingua significat congelatum
12161,body,145,3,True,,"Philemon a Cimbris ad promunturium Rubeas Morimarusam dicit uocari, hoc est mortuum mare; ultra Rubeas quicquid est Cronium nominat.",philemon a cimbris ad promunturium rubeas morimarusam dicit uocari hoc est mortuum mare ultra rubeas quicquid est cronium nominat,philemon a cimbris ad promunturium rubeas morimarusam dicit uocari hoc est mortuum mare ultra rubeas quicquid est cronium nominat
12161,body,146,0,False,,"Mare autem Caspium ex altero Ponti latere ultra Massagetas et Apalaeos Scythas esse in Asiatica plaga dulce Alexandro Magno probatum est, mox Pompeio Magno, qui bello Mithridatico, sicut commilito eius Varro tradit, ipsis haustibus periclitari fidem uoluit.",mare autem caspium ex altero ponti latere ultra massagetas et apalaeos scythas esse in asiatica plaga dulce alexandro magno probatum est mox pompeio magno qui bello mithridatico sicut commilito eius varro tradit ipsis haustibus periclitari fidem uoluit,mare autem caspium ex altero ponti latere ultra massagetas et apalaeos scythas esse in asiatica plaga dulce alexandro magno probatum est mox pompeio magno qui bello mithridatico sicut commilito eius uarro tradit ipsis haustibus periclitari fidem uoluit
12161,body,146,1,False,,"Id euenire produnt e numero fluminum, quorum tanta copia ibi confluit, ut naturam maris uertant.",id euenire produnt e numero fluminum quorum tanta copia ibi confluit ut naturam maris uertant,id euenire produnt e numero fluminum quorum tanta copia ibi confluit ut naturam maris uertant
12161,body,146,2,False,,"Non omiserim quod per idem tempus eidem Magno licuit ex India diebus octo ad Bactros usque ad Alierum flumen, quo influit Oxum amnem, peruenire, deinde mare Caspium, inde per Caspium ad Cyri amnis penetrare fluentum, qui Armeniae et Hiberiae fines interluit.",non omiserim quod per idem tempus eidem magno licuit ex india diebus octo ad bactros usque ad alierum flumen quo influit oxum amnem peruenire deinde mare caspium inde per caspium ad cyri amnis penetrare fluentum qui armeniae et hiberiae fines interluit,non omiserim quod per idem tempus eidem magno licuit ex india diebus octo ad bactros usque ad alierum flumen quo influit oxum amnem peruenire deinde mare caspium inde per caspium ad cyri amnis penetrare fluentum qui armeniae et hiberiae fines interluit
12161,body,146,3,False,,Itaque a Cyro diebus non amplius quinque itinere terreno subuectis nauibus ad alueum Phasidis pertendit; per cuius excursus in Pontum usque Indos aduehi liquido probatum est.,itaque a cyro diebus non amplius quinque itinere terreno subuectis nauibus ad alueum phasidis pertendit per cuius excursus in pontum usque indos aduehi liquido probatum est,itaque a cyro diebus non amplius quinque itinere terreno subuectis nauibus ad alueum phasidis pertendit per cuius excursus in pontum usque indos aduehi liquido probatum est
12161,body,146,4,True,,"Auctor est Xenophon Lampsacenus a litore Scytharum in insulam Abalciam triduo nauigari; eius magnitudinem inmensam et paene similem continenti; nec longe Oeonas separari, quas qui habitent uiuant ouis auium marinarum et auenis uulgo nascentibus; perinde alias propter constitutas aeque insulas, quarum Hippopodes indigenae humana usque ad uestigium forma in equinos pedes desinunt; esse et Phanesiorum, quorum aures adeo in effusam magnitudinem dilatentur, ut reliqua uiscerum illis contegant nec amiculum aliud sit quam ut membris membra uestiant.",auctor est xenophon lampsacenus a litore scytharum in insulam abalciam triduo nauigari eius magnitudinem inmensam et paene similem continenti nec longe oeonas separari quas qui habitent uiuant ouis auium marinarum et auenis uulgo nascentibus perinde alias propter constitutas aeque insulas quarum hippopodes indigenae humana usque ad uestigium forma in equinos pedes desinunt esse et phanesiorum quorum aures adeo in effusam magnitudinem dilatentur ut reliqua uiscerum illis contegant nec amiculum aliud sit quam ut membris membra uestiant,auctor est xenophon lampsacenus a litore scytharum in insulam abalciam triduo nauigari eius magnitudinem inmensam et paene similem continenti nec longe oeonas separari quas qui habitent uiuant ouis auium marinarum et auenis uulgo nascentibus perinde alias propter constitutas aeque insulas quarum hippopodes indigenae humana usque ad uestigium forma in equinos pedes desinunt esse et phanesiorum quorum aures adeo in effusam magnitudinem dilatentur ut reliqua uiscerum illis contegant nec amiculum aliud sit quam ut membris membra uestiant
12161,body,147,0,False,,"Antequam digrediamur a Scythia, religio est praeterire, quaenam peculiares sint ferae Scythiae.",antequam digrediamur a scythia religio est praeterire quaenam peculiares sint ferae scythiae,antequam digrediamur a scythia religio est praeterire quaenam peculiares sint ferae scythiae
12161,body,147,1,False,,Cerui plurimi in hac terra; igitur ceruos persequemur.,cerui plurimi in hac terra igitur ceruos persequemur,cerui plurimi in hac terra igitur ceruos persequemur
12161,body,147,2,False,,"Mares generis huiusce cum statum tempus uenerem incitauit, saeuiunt rabie libidinis.",mares generis huiusce cum statum tempus uenerem incitauit saeuiunt rabie libidinis,mares generis huiusce cum statum tempus uenerem incitauit saeuiunt rabie libidinis
12161,body,147,3,False,,"Feminae licet prius conserantur, non concipiunt ante Arcturi sidus.",feminae licet prius conserantur non concipiunt ante arcturi sidus,feminae licet prius conserantur non concipiunt ante arcturi sidus
12161,body,147,4,False,,Nec qualibet partus suos educant.,nec qualibet partus suos educant,nec qualibet partus suos educant
12161,body,147,5,False,,Teneros studio occulunt et absconditos inter profunda fruticum uel herbarum pedum uerbere castigant ad latendum.,teneros studio occulunt et absconditos inter profunda fruticum uel herbarum pedum uerbere castigant ad latendum,teneros studio occulunt et absconditos inter profunda fruticum uel herbarum pedum uerbere castigant ad latendum
12161,body,147,6,False,,"Cum maturuit ad fugam robur, exercitio docent cursu et adsuescunt salire per abrupta.",cum maturuit ad fugam robur exercitio docent cursu et adsuescunt salire per abrupta,cum maturuit ad fugam robur exercitio docent cursu et adsuescunt salire per abrupta
12161,body,147,7,False,,"Acceptis canum latratibus secundo uento uias dirigunt, ut odor cum ipsis recedat.",acceptis canum latratibus secundo uento uias dirigunt ut odor cum ipsis recedat,acceptis canum latratibus secundo uento uias dirigunt ut odor cum ipsis recedat
12161,body,147,8,False,,"Mirantur sibilum, fistularum: rectis auribus acutissime audiunt, submissis nihil.",mirantur sibilum fistularum rectis auribus acutissime audiunt submissis nihil,mirantur sibilum fistularum rectis auribus acutissime audiunt submissis nihil
12161,body,147,9,False,,Stupent omnia; propterea facilius obuios se praebent sagittantibus.,stupent omnia propterea facilius obuios se praebent sagittantibus,stupent omnia propterea facilius obuios se praebent sagittantibus
12161,body,147,10,False,,"Si maria tranent, non aspectu petunt litora, sed olfactu; infirmos ponunt in ultimo et lassorum capita clunibus per uices sustinent.",si maria tranent non aspectu petunt litora sed olfactu infirmos ponunt in ultimo et lassorum capita clunibus per uices sustinent,si maria tranent non aspectu petunt litora sed olfactu infirmos ponunt in ultimo et lassorum capita clunibus per uices sustinent
12161,body,147,11,False,,"E cornibus quod dextrum fuerit efficacius est ad medellam; si fugare angues gestias, utrum uelis ures, quae ustrina praeterea nidore uitium aperit ac detegit, si cui inest morbus comitialis.",e cornibus quod dextrum fuerit efficacius est ad medellam si fugare angues gestias utrum uelis ures quae ustrina praeterea nidore uitium aperit ac detegit si cui inest morbus comitialis,e cornibus quod dextrum fuerit efficacius est ad medellam si fugare angues gestias utrum uelis ures quae ustrina praeterea nidore uitium aperit ac detegit si cui inest morbus comitialis
12161,body,147,12,False,,Pro aetate ramos augent.,pro aetate ramos augent,pro aetate ramos augent
12161,body,147,13,False,,"Id incrementum in sexennes perseuerat; deinceps numerosiora non possunt fieri cornua, possunt crassiora: quae quidem castratis numquam crescunt nec tamen decidunt.",id incrementum in sexennes perseuerat deinceps numerosiora non possunt fieri cornua possunt crassiora quae quidem castratis numquam crescunt nec tamen decidunt,id incrementum in sexennes perseuerat deinceps numerosiora non possunt fieri cornua possunt crassiora quae quidem castratis numquam crescunt nec tamen decidunt
12161,body,147,14,False,,"Dentes monstrant senectutem, cum aut pauci inueniuntur aut nulli.",dentes monstrant senectutem cum aut pauci inueniuntur aut nulli,dentes monstrant senectutem cum aut pauci inueniuntur aut nulli
12161,body,147,15,False,,Serpentem hauriunt et spiritu narium extrahunt de latebris cauernarum.,serpentem hauriunt et spiritu narium extrahunt de latebris cauernarum,serpentem hauriunt et spiritu narium extrahunt de latebris cauernarum
12161,body,147,16,False,,"Dictamnum ipsi prodiderunt, dum eo pasti excutiunt accepta tela.",dictamnum ipsi prodiderunt dum eo pasti excutiunt accepta tela,dictamnum ipsi prodiderunt dum eo pasti excutiunt accepta tela
12161,body,147,17,False,,Herbam quoque quam cinarem uocant contra noxia edunt gramina.,herbam quoque quam cinarem uocant contra noxia edunt gramina,herbam quoque quam cinarem uocant contra noxia edunt gramina
12161,body,147,18,False,,Aduersus uenena mirificum est innulei coagulum occisi in matris suae utero.,aduersus uenena mirificum est innulei coagulum occisi in matris suae utero,aduersus uenena mirificum est innulei coagulum occisi in matris suae utero
12161,body,147,19,False,,"Patuit numquam eos febrescere, quam ob causam confecta ex medullis ipsorum unguina sedant calores hominum languentium.",patuit numquam eos febrescere quam ob causam confecta ex medullis ipsorum unguina sedant calores hominum languentium,patuit numquam eos febrescere quam ob causam confecta ex medullis ipsorum unguina sedant calores hominum languentium
12161,body,147,20,False,,Legimus plurimos matutinis diebus ceruinam carnem degustare solitos sine febribus longaeuos fuisse; quod demum proderit si uno uulnere fuerint interempti.,legimus plurimos matutinis diebus ceruinam carnem degustare solitos sine febribus longaeuos fuisse quod demum proderit si uno uulnere fuerint interempti,legimus plurimos matutinis diebus ceruinam carnem degustare solitos sine febribus longaeuos fuisse quod demum proderit si uno uulnere fuerint interempti
12161,body,147,21,True,,"Ad dinoscendam uiuacitatem Alexander Magnus torques plurimis ceruis innexuit, qui post annum centesimum capti necdum senii indicium praeferebant.",ad dinoscendam uiuacitatem alexander magnus torques plurimis ceruis innexuit qui post annum centesimum capti necdum senii indicium praeferebant,ad dinoscendam uiuacitatem alexander magnus torques plurimis ceruis innexuit qui post annum centesimum capti necdum senii indicium praeferebant
12161,body,148,0,True,,"Eadem paene specie sunt quos tragelaphos dicunt, sed non alibi quam circa Phasidem apparent; tantum quod illi uillosos habent armos et menta promissis hirta barbis.",eadem paene specie sunt quos tragelaphos dicunt sed non alibi quam circa phasidem apparent tantum quod illi uillosos habent armos et menta promissis hirta barbis,eadem paene specie sunt quos tragelaphos dicunt sed non alibi quam circa phasidem apparent tantum quod illi uillosos habent armos et menta promissis hirta barbis
12161,head,149,0,True,,XX,xx,xx
12161,body,150,0,False,,Mons Saeuo ipse ingens nec Riphaeis minor collibus initium Germaniae facit.,mons saeuo ipse ingens nec riphaeis minor collibus initium germaniae facit,mons saeuo ipse ingens nec riphaeis minor collibus initium germaniae facit
12161,body,150,1,False,,"Inguaeones tenent, a quibus primis post Scythas nomen Germanicum consurgit.",inguaeones tenent a quibus primis post scythas nomen germanicum consurgit,inguaeones tenent a quibus primis post scythas nomen germanicum consurgit
12161,body,150,2,False,,"Diues uirum terra, frequens populis numerosis et inmanibus.",diues uirum terra frequens populis numerosis et inmanibus,diues uirum terra frequens populis numerosis et inmanibus
12161,body,150,3,False,,Extenditur inter Hercynium saltum et rupes Sarmatarum.,extenditur inter hercynium saltum et rupes sarmatarum,extenditur inter hercynium saltum et rupes sarmatarum
12161,body,150,4,False,,"Vbi incipit Danuuio, ubi desinit Rheno perfunditur.",vbi incipit danuuio ubi desinit rheno perfunditur,ubi incipit danuuio ubi desinit rheno perfunditur
12161,body,150,5,True,,De internis eius partibus Alba Guthalus Vistla amnes latissimi praecipitant in Oceanum.,de internis eius partibus alba guthalus vistla amnes latissimi praecipitant in oceanum,de internis eius partibus alba guthalus uistla amnes latissimi praecipitant in oceanum
12161,body,151,0,False,,"Saltus Hercynius aues gignit quarum pennae per obscurum emicant et interlucent, quamuis obtenta nox denset tenebras.",saltus hercynius aues gignit quarum pennae per obscurum emicant et interlucent quamuis obtenta nox denset tenebras,saltus hercynius aues gignit quarum pennae per obscurum emicant et interlucent quamuis obtenta nox denset tenebras
12161,body,151,1,False,,"Vnde homines loci illius plerumque nocturnos excursus sic destinant, ut illis utantur ad praesidium itineris dirigendi, praeiactisque per opaca callium rationem uiae moderentur indicio plumarum refulgentium.",vnde homines loci illius plerumque nocturnos excursus sic destinant ut illis utantur ad praesidium itineris dirigendi praeiactisque per opaca callium rationem uiae moderentur indicio plumarum refulgentium,unde homines loci illius plerumque nocturnos excursus sic destinant ut illis utantur ad praesidium itineris dirigendi praeiactisque per opaca callium rationem uiae moderentur indicio plumarum refulgentium
12161,body,151,2,False,,"In hoc tractu sane et in omni septentrionis plaga uisontes frequentissimi, qui bouis feri similes, saetosi colla, iubas horridi, ultra tauros pernicitate, capti adsuescere manu nesciunt.",in hoc tractu sane et in omni septentrionis plaga uisontes frequentissimi qui bouis feri similes saetosi colla iubas horridi ultra tauros pernicitate capti adsuescere manu nesciunt,in hoc tractu sane et in omni septentrionis plaga uisontes frequentissimi qui bouis feri similes saetosi colla iubas horridi ultra tauros pernicitate capti adsuescere manu nesciunt
12161,body,151,3,False,,"Sunt et uri, quos inperitum uulgus uocat bubalos, cum bubali paene ad ceruinam faciem in Africa procreentur.",sunt et uri quos inperitum uulgus uocat bubalos cum bubali paene ad ceruinam faciem in africa procreentur,sunt et uri quos inperitum uulgus uocat bubalos cum bubali paene ad ceruinam faciem in africa procreentur
12161,body,151,4,False,,"Istis porro quos uros dicimus taurina cornua in tantum modum protenduntur, ut dempta ob insignem capacitatem inter regias mensas potuum gerula fiant.",istis porro quos uros dicimus taurina cornua in tantum modum protenduntur ut dempta ob insignem capacitatem inter regias mensas potuum gerula fiant,istis porro quos uros dicimus taurina cornua in tantum modum protenduntur ut dempta ob insignem capacitatem inter regias mensas potuum gerula fiant
12161,body,151,5,False,,"Est et alce mulis comparanda, adeo propenso labro superiore, ut nisi recedens in posteriora uestigia pasci non queat.",est et alce mulis comparanda adeo propenso labro superiore ut nisi recedens in posteriora uestigia pasci non queat,est et alce mulis comparanda adeo propenso labro superiore ut nisi recedens in posteriora uestigia pasci non queat
12161,body,151,6,False,,"Gangauia insula e regione Germaniae mittit animal quale alce, sed cuius suffragines ut elephantis flecti nequeunt; propterea non cubat, cum dormiendum est, tamen somnulentam arbor sustinet, quae prope casuram secatur, ut fera dum adsuetis fulmentis innititur faciat ruinam.",gangauia insula e regione germaniae mittit animal quale alce sed cuius suffragines ut elephantis flecti nequeunt propterea non cubat cum dormiendum est tamen somnulentam arbor sustinet quae prope casuram secatur ut fera dum adsuetis fulmentis innititur faciat ruinam,gangauia insula e regione germaniae mittit animal quale alce sed cuius suffragines ut elephantis flecti nequeunt propterea non cubat cum dormiendum est tamen somnulentam arbor sustinet quae prope casuram secatur ut fera dum adsuetis fulmentis innititur faciat ruinam
12161,body,151,7,False,,"Ita capitur: alioqui difficile est eam mancipari, nam in illo rigore poplitum inconprehensibili fuga pollet.",ita capitur alioqui difficile est eam mancipari nam in illo rigore poplitum inconprehensibili fuga pollet,ita capitur alioqui difficile est eam mancipari nam in illo rigore poplitum inconprehensibili fuga pollet
12161,body,151,8,True,,"De Germanicis insulis Gangauia maxima est, sed nihil in ea magnum praeter ipsam.",de germanicis insulis gangauia maxima est sed nihil in ea magnum praeter ipsam,de germanicis insulis gangauia maxima est sed nihil in ea magnum praeter ipsam
12161,body,152,0,False,,"Nam Glaesaria dat crystallum, dat et sucinum: quod sucinum Germani gentiliter uocant glaesum.",nam glaesaria dat crystallum dat et sucinum quod sucinum germani gentiliter uocant glaesum,nam glaesaria dat crystallum dat et sucinum quod sucinum germani gentiliter uocant glaesum
12161,body,152,1,False,,"Qualitas materiae istius summatim antea Germanico autem Caesare omnes Germaniae oras scrutante conperta: arbor est pinei generis, cuius mediale autumni tempore sucino lacrimat.",qualitas materiae istius summatim antea germanico autem caesare omnes germaniae oras scrutante conperta arbor est pinei generis cuius mediale autumni tempore sucino lacrimat,qualitas materiae istius summatim antea germanico autem caesare omnes germaniae oras scrutante conperta arbor est pinei generis cuius mediale autumni tempore sucino lacrimat
12161,body,152,2,False,,"Sucum esse arboris de nominis capessas qualitate; pinum uero, unde sit gignitum, si usseris, odor indicabit.",sucum esse arboris de nominis capessas qualitate pinum uero unde sit gignitum si usseris odor indicabit,sucum esse arboris de nominis capessas qualitate pinum uero unde sit gignitum si usseris odor indicabit
12161,body,152,3,False,,"Pretium operae est scire longius, ne Padanae siluae credantur lapidem fleuisse.",pretium operae est scire longius ne padanae siluae credantur lapidem fleuisse,pretium operae est scire longius ne padanae siluae credantur lapidem fleuisse
12161,body,152,4,False,,"Hanc speciem in Illyricum barbari intulerunt; quae cum per Pannonica commercia usu ad Transpadanos homines foret deuoluta, quod ibi primum nostri uiderant, ibi etiam natam putauerunt.",hanc speciem in illyricum barbari intulerunt quae cum per pannonica commercia usu ad transpadanos homines foret deuoluta quod ibi primum nostri uiderant ibi etiam natam putauerunt,hanc speciem in illyricum barbari intulerunt quae cum per pannonica commercia usu ad transpadanos homines foret deuoluta quod ibi primum nostri uiderant ibi etiam natam putauerunt
12161,body,152,5,False,,"Munere Neronis principis adparatus omnis sucino inornatus est: nec difficulter, cum per idem tempus tredecim milia librarum rex Germaniae donum ei miserit.",munere neronis principis adparatus omnis sucino inornatus est nec difficulter cum per idem tempus tredecim milia librarum rex germaniae donum ei miserit,munere neronis principis adparatus omnis sucino inornatus est nec difficulter cum per idem tempus tredecim milia librarum rex germaniae donum ei miserit
12161,body,152,6,False,,"Rude primum nascitur et corticosum, deinde incoctum adipe lactentis suis expolitur ad quem uidemus nitorem.",rude primum nascitur et corticosum deinde incoctum adipe lactentis suis expolitur ad quem uidemus nitorem,rude primum nascitur et corticosum deinde incoctum adipe lactentis suis expolitur ad quem uidemus nitorem
12161,body,152,7,False,,"Pro facie habet nomina: melleum dicitur et Falernum, utrumque de similitudine aut uini aut utique mellis.",pro facie habet nomina melleum dicitur et falernum utrumque de similitudine aut uini aut utique mellis,pro facie habet nomina melleum dicitur et falernum utrumque de similitudine aut uini aut utique mellis
12161,body,152,8,False,,"In aperto est quod rapiat folia, quod trahat paleas; quod uero medeatur multis uitalium incommodis, medentium docuit disciplina.",in aperto est quod rapiat folia quod trahat paleas quod uero medeatur multis uitalium incommodis medentium docuit disciplina,in aperto est quod rapiat folia quod trahat paleas quod uero medeatur multis uitalium incommodis medentium docuit disciplina
12161,body,152,9,False,,"Et India habet sucinum, sed Germania plurimum optimumque.",et india habet sucinum sed germania plurimum optimumque,et india habet sucinum sed germania plurimum optimumque
12161,body,152,10,True,,"Quoniam ad insulam Glaesariam ueneramus, a sucino coeptum.",quoniam ad insulam glaesariam ueneramus a sucino coeptum,quoniam ad insulam glaesariam ueneramus a sucino coeptum
12161,body,153,0,False,,"Nam in Germaniae continentibus gallaica reperitur, quam gemmam Arabicis anteponunt: uincit enim gratia.",nam in germaniae continentibus gallaica reperitur quam gemmam arabicis anteponunt uincit enim gratia,nam in germaniae continentibus gallaica reperitur quam gemmam arabicis anteponunt uincit enim gratia
12161,body,153,1,False,,"Arabes quidem dicunt non alibi eam deprehendi quam in nidis auium quas melancoryphos uocant; quod nullus recepit, cum apud Germaniae populos quamuis rara in saxis tamen appareat.",arabes quidem dicunt non alibi eam deprehendi quam in nidis auium quas melancoryphos uocant quod nullus recepit cum apud germaniae populos quamuis rara in saxis tamen appareat,arabes quidem dicunt non alibi eam deprehendi quam in nidis auium quas melancoryphos uocant quod nullus recepit cum apud germaniae populos quamuis rara in saxis tamen appareat
12161,body,153,2,False,,Honore et pretio ad smaragdos uiret pallidum.,honore et pretio ad smaragdos uiret pallidum,honore et pretio ad smaragdos uiret pallidum
12161,body,153,3,False,,Nihil iucundius aurum decet.,nihil iucundius aurum decet,nihil iucundius aurum decet
12161,body,153,4,False,,Cerauniorum porro genera diuersa sunt.,cerauniorum porro genera diuersa sunt,cerauniorum porro genera diuersa sunt
12161,body,153,5,True,,"Germanicum candidum est: splendet tamen caerulo et si sub diuo habeas, fulgorem rapit siderum.",germanicum candidum est splendet tamen caerulo et si sub diuo habeas fulgorem rapit siderum,germanicum candidum est splendet tamen caerulo et si sub diuo habeas fulgorem rapit siderum
12161,head,154,0,True,,XXI,xxi,xxi
12161,body,155,0,False,,"Galliae inter Rhenum et Pyrenaeum, item inter Oceanum et montes Cebennam ac Iuris porriguntur, praepinguibus glebis accommodae prouentibus fructuariis, pleraeque consitae uitibus et arbustis, omni ad usum animantium fetu beatissimae, riguae aquis fluminum et fontium, sed fontaneis interdum sacris et uaporantibus.",galliae inter rhenum et pyrenaeum item inter oceanum et montes cebennam ac iuris porriguntur praepinguibus glebis accommodae prouentibus fructuariis pleraeque consitae uitibus et arbustis omni ad usum animantium fetu beatissimae riguae aquis fluminum et fontium sed fontaneis interdum sacris et uaporantibus,galliae inter rhenum et pyrenaeum item inter oceanum et montes cebennam ac iuris porriguntur praepinguibus glebis accommodae prouentibus fructuariis pleraeque consitae uitibus et arbustis omni ad usum animantium fetu beatissimae riguae aquis fluminum et fontium sed fontaneis interdum sacris et uaporantibus
12161,body,155,1,False,,"Infamantur ritu incolarum, qui ut aiunt (ueri enim periculum non ad me recipio) iniuria religionis humanis litant hostiis.",infamantur ritu incolarum qui ut aiunt ueri enim periculum non ad me recipio iniuria religionis humanis litant hostiis,infamantur ritu incolarum qui ut aiunt ueri enim periculum non ad me recipio iniuria religionis humanis litant hostiis
12161,body,155,2,False,,"Ex isto sinu quoquo orbis uelis exeas: in Hispanias et in Italiam terra marique, in Africam mari tantum; si Thracia sit petenda, excipit ager Raeticus optimus et ferax, inde Noricus frigidus et parcius fructuosus, tum Pannonia uiro fortis et solo laeta, deinde Moesiae, quas maiores nostri iure Cereris horreum nominabant.",ex isto sinu quoquo orbis uelis exeas in hispanias et in italiam terra marique in africam mari tantum si thracia sit petenda excipit ager raeticus optimus et ferax inde noricus frigidus et parcius fructuosus tum pannonia uiro fortis et solo laeta deinde moesiae quas maiores nostri iure cereris horreum nominabant,ex isto sinu quoquo orbis uelis exeas in hispanias et in italiam terra marique in africam mari tantum si thracia sit petenda excipit ager raeticus optimus et ferax inde noricus frigidus et parcius fructuosus tum pannonia uiro fortis et solo laeta deinde moesiae quas maiores nostri iure cereris horreum nominabant
12161,body,155,3,True,,"In quarum parte quae Pontica est apparet herba, qua inficitur oleum quod uocant Medicum: hoc ad incendium excitatum si obruere aqua gestias, ardet magis nec alio sopitur quam iactu pulueris.",in quarum parte quae pontica est apparet herba qua inficitur oleum quod uocant medicum hoc ad incendium excitatum si obruere aqua gestias ardet magis nec alio sopitur quam iactu pulueris,in quarum parte quae pontica est apparet herba qua inficitur oleum quod uocant medicum hoc ad incendium excitatum si obruere aqua gestias ardet magis nec alio sopitur quam iactu pulueris
12161,head,156,0,True,,XXII,xxii,xxii
12161,body,157,0,False,,"Finis erat orbis ora Gallici litoris, nisi Brittania insula non qualibet amplitudine nomen paene orbis alterius mereretur: octingenta enim et amplius milia passuum longa detinet, ita ut eam in Calidonicum usque angulum metiamur.",finis erat orbis ora gallici litoris nisi brittania insula non qualibet amplitudine nomen paene orbis alterius mereretur octingenta enim et amplius milia passuum longa detinet ita ut eam in calidonicum usque angulum metiamur,finis erat orbis ora gallici litoris nisi brittania insula non qualibet amplitudine nomen paene orbis alterius mereretur octingenta enim et amplius milia passuum longa detinet ita ut eam in calidonicum usque angulum metiamur
12161,body,157,1,True,,In quo recessu Vlixem Calidoniae adpulsum manifestat ara Graecis litteris scripta [uotum].,in quo recessu vlixem calidoniae adpulsum manifestat ara graecis litteris scripta uotum,in quo recessu ulixem calidoniae adpulsum manifestat ara graecis litteris scripta uotum
12161,body,158,0,False,,Multis insulis nec ignobilis circumdatur.,multis insulis nec ignobilis circumdatur,multis insulis nec ignobilis circumdatur
12161,body,158,1,False,,"Quarum Hibernia ei proximat magnitudine, inhumana incolarum ritu aspero, alias ita pabulosa, ut pecua, nisi interdum a pastibus arceantur, ad periculum agat satias.",quarum hibernia ei proximat magnitudine inhumana incolarum ritu aspero alias ita pabulosa ut pecua nisi interdum a pastibus arceantur ad periculum agat satias,quarum hibernia ei proximat magnitudine inhumana incolarum ritu aspero alias ita pabulosa ut pecua nisi interdum a pastibus arceantur ad periculum agat satias
12161,body,158,2,False,,"Illic nullus anguis, auis rara, gens inhospita et bellicosa.",illic nullus anguis auis rara gens inhospita et bellicosa,illic nullus anguis auis rara gens inhospita et bellicosa
12161,body,158,3,False,,Sanguine interemptorum hausto prius uictores uultus suos oblinunt.,sanguine interemptorum hausto prius uictores uultus suos oblinunt,sanguine interemptorum hausto prius uictores uultus suos oblinunt
12161,body,158,4,False,,Fas ac nefas eodem loco ducunt.,fas ac nefas eodem loco ducunt,fas ac nefas eodem loco ducunt
12161,body,158,5,False,,"Apis nusquam: aduectum inde puluerem seu lapillos si quis sparserit inter aluearia, examina fauos deserent.",apis nusquam aduectum inde puluerem seu lapillos si quis sparserit inter aluearia examina fauos deserent,apis nusquam aduectum inde puluerem seu lapillos si quis sparserit inter aluearia examina fauos deserent
12161,body,158,6,False,,Sed mare quod inter hanc et Brittaniam interluit undosum inquietumque toto in anno nonnisi pauculis diebus est nauigabile idque in centum uiginti milia passuum latitudinis diffundi qui fidem ad uerum ratiocinati sunt aestimarunt.,sed mare quod inter hanc et brittaniam interluit undosum inquietumque toto in anno nonnisi pauculis diebus est nauigabile idque in centum uiginti milia passuum latitudinis diffundi qui fidem ad uerum ratiocinati sunt aestimarunt,sed mare quod inter hanc et brittaniam interluit undosum inquietumque toto in anno nonnisi pauculis diebus est nauigabile idque in centum uiginti milia passuum latitudinis diffundi qui fidem ad uerum ratiocinati sunt aestimarunt
12161,body,158,7,False,,Siluram quoque insulam ab ora quam gens Brittana Dumnonii tenent turbidum fretum distinguit.,siluram quoque insulam ab ora quam gens brittana dumnonii tenent turbidum fretum distinguit,siluram quoque insulam ab ora quam gens brittana dumnonii tenent turbidum fretum distinguit
12161,body,158,8,False,,Cuius homines etiamnunc custodiunt morem uetustum: nummum refutant; dant res et accipiunt; mutationibus necessaria potius quam pretiis parant; deos percolunt; scientiam futurorum pariter uiri ac feminae ostentant.,cuius homines etiamnunc custodiunt morem uetustum nummum refutant dant res et accipiunt mutationibus necessaria potius quam pretiis parant deos percolunt scientiam futurorum pariter uiri ac feminae ostentant,cuius homines etiamnunc custodiunt morem uetustum nummum refutant dant res et accipiunt mutationibus necessaria potius quam pretiis parant deos percolunt scientiam futurorum pariter uiri ac feminae ostentant
12161,body,158,9,True,,"At Tanatus insula adspiratur freto Gallico, a Brittaniae continente aestuario tenui separata, felix frumentariis campis et gleba uberi, nec tantum sibi uerum et aliis salubris locis; nam cum ipsa nullo serpatur angue, asportata inde terra quoquo gentium inuecta sit angues necat.",at tanatus insula adspiratur freto gallico a brittaniae continente aestuario tenui separata felix frumentariis campis et gleba uberi nec tantum sibi uerum et aliis salubris locis nam cum ipsa nullo serpatur angue asportata inde terra quoquo gentium inuecta sit angues necat,at tanatus insula adspiratur freto gallico a brittaniae continente aestuario tenui separata felix frumentariis campis et gleba uberi nec tantum sibi uerum et aliis salubris locis nam cum ipsa nullo serpatur angue asportata inde terra quoquo gentium inuecta sit angues necat
12161,body,159,0,False,,"Multae et aliae circa Brittaniam insulae, e quibus Thyle ultima, in qua aestiuo solstitio sole de cancri sidere faciente transitum nox nulla: brumali solstitio perinde nullus dies.",multae et aliae circa brittaniam insulae e quibus thyle ultima in qua aestiuo solstitio sole de cancri sidere faciente transitum nox nulla brumali solstitio perinde nullus dies,multae et aliae circa brittaniam insulae e quibus thyle ultima in qua aestiuo solstitio sole de cancri sidere faciente transitum nox nulla brumali solstitio perinde nullus dies
12161,body,159,1,True,,Vltra Thylen accipimus pigrum et concretum mare.,vltra thylen accipimus pigrum et concretum mare,ultra thylen accipimus pigrum et concretum mare
12161,body,160,0,False,,Circuitus Brittaniae quadragies octies septuaginta quinque milia sunt.,circuitus brittaniae quadragies octies septuaginta quinque milia sunt,circuitus brittaniae quadragies octies septuaginta quinque milia sunt
12161,body,160,1,False,,"In quo spatio magna et multa flumina, fontes calidi opiparo exculti apparatu ad usus mortalium; quibus fontibus praesul est Mineruae numen, in cuius aede perpetui ignes numquam canescunt in fauillas, sed ubi ignis tabuit uertit in globos saxeos.",in quo spatio magna et multa flumina fontes calidi opiparo exculti apparatu ad usus mortalium quibus fontibus praesul est mineruae numen in cuius aede perpetui ignes numquam canescunt in fauillas sed ubi ignis tabuit uertit in globos saxeos,in quo spatio magna et multa flumina fontes calidi opiparo exculti apparatu ad usus mortalium quibus fontibus praesul est mineruae numen in cuius aede perpetui ignes numquam canescunt in fauillas sed ubi ignis tabuit uertit in globos saxeos
12161,body,160,2,False,,"Praeterea, ut taceam metallorum largam uariamque copiam quibus Brittaniae solum undique generum pollet uenis locupletibus, gagates hic plurimus optimusque est lapis: si decorem requiras, nigrogemmeus; si naturam, aqua ardet, oleo restinguitur; si potestatem, attritu calefactus adplicita detinet atque sucinum.",praeterea ut taceam metallorum largam uariamque copiam quibus brittaniae solum undique generum pollet uenis locupletibus gagates hic plurimus optimusque est lapis si decorem requiras nigrogemmeus si naturam aqua ardet oleo restinguitur si potestatem attritu calefactus adplicita detinet atque sucinum,praeterea ut taceam metallorum largam uariamque copiam quibus brittaniae solum undique generum pollet uenis locupletibus gagates hic plurimus optimusque est lapis si decorem requiras nigrogemmeus si naturam aqua ardet oleo restinguitur si potestatem attritu calefactus adplicita detinet atque sucinum
12161,body,160,3,True,,"Regionem partim tenent barbari, quibus per artifices plagarum figuras iam inde a pueris uariae animalium effigies incorporantur, inscriptisque uisceribus hominis incremento pigmenti notae crescunt; nec quicquam mage patientiae loco nationes ferae ducunt, quam ut per memores cicatrices plurimum fuci artus bibant.",regionem partim tenent barbari quibus per artifices plagarum figuras iam inde a pueris uariae animalium effigies incorporantur inscriptisque uisceribus hominis incremento pigmenti notae crescunt nec quicquam mage patientiae loco nationes ferae ducunt quam ut per memores cicatrices plurimum fuci artus bibant,regionem partim tenent barbari quibus per artifices plagarum figuras iam inde a pueris uariae animalium effigies incorporantur inscriptisque uisceribus hominis incremento pigmenti notae crescunt nec quicquam mage patientiae loco nationes ferae ducunt quam ut per memores cicatrices plurimum fuci artus bibant
12161,head,161,0,True,,XXIII,xxiii,xxiii
12161,body,162,0,False,,Reuersos ad continentem res Hispanienses uocant.,reuersos ad continentem res hispanienses uocant,reuersos ad continentem res hispanienses uocant
12161,body,162,1,False,,"Terrarum plaga conparanda optimis, nulli posthabenda frugis et soli copia, siue uinearum prouentus respicere siue arborarios uelis.",terrarum plaga conparanda optimis nulli posthabenda frugis et soli copia siue uinearum prouentus respicere siue arborarios uelis,terrarum plaga conparanda optimis nulli posthabenda frugis et soli copia siue uinearum prouentus respicere siue arborarios uelis
12161,body,162,2,False,,"Omni materia affluit, quaecumque aut pretio ambitiosa est aut usu necessaria. argentum uel aurum requiras, habet; ferrariis numquam defecit; non cedit uitibus, uincit olea.",omni materia affluit quaecumque aut pretio ambitiosa est aut usu necessaria argentum uel aurum requiras habet ferrariis numquam defecit non cedit uitibus uincit olea,omni materia affluit quaecumque aut pretio ambitiosa est aut usu necessaria argentum uel aurum requiras habet ferrariis numquam defecit non cedit uitibus uincit olea
12161,body,162,3,False,,"Diuidua est prouinciis tribus, secundo Punico bello nostra facta.",diuidua est prouinciis tribus secundo punico bello nostra facta,diuidua est prouinciis tribus secundo punico bello nostra facta
12161,body,162,4,False,,"Nihil in ea otiosum, nihil sterile: quicquid cuiuscumque modi negat messem, uiget pabulis; etiam quae arida sunt, ab sterilitate rudentum materias nauticis subministrant.",nihil in ea otiosum nihil sterile quicquid cuiuscumque modi negat messem uiget pabulis etiam quae arida sunt ab sterilitate rudentum materias nauticis subministrant,nihil in ea otiosum nihil sterile quicquid cuiuscumque modi negat messem uiget pabulis etiam quae arida sunt ab sterilitate rudentum materias nauticis subministrant
12161,body,162,5,False,,"Non coquunt ibi sales, sed effodiunt.",non coquunt ibi sales sed effodiunt,non coquunt ibi sales sed effodiunt
12161,body,162,6,False,,Depurgant in minium nitellas pulueris.,depurgant in minium nitellas pulueris,depurgant in minium nitellas pulueris
12161,body,162,7,True,,"Fucant uellera, ut ad ruborem merum depotent cocci uenenum.",fucant uellera ut ad ruborem merum depotent cocci uenenum,fucant uellera ut ad ruborem merum depotent cocci uenenum
12161,body,163,0,False,,"In Lusitania promunturium est quod Artabrum alii, alii Olisiponense dicunt.",in lusitania promunturium est quod artabrum alii alii olisiponense dicunt,in lusitania promunturium est quod artabrum alii alii olisiponense dicunt
12161,body,163,1,False,,"Hoc caelum terras maria distinguit, terris Hispaniae latus finit; caelum et maria hoc modo diuidit, quod a circuitu eius incipiunt Oceanus Gallicus et frons septentrionalis, Oceano Atlantico et occasu terminatis.",hoc caelum terras maria distinguit terris hispaniae latus finit caelum et maria hoc modo diuidit quod a circuitu eius incipiunt oceanus gallicus et frons septentrionalis oceano atlantico et occasu terminatis,hoc caelum terras maria distinguit terris hispaniae latus finit caelum et maria hoc modo diuidit quod a circuitu eius incipiunt oceanus gallicus et frons septentrionalis oceano atlantico et occasu terminatis
12161,body,163,2,False,,"Ibi oppidum Olisipone Vlixi conditum, ibi Tagus flumen.",ibi oppidum olisipone vlixi conditum ibi tagus flumen,ibi oppidum olisipone ulixi conditum ibi tagus flumen
12161,body,163,3,False,,Tagum ob harenas auriferas ceteris praetulerunt.,tagum ob harenas auriferas ceteris praetulerunt,tagum ob harenas auriferas ceteris praetulerunt
12161,body,163,4,False,,In proximis Olisiponis equae lasciuiunt mira fecunditate; nam aspiratae fauonii uento concipiunt et sitientes uiros aurarum spiritu maritantur.,in proximis olisiponis equae lasciuiunt mira fecunditate nam aspiratae fauonii uento concipiunt et sitientes uiros aurarum spiritu maritantur,in proximis olisiponis equae lasciuiunt mira fecunditate nam aspiratae fauonii uento concipiunt et sitientes uiros aurarum spiritu maritantur
12161,body,163,5,False,,"Hiberus amnis toti Hispaniae nomen dedit, Baetis prouinciae, uterque nobilis.",hiberus amnis toti hispaniae nomen dedit baetis prouinciae uterque nobilis,hiberus amnis toti hispaniae nomen dedit baetis prouinciae uterque nobilis
12161,body,163,6,True,,"Carthaginem apud Hiberos, quae mox colonia facta est, Poeni condiderunt, Tarraconem Scipiones; ideo caput est prouinciae Tarraconensis.",carthaginem apud hiberos quae mox colonia facta est poeni condiderunt tarraconem scipiones ideo caput est prouinciae tarraconensis,carthaginem apud hiberos quae mox colonia facta est poeni condiderunt tarraconem scipiones ideo caput est prouinciae tarraconensis
12161,body,164,0,True,,"Lusitanum litus floret gemma ceraunio plurimum, quod etiam Indicis praeferunt; huius ceraunii color est e pyropo; qualitas igni probatur; quem si sine detrimento sui perferat, aduersum uim fulgurum creditur opitulari.",lusitanum litus floret gemma ceraunio plurimum quod etiam indicis praeferunt huius ceraunii color est e pyropo qualitas igni probatur quem si sine detrimento sui perferat aduersum uim fulgurum creditur opitulari,lusitanum litus floret gemma ceraunio plurimum quod etiam indicis praeferunt huius ceraunii color est e pyropo qualitas igni probatur quem si sine detrimento sui perferat aduersum uim fulgurum creditur opitulari
12161,body,165,0,False,,"Cassiterides insulae spectant aduersum Celtiberiae latus, plumbi fertiles, et tres Fortunatae, e quibus solum uocabulum signandum fuit.",cassiterides insulae spectant aduersum celtiberiae latus plumbi fertiles et tres fortunatae e quibus solum uocabulum signandum fuit,cassiterides insulae spectant aduersum celtiberiae latus plumbi fertiles et tres fortunatae e quibus solum uocabulum signandum fuit
12161,body,165,1,False,,"Ebusus quae a Dianio abest septingenta stadia, serpentem non habet, utpote cuius terra serpentes fuget.",ebusus quae a dianio abest septingenta stadia serpentem non habet utpote cuius terra serpentes fuget,ebusus quae a dianio abest septingenta stadia serpentem non habet utpote cuius terra serpentes fuget
12161,body,165,2,False,,Colubraria quae Sucronem uersus est feta est anguibus.,colubraria quae sucronem uersus est feta est anguibus,colubraria quae sucronem uersus est feta est anguibus
12161,body,165,3,False,,"Bocchoris regnum Baleares fuerunt, usque ad euersionem frugum cuniculis animalibus quondam copiosae.",bocchoris regnum baleares fuerunt usque ad euersionem frugum cuniculis animalibus quondam copiosae,bocchoris regnum baleares fuerunt usque ad euersionem frugum cuniculis animalibus quondam copiosae
12161,body,165,4,False,,"In capite Baeticae, ubi extremus est noti orbis terminus, insula continenti septingentis pedibus separatur, quam Tyrii a Rubro profecti mari Erythream, Poeni lingua sua Gadir, id est saepem nominauerunt.",in capite baeticae ubi extremus est noti orbis terminus insula continenti septingentis pedibus separatur quam tyrii a rubro profecti mari erythream poeni lingua sua gadir id est saepem nominauerunt,in capite baeticae ubi extremus est noti orbis terminus insula continenti septingentis pedibus separatur quam tyrii a rubro profecti mari erythream poeni lingua sua gadir id est saepem nominauerunt
12161,body,165,5,True,,"In hac Geryonem aeuum agitauisse plurimis monumentis probatur, tametsi quidam putent Herculem boues ex alia insula abduxisse, quae Lusitaniam contuetur.",in hac geryonem aeuum agitauisse plurimis monumentis probatur tametsi quidam putent herculem boues ex alia insula abduxisse quae lusitaniam contuetur,in hac geryonem aeuum agitauisse plurimis monumentis probatur tametsi quidam putent herculem boues ex alia insula abduxisse quae lusitaniam contuetur
12161,body,166,0,False,,"Sed Gaditanum fretum, a Gadibus dictum, Atlanticos aestus in nostrum mare discidio inmittit orbis.",sed gaditanum fretum a gadibus dictum atlanticos aestus in nostrum mare discidio inmittit orbis,sed gaditanum fretum a gadibus dictum atlanticos aestus in nostrum mare discidio inmittit orbis
12161,body,166,1,False,,"Nam Oceanus, quem Graii sic nominant de celeritate, ab occasu solis inrumpens laeuo latere Europam radit, Africam dextero, scissisque Calpe et Abinna montibus quos dicunt columnas Herculis, inter Mauros funditur et Hispaniam; ac freto isti, cuius quindecim milia passuum efficit longitudo, latitudo uix septem, quodam ostio aperit limen interni aequoris, mixtus mediterraneis sinibus, quos ad usque orientem propellit.",nam oceanus quem graii sic nominant de celeritate ab occasu solis inrumpens laeuo latere europam radit africam dextero scissisque calpe et abinna montibus quos dicunt columnas herculis inter mauros funditur et hispaniam ac freto isti cuius quindecim milia passuum efficit longitudo latitudo uix septem quodam ostio aperit limen interni aequoris mixtus mediterraneis sinibus quos ad usque orientem propellit,nam oceanus quem graii sic nominant de celeritate ab occasu solis inrumpens laeuo latere europam radit africam dextero scissisque calpe et abinna montibus quos dicunt columnas herculis inter mauros funditur et hispaniam ac freto isti cuius quindecim milia passuum efficit longitudo latitudo uix septem quodam ostio aperit limen interni aequoris mixtus mediterraneis sinibus quos ad usque orientem propellit
12161,body,166,2,False,,"Horum qui Hispanias perfundit Hibericus fertur et Balearicus; qui Narbonensem prouinciam Gallicus; mox Ligusticus; ab eo ad Siciliam Tuscus, quem Graeci Ionium uel Tyrrhenum, Itali inferum uocitant; a Sicilia Cretam usque Siculus; inde Creticus, qui in Pamphyliam et Aegyptum pertendit; quae aquarum moles torto in septentrionem prius latere, anfractibus magnis iuxta Graecias et Hillyricum per Hellespontum in angustias stringitur Propontidis; quae Propontis Europam Asiamque discriminans ad Maeotidem peruenit.",horum qui hispanias perfundit hibericus fertur et balearicus qui narbonensem prouinciam gallicus mox ligusticus ab eo ad siciliam tuscus quem graeci ionium uel tyrrhenum itali inferum uocitant a sicilia cretam usque siculus inde creticus qui in pamphyliam et aegyptum pertendit quae aquarum moles torto in septentrionem prius latere anfractibus magnis iuxta graecias et hillyricum per hellespontum in angustias stringitur propontidis quae propontis europam asiamque discriminans ad maeotidem peruenit,horum qui hispanias perfundit hibericus fertur et balearicus qui narbonensem prouinciam gallicus mox ligusticus ab eo ad siciliam tuscus quem graeci ionium uel tyrrhenum itali inferum uocitant a sicilia cretam usque siculus inde creticus qui in pamphyliam et aegyptum pertendit quae aquarum moles torto in septentrionem prius latere anfractibus magnis iuxta graecias et hillyricum per hellespontum in angustias stringitur propontidis quae propontis europam asiamque discriminans ad maeotidem peruenit
12161,body,166,3,False,,Causas nominum non uniformis dedit ratio.,causas nominum non uniformis dedit ratio,causas nominum non uniformis dedit ratio
12161,body,166,4,False,,"Asiaticum et Phoenicum a prouinciis dictum, ab insulis Carpathium Aegaeum Icarium Balearicum Cypricum; a gentibus Ausonium Dalmaticum Ligusticum Tuscum; ab oppidis Adriaticum Argolicum Corinthium Tyrium; a casibus hominum Myrteum uel Hellespontum; a memoria regis Ionium; a bouis transitu uel angustiis etiam meatibus boum peruiis Bosporos; a moribus accolarum Euxinus, Axinos ante appellatus; ab ordine fluenti Propontis.",asiaticum et phoenicum a prouinciis dictum ab insulis carpathium aegaeum icarium balearicum cypricum a gentibus ausonium dalmaticum ligusticum tuscum ab oppidis adriaticum argolicum corinthium tyrium a casibus hominum myrteum uel hellespontum a memoria regis ionium a bouis transitu uel angustiis etiam meatibus boum peruiis bosporos a moribus accolarum euxinus axinos ante appellatus ab ordine fluenti propontis,asiaticum et phoenicum a prouinciis dictum ab insulis carpathium aegaeum icarium balearicum cypricum a gentibus ausonium dalmaticum ligusticum tuscum ab oppidis adriaticum argolicum corinthium tyrium a casibus hominum myrteum uel hellespontum a memoria regis ionium a bouis transitu uel angustiis etiam meatibus boum peruiis bosporos a moribus accolarum euxinus axinos ante appellatus ab ordine fluenti propontis
12161,body,166,5,False,,"Aegyptium pelagus Asiae datur, Gallicum Europae, Africum Libyae; his ut quaeque proxima sunt uenerunt in partes partium.",aegyptium pelagus asiae datur gallicum europae africum libyae his ut quaeque proxima sunt uenerunt in partes partium,aegyptium pelagus asiae datur gallicum europae africum libyae his ut quaeque proxima sunt uenerunt in partes partium
12161,body,166,6,False,,Haec in gremiis terrarum.,haec in gremiis terrarum,haec in gremiis terrarum
12161,body,166,7,False,,"Oras autem extimas Oceanus amplectitur, qui a litoribus suis Arabicus Persicus Indicus Eous Sericus Hyrcanus Caspius Scythicus Germanicus Gallicus Atlanticus Libycus Aegyptius dicitur.",oras autem extimas oceanus amplectitur qui a litoribus suis arabicus persicus indicus eous sericus hyrcanus caspius scythicus germanicus gallicus atlanticus libycus aegyptius dicitur,oras autem extimas oceanus amplectitur qui a litoribus suis arabicus persicus indicus eous sericus hyrcanus caspius scythicus germanicus gallicus atlanticus libycus aegyptius dicitur
12161,body,166,8,False,,"Cuius accessus incrementa circa litora Indiae uehementissime proruunt maximosque ibi exitus faciunt, siue quod *suspensius sustollatur ui caloris, seu quod in ea parte orbis et fontium et fluminum copia sit effusior.",cuius accessus incrementa circa litora indiae uehementissime proruunt maximosque ibi exitus faciunt siue quod suspensius sustollatur ui caloris seu quod in ea parte orbis et fontium et fluminum copia sit effusior,cuius accessus incrementa circa litora indiae uehementissime proruunt maximosque ibi exitus faciunt siue quod suspensius sustollatur ui caloris seu quod in ea parte orbis et fontium et fluminum copia sit effusior
12161,body,166,9,False,,"Dubitatur etiamnunc quibus ex causis intumescat uel quatenus, cum superfluus sibi fuerit, rursus in se residat.",dubitatur etiamnunc quibus ex causis intumescat uel quatenus cum superfluus sibi fuerit rursus in se residat,dubitatur etiamnunc quibus ex causis intumescat uel quatenus cum superfluus sibi fuerit rursus in se residat
12161,body,166,10,False,,Nec in obscuro est plura pro ingeniis disserentium potius quam pro ueritatis fide expressa.,nec in obscuro est plura pro ingeniis disserentium potius quam pro ueritatis fide expressa,nec in obscuro est plura pro ingeniis disserentium potius quam pro ueritatis fide expressa
12161,body,166,11,False,,Sed omisso ancipiti concurrentium quaestionum has opiniones probatissimas inuenimus.,sed omisso ancipiti concurrentium quaestionum has opiniones probatissimas inuenimus,sed omisso ancipiti concurrentium quaestionum has opiniones probatissimas inuenimus
12161,body,166,12,False,,Physici aiunt mundum animal esse eumque ex uariis elementorum corporibus conglobatum moueri spiritu regente; quae utraque diffusa per membra omnia aeternae molis uigorem exerceant.,physici aiunt mundum animal esse eumque ex uariis elementorum corporibus conglobatum moueri spiritu regente quae utraque diffusa per membra omnia aeternae molis uigorem exerceant,physici aiunt mundum animal esse eumque ex uariis elementorum corporibus conglobatum moueri spiritu regente quae utraque diffusa per membra omnia aeternae molis uigorem exerceant
12161,body,166,13,False,,"Sicut ergo in corporibus nostris commercia sunt spiritalia, ita in profundis Oceani nares quasdam mundi constitutas, per quas emissi anhelitus uel reducti modo efflent maria, modo reuocent.",sicut ergo in corporibus nostris commercia sunt spiritalia ita in profundis oceani nares quasdam mundi constitutas per quas emissi anhelitus uel reducti modo efflent maria modo reuocent,sicut ergo in corporibus nostris commercia sunt spiritalia ita in profundis oceani nares quasdam mundi constitutas per quas emissi anhelitus uel reducti modo efflent maria modo reuocent
12161,body,166,14,False,,"At hi qui siderum sequuntur disciplinam contendunt meatus istos commoueri lunae cursibus, adeo ut sic uicissitudines inter maciem aquarum et plenitudinem respiciant ad auctus eius uel eliquia.",at hi qui siderum sequuntur disciplinam contendunt meatus istos commoueri lunae cursibus adeo ut sic uicissitudines inter maciem aquarum et plenitudinem respiciant ad auctus eius uel eliquia,at hi qui siderum sequuntur disciplinam contendunt meatus istos commoueri lunae cursibus adeo ut sic uicissitudines inter maciem aquarum et plenitudinem respiciant ad auctus eius uel eliquia
12161,body,166,15,True,,"Neque eodem semper tempore, sed prout illa aut mergatur aut surgat uariant se alternantes recursus.",neque eodem semper tempore sed prout illa aut mergatur aut surgat uariant se alternantes recursus,neque eodem semper tempore sed prout illa aut mergatur aut surgat uariant se alternantes recursus
12161,head,167,0,True,,XXIV,xxiv,xxiu
12161,body,168,0,False,,"De Hispania excursus in Libyam; nam Baelone progressos, quod Baeticae oppidum est, ultra interiacens fretum trium et triginta milium passuum Tingi excipit, Mauretaniae nunc colonia, sed cuius Antaeus primus auctor est.",de hispania excursus in libyam nam baelone progressos quod baeticae oppidum est ultra interiacens fretum trium et triginta milium passuum tingi excipit mauretaniae nunc colonia sed cuius antaeus primus auctor est,de hispania excursus in libyam nam baelone progressos quod baeticae oppidum est ultra interiacens fretum trium et triginta milium passuum tingi excipit mauretaniae nunc colonia sed cuius antaeus primus auctor est
12161,body,168,1,False,,"Porro quod in illo ambitu Aegyptium finitur pelagus et Libycum incipit, placuit ut Africam Libyam diceremus.",porro quod in illo ambitu aegyptium finitur pelagus et libycum incipit placuit ut africam libyam diceremus,porro quod in illo ambitu aegyptium finitur pelagus et libycum incipit placuit ut africam libyam diceremus
12161,body,168,2,False,,"Quidam tamen Libyam a Libya Epaphi filia, Africam autem ab Afro Libyis Hereulis filio potius dictam receperunt.",quidam tamen libyam a libya epaphi filia africam autem ab afro libyis hereulis filio potius dictam receperunt,quidam tamen libyam a libya epaphi filia africam autem ab afro libyis hereulis filio potius dictam receperunt
12161,body,168,3,False,,"Lix quoque colonia in eodem tractu constituta est, ubi Antaei regia, qui implicandis explicandisque nexibus humi melius sciens, uelut genitus matre terra, ibidem Herculi uictus est.",lix quoque colonia in eodem tractu constituta est ubi antaei regia qui implicandis explicandisque nexibus humi melius sciens uelut genitus matre terra ibidem herculi uictus est,lix quoque colonia in eodem tractu constituta est ubi antaei regia qui implicandis explicandisque nexibus humi melius sciens uelut genitus matre terra ibidem herculi uictus est
12161,body,168,4,False,,"Nam de hortis Hesperidum et peruigili dracone, ne famae licentia uulneretur fides, ratio haec est.",nam de hortis hesperidum et peruigili dracone ne famae licentia uulneretur fides ratio haec est,nam de hortis hesperidum et peruigili dracone ne famae licentia uulneretur fides ratio haec est
12161,body,168,5,False,,"Flexuoso meatu aestuarium e mari fertur adeo sinuosis lateribus tortuosum, ut uisentibus procul lapsus angueos fracta uertigine mentiatur; itaque quod hortos appellauere circumdat, unde pomorum custodes interpretantes struxerunt iter ad mendacium fabulandi.",flexuoso meatu aestuarium e mari fertur adeo sinuosis lateribus tortuosum ut uisentibus procul lapsus angueos fracta uertigine mentiatur itaque quod hortos appellauere circumdat unde pomorum custodes interpretantes struxerunt iter ad mendacium fabulandi,flexuoso meatu aestuarium e mari fertur adeo sinuosis lateribus tortuosum ut uisentibus procul lapsus angueos fracta uertigine mentiatur itaque quod hortos appellauere circumdat unde pomorum custodes interpretantes struxerunt iter ad mendacium fabulandi
12161,body,168,6,False,,"Sed haec insula, insinuata sinibus aluei recurrentis et in quibusdam aequoris spiris sita, praeter arbores oleastri similes et aram sacram Herculi aliud nihil praefert quo propaget uetustatis memoriam.",sed haec insula insinuata sinibus aluei recurrentis et in quibusdam aequoris spiris sita praeter arbores oleastri similes et aram sacram herculi aliud nihil praefert quo propaget uetustatis memoriam,sed haec insula insinuata sinibus aluei recurrentis et in quibusdam aequoris spiris sita praeter arbores oleastri similes et aram sacram herculi aliud nihil praefert quo propaget uetustatis memoriam
12161,body,168,7,False,,"Verum ultra frutices aureos et metalla frondentia illud magis mirum, quod solum inferiore licet libra depressum numquam accessu freti superlabitur, sed obstaculo naturalis repaguli in ipsis marginibus haeret unda et intimis orarum superciliis sponte fluctus ingrui resistuntur; spectando nimirum ingenio loci planities manet sicca, quamuis prona aequora superueniant.",verum ultra frutices aureos et metalla frondentia illud magis mirum quod solum inferiore licet libra depressum numquam accessu freti superlabitur sed obstaculo naturalis repaguli in ipsis marginibus haeret unda et intimis orarum superciliis sponte fluctus ingrui resistuntur spectando nimirum ingenio loci planities manet sicca quamuis prona aequora superueniant,uerum ultra frutices aureos et metalla frondentia illud magis mirum quod solum inferiore licet libra depressum numquam accessu freti superlabitur sed obstaculo naturalis repaguli in ipsis marginibus haeret unda et intimis orarum superciliis sponte fluctus ingrui resistuntur spectando nimirum ingenio loci planities manet sicca quamuis prona aequora superueniant
12161,body,168,8,False,,Sala oppidum imminet Salae flumini.,sala oppidum imminet salae flumini,sala oppidum imminet salae flumini
12161,body,168,9,False,,Ab hoc per Autolorum gentem iter est in Atlanticas solitudines.,ab hoc per autolorum gentem iter est in atlanticas solitudines,ab hoc per autolorum gentem iter est in atlanticas solitudines
12161,body,168,10,False,,"Atlas mons e media harenarum consurgit uastitate et eductus in uiciniam lunaris circuli ultra nubila caput condit; qua ad Oceanum extenditur, cui a se nomen dedit, manat fontibus, nemoribus inhorrescit, rupibus asperatur, squalet ieiunio, humo nuda nec herbida; qua Africam contra uersus est, felix nascentibus sponte frugibus, arboribus proceris opacissimus, quarum odor grauis, comae cupressi similes uestiuntur lanugine sericis uelleribus nihilo uiliore.",atlas mons e media harenarum consurgit uastitate et eductus in uiciniam lunaris circuli ultra nubila caput condit qua ad oceanum extenditur cui a se nomen dedit manat fontibus nemoribus inhorrescit rupibus asperatur squalet ieiunio humo nuda nec herbida qua africam contra uersus est felix nascentibus sponte frugibus arboribus proceris opacissimus quarum odor grauis comae cupressi similes uestiuntur lanugine sericis uelleribus nihilo uiliore,atlas mons e media harenarum consurgit uastitate et eductus in uiciniam lunaris circuli ultra nubila caput condit qua ad oceanum extenditur cui a se nomen dedit manat fontibus nemoribus inhorrescit rupibus asperatur squalet ieiunio humo nuda nec herbida qua africam contra uersus est felix nascentibus sponte frugibus arboribus proceris opacissimus quarum odor grauis comae cupressi similes uestiuntur lanugine sericis uelleribus nihilo uiliore
12161,body,168,11,False,,"In eo latere et herba euphorbea copiosa, cuius sucus ad oculariam proficit claritatem nec mediocriter percellit uim uenenorum.",in eo latere et herba euphorbea copiosa cuius sucus ad oculariam proficit claritatem nec mediocriter percellit uim uenenorum,in eo latere et herba euphorbea copiosa cuius sucus ad oculariam proficit claritatem nec mediocriter percellit uim uenenorum
12161,body,168,12,False,,Vertex semper niualis.,vertex semper niualis,uertex semper niualis
12161,body,168,13,False,,Saltus eius quadrupedes ac serpentes ferae et cum his elephanti occupauerunt.,saltus eius quadrupedes ac serpentes ferae et cum his elephanti occupauerunt,saltus eius quadrupedes ac serpentes ferae et cum his elephanti occupauerunt
12161,body,168,14,False,,"Silet per diem uniuersus nec sine horrore secretus est, lucet nocturnis ignibus, choris Aegipanum undique personatur; audiuntur et cantus tibiarum et tinnitus cymbalorum per oram maritimam.",silet per diem uniuersus nec sine horrore secretus est lucet nocturnis ignibus choris aegipanum undique personatur audiuntur et cantus tibiarum et tinnitus cymbalorum per oram maritimam,silet per diem uniuersus nec sine horrore secretus est lucet nocturnis ignibus choris aegipanum undique personatur audiuntur et cantus tibiarum et tinnitus cymbalorum per oram maritimam
12161,body,168,15,False,,"A Lixo abest quinque et ducentis milibus passuum, Lix a Gaditano freto centum duodecim milibus.",a lixo abest quinque et ducentis milibus passuum lix a gaditano freto centum duodecim milibus,a lixo abest quinque et ducentis milibus passuum lix a gaditano freto centum duodecim milibus
12161,body,168,16,False,,"Habitatus ante, ut indicat loci facies quondam cultu exercita, in qua usque adhuc uitis et palmae extat uestigium.",habitatus ante ut indicat loci facies quondam cultu exercita in qua usque adhuc uitis et palmae extat uestigium,habitatus ante ut indicat loci facies quondam cultu exercita in qua usque adhuc uitis et palmae extat uestigium
12161,body,168,17,False,,"Apex Perseo et Herculi peruius, ceteris inaccessus: ita fidem ararum inscriptio palam facit.",apex perseo et herculi peruius ceteris inaccessus ita fidem ararum inscriptio palam facit,apex perseo et herculi peruius ceteris inaccessus ita fidem ararum inscriptio palam facit
12161,body,168,18,False,,"Qua spectat occasum, inter ipsum et flumen Anatim per quadringenta nonaginta sex milia passuum infames bestiis siluae obsident.",qua spectat occasum inter ipsum et flumen anatim per quadringenta nonaginta sex milia passuum infames bestiis siluae obsident,qua spectat occasum inter ipsum et flumen anatim per quadringenta nonaginta sex milia passuum infames bestiis siluae obsident
12161,body,168,19,False,,"Amnes circa eum non tacendi, qui licet separentur interuallis amplioribus, transierunt tamen in quoddam Atlantici nominis ministerium, Asana marino haustu: Bambotum crocodillis et hippopotamis refertum *ultraque adhuc amnis qui atro colore exit per intimas et exustas solitudines, quae torrente perpetuo et sole nimio plus quam ignito numquam ab aestu uindicantur.",amnes circa eum non tacendi qui licet separentur interuallis amplioribus transierunt tamen in quoddam atlantici nominis ministerium asana marino haustu bambotum crocodillis et hippopotamis refertum ultraque adhuc amnis qui atro colore exit per intimas et exustas solitudines quae torrente perpetuo et sole nimio plus quam ignito numquam ab aestu uindicantur,amnes circa eum non tacendi qui licet separentur interuallis amplioribus transierunt tamen in quoddam atlantici nominis ministerium asana marino haustu bambotum crocodillis et hippopotamis refertum ultraque adhuc amnis qui atro colore exit per intimas et exustas solitudines quae torrente perpetuo et sole nimio plus quam ignito numquam ab aestu uindicantur
12161,body,168,20,False,,"Haec de Atlante, quem Mauri Addirim nominant, et *Hannonis Punici libri et nostri annales prodiderunt, Iuba etiam Ptotemaei filius qui utriusque Mauretaniae regno potitus est.",haec de atlante quem mauri addirim nominant et hannonis punici libri et nostri annales prodiderunt iuba etiam ptotemaei filius qui utriusque mauretaniae regno potitus est,haec de atlante quem mauri addirim nominant et hannonis punici libri et nostri annales prodiderunt iuba etiam ptotemaei filius qui utriusque mauretaniae regno potitus est
12161,body,168,21,True,,"Suetonius quoque Paulinus summam huic cognitioni inposuit manum, qui ultra Atlantem primus et paene solus Romana signa circumtulit.",suetonius quoque paulinus summam huic cognitioni inposuit manum qui ultra atlantem primus et paene solus romana signa circumtulit,suetonius quoque paulinus summam huic cognitioni inposuit manum qui ultra atlantem primus et paene solus romana signa circumtulit
12161,head,169,0,True,,XXV,xxv,xxu
12161,body,170,0,False,,"E prouinciis Mauretaniis Tingitana, quae solstitiali plagae obuia est quaeque porrigitur ad internum mare, exurgit montibus septem, qui a similitudine fratres appellati freto imminent.",e prouinciis mauretaniis tingitana quae solstitiali plagae obuia est quaeque porrigitur ad internum mare exurgit montibus septem qui a similitudine fratres appellati freto imminent,e prouinciis mauretaniis tingitana quae solstitiali plagae obuia est quaeque porrigitur ad internum mare exurgit montibus septem qui a similitudine fratres appellati freto imminent
12161,body,170,1,False,,Hi montes elephantis frequentissimi sunt.,hi montes elephantis frequentissimi sunt,hi montes elephantis frequentissimi sunt
12161,body,170,2,False,,Monent a principio hoc animantium genus dicere.,monent a principio hoc animantium genus dicere,monent a principio hoc animantium genus dicere
12161,body,170,3,False,,"Igitur elephanti iuxta sensum humanum intellectus habent, memoria pollent, siderum seruant disciplinam.",igitur elephanti iuxta sensum humanum intellectus habent memoria pollent siderum seruant disciplinam,igitur elephanti iuxta sensum humanum intellectus habent memoria pollent siderum seruant disciplinam
12161,body,170,4,False,,"Luna nitescente gregatim amnes petunt, mox perspersi liquore solis exortum motibus quibus possunt salutant, deinde in saltus reuertuntur.",luna nitescente gregatim amnes petunt mox perspersi liquore solis exortum motibus quibus possunt salutant deinde in saltus reuertuntur,luna nitescente gregatim amnes petunt mox perspersi liquore solis exortum motibus quibus possunt salutant deinde in saltus reuertuntur
12161,body,170,5,False,,"Duo eorum genera sunt: nobiliores indicat magnitudo, minores nothos dicunt.",duo eorum genera sunt nobiliores indicat magnitudo minores nothos dicunt,duo eorum genera sunt nobiliores indicat magnitudo minores nothos dicunt
12161,body,170,6,False,,"Candore dentium intellegitur iuuenta; quorum alter semper in ministerio est, alteri parcitur, ne hebetatus assiduo repercussu minus uigeat si fuerit dimicandum.",candore dentium intellegitur iuuenta quorum alter semper in ministerio est alteri parcitur ne hebetatus assiduo repercussu minus uigeat si fuerit dimicandum,candore dentium intellegitur iuuenta quorum alter semper in ministerio est alteri parcitur ne hebetatus assiduo repercussu minus uigeat si fuerit dimicandum
12161,body,170,7,False,,"Cum uenatu premuntur, pariter affligunt utrosque, ut damnato ebore non requirantur; hanc enim sibi causam periculi inesse sentiunt.",cum uenatu premuntur pariter affligunt utrosque ut damnato ebore non requirantur hanc enim sibi causam periculi inesse sentiunt,cum uenatu premuntur pariter affligunt utrosque ut damnato ebore non requirantur hanc enim sibi causam periculi inesse sentiunt
12161,body,170,8,False,,"Oberrant agminatim; natu maximus ducit agmen, aetate proximus cogit [sequentes].",oberrant agminatim natu maximus ducit agmen aetate proximus cogit sequentes,oberrant agminatim natu maximus ducit agmen aetate proximus cogit sequentes
12161,body,170,9,False,,"Flumen transituri minimos antemittunt, ne maiores ingressu alueum atterant et profundos gurgites depressis uadis faciant.",flumen transituri minimos antemittunt ne maiores ingressu alueum atterant et profundos gurgites depressis uadis faciant,flumen transituri minimos antemittunt ne maiores ingressu alueum atterant et profundos gurgites depressis uadis faciant
12161,body,170,10,False,,"Venerem ante annos decem feminae, ante quinque mares nesciunt.",venerem ante annos decem feminae ante quinque mares nesciunt,uenerem ante annos decem feminae ante quinque mares nesciunt
12161,body,170,11,False,,"Biennio coeunt quinis nec amplius in anno diebus, non prius ad gregarium numerum reuersuri quam uiuis aquis abluantur.",biennio coeunt quinis nec amplius in anno diebus non prius ad gregarium numerum reuersuri quam uiuis aquis abluantur,biennio coeunt quinis nec amplius in anno diebus non prius ad gregarium numerum reuersuri quam uiuis aquis abluantur
12161,body,170,12,False,,Propter feminas numquam dimicant: nulla enim nouerunt adulteria.,propter feminas numquam dimicant nulla enim nouerunt adulteria,propter feminas numquam dimicant nulla enim nouerunt adulteria
12161,body,170,13,False,,"Inest illis clementiae bonum; quippe si per deserta uagabundum hominem forte uiderint, ductus usque ad notas uias praebent; uel si confertis pecoribus occursitent, itinera sibi blanda et placida manu faciunt, ne quod obuium animal interimant conflictu fortuito.",inest illis clementiae bonum quippe si per deserta uagabundum hominem forte uiderint ductus usque ad notas uias praebent uel si confertis pecoribus occursitent itinera sibi blanda et placida manu faciunt ne quod obuium animal interimant conflictu fortuito,inest illis clementiae bonum quippe si per deserta uagabundum hominem forte uiderint ductus usque ad notas uias praebent uel si confertis pecoribus occursitent itinera sibi blanda et placida manu faciunt ne quod obuium animal interimant conflictu fortuito
12161,body,170,14,False,,"Si quando pugnatur, non mediocrem habent curam sauciorum; nam fessos uulneratosque in medium receptant.",si quando pugnatur non mediocrem habent curam sauciorum nam fessos uulneratosque in medium receptant,si quando pugnatur non mediocrem habent curam sauciorum nam fessos uulneratosque in medium receptant
12161,body,170,15,False,,"Cum captiuitate uenerint in manus hominum, mansuescunt hausto hordei suco.",cum captiuitate uenerint in manus hominum mansuescunt hausto hordei suco,cum captiuitate uenerint in manus hominum mansuescunt hausto hordei suco
12161,body,170,16,False,,Maria transmeaturi in naues non prius subeunt quam de reditu illis sacramentum luatur.,maria transmeaturi in naues non prius subeunt quam de reditu illis sacramentum luatur,maria transmeaturi in naues non prius subeunt quam de reditu illis sacramentum luatur
12161,body,170,17,False,,Indicos elephantos Mauretani timent et quasi paruitatis suae conscii aspernantur ab his uideri.,indicos elephantos mauretani timent et quasi paruitatis suae conscii aspernantur ab his uideri,indicos elephantos mauretani timent et quasi paruitatis suae conscii aspernantur ab his uideri
12161,body,170,18,False,,"Non annis decem, ut uulgus, sed biennio, ut Aristoteles definit, utero grauescunt, nec amplius quam semel gignunt, nec plures quam singulos.",non annis decem ut uulgus sed biennio ut aristoteles definit utero grauescunt nec amplius quam semel gignunt nec plures quam singulos,non annis decem ut uulgus sed biennio ut aristoteles definit utero grauescunt nec amplius quam semel gignunt nec plures quam singulos
12161,body,170,19,False,,Viuunt in annos trecentos.,viuunt in annos trecentos,uiuunt in annos trecentos
12161,body,170,20,False,,Inpatientissimi frigoris.,inpatientissimi frigoris,inpatientissimi frigoris
12161,body,170,21,False,,"Truncos edunt, lapides hauriunt, gratissimas in cibatu habent palmas.",truncos edunt lapides hauriunt gratissimas in cibatu habent palmas,truncos edunt lapides hauriunt gratissimas in cibatu habent palmas
12161,body,170,22,False,,Odorem muris uel maxime fugiunt; pabula etiam quae a musculis contacta sint recusant.,odorem muris uel maxime fugiunt pabula etiam quae a musculis contacta sint recusant,odorem muris uel maxime fugiunt pabula etiam quae a musculis contacta sint recusant
12161,body,170,23,False,,"Si quis casu chamaeleontem deuorauerit, uermem elephantis ueneficum, oleastro sumpto pesti medetur.",si quis casu chamaeleontem deuorauerit uermem elephantis ueneficum oleastro sumpto pesti medetur,si quis casu chamaeleontem deuorauerit uermem elephantis ueneficum oleastro sumpto pesti medetur
12161,body,170,24,False,,"Durissimum dorso tergus est, uentri mollius.",durissimum dorso tergus est uentri mollius,durissimum dorso tergus est uentri mollius
12161,body,170,25,False,,Setarum hirsutiae nullae.,setarum hirsutiae nullae,setarum hirsutiae nullae
12161,body,170,26,False,,Inter hos et dracones iugis discordia.,inter hos et dracones iugis discordia,inter hos et dracones iugis discordia
12161,body,170,27,False,,"Denique insidiae hoc astu praeparantur: serpentes propter semitas delitescunt, per quas elephanti assuetis callibus euagantur; atque ita praetermissis prioribus postremos adoriuntur, ne qui antecesserunt queant opitulari; primumque pedes nodis ligant, ut laqueatis cruribus inpediant gradiendi facultatem; nam elephanti, nisi praeuenti hac spirarum mora, uel arboribus se uel saxis applicant, ut pondere nitibundo attritos necent angues.",denique insidiae hoc astu praeparantur serpentes propter semitas delitescunt per quas elephanti assuetis callibus euagantur atque ita praetermissis prioribus postremos adoriuntur ne qui antecesserunt queant opitulari primumque pedes nodis ligant ut laqueatis cruribus inpediant gradiendi facultatem nam elephanti nisi praeuenti hac spirarum mora uel arboribus se uel saxis applicant ut pondere nitibundo attritos necent angues,denique insidiae hoc astu praeparantur serpentes propter semitas delitescunt per quas elephanti assuetis callibus euagantur atque ita praetermissis prioribus postremos adoriuntur ne qui antecesserunt queant opitulari primumque pedes nodis ligant ut laqueatis cruribus inpediant gradiendi facultatem nam elephanti nisi praeuenti hac spirarum mora uel arboribus se uel saxis applicant ut pondere nitibundo attritos necent angues
12161,body,170,28,False,,"Dimicationis praecipua causa est, quod elephantis ut aiunt frigidior inest sanguis et ob id a draconibus auidissime torrente captantur aestu.",dimicationis praecipua causa est quod elephantis ut aiunt frigidior inest sanguis et ob id a draconibus auidissime torrente captantur aestu,dimicationis praecipua causa est quod elephantis ut aiunt frigidior inest sanguis et ob id a draconibus auidissime torrente captantur aestu
12161,body,170,29,False,,"Quam ob rem numquam inuadunt nisi potu grauatos, ut uenis propensius inrigatis maiorem sumant de oppressis satietatem.",quam ob rem numquam inuadunt nisi potu grauatos ut uenis propensius inrigatis maiorem sumant de oppressis satietatem,quam ob rem numquam inuadunt nisi potu grauatos ut uenis propensius inrigatis maiorem sumant de oppressis satietatem
12161,body,170,30,False,,"Nec aliud magis quam oculos petunt, quos solos expugnabiles sciunt, uel interiora aurium, quod is tantum locus defendi non potest promoscide.",nec aliud magis quam oculos petunt quos solos expugnabiles sciunt uel interiora aurium quod is tantum locus defendi non potest promoscide,nec aliud magis quam oculos petunt quos solos expugnabiles sciunt uel interiora aurium quod is tantum locus defendi non potest promoscide
12161,body,170,31,False,,"Itaque cum ebiberint sanguinem, dum ruunt beluae, dracones obruuntur.",itaque cum ebiberint sanguinem dum ruunt beluae dracones obruuntur,itaque cum ebiberint sanguinem dum ruunt beluae dracones obruuntur
12161,body,170,32,False,,"Sic utrimque fusus cruor terram imbuit fitque pigmentum quicquid soli tinxerit, quod cinnabari uocant.",sic utrimque fusus cruor terram imbuit fitque pigmentum quicquid soli tinxerit quod cinnabari uocant,sic utrimque fusus cruor terram imbuit fitque pigmentum quicquid soli tinxerit quod cinnabari uocant
12161,body,170,33,True,,Elephantos Italia anno urbis conditae quadringentesimo septuagesimo secundo in Lucanis primum bello Epirotico uidit et boues Lucas inde dixit.,elephantos italia anno urbis conditae quadringentesimo septuagesimo secundo in lucanis primum bello epirotico uidit et boues lucas inde dixit,elephantos italia anno urbis conditae quadringentesimo septuagesimo secundo in lucanis primum bello epirotico uidit et boues lucas inde dixit
12161,body,171,0,False,,"Caesariensi colonia Caesarea inest a diuo Claudio deducta, Bocchi prius regia, postmodum Iubae indulgentia p. R. dono data.",caesariensi colonia caesarea inest a diuo claudio deducta bocchi prius regia postmodum iubae indulgentia p r dono data,caesariensi colonia caesarea inest a diuo claudio deducta bocchi prius regia postmodum iubae indulgentia p r dono data
12161,body,171,1,False,,"Inest et oppidum Siga, quod habitatum Syphaci fuit.",inest et oppidum siga quod habitatum syphaci fuit,inest et oppidum siga quod habitatum syphaci fuit
12161,body,171,2,True,,"Nec ab Icosio taciti recedemus: Hercule enim illa transeunte uiginti qui a comitatu eius desciuerant locum deligunt, iaciunt moenia; ac ne quis inposito a se nomine priuatim gloriaretur, de condentium numero urbi nomen datum.",nec ab icosio taciti recedemus hercule enim illa transeunte uiginti qui a comitatu eius desciuerant locum deligunt iaciunt moenia ac ne quis inposito a se nomine priuatim gloriaretur de condentium numero urbi nomen datum,nec ab icosio taciti recedemus hercule enim illa transeunte uiginti qui a comitatu eius desciuerant locum deligunt iaciunt moenia ac ne quis inposito a se nomine priuatim gloriaretur de condentium numero urbi nomen datum
12161,head,172,0,True,,XXVI,xxvi,xxui
12161,body,173,0,False,,Quod est a flumine Amsiga Numidiae datur.,quod est a flumine amsiga numidiae datur,quod est a flumine amsiga numidiae datur
12161,body,173,1,False,,"Huius incolae quamdiu errarunt pabulationibus uagabundis, Nomades dicti sunt.",huius incolae quamdiu errarunt pabulationibus uagabundis nomades dicti sunt,huius incolae quamdiu errarunt pabulationibus uagabundis nomades dicti sunt
12161,body,173,2,False,,"Vrbes in ea plurimae nobilesque, sed Cirta eminet; dein Chulli purpurario fuco Tyriis uelleribus comparata.",vrbes in ea plurimae nobilesque sed cirta eminet dein chulli purpurario fuco tyriis uelleribus comparata,urbes in ea plurimae nobilesque sed cirta eminet dein chulli purpurario fuco tyriis uelleribus comparata
12161,body,173,3,False,,Omnis haec regio finibus in Zeugitanum limitem desinit.,omnis haec regio finibus in zeugitanum limitem desinit,omnis haec regio finibus in zeugitanum limitem desinit
12161,body,173,4,False,,"Qua parte siluestris est, feras educat, qua iugis ardua, equos alit.",qua parte siluestris est feras educat qua iugis ardua equos alit,qua parte siluestris est feras educat qua iugis ardua equos alit
12161,body,173,5,True,,Eximio etiam marmore praedicatur.,eximio etiam marmore praedicatur,eximio etiam marmore praedicatur
12161,body,174,0,False,,Numidici ursi ceteris praestant rabie dumtaxat et uillis profundioribus; nam genitura par est quoque loco genitis.,numidici ursi ceteris praestant rabie dumtaxat et uillis profundioribus nam genitura par est quoque loco genitis,numidici ursi ceteris praestant rabie dumtaxat et uillis profundioribus nam genitura par est quoque loco genitis
12161,body,174,1,False,,Eam protinus dixero.,eam protinus dixero,eam protinus dixero
12161,body,174,2,False,,"Coeunt non itidem quo quadrupedes aliae, sed apti amplexibus mutuis uelut humanis coniugationibus copulantur.",coeunt non itidem quo quadrupedes aliae sed apti amplexibus mutuis uelut humanis coniugationibus copulantur,coeunt non itidem quo quadrupedes aliae sed apti amplexibus mutuis uelut humanis coniugationibus copulantur
12161,body,174,3,False,,Desiderium ueneris hiems suscitat.,desiderium ueneris hiems suscitat,desiderium ueneris hiems suscitat
12161,body,174,4,False,,"Secreti honore reuerentur mares grauidas et in iisdem licet foueis, partitis tamen per scrobes secubationibus diuiduntur.",secreti honore reuerentur mares grauidas et in iisdem licet foueis partitis tamen per scrobes secubationibus diuiduntur,secreti honore reuerentur mares grauidas et in iisdem licet foueis partitis tamen per scrobes secubationibus diuiduntur
12161,body,174,5,False,,Lucinae illis properatius tempus est; quippe uterum trigesimus dies liberat.,lucinae illis properatius tempus est quippe uterum trigesimus dies liberat,lucinae illis properatius tempus est quippe uterum trigesimus dies liberat
12161,body,174,6,False,,"Vnde euenit, ut praecipitata fecunditas informes creet partus: carnes pauxillulas edunt, quibus color candidus, oculi nulli et de festina inmaturitate tantum rudis sanies, exceptis unguium lineamentis.",vnde euenit ut praecipitata fecunditas informes creet partus carnes pauxillulas edunt quibus color candidus oculi nulli et de festina inmaturitate tantum rudis sanies exceptis unguium lineamentis,unde euenit ut praecipitata fecunditas informes creet partus carnes pauxillulas edunt quibus color candidus oculi nulli et de festina inmaturitate tantum rudis sanies exceptis unguium lineamentis
12161,body,174,7,False,,"Has lambendo sensim figurant et interdum adpectoratas fouent, ut assiduo incubitu calefactae animalem trahant spiritum.",has lambendo sensim figurant et interdum adpectoratas fouent ut assiduo incubitu calefactae animalem trahant spiritum,has lambendo sensim figurant et interdum adpectoratas fouent ut assiduo incubitu calefactae animalem trahant spiritum
12161,body,174,8,False,,"Interea cibus nullus. sane diebus primis quattuordecim matres in somnum ita concidunt, ut nec uulneribus excitari queant.",interea cibus nullus sane diebus primis quattuordecim matres in somnum ita concidunt ut nec uulneribus excitari queant,interea cibus nullus sane diebus primis quattuordecim matres in somnum ita concidunt ut nec uulneribus excitari queant
12161,body,174,9,False,,"Enixae quaternis latent mensibus; mox egressae in diem liberum tantam patiuntur insolentiam lucis, ut putes obsitas caecitate.",enixae quaternis latent mensibus mox egressae in diem liberum tantam patiuntur insolentiam lucis ut putes obsitas caecitate,enixae quaternis latent mensibus mox egressae in diem liberum tantam patiuntur insolentiam lucis ut putes obsitas caecitate
12161,body,174,10,False,,"Inualidum ursis caput, uis maxima in brachiis et in lumbis; unde interdum posticis pedibus insistunt.",inualidum ursis caput uis maxima in brachiis et in lumbis unde interdum posticis pedibus insistunt,inualidum ursis caput uis maxima in brachiis et in lumbis unde interdum posticis pedibus insistunt
12161,body,174,11,False,,"Insidiantur aluearibus apium, maxime fauos appetunt, nec auidius aliud quam mella captant.",insidiantur aluearibus apium maxime fauos appetunt nec auidius aliud quam mella captant,insidiantur aluearibus apium maxime fauos appetunt nec auidius aliud quam mella captant
12161,body,174,12,False,,"Cum gustauere mandragorae mala, moriuntur; sed eunt obuiam, ne malum in perniciem conualescat et formicas uorant ad recuperandam sanitatem.",cum gustauere mandragorae mala moriuntur sed eunt obuiam ne malum in perniciem conualescat et formicas uorant ad recuperandam sanitatem,cum gustauere mandragorae mala moriuntur sed eunt obuiam ne malum in perniciem conualescat et formicas uorant ad recuperandam sanitatem
12161,body,174,13,False,,"Si quando tauros adoriuntur, sciunt quibus potissimum partibus immorentur nec aliud quam cornua aut nares petunt; cornua ut pondere defetigent, nares, ut acrior dotor sit in loco teneriore.",si quando tauros adoriuntur sciunt quibus potissimum partibus immorentur nec aliud quam cornua aut nares petunt cornua ut pondere defetigent nares ut acrior dotor sit in loco teneriore,si quando tauros adoriuntur sciunt quibus potissimum partibus immorentur nec aliud quam cornua aut nares petunt cornua ut pondere defetigent nares ut acrior dotor sit in loco teneriore
12161,body,174,14,True,,"M. Messalla consule L. Domitius Ahenobarbus curulis aedilis ursos Numidicos centum et totidem Aethiopas uenatores in circo Romano edidit, idque spectaculum inter memorabiles titulos adnotatur.",m messalla consule l domitius ahenobarbus curulis aedilis ursos numidicos centum et totidem aethiopas uenatores in circo romano edidit idque spectaculum inter memorabiles titulos adnotatur,m messalla consule l domitius ahenobarbus curulis aedilis ursos numidicos centum et totidem aethiopas uenatores in circo romano edidit idque spectaculum inter memorabiles titulos adnotatur
12161,head,175,0,True,,XXVII,xxvii,xxuii
12161,body,176,0,False,,"Omnis Africa a Zeugitano pede incipit, promunturio Apollinis Sardiniae contrauersa, promunturio Mercurii procedens in frontem Sicanam; proinde extenta in duas prominentias, quarum altera promunturium Candidum dicitur, alteram quae est in Cyrenaica regione Phycuntem uocant; ea per sinum Creticum opposita Cretae insulae contra Taenarum Laconicae excurrit.",omnis africa a zeugitano pede incipit promunturio apollinis sardiniae contrauersa promunturio mercurii procedens in frontem sicanam proinde extenta in duas prominentias quarum altera promunturium candidum dicitur alteram quae est in cyrenaica regione phycuntem uocant ea per sinum creticum opposita cretae insulae contra taenarum laconicae excurrit,omnis africa a zeugitano pede incipit promunturio apollinis sardiniae contrauersa promunturio mercurii procedens in frontem sicanam proinde extenta in duas prominentias quarum altera promunturium candidum dicitur alteram quae est in cyrenaica regione phycuntem uocant ea per sinum creticum opposita cretae insulae contra taenarum laconicae excurrit
12161,body,176,1,False,,"Harenis Catabathmi Aegypto insinuata, cui proximi Cyrenenses, extenditur inter duas Syrtes, quas inaccessas uadosum ac reciprocum mare efficit.",harenis catabathmi aegypto insinuata cui proximi cyrenenses extenditur inter duas syrtes quas inaccessas uadosum ac reciprocum mare efficit,harenis catabathmi aegypto insinuata cui proximi cyrenenses extenditur inter duas syrtes quas inaccessas uadosum ac reciprocum mare efficit
12161,body,176,2,False,,"Cuius sali defectus uel incrementa haud promptum est deprehendere, ita incertis motibus nunc in breuia *residit dorsuosa, nunc inundatur aestibus inquietis, ut Varro auctor est, perflabilem ibi terram uentis penetrantibus subitam uim spiritus citissime aut reuomere maria aut resorbere.",cuius sali defectus uel incrementa haud promptum est deprehendere ita incertis motibus nunc in breuia residit dorsuosa nunc inundatur aestibus inquietis ut varro auctor est perflabilem ibi terram uentis penetrantibus subitam uim spiritus citissime aut reuomere maria aut resorbere,cuius sali defectus uel incrementa haud promptum est deprehendere ita incertis motibus nunc in breuia residit dorsuosa nunc inundatur aestibus inquietis ut uarro auctor est perflabilem ibi terram uentis penetrantibus subitam uim spiritus citissime aut reuomere maria aut resorbere
12161,body,176,3,True,,"Omnis haec plaga ab Aethiopia et terminis Asiae Nigri flumine qui Nilum parit, ab Hispania freto scinditur; latere quod ad meridiem uergit fontium inops est et infamis siti; altrinsecus qua septemtrionem patitur aquario larga; in agro Byzaceno, qui patet passuum ducentis uel amplius milibus, glebis ita praepinguis, ut iacta ibi semina cum incremento centesimae frugis renascantur.",omnis haec plaga ab aethiopia et terminis asiae nigri flumine qui nilum parit ab hispania freto scinditur latere quod ad meridiem uergit fontium inops est et infamis siti altrinsecus qua septemtrionem patitur aquario larga in agro byzaceno qui patet passuum ducentis uel amplius milibus glebis ita praepinguis ut iacta ibi semina cum incremento centesimae frugis renascantur,omnis haec plaga ab aethiopia et terminis asiae nigri flumine qui nilum parit ab hispania freto scinditur latere quod ad meridiem uergit fontium inops est et infamis siti altrinsecus qua septemtrionem patitur aquario larga in agro byzaceno qui patet passuum ducentis uel amplius milibus glebis ita praepinguis ut iacta ibi semina cum incremento centesimae frugis renascantur
12161,body,177,0,False,,Externos in ea plurimos conuentasse argumentum de urbibus et locis dabimus.,externos in ea plurimos conuentasse argumentum de urbibus et locis dabimus,externos in ea plurimos conuentasse argumentum de urbibus et locis dabimus
12161,body,177,1,False,,Borion promunturium quod aquilone caeditur Graeci aduenae sic uocauerunt.,borion promunturium quod aquilone caeditur graeci aduenae sic uocauerunt,borion promunturium quod aquilone caeditur graeci aduenae sic uocauerunt
12161,body,177,2,False,,"Hipponem Regium postea dictum, item Hipponem alterum de interfluenti freto Diarrhyton nuncupatum, nobilissima oppida, equites Graeci condiderunt.",hipponem regium postea dictum item hipponem alterum de interfluenti freto diarrhyton nuncupatum nobilissima oppida equites graeci condiderunt,hipponem regium postea dictum item hipponem alterum de interfluenti freto diarrhyton nuncupatum nobilissima oppida equites graeci condiderunt
12161,body,177,3,False,,"Clypeam ciuitatem Siculi extruunt et Aspida primum nominant, Veneriam etiam in *quam Veneris Erycinae religiones transtulerunt.",clypeam ciuitatem siculi extruunt et aspida primum nominant veneriam etiam in quam veneris erycinae religiones transtulerunt,clypeam ciuitatem siculi extruunt et aspida primum nominant ueneriam etiam in quam ueneris erycinae religiones transtulerunt
12161,body,177,4,False,,"Achaei Tripolim lingua sua signant de urbium trium numero, id est Oeae, Sabratae, Leptimagnae.",achaei tripolim lingua sua signant de urbium trium numero id est oeae sabratae leptimagnae,achaei tripolim lingua sua signant de urbium trium numero id est oeae sabratae leptimagnae
12161,body,177,5,True,,Philaenis fratribus a laudis cupidine Graium uocamen datum.,philaenis fratribus a laudis cupidine graium uocamen datum,philaenis fratribus a laudis cupidine graium uocamen datum
12161,body,178,0,False,,Hadrumeto atque Carthagini auctor est a Tyro populus; sed quae super Carthagine ueraces libri prodiderunt hoc loco reddam.,hadrumeto atque carthagini auctor est a tyro populus sed quae super carthagine ueraces libri prodiderunt hoc loco reddam,hadrumeto atque carthagini auctor est a tyro populus sed quae super carthagine ueraces libri prodiderunt hoc loco reddam
12161,body,178,1,False,,"Vrbem istam, ut Cato in oratione senatoria autumat, cum rex Iapon rerum in Libya potiretur, Elissa mulier extruxit domo Phoenix et Carthadam dixit, quod Phoenicum ore exprimit ciuitatem nouam.",vrbem istam ut cato in oratione senatoria autumat cum rex iapon rerum in libya potiretur elissa mulier extruxit domo phoenix et carthadam dixit quod phoenicum ore exprimit ciuitatem nouam,urbem istam ut cato in oratione senatoria autumat cum rex iapon rerum in libya potiretur elissa mulier extruxit domo phoenix et carthadam dixit quod phoenicum ore exprimit ciuitatem nouam
12161,body,178,2,False,,Mox sermone uerso in uerbum Punicum et haec Elisa et illa Carthago dicta est; quae post annos DCCXXVII exciditur quam fuerat constituta.,mox sermone uerso in uerbum punicum et haec elisa et illa carthago dicta est quae post annos dccxxvii exciditur quam fuerat constituta,mox sermone uerso in uerbum punicum et haec elisa et illa carthago dicta est quae post annos dccxxuii exciditur quam fuerat constituta
12161,body,178,3,False,,"Deinde a C. Graccho colonis Italicis data et Iunonia ab eo dicta, aliquantisper ignobilis humili et languido statu; demum in claritatem secundae Carthaginis, interiectis centum et duobus annis, M. Antonio P. Dolabella cos. enituit, alterum post urbem Romam terrarum decus.",deinde a c graccho colonis italicis data et iunonia ab eo dicta aliquantisper ignobilis humili et languido statu demum in claritatem secundae carthaginis interiectis centum et duobus annis m antonio p dolabella cos enituit alterum post urbem romam terrarum decus,deinde a c graccho colonis italicis data et iunonia ab eo dicta aliquantisper ignobilis humili et languido statu demum in claritatem secundae carthaginis interiectis centum et duobus annis m antonio p dolabella cos enituit alterum post urbem romam terrarum decus
12161,body,178,4,False,,"Verum ut ad Africam redeam, ipsa suo cingitur angio.",verum ut ad africam redeam ipsa suo cingitur angio,uerum ut ad africam redeam ipsa suo cingitur angio
12161,body,178,5,False,,"Interna eius plurimae quidem bestiae, sed principaliter leones tenent.",interna eius plurimae quidem bestiae sed principaliter leones tenent,interna eius plurimae quidem bestiae sed principaliter leones tenent
12161,body,178,6,False,,Quorum trifariam genus scinditur: nam breuiores et iubis crispi plerumque ignaui sunt et inbelles; longiores et coma simplici acres magis; at hi quos creant pardi in plebe remanent iubarum inopes.,quorum trifariam genus scinditur nam breuiores et iubis crispi plerumque ignaui sunt et inbelles longiores et coma simplici acres magis at hi quos creant pardi in plebe remanent iubarum inopes,quorum trifariam genus scinditur nam breuiores et iubis crispi plerumque ignaui sunt et inbelles longiores et coma simplici acres magis at hi quos creant pardi in plebe remanent iubarum inopes
12161,body,178,7,False,,"Pariter omnes parcunt a sagina, primum quod alternis diebus potum, alternis cibum capiunt ac frequenter, si digestio non est insecuta, [solitae] cibationi superponunt diem; tum quod carnes iusto amplius deuoratas, cum grauantur, insertis in ora unguibus sponte protrahunt.",pariter omnes parcunt a sagina primum quod alternis diebus potum alternis cibum capiunt ac frequenter si digestio non est insecuta solitae cibationi superponunt diem tum quod carnes iusto amplius deuoratas cum grauantur insertis in ora unguibus sponte protrahunt,pariter omnes parcunt a sagina primum quod alternis diebus potum alternis cibum capiunt ac frequenter si digestio non est insecuta solitae cibationi superponunt diem tum quod carnes iusto amplius deuoratas cum grauantur insertis in ora unguibus sponte protrahunt
12161,body,178,8,False,,"Sane et cum fugiendum est in satietate, idem faciunt.",sane et cum fugiendum est in satietate idem faciunt,sane et cum fugiendum est in satietate idem faciunt
12161,body,178,9,False,,Senectam defectio probat dentium.,senectam defectio probat dentium,senectam defectio probat dentium
12161,body,178,10,False,,Nam clementiae indicia multa sunt: prostratis parcunt; in uiros potius quam in feminas saeuiunt; infantes nonnisi in magna fame perimunt.,nam clementiae indicia multa sunt prostratis parcunt in uiros potius quam in feminas saeuiunt infantes nonnisi in magna fame perimunt,nam clementiae indicia multa sunt prostratis parcunt in uiros potius quam in feminas saeuiunt infantes nonnisi in magna fame perimunt
12161,body,178,11,False,,"Nec a misericordia separantur; assiduis denique exemptis patet eos pepercisse, cum multi captiuorum aliquot leonibus obuii intacti repatriauerint; Gaetulae etiam mulieris nomen Iubae libris conprehensum est, quae obtestata occursantes feras inmunis rediit.",nec a misericordia separantur assiduis denique exemptis patet eos pepercisse cum multi captiuorum aliquot leonibus obuii intacti repatriauerint gaetulae etiam mulieris nomen iubae libris conprehensum est quae obtestata occursantes feras inmunis rediit,nec a misericordia separantur assiduis denique exemptis patet eos pepercisse cum multi captiuorum aliquot leonibus obuii intacti repatriauerint gaetulae etiam mulieris nomen iubae libris conprehensum est quae obtestata occursantes feras inmunis rediit
12161,body,178,12,False,,"Auersi coeunt; nec hi tantum, sed et lynces et cameli et elephanti et rhinocerotes et tigrides.",auersi coeunt nec hi tantum sed et lynces et cameli et elephanti et rhinocerotes et tigrides,auersi coeunt nec hi tantum sed et lynces et cameli et elephanti et rhinocerotes et tigrides
12161,body,178,13,False,,"Leaenae fetu primo catulos quinque edunt, deinde per singulos numerum decoquunt annis insequentibus et postremo cum ad unum materna fecunditas recidit, sterilescunt in aeternum.",leaenae fetu primo catulos quinque edunt deinde per singulos numerum decoquunt annis insequentibus et postremo cum ad unum materna fecunditas recidit sterilescunt in aeternum,leaenae fetu primo catulos quinque edunt deinde per singulos numerum decoquunt annis insequentibus et postremo cum ad unum materna fecunditas recidit sterilescunt in aeternum
12161,body,178,14,False,,"Animos leonum frons et cauda indicant, sicut motus equini de auribus intelleguntur; dedit enim has notas generosissimo cuique natura.",animos leonum frons et cauda indicant sicut motus equini de auribus intelleguntur dedit enim has notas generosissimo cuique natura,animos leonum frons et cauda indicant sicut motus equini de auribus intelleguntur dedit enim has notas generosissimo cuique natura
12161,body,178,15,False,,"Vis summa in pectore est, firmitas in capite praecipua.",vis summa in pectore est firmitas in capite praecipua,uis summa in pectore est firmitas in capite praecipua
12161,body,178,16,False,,"Cum premuntur a canibus, contemptim recedunt subsistentesque interdum ancipiti recessu dissimulant timorem; idque agunt, si in campis nudis ac patentibus urgeantur, nam siluestribus locis, quasi testem ignauiae non reformident, quanta possunt se fuga subtrahunt.",cum premuntur a canibus contemptim recedunt subsistentesque interdum ancipiti recessu dissimulant timorem idque agunt si in campis nudis ac patentibus urgeantur nam siluestribus locis quasi testem ignauiae non reformident quanta possunt se fuga subtrahunt,cum premuntur a canibus contemptim recedunt subsistentesque interdum ancipiti recessu dissimulant timorem idque agunt si in campis nudis ac patentibus urgeantur nam siluestribus locis quasi testem ignauiae non reformident quanta possunt se fuga subtrahunt
12161,body,178,17,False,,"Cum insequuntur, nisum saltu adiuuant; cum fugiunt, non ualent salire.",cum insequuntur nisum saltu adiuuant cum fugiunt non ualent salire,cum insequuntur nisum saltu adiuuant cum fugiunt non ualent salire
12161,body,178,18,False,,"Gradientes mucrones unguium uaginis corporum claudunt, ne acumina adtritu retundantur.",gradientes mucrones unguium uaginis corporum claudunt ne acumina adtritu retundantur,gradientes mucrones unguium uaginis corporum claudunt ne acumina adtritu retundantur
12161,body,178,19,False,,"Hoc adeo custodiunt, ut nonnisi auersis falculis currant.",hoc adeo custodiunt ut nonnisi auersis falculis currant,hoc adeo custodiunt ut nonnisi auersis falculis currant
12161,body,178,20,False,,"Saepti a uenantibus obtutu terram contuentur, quo minus conspectis uenabulis terreantur.",saepti a uenantibus obtutu terram contuentur quo minus conspectis uenabulis terreantur,saepti a uenantibus obtutu terram contuentur quo minus conspectis uenabulis terreantur
12161,body,178,21,False,,Numquam limo uident minimeque se uolunt aspici.,numquam limo uident minimeque se uolunt aspici,numquam limo uident minimeque se uolunt aspici
12161,body,178,22,False,,"Cantus gallinaceorum et rotarum timent strepitus, sed ignes magis.",cantus gallinaceorum et rotarum timent strepitus sed ignes magis,cantus gallinaceorum et rotarum timent strepitus sed ignes magis
12161,body,178,23,False,,"Leontophonos uocari accipimus bestias modicas, quae captae exuruntur, ut earum cineris aspergine carnes pollutae iactaeque per conpita concurrentium semitarum leones necent, si quantulumcumque ex illis sumpserint.",leontophonos uocari accipimus bestias modicas quae captae exuruntur ut earum cineris aspergine carnes pollutae iactaeque per conpita concurrentium semitarum leones necent si quantulumcumque ex illis sumpserint,leontophonos uocari accipimus bestias modicas quae captae exuruntur ut earum cineris aspergine carnes pollutae iactaeque per conpita concurrentium semitarum leones necent si quantulumcumque ex illis sumpserint
12161,body,178,24,False,,"Propterea leones naturali eas premunt odio atque ubi facultas data est, morsu quidem abstinent, sed dilancinatas exanimant pedum nisibus.",propterea leones naturali eas premunt odio atque ubi facultas data est morsu quidem abstinent sed dilancinatas exanimant pedum nisibus,propterea leones naturali eas premunt odio atque ubi facultas data est morsu quidem abstinent sed dilancinatas exanimant pedum nisibus
12161,body,178,25,True,,Spectaculum ex his primus Romae edidit Scaeuola Publii filius in curuli aedilitate.,spectaculum ex his primus romae edidit scaeuola publii filius in curuli aedilitate,spectaculum ex his primus romae edidit scaeuola publii filius in curuli aedilitate
12161,body,179,0,False,,"Hyaenam quoque mittit Africa, cui cum spina riget collum continua unitate flectique non quit nisi toto corporis circumactu.",hyaenam quoque mittit africa cui cum spina riget collum continua unitate flectique non quit nisi toto corporis circumactu,hyaenam quoque mittit africa cui cum spina riget collum continua unitate flectique non quit nisi toto corporis circumactu
12161,body,179,1,False,,"Multa de ea mira: primum quod sequitur stabula pastorum et auditu assiduo addiscit uocamen quod exprimere possit imitatione uocis humanae, ut in hominem astu accitum nocte saeuiat.",multa de ea mira primum quod sequitur stabula pastorum et auditu assiduo addiscit uocamen quod exprimere possit imitatione uocis humanae ut in hominem astu accitum nocte saeuiat,multa de ea mira primum quod sequitur stabula pastorum et auditu assiduo addiscit uocamen quod exprimere possit imitatione uocis humanae ut in hominem astu accitum nocte saeuiat
12161,body,179,2,False,,"Vomitus quoque humanos mentitur falsisque singultibus sollicitatos sic canes deuorat; qui forte si uenantes umbram eius dum sequuntur contigerint, latrare nequeunt uoce perdita.",vomitus quoque humanos mentitur falsisque singultibus sollicitatos sic canes deuorat qui forte si uenantes umbram eius dum sequuntur contigerint latrare nequeunt uoce perdita,uomitus quoque humanos mentitur falsisque singultibus sollicitatos sic canes deuorat qui forte si uenantes umbram eius dum sequuntur contigerint latrare nequeunt uoce perdita
12161,body,179,3,False,,Eadem hyaena inquisitione corporum sepultorum busta eruit.,eadem hyaena inquisitione corporum sepultorum busta eruit,eadem hyaena inquisitione corporum sepultorum busta eruit
12161,body,179,4,False,,Praeterea pronius est marem capere; feminis enim ingenita est callidior astutia.,praeterea pronius est marem capere feminis enim ingenita est callidior astutia,praeterea pronius est marem capere feminis enim ingenita est callidior astutia
12161,body,179,5,False,,Varietas multiplex inest oculis colorumque mutatio.,varietas multiplex inest oculis colorumque mutatio,uarietas multiplex inest oculis colorumque mutatio
12161,body,179,6,False,,"In quorum pupulis lapis inuenitur, hyaeniam dicunt, praeditum illa potestate, ut cuius hominis linguae fuerit subditus, praedicat futura.",in quorum pupulis lapis inuenitur hyaeniam dicunt praeditum illa potestate ut cuius hominis linguae fuerit subditus praedicat futura,in quorum pupulis lapis inuenitur hyaeniam dicunt praeditum illa potestate ut cuius hominis linguae fuerit subditus praedicat futura
12161,body,179,7,False,,"Verum hyaena quodcumque animal ter lustrauerit, mouere se non potest; quapropter magicam scientiam inesse ei pronuntiauerunt.",verum hyaena quodcumque animal ter lustrauerit mouere se non potest quapropter magicam scientiam inesse ei pronuntiauerunt,uerum hyaena quodcumque animal ter lustrauerit mouere se non potest quapropter magicam scientiam inesse ei pronuntiauerunt
12161,body,179,8,False,,"In Aethiopiae parte coit cum leaena, unde nascitur monstrum: corocottae nomen est.",in aethiopiae parte coit cum leaena unde nascitur monstrum corocottae nomen est,in aethiopiae parte coit cum leaena unde nascitur monstrum corocottae nomen est
12161,body,179,9,False,,Voces hominum et ipsa pariter adfectat.,voces hominum et ipsa pariter adfectat,uoces hominum et ipsa pariter adfectat
12161,body,179,10,False,,"Numquam cohibet aciem orbium, sed in obtutum sine nictatione contendit.",numquam cohibet aciem orbium sed in obtutum sine nictatione contendit,numquam cohibet aciem orbium sed in obtutum sine nictatione contendit
12161,body,179,11,True,,"In ore gingiua nulla, dens unus atque perpetuus, qui ut numquam retundatur, naturaliter capsularum modo clauditur.",in ore gingiua nulla dens unus atque perpetuus qui ut numquam retundatur naturaliter capsularum modo clauditur,in ore gingiua nulla dens unus atque perpetuus qui ut numquam retundatur naturaliter capsularum modo clauditur
12161,body,180,0,False,,"Inter ea quae dicunt herbatica eadem Africa onagros habet, in quo genere singuli inperitant gregibus feminarum.",inter ea quae dicunt herbatica eadem africa onagros habet in quo genere singuli inperitant gregibus feminarum,inter ea quae dicunt herbatica eadem africa onagros habet in quo genere singuli inperitant gregibus feminarum
12161,body,180,1,False,,Aemulos libidinis metuunt.,aemulos libidinis metuunt,aemulos libidinis metuunt
12161,body,180,2,True,,"Inde est quod grauidas suas seruant, ut expositos mares, si qua facultas fuerit, truncatos mordicus priuent testibus, quod cauentes feminae in secessibus partus occulunt.",inde est quod grauidas suas seruant ut expositos mares si qua facultas fuerit truncatos mordicus priuent testibus quod cauentes feminae in secessibus partus occulunt,inde est quod grauidas suas seruant ut expositos mares si qua facultas fuerit truncatos mordicus priuent testibus quod cauentes feminae in secessibus partus occulunt
12161,body,181,0,False,,"Africa serpentibus adeo fecunda est, ut mali huius merito illi potissimum palma detur.",africa serpentibus adeo fecunda est ut mali huius merito illi potissimum palma detur,africa serpentibus adeo fecunda est ut mali huius merito illi potissimum palma detur
12161,body,181,1,False,,"Cerastae praeferunt quadrigemina cornicula, quorum ostentatione ueluti esca inlice sollicitatas aues perimunt; nam reliqua corporis de industria harenis tegunt nec ullum indicium sui praebent, nisi ex ea parte qua inuitatis dolo pastibus necem praepetum aucupentur.",cerastae praeferunt quadrigemina cornicula quorum ostentatione ueluti esca inlice sollicitatas aues perimunt nam reliqua corporis de industria harenis tegunt nec ullum indicium sui praebent nisi ex ea parte qua inuitatis dolo pastibus necem praepetum aucupentur,cerastae praeferunt quadrigemina cornicula quorum ostentatione ueluti esca inlice sollicitatas aues perimunt nam reliqua corporis de industria harenis tegunt nec ullum indicium sui praebent nisi ex ea parte qua inuitatis dolo pastibus necem praepetum aucupentur
12161,body,181,2,False,,"Amphisbaena consurgit in caput geminum, quorum alterum loco suo est, alterum in ea parte qua cauda; quae causa efficit ut capite utrimque secus nitibundo serpat tractibus circulatis.",amphisbaena consurgit in caput geminum quorum alterum loco suo est alterum in ea parte qua cauda quae causa efficit ut capite utrimque secus nitibundo serpat tractibus circulatis,amphisbaena consurgit in caput geminum quorum alterum loco suo est alterum in ea parte qua cauda quae causa efficit ut capite utrimque secus nitibundo serpat tractibus circulatis
12161,body,181,3,False,,"Iaculi arbores subeunt, e quibus ui maxima turbinati penetrant animal quodcumque obuium fortuna, fecerit.",iaculi arbores subeunt e quibus ui maxima turbinati penetrant animal quodcumque obuium fortuna fecerit,iaculi arbores subeunt e quibus ui maxima turbinati penetrant animal quodcumque obuium fortuna fecerit
12161,body,181,4,False,,"Scytale tanta praefulget tergi uarietate, ut notarum gratia uidentes retardet et quoniam reptando pigrior est, quos adsequi non quit, miraculo sui capiat stupentes.",scytale tanta praefulget tergi uarietate ut notarum gratia uidentes retardet et quoniam reptando pigrior est quos adsequi non quit miraculo sui capiat stupentes,scytale tanta praefulget tergi uarietate ut notarum gratia uidentes retardet et quoniam reptando pigrior est quos adsequi non quit miraculo sui capiat stupentes
12161,body,181,5,False,,In hoc tamen squamarum nitore hiemales exuuias prima ponit.,in hoc tamen squamarum nitore hiemales exuuias prima ponit,in hoc tamen squamarum nitore hiemales exuuias prima ponit
12161,body,181,6,False,,"Plures diuersaeque aspidum species, uerum dispares effectus ad nocendum: dipsas siti interficit; hypnale quod somno necat, teste etiam Cleopatra emitur ad mortem.",plures diuersaeque aspidum species uerum dispares effectus ad nocendum dipsas siti interficit hypnale quod somno necat teste etiam cleopatra emitur ad mortem,plures diuersaeque aspidum species uerum dispares effectus ad nocendum dipsas siti interficit hypnale quod somno necat teste etiam cleopatra emitur ad mortem
12161,body,181,7,False,,"Aliarum uirus quoniam medellas admittit, minus famae meretur.",aliarum uirus quoniam medellas admittit minus famae meretur,aliarum uirus quoniam medellas admittit minus famae meretur
12161,body,181,8,False,,Haemorrhois morsu sanguinem elicit et dissolutis uenarum commerciis quicquid animae est euocat per cruorem.,haemorrhois morsu sanguinem elicit et dissolutis uenarum commerciis quicquid animae est euocat per cruorem,haemorrhois morsu sanguinem elicit et dissolutis uenarum commerciis quicquid animae est euocat per cruorem
12161,body,181,9,False,,"Prester quem percussit, distenditur enormique corpulentia necatur extuberatus.",prester quem percussit distenditur enormique corpulentia necatur extuberatus,prester quem percussit distenditur enormique corpulentia necatur extuberatus
12161,body,181,10,False,,Ictus sepium putredo sequitur.,ictus sepium putredo sequitur,ictus sepium putredo sequitur
12161,body,181,11,False,,"Sunt et ammodytae, est et cenchris, elephantiae, chersydri, chamaedracontes.",sunt et ammodytae est et cenchris elephantiae chersydri chamaedracontes,sunt et ammodytae est et cenchris elephantiae chersydri chamaedracontes
12161,body,181,12,False,,Postremo quantus nominum tantus mortium numerus.,postremo quantus nominum tantus mortium numerus,postremo quantus nominum tantus mortium numerus
12161,body,181,13,False,,"Nam scorpiones scinci lacertaeque uermibus, non serpentibus adscribuntur.",nam scorpiones scinci lacertaeque uermibus non serpentibus adscribuntur,nam scorpiones scinci lacertaeque uermibus non serpentibus adscribuntur
12161,body,181,14,False,,"Monstra haec si sibilant, clementius feriunt.",monstra haec si sibilant clementius feriunt,monstra haec si sibilant clementius feriunt
12161,body,181,15,False,,Habent adfectus: non temere nisi coniuges euagantur; capto altero uel occiso uter superfuerit efferatur.,habent adfectus non temere nisi coniuges euagantur capto altero uel occiso uter superfuerit efferatur,habent adfectus non temere nisi coniuges euagantur capto altero uel occiso uter superfuerit efferatur
12161,body,181,16,False,,"Subtiliora sunt capita feminis, alui tumidiores, pestis nocentior.",subtiliora sunt capita feminis alui tumidiores pestis nocentior,subtiliora sunt capita feminis alui tumidiores pestis nocentior
12161,body,181,17,False,,"Masculus aequaliter teres est, sublimior etiam mitiorque.",masculus aequaliter teres est sublimior etiam mitiorque,masculus aequaliter teres est sublimior etiam mitiorque
12161,body,181,18,False,,Igitur anguibus uniuersis hebes uisus est.,igitur anguibus uniuersis hebes uisus est,igitur anguibus uniuersis hebes uisus est
12161,body,181,19,True,,"Raro in aduersum contuentur, nec frustra, cum oculos non in fronte habeant, sed in temporibus, adeo ut citius audiant quam aspiciant.",raro in aduersum contuentur nec frustra cum oculos non in fronte habeant sed in temporibus adeo ut citius audiant quam aspiciant,raro in aduersum contuentur nec frustra cum oculos non in fronte habeant sed in temporibus adeo ut citius audiant quam aspiciant
12161,body,182,0,False,,"De gemma heliotropio inter Aethiopiam Africam Cyprum certamen fuit, quaenam mitteret generis huius eminentissimam; deprehensumque est documentis plurimis Aethiopicam aut Libycam palmam tenere.",de gemma heliotropio inter aethiopiam africam cyprum certamen fuit quaenam mitteret generis huius eminentissimam deprehensumque est documentis plurimis aethiopicam aut libycam palmam tenere,de gemma heliotropio inter aethiopiam africam cyprum certamen fuit quaenam mitteret generis huius eminentissimam deprehensumque est documentis plurimis aethiopicam aut libycam palmam tenere
12161,body,182,1,False,,"Viridi colore est non ita acuto, sed nubilo magis et represso, stellis puniceis superspersa.",viridi colore est non ita acuto sed nubilo magis et represso stellis puniceis superspersa,uiridi colore est non ita acuto sed nubilo magis et represso stellis puniceis superspersa
12161,body,182,2,False,,Causa nominis de effectu lapidis est et potestate: deiecta in labris aheneis radios solis mutat sanguineo repercussu extraque aquam splendorem eius abicit et auertit.,causa nominis de effectu lapidis est et potestate deiecta in labris aheneis radios solis mutat sanguineo repercussu extraque aquam splendorem eius abicit et auertit,causa nominis de effectu lapidis est et potestate deiecta in labris aheneis radios solis mutat sanguineo repercussu extraque aquam splendorem eius abicit et auertit
12161,body,182,3,True,,"Etiam illud posse dicitur, ut herbae eiusdem quo est nominis mixta et praecantationibus legitimis consecrata eum a quocumque gestabitur subtrahat uisibus obuiorum.",etiam illud posse dicitur ut herbae eiusdem quo est nominis mixta et praecantationibus legitimis consecrata eum a quocumque gestabitur subtrahat uisibus obuiorum,etiam illud posse dicitur ut herbae eiusdem quo est nominis mixta et praecantationibus legitimis consecrata eum a quocumque gestabitur subtrahat uisibus obuiorum
12161,body,183,0,False,,"Inter Syrtes quamuis terra pergentibus iter sideribus destinatur nec aliter cursus patescit; nam putris soli faciem aura mutat et minimo licet uento tantam diuersitatem flatus efficit, ut subinde peruersis sitibus locorum nulla indicia agnitioni relinquantur, cum modo quae fuerant tumulis ardua in ualles residunt, modo quae uallibus pressa *coitu pulueris aggerantur.",inter syrtes quamuis terra pergentibus iter sideribus destinatur nec aliter cursus patescit nam putris soli faciem aura mutat et minimo licet uento tantam diuersitatem flatus efficit ut subinde peruersis sitibus locorum nulla indicia agnitioni relinquantur cum modo quae fuerant tumulis ardua in ualles residunt modo quae uallibus pressa coitu pulueris aggerantur,inter syrtes quamuis terra pergentibus iter sideribus destinatur nec aliter cursus patescit nam putris soli faciem aura mutat et minimo licet uento tantam diuersitatem flatus efficit ut subinde peruersis sitibus locorum nulla indicia agnitioni relinquantur cum modo quae fuerant tumulis ardua in ualles residunt modo quae uallibus pressa coitu pulueris aggerantur
12161,body,183,1,False,,"Ita etiam continens naturam maris sui patitur; nec interest ubi potius sint procellae, cum ad exitium uiantium elementis congruentibus in terris flabra saeuiant, in mari terrae.",ita etiam continens naturam maris sui patitur nec interest ubi potius sint procellae cum ad exitium uiantium elementis congruentibus in terris flabra saeuiant in mari terrae,ita etiam continens naturam maris sui patitur nec interest ubi potius sint procellae cum ad exitium uiantium elementis congruentibus in terris flabra saeuiant in mari terrae
12161,body,183,2,False,,Vtraeque Syrtes CCL milibus passuum separantur.,vtraeque syrtes ccl milibus passuum separantur,utraeque syrtes ccl milibus passuum separantur
12161,body,183,3,False,,Aliquanto clementior quae minor est.,aliquanto clementior quae minor est,aliquanto clementior quae minor est
12161,body,183,4,False,,Cn. denique Seruilio C. Sempronio cos. inter haec uadosa classem Romanam inpune accipimus perfretasse.,cn denique seruilio c sempronio cos inter haec uadosa classem romanam inpune accipimus perfretasse,cn denique seruilio c sempronio cos inter haec uadosa classem romanam inpune accipimus perfretasse
12161,body,183,5,True,,In hoc sinu Mene insula post Minturnenses paludes C. Mario fuit latebra.,in hoc sinu mene insula post minturnenses paludes c mario fuit latebra,in hoc sinu mene insula post minturnenses paludes c mario fuit latebra
12161,body,184,0,False,,"Supra Garamantas Psylli fuerunt, contra noxium uirus muniti incredibili corporis firmitate.",supra garamantas psylli fuerunt contra noxium uirus muniti incredibili corporis firmitate,supra garamantas psylli fuerunt contra noxium uirus muniti incredibili corporis firmitate
12161,body,184,1,False,,Soli morsibus anguium non interibant et quamuis dente letali appetiti incorrupta durabant sanitate.,soli morsibus anguium non interibant et quamuis dente letali appetiti incorrupta durabant sanitate,soli morsibus anguium non interibant et quamuis dente letali appetiti incorrupta durabant sanitate
12161,body,184,2,False,,"Recens etiam editos serpentibus offerebant: si essent partus adulteri, matrum crimina plectebantur interitu paruulorum; si pudici, probos ortus a morte paterni sanguinis priuilegium tuebatur; sic originis fidem probabant uenenis iudicantibus.",recens etiam editos serpentibus offerebant si essent partus adulteri matrum crimina plectebantur interitu paruulorum si pudici probos ortus a morte paterni sanguinis priuilegium tuebatur sic originis fidem probabant uenenis iudicantibus,recens etiam editos serpentibus offerebant si essent partus adulteri matrum crimina plectebantur interitu paruulorum si pudici probos ortus a morte paterni sanguinis priuilegium tuebatur sic originis fidem probabant uenenis iudicantibus
12161,body,184,3,False,,Sed haec gens interiuit a Nassamonibus capta nec quicquam aliud praeter opinionem de uestigio nominis sui Psylli reliquerunt.,sed haec gens interiuit a nassamonibus capta nec quicquam aliud praeter opinionem de uestigio nominis sui psylli reliquerunt,sed haec gens interiuit a nassamonibus capta nec quicquam aliud praeter opinionem de uestigio nominis sui psylli reliquerunt
12161,body,184,4,False,,"Nassamonitem lapidem Nassamones dant, sanguineum uniuersum, nigris uenulis adumbratum.",nassamonitem lapidem nassamones dant sanguineum uniuersum nigris uenulis adumbratum,nassamonitem lapidem nassamones dant sanguineum uniuersum nigris uenulis adumbratum
12161,body,184,5,False,,"In intimo recessu Syrtis maioris circa Philaenorum aras Lotophagos fuisse discimus, nec incertum est.",in intimo recessu syrtis maioris circa philaenorum aras lotophagos fuisse discimus nec incertum est,in intimo recessu syrtis maioris circa philaenorum aras lotophagos fuisse discimus nec incertum est
12161,body,184,6,True,,"A Philaenorum aris non procul palus est quam Triton amnis influit, ubi speculatam se artium deam crediderunt.",a philaenorum aris non procul palus est quam triton amnis influit ubi speculatam se artium deam crediderunt,a philaenorum aris non procul palus est quam triton amnis influit ubi speculatam se artium deam crediderunt
12161,body,185,0,False,,"Maior Syrtis ostentat oppidum, Cyrenas uocant, quod Battius Lacedaemonius olympiade quinta et quadragesima, rege Marcio res Romanas tenente, anno post Troiam captam quingentesimo octogesimo sexto condidit; quae domus Callimacho poetae fuit patria.",maior syrtis ostentat oppidum cyrenas uocant quod battius lacedaemonius olympiade quinta et quadragesima rege marcio res romanas tenente anno post troiam captam quingentesimo octogesimo sexto condidit quae domus callimacho poetae fuit patria,maior syrtis ostentat oppidum cyrenas uocant quod battius lacedaemonius olympiade quinta et quadragesima rege marcio res romanas tenente anno post troiam captam quingentesimo octogesimo sexto condidit quae domus callimacho poetae fuit patria
12161,body,185,1,False,,Inter hoc oppidum et templum Hammonis milia passuum CCCC sunt.,inter hoc oppidum et templum hammonis milia passuum cccc sunt,inter hoc oppidum et templum hammonis milia passuum cccc sunt
12161,body,185,2,False,,"Templo fons proximat Soli sacer, qui humoris nexibus humum stringit, fauillam etiam in caespitem solidat.",templo fons proximat soli sacer qui humoris nexibus humum stringit fauillam etiam in caespitem solidat,templo fons proximat soli sacer qui humoris nexibus humum stringit fauillam etiam in caespitem solidat
12161,body,185,3,False,,In qua gleba non sine miraculo lucus emicat undique secus agris arentibus.,in qua gleba non sine miraculo lucus emicat undique secus agris arentibus,in qua gleba non sine miraculo lucus emicat undique secus agris arentibus
12161,body,185,4,False,,"Illic et lapis legitur, Hammonis uocant cornum; nam ita tortuosus est et inflexus, ut effigiem reddat cornus arietini; fulgore aureo est, praediuina somnia repraesentare dicitur subiectus capiti incubantium.",illic et lapis legitur hammonis uocant cornum nam ita tortuosus est et inflexus ut effigiem reddat cornus arietini fulgore aureo est praediuina somnia repraesentare dicitur subiectus capiti incubantium,illic et lapis legitur hammonis uocant cornum nam ita tortuosus est et inflexus ut effigiem reddat cornus arietini fulgore aureo est praediuina somnia repraesentare dicitur subiectus capiti incubantium
12161,body,185,5,True,,"Et arbor est melopos nomine, ex qua profluit lentus umor, quem a loco hammoniacum nominamus.",et arbor est melopos nomine ex qua profluit lentus umor quem a loco hammoniacum nominamus,et arbor est melopos nomine ex qua profluit lentus umor quem a loco hammoniacum nominamus
12161,body,186,0,False,,"Apud Cyrenenses praeterea sirpe gignitur odoratis radicibus, uirgulto herbido magis quam arbusto; cuius e culmo exudat aestatis tempore pingue roscidum idque pascentium hircorum inhaeret barbulis; ubi cum arefactum inoleuit guttis stiriacis, legitur ad usum mensarum uel medellae magis.",apud cyrenenses praeterea sirpe gignitur odoratis radicibus uirgulto herbido magis quam arbusto cuius e culmo exudat aestatis tempore pingue roscidum idque pascentium hircorum inhaeret barbulis ubi cum arefactum inoleuit guttis stiriacis legitur ad usum mensarum uel medellae magis,apud cyrenenses praeterea sirpe gignitur odoratis radicibus uirgulto herbido magis quam arbusto cuius e culmo exudat aestatis tempore pingue roscidum idque pascentium hircorum inhaeret barbulis ubi cum arefactum inoleuit guttis stiriacis legitur ad usum mensarum uel medellae magis
12161,body,186,1,False,,"Dictum est primum lac sirpicum, quoniam manat in modum lacteum; deinde usu deriuante laser nominatum.",dictum est primum lac sirpicum quoniam manat in modum lacteum deinde usu deriuante laser nominatum,dictum est primum lac sirpicum quoniam manat in modum lacteum deinde usu deriuante laser nominatum
12161,body,186,2,True,,"Quae germina initio barbaricae inpressionis uastatis agris, postea ob intolerandam uectigalis nimietatem ferme penitus ipsi accolae eruerunt.",quae germina initio barbaricae inpressionis uastatis agris postea ob intolerandam uectigalis nimietatem ferme penitus ipsi accolae eruerunt,quae germina initio barbaricae inpressionis uastatis agris postea ob intolerandam uectigalis nimietatem ferme penitus ipsi accolae eruerunt
12161,body,187,0,False,,"Cyrenis ab laeua Africa est et a dextra Aegyptus, a fronte saeuum et inportuosum mare, a tergo barbarorum uariae nationes et solitudo inaccessa, quae basiliscum creat, malum in terris singulare.",cyrenis ab laeua africa est et a dextra aegyptus a fronte saeuum et inportuosum mare a tergo barbarorum uariae nationes et solitudo inaccessa quae basiliscum creat malum in terris singulare,cyrenis ab laeua africa est et a dextra aegyptus a fronte saeuum et inportuosum mare a tergo barbarorum uariae nationes et solitudo inaccessa quae basiliscum creat malum in terris singulare
12161,body,187,1,False,,"Serpens est paene ad semipedem longitudinis, alba quasi mitrula lineatus caput, nec hominis tantum uel aliorum animantium exitiis datus, sed terrae quoque ipsius, quam polluit et exurit, ubicumque ferale sortitur receptaculum.",serpens est paene ad semipedem longitudinis alba quasi mitrula lineatus caput nec hominis tantum uel aliorum animantium exitiis datus sed terrae quoque ipsius quam polluit et exurit ubicumque ferale sortitur receptaculum,serpens est paene ad semipedem longitudinis alba quasi mitrula lineatus caput nec hominis tantum uel aliorum animantium exitiis datus sed terrae quoque ipsius quam polluit et exurit ubicumque ferale sortitur receptaculum
12161,body,187,2,False,,"Denique extinguit herbas, necat arbores, ipsas etiam corrumpit auras, ita ut in aere nulla alitum inpune transuolet infectum spiritu pestilenti.",denique extinguit herbas necat arbores ipsas etiam corrumpit auras ita ut in aere nulla alitum inpune transuolet infectum spiritu pestilenti,denique extinguit herbas necat arbores ipsas etiam corrumpit auras ita ut in aere nulla alitum inpune transuolet infectum spiritu pestilenti
12161,body,187,3,False,,"Cum mouetur, media corporis parte serpit, media arduus est et excelsus.",cum mouetur media corporis parte serpit media arduus est et excelsus,cum mouetur media corporis parte serpit media arduus est et excelsus
12161,body,187,4,False,,"Sibilum eius etiam serpentes perhorrescunt et cum acceperint, fugam quaeque quoquo potest properant.",sibilum eius etiam serpentes perhorrescunt et cum acceperint fugam quaeque quoquo potest properant,sibilum eius etiam serpentes perhorrescunt et cum acceperint fugam quaeque quoquo potest properant
12161,body,187,5,False,,"Quicquid morsu eius occiderit non depascitur fera, non attrectat ales.",quicquid morsu eius occiderit non depascitur fera non attrectat ales,quicquid morsu eius occiderit non depascitur fera non attrectat ales
12161,body,187,6,False,,"Mustelis tamen uincitur, quas illic homines inferciunt cauernis in quibus delitescit.",mustelis tamen uincitur quas illic homines inferciunt cauernis in quibus delitescit,mustelis tamen uincitur quas illic homines inferciunt cauernis in quibus delitescit
12161,body,187,7,False,,Vis tamen ne defuncto quidem deest.,vis tamen ne defuncto quidem deest,uis tamen ne defuncto quidem deest
12161,body,187,8,True,,"Denique basilisci reliquias amplo sestertio Pergameni conparauerunt, ut aedem Apellis manu insignem nec araneae intexerent nec alites inuolarent.",denique basilisci reliquias amplo sestertio pergameni conparauerunt ut aedem apellis manu insignem nec araneae intexerent nec alites inuolarent,denique basilisci reliquias amplo sestertio pergameni conparauerunt ut aedem apellis manu insignem nec araneae intexerent nec alites inuolarent
12161,body,188,0,False,,"Circa extimum Syrtium cornum Bernicen ciuitatem adluit Lethon amnis, inferna ut putant exundatione prorumpens et apud pristinos uates latice memoratus obliuionis.",circa extimum syrtium cornum bernicen ciuitatem adluit lethon amnis inferna ut putant exundatione prorumpens et apud pristinos uates latice memoratus obliuionis,circa extimum syrtium cornum bernicen ciuitatem adluit lethon amnis inferna ut putant exundatione prorumpens et apud pristinos uates latice memoratus obliuionis
12161,body,188,1,True,,Hanc Berenice muniuit quae Ptolemaeo tertio fuit nupta et in maiori Syrti locauit.,hanc berenice muniuit quae ptolemaeo tertio fuit nupta et in maiori syrti locauit,hanc berenice muniuit quae ptolemaeo tertio fuit nupta et in maiori syrti locauit
12161,body,189,0,False,,"Omne autem latifundium quod inter Aegyptum Aethiopiam Libyamque diffunditur, quacumque lucis opacum est, uarium impleuit simiarum genus.",omne autem latifundium quod inter aegyptum aethiopiam libyamque diffunditur quacumque lucis opacum est uarium impleuit simiarum genus,omne autem latifundium quod inter aegyptum aethiopiam libyamque diffunditur quacumque lucis opacum est uarium impleuit simiarum genus
12161,body,189,1,False,,Nec quisquam offensus nomine cognitionem grauetur.,nec quisquam offensus nomine cognitionem grauetur,nec quisquam offensus nomine cognitionem grauetur
12161,body,189,2,False,,Enimuero operae pretium est nihil omittere in quo naturae spectanda sit prouidentia.,enimuero operae pretium est nihil omittere in quo naturae spectanda sit prouidentia,enimuero operae pretium est nihil omittere in quo naturae spectanda sit prouidentia
12161,body,189,3,False,,"Plebes simiarum in his est quas passim uidemus non sine ingenio aemulandi, quo facilius in manus ueniunt; nam dum auide uenantium gestus adfectant, relicta consulto uisci unguilla, quod mendacio factum uident, oculos suos oblinunt: ita uisu obducto pronum est eas corripi.",plebes simiarum in his est quas passim uidemus non sine ingenio aemulandi quo facilius in manus ueniunt nam dum auide uenantium gestus adfectant relicta consulto uisci unguilla quod mendacio factum uident oculos suos oblinunt ita uisu obducto pronum est eas corripi,plebes simiarum in his est quas passim uidemus non sine ingenio aemulandi quo facilius in manus ueniunt nam dum auide uenantium gestus adfectant relicta consulto uisci unguilla quod mendacio factum uident oculos suos oblinunt ita uisu obducto pronum est eas corripi
12161,body,189,4,False,,"Exultant noua luna, tristes sunt cornuto et cauo sidere.",exultant noua luna tristes sunt cornuto et cauo sidere,exultant noua luna tristes sunt cornuto et cauo sidere
12161,body,189,5,False,,"Inmoderate fetus amant, adeo ut catulos facilius amittant, quos impendio diligunt et ante se gestant, quoniam neglecti pone matrem semper haerent.",inmoderate fetus amant adeo ut catulos facilius amittant quos impendio diligunt et ante se gestant quoniam neglecti pone matrem semper haerent,inmoderate fetus amant adeo ut catulos facilius amittant quos impendio diligunt et ante se gestant quoniam neglecti pone matrem semper haerent
12161,body,189,6,False,,Cercopitheci caudas habent: haec sola discretio est inter prius dictas.,cercopitheci caudas habent haec sola discretio est inter prius dictas,cercopitheci caudas habent haec sola discretio est inter prius dictas
12161,body,189,7,False,,"Cynocephali et ipsi sunt e numero simiarum, in Aethiopiae partibus frequentissimi, uiolenti ad saltum, feri morsu, numquam ita mansueti, ut non sint magis rabidi.",cynocephali et ipsi sunt e numero simiarum in aethiopiae partibus frequentissimi uiolenti ad saltum feri morsu numquam ita mansueti ut non sint magis rabidi,cynocephali et ipsi sunt e numero simiarum in aethiopiae partibus frequentissimi uiolenti ad saltum feri morsu numquam ita mansueti ut non sint magis rabidi
12161,body,189,8,False,,"Inter simias habentur et sphinges, uillosae comis, mammis prominulis ac profundis, dociles ad feritatis obliuionem.",inter simias habentur et sphinges uillosae comis mammis prominulis ac profundis dociles ad feritatis obliuionem,inter simias habentur et sphinges uillosae comis mammis prominulis ac profundis dociles ad feritatis obliuionem
12161,body,189,9,False,,"Sunt et quas uocant satyros, facie admodum grata, gesticulatis motibus inquietae.",sunt et quas uocant satyros facie admodum grata gesticulatis motibus inquietae,sunt et quas uocant satyros facie admodum grata gesticulatis motibus inquietae
12161,body,189,10,False,,"Callitriches toto paene aspectu a ceteris differunt: in facie barba est, lata cauda.",callitriches toto paene aspectu a ceteris differunt in facie barba est lata cauda,callitriches toto paene aspectu a ceteris differunt in facie barba est lata cauda
12161,body,189,11,True,,"Has capere non est arduum, sed proferre rarum; neque enim uiuunt in altero quam in Aethiopico, hoc est suo caelo.",has capere non est arduum sed proferre rarum neque enim uiuunt in altero quam in aethiopico hoc est suo caelo,has capere non est arduum sed proferre rarum neque enim uiuunt in altero quam in aethiopico hoc est suo caelo
12161,head,190,0,True,,XXVIII,xxviii,xxuiii
12161,body,191,0,False,,Inter Nassamonas et Trogodytas gens Amantum est quae salibus domus extruunt; quos in modum cautium e montibus excitatos ad usum aedium caementiciis nectunt struicibus.,inter nassamonas et trogodytas gens amantum est quae salibus domus extruunt quos in modum cautium e montibus excitatos ad usum aedium caementiciis nectunt struicibus,inter nassamonas et trogodytas gens amantum est quae salibus domus extruunt quos in modum cautium e montibus excitatos ad usum aedium caementiciis nectunt struicibus
12161,body,191,1,False,,"Tanta ibi huiusce uenae copia est, ut tecta faciant e salinis.",tanta ibi huiusce uenae copia est ut tecta faciant e salinis,tanta ibi huiusce uenae copia est ut tecta faciant e salinis
12161,body,191,2,False,,"Isti sunt Amantes, qui commercium cum Trogodytis habent carbunculi gemmae.",isti sunt amantes qui commercium cum trogodytis habent carbunculi gemmae,isti sunt amantes qui commercium cum trogodytis habent carbunculi gemmae
12161,body,191,3,False,,Citra Amantas propiores Nassamonibus Asbytae lasere uiuunt.,citra amantas propiores nassamonibus asbytae lasere uiuunt,citra amantas propiores nassamonibus asbytae lasere uiuunt
12161,body,191,4,True,,"Hoc aluntur, hoc illis edule est.",hoc aluntur hoc illis edule est,hoc aluntur hoc illis edule est
12161,head,192,0,True,,XXIX,xxix,xxix
12161,body,193,0,False,,Garamantum oppidum est Debris fonte miro: quidni?,garamantum oppidum est debris fonte miro quidni,garamantum oppidum est debris fonte miro quidni
12161,body,193,1,False,,"Qui alternis uicibus die frigeat, nocte ferueat, ac per eadem uenarum commercia interdum ignito uapore inaestuet, interdum glaciali algore inhorrescat.",qui alternis uicibus die frigeat nocte ferueat ac per eadem uenarum commercia interdum ignito uapore inaestuet interdum glaciali algore inhorrescat,qui alternis uicibus die frigeat nocte ferueat ac per eadem uenarum commercia interdum ignito uapore inaestuet interdum glaciali algore inhorrescat
12161,body,193,2,False,,"Incredibile memoratu, ut tam breui curriculo natura tam dissonam faciat uarietatem idque qui percontari uelit tenebris, inesse fluori illi aeternam facem credat; qui rimetur die, brumales scatebras numquam aliud aestimet quam perpetuo rigere.",incredibile memoratu ut tam breui curriculo natura tam dissonam faciat uarietatem idque qui percontari uelit tenebris inesse fluori illi aeternam facem credat qui rimetur die brumales scatebras numquam aliud aestimet quam perpetuo rigere,incredibile memoratu ut tam breui curriculo natura tam dissonam faciat uarietatem idque qui percontari uelit tenebris inesse fluori illi aeternam facem credat qui rimetur die brumales scatebras numquam aliud aestimet quam perpetuo rigere
12161,body,193,3,False,,"Vnde non inmerito per gentes Debris inclita est, cuius aquae *caelesti uertigine mutant qualitatem, quamuis contrauersa siderum disciplina; nam cum mundum a calore uesper temperet, ab occasu incipit ita incalescere, ut ni tactu abstineas, noxium sit contigisse, rursum cum ortu solis incanduerit et radiis feruefacta sunt uniuersa, sic hiemales euomit scaturrigines, ut hauriri etiam a sitientibus non queat.",vnde non inmerito per gentes debris inclita est cuius aquae caelesti uertigine mutant qualitatem quamuis contrauersa siderum disciplina nam cum mundum a calore uesper temperet ab occasu incipit ita incalescere ut ni tactu abstineas noxium sit contigisse rursum cum ortu solis incanduerit et radiis feruefacta sunt uniuersa sic hiemales euomit scaturrigines ut hauriri etiam a sitientibus non queat,unde non inmerito per gentes debris inclita est cuius aquae caelesti uertigine mutant qualitatem quamuis contrauersa siderum disciplina nam cum mundum a calore uesper temperet ab occasu incipit ita incalescere ut ni tactu abstineas noxium sit contigisse rursum cum ortu solis incanduerit et radiis feruefacta sunt uniuersa sic hiemales euomit scaturrigines ut hauriri etiam a sitientibus non queat
12161,body,193,4,True,,"Quis ergo non stupeat fontem qui friget calore, calet frigore?",quis ergo non stupeat fontem qui friget calore calet frigore,quis ergo non stupeat fontem qui friget calore calet frigore
12161,body,194,0,False,,"Garamanticae regionis caput Garama est, ad quam iter diu inextricabile fuit et inuium; nam latrones puteos harenis operiebant, ut temporaria fraude subductis aquis iter infame siti submoueret accessus uiantium.",garamanticae regionis caput garama est ad quam iter diu inextricabile fuit et inuium nam latrones puteos harenis operiebant ut temporaria fraude subductis aquis iter infame siti submoueret accessus uiantium,garamanticae regionis caput garama est ad quam iter diu inextricabile fuit et inuium nam latrones puteos harenis operiebant ut temporaria fraude subductis aquis iter infame siti submoueret accessus uiantium
12161,body,194,1,False,,"Sed Vespasiano principe bello, quod cum Oeensibus gestum est, difficultas haec dissoluta est, conpendio spatii breuioris reperto.",sed vespasiano principe bello quod cum oeensibus gestum est difficultas haec dissoluta est conpendio spatii breuioris reperto,sed uespasiano principe bello quod cum oeensibus gestum est difficultas haec dissoluta est conpendio spatii breuioris reperto
12161,body,194,2,False,,Garamantas Cornelius Balbus subegit et primus ex hac uictoria triumphauit; primus sane de externis utpote Gadibus genitus accessit ad gloriam nominis triumphalis.,garamantas cornelius balbus subegit et primus ex hac uictoria triumphauit primus sane de externis utpote gadibus genitus accessit ad gloriam nominis triumphalis,garamantas cornelius balbus subegit et primus ex hac uictoria triumphauit primus sane de externis utpote gadibus genitus accessit ad gloriam nominis triumphalis
12161,body,194,3,False,,"Armenta gentis istius obliquis ceruicibus pabulantur; nam si recta ad pastus ora dirigant, officiunt prona ad humum cornua.",armenta gentis istius obliquis ceruicibus pabulantur nam si recta ad pastus ora dirigant officiunt prona ad humum cornua,armenta gentis istius obliquis ceruicibus pabulantur nam si recta ad pastus ora dirigant officiunt prona ad humum cornua
12161,body,194,4,True,,"Ex parte qua Cercina est accipimus Gauloen insulam, in qua serpens neque nascitur neque uiuit inuecta; praeterea iactus ex ea quocumque gentium puluis arcet angues: scorpiones superiactus ilico perimit.",ex parte qua cercina est accipimus gauloen insulam in qua serpens neque nascitur neque uiuit inuecta praeterea iactus ex ea quocumque gentium puluis arcet angues scorpiones superiactus ilico perimit,ex parte qua cercina est accipimus gauloen insulam in qua serpens neque nascitur neque uiuit inuecta praeterea iactus ex ea quocumque gentium puluis arcet angues scorpiones superiactus ilico perimit
12161,head,195,0,True,,XXX,xxx,xxx
12161,body,196,0,False,,"Aethiopes et gentes Atlanticae Nigri flumine diuiduntur, quem partem putant Nili; sic papyro uiret, sic calamo praetexitur, animalia eadem edit, iisdem temporibus exundat, intra ripas quoque tunc redit cum contentus est alueo suo Nilus.",aethiopes et gentes atlanticae nigri flumine diuiduntur quem partem putant nili sic papyro uiret sic calamo praetexitur animalia eadem edit iisdem temporibus exundat intra ripas quoque tunc redit cum contentus est alueo suo nilus,aethiopes et gentes atlanticae nigri flumine diuiduntur quem partem putant nili sic papyro uiret sic calamo praetexitur animalia eadem edit iisdem temporibus exundat intra ripas quoque tunc redit cum contentus est alueo suo nilus
12161,body,196,1,False,,"Garamantici Aethiopes matrimonia priuatim nesciunt, sed omnibus in uenerem uulgo licet.",garamantici aethiopes matrimonia priuatim nesciunt sed omnibus in uenerem uulgo licet,garamantici aethiopes matrimonia priuatim nesciunt sed omnibus in uenerem uulgo licet
12161,body,196,2,False,,Inde est quod filios matres tantum recognoscunt: nam paterni nominis nulla reuerentia est.,inde est quod filios matres tantum recognoscunt nam paterni nominis nulla reuerentia est,inde est quod filios matres tantum recognoscunt nam paterni nominis nulla reuerentia est
12161,body,196,3,False,,Quis enim uerum patrem nouerit in hac luxuria incesti lasciuientis?,quis enim uerum patrem nouerit in hac luxuria incesti lasciuientis,quis enim uerum patrem nouerit in hac luxuria incesti lasciuientis
12161,body,196,4,True,,"Eapropter Garamantici Aethiopes inter omnes populos degeneres habentur, nec inmerito, quia adflicta disciplina castitatis successionis notitiam ritu improbo perdiderunt.",eapropter garamantici aethiopes inter omnes populos degeneres habentur nec inmerito quia adflicta disciplina castitatis successionis notitiam ritu improbo perdiderunt,eapropter garamantici aethiopes inter omnes populos degeneres habentur nec inmerito quia adflicta disciplina castitatis successionis notitiam ritu improbo perdiderunt
12161,body,197,0,False,,Nomen Aethiopum late patet.,nomen aethiopum late patet,nomen aethiopum late patet
12161,body,197,1,False,,In parte Africana qua Meroen uidet Libya plurimae eorum sunt et uariae nationes.,in parte africana qua meroen uidet libya plurimae eorum sunt et uariae nationes,in parte africana qua meroen uidet libya plurimae eorum sunt et uariae nationes
12161,body,197,2,False,,Harum e numero Nomades cynocephalorum lacte uiuunt.,harum e numero nomades cynocephalorum lacte uiuunt,harum e numero nomades cynocephalorum lacte uiuunt
12161,body,197,3,False,,Serbotae longi sunt ad pedes duodecim.,serbotae longi sunt ad pedes duodecim,serbotae longi sunt ad pedes duodecim
12161,body,197,4,False,,Azachaei captos uenatibus elephantos deuorant.,azachaei captos uenatibus elephantos deuorant,azachaei captos uenatibus elephantos deuorant
12161,body,197,5,False,,"Psambaris nulla est aurita quadrupes, nec elephanti quidem.",psambaris nulla est aurita quadrupes nec elephanti quidem,psambaris nulla est aurita quadrupes nec elephanti quidem
12161,body,197,6,False,,"His proximi summam regiae potestatis cani tradunt, de cuius motibus quidnam inperitet augurantur.",his proximi summam regiae potestatis cani tradunt de cuius motibus quidnam inperitet augurantur,his proximi summam regiae potestatis cani tradunt de cuius motibus quidnam inperitet augurantur
12161,body,197,7,False,,"Maritimos Aethiopas quaternos oculos dicunt habere; sed fides alia est, illa denique quod et uident plurimum et manifestissime destinant iactus sagittarum.",maritimos aethiopas quaternos oculos dicunt habere sed fides alia est illa denique quod et uident plurimum et manifestissime destinant iactus sagittarum,maritimos aethiopas quaternos oculos dicunt habere sed fides alia est illa denique quod et uident plurimum et manifestissime destinant iactus sagittarum
12161,body,197,8,False,,"Occidentem uersus Agriophagi tenent, qui solas pantherarum et leonum carnes edunt, rege praediti, cuius in fronte oculus unus est.",occidentem uersus agriophagi tenent qui solas pantherarum et leonum carnes edunt rege praediti cuius in fronte oculus unus est,occidentem uersus agriophagi tenent qui solas pantherarum et leonum carnes edunt rege praediti cuius in fronte oculus unus est
12161,body,197,9,False,,"Sunt et Pamphagi, quibus esca est quicquid mandi potest et omnia fortuitu gignentia.",sunt et pamphagi quibus esca est quicquid mandi potest et omnia fortuitu gignentia,sunt et pamphagi quibus esca est quicquid mandi potest et omnia fortuitu gignentia
12161,body,197,10,False,,"Sunt et Anthropophagi, quorum morem uocamen sonat.",sunt et anthropophagi quorum morem uocamen sonat,sunt et anthropophagi quorum morem uocamen sonat
12161,body,197,11,False,,Cynomolgos aiunt habere caninos rictus et prominula ora.,cynomolgos aiunt habere caninos rictus et prominula ora,cynomolgos aiunt habere caninos rictus et prominula ora
12161,body,197,12,False,,"Artabatitae proni atque quadrupedes, nec secus ac ferae sine sedibus euagantur.",artabatitae proni atque quadrupedes nec secus ac ferae sine sedibus euagantur,artabatitae proni atque quadrupedes nec secus ac ferae sine sedibus euagantur
12161,body,197,13,True,,Confines Mauretaniae certo tempore locustas terrestres legunt duratasque salsugine in praesidium uitae solas habent; sed ex illis quadragesimum aeui annum nullus supergreditur.,confines mauretaniae certo tempore locustas terrestres legunt duratasque salsugine in praesidium uitae solas habent sed ex illis quadragesimum aeui annum nullus supergreditur,confines mauretaniae certo tempore locustas terrestres legunt duratasque salsugine in praesidium uitae solas habent sed ex illis quadragesimum aeui annum nullus supergreditur
12161,body,198,0,False,,"Ab Oceano isto ad Meroen, quam insulam amplexu primo Nilus facit, milia passuum sunt sexcenta uiginti.",ab oceano isto ad meroen quam insulam amplexu primo nilus facit milia passuum sunt sexcenta uiginti,ab oceano isto ad meroen quam insulam amplexu primo nilus facit milia passuum sunt sexcenta uiginti
12161,body,198,1,False,,Vltra Meroen super exortum solis Macrobii Aethiopes uocantur; dimidio enim eorum protentior est quam nostra uita.,vltra meroen super exortum solis macrobii aethiopes uocantur dimidio enim eorum protentior est quam nostra uita,ultra meroen super exortum solis macrobii aethiopes uocantur dimidio enim eorum protentior est quam nostra uita
12161,body,198,2,False,,"Hi Macrobii iustitiam colunt, amant aequitatem, plurimum ualent robore, praecipua decent pulchritudine, ornantur aere, auro uincula faciunt noxiorum.",hi macrobii iustitiam colunt amant aequitatem plurimum ualent robore praecipua decent pulchritudine ornantur aere auro uincula faciunt noxiorum,hi macrobii iustitiam colunt amant aequitatem plurimum ualent robore praecipua decent pulchritudine ornantur aere auro uincula faciunt noxiorum
12161,body,198,3,False,,"Locus apud eos est Heliutrapeza opiparis epulis semper refertus, quibus indiscretim omnes uescuntur; nam etiam diuinitus eas augeri ferunt.",locus apud eos est heliutrapeza opiparis epulis semper refertus quibus indiscretim omnes uescuntur nam etiam diuinitus eas augeri ferunt,locus apud eos est heliutrapeza opiparis epulis semper refertus quibus indiscretim omnes uescuntur nam etiam diuinitus eas augeri ferunt
12161,body,198,4,False,,"Est etiam ibidem lacus, quo perfusa corpora uelut oleo nitescunt.",est etiam ibidem lacus quo perfusa corpora uelut oleo nitescunt,est etiam ibidem lacus quo perfusa corpora uelut oleo nitescunt
12161,body,198,5,True,,"Ex hoc lacu potus saluberrimus. sane adeo liquidus est, ut ne caducas quidem uehat frondes, sed ilico folia lapsa ad fundum demittat laticis tenuitate.",ex hoc lacu potus saluberrimus sane adeo liquidus est ut ne caducas quidem uehat frondes sed ilico folia lapsa ad fundum demittat laticis tenuitate,ex hoc lacu potus saluberrimus sane adeo liquidus est ut ne caducas quidem uehat frondes sed ilico folia lapsa ad fundum demittat laticis tenuitate
12161,body,199,0,False,,Vltra hos desertae et inhumanae solitudines ad usque Arabicos sinus.,vltra hos desertae et inhumanae solitudines ad usque arabicos sinus,ultra hos desertae et inhumanae solitudines ad usque arabicos sinus
12161,body,199,1,False,,Deinde in ultimis Orientis monstruosae gentium facies.,deinde in ultimis orientis monstruosae gentium facies,deinde in ultimis orientis monstruosae gentium facies
12161,body,199,2,False,,"Aliae sine naribus, aequali totius oris planitie, informes habent uultus.",aliae sine naribus aequali totius oris planitie informes habent uultus,aliae sine naribus aequali totius oris planitie informes habent uultus
12161,body,199,3,False,,Aliis concreta ora sunt modicoque tantum foramine calamis auenarum pastus hauriunt.,aliis concreta ora sunt modicoque tantum foramine calamis auenarum pastus hauriunt,aliis concreta ora sunt modicoque tantum foramine calamis auenarum pastus hauriunt
12161,body,199,4,False,,"Nonnullae linguis carent, in uicem sermonis utentes nutibus motibusque.",nonnullae linguis carent in uicem sermonis utentes nutibus motibusque,nonnullae linguis carent in uicem sermonis utentes nutibus motibusque
12161,body,199,5,True,,Quaedam ex istis nationibus ante Ptolemaeum Lathyrum regem Aegypti incognitum habuerunt ignis usum.,quaedam ex istis nationibus ante ptolemaeum lathyrum regem aegypti incognitum habuerunt ignis usum,quaedam ex istis nationibus ante ptolemaeum lathyrum regem aegypti incognitum habuerunt ignis usum
12161,body,200,0,False,,Aethiopia omnis ab oriente hiberno ad occidentem hibernum tenet.,aethiopia omnis ab oriente hiberno ad occidentem hibernum tenet,aethiopia omnis ab oriente hiberno ad occidentem hibernum tenet
12161,body,200,1,False,,"Quicquid eius est sub meridiano cardine, lucis nitet, qui maxime uirent hieme.",quicquid eius est sub meridiano cardine lucis nitet qui maxime uirent hieme,quicquid eius est sub meridiano cardine lucis nitet qui maxime uirent hieme
12161,body,200,2,False,,"A media parte mons editus mari inminet, ingenuo igni per aeternum feruidus et in quiete iugis flagrantibus; inter quae incendia iugis aestus draconum magna copia est.",a media parte mons editus mari inminet ingenuo igni per aeternum feruidus et in quiete iugis flagrantibus inter quae incendia iugis aestus draconum magna copia est,a media parte mons editus mari inminet ingenuo igni per aeternum feruidus et in quiete iugis flagrantibus inter quae incendia iugis aestus draconum magna copia est
12161,body,200,3,False,,"Veris draconibus ora parua et ad morsus non dehiscentia et artae fistulae, per quas trahant spiritus et linguas exerant; quippe non in dentibus uim, sed in caudis habent et uerbere potius quam rictu nocent.",veris draconibus ora parua et ad morsus non dehiscentia et artae fistulae per quas trahant spiritus et linguas exerant quippe non in dentibus uim sed in caudis habent et uerbere potius quam rictu nocent,ueris draconibus ora parua et ad morsus non dehiscentia et artae fistulae per quas trahant spiritus et linguas exerant quippe non in dentibus uim sed in caudis habent et uerbere potius quam rictu nocent
12161,body,200,4,False,,"Exciditur e cerebris draconum dracontias lapis, sed lapis non est nisi detrahatur uiuentibus; nam si obeat prius serpens, cum anima simul euanescit duritie soluta.",exciditur e cerebris draconum dracontias lapis sed lapis non est nisi detrahatur uiuentibus nam si obeat prius serpens cum anima simul euanescit duritie soluta,exciditur e cerebris draconum dracontias lapis sed lapis non est nisi detrahatur uiuentibus nam si obeat prius serpens cum anima simul euanescit duritie soluta
12161,body,200,5,False,,"Vsu eius Orientis reges praecipue gloriantur, quamquam nullum lenocinium artis admittat soliditate et quicquid in eo nobile est, non manus faciant nec alterius quam naturae candor sit quo reluceat.",vsu eius orientis reges praecipue gloriantur quamquam nullum lenocinium artis admittat soliditate et quicquid in eo nobile est non manus faciant nec alterius quam naturae candor sit quo reluceat,usu eius orientis reges praecipue gloriantur quamquam nullum lenocinium artis admittat soliditate et quicquid in eo nobile est non manus faciant nec alterius quam naturae candor sit quo reluceat
12161,body,200,6,False,,Auctor Sotacus gemmam hanc etiam uisam sibi scribit et quibus intercipiatur modis edocet.,auctor sotacus gemmam hanc etiam uisam sibi scribit et quibus intercipiatur modis edocet,auctor sotacus gemmam hanc etiam uisam sibi scribit et quibus intercipiatur modis edocet
12161,body,200,7,True,,"Praestantissimi audacia uiri explorant anguium foueas et receptus; inde praestolati ad pastum exeuntes praeteruectique percitis cursibus, obiciunt gramina medicata quantum potest ad incitandum soporem; ita somno sopitis capita desecant et de manubiis praecipitis ausi praedam reuehunt temeritatis.",praestantissimi audacia uiri explorant anguium foueas et receptus inde praestolati ad pastum exeuntes praeteruectique percitis cursibus obiciunt gramina medicata quantum potest ad incitandum soporem ita somno sopitis capita desecant et de manubiis praecipitis ausi praedam reuehunt temeritatis,praestantissimi audacia uiri explorant anguium foueas et receptus inde praestolati ad pastum exeuntes praeteruectique percitis cursibus obiciunt gramina medicata quantum potest ad incitandum soporem ita somno sopitis capita desecant et de manubiis praecipitis ausi praedam reuehunt temeritatis
12161,body,201,0,False,,"Quae locorum Aethiopes tenent feris plena sunt, e quibus quam nabun uocant nos camelopardalim dicimus, collo equi similem, pedibus bubulis, capite camelino, nitore rutilo, albis maculis superspersa.",quae locorum aethiopes tenent feris plena sunt e quibus quam nabun uocant nos camelopardalim dicimus collo equi similem pedibus bubulis capite camelino nitore rutilo albis maculis superspersa,quae locorum aethiopes tenent feris plena sunt e quibus quam nabun uocant nos camelopardalim dicimus collo equi similem pedibus bubulis capite camelino nitore rutilo albis maculis superspersa
12161,body,201,1,False,,Animal hoc Romae circensibus dictatoris Caesaris primum publicatum.,animal hoc romae circensibus dictatoris caesaris primum publicatum,animal hoc romae circensibus dictatoris caesaris primum publicatum
12161,body,201,2,False,,"Iisdem ferme temporibus illinc exhibita monstra sunt, cephos appellant, quorum posteriores pedes crure et uestigio humanos artus mentiuntur, priores hominum manus referunt; sed a nostris non amplius quam semel uisa sunt.",iisdem ferme temporibus illinc exhibita monstra sunt cephos appellant quorum posteriores pedes crure et uestigio humanos artus mentiuntur priores hominum manus referunt sed a nostris non amplius quam semel uisa sunt,iisdem ferme temporibus illinc exhibita monstra sunt cephos appellant quorum posteriores pedes crure et uestigio humanos artus mentiuntur priores hominum manus referunt sed a nostris non amplius quam semel uisa sunt
12161,body,201,3,True,,"Ante ludos Cn. Pompeii rhinocerotem Romana spectacula nesciebant; cui bestiae color buxeus, in naribus cornu unicum et repandum, quod subinde attritum cautibus in mucronem excitat eoque aduersus elephantos proeliatur, par ipsis longitudine, breuior cruribus, naturaliter aluum petens, quam solam intellegit ictibus suis peruiam.",ante ludos cn pompeii rhinocerotem romana spectacula nesciebant cui bestiae color buxeus in naribus cornu unicum et repandum quod subinde attritum cautibus in mucronem excitat eoque aduersus elephantos proeliatur par ipsis longitudine breuior cruribus naturaliter aluum petens quam solam intellegit ictibus suis peruiam,ante ludos cn pompeii rhinocerotem romana spectacula nesciebant cui bestiae color buxeus in naribus cornu unicum et repandum quod subinde attritum cautibus in mucronem excitat eoque aduersus elephantos proeliatur par ipsis longitudine breuior cruribus naturaliter aluum petens quam solam intellegit ictibus suis peruiam
12161,body,202,0,False,,"Iuxta Nigrim fluuium catoblepas nascitur modica atque iners bestia, caput praegraue aegre ferens, aspectu pestilenti; nam qui in oculos eius offenderint, protinus uitam exuunt.",iuxta nigrim fluuium catoblepas nascitur modica atque iners bestia caput praegraue aegre ferens aspectu pestilenti nam qui in oculos eius offenderint protinus uitam exuunt,iuxta nigrim fluuium catoblepas nascitur modica atque iners bestia caput praegraue aegre ferens aspectu pestilenti nam qui in oculos eius offenderint protinus uitam exuunt
12161,body,202,1,False,,"Formicae ibi ad formam canis maximi harenas aureas pedibus eruunt, quos leoninos habent; quas custodiunt, ne quis auferat, captantesque ad necem persequuntur.",formicae ibi ad formam canis maximi harenas aureas pedibus eruunt quos leoninos habent quas custodiunt ne quis auferat captantesque ad necem persequuntur,formicae ibi ad formam canis maximi harenas aureas pedibus eruunt quos leoninos habent quas custodiunt ne quis auferat captantesque ad necem persequuntur
12161,body,202,2,False,,"Eadem Aethiopia mittit lycaonem: lupus est ceruice iubatus et tot modis uarius, ut nullum colorem illi dicant abesse.",eadem aethiopia mittit lycaonem lupus est ceruice iubatus et tot modis uarius ut nullum colorem illi dicant abesse,eadem aethiopia mittit lycaonem lupus est ceruice iubatus et tot modis uarius ut nullum colorem illi dicant abesse
12161,body,202,3,False,,"Mittit et parandrum, boum magnitudine, bisulco uestigio, ramosis cornibus, capite ceruino, ursi colore et pariter uillo profundo.",mittit et parandrum boum magnitudine bisulco uestigio ramosis cornibus capite ceruino ursi colore et pariter uillo profundo,mittit et parandrum boum magnitudine bisulco uestigio ramosis cornibus capite ceruino ursi colore et pariter uillo profundo
12161,body,202,4,False,,"Hunc parandrum adfirmant habitum metu uertere et cum delitescat fieri adsimilem cuicumque rei proximauerit, siue illa saxo alba sit, seu frutecto uirens, siue quem alium modum praeferat.",hunc parandrum adfirmant habitum metu uertere et cum delitescat fieri adsimilem cuicumque rei proximauerit siue illa saxo alba sit seu frutecto uirens siue quem alium modum praeferat,hunc parandrum adfirmant habitum metu uertere et cum delitescat fieri adsimilem cuicumque rei proximauerit siue illa saxo alba sit seu frutecto uirens siue quem alium modum praeferat
12161,body,202,5,False,,"Faciunt hoc idem in mari polypi, in terra chamaeleontes; sed et polypus et chamaeleon glabra sunt, ut pronius sit cutis laeuitate proximantia aemulari; in hoc nouum est ac singulare hirsutiam pili colorum uices facere.",faciunt hoc idem in mari polypi in terra chamaeleontes sed et polypus et chamaeleon glabra sunt ut pronius sit cutis laeuitate proximantia aemulari in hoc nouum est ac singulare hirsutiam pili colorum uices facere,faciunt hoc idem in mari polypi in terra chamaeleontes sed et polypus et chamaeleon glabra sunt ut pronius sit cutis laeuitate proximantia aemulari in hoc nouum est ac singulare hirsutiam pili colorum uices facere
12161,body,202,6,True,,Hinc euenit ut difficulter capi possit.,hinc euenit ut difficulter capi possit,hinc euenit ut difficulter capi possit
12161,body,203,0,False,,"Aethiopicis lupis proprium est, quod in saliendo ita nisus habent alitis, ut non magis proficiant cursu quam meatu; homines tamen numquam impetunt.",aethiopicis lupis proprium est quod in saliendo ita nisus habent alitis ut non magis proficiant cursu quam meatu homines tamen numquam impetunt,aethiopicis lupis proprium est quod in saliendo ita nisus habent alitis ut non magis proficiant cursu quam meatu homines tamen numquam impetunt
12161,body,203,1,False,,"Bruma comati sunt, aestate nudi: thoas uocant.",bruma comati sunt aestate nudi thoas uocant,bruma comati sunt aestate nudi thoas uocant
12161,body,203,2,False,,"Hystrix quoque inde loci frequentissima, erinacii similis, spinis tergum hispida, quas plerumque laxatas iaculatione emittit uoluntaria, ut assiduis aculeorum nimbis canes uulneret ingruentes.",hystrix quoque inde loci frequentissima erinacii similis spinis tergum hispida quas plerumque laxatas iaculatione emittit uoluntaria ut assiduis aculeorum nimbis canes uulneret ingruentes,hystrix quoque inde loci frequentissima erinacii similis spinis tergum hispida quas plerumque laxatas iaculatione emittit uoluntaria ut assiduis aculeorum nimbis canes uulneret ingruentes
12161,body,203,3,False,,"Illius caeli ales est pegasus, sed haec ales equinum nihil praeter aures habet.",illius caeli ales est pegasus sed haec ales equinum nihil praeter aures habet,illius caeli ales est pegasus sed haec ales equinum nihil praeter aures habet
12161,body,203,4,True,,"Tragopan quoque auis maior aquilis, cornibus arietinis praeferens armatum caput.",tragopan quoque auis maior aquilis cornibus arietinis praeferens armatum caput,tragopan quoque auis maior aquilis cornibus arietinis praeferens armatum caput
12161,body,204,0,False,,Aethiopes legunt cinnamum.,aethiopes legunt cinnamum,aethiopes legunt cinnamum
12161,body,204,1,False,,"Id frutectum situ breui nascitur, ramo humili et represso, numquam ultra duas ulnas altitudinis; quod gracilius prouenerit eximium magis ducitur; quod in crassitudinem extuberatur despectui est.",id frutectum situ breui nascitur ramo humili et represso numquam ultra duas ulnas altitudinis quod gracilius prouenerit eximium magis ducitur quod in crassitudinem extuberatur despectui est,id frutectum situ breui nascitur ramo humili et represso numquam ultra duas ulnas altitudinis quod gracilius prouenerit eximium magis ducitur quod in crassitudinem extuberatur despectui est
12161,body,204,2,False,,"Verum legitur per sacerdotes hostiis prius caesis; quae cum litauerint, obseruatur ut messis nec ortum solis anticipet nec egrediatur occasum.",verum legitur per sacerdotes hostiis prius caesis quae cum litauerint obseruatur ut messis nec ortum solis anticipet nec egrediatur occasum,uerum legitur per sacerdotes hostiis prius caesis quae cum litauerint obseruatur ut messis nec ortum solis anticipet nec egrediatur occasum
12161,body,204,3,True,,"Quisquis principatum tenet, sarmentorum aceruos hasta diuidit, quae sacrata est in hoc ministerium; atque ita portio manipulorum soli dicatur: quae si iuste diuisa est, sponte incenditur.",quisquis principatum tenet sarmentorum aceruos hasta diuidit quae sacrata est in hoc ministerium atque ita portio manipulorum soli dicatur quae si iuste diuisa est sponte incenditur,quisquis principatum tenet sarmentorum aceruos hasta diuidit quae sacrata est in hoc ministerium atque ita portio manipulorum soli dicatur quae si iuste diuisa est sponte incenditur
12161,body,205,0,False,,"Inter haec quae diximus nitore caerulo hyacinthus inuenitur, lapis pretiosus, si quidem inculpabilis reperiatur; est enim uitiis non parce obnoxius; nam plerumque aut uiolaceo diluitur aut nubilo obducitur aut albicantius in aquaticum eliquescit; optimus in illo tenor, si nec densiore fuco sit obtunsior nec propensa perspicuitate detectior, sed ex utroque temperamento lucis et purpurae fucatum suauiter florem trahat.",inter haec quae diximus nitore caerulo hyacinthus inuenitur lapis pretiosus si quidem inculpabilis reperiatur est enim uitiis non parce obnoxius nam plerumque aut uiolaceo diluitur aut nubilo obducitur aut albicantius in aquaticum eliquescit optimus in illo tenor si nec densiore fuco sit obtunsior nec propensa perspicuitate detectior sed ex utroque temperamento lucis et purpurae fucatum suauiter florem trahat,inter haec quae diximus nitore caerulo hyacinthus inuenitur lapis pretiosus si quidem inculpabilis reperiatur est enim uitiis non parce obnoxius nam plerumque aut uiolaceo diluitur aut nubilo obducitur aut albicantius in aquaticum eliquescit optimus in illo tenor si nec densiore fuco sit obtunsior nec propensa perspicuitate detectior sed ex utroque temperamento lucis et purpurae fucatum suauiter florem trahat
12161,body,205,1,False,,"Hic est qui sentit auras et cum caelo facit; nec aequaliter rutilat, cum aut nubilosus est aut serenus dies.",hic est qui sentit auras et cum caelo facit nec aequaliter rutilat cum aut nubilosus est aut serenus dies,hic est qui sentit auras et cum caelo facit nec aequaliter rutilat cum aut nubilosus est aut serenus dies
12161,body,205,2,False,,Praeterea in os missus magis friget.,praeterea in os missus magis friget,praeterea in os missus magis friget
12161,body,205,3,False,,"Scalpturis certe minime adcommodatus, ut qui tritum respuat, nec tamen penitus inuictus; nam adamante scribitur et notatur.",scalpturis certe minime adcommodatus ut qui tritum respuat nec tamen penitus inuictus nam adamante scribitur et notatur,scalpturis certe minime adcommodatus ut qui tritum respuat nec tamen penitus inuictus nam adamante scribitur et notatur
12161,body,205,4,False,,"Vbi hyacinthus, ibi et chrysoprasus apparet; quem lapidem lux celat, produnt tenebrae.",vbi hyacinthus ibi et chrysoprasus apparet quem lapidem lux celat produnt tenebrae,ubi hyacinthus ibi et chrysoprasus apparet quem lapidem lux celat produnt tenebrae
12161,body,205,5,False,,"Haec enim est in illo diuersitas, ut nocte igneus sit, die pallidus.",haec enim est in illo diuersitas ut nocte igneus sit die pallidus,haec enim est in illo diuersitas ut nocte igneus sit die pallidus
12161,body,205,6,True,,Ex ipso solo sumimus haematitem rubore sanguineo ac propterea haematitem uocatum.,ex ipso solo sumimus haematitem rubore sanguineo ac propterea haematitem uocatum,ex ipso solo sumimus haematitem rubore sanguineo ac propterea haematitem uocatum
12161,head,206,0,True,,XXXI,xxxi,xxxi
12161,body,207,0,False,,"Quod ab Atlante usque Canopitanum ostium panditur, ubi Libyae finis est et Aegyptium limen, dictum a Canopo Menelai gubernatore sepulto in ea insula quae ostium Nili facit, gentes tenent dissonae, quae in auiae solitudinis secretum recesserunt.",quod ab atlante usque canopitanum ostium panditur ubi libyae finis est et aegyptium limen dictum a canopo menelai gubernatore sepulto in ea insula quae ostium nili facit gentes tenent dissonae quae in auiae solitudinis secretum recesserunt,quod ab atlante usque canopitanum ostium panditur ubi libyae finis est et aegyptium limen dictum a canopo menelai gubernatore sepulto in ea insula quae ostium nili facit gentes tenent dissonae quae in auiae solitudinis secretum recesserunt
12161,body,207,1,False,,Ex his Atlantes ab humano ritu prorsus exulant.,ex his atlantes ab humano ritu prorsus exulant,ex his atlantes ab humano ritu prorsus exulant
12161,body,207,2,False,,"Nulli proprium uocabulum, nulli speciale nomen.",nulli proprium uocabulum nulli speciale nomen,nulli proprium uocabulum nulli speciale nomen
12161,body,207,3,False,,"Diris solis ortus excipiunt, diris occasus prosequuntur ustique undique torrentis plagae sidere oderunt deum lucis.",diris solis ortus excipiunt diris occasus prosequuntur ustique undique torrentis plagae sidere oderunt deum lucis,diris solis ortus excipiunt diris occasus prosequuntur ustique undique torrentis plagae sidere oderunt deum lucis
12161,body,207,4,False,,Adfirmant eos somnia non uidere et abstinere penitus ab animalibus uniuersis.,adfirmant eos somnia non uidere et abstinere penitus ab animalibus uniuersis,adfirmant eos somnia non uidere et abstinere penitus ab animalibus uniuersis
12161,body,207,5,False,,"Trogodytae specus excauant, illis teguntur.",trogodytae specus excauant illis teguntur,trogodytae specus excauant illis teguntur
12161,body,207,6,False,,Nullus ibi habendi amor: a diuitiis paupertate se abdicauerunt uoluntaria.,nullus ibi habendi amor a diuitiis paupertate se abdicauerunt uoluntaria,nullus ibi habendi amor a diuitiis paupertate se abdicauerunt uoluntaria
12161,body,207,7,False,,"Tantum lapide uno gloriantur, quem hexecontalithon nominamus, tam diuersis notis sparsum, ut sexaginta gemmarum colores in paruo orbiculo eius deprehendantur.",tantum lapide uno gloriantur quem hexecontalithon nominamus tam diuersis notis sparsum ut sexaginta gemmarum colores in paruo orbiculo eius deprehendantur,tantum lapide uno gloriantur quem hexecontalithon nominamus tam diuersis notis sparsum ut sexaginta gemmarum colores in paruo orbiculo eius deprehendantur
12161,body,207,8,False,,Homines isti carnibus uiuunt serpentium ignarique sermonis stridunt potius quam loquuntur.,homines isti carnibus uiuunt serpentium ignarique sermonis stridunt potius quam loquuntur,homines isti carnibus uiuunt serpentium ignarique sermonis stridunt potius quam loquuntur
12161,body,207,9,False,,Augilae uero solos colunt inferos.,augilae uero solos colunt inferos,augilae uero solos colunt inferos
12161,body,207,10,False,,"Feminas suas primis noctibus nuptiarum adulteriis cogunt patere, mox ad perpetuam pudicitiam legibus stringunt seuerissimis.",feminas suas primis noctibus nuptiarum adulteriis cogunt patere mox ad perpetuam pudicitiam legibus stringunt seuerissimis,feminas suas primis noctibus nuptiarum adulteriis cogunt patere mox ad perpetuam pudicitiam legibus stringunt seuerissimis
12161,body,207,11,False,,"Gamphasantes abstinent proeliis, fugiunt commercia, nulli se extero misceri sinunt.",gamphasantes abstinent proeliis fugiunt commercia nulli se extero misceri sinunt,gamphasantes abstinent proeliis fugiunt commercia nulli se extero misceri sinunt
12161,body,207,12,False,,"Blemyas credunt truncos nasci parte qua caput est, os tamen et oculos habere in pectore.",blemyas credunt truncos nasci parte qua caput est os tamen et oculos habere in pectore,blemyas credunt truncos nasci parte qua caput est os tamen et oculos habere in pectore
12161,body,207,13,False,,Satyri de hominibus nihil aliud praeferunt quam figuram.,satyri de hominibus nihil aliud praeferunt quam figuram,satyri de hominibus nihil aliud praeferunt quam figuram
12161,body,207,14,False,,Aegipanes hoc sunt quod pingi uidemus.,aegipanes hoc sunt quod pingi uidemus,aegipanes hoc sunt quod pingi uidemus
12161,body,207,15,False,,Himantopodes fluxis nisibus crurum serpunt potius quam incedunt et pergendi usum lapsu magis destinant quam ingressu.,himantopodes fluxis nisibus crurum serpunt potius quam incedunt et pergendi usum lapsu magis destinant quam ingressu,himantopodes fluxis nisibus crurum serpunt potius quam incedunt et pergendi usum lapsu magis destinant quam ingressu
12161,body,207,16,False,,"Pharusi cum Herculi ad Hesperidas pergenti forent comites, itineris taedio hic resederunt.",pharusi cum herculi ad hesperidas pergenti forent comites itineris taedio hic resederunt,pharusi cum herculi ad hesperidas pergenti forent comites itineris taedio hic resederunt
12161,body,207,17,True,,Hactenus Libya.,hactenus libya,hactenus libya
12161,head,208,0,True,,XXXII,xxxii,xxxii
12161,body,209,0,False,,Aegyptus a meridie introrsus recedit quoad praetendant Aethiopes a tergo.,aegyptus a meridie introrsus recedit quoad praetendant aethiopes a tergo,aegyptus a meridie introrsus recedit quoad praetendant aethiopes a tergo
12161,body,209,1,False,,"Inferiorem eius partem Nilus circumfluit, qui scissus a loco, cui Delta nomen est, ad insulae faciem spatia amplectitur interamna et incerto paene fonte decurrens proditur ut loquemur.",inferiorem eius partem nilus circumfluit qui scissus a loco cui delta nomen est ad insulae faciem spatia amplectitur interamna et incerto paene fonte decurrens proditur ut loquemur,inferiorem eius partem nilus circumfluit qui scissus a loco cui delta nomen est ad insulae faciem spatia amplectitur interamna et incerto paene fonte decurrens proditur ut loquemur
12161,body,209,2,False,,"Originem habet a monte inferioris Mauretaniae, qui Oceano propinquat.",originem habet a monte inferioris mauretaniae qui oceano propinquat,originem habet a monte inferioris mauretaniae qui oceano propinquat
12161,body,209,3,False,,Hoc adfirmant Punici libri; hoc Iubam regem accipimus tradidisse.,hoc adfirmant punici libri hoc iubam regem accipimus tradidisse,hoc adfirmant punici libri hoc iubam regem accipimus tradidisse
12161,body,209,4,False,,Igitur protinus lacum efficit quem Nilidem dicunt.,igitur protinus lacum efficit quem nilidem dicunt,igitur protinus lacum efficit quem nilidem dicunt
12161,body,209,5,False,,"Nilum autem iam inde esse coniciunt, quod hoc stagnum herbis piscibus beluis nihil minus procreet quam in Nilo uidemus ac si quando Mauretania, unde origo eius est, aut niuibus densioribus aut imbribus largioribus inrigatur, incrementa exundationis in Aegypto augeantur.",nilum autem iam inde esse coniciunt quod hoc stagnum herbis piscibus beluis nihil minus procreet quam in nilo uidemus ac si quando mauretania unde origo eius est aut niuibus densioribus aut imbribus largioribus inrigatur incrementa exundationis in aegypto augeantur,nilum autem iam inde esse coniciunt quod hoc stagnum herbis piscibus beluis nihil minus procreet quam in nilo uidemus ac si quando mauretania unde origo eius est aut niuibus densioribus aut imbribus largioribus inrigatur incrementa exundationis in aegypto augeantur
12161,body,209,6,False,,"Sed effusus hoc lacu harenis sorbetur et cuniculis caecis absconditur; deinde in Caesariensi specu prorumpens ampliore eadem indicia praefert quae in exortu notauimus rursusque subsidit nec se prius reddit quam post interualla itineris extenti contingat Aethiopas, ubi exit et Nigrim facit fluuium, quem supra diximus esse terminum limitis Africani.",sed effusus hoc lacu harenis sorbetur et cuniculis caecis absconditur deinde in caesariensi specu prorumpens ampliore eadem indicia praefert quae in exortu notauimus rursusque subsidit nec se prius reddit quam post interualla itineris extenti contingat aethiopas ubi exit et nigrim facit fluuium quem supra diximus esse terminum limitis africani,sed effusus hoc lacu harenis sorbetur et cuniculis caecis absconditur deinde in caesariensi specu prorumpens ampliore eadem indicia praefert quae in exortu notauimus rursusque subsidit nec se prius reddit quam post interualla itineris extenti contingat aethiopas ubi exit et nigrim facit fluuium quem supra diximus esse terminum limitis africani
12161,body,209,7,True,,"Astapum eum inde gentes uocant, scilicet aquam e tenebris profluentem.",astapum eum inde gentes uocant scilicet aquam e tenebris profluentem,astapum eum inde gentes uocant scilicet aquam e tenebris profluentem
12161,body,210,0,False,,"Multas magnasque ambit insulas, quarum pleraeque sunt tam [diffusae et] uastae magnitudinis, ut uix eas dierum quinque cursu praetermeet, quamuis concitus ibi feratur.",multas magnasque ambit insulas quarum pleraeque sunt tam diffusae et uastae magnitudinis ut uix eas dierum quinque cursu praetermeet quamuis concitus ibi feratur,multas magnasque ambit insulas quarum pleraeque sunt tam diffusae et uastae magnitudinis ut uix eas dierum quinque cursu praetermeet quamuis concitus ibi feratur
12161,body,210,1,False,,"Nobilissima earum est Meroe, circum quam diuisus dextero alueo Astosapes, laeuo Astabores nominatur.",nobilissima earum est meroe circum quam diuisus dextero alueo astosapes laeuo astabores nominatur,nobilissima earum est meroe circum quam diuisus dextero alueo astosapes laeuo astabores nominatur
12161,body,210,2,False,,"Tunc quoque emensus magna longinqua, cum primum occurrentibus scopulis asperatur, tantis agminibus extollitur inter obiecta rupium, ut ruere potius quam manare credatur; demumque a cataracte ultimo tutus est: ita enim quaedam claustra eius Aegyptii nuncupant.",tunc quoque emensus magna longinqua cum primum occurrentibus scopulis asperatur tantis agminibus extollitur inter obiecta rupium ut ruere potius quam manare credatur demumque a cataracte ultimo tutus est ita enim quaedam claustra eius aegyptii nuncupant,tunc quoque emensus magna longinqua cum primum occurrentibus scopulis asperatur tantis agminibus extollitur inter obiecta rupium ut ruere potius quam manare credatur demumque a cataracte ultimo tutus est ita enim quaedam claustra eius aegyptii nuncupant
12161,body,210,3,False,,"Relicto tamen hoc pone se nomine, quo Giris uocatur, mox inoffensus meat.",relicto tamen hoc pone se nomine quo giris uocatur mox inoffensus meat,relicto tamen hoc pone se nomine quo giris uocatur mox inoffensus meat
12161,body,210,4,True,,"Septem ostiis conditur, in meridiem uersus excipitur Aegyptio mari.",septem ostiis conditur in meridiem uersus excipitur aegyptio mari,septem ostiis conditur in meridiem uersus excipitur aegyptio mari
12161,body,211,0,False,,*Gnari siderum uel locorum uarias de excessibus eius causas dederunt.,gnari siderum uel locorum uarias de excessibus eius causas dederunt,gnari siderum uel locorum uarias de excessibus eius causas dederunt
12161,body,211,1,False,,"Alii adfirmant etesias nubium densitatem illo cogere, unde amnis hic auspicatur, ipsumque fontem umore superno saginatum tantam inundationis habere substantiam, quantum pabuli ad liquorem nubila subministrauerint.",alii adfirmant etesias nubium densitatem illo cogere unde amnis hic auspicatur ipsumque fontem umore superno saginatum tantam inundationis habere substantiam quantum pabuli ad liquorem nubila subministrauerint,alii adfirmant etesias nubium densitatem illo cogere unde amnis hic auspicatur ipsumque fontem umore superno saginatum tantam inundationis habere substantiam quantum pabuli ad liquorem nubila subministrauerint
12161,body,211,2,False,,"Ferunt alii, quod uentorum flatibus repercussus, cum fluorem solitae uelocitatis non queat promouere, aquis in arto luctantibus intumescat; et quo inpensius controuersi spiritus repugnauerint, eo excelsius sublimari in altitudinis uertices repercussam celeritatem, quando nec solitus extenuet cursus alueum et stipato iam flumine uenis originalibus torrentium pondera superueniant: ita concurrente uiolentia hinc urgentis elementi hinc resistentis, undis exultantibus molem colligi, quae excessus facit.",ferunt alii quod uentorum flatibus repercussus cum fluorem solitae uelocitatis non queat promouere aquis in arto luctantibus intumescat et quo inpensius controuersi spiritus repugnauerint eo excelsius sublimari in altitudinis uertices repercussam celeritatem quando nec solitus extenuet cursus alueum et stipato iam flumine uenis originalibus torrentium pondera superueniant ita concurrente uiolentia hinc urgentis elementi hinc resistentis undis exultantibus molem colligi quae excessus facit,ferunt alii quod uentorum flatibus repercussus cum fluorem solitae uelocitatis non queat promouere aquis in arto luctantibus intumescat et quo inpensius controuersi spiritus repugnauerint eo excelsius sublimari in altitudinis uertices repercussam celeritatem quando nec solitus extenuet cursus alueum et stipato iam flumine uenis originalibus torrentium pondera superueniant ita concurrente uiolentia hinc urgentis elementi hinc resistentis undis exultantibus molem colligi quae excessus facit
12161,body,211,3,False,,"Nonnulli adfirmant fontem eius qui Phialus uocatur siderum motibus excitari extractumque radiis candentibus caelesti igne suspendi, non tamen sine certa legis disciplina, hoc est lunis coeptantibus; uerum omnem abscessus originem de sole concipi primosque fieri excessus tumoris, cum per cancrum sol uehatur; postmodum triginta eius partibus euolutis, ubi ingressus leonem ortus sirios excitauit, emissis omnibus cumulis totam fluctuationem erumpere.",nonnulli adfirmant fontem eius qui phialus uocatur siderum motibus excitari extractumque radiis candentibus caelesti igne suspendi non tamen sine certa legis disciplina hoc est lunis coeptantibus uerum omnem abscessus originem de sole concipi primosque fieri excessus tumoris cum per cancrum sol uehatur postmodum triginta eius partibus euolutis ubi ingressus leonem ortus sirios excitauit emissis omnibus cumulis totam fluctuationem erumpere,nonnulli adfirmant fontem eius qui phialus uocatur siderum motibus excitari extractumque radiis candentibus caelesti igne suspendi non tamen sine certa legis disciplina hoc est lunis coeptantibus uerum omnem abscessus originem de sole concipi primosque fieri excessus tumoris cum per cancrum sol uehatur postmodum triginta eius partibus euolutis ubi ingressus leonem ortus sirios excitauit emissis omnibus cumulis totam fluctuationem erumpere
12161,body,211,4,False,,"Quod tempus sacerdotes natalem mundi iudicauerunt, id est inter XIII k. Aug. et XI. Deinde reuocare exitus uniuersos, cum in uirginem transeat, penitusque intra ripas suas capere, cum libram sit ingressus.",quod tempus sacerdotes natalem mundi iudicauerunt id est inter xiii k aug et xi deinde reuocare exitus uniuersos cum in uirginem transeat penitusque intra ripas suas capere cum libram sit ingressus,quod tempus sacerdotes natalem mundi iudicauerunt id est inter xiii k aug et xi deinde reuocare exitus uniuersos cum in uirginem transeat penitusque intra ripas suas capere cum libram sit ingressus
12161,body,211,5,False,,"Hoc etiam addunt pariter eum nocere, siue abundantius exaestuet siue parcius: cum exiguitas minimum adportet fecunditatis, propensior copia diuturno umore culturam moretur.",hoc etiam addunt pariter eum nocere siue abundantius exaestuet siue parcius cum exiguitas minimum adportet fecunditatis propensior copia diuturno umore culturam moretur,hoc etiam addunt pariter eum nocere siue abundantius exaestuet siue parcius cum exiguitas minimum adportet fecunditatis propensior copia diuturno umore culturam moretur
12161,body,211,6,False,,"Maximos eius exitus cubitis duodeuiginti consurgere, iustissimos sedecim temperari, nec in quindecim abesse prouentus fructuarios, quicquid infra sit, famem facere.",maximos eius exitus cubitis duodeuiginti consurgere iustissimos sedecim temperari nec in quindecim abesse prouentus fructuarios quicquid infra sit famem facere,maximos eius exitus cubitis duodeuiginti consurgere iustissimos sedecim temperari nec in quindecim abesse prouentus fructuarios quicquid infra sit famem facere
12161,body,211,7,False,,"Dant illi etiam hoc maiestatis, ut portendat futura, quandoquidem Pharsalico bello non fuerit egressus quinque ulnas.",dant illi etiam hoc maiestatis ut portendat futura quandoquidem pharsalico bello non fuerit egressus quinque ulnas,dant illi etiam hoc maiestatis ut portendat futura quandoquidem pharsalico bello non fuerit egressus quinque ulnas
12161,body,211,8,False,,"Iam illud palam est, quod solus ex amnibus nullas expiret auras.",iam illud palam est quod solus ex amnibus nullas expiret auras,iam illud palam est quod solus ex amnibus nullas expiret auras
12161,body,211,9,True,,"Dicionis Aegyptiae esse incipit a Syene, in qua fines Aethiopum, et inde usque dum mari intimatur, Nili nomen tenet.",dicionis aegyptiae esse incipit a syene in qua fines aethiopum et inde usque dum mari intimatur nili nomen tenet,dicionis aegyptiae esse incipit a syene in qua fines aethiopum et inde usque dum mari intimatur nili nomen tenet
12161,body,212,0,False,,Inter omnia quae Aegyptus habet digna memoratu praecipue bouem mirantur: Apim uocant.,inter omnia quae aegyptus habet digna memoratu praecipue bouem mirantur apim uocant,inter omnia quae aegyptus habet digna memoratu praecipue bouem mirantur apim uocant
12161,body,212,1,False,,"Hunc ad instar colunt numinis, insignem albae notae macula, quae dextero lateri eius ingenita corniculantis lunae refert faciem.",hunc ad instar colunt numinis insignem albae notae macula quae dextero lateri eius ingenita corniculantis lunae refert faciem,hunc ad instar colunt numinis insignem albae notae macula quae dextero lateri eius ingenita corniculantis lunae refert faciem
12161,body,212,2,False,,"Statutum aeui spatium est, quod ut adfuit, profundo sacri fontis inmersus necatur, ne diem longius trahat quam licebit.",statutum aeui spatium est quod ut adfuit profundo sacri fontis inmersus necatur ne diem longius trahat quam licebit,statutum aeui spatium est quod ut adfuit profundo sacri fontis inmersus necatur ne diem longius trahat quam licebit
12161,body,212,3,False,,"Mox alter nec sine publico luctu requiritur, quem repertum centum antistites Memphim prosequuntur, ut incipiat ibi sacris initiatus sacer fieri.",mox alter nec sine publico luctu requiritur quem repertum centum antistites memphim prosequuntur ut incipiat ibi sacris initiatus sacer fieri,mox alter nec sine publico luctu requiritur quem repertum centum antistites memphim prosequuntur ut incipiat ibi sacris initiatus sacer fieri
12161,body,212,4,False,,Delubra quibus succedit aut incubat mystice thalamos nominant.,delubra quibus succedit aut incubat mystice thalamos nominant,delubra quibus succedit aut incubat mystice thalamos nominant
12161,body,212,5,False,,"Dat omina manifestantia de futuris: illud maximum, si de consulentis manu cibum capiat.",dat omina manifestantia de futuris illud maximum si de consulentis manu cibum capiat,dat omina manifestantia de futuris illud maximum si de consulentis manu cibum capiat
12161,body,212,6,False,,"Denique auersatus Germanici Caesaris dexteram prodidit ingruentia, nec multo post Caesar extinctus est.",denique auersatus germanici caesaris dexteram prodidit ingruentia nec multo post caesar extinctus est,denique auersatus germanici caesaris dexteram prodidit ingruentia nec multo post caesar extinctus est
12161,body,212,7,False,,Pueri Apim gregatim sequuntur et repente uelut lymphatici uentura praecinunt.,pueri apim gregatim sequuntur et repente uelut lymphatici uentura praecinunt,pueri apim gregatim sequuntur et repente uelut lymphatici uentura praecinunt
12161,body,212,8,False,,"Bos illi ostenditur femina in anno semel, et ipsa non absque certis insignibus, quae atque inuenta et oblata est, eadem die neci datur.",bos illi ostenditur femina in anno semel et ipsa non absque certis insignibus quae atque inuenta et oblata est eadem die neci datur,bos illi ostenditur femina in anno semel et ipsa non absque certis insignibus quae atque inuenta et oblata est eadem die neci datur
12161,body,212,9,False,,"Apis natalem Memphi celebrant iactu paterae aureae, quam proiciunt in Nili statum gurgitem.",apis natalem memphi celebrant iactu paterae aureae quam proiciunt in nili statum gurgitem,apis natalem memphi celebrant iactu paterae aureae quam proiciunt in nili statum gurgitem
12161,body,212,10,False,,Haec sollemnitas per septem dies agitur; quibus diebus cum sacerdotibus quasdam crocodili indutias habent nec attrectant lauantes.,haec sollemnitas per septem dies agitur quibus diebus cum sacerdotibus quasdam crocodili indutias habent nec attrectant lauantes,haec sollemnitas per septem dies agitur quibus diebus cum sacerdotibus quasdam crocodili indutias habent nec attrectant lauantes
12161,body,212,11,True,,"Verum octauo die caerimoniis iam peractis, uelut reddita saeuiendi licentia, solitam resumunt atrocitatem.",verum octauo die caerimoniis iam peractis uelut reddita saeuiendi licentia solitam resumunt atrocitatem,uerum octauo die caerimoniis iam peractis uelut reddita saeuiendi licentia solitam resumunt atrocitatem
12161,body,213,0,False,,Crocodilus malum quadrupes et in terra et in flumine pariter ualet; linguam non habet; maxillam mouet superiorem.,crocodilus malum quadrupes et in terra et in flumine pariter ualet linguam non habet maxillam mouet superiorem,crocodilus malum quadrupes et in terra et in flumine pariter ualet linguam non habet maxillam mouet superiorem
12161,body,213,1,False,,"Morsus eius horribili tenacitate conueniunt, stipante se pectinatim serie dentium.",morsus eius horribili tenacitate conueniunt stipante se pectinatim serie dentium,morsus eius horribili tenacitate conueniunt stipante se pectinatim serie dentium
12161,body,213,2,False,,Plerumque ad uiginti ulnas magnitudinis eualescit.,plerumque ad uiginti ulnas magnitudinis eualescit,plerumque ad uiginti ulnas magnitudinis eualescit
12161,body,213,3,False,,Qualia anseris edit oua.,qualia anseris edit oua,qualia anseris edit oua
12161,body,213,4,False,,Metatur locum nido naturali prouidentia nec alibi fetus premit quam quo crescentis Nili aquae non possint peruenire.,metatur locum nido naturali prouidentia nec alibi fetus premit quam quo crescentis nili aquae non possint peruenire,metatur locum nido naturali prouidentia nec alibi fetus premit quam quo crescentis nili aquae non possint peruenire
12161,body,213,5,False,,In partu fouendo mas et femina uices seruant.,in partu fouendo mas et femina uices seruant,in partu fouendo mas et femina uices seruant
12161,body,213,6,False,,Praeter hiatum oris armatus est etiam unguium inmanitate.,praeter hiatum oris armatus est etiam unguium inmanitate,praeter hiatum oris armatus est etiam unguium inmanitate
12161,body,213,7,False,,"Noctibus in aqua degit, per diem humi adquiescit.",noctibus in aqua degit per diem humi adquiescit,noctibus in aqua degit per diem humi adquiescit
12161,body,213,8,False,,"Circumdatur maxima cutis firmitate in tantum, ut ictus quouis tormento adactos tergo repercutiat.",circumdatur maxima cutis firmitate in tantum ut ictus quouis tormento adactos tergo repercutiat,circumdatur maxima cutis firmitate in tantum ut ictus quouis tormento adactos tergo repercutiat
12161,body,213,9,False,,"Strophilos auis paruula est: ea reduuias escarum dum adfectat, os beluae huiusce paulatim scalpit et sensim scalpurrigine blandiente aditum sibi in usque fauces facit.",strophilos auis paruula est ea reduuias escarum dum adfectat os beluae huiusce paulatim scalpit et sensim scalpurrigine blandiente aditum sibi in usque fauces facit,strophilos auis paruula est ea reduuias escarum dum adfectat os beluae huiusce paulatim scalpit et sensim scalpurrigine blandiente aditum sibi in usque fauces facit
12161,body,213,10,True,,Quod ichneumon conspicatus penetrat beluam populatisque uitalibus erosa exit aluo.,quod ichneumon conspicatus penetrat beluam populatisque uitalibus erosa exit aluo,quod ichneumon conspicatus penetrat beluam populatisque uitalibus erosa exit aluo
12161,body,214,0,False,,"Est et delphinum genus in Nilo, quorum dorsa serratas habent cristas.",est et delphinum genus in nilo quorum dorsa serratas habent cristas,est et delphinum genus in nilo quorum dorsa serratas habent cristas
12161,body,214,1,False,,Hi delphines crocodilos studio eliciunt ad natandum demersique astu fraudulento tenera uentrium subternatantes secant et interimunt.,hi delphines crocodilos studio eliciunt ad natandum demersique astu fraudulento tenera uentrium subternatantes secant et interimunt,hi delphines crocodilos studio eliciunt ad natandum demersique astu fraudulento tenera uentrium subternatantes secant et interimunt
12161,body,214,2,False,,"Habitant in insula Nili homines forma perexigui, sed audacia usque eo pergit, ut crocodilis se offerant obuios: nam haec monstra fugientes insequuntur, formidant resistentes; ergo capiuntur, subactique etiam intra aquas suas seruiunt et perdomiti metu ita obsequuntur, ut inmemores atrocitatis uictores suos inequitantes dorso uehant.",habitant in insula nili homines forma perexigui sed audacia usque eo pergit ut crocodilis se offerant obuios nam haec monstra fugientes insequuntur formidant resistentes ergo capiuntur subactique etiam intra aquas suas seruiunt et perdomiti metu ita obsequuntur ut inmemores atrocitatis uictores suos inequitantes dorso uehant,habitant in insula nili homines forma perexigui sed audacia usque eo pergit ut crocodilis se offerant obuios nam haec monstra fugientes insequuntur formidant resistentes ergo capiuntur subactique etiam intra aquas suas seruiunt et perdomiti metu ita obsequuntur ut inmemores atrocitatis uictores suos inequitantes dorso uehant
12161,body,214,3,False,,"Hanc ergo insulam et hanc gentem ubicumque indicio odoris persenserint, procul fugiunt.",hanc ergo insulam et hanc gentem ubicumque indicio odoris persenserint procul fugiunt,hanc ergo insulam et hanc gentem ubicumque indicio odoris persenserint procul fugiunt
12161,body,214,4,False,,"In aqua obtunsius uident, in terra acutissime.",in aqua obtunsius uident in terra acutissime,in aqua obtunsius uident in terra acutissime
12161,body,214,5,True,,"Hieme nullum cibum capiunt, quin etiam quattuor menses a coeptu brumae inedia exigunt.",hieme nullum cibum capiunt quin etiam quattuor menses a coeptu brumae inedia exigunt,hieme nullum cibum capiunt quin etiam quattuor menses a coeptu brumae inedia exigunt
12161,body,215,0,True,,"Scinci quoque circa Nilum frequentissimi, crocodilis quidem similes, sed forma modica et angusta, uerum ad opem salute non qualibet necessarii: medentes quippe ex ipsis pocula inficiunt, quibus extinguitur uis ueneni.",scinci quoque circa nilum frequentissimi crocodilis quidem similes sed forma modica et angusta uerum ad opem salute non qualibet necessarii medentes quippe ex ipsis pocula inficiunt quibus extinguitur uis ueneni,scinci quoque circa nilum frequentissimi crocodilis quidem similes sed forma modica et angusta uerum ad opem salute non qualibet necessarii medentes quippe ex ipsis pocula inficiunt quibus extinguitur uis ueneni
12161,body,216,0,False,,"Hippopotamus in eodem flumine ac solo nascitur, equino et dorso et iuba et hinnitu, rostro resimo, ungulis bifidis, aprugineis dentibus, cauda tortuosa.",hippopotamus in eodem flumine ac solo nascitur equino et dorso et iuba et hinnitu rostro resimo ungulis bifidis aprugineis dentibus cauda tortuosa,hippopotamus in eodem flumine ac solo nascitur equino et dorso et iuba et hinnitu rostro resimo ungulis bifidis aprugineis dentibus cauda tortuosa
12161,body,216,1,False,,"Noctibus segetes depascitur, ad quas pergit auersus astu doloso, ut fallente uestigio reuertenti nullae ei insidiae praeparentur.",noctibus segetes depascitur ad quas pergit auersus astu doloso ut fallente uestigio reuertenti nullae ei insidiae praeparentur,noctibus segetes depascitur ad quas pergit auersus astu doloso ut fallente uestigio reuertenti nullae ei insidiae praeparentur
12161,body,216,2,False,,"Idem cum distenditur nimia satietate, harundines recens caesas petit, per quas tamdiu obuersatur, quoad stirpium acuta pedes uulnerent, ut profluuio sanguinis leuetur sagina; plagam deinde caeno oblinit, usquedum uulnus conducatur in cicatricem.",idem cum distenditur nimia satietate harundines recens caesas petit per quas tamdiu obuersatur quoad stirpium acuta pedes uulnerent ut profluuio sanguinis leuetur sagina plagam deinde caeno oblinit usquedum uulnus conducatur in cicatricem,idem cum distenditur nimia satietate harundines recens caesas petit per quas tamdiu obuersatur quoad stirpium acuta pedes uulnerent ut profluuio sanguinis leuetur sagina plagam deinde caeno oblinit usquedum uulnus conducatur in cicatricem
12161,body,216,3,True,,Hippopotamos et crocodilos primus Romae M. Scaurus inuexit.,hippopotamos et crocodilos primus romae m scaurus inuexit,hippopotamos et crocodilos primus romae m scaurus inuexit
12161,body,217,0,False,,Circa easdem ripas ales est ibis.,circa easdem ripas ales est ibis,circa easdem ripas ales est ibis
12161,body,217,1,False,,Ea serpentium populatur oua gratissimamque ex his escam nidis suis defert: sic rarescunt prouentus fetuum noxiorum.,ea serpentium populatur oua gratissimamque ex his escam nidis suis defert sic rarescunt prouentus fetuum noxiorum,ea serpentium populatur oua gratissimamque ex his escam nidis suis defert sic rarescunt prouentus fetuum noxiorum
12161,body,217,2,False,,"Nec tamen aues istae tantum intra fines Aegyptios prosunt; nam quaecumque Arabicae paludes pennatorum anguium mittunt examina, quorum tam citum uirus est, ut morsum ante mors quam dolor insequatur, sagacitate qua ad hoc ualent aues excitatae in procinctum eunt uniuersae et prius quam terminos patrios externum malum uastet, in aere occursant cateruis pestilentibus; ibi agmen deuorant uniuersum; quo merito sacrae sunt et inlaesae.",nec tamen aues istae tantum intra fines aegyptios prosunt nam quaecumque arabicae paludes pennatorum anguium mittunt examina quorum tam citum uirus est ut morsum ante mors quam dolor insequatur sagacitate qua ad hoc ualent aues excitatae in procinctum eunt uniuersae et prius quam terminos patrios externum malum uastet in aere occursant cateruis pestilentibus ibi agmen deuorant uniuersum quo merito sacrae sunt et inlaesae,nec tamen aues istae tantum intra fines aegyptios prosunt nam quaecumque arabicae paludes pennatorum anguium mittunt examina quorum tam citum uirus est ut morsum ante mors quam dolor insequatur sagacitate qua ad hoc ualent aues excitatae in procinctum eunt uniuersae et prius quam terminos patrios externum malum uastet in aere occursant cateruis pestilentibus ibi agmen deuorant uniuersum quo merito sacrae sunt et inlaesae
12161,body,217,3,False,,Ore pariunt.,ore pariunt,ore pariunt
12161,body,217,4,True,,"Nigras solum Pelusium mittit, reliqua pars candidas.",nigras solum pelusium mittit reliqua pars candidas,nigras solum pelusium mittit reliqua pars candidas
12161,body,218,0,False,,"De arboribus quas sola fert Aegyptus praecipua est ficus Aegyptia, foliis moro comparanda, poma non ramis tantum gestitans, sed et caudice: usque adeo fecunditati suae angusta est.",de arboribus quas sola fert aegyptus praecipua est ficus aegyptia foliis moro comparanda poma non ramis tantum gestitans sed et caudice usque adeo fecunditati suae angusta est,de arboribus quas sola fert aegyptus praecipua est ficus aegyptia foliis moro comparanda poma non ramis tantum gestitans sed et caudice usque adeo fecunditati suae angusta est
12161,body,218,1,False,,"Vno anno septies fructum sufficit: unde pomum decerpseris, alterum sine mora protuberat.",vno anno septies fructum sufficit unde pomum decerpseris alterum sine mora protuberat,uno anno septies fructum sufficit unde pomum decerpseris alterum sine mora protuberat
12161,body,218,2,True,,"Materia eius in aquam missa subsidit; deinde cum diu desederit in liquore, leuior facta sustollitur et uersa uice, quod natura in alio ligni genere non recipit, fit umore sicca.",materia eius in aquam missa subsidit deinde cum diu desederit in liquore leuior facta sustollitur et uersa uice quod natura in alio ligni genere non recipit fit umore sicca,materia eius in aquam missa subsidit deinde cum diu desederit in liquore leuior facta sustollitur et uersa uice quod natura in alio ligni genere non recipit fit umore sicca
12161,body,219,0,False,,"Palma quoque Aegyptia dicenda res est; proprie adipsos uocatur, ut dici oportet ea, quae gustata arcet sitim.",palma quoque aegyptia dicenda res est proprie adipsos uocatur ut dici oportet ea quae gustata arcet sitim,palma quoque aegyptia dicenda res est proprie adipsos uocatur ut dici oportet ea quae gustata arcet sitim
12161,body,219,1,False,,Odor ei idem qui et malis Cydoniis.,odor ei idem qui et malis cydoniis,odor ei idem qui et malis cydoniis
12161,body,219,2,True,,"Sed demum sitim sedat, si prius quam maturuerit decerpatur; nam si matura sumatur, sensum intercipit, gressum praepedit, linguam retardat obsessisque officiis mentis et corporis ebrietatis facit uitium.",sed demum sitim sedat si prius quam maturuerit decerpatur nam si matura sumatur sensum intercipit gressum praepedit linguam retardat obsessisque officiis mentis et corporis ebrietatis facit uitium,sed demum sitim sedat si prius quam maturuerit decerpatur nam si matura sumatur sensum intercipit gressum praepedit linguam retardat obsessisque officiis mentis et corporis ebrietatis facit uitium
12161,body,220,0,False,,"Aegyptium limitem, qua ad Diacecaumenen tendit, incolunt populi, qui momentum, quo reparari mundum ad motus ferunt annuos, hoc studio deprehendunt.",aegyptium limitem qua ad diacecaumenen tendit incolunt populi qui momentum quo reparari mundum ad motus ferunt annuos hoc studio deprehendunt,aegyptium limitem qua ad diacecaumenen tendit incolunt populi qui momentum quo reparari mundum ad motus ferunt annuos hoc studio deprehendunt
12161,body,220,1,False,,"Eligitur sacer lucus, in quo consaeptant animalia diuersissimi generis.",eligitur sacer lucus in quo consaeptant animalia diuersissimi generis,eligitur sacer lucus in quo consaeptant animalia diuersissimi generis
12161,body,220,2,False,,"Ea, ubi ad statum modum caelestis perueniunt *disciplina, sensus suos significationibus produnt quibus possunt: alia ululant, alia mugiunt, quaedam stridunt, quaedam rudiunt, nonnulla simul confugiunt ad uolutabra.",ea ubi ad statum modum caelestis perueniunt disciplina sensus suos significationibus produnt quibus possunt alia ululant alia mugiunt quaedam stridunt quaedam rudiunt nonnulla simul confugiunt ad uolutabra,ea ubi ad statum modum caelestis perueniunt disciplina sensus suos significationibus produnt quibus possunt alia ululant alia mugiunt quaedam stridunt quaedam rudiunt nonnulla simul confugiunt ad uolutabra
12161,body,220,3,False,,Hoc argumentum illis est magistrum ad indicium temporis deprehendendi.,hoc argumentum illis est magistrum ad indicium temporis deprehendendi,hoc argumentum illis est magistrum ad indicium temporis deprehendendi
12161,body,220,4,True,,"Iidem populi ferunt a primis sibi gentis suae auis traditum, ubi nunc occasus est, quondam ibi ortus solis fuisse.",iidem populi ferunt a primis sibi gentis suae auis traditum ubi nunc occasus est quondam ibi ortus solis fuisse,iidem populi ferunt a primis sibi gentis suae auis traditum ubi nunc occasus est quondam ibi ortus solis fuisse
12161,body,221,0,False,,"Inter Aegyptias urbes numero portarum Thebae nobiles, ad quas commercia Arabes Indique subuehunt: hinc regio Thebaica.",inter aegyptias urbes numero portarum thebae nobiles ad quas commercia arabes indique subuehunt hinc regio thebaica,inter aegyptias urbes numero portarum thebae nobiles ad quas commercia arabes indique subuehunt hinc regio thebaica
12161,body,221,1,False,,"Aboedos et ipsa nobilis, olim Memnonis regia, nunc Osiris fano exculta.",aboedos et ipsa nobilis olim memnonis regia nunc osiris fano exculta,aboedos et ipsa nobilis olim memnonis regia nunc osiris fano exculta
12161,body,221,2,False,,Alexandriam et operis ipsius magnitudo et auctor Macedo nobilitant; quam metatus Dinocrates architecton alterum a conditore in memoria locum detinet.,alexandriam et operis ipsius magnitudo et auctor macedo nobilitant quam metatus dinocrates architecton alterum a conditore in memoria locum detinet,alexandriam et operis ipsius magnitudo et auctor macedo nobilitant quam metatus dinocrates architecton alterum a conditore in memoria locum detinet
12161,body,221,3,True,,"Condita autem Alexandria est duodecima centesimaque olympiade, L. Papirio Sp. f. C. Poetelio C. f. consulibus Romanis, haud longe ab ostio fluminis Nili, quod Heracleoticon alii, alii Canopicon appellant.",condita autem alexandria est duodecima centesimaque olympiade l papirio sp f c poetelio c f consulibus romanis haud longe ab ostio fluminis nili quod heracleoticon alii alii canopicon appellant,condita autem alexandria est duodecima centesimaque olympiade l papirio sp f c poetelio c f consulibus romanis haud longe ab ostio fluminis nili quod heracleoticon alii alii canopicon appellant
12161,body,222,0,False,,"Est et Pharos, colonia a Caesare dictatore deducta, e qua facibus accensis nocturna dirigitur nauigatio; nam Alexandria insidioso accessu aditur, fallacibus uadis, caeco mari, tribusque tantum canalibus admittit nauigantes, Posideo Tegano Tauro.",est et pharos colonia a caesare dictatore deducta e qua facibus accensis nocturna dirigitur nauigatio nam alexandria insidioso accessu aditur fallacibus uadis caeco mari tribusque tantum canalibus admittit nauigantes posideo tegano tauro,est et pharos colonia a caesare dictatore deducta e qua facibus accensis nocturna dirigitur nauigatio nam alexandria insidioso accessu aditur fallacibus uadis caeco mari tribusque tantum canalibus admittit nauigantes posideo tegano tauro
12161,body,222,1,False,,Hinc igitur in portibus machinas ad praelucendi ministerium fabricatas pharos dicunt.,hinc igitur in portibus machinas ad praelucendi ministerium fabricatas pharos dicunt,hinc igitur in portibus machinas ad praelucendi ministerium fabricatas pharos dicunt
12161,body,222,2,False,,Pyramides turres sunt fastigatae ultra excelsitatem omnem quae fieri manu possit; itaque mensuram umbrarum egressae nullas habent umbras.,pyramides turres sunt fastigatae ultra excelsitatem omnem quae fieri manu possit itaque mensuram umbrarum egressae nullas habent umbras,pyramides turres sunt fastigatae ultra excelsitatem omnem quae fieri manu possit itaque mensuram umbrarum egressae nullas habent umbras
12161,body,222,3,True,,Nunc ab Aegypto prouehamus stilum.,nunc ab aegypto prouehamus stilum,nunc ab aegypto prouehamus stilum
12161,head,223,0,True,,XXXIII,xxxiii,xxxiii
12161,body,224,0,False,,"Vltra Pelusiacum ostium Arabia est, ad Rubrum pertinens mare, quod Erythraeum ab Erythra rege Persei et Andromedae filio, non solum a colore appellatum Varro dicit.",vltra pelusiacum ostium arabia est ad rubrum pertinens mare quod erythraeum ab erythra rege persei et andromedae filio non solum a colore appellatum varro dicit,ultra pelusiacum ostium arabia est ad rubrum pertinens mare quod erythraeum ab erythra rege persei et andromedae filio non solum a colore appellatum uarro dicit
12161,body,224,1,True,,"Qui affirmat in litore maris istius fontem esse, quem si oues biberint, mutent uellerum qualitatem, et antea candidae amittant quod fuerint usque ad haustum ac furuo postmodum nigrescant colore.",qui affirmat in litore maris istius fontem esse quem si oues biberint mutent uellerum qualitatem et antea candidae amittant quod fuerint usque ad haustum ac furuo postmodum nigrescant colore,qui affirmat in litore maris istius fontem esse quem si oues biberint mutent uellerum qualitatem et antea candidae amittant quod fuerint usque ad haustum ac furuo postmodum nigrescant colore
12161,body,225,0,False,,Rubri autem maris Arsinoe oppidum.,rubri autem maris arsinoe oppidum,rubri autem maris arsinoe oppidum
12161,body,225,1,False,,"Verum haec Arabia procedit ad usque illam odoriferam et diuitem terram, quam Catabani et Scaenitae tenent Arabes, nobiles monte Cassio; qui Scaenitae causas nominis inde ducunt, quod tentoriis succedunt nec alias domos habent; ipsa autem tentoria cilicia sunt: ita nuncupant uelamenta caprarum pilis texta.",verum haec arabia procedit ad usque illam odoriferam et diuitem terram quam catabani et scaenitae tenent arabes nobiles monte cassio qui scaenitae causas nominis inde ducunt quod tentoriis succedunt nec alias domos habent ipsa autem tentoria cilicia sunt ita nuncupant uelamenta caprarum pilis texta,uerum haec arabia procedit ad usque illam odoriferam et diuitem terram quam catabani et scaenitae tenent arabes nobiles monte cassio qui scaenitae causas nominis inde ducunt quod tentoriis succedunt nec alias domos habent ipsa autem tentoria cilicia sunt ita nuncupant uelamenta caprarum pilis texta
12161,body,225,2,False,,Praeterea suillis carnibus prorsus abstinent.,praeterea suillis carnibus prorsus abstinent,praeterea suillis carnibus prorsus abstinent
12161,body,225,3,False,,"Sane hoc animalis genus si inuectum illo fuerit, ilico moritur.",sane hoc animalis genus si inuectum illo fuerit ilico moritur,sane hoc animalis genus si inuectum illo fuerit ilico moritur
12161,body,225,4,False,,"Hanc Arabiam Graeci Eudaemonem, nostri Beatam nominauerunt.",hanc arabiam graeci eudaemonem nostri beatam nominauerunt,hanc arabiam graeci eudaemonem nostri beatam nominauerunt
12161,body,225,5,True,,"Habitatur in colle manu facto inter flumen Tigrim et flumen Eulaeum, quod ortum a Medis tam puro fluore inclitum est, ut omnes inde reges non alias quam eius aquas bibant.",habitatur in colle manu facto inter flumen tigrim et flumen eulaeum quod ortum a medis tam puro fluore inclitum est ut omnes inde reges non alias quam eius aquas bibant,habitatur in colle manu facto inter flumen tigrim et flumen eulaeum quod ortum a medis tam puro fluore inclitum est ut omnes inde reges non alias quam eius aquas bibant
12161,body,226,0,False,,"Eudaemonem non frustra cognominatam hinc capessas, quod praeter odores, quos creat plurimos, sola tus mittit, nec tamen uniuersa.",eudaemonem non frustra cognominatam hinc capessas quod praeter odores quos creat plurimos sola tus mittit nec tamen uniuersa,eudaemonem non frustra cognominatam hinc capessas quod praeter odores quos creat plurimos sola tus mittit nec tamen uniuersa
12161,body,226,1,False,,"Nam in medio eius sunt Astramitae, pagus Sabaeorum, a quo octo mansionibus regio turifera disterminatur, Arabia appellata, id est sacra: hoc enim significari interpretantur.",nam in medio eius sunt astramitae pagus sabaeorum a quo octo mansionibus regio turifera disterminatur arabia appellata id est sacra hoc enim significari interpretantur,nam in medio eius sunt astramitae pagus sabaeorum a quo octo mansionibus regio turifera disterminatur arabia appellata id est sacra hoc enim significari interpretantur
12161,body,226,2,False,,"Virgulta haec non sunt publica, sed quod inter barbaros nouum, in ius posterorum per successiones transeunt familiarum.",virgulta haec non sunt publica sed quod inter barbaros nouum in ius posterorum per successiones transeunt familiarum,uirgulta haec non sunt publica sed quod inter barbaros nouum in ius posterorum per successiones transeunt familiarum
12161,body,226,3,False,,"Ergo quicumque dominatum istius tenent nemoris, Arabice sacri uocantur.",ergo quicumque dominatum istius tenent nemoris arabice sacri uocantur,ergo quicumque dominatum istius tenent nemoris arabice sacri uocantur
12161,body,226,4,False,,"Iidem illi cum lucos istos uel metunt uel incidunt, non funeribus intersunt, non congressibus feminarum polluuntur.",iidem illi cum lucos istos uel metunt uel incidunt non funeribus intersunt non congressibus feminarum polluuntur,iidem illi cum lucos istos uel metunt uel incidunt non funeribus intersunt non congressibus feminarum polluuntur
12161,body,226,5,True,,"Hanc arborem, priusquam penitus fides proderetur, alii lentisco, alii mage terebintho conparabant, usquedum libris, quos Iuba rex scripsit ad Caesarem Augusti filium, palam fieret intorto eam esse uimine, ramis ad aceris qualitatem, amygdalae modo sucum fundere, incidi ortu canis flagrantissimis solibus.",hanc arborem priusquam penitus fides proderetur alii lentisco alii mage terebintho conparabant usquedum libris quos iuba rex scripsit ad caesarem augusti filium palam fieret intorto eam esse uimine ramis ad aceris qualitatem amygdalae modo sucum fundere incidi ortu canis flagrantissimis solibus,hanc arborem priusquam penitus fides proderetur alii lentisco alii mage terebintho conparabant usquedum libris quos iuba rex scripsit ad caesarem augusti filium palam fieret intorto eam esse uimine ramis ad aceris qualitatem amygdalae modo sucum fundere incidi ortu canis flagrantissimis solibus
12161,body,227,0,False,,"In iisdem saltibus myrrha prouenit, cuius radices ut uitium rastris proficiunt, ablaqueationibus gaudent; nudatae pinguiori fluunt lacrima.",in iisdem saltibus myrrha prouenit cuius radices ut uitium rastris proficiunt ablaqueationibus gaudent nudatae pinguiori fluunt lacrima,in iisdem saltibus myrrha prouenit cuius radices ut uitium rastris proficiunt ablaqueationibus gaudent nudatae pinguiori fluunt lacrima
12161,body,227,1,False,,Sponte manans pretiosior ex ea sudor est: elicitus corticis uulnere uilior iudicatur.,sponte manans pretiosior ex ea sudor est elicitus corticis uulnere uilior iudicatur,sponte manans pretiosior ex ea sudor est elicitus corticis uulnere uilior iudicatur
12161,body,227,2,False,,Codex in uertiginem flexus et spinis hispidus; folium crispius licet oliuae tamen simile; maxima extollitur ad quinque cubita proceritatis.,codex in uertiginem flexus et spinis hispidus folium crispius licet oliuae tamen simile maxima extollitur ad quinque cubita proceritatis,codex in uertiginem flexus et spinis hispidus folium crispius licet oliuae tamen simile maxima extollitur ad quinque cubita proceritatis
12161,body,227,3,True,,"Arabes sarmentis eius ignes fouent, quorum fumo satis noxio, nisi odore cremati storacis occurrant, plerumque insanabiles morbos contrahunt.",arabes sarmentis eius ignes fouent quorum fumo satis noxio nisi odore cremati storacis occurrant plerumque insanabiles morbos contrahunt,arabes sarmentis eius ignes fouent quorum fumo satis noxio nisi odore cremati storacis occurrant plerumque insanabiles morbos contrahunt
12161,body,228,0,False,,"Apud eosdem nascitur phoenix auis, aquilae magnitudine, capite honorato in conum plumis extantibus, cristatis faucibus, circa colla fulgore aureo, postera parte purpureus absque cauda, in qua roseis pennis caeruleus interscribitur nitor.",apud eosdem nascitur phoenix auis aquilae magnitudine capite honorato in conum plumis extantibus cristatis faucibus circa colla fulgore aureo postera parte purpureus absque cauda in qua roseis pennis caeruleus interscribitur nitor,apud eosdem nascitur phoenix auis aquilae magnitudine capite honorato in conum plumis extantibus cristatis faucibus circa colla fulgore aureo postera parte purpureus absque cauda in qua roseis pennis caeruleus interscribitur nitor
12161,body,228,1,False,,Probatum est quadraginta et quingentis eum durare annis.,probatum est quadraginta et quingentis eum durare annis,probatum est quadraginta et quingentis eum durare annis
12161,body,228,2,False,,"Rogos suos struit cinnamis, quos prope Panchaeam concinnat in Solis urbem, strue altaribus superposita.",rogos suos struit cinnamis quos prope panchaeam concinnat in solis urbem strue altaribus superposita,rogos suos struit cinnamis quos prope panchaeam concinnat in solis urbem strue altaribus superposita
12161,body,228,3,False,,"Cum huius uita magni anni fieri conuersionem rata fides est inter auctores: licet plurimi eorum magnum annum non quingentis quadraginta, sed duodecim milibus nungentis quinquaginta quattuor annis constare dicant.",cum huius uita magni anni fieri conuersionem rata fides est inter auctores licet plurimi eorum magnum annum non quingentis quadraginta sed duodecim milibus nungentis quinquaginta quattuor annis constare dicant,cum huius uita magni anni fieri conuersionem rata fides est inter auctores licet plurimi eorum magnum annum non quingentis quadraginta sed duodecim milibus nungentis quinquaginta quattuor annis constare dicant
12161,body,228,4,False,,Plautio itaque et Sex.,plautio itaque et sex,plautio itaque et sex
12161,body,228,5,False,,Papinio cos.,papinio cos,papinio cos
12161,body,228,6,False,,Aegyptum phoenix inuolauit; captusque anno octingentesimo urbis conditae iussu Claudii principis in comitio publicatus est.,aegyptum phoenix inuolauit captusque anno octingentesimo urbis conditae iussu claudii principis in comitio publicatus est,aegyptum phoenix inuolauit captusque anno octingentesimo urbis conditae iussu claudii principis in comitio publicatus est
12161,body,228,7,True,,"Quod gestum, praeter censuram quae manet, actis etiam urbis continetur.",quod gestum praeter censuram quae manet actis etiam urbis continetur,quod gestum praeter censuram quae manet actis etiam urbis continetur
12161,body,229,0,True,,"Cinnamolgus perinde Arabiae auis in excellentissimis lucis texit nidos e fruticibus cinnamorum; ad quos quoniam non est peruenire propter ramorum altitudinem et fragilitatem, accolae illas congeries plumbatis petunt iaculis deiectasque pretiis uendunt amplioribus, quod hoc cinnamum magis quam alia mercatores probent.",cinnamolgus perinde arabiae auis in excellentissimis lucis texit nidos e fruticibus cinnamorum ad quos quoniam non est peruenire propter ramorum altitudinem et fragilitatem accolae illas congeries plumbatis petunt iaculis deiectasque pretiis uendunt amplioribus quod hoc cinnamum magis quam alia mercatores probent,cinnamolgus perinde arabiae auis in excellentissimis lucis texit nidos e fruticibus cinnamorum ad quos quoniam non est peruenire propter ramorum altitudinem et fragilitatem accolae illas congeries plumbatis petunt iaculis deiectasque pretiis uendunt amplioribus quod hoc cinnamum magis quam alia mercatores probent
12161,body,230,0,False,,Arabes longe lateque diffusi diuersis et moribus uiuunt et cultibus.,arabes longe lateque diffusi diuersis et moribus uiuunt et cultibus,arabes longe lateque diffusi diuersis et moribus uiuunt et cultibus
12161,body,230,1,False,,"Plurimis crinis intonsus, mitrata capita; redimitu pari pars rasa in cutem barba.",plurimis crinis intonsus mitrata capita redimitu pari pars rasa in cutem barba,plurimis crinis intonsus mitrata capita redimitu pari pars rasa in cutem barba
12161,body,230,2,False,,"Commerciis student, aliena non emunt, uendunt sua; quippe et siluis et mari diuites.",commerciis student aliena non emunt uendunt sua quippe et siluis et mari diuites,commerciis student aliena non emunt uendunt sua quippe et siluis et mari diuites
12161,body,230,3,False,,Vmbrae quae nobis dexterae sunt illis sinistrae.,vmbrae quae nobis dexterae sunt illis sinistrae,umbrae quae nobis dexterae sunt illis sinistrae
12161,body,230,4,True,,"Pars eorum quibus asper uictus est angues edunt, nulla uel animi cura uel corporis, ac propterea ophiophagi nominantur.",pars eorum quibus asper uictus est angues edunt nulla uel animi cura uel corporis ac propterea ophiophagi nominantur,pars eorum quibus asper uictus est angues edunt nulla uel animi cura uel corporis ac propterea ophiophagi nominantur
12161,body,231,0,False,,Ex istius litoris sinu Polycrati regi aduecta sardonyx gemma prima in orbe nostro luxuriae excitauit facem.,ex istius litoris sinu polycrati regi aduecta sardonyx gemma prima in orbe nostro luxuriae excitauit facem,ex istius litoris sinu polycrati regi aduecta sardonyx gemma prima in orbe nostro luxuriae excitauit facem
12161,body,231,1,False,,"Nec multum de ea disserendum puto, adeo sardonyx in omnium uenit conscientiam.",nec multum de ea disserendum puto adeo sardonyx in omnium uenit conscientiam,nec multum de ea disserendum puto adeo sardonyx in omnium uenit conscientiam
12161,body,231,2,False,,"Superficies eius probatur, si meracius rubeat; arguitur, si fuerit faeculentior; medietas circuitur limite candicante; optima est, si nec colorem suum spargat in proximum nec ipsa ex altero mutuetur; reliqua nigro finiuntur.",superficies eius probatur si meracius rubeat arguitur si fuerit faeculentior medietas circuitur limite candicante optima est si nec colorem suum spargat in proximum nec ipsa ex altero mutuetur reliqua nigro finiuntur,superficies eius probatur si meracius rubeat arguitur si fuerit faeculentior medietas circuitur limite candicante optima est si nec colorem suum spargat in proximum nec ipsa ex altero mutuetur reliqua nigro finiuntur
12161,body,231,3,False,,"Quod si transluceat, uitio uertitur; si perspicuitatem arceat, proficit ad decorem.",quod si transluceat uitio uertitur si perspicuitatem arceat proficit ad decorem,quod si transluceat uitio uertitur si perspicuitatem arceat proficit ad decorem
12161,body,231,4,False,,"Et molochiten Arabs inuenit, uirentem crassius quam smaragdus, contra infantum pericula ingenita ui resistentem.",et molochiten arabs inuenit uirentem crassius quam smaragdus contra infantum pericula ingenita ui resistentem,et molochiten arabs inuenit uirentem crassius quam smaragdus contra infantum pericula ingenita ui resistentem
12161,body,231,5,False,,"Inuenit et iridem in mari Rubro, sicut crystallum sexangulatam, quae radiis icta solis rutilo aeris repercussu caelestis arcus ex sese iacit speciem.",inuenit et iridem in mari rubro sicut crystallum sexangulatam quae radiis icta solis rutilo aeris repercussu caelestis arcus ex sese iacit speciem,inuenit et iridem in mari rubro sicut crystallum sexangulatam quae radiis icta solis rutilo aeris repercussu caelestis arcus ex sese iacit speciem
12161,body,231,6,False,,"Androdamantem iidem legunt Arabes nitoris argentei, lateribus aequaliter quadris, quem de adamante nonnihil mutuatum putes.",androdamantem iidem legunt arabes nitoris argentei lateribus aequaliter quadris quem de adamante nonnihil mutuatum putes,androdamantem iidem legunt arabes nitoris argentei lateribus aequaliter quadris quem de adamante nonnihil mutuatum putes
12161,body,231,7,False,,"Datum illi nomen ex eo censent, quod animorum calentium mollit impetus et tumentes refrenat iras.",datum illi nomen ex eo censent quod animorum calentium mollit impetus et tumentes refrenat iras,datum illi nomen ex eo censent quod animorum calentium mollit impetus et tumentes refrenat iras
12161,body,231,8,False,,Paederotem etiam et Arabicam inde sumimus.,paederotem etiam et arabicam inde sumimus,paederotem etiam et arabicam inde sumimus
12161,body,231,9,False,,"Arabica aspectu eburnea est, radi abnuit; contra neruorum molestias prodest habentibus.",arabica aspectu eburnea est radi abnuit contra neruorum molestias prodest habentibus,arabica aspectu eburnea est radi abnuit contra neruorum molestias prodest habentibus
12161,body,231,10,True,,"In paederote congruit quicquid eximium est quadam decoris praerogatiua; crystallinum lucet, rubet purpuram, orarum extimis corona crocea uelut e liquido renitente; hac suauitate oculos afficit, uisum inlicit, detinet intuentes; hac etiam gratia Indis placet. hoc Arabiae sat est: ad Pelusium repatriemus.",in paederote congruit quicquid eximium est quadam decoris praerogatiua crystallinum lucet rubet purpuram orarum extimis corona crocea uelut e liquido renitente hac suauitate oculos afficit uisum inlicit detinet intuentes hac etiam gratia indis placet hoc arabiae sat est ad pelusium repatriemus,in paederote congruit quicquid eximium est quadam decoris praerogatiua crystallinum lucet rubet purpuram orarum extimis corona crocea uelut e liquido renitente hac suauitate oculos afficit uisum inlicit detinet intuentes hac etiam gratia indis placet hoc arabiae sat est ad pelusium repatriemus
12161,head,232,0,True,,XXXIV,xxxiv,xxxiu
12161,body,233,0,False,,"A Pelusio Cassius mons est et delubrum Iouis Cassii, atque ita Ostracine locus Pompeii Magni sepulchro inclitus.",a pelusio cassius mons est et delubrum iouis cassii atque ita ostracine locus pompeii magni sepulchro inclitus,a pelusio cassius mons est et delubrum iouis cassii atque ita ostracine locus pompeii magni sepulchro inclitus
12161,body,233,1,False,,Idumaea inde incipit palmis opima.,idumaea inde incipit palmis opima,idumaea inde incipit palmis opima
12161,body,233,2,False,,"Deinde Ioppe oppidum antiquissimum orbe toto, utpote ante inundationem terrarum conditum.",deinde ioppe oppidum antiquissimum orbe toto utpote ante inundationem terrarum conditum,deinde ioppe oppidum antiquissimum orbe toto utpote ante inundationem terrarum conditum
12161,body,233,3,False,,"Id oppidum saxum ostentat, quod uinculorum Andromedae uestigia adhuc retinet.",id oppidum saxum ostentat quod uinculorum andromedae uestigia adhuc retinet,id oppidum saxum ostentat quod uinculorum andromedae uestigia adhuc retinet
12161,body,233,4,False,,Quam expositam beluae non inritus rumor circumtulit; quippe ossa monstri illius M. Scaurus inter alia miracula in aedilitate sua Romae publicauit.,quam expositam beluae non inritus rumor circumtulit quippe ossa monstri illius m scaurus inter alia miracula in aedilitate sua romae publicauit,quam expositam beluae non inritus rumor circumtulit quippe ossa monstri illius m scaurus inter alia miracula in aedilitate sua romae publicauit
12161,body,233,5,True,,"Annalibus nota res est; mensura quoque ueracibus libris continetur, scilicet quod costarum longitudo excesserit pedes quadraginta, excelsitas fuerit elephantis Indicis eminentior; porro uerticuli spinae ipsius latitudine semipedem sint supergressi.",annalibus nota res est mensura quoque ueracibus libris continetur scilicet quod costarum longitudo excesserit pedes quadraginta excelsitas fuerit elephantis indicis eminentior porro uerticuli spinae ipsius latitudine semipedem sint supergressi,annalibus nota res est mensura quoque ueracibus libris continetur scilicet quod costarum longitudo excesserit pedes quadraginta excelsitas fuerit elephantis indicis eminentior porro uerticuli spinae ipsius latitudine semipedem sint supergressi
12161,head,234,0,True,,XXXV,xxxv,xxxu
12161,body,235,0,False,,"Iudaea inlustris est aquis, sed natura non eadem aquarum omnium.",iudaea inlustris est aquis sed natura non eadem aquarum omnium,iudaea inlustris est aquis sed natura non eadem aquarum omnium
12161,body,235,1,False,,"Iordanis amnis eximiae suauitatis, Paneade fonte dimissus, regiones praeterfluit amoenissimas; mox in Asphaltitem lacum mersus stagno corrumpitur.",iordanis amnis eximiae suauitatis paneade fonte dimissus regiones praeterfluit amoenissimas mox in asphaltitem lacum mersus stagno corrumpitur,iordanis amnis eximiae suauitatis paneade fonte dimissus regiones praeterfluit amoenissimas mox in asphaltitem lacum mersus stagno corrumpitur
12161,body,235,2,False,,"Qui Asphaltites gignit bitumen, animal non habet, nihil in eo mergi potest; tauri etiam camelique inpune ibi fluitant.",qui asphaltites gignit bitumen animal non habet nihil in eo mergi potest tauri etiam camelique inpune ibi fluitant,qui asphaltites gignit bitumen animal non habet nihil in eo mergi potest tauri etiam camelique inpune ibi fluitant
12161,body,235,3,False,,"Est et lacus Sara extentus passuum sedecim milibus, circumsaeptus urbibus plurimis et celebribus, ipse par optimis.",est et lacus sara extentus passuum sedecim milibus circumsaeptus urbibus plurimis et celebribus ipse par optimis,est et lacus sara extentus passuum sedecim milibus circumsaeptus urbibus plurimis et celebribus ipse par optimis
12161,body,235,4,False,,"Sed lacus Tiberiadis omnibus anteponitur, salubris ingenuo aestu et ad sanitatem usu efficaci.",sed lacus tiberiadis omnibus anteponitur salubris ingenuo aestu et ad sanitatem usu efficaci,sed lacus tiberiadis omnibus anteponitur salubris ingenuo aestu et ad sanitatem usu efficaci
12161,body,235,5,False,,"Iudaeae caput fuit Hierusolyma, sed excisa est.",iudaeae caput fuit hierusolyma sed excisa est,iudaeae caput fuit hierusolyma sed excisa est
12161,body,235,6,False,,"Successit Hierichus, et haec desiuit, Artaxerxis bello subacta.",successit hierichus et haec desiuit artaxerxis bello subacta,successit hierichus et haec desiuit artaxerxis bello subacta
12161,body,235,7,True,,"Callirrhoe Hierusolymis proxima, fons calore medico probatissimus et ex ipso aquarum praeconio sic uocatus.",callirrhoe hierusolymis proxima fons calore medico probatissimus et ex ipso aquarum praeconio sic uocatus,callirrhoe hierusolymis proxima fons calore medico probatissimus et ex ipso aquarum praeconio sic uocatus
12161,body,236,0,False,,"In hac terra balsamum nascitur, quae silua intra terminos uiginti iugerum usque ad uictoriam nostram fuit; at cum Iudaea potiti sumus, ita luci illi propagati sunt, ut iam nobis latissimi colles sudent balsama.",in hac terra balsamum nascitur quae silua intra terminos uiginti iugerum usque ad uictoriam nostram fuit at cum iudaea potiti sumus ita luci illi propagati sunt ut iam nobis latissimi colles sudent balsama,in hac terra balsamum nascitur quae silua intra terminos uiginti iugerum usque ad uictoriam nostram fuit at cum iudaea potiti sumus ita luci illi propagati sunt ut iam nobis latissimi colles sudent balsama
12161,body,236,1,False,,"Similes uitibus stirpes habent; malleolis digeruntur, rastris nitescunt, aqua gaudent, amant amputari, tenacibus foliis sempiterno inumbrantur.",similes uitibus stirpes habent malleolis digeruntur rastris nitescunt aqua gaudent amant amputari tenacibus foliis sempiterno inumbrantur,similes uitibus stirpes habent malleolis digeruntur rastris nitescunt aqua gaudent amant amputari tenacibus foliis sempiterno inumbrantur
12161,body,236,2,False,,"Lignum caudicis attrectatum ferro sine mora moritur; ea propter aut uitro aut cultellulis osseis, sed in sola cortice artifici plaga uulneratur, e qua eximiae suauitatis gutta manat.",lignum caudicis attrectatum ferro sine mora moritur ea propter aut uitro aut cultellulis osseis sed in sola cortice artifici plaga uulneratur e qua eximiae suauitatis gutta manat,lignum caudicis attrectatum ferro sine mora moritur ea propter aut uitro aut cultellulis osseis sed in sola cortice artifici plaga uulneratur e qua eximiae suauitatis gutta manat
12161,body,236,3,True,,"Post lacrimam secundum in pretiis locum poma obtinent, cortex tertium, ultimus honos ligno.",post lacrimam secundum in pretiis locum poma obtinent cortex tertium ultimus honos ligno,post lacrimam secundum in pretiis locum poma obtinent cortex tertium ultimus honos ligno
12161,body,237,0,False,,"Longo ab Hierusolymis recessu tristis sinus panditur, quem de caelo tactum testatur humus nigra et in cinerem soluta.",longo ab hierusolymis recessu tristis sinus panditur quem de caelo tactum testatur humus nigra et in cinerem soluta,longo ab hierusolymis recessu tristis sinus panditur quem de caelo tactum testatur humus nigra et in cinerem soluta
12161,body,237,1,True,,"Ibi duo oppida, Sodomum nominatum alterum, alterum Gomorrum, apud quae pomum quod gignitur, habeat licet speciem maturitatis, mandi tamen non potest: nam fuliginem intrinsecus fauillaciam ambitio tantum extimae cutis cohibet, quae uel leui pressa tactu fumum exhalat et fatiscit in uagum puluerem.",ibi duo oppida sodomum nominatum alterum alterum gomorrum apud quae pomum quod gignitur habeat licet speciem maturitatis mandi tamen non potest nam fuliginem intrinsecus fauillaciam ambitio tantum extimae cutis cohibet quae uel leui pressa tactu fumum exhalat et fatiscit in uagum puluerem,ibi duo oppida sodomum nominatum alterum alterum gomorrum apud quae pomum quod gignitur habeat licet speciem maturitatis mandi tamen non potest nam fuliginem intrinsecus fauillaciam ambitio tantum extimae cutis cohibet quae uel leui pressa tactu fumum exhalat et fatiscit in uagum puluerem
12161,body,238,0,False,,"Interiora Iudaeae occidentem quae contuentur Esseni tenent, qui praediti memorabili disciplina recesserunt a ritu gentium uniuersarum, maiestatis ut reor prouidentia ad hunc morem destinati.",interiora iudaeae occidentem quae contuentur esseni tenent qui praediti memorabili disciplina recesserunt a ritu gentium uniuersarum maiestatis ut reor prouidentia ad hunc morem destinati,interiora iudaeae occidentem quae contuentur esseni tenent qui praediti memorabili disciplina recesserunt a ritu gentium uniuersarum maiestatis ut reor prouidentia ad hunc morem destinati
12161,body,238,1,False,,Nulla ibi femina: uenere se penitus abdicauerunt.,nulla ibi femina uenere se penitus abdicauerunt,nulla ibi femina uenere se penitus abdicauerunt
12161,body,238,2,False,,Pecuniam nesciunt.,pecuniam nesciunt,pecuniam nesciunt
12161,body,238,3,False,,Palmis uictitant.,palmis uictitant,palmis uictitant
12161,body,238,4,False,,Nemo ibi nascitur nec tamen deficit hominum multitudo.,nemo ibi nascitur nec tamen deficit hominum multitudo,nemo ibi nascitur nec tamen deficit hominum multitudo
12161,body,238,5,False,,"Locus ipse addictus pudicitiae est; ad quem plurimi licet undique gentium properent, nullus admittitur, nisi quem castitatis fides et innocentiae meritum prosequatur; nam qui reus est uel leuis culpae, quamuis summa ope adipisci ingressum uelit, diuinitus submouetur.",locus ipse addictus pudicitiae est ad quem plurimi licet undique gentium properent nullus admittitur nisi quem castitatis fides et innocentiae meritum prosequatur nam qui reus est uel leuis culpae quamuis summa ope adipisci ingressum uelit diuinitus submouetur,locus ipse addictus pudicitiae est ad quem plurimi licet undique gentium properent nullus admittitur nisi quem castitatis fides et innocentiae meritum prosequatur nam qui reus est uel leuis culpae quamuis summa ope adipisci ingressum uelit diuinitus submouetur
12161,body,238,6,False,,"Ita per inmensum spatium saeculorum, incredibile dictu, aeterna gens est cessantibus puerperiis.",ita per inmensum spatium saeculorum incredibile dictu aeterna gens est cessantibus puerperiis,ita per inmensum spatium saeculorum incredibile dictu aeterna gens est cessantibus puerperiis
12161,body,238,7,False,,"Engada oppidum infra Essenos fuit, sed excisum est.",engada oppidum infra essenos fuit sed excisum est,engada oppidum infra essenos fuit sed excisum est
12161,body,238,8,False,,Verum inclitis nemoribus adhuc durat decus lucisque palmarum eminentissimis nihil uel de aeuo uel de bello derogatum.,verum inclitis nemoribus adhuc durat decus lucisque palmarum eminentissimis nihil uel de aeuo uel de bello derogatum,uerum inclitis nemoribus adhuc durat decus lucisque palmarum eminentissimis nihil uel de aeuo uel de bello derogatum
12161,body,238,9,True,,Iudaeae terminus Massada castellum.,iudaeae terminus massada castellum,iudaeae terminus massada castellum
12161,head,239,0,True,,XXXVI,xxxvi,xxxui
12161,body,240,0,False,,Transeo Damascum Philadelphiam *Rhaphanam; Scythopoli primos incolas et auctorem dabo.,transeo damascum philadelphiam rhaphanam scythopoli primos incolas et auctorem dabo,transeo damascum philadelphiam rhaphanam scythopoli primos incolas et auctorem dabo
12161,body,240,1,False,,"Liber pater cum humo nutricem tradidisset, condidit hoc oppidum, ut sepulturae titulum etiam urbis moenibus ampliaret.",liber pater cum humo nutricem tradidisset condidit hoc oppidum ut sepulturae titulum etiam urbis moenibus ampliaret,liber pater cum humo nutricem tradidisset condidit hoc oppidum ut sepulturae titulum etiam urbis moenibus ampliaret
12161,body,240,2,False,,"Incolae deerant: e comitibus suis Scythas delegit, quos ut animi firmaret ad promptam resistendi uiolentiam, praemium loci nomen dedit.",incolae deerant e comitibus suis scythas delegit quos ut animi firmaret ad promptam resistendi uiolentiam praemium loci nomen dedit,incolae deerant e comitibus suis scythas delegit quos ut animi firmaret ad promptam resistendi uiolentiam praemium loci nomen dedit
12161,body,240,3,False,,"In Seleucia alter Cassius mons est, Antiochiae propinquus, cuius e uertice uigilia adhuc quarta conspicitur globus solis et breui corporis circumactu radiis caliginem dissipantibus illinc nox hinc dies cernitur.",in seleucia alter cassius mons est antiochiae propinquus cuius e uertice uigilia adhuc quarta conspicitur globus solis et breui corporis circumactu radiis caliginem dissipantibus illinc nox hinc dies cernitur,in seleucia alter cassius mons est antiochiae propinquus cuius e uertice uigilia adhuc quarta conspicitur globus solis et breui corporis circumactu radiis caliginem dissipantibus illinc nox hinc dies cernitur
12161,body,240,4,True,,"Talis e Cassio specula est, ut lucem prius uideas quam auspicetur dies.",talis e cassio specula est ut lucem prius uideas quam auspicetur dies,talis e cassio specula est ut lucem prius uideas quam auspicetur dies
12161,head,241,0,True,,XXXVII,xxxvii,xxxuii
12161,body,242,0,False,,"Euphraten fundit Armenia maior, ortu supra Zimam sub radicibus montis, quem Catoten accolae nominant, Scythis proximo.",euphraten fundit armenia maior ortu supra zimam sub radicibus montis quem catoten accolae nominant scythis proximo,euphraten fundit armenia maior ortu supra zimam sub radicibus montis quem catoten accolae nominant scythis proximo
12161,body,242,1,False,,"Hic receptis in se aliquot amnibus conualescit et stipatus conuenis aquis luctatur cum montis Tauri obiectu, quem apud Elegeam scindit, resistat licet duodecim milium passuum latitudine; longisque excursibus dextera Commagenem, Arabiam laeua relinquit; deinde praelabens plurimas gentes Babyloniam quondam Chaldaeorum caput diuidit.",hic receptis in se aliquot amnibus conualescit et stipatus conuenis aquis luctatur cum montis tauri obiectu quem apud elegeam scindit resistat licet duodecim milium passuum latitudine longisque excursibus dextera commagenem arabiam laeua relinquit deinde praelabens plurimas gentes babyloniam quondam chaldaeorum caput diuidit,hic receptis in se aliquot amnibus conualescit et stipatus conuenis aquis luctatur cum montis tauri obiectu quem apud elegeam scindit resistat licet duodecim milium passuum latitudine longisque excursibus dextera commagenem arabiam laeua relinquit deinde praelabens plurimas gentes babyloniam quondam chaldaeorum caput diuidit
12161,body,242,2,False,,"Mesopotamiam opimat inundationis annuae excessibus, ad instar Aegyptii amnis terras contegens, inuecta soli fecunditate, iisdem ferme temporibus quibus Nilus exit, sole scilicet in parte cancri uigesima constituto; tenuatur cum iam leone decurso ad extima uirginis curricula facit transitum.",mesopotamiam opimat inundationis annuae excessibus ad instar aegyptii amnis terras contegens inuecta soli fecunditate iisdem ferme temporibus quibus nilus exit sole scilicet in parte cancri uigesima constituto tenuatur cum iam leone decurso ad extima uirginis curricula facit transitum,mesopotamiam opimat inundationis annuae excessibus ad instar aegyptii amnis terras contegens inuecta soli fecunditate iisdem ferme temporibus quibus nilus exit sole scilicet in parte cancri uigesima constituto tenuatur cum iam leone decurso ad extima uirginis curricula facit transitum
12161,body,242,3,False,,"Quod gnomonici similibus parallelis accidere contendunt, quos pares in terrarum positione aequalitas normalis facit lineae.",quod gnomonici similibus parallelis accidere contendunt quos pares in terrarum positione aequalitas normalis facit lineae,quod gnomonici similibus parallelis accidere contendunt quos pares in terrarum positione aequalitas normalis facit lineae
12161,body,242,4,True,,"Vnde apparet ista duo flumina ad modulum eiusdem perpendiculi constituta, licet e diuersis manent plagis, easdem incrementi causas habere.",vnde apparet ista duo flumina ad modulum eiusdem perpendiculi constituta licet e diuersis manent plagis easdem incrementi causas habere,unde apparet ista duo flumina ad modulum eiusdem perpendiculi constituta licet e diuersis manent plagis easdem incrementi causas habere
12161,body,243,0,False,,De Tigri quoque dicere hoc loco par est.,de tigri quoque dicere hoc loco par est,de tigri quoque dicere hoc loco par est
12161,body,243,1,False,,"In Armeniae regione caput tollit mire quam lucidum, conspicuo fonte in loco edito qui Elegos nominatur.",in armeniae regione caput tollit mire quam lucidum conspicuo fonte in loco edito qui elegos nominatur,in armeniae regione caput tollit mire quam lucidum conspicuo fonte in loco edito qui elegos nominatur
12161,body,243,2,False,,Nec ab exordio statim totus est.,nec ab exordio statim totus est,nec ab exordio statim totus est
12161,body,243,3,False,,"Primo pigre fluit non suo nomine; at cum fines Medorum inuectus est, Tigris statim dicitur: ita enim nominant Medi sagittam.",primo pigre fluit non suo nomine at cum fines medorum inuectus est tigris statim dicitur ita enim nominant medi sagittam,primo pigre fluit non suo nomine at cum fines medorum inuectus est tigris statim dicitur ita enim nominant medi sagittam
12161,body,243,4,False,,"Influit in Aretisam lacum omnia pondera sustinentem; cuius pisces numquam se alueo Tigridis miscent, sicut nec amnici pisces in stagnum transeunt Aretisae, per quam dissimilis colore et uolucri meat cursu.",influit in aretisam lacum omnia pondera sustinentem cuius pisces numquam se alueo tigridis miscent sicut nec amnici pisces in stagnum transeunt aretisae per quam dissimilis colore et uolucri meat cursu,influit in aretisam lacum omnia pondera sustinentem cuius pisces numquam se alueo tigridis miscent sicut nec amnici pisces in stagnum transeunt aretisae per quam dissimilis colore et uolucri meat cursu
12161,body,243,5,False,,"Mox Tauro resistente in profundum specum mergitur, quem subterlabens in altero eius latere apud Zomada emicat, uluas et purgamenta plurima secum trahens.",mox tauro resistente in profundum specum mergitur quem subterlabens in altero eius latere apud zomada emicat uluas et purgamenta plurima secum trahens,mox tauro resistente in profundum specum mergitur quem subterlabens in altero eius latere apud zomada emicat uluas et purgamenta plurima secum trahens
12161,body,243,6,False,,Deinde identidem absconditur rursusque redditur; Adiabenos Arabasque praeterfluit; Mesopotamiam amplectitur.,deinde identidem absconditur rursusque redditur adiabenos arabasque praeterfluit mesopotamiam amplectitur,deinde identidem absconditur rursusque redditur adiabenos arabasque praeterfluit mesopotamiam amplectitur
12161,body,243,7,True,,"Amnem nobilissimum Choaspen accipit, Euphraten defert in sinum Persicum.",amnem nobilissimum choaspen accipit euphraten defert in sinum persicum,amnem nobilissimum choaspen accipit euphraten defert in sinum persicum
12161,body,244,0,False,,"Quaecumque Euphraten bibunt gentes, diuerso nitent lapide.",quaecumque euphraten bibunt gentes diuerso nitent lapide,quaecumque euphraten bibunt gentes diuerso nitent lapide
12161,body,244,1,False,,"Zmilanthis in ipso *alueo legitur, gemma ad imaginem marmoris Proconnensis, nisi quod in medio umbilico lapidis istius glauci uelut oculi pupula internitet.",zmilanthis in ipso alueo legitur gemma ad imaginem marmoris proconnensis nisi quod in medio umbilico lapidis istius glauci uelut oculi pupula internitet,zmilanthis in ipso alueo legitur gemma ad imaginem marmoris proconnensis nisi quod in medio umbilico lapidis istius glauci uelut oculi pupula internitet
12161,body,244,2,False,,"Sagda a Chaldaeis ad nos usque fluxit, haud facilis repertu, ni ut perhibent ipsa se capessendam daret; namque ingenita spiritus efficacia supermeantes naues e profundo petit et carinis ita tenaciter adcorporatur, ut nisi abrasa parte ligni aegre separetur.",sagda a chaldaeis ad nos usque fluxit haud facilis repertu ni ut perhibent ipsa se capessendam daret namque ingenita spiritus efficacia supermeantes naues e profundo petit et carinis ita tenaciter adcorporatur ut nisi abrasa parte ligni aegre separetur,sagda a chaldaeis ad nos usque fluxit haud facilis repertu ni ut perhibent ipsa se capessendam daret namque ingenita spiritus efficacia supermeantes naues e profundo petit et carinis ita tenaciter adcorporatur ut nisi abrasa parte ligni aegre separetur
12161,body,244,3,False,,"Ea sagda apud Chaldaeos propter effectus, quos ex ea sciunt, habetur loco principe, ceteris propter gratiam magis complacet iucundissime uirens.",ea sagda apud chaldaeos propter effectus quos ex ea sciunt habetur loco principe ceteris propter gratiam magis complacet iucundissime uirens,ea sagda apud chaldaeos propter effectus quos ex ea sciunt habetur loco principe ceteris propter gratiam magis complacet iucundissime uirens
12161,body,244,4,False,,Myrrhites Parthis familiaris est.,myrrhites parthis familiaris est,myrrhites parthis familiaris est
12161,body,244,5,True,,"Hunc si uisu aestimes, myrrhae colore est et non habet quod adficiat; si penitus explores et attritu incites ad calorem, spirat nardi suauitatem.",hunc si uisu aestimes myrrhae colore est et non habet quod adficiat si penitus explores et attritu incites ad calorem spirat nardi suauitatem,hunc si uisu aestimes myrrhae colore est et non habet quod adficiat si penitus explores et attritu incites ad calorem spirat nardi suauitatem
12161,body,245,0,False,,"In Perside lapidum tanta copia est tantaque diuersitas, ut longum paene sit ipsis uocabulis inmorari.",in perside lapidum tanta copia est tantaque diuersitas ut longum paene sit ipsis uocabulis inmorari,in perside lapidum tanta copia est tantaque diuersitas ut longum paene sit ipsis uocabulis inmorari
12161,body,245,1,False,,Mithridax sole percussa coloribus micat uariis.,mithridax sole percussa coloribus micat uariis,mithridax sole percussa coloribus micat uariis
12161,body,245,2,False,,"Tecolithos nucleo oliuae similis spernitur cum uidetur, sed remediis bonus uincit aliorum pulchritudinem; solutus quippe et haustus pulsis calculis renium dolores ac uesicae leuat.",tecolithos nucleo oliuae similis spernitur cum uidetur sed remediis bonus uincit aliorum pulchritudinem solutus quippe et haustus pulsis calculis renium dolores ac uesicae leuat,tecolithos nucleo oliuae similis spernitur cum uidetur sed remediis bonus uincit aliorum pulchritudinem solutus quippe et haustus pulsis calculis renium dolores ac uesicae leuat
12161,body,245,3,False,,"Hammochrysos harenis auro intermixtis nunc brattearum, nunc pulueris habet quadrulas.",hammochrysos harenis auro intermixtis nunc brattearum nunc pulueris habet quadrulas,hammochrysos harenis auro intermixtis nunc brattearum nunc pulueris habet quadrulas
12161,body,245,4,False,,"Aetites et fuluus est et tereti positione alterum lapidem intrinsecus cohibens, cuius crepitu sonorus est cum mouetur; quamlibet tinnitum illum non internum scrupulum facere, sed spiritum scientissimi dicant.",aetites et fuluus est et tereti positione alterum lapidem intrinsecus cohibens cuius crepitu sonorus est cum mouetur quamlibet tinnitum illum non internum scrupulum facere sed spiritum scientissimi dicant,aetites et fuluus est et tereti positione alterum lapidem intrinsecus cohibens cuius crepitu sonorus est cum mouetur quamlibet tinnitum illum non internum scrupulum facere sed spiritum scientissimi dicant
12161,body,245,5,False,,Hunc aetiten Zoroastres praefert omnibus maximamque illi tribuit potestatem.,hunc aetiten zoroastres praefert omnibus maximamque illi tribuit potestatem,hunc aetiten zoroastres praefert omnibus maximamque illi tribuit potestatem
12161,body,245,6,False,,Inuenitur aut in nidis aquilae aut in litoribus oceani; in Perside tamen plurimus.,inuenitur aut in nidis aquilae aut in litoribus oceani in perside tamen plurimus,inuenitur aut in nidis aquilae aut in litoribus oceani in perside tamen plurimus
12161,body,245,7,False,,[Subnexus spem uteri defendit a fluxibus abortiuae.,subnexus spem uteri defendit a fluxibus abortiuae,subnexus spem uteri defendit a fluxibus abortiuae
12161,body,245,8,False,,"] Pyrites furuus est tenerique se uehementius non sinit ac si quando artiori manu premitur, digitos adurit.",pyrites furuus est tenerique se uehementius non sinit ac si quando artiori manu premitur digitos adurit,pyrites furuus est tenerique se uehementius non sinit ac si quando artiori manu premitur digitos adurit
12161,body,245,9,False,,"Chalazias grandinis et candorem praefert et figuram, duritia robustissima et inuicta.",chalazias grandinis et candorem praefert et figuram duritia robustissima et inuicta,chalazias grandinis et candorem praefert et figuram duritia robustissima et inuicta
12161,body,245,10,False,,Echites uipereas habet maculas.,echites uipereas habet maculas,echites uipereas habet maculas
12161,body,245,11,False,,"Dionysias fuscus est, rubentibus notis sparsus.",dionysias fuscus est rubentibus notis sparsus,dionysias fuscus est rubentibus notis sparsus
12161,body,245,12,False,,"Idem si aquae mixtus conteratur, uinum fragrat et, quod in illo odore mirificum est, ebrietati resistit.",idem si aquae mixtus conteratur uinum fragrat et quod in illo odore mirificum est ebrietati resistit,idem si aquae mixtus conteratur uinum fragrat et quod in illo odore mirificum est ebrietati resistit
12161,body,245,13,False,,"Glossopetra deficientibus lunis caelo cadit, linguae similis humanae, non modicae ut magi ferunt potestatis, qui ex ea lunares motus excitari putant.",glossopetra deficientibus lunis caelo cadit linguae similis humanae non modicae ut magi ferunt potestatis qui ex ea lunares motus excitari putant,glossopetra deficientibus lunis caelo cadit linguae similis humanae non modicae ut magi ferunt potestatis qui ex ea lunares motus excitari putant
12161,body,245,14,False,,"Solis gemma percandida est ad speciem fulgidi sideris, rutilosque ex sese iacit radios.",solis gemma percandida est ad speciem fulgidi sideris rutilosque ex sese iacit radios,solis gemma percandida est ad speciem fulgidi sideris rutilosque ex sese iacit radios
12161,body,245,15,False,,"Veneris crinis nitet nigro, internis ductibus ostentans ruforum crinium similitudinem.",veneris crinis nitet nigro internis ductibus ostentans ruforum crinium similitudinem,ueneris crinis nitet nigro internis ductibus ostentans ruforum crinium similitudinem
12161,body,245,16,False,,"Selenites translucet fulgore candido melleoque, continens lunae imaginem, quam iuxta cursum astri ipsius perhibent diebus singulis uel minui uel augeri.",selenites translucet fulgore candido melleoque continens lunae imaginem quam iuxta cursum astri ipsius perhibent diebus singulis uel minui uel augeri,selenites translucet fulgore candido melleoque continens lunae imaginem quam iuxta cursum astri ipsius perhibent diebus singulis uel minui uel augeri
12161,body,245,17,False,,Meconites papauera exprimit.,meconites papauera exprimit,meconites papauera exprimit
12161,body,245,18,False,,Myrmecites reptantis formicae effigie notatur.,myrmecites reptantis formicae effigie notatur,myrmecites reptantis formicae effigie notatur
12161,body,245,19,False,,Chalcophthongos resonat ut pulsata aera; pudice habitus seruat uocis claritatem.,chalcophthongos resonat ut pulsata aera pudice habitus seruat uocis claritatem,chalcophthongos resonat ut pulsata aera pudice habitus seruat uocis claritatem
12161,body,245,20,False,,"Siderites a contemplatione ferri nihil dissonat, uerum maleficus quoquo inferatur discordias excitat.",siderites a contemplatione ferri nihil dissonat uerum maleficus quoquo inferatur discordias excitat,siderites a contemplatione ferri nihil dissonat uerum maleficus quoquo inferatur discordias excitat
12161,body,245,21,False,,Phlogites ostentat intra se quasi flammas aestuantes.,phlogites ostentat intra se quasi flammas aestuantes,phlogites ostentat intra se quasi flammas aestuantes
12161,body,245,22,False,,Anthracias coruscat uelut scintillantibus stellis.,anthracias coruscat uelut scintillantibus stellis,anthracias coruscat uelut scintillantibus stellis
12161,body,245,23,True,,"Enhydros exudat, ut clausam in eo putes fontaneam scaturriginem.",enhydros exudat ut clausam in eo putes fontaneam scaturriginem,enhydros exudat ut clausam in eo putes fontaneam scaturriginem
12161,head,246,0,True,,XXXVIII,xxxviii,xxxuiii
12161,body,247,0,False,,"Ciliciam, qua de agitur, si ut nunc est loquamur, derogasse uidebimur fidei uetustatis; si terminos sequimur quos habuit olim, absonum est a contemplatione rerum praesentium.",ciliciam qua de agitur si ut nunc est loquamur derogasse uidebimur fidei uetustatis si terminos sequimur quos habuit olim absonum est a contemplatione rerum praesentium,ciliciam qua de agitur si ut nunc est loquamur derogasse uidebimur fidei uetustatis si terminos sequimur quos habuit olim absonum est a contemplatione rerum praesentium
12161,body,247,1,True,,Ergo inter utramque culpam factu optimum est amborum temporum statum persequi.,ergo inter utramque culpam factu optimum est amborum temporum statum persequi,ergo inter utramque culpam factu optimum est amborum temporum statum persequi
12161,body,248,0,False,,Cilicia antea usque ad Pelusium Aegypti pertinebat Lydis Medis Armeniis Pamphylia Cappadocia sub imperio Cilicum constitutis; mox ab Assyriis subacta in breuiorem modum scripta est.,cilicia antea usque ad pelusium aegypti pertinebat lydis medis armeniis pamphylia cappadocia sub imperio cilicum constitutis mox ab assyriis subacta in breuiorem modum scripta est,cilicia antea usque ad pelusium aegypti pertinebat lydis medis armeniis pamphylia cappadocia sub imperio cilicum constitutis mox ab assyriis subacta in breuiorem modum scripta est
12161,body,248,1,False,,"Plurima iacet campo, sinu lato recipiens mare Issicum, a tergo montium Tauri et Amani iugis clausa.",plurima iacet campo sinu lato recipiens mare issicum a tergo montium tauri et amani iugis clausa,plurima iacet campo sinu lato recipiens mare issicum a tergo montium tauri et amani iugis clausa
12161,body,248,2,False,,"A Cilice nomen trahit, quem aetas pristina paene ultra aeuum memoriae abscondit; hunc Phoenice ortum, qui antiquior Ioue de primis terrae alumnis habetur.",a cilice nomen trahit quem aetas pristina paene ultra aeuum memoriae abscondit hunc phoenice ortum qui antiquior ioue de primis terrae alumnis habetur,a cilice nomen trahit quem aetas pristina paene ultra aeuum memoriae abscondit hunc phoenice ortum qui antiquior ioue de primis terrae alumnis habetur
12161,body,248,3,False,,"Matrem urbium habet Tarson, quam Danaae proles nobilissima Perseus locauit.",matrem urbium habet tarson quam danaae proles nobilissima perseus locauit,matrem urbium habet tarson quam danaae proles nobilissima perseus locauit
12161,body,248,4,False,,Hanc urbem intersecat Cydnus amnis.,hanc urbem intersecat cydnus amnis,hanc urbem intersecat cydnus amnis
12161,body,248,5,False,,"Hunc Cydnum alii praecipitari Tauro, alii deriuari ex alueo Choaspi tradiderunt.",hunc cydnum alii praecipitari tauro alii deriuari ex alueo choaspi tradiderunt,hunc cydnum alii praecipitari tauro alii deriuari ex alueo choaspi tradiderunt
12161,body,248,6,False,,"Qui Choaspes ita dulcis est, ut Persici reges, quamdiu inter ripas Persidis fluat soli, sibi ex eo pocula uindicauerint et cum eundum foret peregre, aquas eius secum uectitarent.",qui choaspes ita dulcis est ut persici reges quamdiu inter ripas persidis fluat soli sibi ex eo pocula uindicauerint et cum eundum foret peregre aquas eius secum uectitarent,qui choaspes ita dulcis est ut persici reges quamdiu inter ripas persidis fluat soli sibi ex eo pocula uindicauerint et cum eundum foret peregre aquas eius secum uectitarent
12161,body,248,7,False,,Ex illo parente Cydnus miram trahit suauitatem.,ex illo parente cydnus miram trahit suauitatem,ex illo parente cydnus miram trahit suauitatem
12161,body,248,8,False,,"Quicquid candidum est cydnum gentili lingua Syri dicunt: unde amni huic nomen datum et tumet uere cum niues soluuntur, reliqua anni tenuis et quietus.",quicquid candidum est cydnum gentili lingua syri dicunt unde amni huic nomen datum et tumet uere cum niues soluuntur reliqua anni tenuis et quietus,quicquid candidum est cydnum gentili lingua syri dicunt unde amni huic nomen datum et tumet uere cum niues soluuntur reliqua anni tenuis et quietus
12161,body,248,9,True,,"Circa Corycum Ciliciae crocum plurimum optimumque: det licet Sicilia, det Cyrena, det et Lycia, hoc primum est: spirat fragrantius, colore plus aureo est, suci ope citius proficit ad medellam.",circa corycum ciliciae crocum plurimum optimumque det licet sicilia det cyrena det et lycia hoc primum est spirat fragrantius colore plus aureo est suci ope citius proficit ad medellam,circa corycum ciliciae crocum plurimum optimumque det licet sicilia det cyrena det et lycia hoc primum est spirat fragrantius colore plus aureo est suci ope citius proficit ad medellam
12161,body,249,0,False,,"Ibi Corycos oppidum est et specus, qui montem inpositum mari a summo cauat uertice, patulus hiatu amplissimo; nam deiectis lateribus in terrae profundum nemoroso orbe amplectitur mediam inanitatem, uirens introrsus lucis pendentibus.",ibi corycos oppidum est et specus qui montem inpositum mari a summo cauat uertice patulus hiatu amplissimo nam deiectis lateribus in terrae profundum nemoroso orbe amplectitur mediam inanitatem uirens introrsus lucis pendentibus,ibi corycos oppidum est et specus qui montem inpositum mari a summo cauat uertice patulus hiatu amplissimo nam deiectis lateribus in terrae profundum nemoroso orbe amplectitur mediam inanitatem uirens introrsus lucis pendentibus
12161,body,249,1,False,,"Descensus in eum per duo milia et quingentos passus non sine largo die, hinc inde fontium adsidua scaturrigine.",descensus in eum per duo milia et quingentos passus non sine largo die hinc inde fontium adsidua scaturrigine,descensus in eum per duo milia et quingentos passus non sine largo die hinc inde fontium adsidua scaturrigine
12161,body,249,2,False,,"Vbi peruentum ad ima primi sinus, alter rursus specus panditur; quod antrum latis primum patet faucibus, postmodum in processu per angustias obscuratur.",vbi peruentum ad ima primi sinus alter rursus specus panditur quod antrum latis primum patet faucibus postmodum in processu per angustias obscuratur,ubi peruentum ad ima primi sinus alter rursus specus panditur quod antrum latis primum patet faucibus postmodum in processu per angustias obscuratur
12161,body,249,3,True,,"In eo sacrum est Iouis fanum, in cuius recessu intimo Typhonis gigantis cubile positum qui uolunt credunt.",in eo sacrum est iouis fanum in cuius recessu intimo typhonis gigantis cubile positum qui uolunt credunt,in eo sacrum est iouis fanum in cuius recessu intimo typhonis gigantis cubile positum qui uolunt credunt
12161,body,250,0,True,,"Heliopolis antiquum oppidum Ciliciae fuit, patria Chrysippi stoicae sapientiae potentissimi; quod a Tigrane Armenio subactum et diu Solum, Pompeiopolim deuictis Cilicibus Cn. Magnus cognominauit.",heliopolis antiquum oppidum ciliciae fuit patria chrysippi stoicae sapientiae potentissimi quod a tigrane armenio subactum et diu solum pompeiopolim deuictis cilicibus cn magnus cognominauit,heliopolis antiquum oppidum ciliciae fuit patria chrysippi stoicae sapientiae potentissimi quod a tigrane armenio subactum et diu solum pompeiopolim deuictis cilicibus cn magnus cognominauit
12161,body,251,0,False,,"Mons Taurus ab Indico primum mari surgit, deinde a scopulis Chelidoniis, inter Aegyptium et Pamphylium pelagus, obiectus septemtrioni dextero latere, laeuo meridianae plagae, occidenti obuersus fronte profusa.",mons taurus ab indico primum mari surgit deinde a scopulis chelidoniis inter aegyptium et pamphylium pelagus obiectus septemtrioni dextero latere laeuo meridianae plagae occidenti obuersus fronte profusa,mons taurus ab indico primum mari surgit deinde a scopulis chelidoniis inter aegyptium et pamphylium pelagus obiectus septemtrioni dextero latere laeuo meridianae plagae occidenti obuersus fronte profusa
12161,body,251,1,False,,"Palam est terras eum continuare uoluisse penetrato mari, nisi profundis resistentibus extendere radices suas uetaretur.",palam est terras eum continuare uoluisse penetrato mari nisi profundis resistentibus extendere radices suas uetaretur,palam est terras eum continuare uoluisse penetrato mari nisi profundis resistentibus extendere radices suas uetaretur
12161,body,251,2,False,,"Denique qui periclitantur naturas locorum, temptasse eum omnes exitus promunturiis probant; *etenim quoquouorsum mari adluitur, procedit in prominentias; sed modo intercluditur Phoenicio, modo Pontico sinu, interdum Caspio uel Hyrcano; quibus renitentibus subinde fractus contra Maeotium lacum flectitur multisque difficultatibus fatigatus Ripaeis se iugis adnectit.",denique qui periclitantur naturas locorum temptasse eum omnes exitus promunturiis probant etenim quoquouorsum mari adluitur procedit in prominentias sed modo intercluditur phoenicio modo pontico sinu interdum caspio uel hyrcano quibus renitentibus subinde fractus contra maeotium lacum flectitur multisque difficultatibus fatigatus ripaeis se iugis adnectit,denique qui periclitantur naturas locorum temptasse eum omnes exitus promunturiis probant etenim quoquouorsum mari adluitur procedit in prominentias sed modo intercluditur phoenicio modo pontico sinu interdum caspio uel hyrcano quibus renitentibus subinde fractus contra maeotium lacum flectitur multisque difficultatibus fatigatus ripaeis se iugis adnectit
12161,body,251,3,False,,"Pro gentium ac linguarum uarietate plurifariam nominatus, apud Indos *Imaus, mox Propanisus, Choatras apud Parthos, post Niphates, inde Taurus atque ubi in excelsissimam consurgit sublimitatem, Caucasus.",pro gentium ac linguarum uarietate plurifariam nominatus apud indos imaus mox propanisus choatras apud parthos post niphates inde taurus atque ubi in excelsissimam consurgit sublimitatem caucasus,pro gentium ac linguarum uarietate plurifariam nominatus apud indos imaus mox propanisus choatras apud parthos post niphates inde taurus atque ubi in excelsissimam consurgit sublimitatem caucasus
12161,body,251,4,False,,"Interea etiam a populis appellationem trahit; a dextero latere Caspius dicitur uel Hyrcanus, a laeuo Amazonicus, Moschicus, Scythicus; ad haec uocabula habet alia multa.",interea etiam a populis appellationem trahit a dextero latere caspius dicitur uel hyrcanus a laeuo amazonicus moschicus scythicus ad haec uocabula habet alia multa,interea etiam a populis appellationem trahit a dextero latere caspius dicitur uel hyrcanus a laeuo amazonicus moschicus scythicus ad haec uocabula habet alia multa
12161,body,251,5,False,,"Vbi dehiscit hiulcis iugis, facit portas, quarum primae sunt Armeniae, tum Caspiae, post Ciliciae.",vbi dehiscit hiulcis iugis facit portas quarum primae sunt armeniae tum caspiae post ciliciae,ubi dehiscit hiulcis iugis facit portas quarum primae sunt armeniae tum caspiae post ciliciae
12161,body,251,6,False,,"In Graeciam uerticem exerit, ubi Ceraunius praedicatur.",in graeciam uerticem exerit ubi ceraunius praedicatur,in graeciam uerticem exerit ubi ceraunius praedicatur
12161,body,251,7,False,,A Ciliciae finibus Asiaticum limitem dispescit.,a ciliciae finibus asiaticum limitem dispescit,a ciliciae finibus asiaticum limitem dispescit
12161,body,251,8,True,,"Quantus meridiem uidet, sole inaestuat; quicquid septemtrioni oppositum est, uento tunditur et pruina; quo siluestris est, efferatur multis bestiis et leonibus inmanissimis.",quantus meridiem uidet sole inaestuat quicquid septemtrioni oppositum est uento tunditur et pruina quo siluestris est efferatur multis bestiis et leonibus inmanissimis,quantus meridiem uidet sole inaestuat quicquid septemtrioni oppositum est uento tunditur et pruina quo siluestris est efferatur multis bestiis et leonibus inmanissimis
12161,head,252,0,True,,XXXIX,xxxix,xxxix
12161,body,253,0,False,,"Quod in Campania Vesubius, in Sicilia Aetna, hoc in Lycia mons Chimaera est; hic mons nocturnis aestibus fumidum exhalat.",quod in campania vesubius in sicilia aetna hoc in lycia mons chimaera est hic mons nocturnis aestibus fumidum exhalat,quod in campania uesubius in sicilia aetna hoc in lycia mons chimaera est hic mons nocturnis aestibus fumidum exhalat
12161,body,253,1,False,,"Et quoniam natura ibidem subest ignea, Vulcano urbem proximam Lycii dicauerunt, quam de uocabulo sui nominis Hephaestiam uocant.",et quoniam natura ibidem subest ignea vulcano urbem proximam lycii dicauerunt quam de uocabulo sui nominis hephaestiam uocant,et quoniam natura ibidem subest ignea uulcano urbem proximam lycii dicauerunt quam de uocabulo sui nominis hephaestiam uocant
12161,body,253,2,True,,"Olympus quoque inter alia ibi oppidum fuit nobile, sed intercidit; nunc castellum est, infra quod aquae Regiae ob insigne fluoris spectaculo sunt uisentibus.",olympus quoque inter alia ibi oppidum fuit nobile sed intercidit nunc castellum est infra quod aquae regiae ob insigne fluoris spectaculo sunt uisentibus,olympus quoque inter alia ibi oppidum fuit nobile sed intercidit nunc castellum est infra quod aquae regiae ob insigne fluoris spectaculo sunt uisentibus
12161,head,254,0,True,,XL,xl,xl
12161,body,255,0,False,,"Sequitur Asia; sed non eam Asiam loquor, quae in toto orbis diuortio terminos amnes habet ab Aegyptio mari Nilum, a Maeotio lacu Tanaim, uerum eam quae a Telmesso Lyciae incipit, unde etiam Carpathius auspicatur sinus.",sequitur asia sed non eam asiam loquor quae in toto orbis diuortio terminos amnes habet ab aegyptio mari nilum a maeotio lacu tanaim uerum eam quae a telmesso lyciae incipit unde etiam carpathius auspicatur sinus,sequitur asia sed non eam asiam loquor quae in toto orbis diuortio terminos amnes habet ab aegyptio mari nilum a maeotio lacu tanaim uerum eam quae a telmesso lyciae incipit unde etiam carpathius auspicatur sinus
12161,body,255,1,True,,"Eam igitur Asiam ab oriente Lycia includit et Phrygia, ab occidente Aegaea litora, a meridie mare Aegyptium, Paphlagonia a septemtrione.",eam igitur asiam ab oriente lycia includit et phrygia ab occidente aegaea litora a meridie mare aegyptium paphlagonia a septemtrione,eam igitur asiam ab oriente lycia includit et phrygia ab occidente aegaea litora a meridie mare aegyptium paphlagonia a septemtrione
12161,body,256,0,False,,"Ephesus in ea urbs clarissima est; Epheso decus templum Dianae, Amazonum fabrica, adeo magnificum ut Xerxes, cum omnia Asiatica templa igni daret, huic uni pepercerit.",ephesus in ea urbs clarissima est epheso decus templum dianae amazonum fabrica adeo magnificum ut xerxes cum omnia asiatica templa igni daret huic uni pepercerit,ephesus in ea urbs clarissima est epheso decus templum dianae amazonum fabrica adeo magnificum ut xerxes cum omnia asiatica templa igni daret huic uni pepercerit
12161,body,256,1,False,,"Sed haec Xerxis clementia sacras aedes non diu a malo uindicauit; namque Herostratus, ut nomen memoria sceleris extenderet, incendium nobilis fabricae manu sua struxit, sicut ipse fassus est, uoto adipiscendae famae latioris.",sed haec xerxis clementia sacras aedes non diu a malo uindicauit namque herostratus ut nomen memoria sceleris extenderet incendium nobilis fabricae manu sua struxit sicut ipse fassus est uoto adipiscendae famae latioris,sed haec xerxis clementia sacras aedes non diu a malo uindicauit namque herostratus ut nomen memoria sceleris extenderet incendium nobilis fabricae manu sua struxit sicut ipse fassus est uoto adipiscendae famae latioris
12161,body,256,2,False,,"Notatur ergo eadem die conflagrauisse templum Ephesi, qua Alexander Magnus Pellae natus est.",notatur ergo eadem die conflagrauisse templum ephesi qua alexander magnus pellae natus est,notatur ergo eadem die conflagrauisse templum ephesi qua alexander magnus pellae natus est
12161,body,256,3,False,,"Quod cum postmodum ad cultum augustiorem Ephesii reformarent, faber operi Dinocrates praefuit, quem Dinocratem Alexandri iussu Alexandriam in Aegypto metatum supra exposuimus.",quod cum postmodum ad cultum augustiorem ephesii reformarent faber operi dinocrates praefuit quem dinocratem alexandri iussu alexandriam in aegypto metatum supra exposuimus,quod cum postmodum ad cultum augustiorem ephesii reformarent faber operi dinocrates praefuit quem dinocratem alexandri iussu alexandriam in aegypto metatum supra exposuimus
12161,body,256,4,True,,"Nusquam autem orbe toto tam adsiduos terrae motus et tam crebras urbium demersiones quam in Asia esse cladibus Asiaticis patuit, cum Tiberio principe urbes duodecim simul una ruina occiderint.",nusquam autem orbe toto tam adsiduos terrae motus et tam crebras urbium demersiones quam in asia esse cladibus asiaticis patuit cum tiberio principe urbes duodecim simul una ruina occiderint,nusquam autem orbe toto tam adsiduos terrae motus et tam crebras urbium demersiones quam in asia esse cladibus asiaticis patuit cum tiberio principe urbes duodecim simul una ruina occiderint
12161,body,257,0,False,,Ingenia Asiatica inclita per gentes fuere.,ingenia asiatica inclita per gentes fuere,ingenia asiatica inclita per gentes fuere
12161,body,257,1,False,,"Poetae Anacreon, inde Mimnermus et Antimachus, deinde Hipponax, deinde Alcaeus, inter quos etiam Sappho mulier.",poetae anacreon inde mimnermus et antimachus deinde hipponax deinde alcaeus inter quos etiam sappho mulier,poetae anacreon inde mimnermus et antimachus deinde hipponax deinde alcaeus inter quos etiam sappho mulier
12161,body,257,2,False,,"At historiae conditores Xanthus, Hecataeus, Herodotus, cum quibus Ephorus et Theopompus.",at historiae conditores xanthus hecataeus herodotus cum quibus ephorus et theopompus,at historiae conditores xanthus hecataeus herodotus cum quibus ephorus et theopompus
12161,body,257,3,True,,"Nam de septem sapientia praeditis Bias, Thales, Pittacus, Cleanthes Stoicae eminentissimus, Anaxagoras naturae indicator, Heraclitus etiam subtilioris doctrinae arcanis immoratus.",nam de septem sapientia praeditis bias thales pittacus cleanthes stoicae eminentissimus anaxagoras naturae indicator heraclitus etiam subtilioris doctrinae arcanis immoratus,nam de septem sapientia praeditis bias thales pittacus cleanthes stoicae eminentissimus anaxagoras naturae indicator heraclitus etiam subtilioris doctrinae arcanis immoratus
12161,body,258,0,False,,"Asiam excipit Phrygia, in qua Celaenae, quae antiquato priore nomine in Apameam transiere, oppidum a rege Seleuco postmodum constitutum.",asiam excipit phrygia in qua celaenae quae antiquato priore nomine in apameam transiere oppidum a rege seleuco postmodum constitutum,asiam excipit phrygia in qua celaenae quae antiquato priore nomine in apameam transiere oppidum a rege seleuco postmodum constitutum
12161,body,258,1,False,,"Istic Marsyas ortus, istic et sepultus: unde qui proximat fluuius, Marsyas dicitur; nam sacrilegi certaminis factum et audaces in deum tibias testatur non procul uallis, quae euentum gestae rei signat et ab Apamea decem milibus passuum separata Aulocrene usque adhuc dicitur.",istic marsyas ortus istic et sepultus unde qui proximat fluuius marsyas dicitur nam sacrilegi certaminis factum et audaces in deum tibias testatur non procul uallis quae euentum gestae rei signat et ab apamea decem milibus passuum separata aulocrene usque adhuc dicitur,istic marsyas ortus istic et sepultus unde qui proximat fluuius marsyas dicitur nam sacrilegi certaminis factum et audaces in deum tibias testatur non procul uallis quae euentum gestae rei signat et ab apamea decem milibus passuum separata aulocrene usque adhuc dicitur
12161,body,258,2,False,,"Ex arce huiusce oppidi Maeander amnis caput tollit, qui recurrentibus ripis flexuosus inter Cariam et Ioniam praecipitat in sinum qui Miletum diuidit et Prienam.",ex arce huiusce oppidi maeander amnis caput tollit qui recurrentibus ripis flexuosus inter cariam et ioniam praecipitat in sinum qui miletum diuidit et prienam,ex arce huiusce oppidi maeander amnis caput tollit qui recurrentibus ripis flexuosus inter cariam et ioniam praecipitat in sinum qui miletum diuidit et prienam
12161,body,258,3,False,,"Ipsa Phrygia Troadi superiecta est, aquilonia parte Galatiae conlimitanea, meridiana Lycaoniae Pisidiae Mygdoniaeque contermina.",ipsa phrygia troadi superiecta est aquilonia parte galatiae conlimitanea meridiana lycaoniae pisidiae mygdoniaeque contermina,ipsa phrygia troadi superiecta est aquilonia parte galatiae conlimitanea meridiana lycaoniae pisidiae mygdoniaeque contermina
12161,body,258,4,False,,"Eadem ab oriente uicina Lydiae, a septemtrione Moesiae, Cariae a parte qua dies medius est.",eadem ab oriente uicina lydiae a septemtrione moesiae cariae a parte qua dies medius est,eadem ab oriente uicina lydiae a septemtrione moesiae cariae a parte qua dies medius est
12161,body,258,5,False,,"Mons Lydiae Tmolus croco florentissimus; amnis Pactolus, quem aurato fluore incitum aliter Chrysorrhoam uocant.",mons lydiae tmolus croco florentissimus amnis pactolus quem aurato fluore incitum aliter chrysorrhoam uocant,mons lydiae tmolus croco florentissimus amnis pactolus quem aurato fluore incitum aliter chrysorrhoam uocant
12161,body,258,6,False,,"In his locis animal nascitur quod bonacum dicunt, cui taurinum caput ac deinceps corpus omne, tantum iuba equina; cornua autem ita multiplici flexu in se recurrentia, ut si quis in ea offendit, non uulneretur.",in his locis animal nascitur quod bonacum dicunt cui taurinum caput ac deinceps corpus omne tantum iuba equina cornua autem ita multiplici flexu in se recurrentia ut si quis in ea offendit non uulneretur,in his locis animal nascitur quod bonacum dicunt cui taurinum caput ac deinceps corpus omne tantum iuba equina cornua autem ita multiplici flexu in se recurrentia ut si quis in ea offendit non uulneretur
12161,body,258,7,True,,"Sed quicquid praesidii monstro illi frons negat, aluus sufficit; nam cum in fugam uertit, proluuie citi uentris fimum egerit per longitudinem trium iugerum, cuius ardor quicquid attigerit amburit: ita egerie noxia submouet insequentes.",sed quicquid praesidii monstro illi frons negat aluus sufficit nam cum in fugam uertit proluuie citi uentris fimum egerit per longitudinem trium iugerum cuius ardor quicquid attigerit amburit ita egerie noxia submouet insequentes,sed quicquid praesidii monstro illi frons negat aluus sufficit nam cum in fugam uertit proluuie citi uentris fimum egerit per longitudinem trium iugerum cuius ardor quicquid attigerit amburit ita egerie noxia submouet insequentes
12161,body,259,0,False,,"Miletos Ioniae caput, Cadmi olim domus, sed eius, qui primus inuenit prosae orationis disciplinam.",miletos ioniae caput cadmi olim domus sed eius qui primus inuenit prosae orationis disciplinam,miletos ioniae caput cadmi olim domus sed eius qui primus inuenit prosae orationis disciplinam
12161,body,259,1,False,,"Non longe Ephesum Colophon ciuitas, nobilis oraculo Clarii Apollinis.",non longe ephesum colophon ciuitas nobilis oraculo clarii apollinis,non longe ephesum colophon ciuitas nobilis oraculo clarii apollinis
12161,body,259,2,False,,"Vnde haud procul Mimas surgit, cuius uertices de nubilis superuolantibus futurae tempestatis significant qualitatem.",vnde haud procul mimas surgit cuius uertices de nubilis superuolantibus futurae tempestatis significant qualitatem,unde haud procul mimas surgit cuius uertices de nubilis superuolantibus futurae tempestatis significant qualitatem
12161,body,259,3,False,,"Caput Maeoniae Sipylus excipit, Tantalis antea dictus et in illam uocabuli memoriam orbitatibus datus Niobae.",caput maeoniae sipylus excipit tantalis antea dictus et in illam uocabuli memoriam orbitatibus datus niobae,caput maeoniae sipylus excipit tantalis antea dictus et in illam uocabuli memoriam orbitatibus datus niobae
12161,body,259,4,False,,"Zmyrnam Meles circumfluit, inter flumina Asiatica facile praecipuus amnis.",zmyrnam meles circumfluit inter flumina asiatica facile praecipuus amnis,zmyrnam meles circumfluit inter flumina asiatica facile praecipuus amnis
12161,body,259,5,False,,"Zmyrnaeos uero campos fluuius Hermus secat, qui ortus Dorylao Phrygiae Phrygiam scindit a Caria.",zmyrnaeos uero campos fluuius hermus secat qui ortus dorylao phrygiae phrygiam scindit a caria,zmyrnaeos uero campos fluuius hermus secat qui ortus dorylao phrygiae phrygiam scindit a caria
12161,body,259,6,False,,Hunc quoque Hermum fluctibus aureis aestuasse antiquitas credidit.,hunc quoque hermum fluctibus aureis aestuasse antiquitas credidit,hunc quoque hermum fluctibus aureis aestuasse antiquitas credidit
12161,body,259,7,False,,"Zmyrna, unde praecipue nitet, Homero uati patria extitit, qui post Ilium captum fuit anno ducentesimo septuagesimo secundo, Agrippa Siluio Tiberini filio Albae regnante, anno ante urbem conditam centesimo sexagesimo.",zmyrna unde praecipue nitet homero uati patria extitit qui post ilium captum fuit anno ducentesimo septuagesimo secundo agrippa siluio tiberini filio albae regnante anno ante urbem conditam centesimo sexagesimo,zmyrna unde praecipue nitet homero uati patria extitit qui post ilium captum fuit anno ducentesimo septuagesimo secundo agrippa siluio tiberini filio albae regnante anno ante urbem conditam centesimo sexagesimo
12161,body,259,8,False,,"Inter quem et Hesiodum poetam, qui in auspiciis olympiadis primae obiit, centum triginta octo anni interfuerunt.",inter quem et hesiodum poetam qui in auspiciis olympiadis primae obiit centum triginta octo anni interfuerunt,inter quem et hesiodum poetam qui in auspiciis olympiadis primae obiit centum triginta octo anni interfuerunt
12161,body,259,9,True,,"In Rhoeteo litore Athenienses et Mytilenaei ad tumulum ducis Thessali Achillion oppidum condiderunt, quod propemodum interiit; deinde interpositis quadraginta ferme stadiis in altero cornu eiusdem litoris ob honorem Salaminii Aiacis alterum oppidum, cui Aeantio datum nomen, Rhodii extruxerunt.",in rhoeteo litore athenienses et mytilenaei ad tumulum ducis thessali achillion oppidum condiderunt quod propemodum interiit deinde interpositis quadraginta ferme stadiis in altero cornu eiusdem litoris ob honorem salaminii aiacis alterum oppidum cui aeantio datum nomen rhodii extruxerunt,in rhoeteo litore athenienses et mytilenaei ad tumulum ducis thessali achillion oppidum condiderunt quod propemodum interiit deinde interpositis quadraginta ferme stadiis in altero cornu eiusdem litoris ob honorem salaminii aiacis alterum oppidum cui aeantio datum nomen rhodii extruxerunt
12161,body,260,0,False,,"At iuxta Ilium Memnonis stat sepulcrum, ad quod sempiterno ex Aethiopia cateruatim aues aduolant, quas Ilienses Memnonias uocant.",at iuxta ilium memnonis stat sepulcrum ad quod sempiterno ex aethiopia cateruatim aues aduolant quas ilienses memnonias uocant,at iuxta ilium memnonis stat sepulcrum ad quod sempiterno ex aethiopia cateruatim aues aduolant quas ilienses memnonias uocant
12161,body,260,1,False,,"*Cremutius auctor est has easdem anno quinto in Aethiopia cateruatim coire et undiqueuersum, quo usquam gentium sint, ad regiam Memnonis conuenire.",cremutius auctor est has easdem anno quinto in aethiopia cateruatim coire et undiqueuersum quo usquam gentium sint ad regiam memnonis conuenire,cremutius auctor est has easdem anno quinto in aethiopia cateruatim coire et undiqueuersum quo usquam gentium sint ad regiam memnonis conuenire
12161,body,260,2,False,,"Mediterranea quae sunt supra Troadis partem Teuthrania tenet regio, quae prima Moesorum fuit patria.",mediterranea quae sunt supra troadis partem teuthrania tenet regio quae prima moesorum fuit patria,mediterranea quae sunt supra troadis partem teuthrania tenet regio quae prima moesorum fuit patria
12161,body,260,3,True,,Haec Teuthrania perfunditur Caico flumine.,haec teuthrania perfunditur caico flumine,haec teuthrania perfunditur caico flumine
12161,body,261,0,False,,"Per omnem Asiam chamaeleon plurimus, animal quadrupes, facie qua lacertae, nisi crura recta et longiora uentri iungerentur; prolixa cauda eademque in uertiginem torta; hamati ungues subtili aduncitate; incessus piger et fere idem qui testudinum motus; corpus asperum cute, qualem in crocodilis deprehendimus; subducti oculi et recessu concauo introrsum recepti, quos numquam nictatione obnubit, uisum non circumlatis pupulis, sed obtutu rigidi orbis intentat.",per omnem asiam chamaeleon plurimus animal quadrupes facie qua lacertae nisi crura recta et longiora uentri iungerentur prolixa cauda eademque in uertiginem torta hamati ungues subtili aduncitate incessus piger et fere idem qui testudinum motus corpus asperum cute qualem in crocodilis deprehendimus subducti oculi et recessu concauo introrsum recepti quos numquam nictatione obnubit uisum non circumlatis pupulis sed obtutu rigidi orbis intentat,per omnem asiam chamaeleon plurimus animal quadrupes facie qua lacertae nisi crura recta et longiora uentri iungerentur prolixa cauda eademque in uertiginem torta hamati ungues subtili aduncitate incessus piger et fere idem qui testudinum motus corpus asperum cute qualem in crocodilis deprehendimus subducti oculi et recessu concauo introrsum recepti quos numquam nictatione obnubit uisum non circumlatis pupulis sed obtutu rigidi orbis intentat
12161,body,261,1,False,,"Hiatus eius aeternus ac sine ullius usus ministerio, quippe cum neque cibum capiat neque potu alatur nec alimento alio quam haustu aeris uiuat.",hiatus eius aeternus ac sine ullius usus ministerio quippe cum neque cibum capiat neque potu alatur nec alimento alio quam haustu aeris uiuat,hiatus eius aeternus ac sine ullius usus ministerio quippe cum neque cibum capiat neque potu alatur nec alimento alio quam haustu aeris uiuat
12161,body,261,2,False,,"Color uarius et in momenta mutabilis, ita ut cuicumque rei se coniunxerit, concolor ei fiat.",color uarius et in momenta mutabilis ita ut cuicumque rei se coniunxerit concolor ei fiat,color uarius et in momenta mutabilis ita ut cuicumque rei se coniunxerit concolor ei fiat
12161,body,261,3,False,,"Colores duo sunt quos fingere non ualet, rubrus et candidus; ceteros facile mentitur.",colores duo sunt quos fingere non ualet rubrus et candidus ceteros facile mentitur,colores duo sunt quos fingere non ualet rubrus et candidus ceteros facile mentitur
12161,body,261,4,False,,"Corpus paene sine carne, uitalia sine liene nec nisi in corculo pauxillum sanguinis deprehenditur.",corpus paene sine carne uitalia sine liene nec nisi in corculo pauxillum sanguinis deprehenditur,corpus paene sine carne uitalia sine liene nec nisi in corculo pauxillum sanguinis deprehenditur
12161,body,261,5,False,,"Latet hieme, producitur uere.",latet hieme producitur uere,latet hieme producitur uere
12161,body,261,6,True,,"Impetibilis est coraci, a quo cum interfectus est, uictorem suum perimit interemptus; nam si uel modicum ales ex eo ederit, ilico moritur; sed corax habet praesidium ad medellam natura manum porrigente; nam cum adflictum se intellegit, sumpta fronde laurea recuperat sanitatem.",impetibilis est coraci a quo cum interfectus est uictorem suum perimit interemptus nam si uel modicum ales ex eo ederit ilico moritur sed corax habet praesidium ad medellam natura manum porrigente nam cum adflictum se intellegit sumpta fronde laurea recuperat sanitatem,impetibilis est coraci a quo cum interfectus est uictorem suum perimit interemptus nam si uel modicum ales ex eo ederit ilico moritur sed corax habet praesidium ad medellam natura manum porrigente nam cum adflictum se intellegit sumpta fronde laurea recuperat sanitatem
12161,body,262,0,False,,"Pythonos come in Asia locus est campis patentibus, ubi primo aduentus sui tempore ciconiae aduolant et eam quae ultima aduenerit lancinant uniuersae.",pythonos come in asia locus est campis patentibus ubi primo aduentus sui tempore ciconiae aduolant et eam quae ultima aduenerit lancinant uniuersae,pythonos come in asia locus est campis patentibus ubi primo aduentus sui tempore ciconiae aduolant et eam quae ultima aduenerit lancinant uniuersae
12161,body,262,1,False,,"Aues istas ferunt linguas non habere, uerum sonum quo crepitant oris potius quam uocis esse.",aues istas ferunt linguas non habere uerum sonum quo crepitant oris potius quam uocis esse,aues istas ferunt linguas non habere uerum sonum quo crepitant oris potius quam uocis esse
12161,body,262,2,False,,"Eximia illis inest pietas; etenim quantum temporis inpenderint fetibus educandis, tantum et ipsae a pullis suis inuicem aluntur; ita enim inpense nidos fouent, ut incubitus adsiduitate plumas exuant.",eximia illis inest pietas etenim quantum temporis inpenderint fetibus educandis tantum et ipsae a pullis suis inuicem aluntur ita enim inpense nidos fouent ut incubitus adsiduitate plumas exuant,eximia illis inest pietas etenim quantum temporis inpenderint fetibus educandis tantum et ipsae a pullis suis inuicem aluntur ita enim inpense nidos fouent ut incubitus adsiduitate plumas exuant
12161,body,262,3,True,,"Noceri eis omnibus quidem locis nefas ducunt, sed in Thessalia uel maxime, ubi serpentium immanis copia est; quos dum escandi gratia insectantur, regionibus Thessalicis plurimum mali detrahunt.",noceri eis omnibus quidem locis nefas ducunt sed in thessalia uel maxime ubi serpentium immanis copia est quos dum escandi gratia insectantur regionibus thessalicis plurimum mali detrahunt,noceri eis omnibus quidem locis nefas ducunt sed in thessalia uel maxime ubi serpentium immanis copia est quos dum escandi gratia insectantur regionibus thessalicis plurimum mali detrahunt
12161,head,263,0,True,,XLI,xli,xli
12161,body,264,0,True,,"Galatiam primis saeculis priscae Gallorum gentes occupauerunt Tolosbogi Veturi Ambituuti, quae uocabula adhuc permanent: quamuis Galatia unde dicta sit, ipso sonat nomine.",galatiam primis saeculis priscae gallorum gentes occupauerunt tolosbogi veturi ambituuti quae uocabula adhuc permanent quamuis galatia unde dicta sit ipso sonat nomine,galatiam primis saeculis priscae gallorum gentes occupauerunt tolosbogi ueturi ambituuti quae uocabula adhuc permanent quamuis galatia unde dicta sit ipso sonat nomine
12161,head,265,0,True,,XLII,xlii,xlii
12161,body,266,0,False,,"Bithynia in Ponti exordio ad partem solis orientis aduersa Thraciae, opulenta ac diues urbium, a fontibus Sagari fluminis primos fines habet; ante Bebrycia dicta, deinde Mygdonia, mox a Bithyno rege Bithynia.",bithynia in ponti exordio ad partem solis orientis aduersa thraciae opulenta ac diues urbium a fontibus sagari fluminis primos fines habet ante bebrycia dicta deinde mygdonia mox a bithyno rege bithynia,bithynia in ponti exordio ad partem solis orientis aduersa thraciae opulenta ac diues urbium a fontibus sagari fluminis primos fines habet ante bebrycia dicta deinde mygdonia mox a bithyno rege bithynia
12161,body,266,1,False,,"In ea Prusiadem urbem et adluit Hylas flumen et perspergit Hylas lacus, in quo resedisse credunt delicias Herculi, Hylan puerum, Nymphis rapinam; in cuius memoriam usque adhuc sollemni cursitatione lacum populus circumit et Hylan uoce clamant.",in ea prusiadem urbem et adluit hylas flumen et perspergit hylas lacus in quo resedisse credunt delicias herculi hylan puerum nymphis rapinam in cuius memoriam usque adhuc sollemni cursitatione lacum populus circumit et hylan uoce clamant,in ea prusiadem urbem et adluit hylas flumen et perspergit hylas lacus in quo resedisse credunt delicias herculi hylan puerum nymphis rapinam in cuius memoriam usque adhuc sollemni cursitatione lacum populus circumit et hylan uoce clamant
12161,body,266,2,True,,"In Bithyno quoque agro Libyssa locus Nicomediae proximus, sepulcro Hannibalis famae datus; qui post Carthaginense iudicium transfuga ad regem Antiochum, dein post Antiochi apud Thermopylas *pugnatam malam pugnam fractumque regem fortunae uicibus in hospitium Prusiae deuolutus, ne traderetur T. Quintio ob hanc causam in Bithyniam misso captiuusque Romam ueniret, ueneni mali poculo animam expulit.",in bithyno quoque agro libyssa locus nicomediae proximus sepulcro hannibalis famae datus qui post carthaginense iudicium transfuga ad regem antiochum dein post antiochi apud thermopylas pugnatam malam pugnam fractumque regem fortunae uicibus in hospitium prusiae deuolutus ne traderetur t quintio ob hanc causam in bithyniam misso captiuusque romam ueniret ueneni mali poculo animam expulit,in bithyno quoque agro libyssa locus nicomediae proximus sepulcro hannibalis famae datus qui post carthaginense iudicium transfuga ad regem antiochum dein post antiochi apud thermopylas pugnatam malam pugnam fractumque regem fortunae uicibus in hospitium prusiae deuolutus ne traderetur t quintio ob hanc causam in bithyniam misso captiuusque romam ueniret ueneni mali poculo animam expulit
12161,head,267,0,True,,XLIII,xliii,xliii
12161,body,268,0,False,,"In ora Pontica post Bospori fauces et Rhesum amnem portumque Calpas Sagaris fluuius ortus in Phrygia dictusque a plerisque Sagarius exordium facit Mariandyni sinus, in quo oppidum Heraclea adpositum Lyco flumini; et Acone portus, qui prouentu malorum graminum usque eo celebris est, ut noxias herbas aconita illinc nominemus.",in ora pontica post bospori fauces et rhesum amnem portumque calpas sagaris fluuius ortus in phrygia dictusque a plerisque sagarius exordium facit mariandyni sinus in quo oppidum heraclea adpositum lyco flumini et acone portus qui prouentu malorum graminum usque eo celebris est ut noxias herbas aconita illinc nominemus,in ora pontica post bospori fauces et rhesum amnem portumque calpas sagaris fluuius ortus in phrygia dictusque a plerisque sagarius exordium facit mariandyni sinus in quo oppidum heraclea adpositum lyco flumini et acone portus qui prouentu malorum graminum usque eo celebris est ut noxias herbas aconita illinc nominemus
12161,body,268,1,True,,"Proximus inde Acherusius specus, quem foraminis caeci profundo ad usque inferna aiunt pertendere.",proximus inde acherusius specus quem foraminis caeci profundo ad usque inferna aiunt pertendere,proximus inde acherusius specus quem foraminis caeci profundo ad usque inferna aiunt pertendere
12161,head,269,0,True,,XLIV,xliv,xliu
12161,body,270,0,False,,Paphlagoniam limes a tergo Galaticus amplectitur.,paphlagoniam limes a tergo galaticus amplectitur,paphlagoniam limes a tergo galaticus amplectitur
12161,body,270,1,False,,"Ea Paphlagonia Carambi promunturio spectat Tauricam, consurgit Cytoro monte porrecto in spatium trium et sexaginta milium, insignis loco Eneto, a quo, ut Cornelius Nepos perhibet, Paphlagones in Italiam transuecti mox Veneti sunt nominati.",ea paphlagonia carambi promunturio spectat tauricam consurgit cytoro monte porrecto in spatium trium et sexaginta milium insignis loco eneto a quo ut cornelius nepos perhibet paphlagones in italiam transuecti mox veneti sunt nominati,ea paphlagonia carambi promunturio spectat tauricam consurgit cytoro monte porrecto in spatium trium et sexaginta milium insignis loco eneto a quo ut cornelius nepos perhibet paphlagones in italiam transuecti mox ueneti sunt nominati
12161,body,270,2,True,,"Plurimas in ea regione urbes Milesii condiderunt, Eupatoriam Mithridates; quo subacto a Pompeio Pompeiopolis est dicta.",plurimas in ea regione urbes milesii condiderunt eupatoriam mithridates quo subacto a pompeio pompeiopolis est dicta,plurimas in ea regione urbes milesii condiderunt eupatoriam mithridates quo subacto a pompeio pompeiopolis est dicta
12161,head,271,0,True,,XLV,xlv,xlu
12161,body,272,0,False,,Cappadocia gentium uniuersarum quae Pontum accolunt praecipue introuersus recedit.,cappadocia gentium uniuersarum quae pontum accolunt praecipue introuersus recedit,cappadocia gentium uniuersarum quae pontum accolunt praecipue introuersus recedit
12161,body,272,1,False,,Latere laeuo utrasque Armenias et Commagenen simul transit; dextero plurimis Asiae populis circumfusa.,latere laeuo utrasque armenias et commagenen simul transit dextero plurimis asiae populis circumfusa,latere laeuo utrasque armenias et commagenen simul transit dextero plurimis asiae populis circumfusa
12161,body,272,2,False,,Attollitur ad Tauri iuga et solis ortus.,attollitur ad tauri iuga et solis ortus,attollitur ad tauri iuga et solis ortus
12161,body,272,3,False,,Praeterit Lycaoniam Pisidiam Ciliciam.,praeterit lycaoniam pisidiam ciliciam,praeterit lycaoniam pisidiam ciliciam
12161,body,272,4,False,,"Vadit super tractum Syriae Antiochiae, parte regionis alterius in Scythiam pertendens, ab Armenia maiore diuisa Euphrate amne; quae Armenia unde Panedri montes sunt auspicatur.",vadit super tractum syriae antiochiae parte regionis alterius in scythiam pertendens ab armenia maiore diuisa euphrate amne quae armenia unde panedri montes sunt auspicatur,uadit super tractum syriae antiochiae parte regionis alterius in scythiam pertendens ab armenia maiore diuisa euphrate amne quae armenia unde panedri montes sunt auspicatur
12161,body,272,5,True,,"Multae in Cappadocia urbes inclitae; uerum ut ab aliis referamus pedem, coloniam Archelaidem, quam deduxit Claudius Caesar, Halys praeterfluit; Neocaesaream Lycus alluit; Melitam Samiramis condidit; Mazacam sub Argaeo sitam Cappadoces matrem urbium numerant: qui Argaeus niualibus iugis arduus ne aestiuo quidem torrente pruinis caret quemque indidem populi habitari deo credunt.",multae in cappadocia urbes inclitae uerum ut ab aliis referamus pedem coloniam archelaidem quam deduxit claudius caesar halys praeterfluit neocaesaream lycus alluit melitam samiramis condidit mazacam sub argaeo sitam cappadoces matrem urbium numerant qui argaeus niualibus iugis arduus ne aestiuo quidem torrente pruinis caret quemque indidem populi habitari deo credunt,multae in cappadocia urbes inclitae uerum ut ab aliis referamus pedem coloniam archelaidem quam deduxit claudius caesar halys praeterfluit neocaesaream lycus alluit melitam samiramis condidit mazacam sub argaeo sitam cappadoces matrem urbium numerant qui argaeus niualibus iugis arduus ne aestiuo quidem torrente pruinis caret quemque indidem populi habitari deo credunt
12161,body,273,0,False,,Terra illa ante alias altrix equorum et prouentui equino accommodissima est; quorum hoc in loco ingenium reor persequendum.,terra illa ante alias altrix equorum et prouentui equino accommodissima est quorum hoc in loco ingenium reor persequendum,terra illa ante alias altrix equorum et prouentui equino accommodissima est quorum hoc in loco ingenium reor persequendum
12161,body,273,1,False,,"Nam equis inesse iudicium documentis plurimis patefactum est, cum iam aliquot inuenti sunt, qui nonnisi primos dominos recognoscerent, obliti mansuetudinis, si quando mutassent consueta seruitia.",nam equis inesse iudicium documentis plurimis patefactum est cum iam aliquot inuenti sunt qui nonnisi primos dominos recognoscerent obliti mansuetudinis si quando mutassent consueta seruitia,nam equis inesse iudicium documentis plurimis patefactum est cum iam aliquot inuenti sunt qui nonnisi primos dominos recognoscerent obliti mansuetudinis si quando mutassent consueta seruitia
12161,body,273,2,False,,"Inimicos partis suae norunt adeo, ut inter proelia hostes morsu petant.",inimicos partis suae norunt adeo ut inter proelia hostes morsu petant,inimicos partis suae norunt adeo ut inter proelia hostes morsu petant
12161,body,273,3,False,,"Sed illud maius est, quod rectoribus perditis quos diligebant arcessunt fame mortem.",sed illud maius est quod rectoribus perditis quos diligebant arcessunt fame mortem,sed illud maius est quod rectoribus perditis quos diligebant arcessunt fame mortem
12161,body,273,4,False,,"Verum hi mores in genere equorum praestantissimo reperiuntur: nam qui infra nobilitatem *sati sunt, nulla documenta sua praebuerunt.",verum hi mores in genere equorum praestantissimo reperiuntur nam qui infra nobilitatem sati sunt nulla documenta sua praebuerunt,uerum hi mores in genere equorum praestantissimo reperiuntur nam qui infra nobilitatem sati sunt nulla documenta sua praebuerunt
12161,body,273,5,False,,"Sed ne quid uideamur dicendi licentia contra fidem adrogasse, exemplum frequens dabimus.",sed ne quid uideamur dicendi licentia contra fidem adrogasse exemplum frequens dabimus,sed ne quid uideamur dicendi licentia contra fidem adrogasse exemplum frequens dabimus
12161,body,273,6,False,,"Alexandri Magni equus Bucephalus dictus siue de aspectus toruitate seu ab insigni, quod taurinum caput armo inustum habebat, seu quod de fronte eius quaedam corniculorum minae protuberabant, cum ab equario suo alias etiam molliter sederetur, accepto regio stratu neminem umquam alium praeter dominum uehere dignatus est.",alexandri magni equus bucephalus dictus siue de aspectus toruitate seu ab insigni quod taurinum caput armo inustum habebat seu quod de fronte eius quaedam corniculorum minae protuberabant cum ab equario suo alias etiam molliter sederetur accepto regio stratu neminem umquam alium praeter dominum uehere dignatus est,alexandri magni equus bucephalus dictus siue de aspectus toruitate seu ab insigni quod taurinum caput armo inustum habebat seu quod de fronte eius quaedam corniculorum minae protuberabant cum ab equario suo alias etiam molliter sederetur accepto regio stratu neminem umquam alium praeter dominum uehere dignatus est
12161,body,273,7,False,,"Documenta eius in proeliis plura sunt, quibus Alexandrum e durissimis certaminibus sospitem ope sua extulit; quo merito effectum, ut defuncto in India exequias rex duceret et supremis sepulcrum daret, urbem etiam conderet, quam in nominis memoriam Bucephalam nominauit.",documenta eius in proeliis plura sunt quibus alexandrum e durissimis certaminibus sospitem ope sua extulit quo merito effectum ut defuncto in india exequias rex duceret et supremis sepulcrum daret urbem etiam conderet quam in nominis memoriam bucephalam nominauit,documenta eius in proeliis plura sunt quibus alexandrum e durissimis certaminibus sospitem ope sua extulit quo merito effectum ut defuncto in india exequias rex duceret et supremis sepulcrum daret urbem etiam conderet quam in nominis memoriam bucephalam nominauit
12161,body,273,8,False,,"Equus C. Caesaris nullum praeter Caesarem dorso recepit; cuius primores pedes facie uestigii humani tradunt fuisse, sicut ante Veneris genetricis aedem hac effigie locatus est.",equus c caesaris nullum praeter caesarem dorso recepit cuius primores pedes facie uestigii humani tradunt fuisse sicut ante veneris genetricis aedem hac effigie locatus est,equus c caesaris nullum praeter caesarem dorso recepit cuius primores pedes facie uestigii humani tradunt fuisse sicut ante ueneris genetricis aedem hac effigie locatus est
12161,body,273,9,False,,"Regem Scytharum cum singulari certamine interemptum aduersarius uictor spoliare uellet, ab equo eius calcibus morsuque est lancinatus.",regem scytharum cum singulari certamine interemptum aduersarius uictor spoliare uellet ab equo eius calcibus morsuque est lancinatus,regem scytharum cum singulari certamine interemptum aduersarius uictor spoliare uellet ab equo eius calcibus morsuque est lancinatus
12161,body,273,10,False,,"Agrigentina etiam regio frequens est equorum sepulcris, quod munus supremitatis meritis datum credimus.",agrigentina etiam regio frequens est equorum sepulcris quod munus supremitatis meritis datum credimus,agrigentina etiam regio frequens est equorum sepulcris quod munus supremitatis meritis datum credimus
12161,body,273,11,False,,"Voluptatem his inesse circi spectacula prodiderunt; quidam enim equorum cantibus tibiarum, quidam saltationibus, quidam colorum uarietate, nonnulli etiam accensis facibus ad cursus prouocantur.",voluptatem his inesse circi spectacula prodiderunt quidam enim equorum cantibus tibiarum quidam saltationibus quidam colorum uarietate nonnulli etiam accensis facibus ad cursus prouocantur,uoluptatem his inesse circi spectacula prodiderunt quidam enim equorum cantibus tibiarum quidam saltationibus quidam colorum uarietate nonnulli etiam accensis facibus ad cursus prouocantur
12161,body,273,12,False,,Affectum equinum lacrimae probant: denique interfecto Nicomede rege equus eius uitam inedia expulit.,affectum equinum lacrimae probant denique interfecto nicomede rege equus eius uitam inedia expulit,affectum equinum lacrimae probant denique interfecto nicomede rege equus eius uitam inedia expulit
12161,body,273,13,False,,"Cum proelio Antiochus Galatas subegisset, Cintareti nomine ducis, qui in acie ceciderat, equum insiliuit ouaturus isque adeo spreuit lupatos, ut de industria cernuatus ruina pariter et se et equitem adfligeret.",cum proelio antiochus galatas subegisset cintareti nomine ducis qui in acie ceciderat equum insiliuit ouaturus isque adeo spreuit lupatos ut de industria cernuatus ruina pariter et se et equitem adfligeret,cum proelio antiochus galatas subegisset cintareti nomine ducis qui in acie ceciderat equum insiliuit ouaturus isque adeo spreuit lupatos ut de industria cernuatus ruina pariter et se et equitem adfligeret
12161,body,273,14,False,,"Ingenia equorum etiam Claudii Caesaris circenses probauerunt, cum effuso rectore quadrigae currus aemulos non minus astu quam uelocitate praeuerterent et post decursa legitima spatia ad locum palmae sponte consisterent, uelut uictoriae praemium postularent.",ingenia equorum etiam claudii caesaris circenses probauerunt cum effuso rectore quadrigae currus aemulos non minus astu quam uelocitate praeuerterent et post decursa legitima spatia ad locum palmae sponte consisterent uelut uictoriae praemium postularent,ingenia equorum etiam claudii caesaris circenses probauerunt cum effuso rectore quadrigae currus aemulos non minus astu quam uelocitate praeuerterent et post decursa legitima spatia ad locum palmae sponte consisterent uelut uictoriae praemium postularent
12161,body,273,15,False,,"Excusso quoque auriga, quem Rutumannam nominabant, relicto certamine ad Capitolium quadriga prosiliuit nec ante substitit quam Tarpeium Iouem trina dextratione lustrasset.",excusso quoque auriga quem rutumannam nominabant relicto certamine ad capitolium quadriga prosiliuit nec ante substitit quam tarpeium iouem trina dextratione lustrasset,excusso quoque auriga quem rutumannam nominabant relicto certamine ad capitolium quadriga prosiliuit nec ante substitit quam tarpeium iouem trina dextratione lustrasset
12161,body,273,16,False,,In huiusce animalis genere aetas longior maribus: legimus sane equum ad annos LXX uixisse.,in huiusce animalis genere aetas longior maribus legimus sane equum ad annos lxx uixisse,in huiusce animalis genere aetas longior maribus legimus sane equum ad annos lxx uixisse
12161,body,273,17,False,,"Iam illud non uenit in ambiguum, quod in annum tertium et tricesimum generant, utpote qui etiam post uicesimum mittantur ad subolem reficiendam.",iam illud non uenit in ambiguum quod in annum tertium et tricesimum generant utpote qui etiam post uicesimum mittantur ad subolem reficiendam,iam illud non uenit in ambiguum quod in annum tertium et tricesimum generant utpote qui etiam post uicesimum mittantur ad subolem reficiendam
12161,body,273,18,False,,Notatum etiam aduertimus Opuntem nomine equum ad gregariam uenerem durasse in annos quadraginta.,notatum etiam aduertimus opuntem nomine equum ad gregariam uenerem durasse in annos quadraginta,notatum etiam aduertimus opuntem nomine equum ad gregariam uenerem durasse in annos quadraginta
12161,body,273,19,False,,Equarum libido extinguitur iubis tonsis.,equarum libido extinguitur iubis tonsis,equarum libido extinguitur iubis tonsis
12161,body,273,20,False,,"In quarum partu amoris nascitur ueneficium, quod in frontibus praeferunt recens editi, furuo colore, caricis simile, hippomanes nominatum; quod si praereptum statim fuerit, nequaquam mater pullo ubera praebet fellitanda.",in quarum partu amoris nascitur ueneficium quod in frontibus praeferunt recens editi furuo colore caricis simile hippomanes nominatum quod si praereptum statim fuerit nequaquam mater pullo ubera praebet fellitanda,in quarum partu amoris nascitur ueneficium quod in frontibus praeferunt recens editi furuo colore caricis simile hippomanes nominatum quod si praereptum statim fuerit nequaquam mater pullo ubera praebet fellitanda
12161,body,273,21,False,,"Quo quis acrior fuerit speique maioris, profundius nares mersitat in bibendo.",quo quis acrior fuerit speique maioris profundius nares mersitat in bibendo,quo quis acrior fuerit speique maioris profundius nares mersitat in bibendo
12161,body,273,22,False,,"Mas ad bella numquam producitur apud Scythas, eo quod feminae exonerare uesicas etiam in fuga possunt.",mas ad bella numquam producitur apud scythas eo quod feminae exonerare uesicas etiam in fuga possunt,mas ad bella numquam producitur apud scythas eo quod feminae exonerare uesicas etiam in fuga possunt
12161,body,273,23,True,,Edunt equae et uentis conceptos; sed hi numquam ultra triennium aeuum trahunt.,edunt equae et uentis conceptos sed hi numquam ultra triennium aeuum trahunt,edunt equae et uentis conceptos sed hi numquam ultra triennium aeuum trahunt
12161,head,274,0,True,,XLVI,xlvi,xlui
12161,body,275,0,False,,"Assyriorum initium Adiabene facit; in cuius parte Arbelitis regio est, quem locum uictoria Alexandri Magni non sinit praeteriri.",assyriorum initium adiabene facit in cuius parte arbelitis regio est quem locum uictoria alexandri magni non sinit praeteriri,assyriorum initium adiabene facit in cuius parte arbelitis regio est quem locum uictoria alexandri magni non sinit praeteriri
12161,body,275,1,False,,"Nam ibi copias Darii fudit, ipsum subegit expugnatisque eius castris in reliquo apparatu regis repperit scrinium unguentis refertum, unde primum Romana luxuria fecit ingressum ad odores peregrinos.",nam ibi copias darii fudit ipsum subegit expugnatisque eius castris in reliquo apparatu regis repperit scrinium unguentis refertum unde primum romana luxuria fecit ingressum ad odores peregrinos,nam ibi copias darii fudit ipsum subegit expugnatisque eius castris in reliquo apparatu regis repperit scrinium unguentis refertum unde primum romana luxuria fecit ingressum ad odores peregrinos
12161,body,275,2,False,,"Aliquantisper tamen uirtute ueterum ab hac uitiorum inlecebra defensi sumus atque adeo in tempus censorum P. Crassi et C. Iulii Caesaris; qui edixerunt anno urbis conditae quingentesimo sexagesimo quinto, ne quis unguenta inueheret peregrina.",aliquantisper tamen uirtute ueterum ab hac uitiorum inlecebra defensi sumus atque adeo in tempus censorum p crassi et c iulii caesaris qui edixerunt anno urbis conditae quingentesimo sexagesimo quinto ne quis unguenta inueheret peregrina,aliquantisper tamen uirtute ueterum ab hac uitiorum inlecebra defensi sumus atque adeo in tempus censorum p crassi et c iulii caesaris qui edixerunt anno urbis conditae quingentesimo sexagesimo quinto ne quis unguenta inueheret peregrina
12161,body,275,3,True,,"Postmodum uicerunt nostra uitia et senatui adeo placuit odorum delicia, ut ea etiam in poenalibus tenebris uteretur: sicut L. Plotium fratrem Planci bis consulis proscriptum a triumuiris in Salernitana latebra unguenti odor prodidit.",postmodum uicerunt nostra uitia et senatui adeo placuit odorum delicia ut ea etiam in poenalibus tenebris uteretur sicut l plotium fratrem planci bis consulis proscriptum a triumuiris in salernitana latebra unguenti odor prodidit,postmodum uicerunt nostra uitia et senatui adeo placuit odorum delicia ut ea etiam in poenalibus tenebris uteretur sicut l plotium fratrem planci bis consulis proscriptum a triumuiris in salernitana latebra unguenti odor prodidit
12161,body,276,0,False,,"Hos terrarum ductus excipit Media, cuius arbor inclaruit etiam carminibus Mantuanis.",hos terrarum ductus excipit media cuius arbor inclaruit etiam carminibus mantuanis,hos terrarum ductus excipit media cuius arbor inclaruit etiam carminibus mantuanis
12161,body,276,1,False,,"Ingens ipsa et cui tale ferme quale unedonibus folium est; tantum eo differt, quod aculeatum spinulentis fastigiis hispida turgescat.",ingens ipsa et cui tale ferme quale unedonibus folium est tantum eo differt quod aculeatum spinulentis fastigiis hispida turgescat,ingens ipsa et cui tale ferme quale unedonibus folium est tantum eo differt quod aculeatum spinulentis fastigiis hispida turgescat
12161,body,276,2,False,,"Malum inimicum uenenis, sapore asperum et amaritudinis merae, odoris autem fragrantia plus quam iucundum longeque sensibile.",malum inimicum uenenis sapore asperum et amaritudinis merae odoris autem fragrantia plus quam iucundum longeque sensibile,malum inimicum uenenis sapore asperum et amaritudinis merae odoris autem fragrantia plus quam iucundum longeque sensibile
12161,body,276,3,False,,"Verum pomo illius tanta ubertas inest, ut onere prouentus semper grauetur: nam protinus atque poma eius deciderunt maturitate, alia protuberant, eaque tantum est opimitati mora, ut fetus decidant ante nati.",verum pomo illius tanta ubertas inest ut onere prouentus semper grauetur nam protinus atque poma eius deciderunt maturitate alia protuberant eaque tantum est opimitati mora ut fetus decidant ante nati,uerum pomo illius tanta ubertas inest ut onere prouentus semper grauetur nam protinus atque poma eius deciderunt maturitate alia protuberant eaque tantum est opimitati mora ut fetus decidant ante nati
12161,body,276,4,True,,"Vsurpare sibi nemora ista optauerunt et aliae nationes per industriam germinis transferendi, sed beneficium soli Mediae datum natura resistente terra alia non potuit mutuari.",vsurpare sibi nemora ista optauerunt et aliae nationes per industriam germinis transferendi sed beneficium soli mediae datum natura resistente terra alia non potuit mutuari,usurpare sibi nemora ista optauerunt et aliae nationes per industriam germinis transferendi sed beneficium soli mediae datum natura resistente terra alia non potuit mutuari
12161,head,277,0,True,,XLVII,xlvii,xluii
12161,body,278,0,False,,Portae Caspiae panduntur itinere manu facto longo octo milibus passuum; nam latitudo uix est plaustro permeabilis.,portae caspiae panduntur itinere manu facto longo octo milibus passuum nam latitudo uix est plaustro permeabilis,portae caspiae panduntur itinere manu facto longo octo milibus passuum nam latitudo uix est plaustro permeabilis
12161,body,278,1,False,,"In his angustiis etiam illud asperum, quod praecisorum laterum saxa liquentibus inter se salis uenis exundant humorem affluentissimum, qui constrictus ui caloris uelut in aestiuam glaciem corporatur: ita labes inuia accessum negat.",in his angustiis etiam illud asperum quod praecisorum laterum saxa liquentibus inter se salis uenis exundant humorem affluentissimum qui constrictus ui caloris uelut in aestiuam glaciem corporatur ita labes inuia accessum negat,in his angustiis etiam illud asperum quod praecisorum laterum saxa liquentibus inter se salis uenis exundant humorem affluentissimum qui constrictus ui caloris uelut in aestiuam glaciem corporatur ita labes inuia accessum negat
12161,body,278,2,False,,"Praeterea octo et uiginti milium passuum tractus omnis, quoquo inde pergatur humo arida, sine praesidio sitit.",praeterea octo et uiginti milium passuum tractus omnis quoquo inde pergatur humo arida sine praesidio sitit,praeterea octo et uiginti milium passuum tractus omnis quoquo inde pergatur humo arida sine praesidio sitit
12161,body,278,3,False,,Tunc serpentes undique gentium conuenae a uerno statim die illuc confluunt.,tunc serpentes undique gentium conuenae a uerno statim die illuc confluunt,tunc serpentes undique gentium conuenae a uerno statim die illuc confluunt
12161,body,278,4,True,,Ita periculi ac difficultatis concordia ad Caspios nisi hieme accessus negatur.,ita periculi ac difficultatis concordia ad caspios nisi hieme accessus negatur,ita periculi ac difficultatis concordia ad caspios nisi hieme accessus negatur
12161,head,279,0,True,,XLVIII,xlviii,xluiii
12161,body,280,0,False,,"A Caspiis ad orientem uersus locus est, quod Direum appellatur, cuius ubertati non est quippiam quod comparari queat.",a caspiis ad orientem uersus locus est quod direum appellatur cuius ubertati non est quippiam quod comparari queat,a caspiis ad orientem uersus locus est quod direum appellatur cuius ubertati non est quippiam quod comparari queat
12161,body,280,1,False,,"Quem locum circumsident Lapyri, Narici et Hyrcani.",quem locum circumsident lapyri narici et hyrcani,quem locum circumsident lapyri narici et hyrcani
12161,body,280,2,False,,"Ei proximat Margine regio inclita caeli ac soli commodis, adeo ut in toto illo latifundio uitibus sola gaudeat.",ei proximat margine regio inclita caeli ac soli commodis adeo ut in toto illo latifundio uitibus sola gaudeat,ei proximat margine regio inclita caeli ac soli commodis adeo ut in toto illo latifundio uitibus sola gaudeat
12161,body,280,3,False,,"In faciem theatralem montibus clauditur, ambitu stadiorum mille quingentorum, paene inaccessa ob incommodum harenosae solitudinis, quae per centum et uiginti milia passuum undiqueuersum circumfusa est.",in faciem theatralem montibus clauditur ambitu stadiorum mille quingentorum paene inaccessa ob incommodum harenosae solitudinis quae per centum et uiginti milia passuum undiqueuersum circumfusa est,in faciem theatralem montibus clauditur ambitu stadiorum mille quingentorum paene inaccessa ob incommodum harenosae solitudinis quae per centum et uiginti milia passuum undiqueuersum circumfusa est
12161,body,280,4,False,,"Regionis huius amoenitatem Alexander Magnus usque adeo miratus est, ut ibi primum Alexandriam conderet; quam mox a barbaris excisam Antiochus Seleuci filius reformauit et de nuncupatione domus suae dixit Seleuciam; cuius urbis circuitus diffunditur in stadia septuaginta quinque.",regionis huius amoenitatem alexander magnus usque adeo miratus est ut ibi primum alexandriam conderet quam mox a barbaris excisam antiochus seleuci filius reformauit et de nuncupatione domus suae dixit seleuciam cuius urbis circuitus diffunditur in stadia septuaginta quinque,regionis huius amoenitatem alexander magnus usque adeo miratus est ut ibi primum alexandriam conderet quam mox a barbaris excisam antiochus seleuci filius reformauit et de nuncupatione domus suae dixit seleuciam cuius urbis circuitus diffunditur in stadia septuaginta quinque
12161,body,280,5,False,,In hanc Orodes Romanos captos Crassiana clade deduxit.,in hanc orodes romanos captos crassiana clade deduxit,in hanc orodes romanos captos crassiana clade deduxit
12161,body,280,6,True,,"Et aliud in Caspiis Alexander oppidum excitarat idque Heraclea dictum dum manebat; sed hoc quoque ab iisdem euersum gentibus, deinde ab Antiocho restitutum, ut ille maluit, Achais postmodum nominatum est.",et aliud in caspiis alexander oppidum excitarat idque heraclea dictum dum manebat sed hoc quoque ab iisdem euersum gentibus deinde ab antiocho restitutum ut ille maluit achais postmodum nominatum est,et aliud in caspiis alexander oppidum excitarat idque heraclea dictum dum manebat sed hoc quoque ab iisdem euersum gentibus deinde ab antiocho restitutum ut ille maluit achais postmodum nominatum est
12161,head,281,0,True,,XLIX,xlix,xlix
12161,body,282,0,False,,"Oxus amnis oritur de lacu Oaxo, cuius oras hinc inde Bateni et Oxistacae accolunt; sed praecipuam partem Bactri tenent.",oxus amnis oritur de lacu oaxo cuius oras hinc inde bateni et oxistacae accolunt sed praecipuam partem bactri tenent,oxus amnis oritur de lacu oaxo cuius oras hinc inde bateni et oxistacae accolunt sed praecipuam partem bactri tenent
12161,body,282,1,False,,Bactris praeterea est proprius amnis Bactros: unde et oppidum quod incolunt Bactrum.,bactris praeterea est proprius amnis bactros unde et oppidum quod incolunt bactrum,bactris praeterea est proprius amnis bactros unde et oppidum quod incolunt bactrum
12161,body,282,2,False,,"Gentis huius quae pone sunt, Propanisi iugis ambiuntur; quae aduersa, Indi fontibus terminantur; reliqua includit Ochus flumen.",gentis huius quae pone sunt propanisi iugis ambiuntur quae aduersa indi fontibus terminantur reliqua includit ochus flumen,gentis huius quae pone sunt propanisi iugis ambiuntur quae aduersa indi fontibus terminantur reliqua includit ochus flumen
12161,body,282,3,False,,"Vltra hos Panda oppidum Sogdianorum, in quorum finibus Alexander Magnus tertiam Alexandriam condidit ad contestandos itineris sui terminos.",vltra hos panda oppidum sogdianorum in quorum finibus alexander magnus tertiam alexandriam condidit ad contestandos itineris sui terminos,ultra hos panda oppidum sogdianorum in quorum finibus alexander magnus tertiam alexandriam condidit ad contestandos itineris sui terminos
12161,body,282,4,True,,"Hic enim locus est, in quo primum a Libero patre, post ab Hercule, deinde a Samiramide, postremo etiam a Cyro arae sunt constitutae, quod proximum gloriae omnes duxerunt illo usque promouisse itineris sui metas.",hic enim locus est in quo primum a libero patre post ab hercule deinde a samiramide postremo etiam a cyro arae sunt constitutae quod proximum gloriae omnes duxerunt illo usque promouisse itineris sui metas,hic enim locus est in quo primum a libero patre post ab hercule deinde a samiramide postremo etiam a cyro arae sunt constitutae quod proximum gloriae omnes duxerunt illo usque promouisse itineris sui metas
12161,body,283,0,False,,"Vniuersi eius ductus dumtaxat ab illa terrarum parte Laxates fluuius secat fines, quem tamen Laxaten soli uocant Bactri; nam alii Scythae Silim nominant.",vniuersi eius ductus dumtaxat ab illa terrarum parte laxates fluuius secat fines quem tamen laxaten soli uocant bactri nam alii scythae silim nominant,uniuersi eius ductus dumtaxat ab illa terrarum parte laxates fluuius secat fines quem tamen laxaten soli uocant bactri nam alii scythae silim nominant
12161,body,283,1,False,,"Hunc eundem esse Tanain exercitus Alexandri Magni crediderunt; uerum Demodamas dux Seleuci et Antiochi, satis idoneus uero auctor, transuectus amnem istum, titulos omnium supergressus est aliumque esse quam Tanain deprehendit.",hunc eundem esse tanain exercitus alexandri magni crediderunt uerum demodamas dux seleuci et antiochi satis idoneus uero auctor transuectus amnem istum titulos omnium supergressus est aliumque esse quam tanain deprehendit,hunc eundem esse tanain exercitus alexandri magni crediderunt uerum demodamas dux seleuci et antiochi satis idoneus uero auctor transuectus amnem istum titulos omnium supergressus est aliumque esse quam tanain deprehendit
12161,body,283,2,False,,"Ob cuius gloriae insigne dedit nomini suo, ut altaria ibi strueret Apollini Didymaeo.",ob cuius gloriae insigne dedit nomini suo ut altaria ibi strueret apollini didymaeo,ob cuius gloriae insigne dedit nomini suo ut altaria ibi strueret apollini didymaeo
12161,body,283,3,False,,"Hoc est conliminium, in quo limes Persicus Scythis iungitur; quos Scythas Persae lingua sua Sacas dicunt et inuicem Scythae Persas Chorsacos nominant montemque Caucasum Croucasim, id est niuibus candicantem.",hoc est conliminium in quo limes persicus scythis iungitur quos scythas persae lingua sua sacas dicunt et inuicem scythae persas chorsacos nominant montemque caucasum croucasim id est niuibus candicantem,hoc est conliminium in quo limes persicus scythis iungitur quos scythas persae lingua sua sacas dicunt et inuicem scythae persas chorsacos nominant montemque caucasum croucasim id est niuibus candicantem
12161,body,283,4,False,,"Densissima hic populorum frequentia cum Parthis legem placiti ab exordio moris incorrupta custodit disciplina: e quibus celeberrimi sunt Massagetae et Essedones, Satarchae et Apalaei.",densissima hic populorum frequentia cum parthis legem placiti ab exordio moris incorrupta custodit disciplina e quibus celeberrimi sunt massagetae et essedones satarchae et apalaei,densissima hic populorum frequentia cum parthis legem placiti ab exordio moris incorrupta custodit disciplina e quibus celeberrimi sunt massagetae et essedones satarchae et apalaei
12161,body,283,5,True,,"Post quos, immanissimis barbaris interiacentibus, de ritu aliarum nationum paene inconstanter definitum aduertimus.",post quos immanissimis barbaris interiacentibus de ritu aliarum nationum paene inconstanter definitum aduertimus,post quos immanissimis barbaris interiacentibus de ritu aliarum nationum paene inconstanter definitum aduertimus
12161,body,284,0,False,,"Bactri camelos fortissimos mittunt, licet et Arabia plurimos gignat; uerum hoc differunt, quod Arabici bina tubera in dorso habent, singula Bactriani.",bactri camelos fortissimos mittunt licet et arabia plurimos gignat uerum hoc differunt quod arabici bina tubera in dorso habent singula bactriani,bactri camelos fortissimos mittunt licet et arabia plurimos gignat uerum hoc differunt quod arabici bina tubera in dorso habent singula bactriani
12161,body,284,1,False,,Hi numquam pedes atterunt: sunt enim illis reciprocis quibusdam pulmunculis uestigia carnulenta.,hi numquam pedes atterunt sunt enim illis reciprocis quibusdam pulmunculis uestigia carnulenta,hi numquam pedes atterunt sunt enim illis reciprocis quibusdam pulmunculis uestigia carnulenta
12161,body,284,2,False,,Vnde et contraria est labes ambulantibus nullo fauente praesidio ad nisum insistendi.,vnde et contraria est labes ambulantibus nullo fauente praesidio ad nisum insistendi,unde et contraria est labes ambulantibus nullo fauente praesidio ad nisum insistendi
12161,body,284,3,False,,"Habentur in duplex ministerium: sunt alii oneri ferundo accommodati, alii perniciores; sed nec illi ultra iustum pondera recipiunt nec isti amplius quam solita spatia uolunt egredi.",habentur in duplex ministerium sunt alii oneri ferundo accommodati alii perniciores sed nec illi ultra iustum pondera recipiunt nec isti amplius quam solita spatia uolunt egredi,habentur in duplex ministerium sunt alii oneri ferundo accommodati alii perniciores sed nec illi ultra iustum pondera recipiunt nec isti amplius quam solita spatia uolunt egredi
12161,body,284,4,False,,"Geniturae cupidine efferantur adeo, ut saeuiant cum uenerem requirunt.",geniturae cupidine efferantur adeo ut saeuiant cum uenerem requirunt,geniturae cupidine efferantur adeo ut saeuiant cum uenerem requirunt
12161,body,284,5,False,,Oderunt equinum genus.,oderunt equinum genus,oderunt equinum genus
12161,body,284,6,False,,"Sitim etiam in quadriduum tolerant; uerum cum occasio bibendi data est, tantum implentur, quantum et satiet desideria praeterita et in futurum diu prosit.",sitim etiam in quadriduum tolerant uerum cum occasio bibendi data est tantum implentur quantum et satiet desideria praeterita et in futurum diu prosit,sitim etiam in quadriduum tolerant uerum cum occasio bibendi data est tantum implentur quantum et satiet desideria praeterita et in futurum diu prosit
12161,body,284,7,False,,"Lutulentas aquas captant, puras refugiunt; denique nisi caenosior liquor fuerit, ipsi adsidua proculcatione limum excitant, ut turbidetur.",lutulentas aquas captant puras refugiunt denique nisi caenosior liquor fuerit ipsi adsidua proculcatione limum excitant ut turbidetur,lutulentas aquas captant puras refugiunt denique nisi caenosior liquor fuerit ipsi adsidua proculcatione limum excitant ut turbidetur
12161,body,284,8,False,,"Durant in annos centum, nisi forte translati in peregrina insolentia mutati aeris morbos trahant.",durant in annos centum nisi forte translati in peregrina insolentia mutati aeris morbos trahant,durant in annos centum nisi forte translati in peregrina insolentia mutati aeris morbos trahant
12161,body,284,9,True,,"Ad bella feminae praeparantur inuentumque est ut desiderium eis coitionis quadam castratione execaretur: putant enim fieri ualidiores, si coitibus arceantur.",ad bella feminae praeparantur inuentumque est ut desiderium eis coitionis quadam castratione execaretur putant enim fieri ualidiores si coitibus arceantur,ad bella feminae praeparantur inuentumque est ut desiderium eis coitionis quadam castratione execaretur putant enim fieri ualidiores si coitibus arceantur
12161,body,285,0,False,,"L Qua ab Scythico oceano et mari Caspio in oceanum eoum cursus inflectitur, ab exordio huiusce plagae profundae niues, mox longa deserta, post Anthropophagi gens est asperrima, dein feris spatia obsita ferme dimidiam itineris partem inpenetrabilem reddiderunt.",l qua ab scythico oceano et mari caspio in oceanum eoum cursus inflectitur ab exordio huiusce plagae profundae niues mox longa deserta post anthropophagi gens est asperrima dein feris spatia obsita ferme dimidiam itineris partem inpenetrabilem reddiderunt,l qua ab scythico oceano et mari caspio in oceanum eoum cursus inflectitur ab exordio huiusce plagae profundae niues mox longa deserta post anthropophagi gens est asperrima dein feris spatia obsita ferme dimidiam itineris partem inpenetrabilem reddiderunt
12161,body,285,1,False,,"Quarum difficultatum terminum facit iugum mari imminens, quod Tabin barbari dicunt: post quae adhuc longinquae solitudines.",quarum difficultatum terminum facit iugum mari imminens quod tabin barbari dicunt post quae adhuc longinquae solitudines,quarum difficultatum terminum facit iugum mari imminens quod tabin barbari dicunt post quae adhuc longinquae solitudines
12161,body,285,2,False,,"Sic in tractu eius orae, quae spectat aestiuum orientem, post inhumanos situs primos hominum Seras cognoscimus, qui aquarum aspergine inundatis frondibus uellera arborum adminiculo depectunt liquoris et lanuginis teneram subtilitatem umore domant ad obsequium.",sic in tractu eius orae quae spectat aestiuum orientem post inhumanos situs primos hominum seras cognoscimus qui aquarum aspergine inundatis frondibus uellera arborum adminiculo depectunt liquoris et lanuginis teneram subtilitatem umore domant ad obsequium,sic in tractu eius orae quae spectat aestiuum orientem post inhumanos situs primos hominum seras cognoscimus qui aquarum aspergine inundatis frondibus uellera arborum adminiculo depectunt liquoris et lanuginis teneram subtilitatem umore domant ad obsequium
12161,body,285,3,False,,"Hoc illud est sericum in usum publicum damno seueritatis admissum et quo ostendere potius corpora quam uestire primo feminis, nunc etiam uiris luxuriae persuasit libido.",hoc illud est sericum in usum publicum damno seueritatis admissum et quo ostendere potius corpora quam uestire primo feminis nunc etiam uiris luxuriae persuasit libido,hoc illud est sericum in usum publicum damno seueritatis admissum et quo ostendere potius corpora quam uestire primo feminis nunc etiam uiris luxuriae persuasit libido
12161,body,285,4,False,,"Seres ipsi quidem mites et inter se quietissimi, alias uero reliquorum mortalium coetus refugiunt, adeo ut ceterarum gentium commercia abnuant.",seres ipsi quidem mites et inter se quietissimi alias uero reliquorum mortalium coetus refugiunt adeo ut ceterarum gentium commercia abnuant,seres ipsi quidem mites et inter se quietissimi alias uero reliquorum mortalium coetus refugiunt adeo ut ceterarum gentium commercia abnuant
12161,body,285,5,True,,"Primum eorum fluuium mercatores ipsi transeunt, in cuius ripis nullo inter partes linguae commercio, sed depositarum rerum pretia oculis aestimantibus sua tradunt, nostra non emunt.",primum eorum fluuium mercatores ipsi transeunt in cuius ripis nullo inter partes linguae commercio sed depositarum rerum pretia oculis aestimantibus sua tradunt nostra non emunt,primum eorum fluuium mercatores ipsi transeunt in cuius ripis nullo inter partes linguae commercio sed depositarum rerum pretia oculis aestimantibus sua tradunt nostra non emunt
12161,body,286,0,False,,"LI. Sequitur Attacenus sinus et gens hominum Attacorum, quibus temperies praerogatiua miram aeris clementiam subministrat.",li sequitur attacenus sinus et gens hominum attacorum quibus temperies praerogatiua miram aeris clementiam subministrat,li sequitur attacenus sinus et gens hominum attacorum quibus temperies praerogatiua miram aeris clementiam subministrat
12161,body,286,1,False,,"Arcent sane adflatum noxium colles, qui salubri apricitate undique secluso obiecti prohibent auras pestilentes; atque ideo, ut Amometus adfirmat, par illis et Hyperboreis genus uitae est.",arcent sane adflatum noxium colles qui salubri apricitate undique secluso obiecti prohibent auras pestilentes atque ideo ut amometus adfirmat par illis et hyperboreis genus uitae est,arcent sane adflatum noxium colles qui salubri apricitate undique secluso obiecti prohibent auras pestilentes atque ideo ut amometus adfirmat par illis et hyperboreis genus uitae est
12161,body,286,2,True,,Inter hos et Indiam gnarissimi Ciconas locauerunt.,inter hos et indiam gnarissimi ciconas locauerunt,inter hos et indiam gnarissimi ciconas locauerunt
12161,head,287,0,True,,LII,lii,lii
12161,body,288,0,False,,"A Mediis montibus auspicatur India, a meridiano mari porrecta ad eoum.",a mediis montibus auspicatur india a meridiano mari porrecta ad eoum,a mediis montibus auspicatur india a meridiano mari porrecta ad eoum
12161,body,288,1,False,,"Fauonii spiritu saluberrima. in anno bis aestatem habet, bis legit frugem, uice hiemis etesias patitur.",fauonii spiritu saluberrima in anno bis aestatem habet bis legit frugem uice hiemis etesias patitur,fauonii spiritu saluberrima in anno bis aestatem habet bis legit frugem uice hiemis etesias patitur
12161,body,288,2,False,,Hanc Posidonius aduersam Galliae statuit.,hanc posidonius aduersam galliae statuit,hanc posidonius aduersam galliae statuit
12161,body,288,3,False,,Sane nec quicquam ex ea dubium: nam Alexandri Magni armis comperta et aliorum postmodum regum diligentia peragrata penitus cognitioni nostrae addicta est.,sane nec quicquam ex ea dubium nam alexandri magni armis comperta et aliorum postmodum regum diligentia peragrata penitus cognitioni nostrae addicta est,sane nec quicquam ex ea dubium nam alexandri magni armis comperta et aliorum postmodum regum diligentia peragrata penitus cognitioni nostrae addicta est
12161,body,288,4,False,,"Megasthenes sane apud Indicos reges aliquantisper moratus res Indicas scripsit, ut fidem, quam oculis subiecerat, memoriae daret.",megasthenes sane apud indicos reges aliquantisper moratus res indicas scripsit ut fidem quam oculis subiecerat memoriae daret,megasthenes sane apud indicos reges aliquantisper moratus res indicas scripsit ut fidem quam oculis subiecerat memoriae daret
12161,body,288,5,True,,"Dionysius quoque, qui et ipse a Philadelpho rege spectator missus, gratia periclitandae ueritatis paria prodidit.",dionysius quoque qui et ipse a philadelpho rege spectator missus gratia periclitandae ueritatis paria prodidit,dionysius quoque qui et ipse a philadelpho rege spectator missus gratia periclitandae ueritatis paria prodidit
12161,body,289,0,False,,"Tradunt ergo in India fuisse quinque milia oppidorum praecipua capacitate, populorum nouem milia.",tradunt ergo in india fuisse quinque milia oppidorum praecipua capacitate populorum nouem milia,tradunt ergo in india fuisse quinque milia oppidorum praecipua capacitate populorum nouem milia
12161,body,289,1,False,,Diu etiam credita est tertia pars esse terrarum.,diu etiam credita est tertia pars esse terrarum,diu etiam credita est tertia pars esse terrarum
12161,body,289,2,False,,"Nec mirum sit uel de hominum uel de urbium copia, cum soli Indi numquam a natali solo recesserint.",nec mirum sit uel de hominum uel de urbium copia cum soli indi numquam a natali solo recesserint,nec mirum sit uel de hominum uel de urbium copia cum soli indi numquam a natali solo recesserint
12161,body,289,3,False,,"Indiam Liber pater primus ingressus est, utpote qui omnium primus triumphauit.",indiam liber pater primus ingressus est utpote qui omnium primus triumphauit,indiam liber pater primus ingressus est utpote qui omnium primus triumphauit
12161,body,289,4,True,,"Ab hoc ad Alexandrum Magnum numerantur annorum sex milia quadringenti quinquaginta unus additis et amplius tribus mensibus, habita per reges conputatione, qui centum quinquaginta tres tenuisse medium aeuum deprehenduntur.",ab hoc ad alexandrum magnum numerantur annorum sex milia quadringenti quinquaginta unus additis et amplius tribus mensibus habita per reges conputatione qui centum quinquaginta tres tenuisse medium aeuum deprehenduntur,ab hoc ad alexandrum magnum numerantur annorum sex milia quadringenti quinquaginta unus additis et amplius tribus mensibus habita per reges conputatione qui centum quinquaginta tres tenuisse medium aeuum deprehenduntur
12161,body,290,0,False,,Maximi in ea amnes Ganges et Indus.,maximi in ea amnes ganges et indus,maximi in ea amnes ganges et indus
12161,body,290,1,False,,Quorum Gangen quidam fontibus incertis nasci et Nili modo exultare contendunt; alii uolunt a Scythicis montibus exoriri.,quorum gangen quidam fontibus incertis nasci et nili modo exultare contendunt alii uolunt a scythicis montibus exoriri,quorum gangen quidam fontibus incertis nasci et nili modo exultare contendunt alii uolunt a scythicis montibus exoriri
12161,body,290,2,False,,"Hypanis etiam ibi nobilissimus fluuius, qui Alexandri Magni iter terminauit, sicuti arae in ripa eius positae probant.",hypanis etiam ibi nobilissimus fluuius qui alexandri magni iter terminauit sicuti arae in ripa eius positae probant,hypanis etiam ibi nobilissimus fluuius qui alexandri magni iter terminauit sicuti arae in ripa eius positae probant
12161,body,290,3,True,,"Minima Gangis latitudo per octo milia passuum, maxima per uiginti patet; altitudo, ubi uadosissimus est, mensuram centum pedum deuorat.",minima gangis latitudo per octo milia passuum maxima per uiginti patet altitudo ubi uadosissimus est mensuram centum pedum deuorat,minima gangis latitudo per octo milia passuum maxima per uiginti patet altitudo ubi uadosissimus est mensuram centum pedum deuorat
12161,body,291,0,False,,"Gangarides extimus est Indiae populus; cuius rex equites mille, elephantos septingentos, peditum sexaginta milia in apparatu belli habet.",gangarides extimus est indiae populus cuius rex equites mille elephantos septingentos peditum sexaginta milia in apparatu belli habet,gangarides extimus est indiae populus cuius rex equites mille elephantos septingentos peditum sexaginta milia in apparatu belli habet
12161,body,291,1,False,,"Indorum quidam agros exercent, militiam plurimi, merces alii; optimi ditissimique res publicas curant, reddunt iudicia, adsident regibus.",indorum quidam agros exercent militiam plurimi merces alii optimi ditissimique res publicas curant reddunt iudicia adsident regibus,indorum quidam agros exercent militiam plurimi merces alii optimi ditissimique res publicas curant reddunt iudicia adsident regibus
12161,body,291,2,False,,Quietum ibi eminentissimae sapientiae genus est uita repletos incensis rogis mortem accersere.,quietum ibi eminentissimae sapientiae genus est uita repletos incensis rogis mortem accersere,quietum ibi eminentissimae sapientiae genus est uita repletos incensis rogis mortem accersere
12161,body,291,3,False,,"Qui uero ferociori sectae se dediderunt et siluestrem agunt uitam, elephantos uenantur, quibus perdomitis ad mansuetudinem aut arant aut uehuntur.",qui uero ferociori sectae se dediderunt et siluestrem agunt uitam elephantos uenantur quibus perdomitis ad mansuetudinem aut arant aut uehuntur,qui uero ferociori sectae se dediderunt et siluestrem agunt uitam elephantos uenantur quibus perdomitis ad mansuetudinem aut arant aut uehuntur
12161,body,291,4,False,,"In Gange insula est populosissima, amplissimam continens gentem, quorum rex peditum quinquaginta milia, equitum quattuor milia in armis habet.",in gange insula est populosissima amplissimam continens gentem quorum rex peditum quinquaginta milia equitum quattuor milia in armis habet,in gange insula est populosissima amplissimam continens gentem quorum rex peditum quinquaginta milia equitum quattuor milia in armis habet
12161,body,291,5,True,,"Omnes sane, quicumque praediti sunt regia potestate, non sine maximo elephantorum, equitum etiam peditumque numero militarem agitant disciplinam.",omnes sane quicumque praediti sunt regia potestate non sine maximo elephantorum equitum etiam peditumque numero militarem agitant disciplinam,omnes sane quicumque praediti sunt regia potestate non sine maximo elephantorum equitum etiam peditumque numero militarem agitant disciplinam
12161,body,292,0,False,,Prasia gens ualidissima.,prasia gens ualidissima,prasia gens ualidissima
12161,body,292,1,False,,"Palibothram urbem incolunt, unde quidam gentem ipsam Palibothros nominauerunt.",palibothram urbem incolunt unde quidam gentem ipsam palibothros nominauerunt,palibothram urbem incolunt unde quidam gentem ipsam palibothros nominauerunt
12161,body,292,2,False,,"Quorum rex sescenta milia peditum, equitum triginta milia, elephantorum octo milia omnibus diebus ad stipendium uocat.",quorum rex sescenta milia peditum equitum triginta milia elephantorum octo milia omnibus diebus ad stipendium uocat,quorum rex sescenta milia peditum equitum triginta milia elephantorum octo milia omnibus diebus ad stipendium uocat
12161,body,292,3,False,,"Vltra Palibothram mons Malleus, in quo umbrae hieme in septemtriones, aestate in austros cadunt, uicissitudine hac durante mensibus senis.",vltra palibothram mons malleus in quo umbrae hieme in septemtriones aestate in austros cadunt uicissitudine hac durante mensibus senis,ultra palibothram mons malleus in quo umbrae hieme in septemtriones aestate in austros cadunt uicissitudine hac durante mensibus senis
12161,body,292,4,False,,"Septemtriones in eo tractu in anno semel nec ultra quindecim dies parent, sicut auctor est Baeton, qui perhibet hoc in plurimis Indiae locis euenire.",septemtriones in eo tractu in anno semel nec ultra quindecim dies parent sicut auctor est baeton qui perhibet hoc in plurimis indiae locis euenire,septemtriones in eo tractu in anno semel nec ultra quindecim dies parent sicut auctor est baeton qui perhibet hoc in plurimis indiae locis euenire
12161,body,292,5,False,,Indo flumini proximantes uersa ad meridiem plaga ultra alios torrentur calore; denique uim sideris prodit hominum color.,indo flumini proximantes uersa ad meridiem plaga ultra alios torrentur calore denique uim sideris prodit hominum color,indo flumini proximantes uersa ad meridiem plaga ultra alios torrentur calore denique uim sideris prodit hominum color
12161,body,292,6,False,,Montana Pygmaei tenent.,montana pygmaei tenent,montana pygmaei tenent
12161,body,292,7,False,,At hi quibus est uicinus Oceanus sine regibus degunt.,at hi quibus est uicinus oceanus sine regibus degunt,at hi quibus est uicinus oceanus sine regibus degunt
12161,body,292,8,False,,"Pandaea gens a feminis regitur, cui reginam primam adsignant Herculis filiam.",pandaea gens a feminis regitur cui reginam primam adsignant herculis filiam,pandaea gens a feminis regitur cui reginam primam adsignant herculis filiam
12161,body,292,9,False,,"Et Nysa urbs regioni isti datur, mons etiam Ioui sacer, Meros nomine, in cuius specu nutritum Liberum patrem ueteres Indi adfirmant; ex cuius uocabuli argumento lasciuienti famae creditur Liberum femine natum.",et nysa urbs regioni isti datur mons etiam ioui sacer meros nomine in cuius specu nutritum liberum patrem ueteres indi adfirmant ex cuius uocabuli argumento lasciuienti famae creditur liberum femine natum,et nysa urbs regioni isti datur mons etiam ioui sacer meros nomine in cuius specu nutritum liberum patrem ueteres indi adfirmant ex cuius uocabuli argumento lasciuienti famae creditur liberum femine natum
12161,body,292,10,True,,"Extra Indi ostium sunt insulae duae Chryse et Argyre adeo fecundae copia metallorum, ut plerique eas aurea sola habere prodiderint et argentea.",extra indi ostium sunt insulae duae chryse et argyre adeo fecundae copia metallorum ut plerique eas aurea sola habere prodiderint et argentea,extra indi ostium sunt insulae duae chryse et argyre adeo fecundae copia metallorum ut plerique eas aurea sola habere prodiderint et argentea
12161,body,293,0,False,,"Indis omnibus promissa caesaries, non sine fuco caerulei aut crocei coloris.",indis omnibus promissa caesaries non sine fuco caerulei aut crocei coloris,indis omnibus promissa caesaries non sine fuco caerulei aut crocei coloris
12161,body,293,1,False,,Cultus praecipuus in gemmis.,cultus praecipuus in gemmis,cultus praecipuus in gemmis
12161,body,293,2,False,,Nullus funerum apparatus.,nullus funerum apparatus,nullus funerum apparatus
12161,body,293,3,False,,"Praeterea, ut Iubae et Archelai regum libris editum est, in quantum mores populorum dissonant, habitus quoque discrepantissimus: alii lineis, alii laneis peplis uestiuntur, pars nudi, pars obscaena tantum amiculati, plurimi etiam flexibilibus libris circumdati.",praeterea ut iubae et archelai regum libris editum est in quantum mores populorum dissonant habitus quoque discrepantissimus alii lineis alii laneis peplis uestiuntur pars nudi pars obscaena tantum amiculati plurimi etiam flexibilibus libris circumdati,praeterea ut iubae et archelai regum libris editum est in quantum mores populorum dissonant habitus quoque discrepantissimus alii lineis alii laneis peplis uestiuntur pars nudi pars obscaena tantum amiculati plurimi etiam flexibilibus libris circumdati
12161,body,293,4,False,,"Quidam populi adeo proceri, ut elephantos uelut equos facillima insultatione transiliant.",quidam populi adeo proceri ut elephantos uelut equos facillima insultatione transiliant,quidam populi adeo proceri ut elephantos uelut equos facillima insultatione transiliant
12161,body,293,5,False,,Plurimis placet neque animal occidere neque uesci carnibus.,plurimis placet neque animal occidere neque uesci carnibus,plurimis placet neque animal occidere neque uesci carnibus
12161,body,293,6,False,,Plerique tantum piscibus aluntur et mari uiuunt.,plerique tantum piscibus aluntur et mari uiuunt,plerique tantum piscibus aluntur et mari uiuunt
12161,body,293,7,False,,"Sunt qui proximos parentesque priusquam annis aut aegritudine in maciem eant, uelut hostias caedunt, deinde peremptorum uiscera epulas habent: quod ibi non sceleris, sed pietatis loco numerant.",sunt qui proximos parentesque priusquam annis aut aegritudine in maciem eant uelut hostias caedunt deinde peremptorum uiscera epulas habent quod ibi non sceleris sed pietatis loco numerant,sunt qui proximos parentesque priusquam annis aut aegritudine in maciem eant uelut hostias caedunt deinde peremptorum uiscera epulas habent quod ibi non sceleris sed pietatis loco numerant
12161,body,293,8,True,,"Sunt etiam qui, cum incubuere morbi, procul a ceteris in secreta abeunt nihil anxie mortem expectantes.",sunt etiam qui cum incubuere morbi procul a ceteris in secreta abeunt nihil anxie mortem expectantes,sunt etiam qui cum incubuere morbi procul a ceteris in secreta abeunt nihil anxie mortem expectantes
12161,body,294,0,False,,"Astacanorum gens laureis uiret siluis, lucis buxeis: uitium uero et arborum uniuersarum, quibus Graecia dulcis est, prouentibus copiosissima.",astacanorum gens laureis uiret siluis lucis buxeis uitium uero et arborum uniuersarum quibus graecia dulcis est prouentibus copiosissima,astacanorum gens laureis uiret siluis lucis buxeis uitium uero et arborum uniuersarum quibus graecia dulcis est prouentibus copiosissima
12161,body,294,1,False,,"Philosophos habent Indi (gymnosophistas uocant), qui ab exortu ad usque solis occasum contentis oculis orbem candentissimi sideris contuentur in globo igneo rimantes secreta quaedam harenisque feruentibus perpetem diem alternis pedibus insistunt.",philosophos habent indi gymnosophistas uocant qui ab exortu ad usque solis occasum contentis oculis orbem candentissimi sideris contuentur in globo igneo rimantes secreta quaedam harenisque feruentibus perpetem diem alternis pedibus insistunt,philosophos habent indi gymnosophistas uocant qui ab exortu ad usque solis occasum contentis oculis orbem candentissimi sideris contuentur in globo igneo rimantes secreta quaedam harenisque feruentibus perpetem diem alternis pedibus insistunt
12161,body,294,2,False,,"Ad montem, qui Nulo dicitur, habitant quibus auersae plantae sunt et octoni digiti in plantis singulis.",ad montem qui nulo dicitur habitant quibus auersae plantae sunt et octoni digiti in plantis singulis,ad montem qui nulo dicitur habitant quibus auersae plantae sunt et octoni digiti in plantis singulis
12161,body,294,3,False,,"Megasthenes per diuersos Indiae montes esse scribit nationes capitibus caninis, armatas unguibus, amictas uestitu tergorum, ad sermonem humanum nulla uoce, sed latratibus tantum sonantes rictibusque.",megasthenes per diuersos indiae montes esse scribit nationes capitibus caninis armatas unguibus amictas uestitu tergorum ad sermonem humanum nulla uoce sed latratibus tantum sonantes rictibusque,megasthenes per diuersos indiae montes esse scribit nationes capitibus caninis armatas unguibus amictas uestitu tergorum ad sermonem humanum nulla uoce sed latratibus tantum sonantes rictibusque
12161,body,294,4,False,,"Apud Ctesiam legitur quasdam feminas ibi semel parere natosque canos ilico fieri; esse rursum gentem alteram, quae in iuuenta cana sit, nigrescat in senectute, ultra aeui nostri terminos perennantem.",apud ctesiam legitur quasdam feminas ibi semel parere natosque canos ilico fieri esse rursum gentem alteram quae in iuuenta cana sit nigrescat in senectute ultra aeui nostri terminos perennantem,apud ctesiam legitur quasdam feminas ibi semel parere natosque canos ilico fieri esse rursum gentem alteram quae in iuuenta cana sit nigrescat in senectute ultra aeui nostri terminos perennantem
12161,body,294,5,False,,"Legimus monocolos quoque ibi nasci singulis cruribus et singulari pernicitate, qui ubi defendi se uelint a calore, resupinati plantarum suarum magnitudine inumbrentur.",legimus monocolos quoque ibi nasci singulis cruribus et singulari pernicitate qui ubi defendi se uelint a calore resupinati plantarum suarum magnitudine inumbrentur,legimus monocolos quoque ibi nasci singulis cruribus et singulari pernicitate qui ubi defendi se uelint a calore resupinati plantarum suarum magnitudine inumbrentur
12161,body,294,6,False,,"Gangis fontem qui accolunt, nullius ad escam opis indigi odore uiuunt pomorum siluestrium longiusque pergentes eadem illa in praesidio gerunt, ut olfactu alantur.",gangis fontem qui accolunt nullius ad escam opis indigi odore uiuunt pomorum siluestrium longiusque pergentes eadem illa in praesidio gerunt ut olfactu alantur,gangis fontem qui accolunt nullius ad escam opis indigi odore uiuunt pomorum siluestrium longiusque pergentes eadem illa in praesidio gerunt ut olfactu alantur
12161,body,294,7,False,,"Quod si taetriorem spiritum forte traxerint, exanimari eos certum est.",quod si taetriorem spiritum forte traxerint exanimari eos certum est,quod si taetriorem spiritum forte traxerint exanimari eos certum est
12161,body,294,8,False,,"Perhibent esse et gentem feminarum, quae quinquennes concipiant, sed ultra octauum annum uiuendi spatium non protrahant.",perhibent esse et gentem feminarum quae quinquennes concipiant sed ultra octauum annum uiuendi spatium non protrahant,perhibent esse et gentem feminarum quae quinquennes concipiant sed ultra octauum annum uiuendi spatium non protrahant
12161,body,294,9,False,,Sunt qui ceruicibus carent et in umeris habent oculos.,sunt qui ceruicibus carent et in umeris habent oculos,sunt qui ceruicibus carent et in umeris habent oculos
12161,body,294,10,True,,"Sunt qui siluestres, hirti corpora, caninis dentibus, stridore terrifico. apud eos uero, quibus ad uiuendi rationem exactior cura est, multae uxores in eiusdem uiri coeunt matrimonium, et cum maritus homine decesserit, apud grauissimos iudices suam quaeque de meritis agunt causam, et quae officiosior ceteris sententia uicerit iudicantium, hoc palmae refert praemium, ut arbitrio suo ascendat rogum coniugis et supremis eius semet ipsam det inferias; ceterae nota uiuunt.",sunt qui siluestres hirti corpora caninis dentibus stridore terrifico apud eos uero quibus ad uiuendi rationem exactior cura est multae uxores in eiusdem uiri coeunt matrimonium et cum maritus homine decesserit apud grauissimos iudices suam quaeque de meritis agunt causam et quae officiosior ceteris sententia uicerit iudicantium hoc palmae refert praemium ut arbitrio suo ascendat rogum coniugis et supremis eius semet ipsam det inferias ceterae nota uiuunt,sunt qui siluestres hirti corpora caninis dentibus stridore terrifico apud eos uero quibus ad uiuendi rationem exactior cura est multae uxores in eiusdem uiri coeunt matrimonium et cum maritus homine decesserit apud grauissimos iudices suam quaeque de meritis agunt causam et quae officiosior ceteris sententia uicerit iudicantium hoc palmae refert praemium ut arbitrio suo ascendat rogum coniugis et supremis eius semet ipsam det inferias ceterae nota uiuunt
12161,body,295,0,False,,"Enormitas in serpentibus tanta est, ut ceruos et animantium alia ad parem molem tota hauriant, quin etiam oceanum Indicum quantus est penetrent insulasque magno spatio a continenti separatas pabulandi petant gratia.",enormitas in serpentibus tanta est ut ceruos et animantium alia ad parem molem tota hauriant quin etiam oceanum indicum quantus est penetrent insulasque magno spatio a continenti separatas pabulandi petant gratia,enormitas in serpentibus tanta est ut ceruos et animantium alia ad parem molem tota hauriant quin etiam oceanum indicum quantus est penetrent insulasque magno spatio a continenti separatas pabulandi petant gratia
12161,body,295,1,True,,"Idque ipsum palam est non qualibet magnitudine euenire, ut per tantam sali latitudinem ad loca permeent destinata.",idque ipsum palam est non qualibet magnitudine euenire ut per tantam sali latitudinem ad loca permeent destinata,idque ipsum palam est non qualibet magnitudine euenire ut per tantam sali latitudinem ad loca permeent destinata
12161,body,296,0,False,,"Sunt illic multae ac mirabiles bestiae, quarum e multitudine et copia uel particulam persequemur.",sunt illic multae ac mirabiles bestiae quarum e multitudine et copia uel particulam persequemur,sunt illic multae ac mirabiles bestiae quarum e multitudine et copia uel particulam persequemur
12161,body,296,1,False,,"Leucrocota uelocitate praecedit feras uniuersas; ipsa asini feri magnitudine, cerui clunibus, pectore ac cruribus leonis, capite melium, bisulca ungula, ore ad usque aures dehiscente, dentium locis osse perpetuo.",leucrocota uelocitate praecedit feras uniuersas ipsa asini feri magnitudine cerui clunibus pectore ac cruribus leonis capite melium bisulca ungula ore ad usque aures dehiscente dentium locis osse perpetuo,leucrocota uelocitate praecedit feras uniuersas ipsa asini feri magnitudine cerui clunibus pectore ac cruribus leonis capite melium bisulca ungula ore ad usque aures dehiscente dentium locis osse perpetuo
12161,body,296,2,True,,Haec quod ad formam: nam uoce loquentium hominum sonos aemulatur.,haec quod ad formam nam uoce loquentium hominum sonos aemulatur,haec quod ad formam nam uoce loquentium hominum sonos aemulatur
12161,body,297,0,False,,"Est et eale, alias ut equus, cauda elephanti, nigro colore, maxillis aprugnis, praeferens cornua ultra cubitalem modum longa ad obsequium cuius uelit motus accommodata; neque enim rigent sed mouentur, ut usus exigit proeliandi; quorum alterum cum pugnat protendit, alterum replicat, ut si ictu aliquo alterius acumen offenderit, acies succedat alterius.",est et eale alias ut equus cauda elephanti nigro colore maxillis aprugnis praeferens cornua ultra cubitalem modum longa ad obsequium cuius uelit motus accommodata neque enim rigent sed mouentur ut usus exigit proeliandi quorum alterum cum pugnat protendit alterum replicat ut si ictu aliquo alterius acumen offenderit acies succedat alterius,est et eale alias ut equus cauda elephanti nigro colore maxillis aprugnis praeferens cornua ultra cubitalem modum longa ad obsequium cuius uelit motus accommodata neque enim rigent sed mouentur ut usus exigit proeliandi quorum alterum cum pugnat protendit alterum replicat ut si ictu aliquo alterius acumen offenderit acies succedat alterius
12161,body,297,1,True,,"Hippopotamis comparatur, et ipsa sane aquis fluminum gaudet.",hippopotamis comparatur et ipsa sane aquis fluminum gaudet,hippopotamis comparatur et ipsa sane aquis fluminum gaudet
12161,body,298,0,False,,"Indicis tauris color fuluus est, uolucris pernicitas, pilus in contrarium uersus, hiatus omne quod caput.",indicis tauris color fuluus est uolucris pernicitas pilus in contrarium uersus hiatus omne quod caput,indicis tauris color fuluus est uolucris pernicitas pilus in contrarium uersus hiatus omne quod caput
12161,body,298,1,False,,Hi quoque circumferunt cornua flexibilitate qua uolunt.,hi quoque circumferunt cornua flexibilitate qua uolunt,hi quoque circumferunt cornua flexibilitate qua uolunt
12161,body,298,2,True,,"Tergi duritia omne telum respuunt et tam inmiti feritate, ut capti animas proiciant furore.",tergi duritia omne telum respuunt et tam inmiti feritate ut capti animas proiciant furore,tergi duritia omne telum respuunt et tam inmiti feritate ut capti animas proiciant furore
12161,body,299,0,False,,"Mantichora quoque nomine inter haec nascitur, triplici dentium ordine coeunte uicibus alternis, facie hominis, glaucis oculis, sanguineo colore, corpore leonino, cauda uelut scorpionis aculeo spiculata, uoce tam sibila ut imitetur modulos fistularum [tubarumque concinentum].",mantichora quoque nomine inter haec nascitur triplici dentium ordine coeunte uicibus alternis facie hominis glaucis oculis sanguineo colore corpore leonino cauda uelut scorpionis aculeo spiculata uoce tam sibila ut imitetur modulos fistularum tubarumque concinentum,mantichora quoque nomine inter haec nascitur triplici dentium ordine coeunte uicibus alternis facie hominis glaucis oculis sanguineo colore corpore leonino cauda uelut scorpionis aculeo spiculata uoce tam sibila ut imitetur modulos fistularum tubarumque concinentum
12161,body,299,1,False,,Humanas carnes auidissime affectat.,humanas carnes auidissime affectat,humanas carnes auidissime affectat
12161,body,299,2,False,,"Pedibus sic uiget, saltu sic potest, ut morari eam nec extentissima spatia possint nec obstacula latissima.",pedibus sic uiget saltu sic potest ut morari eam nec extentissima spatia possint nec obstacula latissima,pedibus sic uiget saltu sic potest ut morari eam nec extentissima spatia possint nec obstacula latissima
12161,body,299,3,True,,Sunt praeterea boues unicornes [et tricornes] solidis ungulis nec bifissis.,sunt praeterea boues unicornes et tricornes solidis ungulis nec bifissis,sunt praeterea boues unicornes et tricornes solidis ungulis nec bifissis
12161,body,300,0,False,,"Sed atrocissimus est monoceros, monstrum mugitu horrido, equino corpore, elephanti pedibus, cauda suilla, capite ceruino.",sed atrocissimus est monoceros monstrum mugitu horrido equino corpore elephanti pedibus cauda suilla capite ceruino,sed atrocissimus est monoceros monstrum mugitu horrido equino corpore elephanti pedibus cauda suilla capite ceruino
12161,body,300,1,False,,"Cornu e media fronte eius protenditur splendore mirifico, ad magnitudinem pedum quattuor, ita acutum ut quicquid impetat, facile ictu eius perforetur.",cornu e media fronte eius protenditur splendore mirifico ad magnitudinem pedum quattuor ita acutum ut quicquid impetat facile ictu eius perforetur,cornu e media fronte eius protenditur splendore mirifico ad magnitudinem pedum quattuor ita acutum ut quicquid impetat facile ictu eius perforetur
12161,body,300,2,True,,"Viuus non uenit in hominum potestatem et interimi quidem potest, capi non potest.",viuus non uenit in hominum potestatem et interimi quidem potest capi non potest,uiuus non uenit in hominum potestatem et interimi quidem potest capi non potest
12161,body,301,0,False,,Aquae etiam gignunt miracula non minora.,aquae etiam gignunt miracula non minora,aquae etiam gignunt miracula non minora
12161,body,301,1,False,,Anguillas ad tricenos pedes longas educat Ganges.,anguillas ad tricenos pedes longas educat ganges,anguillas ad tricenos pedes longas educat ganges
12161,body,301,2,False,,Quem Statius Sebosus inter praecipua miracula ait uermibus abundare caeruleis nomine et colore.,quem statius sebosus inter praecipua miracula ait uermibus abundare caeruleis nomine et colore,quem statius sebosus inter praecipua miracula ait uermibus abundare caeruleis nomine et colore
12161,body,301,3,True,,"Hi bina habent brachia longitudinis cubita non minus sena, adeo robustis uiribus, ut elephantos ad potum uentitantes mordicus conprehensa ipsorum manu rapiant in profundum.",hi bina habent brachia longitudinis cubita non minus sena adeo robustis uiribus ut elephantos ad potum uentitantes mordicus conprehensa ipsorum manu rapiant in profundum,hi bina habent brachia longitudinis cubita non minus sena adeo robustis uiribus ut elephantos ad potum uentitantes mordicus conprehensa ipsorum manu rapiant in profundum
12161,body,302,0,True,,"Indica maria balaenas habent ultra spatia quattuor iugerum, sed et quos physeteras nuncupant. qui enormes supra molem ingentium columnarun ultra antemnas se nauium extollunt haustosque fistulis fluctus ita eructant, ut nimbosa adluuie plerumque deprimant alueos nauigantium.",indica maria balaenas habent ultra spatia quattuor iugerum sed et quos physeteras nuncupant qui enormes supra molem ingentium columnarun ultra antemnas se nauium extollunt haustosque fistulis fluctus ita eructant ut nimbosa adluuie plerumque deprimant alueos nauigantium,indica maria balaenas habent ultra spatia quattuor iugerum sed et quos physeteras nuncupant qui enormes supra molem ingentium columnarun ultra antemnas se nauium extollunt haustosque fistulis fluctus ita eructant ut nimbosa adluuie plerumque deprimant alueos nauigantium
12161,body,303,0,False,,"Sola India mittit auem psittacum colore uiridem torque puniceo, cuius rostri tanta duritia est, ut cum e sublimi praecipitat in saxum, nisu se oris excipiat et quodam quasi fundamento utatur extraordinariae firmitatis; caput uero tam ualens, ut si quando ad discendum plagis sit admonendus (nam studet ut quod homines loquatur), ferrea clauicula sit uerberandus.",sola india mittit auem psittacum colore uiridem torque puniceo cuius rostri tanta duritia est ut cum e sublimi praecipitat in saxum nisu se oris excipiat et quodam quasi fundamento utatur extraordinariae firmitatis caput uero tam ualens ut si quando ad discendum plagis sit admonendus nam studet ut quod homines loquatur ferrea clauicula sit uerberandus,sola india mittit auem psittacum colore uiridem torque puniceo cuius rostri tanta duritia est ut cum e sublimi praecipitat in saxum nisu se oris excipiat et quodam quasi fundamento utatur extraordinariae firmitatis caput uero tam ualens ut si quando ad discendum plagis sit admonendus nam studet ut quod homines loquatur ferrea clauicula sit uerberandus
12161,body,303,1,False,,Dum in pullo est atque adeo intra alterum aetatis suae annum quae monstrata sunt et citius discit et retinet tenacius; paulo senior et obliuiosus est et indocilis.,dum in pullo est atque adeo intra alterum aetatis suae annum quae monstrata sunt et citius discit et retinet tenacius paulo senior et obliuiosus est et indocilis,dum in pullo est atque adeo intra alterum aetatis suae annum quae monstrata sunt et citius discit et retinet tenacius paulo senior et obliuiosus est et indocilis
12161,body,303,2,False,,"Inter nobiles et ignobiles discretionem digitorum facit numerus; qui praestant, quinos in pedes habent digitos, ceteri ternos.",inter nobiles et ignobiles discretionem digitorum facit numerus qui praestant quinos in pedes habent digitos ceteri ternos,inter nobiles et ignobiles discretionem digitorum facit numerus qui praestant quinos in pedes habent digitos ceteri ternos
12161,body,303,3,False,,"Lingua lata multoque latior quam ceteris auibus; unde perficitur, ut articulata uerba penitus eloquatur.",lingua lata multoque latior quam ceteris auibus unde perficitur ut articulata uerba penitus eloquatur,lingua lata multoque latior quam ceteris auibus unde perficitur ut articulata uerba penitus eloquatur
12161,body,303,4,True,,"Quod ingenium ita Romanae deliciae miratae sunt, ut barbari psittacos mercem fecerint.",quod ingenium ita romanae deliciae miratae sunt ut barbari psittacos mercem fecerint,quod ingenium ita romanae deliciae miratae sunt ut barbari psittacos mercem fecerint
12161,body,304,0,False,,"Indorum nemora in tam proceram sublimantur excelsitatem, ut transiaci ne sagittis quidem possint.",indorum nemora in tam proceram sublimantur excelsitatem ut transiaci ne sagittis quidem possint,indorum nemora in tam proceram sublimantur excelsitatem ut transiaci ne sagittis quidem possint
12161,body,304,1,False,,"Pomaria ficus habent, quarum codices in orbem spatio sexaginta passuum extuberantur; ramorum umbrae ambitu bina stadia consumunt; foliorum latitudo formae Amazonicae peltae conparatur; pomum eximiae suauitatis.",pomaria ficus habent quarum codices in orbem spatio sexaginta passuum extuberantur ramorum umbrae ambitu bina stadia consumunt foliorum latitudo formae amazonicae peltae conparatur pomum eximiae suauitatis,pomaria ficus habent quarum codices in orbem spatio sexaginta passuum extuberantur ramorum umbrae ambitu bina stadia consumunt foliorum latitudo formae amazonicae peltae conparatur pomum eximiae suauitatis
12161,body,304,2,False,,"Quae palustria sunt, harundinem creant ita crassam, ut fissis internodiis lembi uice uectitet nauigantes.",quae palustria sunt harundinem creant ita crassam ut fissis internodiis lembi uice uectitet nauigantes,quae palustria sunt harundinem creant ita crassam ut fissis internodiis lembi uice uectitet nauigantes
12161,body,304,3,False,,E radicibus eius umor dulcis exprimitur ad melleam suauitatem.,e radicibus eius umor dulcis exprimitur ad melleam suauitatem,e radicibus eius umor dulcis exprimitur ad melleam suauitatem
12161,body,304,4,False,,"Tylos Indiae insula est; ea fert palmas, oleam creat, uineis abundat.",tylos indiae insula est ea fert palmas oleam creat uineis abundat,tylos indiae insula est ea fert palmas oleam creat uineis abundat
12161,body,304,5,True,,"Terras omnes hoc miraculo sola uincit, quod quaecumque in ea arbos nascitur, numquam caret folio.",terras omnes hoc miraculo sola uincit quod quaecumque in ea arbos nascitur numquam caret folio,terras omnes hoc miraculo sola uincit quod quaecumque in ea arbos nascitur numquam caret folio
12161,body,305,0,False,,"Ibi mons Caucasus, qui maximam orbis partem perpetuis iugis penetrat, fronte qua soli obuersus est arbores piperis ostentat, quas ad iuniperi similitudinem diuerse fructus edere adseuerant.",ibi mons caucasus qui maximam orbis partem perpetuis iugis penetrat fronte qua soli obuersus est arbores piperis ostentat quas ad iuniperi similitudinem diuerse fructus edere adseuerant,ibi mons caucasus qui maximam orbis partem perpetuis iugis penetrat fronte qua soli obuersus est arbores piperis ostentat quas ad iuniperi similitudinem diuerse fructus edere adseuerant
12161,body,305,1,True,,"Qui paene inmaturi exeunt, dicitur piper longum; quod incorruptum est, piper album; quorum cutem rugosam et torridam calor fecerit, nomen trahunt de colore.",qui paene inmaturi exeunt dicitur piper longum quod incorruptum est piper album quorum cutem rugosam et torridam calor fecerit nomen trahunt de colore,qui paene inmaturi exeunt dicitur piper longum quod incorruptum est piper album quorum cutem rugosam et torridam calor fecerit nomen trahunt de colore
12161,body,306,0,False,,Hebenum ex India Mithridatico triumpho Romae primum Magnus Pompeius exhibuit.,hebenum ex india mithridatico triumpho romae primum magnus pompeius exhibuit,hebenum ex india mithridatico triumpho romae primum magnus pompeius exhibuit
12161,body,306,1,True,,Mittit India et calamos odoratos et multa alia fragrantia mirifici spiritus suauitate.,mittit india et calamos odoratos et multa alia fragrantia mirifici spiritus suauitate,mittit india et calamos odoratos et multa alia fragrantia mirifici spiritus suauitate
12161,body,307,0,False,,"Indicorum lapidum in adamantibus dignitas prima, utpote qui lymphationes abigunt, uenenis resistunt, mentium uanos metus pellunt.",indicorum lapidum in adamantibus dignitas prima utpote qui lymphationes abigunt uenenis resistunt mentium uanos metus pellunt,indicorum lapidum in adamantibus dignitas prima utpote qui lymphationes abigunt uenenis resistunt mentium uanos metus pellunt
12161,body,307,1,False,,"Haec primum de his praedicari oportuit, quae respicere ad utilitatem uidebamus; nunc reddemus quae adamantium sint species et quis color cuique.",haec primum de his praedicari oportuit quae respicere ad utilitatem uidebamus nunc reddemus quae adamantium sint species et quis color cuique,haec primum de his praedicari oportuit quae respicere ad utilitatem uidebamus nunc reddemus quae adamantium sint species et quis color cuique
12161,body,307,2,False,,"Eximius in quodam crystalli genere inuenitur, *materiae in qua nascitur adaeque similis splendore liquidissimo, in mucronem sexangulum utrimque secus leuiter turbinatus nec umquam ultra magnitudinem nuclei Abellani repertus.",eximius in quodam crystalli genere inuenitur materiae in qua nascitur adaeque similis splendore liquidissimo in mucronem sexangulum utrimque secus leuiter turbinatus nec umquam ultra magnitudinem nuclei abellani repertus,eximius in quodam crystalli genere inuenitur materiae in qua nascitur adaeque similis splendore liquidissimo in mucronem sexangulum utrimque secus leuiter turbinatus nec umquam ultra magnitudinem nuclei abellani repertus
12161,body,307,3,False,,"Huic proximus in excellentissimo auro deprehenditur, pallidior ac magis ad argenti colorem renitens.",huic proximus in excellentissimo auro deprehenditur pallidior ac magis ad argenti colorem renitens,huic proximus in excellentissimo auro deprehenditur pallidior ac magis ad argenti colorem renitens
12161,body,307,4,False,,"Tertius in uenis cypri apparet, propior ad aeream faciem.",tertius in uenis cypri apparet propior ad aeream faciem,tertius in uenis cypri apparet propior ad aeream faciem
12161,body,307,5,False,,"Quartus in metallis ferrariis legitur, pondere ceteros antecedens, non tamen et potestate.",quartus in metallis ferrariis legitur pondere ceteros antecedens non tamen et potestate,quartus in metallis ferrariis legitur pondere ceteros antecedens non tamen et potestate
12161,body,307,6,False,,"Nam et hic et qui in cypro deprehenduntur frangi queunt, plerique etiam adamante altero perforantur.",nam et hic et qui in cypro deprehenduntur frangi queunt plerique etiam adamante altero perforantur,nam et hic et qui in cypro deprehenduntur frangi queunt plerique etiam adamante altero perforantur
12161,body,307,7,False,,"At illi quos primos significauimus nec ferro uincuntur nec igni domantur; uerum tamen si diu in sanguine hircino macerentur, non aliter quam si calido uel recenti, malleis aliquot ante fractis et incudibus dissipatis aliquando cedunt atque in particulas dissiliunt.",at illi quos primos significauimus nec ferro uincuntur nec igni domantur uerum tamen si diu in sanguine hircino macerentur non aliter quam si calido uel recenti malleis aliquot ante fractis et incudibus dissipatis aliquando cedunt atque in particulas dissiliunt,at illi quos primos significauimus nec ferro uincuntur nec igni domantur uerum tamen si diu in sanguine hircino macerentur non aliter quam si calido uel recenti malleis aliquot ante fractis et incudibus dissipatis aliquando cedunt atque in particulas dissiliunt
12161,body,307,8,False,,Quae fragmenta scalptoribus in usum insigniendae cuiusce modi gemmae expetuntur.,quae fragmenta scalptoribus in usum insigniendae cuiusce modi gemmae expetuntur,quae fragmenta scalptoribus in usum insigniendae cuiusce modi gemmae expetuntur
12161,body,307,9,True,,"Inter adamantem et magnetem est quaedam naturae occulta dissensio, adeo ut iuxta positus non sinat magnetem rapere ferrum uel si admotus magnes ferrum traxerit, quasi praedam quandam adamans magneti rapiat atque auferat.",inter adamantem et magnetem est quaedam naturae occulta dissensio adeo ut iuxta positus non sinat magnetem rapere ferrum uel si admotus magnes ferrum traxerit quasi praedam quandam adamans magneti rapiat atque auferat,inter adamantem et magnetem est quaedam naturae occulta dissensio adeo ut iuxta positus non sinat magnetem rapere ferrum uel si admotus magnes ferrum traxerit quasi praedam quandam adamans magneti rapiat atque auferat
12161,body,308,0,False,,"Lychniten perinde fert India, cuius lucis uigorem flagrantia excitat lucernarum, qua ex causa lychniten Graeci uocauerunt.",lychniten perinde fert india cuius lucis uigorem flagrantia excitat lucernarum qua ex causa lychniten graeci uocauerunt,lychniten perinde fert india cuius lucis uigorem flagrantia excitat lucernarum qua ex causa lychniten graeci uocauerunt
12161,body,308,1,True,,"Duplex ei facies: aut in purpurae emicat claritatem aut meracius suffunditur cocci rubore, per omne intimum sui, si quidem pura sit, inoffensam admittens perspicuitatem; at si excanduit radiis solis incita uel ad calorem digitorum attritu excitata est, aut palearum cassa aut chartarum fila ad se rapit; contumaciter scalpturis resistens ac si quando insignita est, dum signa exprimit, quasi quodam animali morsu partem cerae retentat.",duplex ei facies aut in purpurae emicat claritatem aut meracius suffunditur cocci rubore per omne intimum sui si quidem pura sit inoffensam admittens perspicuitatem at si excanduit radiis solis incita uel ad calorem digitorum attritu excitata est aut palearum cassa aut chartarum fila ad se rapit contumaciter scalpturis resistens ac si quando insignita est dum signa exprimit quasi quodam animali morsu partem cerae retentat,duplex ei facies aut in purpurae emicat claritatem aut meracius suffunditur cocci rubore per omne intimum sui si quidem pura sit inoffensam admittens perspicuitatem at si excanduit radiis solis incita uel ad calorem digitorum attritu excitata est aut palearum cassa aut chartarum fila ad se rapit contumaciter scalpturis resistens ac si quando insignita est dum signa exprimit quasi quodam animali morsu partem cerae retentat
12161,body,309,0,False,,"Beryllos in sexangulas formas Indi atterunt, ut hebetem coloris lenitatem angulorum repercussu excitent ad uigorem.",beryllos in sexangulas formas indi atterunt ut hebetem coloris lenitatem angulorum repercussu excitent ad uigorem,beryllos in sexangulas formas indi atterunt ut hebetem coloris lenitatem angulorum repercussu excitent ad uigorem
12161,body,309,1,False,,Beryllorum genus diuiditur in speciem multifariam: eximii interuirente glauci et caeruli temperamento quandam praeferunt puri maris gratiam.,beryllorum genus diuiditur in speciem multifariam eximii interuirente glauci et caeruli temperamento quandam praeferunt puri maris gratiam,beryllorum genus diuiditur in speciem multifariam eximii interuirente glauci et caeruli temperamento quandam praeferunt puri maris gratiam
12161,body,309,2,False,,"Infra hos sunt chrysoberylli, qui languidius micantes nube aurea circumfunduntur.",infra hos sunt chrysoberylli qui languidius micantes nube aurea circumfunduntur,infra hos sunt chrysoberylli qui languidius micantes nube aurea circumfunduntur
12161,body,309,3,False,,"Chrysoprasos quoque, ex auro et porraceo mixtam lucem trahentes, aeque beryllorum generi adiudicauerunt.",chrysoprasos quoque ex auro et porraceo mixtam lucem trahentes aeque beryllorum generi adiudicauerunt,chrysoprasos quoque ex auro et porraceo mixtam lucem trahentes aeque beryllorum generi adiudicauerunt
12161,body,309,4,False,,"Hyacinthizontas, scilicet qui hyacinthos prope referant, et ipsos probant.",hyacinthizontas scilicet qui hyacinthos prope referant et ipsos probant,hyacinthizontas scilicet qui hyacinthos prope referant et ipsos probant
12161,body,309,5,False,,"Eos uero, qui crystallis similes capillamentis intercurrentibus obscurantur (hoc enim uitio illorum nomen est), scientissimi lapidum plebi dederunt.",eos uero qui crystallis similes capillamentis intercurrentibus obscurantur hoc enim uitio illorum nomen est scientissimi lapidum plebi dederunt,eos uero qui crystallis similes capillamentis intercurrentibus obscurantur hoc enim uitio illorum nomen est scientissimi lapidum plebi dederunt
12161,body,309,6,True,,"Indici reges hoc genus gemmas in longissimos cylindros amant fingere eosque perforatos elephantorum setis suspendunt ac monilia habent, uel plerumque ex utroque capite insertis aureis umbilicis incendunt ad nitellam pinguiorem, ut per industriam metallo hinc inde addito fulgentiorem trahant lucem.",indici reges hoc genus gemmas in longissimos cylindros amant fingere eosque perforatos elephantorum setis suspendunt ac monilia habent uel plerumque ex utroque capite insertis aureis umbilicis incendunt ad nitellam pinguiorem ut per industriam metallo hinc inde addito fulgentiorem trahant lucem,indici reges hoc genus gemmas in longissimos cylindros amant fingere eosque perforatos elephantorum setis suspendunt ac monilia habent uel plerumque ex utroque capite insertis aureis umbilicis incendunt ad nitellam pinguiorem ut per industriam metallo hinc inde addito fulgentiorem trahant lucem
12161,head,310,0,True,,LIII,liii,liii
12161,body,311,0,False,,"Taprobanem insulam, antequam temeritas humana exquisito penitus mari fidem panderet, diu orbem alterum putauerunt et quidem quem habitare *Antichthones crederentur.",taprobanem insulam antequam temeritas humana exquisito penitus mari fidem panderet diu orbem alterum putauerunt et quidem quem habitare antichthones crederentur,taprobanem insulam antequam temeritas humana exquisito penitus mari fidem panderet diu orbem alterum putauerunt et quidem quem habitare antichthones crederentur
12161,body,311,1,False,,"Verum Alexandri Magni uirtus ignorantiam publici erroris non tulit ulterius permanere, sed in haec usque secreta propagauit nominis sui gloriam.",verum alexandri magni uirtus ignorantiam publici erroris non tulit ulterius permanere sed in haec usque secreta propagauit nominis sui gloriam,uerum alexandri magni uirtus ignorantiam publici erroris non tulit ulterius permanere sed in haec usque secreta propagauit nominis sui gloriam
12161,body,311,2,False,,"Missus igitur Onesicritus praefectus classis Macedonicae terram istam, quanta esset, quid gigneret, quomodo haberetur, exquisitam notitiae nostrae dedit.",missus igitur onesicritus praefectus classis macedonicae terram istam quanta esset quid gigneret quomodo haberetur exquisitam notitiae nostrae dedit,missus igitur onesicritus praefectus classis macedonicae terram istam quanta esset quid gigneret quomodo haberetur exquisitam notitiae nostrae dedit
12161,body,311,3,False,,"Patet in longitudinem stadiorum septem milia, in latitudinem quinque milia.",patet in longitudinem stadiorum septem milia in latitudinem quinque milia,patet in longitudinem stadiorum septem milia in latitudinem quinque milia
12161,body,311,4,False,,Scinditur amni interfluo.,scinditur amni interfluo,scinditur amni interfluo
12161,body,311,5,False,,Nam pars eius bestiis et elephantis repleta est maioribus multo quam fert India; partem homines tenent. margaritis scatet et gemmis omnibus.,nam pars eius bestiis et elephantis repleta est maioribus multo quam fert india partem homines tenent margaritis scatet et gemmis omnibus,nam pars eius bestiis et elephantis repleta est maioribus multo quam fert india partem homines tenent margaritis scatet et gemmis omnibus
12161,body,311,6,False,,Sita est inter ortum et occasum.,sita est inter ortum et occasum,sita est inter ortum et occasum
12161,body,311,7,False,,Ab eoo mari incipit praetenta Indiae.,ab eoo mari incipit praetenta indiae,ab eoo mari incipit praetenta indiae
12161,body,311,8,False,,"A Prasia Indorum gente dierum uiginti primo in eam fuit cursus, sed cum papyraceis et Nili nauibus illo pergeretur; mox cursu nostrarum nauium septem dierum iter factum est.",a prasia indorum gente dierum uiginti primo in eam fuit cursus sed cum papyraceis et nili nauibus illo pergeretur mox cursu nostrarum nauium septem dierum iter factum est,a prasia indorum gente dierum uiginti primo in eam fuit cursus sed cum papyraceis et nili nauibus illo pergeretur mox cursu nostrarum nauium septem dierum iter factum est
12161,body,311,9,False,,"Mare uadosum interiacet altitudinis non amplius senum passuum, certis autem canalibus depressum adeo, ut nullae umquam ancorae ad profundi illius fundamenta potuerint peruenire.",mare uadosum interiacet altitudinis non amplius senum passuum certis autem canalibus depressum adeo ut nullae umquam ancorae ad profundi illius fundamenta potuerint peruenire,mare uadosum interiacet altitudinis non amplius senum passuum certis autem canalibus depressum adeo ut nullae umquam ancorae ad profundi illius fundamenta potuerint peruenire
12161,body,311,10,False,,Nulla in nauigando siderum obseruatio: utpote ubi septemtriones nequaquam uidentur uergiliaeque nunquam apparent.,nulla in nauigando siderum obseruatio utpote ubi septemtriones nequaquam uidentur uergiliaeque nunquam apparent,nulla in nauigando siderum obseruatio utpote ubi septemtriones nequaquam uidentur uergiliaeque nunquam apparent
12161,body,311,11,False,,Lunam ab octaua in sextam decimam tantum supra terram uident.,lunam ab octaua in sextam decimam tantum supra terram uident,lunam ab octaua in sextam decimam tantum supra terram uident
12161,body,311,12,False,,Lucet ibi canopos sidus clarum et amplissimum.,lucet ibi canopos sidus clarum et amplissimum,lucet ibi canopos sidus clarum et amplissimum
12161,body,311,13,False,,"Solem orientem dextra habent, occidentem sinistra.",solem orientem dextra habent occidentem sinistra,solem orientem dextra habent occidentem sinistra
12161,body,311,14,False,,"Obseruatione itaque nauigandi nulla suppetente, ut ad destinatum pergentes locum capiant, uehunt alites, quarum meatus terram petentium magistros habent cursus regendi.",obseruatione itaque nauigandi nulla suppetente ut ad destinatum pergentes locum capiant uehunt alites quarum meatus terram petentium magistros habent cursus regendi,obseruatione itaque nauigandi nulla suppetente ut ad destinatum pergentes locum capiant uehunt alites quarum meatus terram petentium magistros habent cursus regendi
12161,body,311,15,True,,Quaternis non amplius mensibus in anno nauigatur.,quaternis non amplius mensibus in anno nauigatur,quaternis non amplius mensibus in anno nauigatur
12161,body,312,0,False,,In Claudii principatum de Taprobane haec tantum noueramus; tunc enim fortuna patefecit scientiae uiam latiorem.,in claudii principatum de taprobane haec tantum noueramus tunc enim fortuna patefecit scientiae uiam latiorem,in claudii principatum de taprobane haec tantum noueramus tunc enim fortuna patefecit scientiae uiam latiorem
12161,body,312,1,False,,"Nam libertus Annii Plocami, qui tunc Rubri maris uectigal administrabat, Arabiam petens, aquilonibus praeter Carmaniam raptus, quinto decimo demum die adpulsus est ad hoc litus portumque aduectus qui Hippuros nominatur.",nam libertus annii plocami qui tunc rubri maris uectigal administrabat arabiam petens aquilonibus praeter carmaniam raptus quinto decimo demum die adpulsus est ad hoc litus portumque aduectus qui hippuros nominatur,nam libertus annii plocami qui tunc rubri maris uectigal administrabat arabiam petens aquilonibus praeter carmaniam raptus quinto decimo demum die adpulsus est ad hoc litus portumque aduectus qui hippuros nominatur
12161,body,312,2,False,,Sex deinde mensibus sermonem perdoctus admissusque ad conloquia regis quae compererat reportauit.,sex deinde mensibus sermonem perdoctus admissusque ad conloquia regis quae compererat reportauit,sex deinde mensibus sermonem perdoctus admissusque ad conloquia regis quae compererat reportauit
12161,body,312,3,True,,"Stupuisse scilicet regem pecuniam quae capta cum ipso erat, quod tametsi signata disparibus foret uultibus, tamen parem haberet modum ponderis; cuius aequalitatis contemplatione cum Romanam amicitiam flagrantius concupiuisset, *Rachia principe legatos ad nos usque misit, a quibus cognita sunt uniuersa.",stupuisse scilicet regem pecuniam quae capta cum ipso erat quod tametsi signata disparibus foret uultibus tamen parem haberet modum ponderis cuius aequalitatis contemplatione cum romanam amicitiam flagrantius concupiuisset rachia principe legatos ad nos usque misit a quibus cognita sunt uniuersa,stupuisse scilicet regem pecuniam quae capta cum ipso erat quod tametsi signata disparibus foret uultibus tamen parem haberet modum ponderis cuius aequalitatis contemplatione cum romanam amicitiam flagrantius concupiuisset rachia principe legatos ad nos usque misit a quibus cognita sunt uniuersa
12161,body,313,0,False,,"Ergo inde homines corporum magnitudine omnes homines antecedunt; crines fuco inbuunt, caeruleis oculis ac truci uisu, terrifico sono uocis.",ergo inde homines corporum magnitudine omnes homines antecedunt crines fuco inbuunt caeruleis oculis ac truci uisu terrifico sono uocis,ergo inde homines corporum magnitudine omnes homines antecedunt crines fuco inbuunt caeruleis oculis ac truci uisu terrifico sono uocis
12161,body,313,1,False,,Quibus inmatura mors est in annos centum aeuum trahunt; aliis omnibus annosa aetas et paene ultra humanam extenta fragilitatem.,quibus inmatura mors est in annos centum aeuum trahunt aliis omnibus annosa aetas et paene ultra humanam extenta fragilitatem,quibus inmatura mors est in annos centum aeuum trahunt aliis omnibus annosa aetas et paene ultra humanam extenta fragilitatem
12161,body,313,2,False,,Nulli aut ante diem aut per diem somnus.,nulli aut ante diem aut per diem somnus,nulli aut ante diem aut per diem somnus
12161,body,313,3,False,,Aedificia modice ab humo eleuata.,aedificia modice ab humo eleuata,aedificia modice ab humo eleuata
12161,body,313,4,False,,Annona eodem semper tenore.,annona eodem semper tenore,annona eodem semper tenore
12161,body,313,5,False,,Vites nesciunt; pomis abundant.,vites nesciunt pomis abundant,uites nesciunt pomis abundant
12161,body,313,6,False,,Colunt Herculem.,colunt herculem,colunt herculem
12161,body,313,7,False,,"In regis electione non nobilitas praeualet, sed suffragium uniuersorum.",in regis electione non nobilitas praeualet sed suffragium uniuersorum,in regis electione non nobilitas praeualet sed suffragium uniuersorum
12161,body,313,8,False,,"Populus enim eligit spectatum moribus et inueterata clementia, etiam annis grauem.",populus enim eligit spectatum moribus et inueterata clementia etiam annis grauem,populus enim eligit spectatum moribus et inueterata clementia etiam annis grauem
12161,body,313,9,False,,"Sed hoc in eo quaeritur, cui liberi nulli sunt; nam qui pater fuerit, etiamsi uita spectetur, non admittitur ad regendum; et si forte dum regnat pignus sustulit, exuitur potestate; idque eo maxime custoditur, ne fiat hereditarium regnum.",sed hoc in eo quaeritur cui liberi nulli sunt nam qui pater fuerit etiamsi uita spectetur non admittitur ad regendum et si forte dum regnat pignus sustulit exuitur potestate idque eo maxime custoditur ne fiat hereditarium regnum,sed hoc in eo quaeritur cui liberi nulli sunt nam qui pater fuerit etiamsi uita spectetur non admittitur ad regendum et si forte dum regnat pignus sustulit exuitur potestate idque eo maxime custoditur ne fiat hereditarium regnum
12161,body,313,10,False,,"Deinde etiamsi rex maximam praeferat aequitatem, nolunt ei totum licere: *triginta ergo rectores accipit, ne in causis capitum solus iudicet; quamquam sic quoque si displicuerit iudicatum, ad populum prouocatur atque ita datis iudicibus septuaginta fertur sententia, cui necessario adquiescitur.",deinde etiamsi rex maximam praeferat aequitatem nolunt ei totum licere triginta ergo rectores accipit ne in causis capitum solus iudicet quamquam sic quoque si displicuerit iudicatum ad populum prouocatur atque ita datis iudicibus septuaginta fertur sententia cui necessario adquiescitur,deinde etiamsi rex maximam praeferat aequitatem nolunt ei totum licere triginta ergo rectores accipit ne in causis capitum solus iudicet quamquam sic quoque si displicuerit iudicatum ad populum prouocatur atque ita datis iudicibus septuaginta fertur sententia cui necessario adquiescitur
12161,body,313,11,False,,"Cultu rex dissimili a ceteris uestitur syrmate, ut est habitus, quo Liberum patrem amiciri uidemus.",cultu rex dissimili a ceteris uestitur syrmate ut est habitus quo liberum patrem amiciri uidemus,cultu rex dissimili a ceteris uestitur syrmate ut est habitus quo liberum patrem amiciri uidemus
12161,body,313,12,False,,"Quod si etiam ipse in peccato aliquo arguitur, morte multatur: non tamen ut cuiusquam attrectetur manu, sed consensu publico rerum omnium interdicta ei facultate; etiam conloquii potestas punito denegatur.",quod si etiam ipse in peccato aliquo arguitur morte multatur non tamen ut cuiusquam attrectetur manu sed consensu publico rerum omnium interdicta ei facultate etiam conloquii potestas punito denegatur,quod si etiam ipse in peccato aliquo arguitur morte multatur non tamen ut cuiusquam attrectetur manu sed consensu publico rerum omnium interdicta ei facultate etiam conloquii potestas punito denegatur
12161,body,313,13,False,,Culturae student uniuersi.,culturae student uniuersi,culturae student uniuersi
12161,body,313,14,False,,"Venatibus indulgent nec plebeias agunt praedas, quippe cum tigrides aut elephanti tantum requirantur.",venatibus indulgent nec plebeias agunt praedas quippe cum tigrides aut elephanti tantum requirantur,uenatibus indulgent nec plebeias agunt praedas quippe cum tigrides aut elephanti tantum requirantur
12161,body,313,15,True,,"Maria quoque piscationibus inquietant marinasque testudines capere gaudent, quarum tanta est magnitudo, ut superficies earum domum faciat et numerosam familiam non arte receptet.",maria quoque piscationibus inquietant marinasque testudines capere gaudent quarum tanta est magnitudo ut superficies earum domum faciat et numerosam familiam non arte receptet,maria quoque piscationibus inquietant marinasque testudines capere gaudent quarum tanta est magnitudo ut superficies earum domum faciat et numerosam familiam non arte receptet
12161,body,314,0,False,,Maior pars insulae huius calore ambusta est et in uastas deficit solitudines.,maior pars insulae huius calore ambusta est et in uastas deficit solitudines,maior pars insulae huius calore ambusta est et in uastas deficit solitudines
12161,body,314,1,False,,"Latus eius mare adluit peruiridi colore fruticosum, ita ut iubae arborum plerumque gubernaculis atterantur.",latus eius mare adluit peruiridi colore fruticosum ita ut iubae arborum plerumque gubernaculis atterantur,latus eius mare adluit peruiridi colore fruticosum ita ut iubae arborum plerumque gubernaculis atterantur
12161,body,314,2,False,,Cernunt latus Sericum de montium suorum iugis.,cernunt latus sericum de montium suorum iugis,cernunt latus sericum de montium suorum iugis
12161,body,314,3,False,,Mirantur aurum et ad gratiam poculorum omnium gemmarum adhibent apparatum.,mirantur aurum et ad gratiam poculorum omnium gemmarum adhibent apparatum,mirantur aurum et ad gratiam poculorum omnium gemmarum adhibent apparatum
12161,body,314,4,False,,Secant marmora testudinea uarietate.,secant marmora testudinea uarietate,secant marmora testudinea uarietate
12161,body,314,5,False,,Margaritas legunt plurimas maximasque.,margaritas legunt plurimas maximasque,margaritas legunt plurimas maximasque
12161,body,314,6,False,,"Conchae sunt, in quibus hoc genus lapidum requiritur, quae certo anni tempore luxuriante conceptu sitiunt rorem uelut maritum, cuius desiderio hiant; et cum maxime liquitur lunaris imber, oscitatione quadam hauriunt umorem cupitum: sic concipiunt grauidaeque fiunt.",conchae sunt in quibus hoc genus lapidum requiritur quae certo anni tempore luxuriante conceptu sitiunt rorem uelut maritum cuius desiderio hiant et cum maxime liquitur lunaris imber oscitatione quadam hauriunt umorem cupitum sic concipiunt grauidaeque fiunt,conchae sunt in quibus hoc genus lapidum requiritur quae certo anni tempore luxuriante conceptu sitiunt rorem uelut maritum cuius desiderio hiant et cum maxime liquitur lunaris imber oscitatione quadam hauriunt umorem cupitum sic concipiunt grauidaeque fiunt
12161,body,314,7,False,,"De saginae qualitate reddunt habitus unionum; nam si purum fuerit quod acceperint, candicant orbiculi, si turbidum, aut pallore languent aut rufo innubilantur.",de saginae qualitate reddunt habitus unionum nam si purum fuerit quod acceperint candicant orbiculi si turbidum aut pallore languent aut rufo innubilantur,de saginae qualitate reddunt habitus unionum nam si purum fuerit quod acceperint candicant orbiculi si turbidum aut pallore languent aut rufo innubilantur
12161,body,314,8,False,,Ita magis de caelo quam de mari partus habent.,ita magis de caelo quam de mari partus habent,ita magis de caelo quam de mari partus habent
12161,body,314,9,False,,"Denique quotiens excipiunt matutini aeris semen, fit clarior margarita, quotiens uespere, fit obscurior quantoque magis hauserit, tanto magis proficit lapidum magnitudo.",denique quotiens excipiunt matutini aeris semen fit clarior margarita quotiens uespere fit obscurior quantoque magis hauserit tanto magis proficit lapidum magnitudo,denique quotiens excipiunt matutini aeris semen fit clarior margarita quotiens uespere fit obscurior quantoque magis hauserit tanto magis proficit lapidum magnitudo
12161,body,314,10,False,,"Si repente micauerit coruscatio, intempestiuo metu conprimuntur clausaeque subita formidine uitia contrahunt abortiua; aut enim perparuuli fiunt scrupuli aut inanes.",si repente micauerit coruscatio intempestiuo metu conprimuntur clausaeque subita formidine uitia contrahunt abortiua aut enim perparuuli fiunt scrupuli aut inanes,si repente micauerit coruscatio intempestiuo metu conprimuntur clausaeque subita formidine uitia contrahunt abortiua aut enim perparuuli fiunt scrupuli aut inanes
12161,body,314,11,False,,"Conchis ipsis inest sensus: partus suos maculari timent cumque flagrantioribus radiis excanduit dies, ne fucentur lapides solis calore, subsidunt in profundum et se gurgitibus ab aestu uindicant.",conchis ipsis inest sensus partus suos maculari timent cumque flagrantioribus radiis excanduit dies ne fucentur lapides solis calore subsidunt in profundum et se gurgitibus ab aestu uindicant,conchis ipsis inest sensus partus suos maculari timent cumque flagrantioribus radiis excanduit dies ne fucentur lapides solis calore subsidunt in profundum et se gurgitibus ab aestu uindicant
12161,body,314,12,False,,Huic tamen prouidentiae aetas opitulatur; nam candor senecta disperit et grandescentibus conchis flauescit margarita.,huic tamen prouidentiae aetas opitulatur nam candor senecta disperit et grandescentibus conchis flauescit margarita,huic tamen prouidentiae aetas opitulatur nam candor senecta disperit et grandescentibus conchis flauescit margarita
12161,body,314,13,False,,"In aqua mollis est unio, duratur exemptus.",in aqua mollis est unio duratur exemptus,in aqua mollis est unio duratur exemptus
12161,body,314,14,False,,Numquam duo simul reperiuntur: inde unionibus nomen datum.,numquam duo simul reperiuntur inde unionibus nomen datum,numquam duo simul reperiuntur inde unionibus nomen datum
12161,body,314,15,False,,Vltra semiunciales inuentos negant.,vltra semiunciales inuentos negant,ultra semiunciales inuentos negant
12161,body,314,16,False,,"Piscantium insidias timent conchae; unde est, ut aut inter scopulos aut inter marinos canes plurimum delitescant.",piscantium insidias timent conchae unde est ut aut inter scopulos aut inter marinos canes plurimum delitescant,piscantium insidias timent conchae unde est ut aut inter scopulos aut inter marinos canes plurimum delitescant
12161,body,314,17,True,,"Gregatim natant; certus examini dux est; illa si capta sit, etiam quae euaserint in plagas reuertuntur.",gregatim natant certus examini dux est illa si capta sit etiam quae euaserint in plagas reuertuntur,gregatim natant certus examini dux est illa si capta sit etiam quae euaserint in plagas reuertuntur
12161,body,315,0,False,,"Dat et India margaritas, dat et litus Brittannicum: sicut diuus Iulius thoracem, quem Veneri Genetrici in templo eius dicauit, ex Brittannicis margaritis factum subiecta inscriptione intellegi uoluit.",dat et india margaritas dat et litus brittannicum sicut diuus iulius thoracem quem veneri genetrici in templo eius dicauit ex brittannicis margaritis factum subiecta inscriptione intellegi uoluit,dat et india margaritas dat et litus brittannicum sicut diuus iulius thoracem quem ueneri genetrici in templo eius dicauit ex brittannicis margaritis factum subiecta inscriptione intellegi uoluit
12161,body,315,1,False,,Lolliam Paulinam Gaii principis coniugem uulgatum est habuisse tunicam ex margaritis sestertio tunc quadringenties aestimatam; cuius parandae auaritie pater ipsius Manilius spoliatis Orientis regionibus offendit C. Caesarem Augusti filium interdictaque amicitia principis ueneno interiit.,lolliam paulinam gaii principis coniugem uulgatum est habuisse tunicam ex margaritis sestertio tunc quadringenties aestimatam cuius parandae auaritie pater ipsius manilius spoliatis orientis regionibus offendit c caesarem augusti filium interdictaque amicitia principis ueneno interiit,lolliam paulinam gaii principis coniugem uulgatum est habuisse tunicam ex margaritis sestertio tunc quadringenties aestimatam cuius parandae auaritie pater ipsius manilius spoliatis orientis regionibus offendit c caesarem augusti filium interdictaque amicitia principis ueneno interiit
12161,body,315,2,True,,"Illud quoque expressit uetus diligentia, quod Sullanis primum temporibus Romam inlati sunt uniones.",illud quoque expressit uetus diligentia quod sullanis primum temporibus romam inlati sunt uniones,illud quoque expressit uetus diligentia quod sullanis primum temporibus romam inlati sunt uniones
12161,head,316,0,True,,LIV,liv,liu
12161,body,317,0,False,,"Ab insula eus ea, ut consequens, ad continentem; igitur a Taprobane Indiam reuertamur.",ab insula eus ea ut consequens ad continentem igitur a taprobane indiam reuertamur,ab insula eus ea ut consequens ad continentem igitur a taprobane indiam reuertamur
12161,body,317,1,True,,"Sed si Indicis urbibus aut nationibus resistamus, egrediemur repromissae concinnitatis modum.",sed si indicis urbibus aut nationibus resistamus egrediemur repromissae concinnitatis modum,sed si indicis urbibus aut nationibus resistamus egrediemur repromissae concinnitatis modum
12161,body,318,0,False,,"Proximam Indo flumini urbem habuere Caphisam, quam Cyrus diruit.",proximam indo flumini urbem habuere caphisam quam cyrus diruit,proximam indo flumini urbem habuere caphisam quam cyrus diruit
12161,body,318,1,False,,Arachosiam Erymantho amni inpositam Samiramis condidit.,arachosiam erymantho amni inpositam samiramis condidit,arachosiam erymantho amni inpositam samiramis condidit
12161,body,318,2,False,,*Cadrusium oppidum ab Alexandro Magno ad Caucasum constitutum est.,cadrusium oppidum ab alexandro magno ad caucasum constitutum est,cadrusium oppidum ab alexandro magno ad caucasum constitutum est
12161,body,318,3,False,,"Ibi et Alexandria, quae patet amplitudinis stadia triginta.",ibi et alexandria quae patet amplitudinis stadia triginta,ibi et alexandria quae patet amplitudinis stadia triginta
12161,body,318,4,False,,"Multa et alia sunt, sed haec cum eminentissimis.",multa et alia sunt sed haec cum eminentissimis,multa et alia sunt sed haec cum eminentissimis
12161,body,318,5,True,,"Post Indos montanas regiones Ichthyophagi tenent, quos subactos Alexander Magnus uesci piscibus uetuit; nam antea sic alebantur.",post indos montanas regiones ichthyophagi tenent quos subactos alexander magnus uesci piscibus uetuit nam antea sic alebantur,post indos montanas regiones ichthyophagi tenent quos subactos alexander magnus uesci piscibus uetuit nam antea sic alebantur
12161,body,319,0,False,,"Vltra hos deserta Carmaniae, Persis deinde atque ita nauigatio; in qua Solis insula rubens et omni animantium generi inaccessa, quippe quae nullum non animal inlatum perimat.",vltra hos deserta carmaniae persis deinde atque ita nauigatio in qua solis insula rubens et omni animantium generi inaccessa quippe quae nullum non animal inlatum perimat,ultra hos deserta carmaniae persis deinde atque ita nauigatio in qua solis insula rubens et omni animantium generi inaccessa quippe quae nullum non animal inlatum perimat
12161,body,319,1,False,,Ex India reuertentes ab Hyani Carmaniae flumine septemtriones primum uident.,ex india reuertentes ab hyani carmaniae flumine septemtriones primum uident,ex india reuertentes ab hyani carmaniae flumine septemtriones primum uident
12161,body,319,2,False,,Achaemenidis in hoc tractu sedes fuerunt.,achaemenidis in hoc tractu sedes fuerunt,achaemenidis in hoc tractu sedes fuerunt
12161,body,319,3,True,,"Inter Carmaniae promunturium et Arabiam quinquaginta milia passuum interiacent; deinde tres insulae, circa quas hydri marini egrediuntur uicenum cubitum longitudinem.",inter carmaniae promunturium et arabiam quinquaginta milia passuum interiacent deinde tres insulae circa quas hydri marini egrediuntur uicenum cubitum longitudinem,inter carmaniae promunturium et arabiam quinquaginta milia passuum interiacent deinde tres insulae circa quas hydri marini egrediuntur uicenum cubitum longitudinem
12161,body,320,0,False,,"Dicendum hoc loco, quatenus ab Alexandria Aegypti pergatur in usque Indiam.",dicendum hoc loco quatenus ab alexandria aegypti pergatur in usque indiam,dicendum hoc loco quatenus ab alexandria aegypti pergatur in usque indiam
12161,body,320,1,False,,Nilo uehente Copton usque etesiis flantibus cursus est.,nilo uehente copton usque etesiis flantibus cursus est,nilo uehente copton usque etesiis flantibus cursus est
12161,body,320,2,False,,Deinde terrestre iter Hydreum tenus.,deinde terrestre iter hydreum tenus,deinde terrestre iter hydreum tenus
12161,body,320,3,False,,"Post transactis aliquot mansionibus Berenicen peruenitur, ubi Rubri maris portus est.",post transactis aliquot mansionibus berenicen peruenitur ubi rubri maris portus est,post transactis aliquot mansionibus berenicen peruenitur ubi rubri maris portus est
12161,body,320,4,False,,Inde Oceli Arabiae portus tangitur.,inde oceli arabiae portus tangitur,inde oceli arabiae portus tangitur
12161,body,320,5,False,,Proximum Indiae emporium excipit Zmirim infame piraticis latronibus.,proximum indiae emporium excipit zmirim infame piraticis latronibus,proximum indiae emporium excipit zmirim infame piraticis latronibus
12161,body,320,6,False,,"Deinde per diuersos portus Cottonare peruenitur, ad quam monoxylis lyntribus piper conuehunt.",deinde per diuersos portus cottonare peruenitur ad quam monoxylis lyntribus piper conuehunt,deinde per diuersos portus cottonare peruenitur ad quam monoxylis lyntribus piper conuehunt
12161,body,320,7,False,,"Petentes Indiam ante exortum canis aut protinus post exortum nauigia media aestate *soluunt, reuertentes renauigant Decembri mense.",petentes indiam ante exortum canis aut protinus post exortum nauigia media aestate soluunt reuertentes renauigant decembri mense,petentes indiam ante exortum canis aut protinus post exortum nauigia media aestate soluunt reuertentes renauigant decembri mense
12161,body,320,8,False,,"Secundus ex India uentus est uulturnus; at cum uentum est in Rubrum mare, aut africus aut auster uehunt.",secundus ex india uentus est uulturnus at cum uentum est in rubrum mare aut africus aut auster uehunt,secundus ex india uentus est uulturnus at cum uentum est in rubrum mare aut africus aut auster uehunt
12161,body,320,9,False,,"Spatium Indiae decies septies quinquaginta milia passuum proditur; at Carmaniae centum milia, cuius pars non caret uitibus.",spatium indiae decies septies quinquaginta milia passuum proditur at carmaniae centum milia cuius pars non caret uitibus,spatium indiae decies septies quinquaginta milia passuum proditur at carmaniae centum milia cuius pars non caret uitibus
12161,body,320,10,True,,"Praeterea habet genus hominum, qui non alia quam testudinis carne uiuunt, hirsuti omnia facie tenus, quae sola laeuis est; iidem coriis piscium uestiuntur, Chelonophagi cognominati.",praeterea habet genus hominum qui non alia quam testudinis carne uiuunt hirsuti omnia facie tenus quae sola laeuis est iidem coriis piscium uestiuntur chelonophagi cognominati,praeterea habet genus hominum qui non alia quam testudinis carne uiuunt hirsuti omnia facie tenus quae sola laeuis est iidem coriis piscium uestiuntur chelonophagi cognominati
12161,body,321,0,False,,Inrumpit haec litora Rubrum mare idque in duos sinus scinditur.,inrumpit haec litora rubrum mare idque in duos sinus scinditur,inrumpit haec litora rubrum mare idque in duos sinus scinditur
12161,body,321,1,True,,"Quorum qui ab oriente est Persicus appellatur, quoniam quidem oram illam habitauere Persidis populi, uicies et sexagies centena milia circuitu patens; ex aduerso, unde Arabia est, alter Arabicus uocatur; Oceanum uero qui ibi influit Azanium nominauerunt.",quorum qui ab oriente est persicus appellatur quoniam quidem oram illam habitauere persidis populi uicies et sexagies centena milia circuitu patens ex aduerso unde arabia est alter arabicus uocatur oceanum uero qui ibi influit azanium nominauerunt,quorum qui ab oriente est persicus appellatur quoniam quidem oram illam habitauere persidis populi uicies et sexagies centena milia circuitu patens ex aduerso unde arabia est alter arabicus uocatur oceanum uero qui ibi influit azanium nominauerunt
12161,body,322,0,False,,"Carmaniae Persis adnectitur, quae incipit ab insula Aphrodisia uariarum opum diues, translata in Parthicum nomen, litore quo occasui obiacet porrecta milia passuum quinquaginta.",carmaniae persis adnectitur quae incipit ab insula aphrodisia uariarum opum diues translata in parthicum nomen litore quo occasui obiacet porrecta milia passuum quinquaginta,carmaniae persis adnectitur quae incipit ab insula aphrodisia uariarum opum diues translata in parthicum nomen litore quo occasui obiacet porrecta milia passuum quinquaginta
12161,body,322,1,False,,"Oppidum eius nobilissimum Susa, in quo templum Susiae Dianae. a Susis [Carbyle siue] Babitae oppidum centum triginta quinque milibus passuum distat, in quo mortales uniuersi odio auri coemunt hoc genus metallum et abiciunt in terrarum profunda, ne polluti usu eius auaritia corrumpant aequitatem.",oppidum eius nobilissimum susa in quo templum susiae dianae a susis carbyle siue babitae oppidum centum triginta quinque milibus passuum distat in quo mortales uniuersi odio auri coemunt hoc genus metallum et abiciunt in terrarum profunda ne polluti usu eius auaritia corrumpant aequitatem,oppidum eius nobilissimum susa in quo templum susiae dianae a susis carbyle siue babitae oppidum centum triginta quinque milibus passuum distat in quo mortales uniuersi odio auri coemunt hoc genus metallum et abiciunt in terrarum profunda ne polluti usu eius auaritia corrumpant aequitatem
12161,body,322,2,True,,"Hic inconstantissimus terrarum modus: nec inmerito, cum aliae circa Persidem nationes schoinis, aliae parasangis terras metiantur et incertam fidem faciat mensurae ratio discors.",hic inconstantissimus terrarum modus nec inmerito cum aliae circa persidem nationes schoinis aliae parasangis terras metiantur et incertam fidem faciat mensurae ratio discors,hic inconstantissimus terrarum modus nec inmerito cum aliae circa persidem nationes schoinis aliae parasangis terras metiantur et incertam fidem faciat mensurae ratio discors
12161,head,323,0,True,,LV,lv,lu
12161,body,324,0,False,,"Parthia quanta omnis est a meridie Rubrum mare, a septemtrione Hyrcanum salum claudit.",parthia quanta omnis est a meridie rubrum mare a septemtrione hyrcanum salum claudit,parthia quanta omnis est a meridie rubrum mare a septemtrione hyrcanum salum claudit
12161,body,324,1,False,,Regna in ea duodeuiginti dissecantur in duas partes.,regna in ea duodeuiginti dissecantur in duas partes,regna in ea duodeuiginti dissecantur in duas partes
12161,body,324,2,False,,"Vndecim quae dicuntur superiora incipiunt ab Armenico limite et Caspio litore, porrecta ad terras Scytharum, quibuscum concorditer degunt; reliqua septem inferiora, sic enim uocitant, habent ab ortu *Arios, Carmaniam Arianosque a medio die, Medos ab occidui solis plaga, a septemtrione Hyrcanos.",vndecim quae dicuntur superiora incipiunt ab armenico limite et caspio litore porrecta ad terras scytharum quibuscum concorditer degunt reliqua septem inferiora sic enim uocitant habent ab ortu arios carmaniam arianosque a medio die medos ab occidui solis plaga a septemtrione hyrcanos,undecim quae dicuntur superiora incipiunt ab armenico limite et caspio litore porrecta ad terras scytharum quibuscum concorditer degunt reliqua septem inferiora sic enim uocitant habent ab ortu arios carmaniam arianosque a medio die medos ab occidui solis plaga a septemtrione hyrcanos
12161,body,324,3,False,,Ipsa autem Media ab occasu transuersa utraque Parthiae regna amplectitur; septemtrione Armenia circumdatur; ab ortu Caspios uidet; a meridie Persidem.,ipsa autem media ab occasu transuersa utraque parthiae regna amplectitur septemtrione armenia circumdatur ab ortu caspios uidet a meridie persidem,ipsa autem media ab occasu transuersa utraque parthiae regna amplectitur septemtrione armenia circumdatur ab ortu caspios uidet a meridie persidem
12161,body,324,4,True,,"Deinde tractus hic procedit usque ad castellum quod Magi obtinent, Fidasarcida nomine; hic Cyri sepulcrum.",deinde tractus hic procedit usque ad castellum quod magi obtinent fidasarcida nomine hic cyri sepulcrum,deinde tractus hic procedit usque ad castellum quod magi obtinent fidasarcida nomine hic cyri sepulcrum
12161,head,325,0,True,,LVI,lvi,lui
12161,body,326,0,False,,"Chaldaeae gentis caput Babylonia est, tam nobilis, ut propter eam et Assyrii et Mesopotamia in Babyloniae nomen transierint.",chaldaeae gentis caput babylonia est tam nobilis ut propter eam et assyrii et mesopotamia in babyloniae nomen transierint,chaldaeae gentis caput babylonia est tam nobilis ut propter eam et assyrii et mesopotamia in babyloniae nomen transierint
12161,body,326,1,False,,"Vrbs est sexaginta milia passuum circuitu patens, muris circumdata, quorum altitudo ducentos pedes detinet, latitudo quinquaginta, ternis in singulos pedes digitis ultra quam mensura nostra est altioribus.",vrbs est sexaginta milia passuum circuitu patens muris circumdata quorum altitudo ducentos pedes detinet latitudo quinquaginta ternis in singulos pedes digitis ultra quam mensura nostra est altioribus,urbs est sexaginta milia passuum circuitu patens muris circumdata quorum altitudo ducentos pedes detinet latitudo quinquaginta ternis in singulos pedes digitis ultra quam mensura nostra est altioribus
12161,body,326,2,False,,Interluitur Euphrate.,interluitur euphrate,interluitur euphrate
12161,body,326,3,False,,"Beli ibi Iouis templum, quem inuentorem caelestis disciplinae tradidit etiam ipsa religio, quae deum credit.",beli ibi iouis templum quem inuentorem caelestis disciplinae tradidit etiam ipsa religio quae deum credit,beli ibi iouis templum quem inuentorem caelestis disciplinae tradidit etiam ipsa religio quae deum credit
12161,body,326,4,True,,In aemulationem urbis huius Ctesiphontem Parthi condiderunt.,in aemulationem urbis huius ctesiphontem parthi condiderunt,in aemulationem urbis huius ctesiphontem parthi condiderunt
12161,body,327,0,False,,"Tempus est ad Oceani oras reuerti, represso in Aethiopiam stilo; namque ut Atlanticos aestus occipere ab occidente et Hispania dudum dixeramus, ab bis quoque partibus mundi unde primum Atlantici nomen induat, exprimi par est.",tempus est ad oceani oras reuerti represso in aethiopiam stilo namque ut atlanticos aestus occipere ab occidente et hispania dudum dixeramus ab bis quoque partibus mundi unde primum atlantici nomen induat exprimi par est,tempus est ad oceani oras reuerti represso in aethiopiam stilo namque ut atlanticos aestus occipere ab occidente et hispania dudum dixeramus ab bis quoque partibus mundi unde primum atlantici nomen induat exprimi par est
12161,body,327,1,True,,"Pelagus Azanium usque Aethiopum litora promouetur, Aethiopicum ad Massylicum promunturium, unde rursus oceanus Atlanticus.",pelagus azanium usque aethiopum litora promouetur aethiopicum ad massylicum promunturium unde rursus oceanus atlanticus,pelagus azanium usque aethiopum litora promouetur aethiopicum ad massylicum promunturium unde rursus oceanus atlanticus
12161,body,328,0,False,,"Iuba igitur uniuersae partis, quam plurimi propter solis ardorem peruiam negauerunt, facta etiam uel gentium uel insularum commemoratione ad confirmandae fidei argumentum, omne illud mare ab India usque Gades uoluit intellegi nauigabile, cori tamen flatibus, cuius spiritus praeter Arabiam, Aegyptum, Mauretaniam euehere quamuis queant classem, dummodo ab eo promunturio Indiae cursus dirigatur, quod alii Lepten acran, alii Drepanum nominauerunt.",iuba igitur uniuersae partis quam plurimi propter solis ardorem peruiam negauerunt facta etiam uel gentium uel insularum commemoratione ad confirmandae fidei argumentum omne illud mare ab india usque gades uoluit intellegi nauigabile cori tamen flatibus cuius spiritus praeter arabiam aegyptum mauretaniam euehere quamuis queant classem dummodo ab eo promunturio indiae cursus dirigatur quod alii lepten acran alii drepanum nominauerunt,iuba igitur uniuersae partis quam plurimi propter solis ardorem peruiam negauerunt facta etiam uel gentium uel insularum commemoratione ad confirmandae fidei argumentum omne illud mare ab india usque gades uoluit intellegi nauigabile cori tamen flatibus cuius spiritus praeter arabiam aegyptum mauretaniam euehere quamuis queant classem dummodo ab eo promunturio indiae cursus dirigatur quod alii lepten acran alii drepanum nominauerunt
12161,body,328,1,False,,"Addidit etiam stationum loca et spatiorum modum: nam ab Indica prominentia ad Malichu insulam adfirmat esse quindecies centena milia passuum, a Malichu ad Scaeneon ducenta uiginti quinque milia, inde ad insulam Adanum centum quinquaginta milia; sic confici ad apertum mare decies octies centena et septuaginta quinque milia.",addidit etiam stationum loca et spatiorum modum nam ab indica prominentia ad malichu insulam adfirmat esse quindecies centena milia passuum a malichu ad scaeneon ducenta uiginti quinque milia inde ad insulam adanum centum quinquaginta milia sic confici ad apertum mare decies octies centena et septuaginta quinque milia,addidit etiam stationum loca et spatiorum modum nam ab indica prominentia ad malichu insulam adfirmat esse quindecies centena milia passuum a malichu ad scaeneon ducenta uiginti quinque milia inde ad insulam adanum centum quinquaginta milia sic confici ad apertum mare decies octies centena et septuaginta quinque milia
12161,body,328,2,False,,"Idem opinioni plurimorum, qui solis flagrantia maxima partis istius ferunt humano generi inaccessa, sic reluctatur, ut mercantium ibi transitus infestari ex Arabicis insulis *dicat, quas Ascitae habent Arabes.",idem opinioni plurimorum qui solis flagrantia maxima partis istius ferunt humano generi inaccessa sic reluctatur ut mercantium ibi transitus infestari ex arabicis insulis dicat quas ascitae habent arabes,idem opinioni plurimorum qui solis flagrantia maxima partis istius ferunt humano generi inaccessa sic reluctatur ut mercantium ibi transitus infestari ex arabicis insulis dicat quas ascitae habent arabes
12161,body,328,3,False,,Quibus e re nata datum nomen; nam bubulis utribus contabulatas crates superponunt uectitatique hoc ratis genere praetereuntes infestant sagittis uenenatis.,quibus e re nata datum nomen nam bubulis utribus contabulatas crates superponunt uectitatique hoc ratis genere praetereuntes infestant sagittis uenenatis,quibus e re nata datum nomen nam bubulis utribus contabulatas crates superponunt uectitatique hoc ratis genere praetereuntes infestant sagittis uenenatis
12161,body,328,4,True,,"Habitari etiam *addit Aethiopiae adusta Trogodytarum et Ichthyophagorum nationibus; quorum Trogodytae tanta pernicitate pollent, ut feras quas agitant cursu pedum adsequantur, Ichthyophagi non secus quam marinae beluae nando in mari ualent.",habitari etiam addit aethiopiae adusta trogodytarum et ichthyophagorum nationibus quorum trogodytae tanta pernicitate pollent ut feras quas agitant cursu pedum adsequantur ichthyophagi non secus quam marinae beluae nando in mari ualent,habitari etiam addit aethiopiae adusta trogodytarum et ichthyophagorum nationibus quorum trogodytae tanta pernicitate pollent ut feras quas agitant cursu pedum adsequantur ichthyophagi non secus quam marinae beluae nando in mari ualent
12161,body,329,0,False,,"Ita exquisito Atlantico mari usque in occasum, etiam Gorgadum meminit insularum.",ita exquisito atlantico mari usque in occasum etiam gorgadum meminit insularum,ita exquisito atlantico mari usque in occasum etiam gorgadum meminit insularum
12161,body,329,1,False,,"Gorgades insulae, ut accepimus, obuersae sunt promunturio quod uocamus Hesperu ceras.",gorgades insulae ut accepimus obuersae sunt promunturio quod uocamus hesperu ceras,gorgades insulae ut accepimus obuersae sunt promunturio quod uocamus hesperu ceras
12161,body,329,2,False,,Has incoluerunt Gorgones monstra et sane usque adhuc monstruosa gens habitat.,has incoluerunt gorgones monstra et sane usque adhuc monstruosa gens habitat,has incoluerunt gorgones monstra et sane usque adhuc monstruosa gens habitat
12161,body,329,3,False,,Distant a continente bidui nauigatione.,distant a continente bidui nauigatione,distant a continente bidui nauigatione
12161,body,329,4,True,,"Prodidit denique Xenophon Lampsacenus Hannonem Poenorum imperatorem in eas permeauisse repertasque ibi feminas aliti pernicitate atque ex omnibus quae apparuerunt duas captas tam hirto atque aspero corpore, ut ad argumentum spectandae rei duarum cutes miraculi gratia inter donaria Iunonis suspenderit, quae durauere usque ad tempora excidii Carthaginensis.",prodidit denique xenophon lampsacenus hannonem poenorum imperatorem in eas permeauisse repertasque ibi feminas aliti pernicitate atque ex omnibus quae apparuerunt duas captas tam hirto atque aspero corpore ut ad argumentum spectandae rei duarum cutes miraculi gratia inter donaria iunonis suspenderit quae durauere usque ad tempora excidii carthaginensis,prodidit denique xenophon lampsacenus hannonem poenorum imperatorem in eas permeauisse repertasque ibi feminas aliti pernicitate atque ex omnibus quae apparuerunt duas captas tam hirto atque aspero corpore ut ad argumentum spectandae rei duarum cutes miraculi gratia inter donaria iunonis suspenderit quae durauere usque ad tempora excidii carthaginensis
12161,body,330,0,False,,"Vltra Gorgadas Hesperidum insulae, sicut Sebosus adfirmat, dierum quadraginta nauigatione in intimos maris sinus recesserunt.",vltra gorgadas hesperidum insulae sicut sebosus adfirmat dierum quadraginta nauigatione in intimos maris sinus recesserunt,ultra gorgadas hesperidum insulae sicut sebosus adfirmat dierum quadraginta nauigatione in intimos maris sinus recesserunt
12161,body,330,1,False,,"Fortunatas insulas certe contra laeuam Mauretaniae accepimus iacere, quas Iuba sub meridie quidem sitas, sed proximas occasui dicit.",fortunatas insulas certe contra laeuam mauretaniae accepimus iacere quas iuba sub meridie quidem sitas sed proximas occasui dicit,fortunatas insulas certe contra laeuam mauretaniae accepimus iacere quas iuba sub meridie quidem sitas sed proximas occasui dicit
12161,body,330,2,False,,"De harum nominibus expectari magnum miror, sed infra famam uocabuli res est.",de harum nominibus expectari magnum miror sed infra famam uocabuli res est,de harum nominibus expectari magnum miror sed infra famam uocabuli res est
12161,body,330,3,False,,"In prima earum, cui nomen est Embrion, aedificia nec sunt nec fuerunt.",in prima earum cui nomen est embrion aedificia nec sunt nec fuerunt,in prima earum cui nomen est embrion aedificia nec sunt nec fuerunt
12161,body,330,4,False,,Iuga montium stagnis madescunt.,iuga montium stagnis madescunt,iuga montium stagnis madescunt
12161,body,330,5,False,,"Ferulae surgunt ad arboris magnitudinem; earum quae nigrae sunt, expressae liquorem reddunt amarissimum, quae candidae, aquas reuomunt etiam potui accommodatas.",ferulae surgunt ad arboris magnitudinem earum quae nigrae sunt expressae liquorem reddunt amarissimum quae candidae aquas reuomunt etiam potui accommodatas,ferulae surgunt ad arboris magnitudinem earum quae nigrae sunt expressae liquorem reddunt amarissimum quae candidae aquas reuomunt etiam potui accommodatas
12161,body,330,6,False,,"Alteram insulam Iunoniam appellari ferunt, in qua pauxilla aedes ignobiliter ad culmen fastigata.",alteram insulam iunoniam appellari ferunt in qua pauxilla aedes ignobiliter ad culmen fastigata,alteram insulam iunoniam appellari ferunt in qua pauxilla aedes ignobiliter ad culmen fastigata
12161,body,330,7,False,,"Tertia huic proximat eodem nomine, nuda omnia.",tertia huic proximat eodem nomine nuda omnia,tertia huic proximat eodem nomine nuda omnia
12161,body,330,8,False,,"Quarto loco Capraria appellatur, enormibus lacertis plus quam referta.",quarto loco capraria appellatur enormibus lacertis plus quam referta,quarto loco capraria appellatur enormibus lacertis plus quam referta
12161,body,330,9,False,,Sequitur Niuaria aere nebuloso et coacto ac propterea semper niualis.,sequitur niuaria aere nebuloso et coacto ac propterea semper niualis,sequitur niuaria aere nebuloso et coacto ac propterea semper niualis
12161,body,330,10,False,,"Deinde Canaria repleta canibus forma eminentissimis, unde etiam duo exhibiti sunt Iubae regi.",deinde canaria repleta canibus forma eminentissimis unde etiam duo exhibiti sunt iubae regi,deinde canaria repleta canibus forma eminentissimis unde etiam duo exhibiti sunt iubae regi
12161,body,330,11,False,,In ea aedificiorum durant uestigia.,in ea aedificiorum durant uestigia,in ea aedificiorum durant uestigia
12161,body,330,12,False,,"Auium magna copia, nemora pomifera, palmeta caryotas feritantia, multa nux pinea, larga mellatio, amnes siluris piscibus abundantes.",auium magna copia nemora pomifera palmeta caryotas feritantia multa nux pinea larga mellatio amnes siluris piscibus abundantes,auium magna copia nemora pomifera palmeta caryotas feritantia multa nux pinea larga mellatio amnes siluris piscibus abundantes
12161,body,330,13,True,,"Perhibent etiam expui in eam undoso mari beluas; deinde cum monstra illa putredine tabefacta sunt, omnia illic infici taetro odore; ideoque non penitus ad nuncupationem sui congruere insularum qualitatem.",perhibent etiam expui in eam undoso mari beluas deinde cum monstra illa putredine tabefacta sunt omnia illic infici taetro odore ideoque non penitus ad nuncupationem sui congruere insularum qualitatem,perhibent etiam expui in eam undoso mari beluas deinde cum monstra illa putredine tabefacta sunt omnia illic infici taetro odore ideoque non penitus ad nuncupationem sui congruere insularum qualitatem
